Das File: /work/eauten2s/ec_criteria_struct/transform_chia/chia_label/prompts/model_description.txt wurde erfolgreich geladen.
Hier fängt die Pipeline an
Pipeline fertig
File: NCT00050349_exc 

Das File: /work/eauten2s/ec_criteria_struct/transform_chia/input/half_clinical_trials/NCT00050349_exc.txt wurde erfolgreich geladen.

 Llama-3-8B-Instruct Output: 
  "{\n  \"AND\": {\n    \"left\": {\n      \"OR\": {\n        \"left\": {\n          \"raw_text\": \"Patients with symptomatic CNS metastases\"\n        },\n        \"right\": {\n          \"raw_text\": \"or leptomeningeal involvement\"\n        }\n      }\n    },\n    \"right\": {\n      \"AND\": {\n        \"left\": {\n          \"AND\": {\n            \"left\": {\n              \"AND\": {\n                \"left\": {\n                  \"raw_text\": \"Patients with known brain metastases\"\n                },\n                \"right\": {\n                  \"NOT\": {\n                    \"left\": {\n                      \"OR\": {\n                        \"left\": {\n                          \"raw_text\": \"unless these metastases have been treated\"\n                        },\n                        \"right\": {\n                          \"AND\": {\n                            \"left\": {\n                              \"raw_text\": \"and/or have been stable for at least six months prior to study start. Subjects with a history of\"\n                            },\n                            \"right\": {\n                              \"AND\": {\n                                \"left\": {\n                                  \"raw_text\": \"brain metastases\"\n                                },\n                                \"right\": {\n                                  \"raw_text\": \"must have a head CT with contrast to document either response or progression.\"\n                                }\n                              }\n                            }\n                          }\n                        }\n                      }\n                    }\n                  }\n                }\n              }\n            },\n            \"right\": {\n              \"AND\": {\n                \"left\": {\n                  \"raw_text\": \"Patients with bone metastases as the only site(s) of measurable disease\"\n                },\n                \"right\": {\n                  \"OR\": {\n                    \"left\": {\n                      \"raw_text\": \"Patients with hepatic artery chemoembolization within the last 6 months\"\n                    },\n                    \"right\": {\n                      \"AND\": {\n                        \"left\": {\n                          \"raw_text\": \"(one month if there are other sites of measurable disease)\"\n                        }\n                      }\n                    }\n                  }\n                }\n              }\n            }\n          }\n        },\n        \"right\": {\n          \"AND\": {\n            \"left\": {\n              \"OR\": {\n                \"left\": {\n                  \"raw_text\": \"Patients who have been previously treated with radioactive directed therapies\"\n                },\n                \"right\": {\n                  \"raw_text\": \"or epothilone\"\n                }\n              }\n            },\n            \"right\": {\n              \"AND\": {\n                \"left\": {\n                  \"OR\": {\n                    \"left\": {\n                      \"raw_text\": \"Patients with any peripheral neuropathy\"\n                    },\n                    \"right\": {\n                      \"AND\": {\n                        \"left\": {\n                          \"raw_text\": \"or unresolved diarrhea greater than Grade 1\"\n                        }\n                      }\n                    }\n                  }\n                },\n                \"right\": {\n                  \"AND\": {\n                    \"left\": {\n                      \"raw_text\": \"Patients with severe cardiac insufficiency\"\n                    },\n                    \"right\": {\n                      \"OR\": {\n                        \"left\": {\n                          \"raw_text\": \"patients taking Coumadin\"\n                        },\n                        \"right\": {\n                          \"AND\": {\n                            \"left\": {\n                              \"raw_text\": \"or other warfarin-containing agents\"\n                            },\n                            \"right\": {\n                              \"NOT\": {\n                                \"left\": {\n                                  \"OR\": {\n                                    \"left\": {\n                                      \"raw_text\": \"with the exception of low dose warfarin (1 mg or less)\"\n                                    },\n                                    \"right\": {\n                                      \"AND\": {\n                                        \"left\": {\n                                          \"raw_text\": \"for the maintenance of in-dwelling lines or ports\"\n                                        }\n                                      }\n                                    }\n                                  }\n                                }\n                              }\n                            }\n                          }\n                        }\n                      }\n                    }\n                  }\n                }\n              }\n            }\n          }\n        }\n      }\n    }\n  }\n}" 

Die Daten wurden erfolgreich in '/work/eauten2s/ec_criteria_struct/transform_chia/model_output/Llama-3-8B-Instruct_3_shot/Llama-3-8B-Instruct_NCT00050349_exc_3_shot.json' gespeichert.
File: NCT00050349_inc 

Das File: /work/eauten2s/ec_criteria_struct/transform_chia/input/half_clinical_trials/NCT00050349_inc.txt wurde erfolgreich geladen.

 Llama-3-8B-Instruct Output: 
  "{\n  \"AND\": {\n    \"left\": {\n      \"OR\": {\n        \"left\": {\n          \"raw_text\": \"Patients with biopsy-proven metastatic carcinoid tumors\"\n        },\n        \"right\": {\n          \"OR\": {\n            \"left\": {\n              \"raw_text\": \"or other neuroendocrine tumors (Islet cell, Gastrinomas and VIPomas)\"\n            },\n            \"right\": {\n              \"AND\": {\n                \"left\": {\n                  \"raw_text\": \"with at least one measurable lesion (other than bone)\"\n                },\n                \"right\": {\n                  \"OR\": {\n                    \"left\": {\n                      \"raw_text\": \"that has either not been previously irradiated\"\n                    },\n                    \"right\": {\n                      \"AND\": {\n                        \"left\": {\n                          \"raw_text\": \"or if previously irradiated has demonstrated progression since the radiation therapy\"\n                        }\n                      }\n                    }\n                  }\n                }\n              }\n            }\n          }\n        }\n      },\n    \"right\": {\n      \"AND\": {\n        \"left\": {\n          \"NOT\": {\n            \"left\": {\n              \"OR\": {\n                \"left\": {\n                  \"raw_text\": \"no major impairment of renal\"\n                },\n                \"right\": {\n                  \"OR\": {\n                    \"left\": {\n                      \"raw_text\": \"or hepatic function, as defined by the following laboratory parameters: total bilirubin\"\n                    },\n                    \"right\": {\n                      \"OR\": {\n                        \"left\": {\n                          \"raw_text\": \"<1.5 X ULN; AST, ALT<2.5X ULN\"\n                        },\n                        \"right\": {\n                          \"AND\": {\n                            \"left\": {\n                              \"raw_text\": \"(<5 X ULN if liver metastases are present)\"\n                            }\n                          }\n                        }\n                      }\n                    }\n                  }\n                }\n              }\n            }\n          },\n        \"right\": {\n          \"AND\": {\n            \"left\": {\n              \"raw_text\": \"Patients on Sandostatin Lar (long acting somatostatin analogue) must be on a stable dose for 30 days prior to study entry and short acting somatostatin analogues must be judged to be on a clinically stable dose by the investigator prior to study entry\"\n            },\n            \"right\": {\n              \"AND\": {\n                \"left\": {\n                  \"raw_text\": \"Must have a life expectancy of greater than three (3) months\"\n                },\n                \"right\": {\n                  \"AND\": {\n                    \"left\": {\n                      \"raw_text\": \"Karnofsky Performance Status > 60\"\n                    },\n                    \"right\": {\n                      \"AND\": {\n                        \"left\": {\n                          \"AND\": {\n                            \"left\": {\n                              \"raw_text\": \"Female patients must have a negative serum pregnancy test at screening.\"\n                            },\n                            \"right\": {\n                              \"NOT\": {\n                                \"left\": {\n                                  \"OR\": {\n                                    \"left\": {\n                                      \"raw_text\": \"Not applicable to patients with bilateral oophorectomy and/or hysterectomy\"\n                                    },\n                                    \"right\": {\n                                      \"OR\": {\n                                        \"left\": {\n                                          \"raw_text\": \"or to those patients who are postmenopausal.\"\n                                        }\n                                      }\n                                    }\n                                  }\n                                }\n                              }\n                            }\n                          }\n                        }\n                      }\n                    }\n                  }\n                }\n              }\n            }\n          }\n        }\n      }\n    }\n  }\n}" 

Die Daten wurden erfolgreich in '/work/eauten2s/ec_criteria_struct/transform_chia/model_output/Llama-3-8B-Instruct_3_shot/Llama-3-8B-Instruct_NCT00050349_inc_3_shot.json' gespeichert.
File: NCT00061308_exc 

Das File: /work/eauten2s/ec_criteria_struct/transform_chia/input/half_clinical_trials/NCT00061308_exc.txt wurde erfolgreich geladen.

 Llama-3-8B-Instruct Output: 
  Here is the study in JSON format with logical operators:

```
{
  "AND": {
    "left": {
      "AND": {
        "left": {
          "raw_text": "Women of child-bearing potential"
        },
        "right": {
          "NOT": {
            "left": {
              "raw_text": "do not practice adequate contraception."
            }
          }
        }
      }
    },
    "right": {
      "OR": [
        {
          "raw_text": "Pregnant"
        },
        {
          "raw_text": "or lactating."
        }
      ]
    }
  },
  "AND": {
    "left": {
      "raw_text": "Received more than one primary chemotherapy regimen."
    },
    "right": {
      "AND": {
        "left": {
          "OR": [
            {
              "raw_text": "Concomitant"
            },
            {
              "raw_text": "or previous malignancies"
            }
          ]
        },
        "right": {
          "NOT": {
            "left": {
              "OR": [
                {
                  "raw_text": "the exception of adequately treated basal cell"
                },
                {
                  "raw_text": "or squamous cell skin cancer"
                },
                {
                  "raw_text": "in situ cervical cancer"
                },
                {
                  "raw_text": "incidental carcinoid"
                },
                {
                  "raw_text": "or other cancer from which the patient has been disease free for 5 years."
                }
              ]
            }
          }
        }
      }
    }
  },
  "AND": {
    "left": {
      "raw_text": "Active uncontrolled infection requiring antibiotics."
    },
    "right": {
      "AND": {
        "left": {
          "raw_text": "Concurrent severe medical problems unrelated to the malignancy which would limit full compliance with the study."
        },
        "right": {
          "AND": {
            "left": {
              "raw_text": "Received radiation to more than 10% of bone."
            },
            "right": {
              "OR": [
                {
                  "raw_text": "Prior treatment with topotecan"
                },
                {
                  "raw_text": "or gemcitabine."
                }
              ]
            }
          }
        }
      }
    }
  },
  "AND": {
    "left": {
      "OR": [
        {
          "raw_text": "Hypersensitivity to camptothecin"
        },
        {
          "raw_text": "or nucleoside analogues."
        }
      ]
    },
    "right": {
      "AND": {
        "left": {
          "raw_text": "Use of an investigational agent within 30 days."
        }
      }
    }
  }
}
```

Let me know if you have any questions or if you'd like me to clarify anything! 

Die Daten wurden erfolgreich in '/work/eauten2s/ec_criteria_struct/transform_chia/model_output/Llama-3-8B-Instruct_3_shot/Llama-3-8B-Instruct_NCT00061308_exc_3_shot.json' gespeichert.
File: NCT00061308_inc 

Das File: /work/eauten2s/ec_criteria_struct/transform_chia/input/half_clinical_trials/NCT00061308_inc.txt wurde erfolgreich geladen.

 Llama-3-8B-Instruct Output: 
  "{\n  \"AND\": {\n    \"left\": {\n      \"AND\": {\n        \"left\": {\n          \"raw_text\": \"Have had one prior platinum-based chemotherapy regimen for the treatment of primary disease.\"\n        },\n        \"right\": {\n          \"AND\": {\n            \"left\": {\n              \"raw_text\": \"At least 4 weeks since last surgery or radiation therapy.\"\n            },\n            \"right\": {\n              \"AND\": {\n                \"left\": {\n                  \"raw_text\": \"Must have had a treatment-free interval of greater than 6 months following response to platinum.\"\n                },\n                \"right\": {\n                  \"AND\": {\n                    \"left\": {\n                      \"raw_text\": \"ECOG performance status of 0,1, or 2.\"\n                    }\n                  }\n                }\n              }\n            }\n          }\n        }\n      }\n    }\n  }\n}" 

Die Daten wurden erfolgreich in '/work/eauten2s/ec_criteria_struct/transform_chia/model_output/Llama-3-8B-Instruct_3_shot/Llama-3-8B-Instruct_NCT00061308_inc_3_shot.json' gespeichert.
File: NCT00094861_exc 

Das File: /work/eauten2s/ec_criteria_struct/transform_chia/input/half_clinical_trials/NCT00094861_exc.txt wurde erfolgreich geladen.

 Llama-3-8B-Instruct Output: 
  "{\n  \"AND\": {\n    \"left\": {\n      \"OR\": {\n        \"left\": {\n          \"raw_text\": \"Metastatic disease (M1)/stage 4 NSCLC\"\n        },\n        \"right\": {\n          \"OR\": {\n            \"left\": {\n              \"raw_text\": \"Pleural or pericardial effusion greater than 100 ml in volume as documented by appropriate imaging (positron emission tomography [PET], computed tomography [CT] scan or ultrasound)\"\n            },\n            \"right\": {\n              \"AND\": {\n                \"left\": {\n                  \"raw_text\": \"If an effusion greater than 100 ml is documented by cytology to be free from malignancy and the investigator feels the patient is capable of receiving chemo/radiotherapy for their primary disease/ NSCLC, the investigator should discuss the patient with the study physician at Amgen.\"\n                },\n                \"right\": {\n                  \"OR\": {\n                    \"left\": {\n                      \"raw_text\": \"Effusions smaller than 100 ml would be acceptable, unless the investigator suspects that the effusion is malignant, in which case the effusions should be evaluated by cytology.\"\n                    }\n                  }\n                }\n              }\n            }\n          }\n        }\n      }\n    },\n    \"right\": {\n      \"AND\": {\n        \"left\": {\n          \"NOT\": {\n            \"left\": {\n              \"raw_text\": \"Plan to remove the tumor surgically before completing the protocol chemo/radiotherapy course\"\n            }\n          }\n        },\n        \"right\": {\n          \"AND\": {\n            \"left\": {\n              \"raw_text\": \"Shielding of any part of the esophagus during radiotherapy (including posterior spinal cord shielding)\"\n            },\n            \"right\": {\n              \"AND\": {\n                \"left\": {\n                  \"OR\": {\n                    \"left\": {\n                      \"raw_text\": \"Prior chemotherapy, radiotherapy, or surgery for NSCLC\"\n                    },\n                    \"right\": {\n                      \"OR\": {\n                        \"left\": {\n                          \"raw_text\": \"Prior invasive malignancy during the past 3 years other than non-melanomatous skin cancer.\"\n                        },\n                        \"right\": {\n                          \"AND\": {\n                            \"left\": {\n                              \"raw_text\": \"Note: Patients with prior surgically-cured malignancies [eg, stage I breast cancer or prostate cancer, in-situ carcinoma of the cervix, etc] are not excluded; however, sponsor approval must be obtained before patient is randomized.\"\n                            },\n                            \"right\": {\n                              \"OR\": {\n                                \"left\": {\n                                  \"raw_text\": \"Presence or history of dysphagia or conditions predisposing to dysphagia (eg, uncontrolled gastroesophageal reflux disease [GERD], dyspepsia, etc)\"\n                                },\n                                \"right\": {\n                                  \"OR\": {\n                                    \"left\": {\n                                      \"raw_text\": \"History of pancreatitis\"\n                                    }\n                                  }\n                                }\n                              }\n                            }\n                          }\n                        }\n                      }\n                    }\n                  }\n                },\n                \"right\": {\n                  \"AND\": {\n                    \"left\": {\n                      \"raw_text\": \"Four weeks or less since completion of treatment using an investigational product/device in another clinical study or presence of any unresolved toxicity from previous treatment\"\n                    },\n                    \"right\": {\n                      \"AND\": {\n                        \"left\": {\n                          \"OR\": {\n                            \"left\": {\n                              \"raw_text\": \"Previous treatment on this study or with a fibroblast growth factor\"\n                            },\n                            \"right\": {\n                              \"OR\": {\n                                \"left\": {\n                                  \"raw_text\": \"Known to be sero-positive for human immunodeficiency virus (HIV), hepatitis C virus (HCV), or hepatitis B virus (HBV)\"\n                                },\n                                \"right\": {\n                                  \"OR\": {\n                                    \"left\": {\n                                      \"raw_text\": \"Pregnant or breastfeeding women\"\n                                    }\n                                  }\n                                }\n                              }\n                            }\n                          }\n                        },\n                        \"right\": {\n                          \"AND\": {\n                            \"left\": {\n                              \"OR\": {\n                                \"left\": {\n                                  \"raw_text\": \"Known sensitivity to E. coli derived products\"\n                                },\n                                \"right\": {\n                                  \"OR\": {\n                                    \"left\": {\n                                      \"raw_text\": \"Compromised ability of the patient to give written informed consent and/or to comply with study procedures\"\n                                    },\n                                    \"right\": {\n                                      \"OR\": {\n                                        \"left\": {\n                                          \"raw_text\": \"Refusal to sign an informed consent form to participate in this study, and sign the hospital information release form, if applicable\"\n                                        },\n                                        \"right\": {\n                                          \"OR\": {\n                                            \"left\": {\n                                              \"raw_text\": \"Unwilling or unable to complete the patient reported outcome (PRO) questionnaires\"\n                                            },\n                                            \"right\": {\n                                              \"OR\": {\n                                                \"left\": {\n                                                  \"raw_text\": \"Psychological, social, familial, or geographical reasons that would prevent regular follow-up\"\n                                                }\n                                              }\n                                            }\n                                          }\n                                        }\n                                      }\n                                    }\n                                  }\n                                }\n                              }\n                            }\n                          }\n                        }\n                      }\n                    }\n                  }\n                }\n              }\n            }\n          }\n        }\n      }\n    }\n  }\n}" 

Die Daten wurden erfolgreich in '/work/eauten2s/ec_criteria_struct/transform_chia/model_output/Llama-3-8B-Instruct_3_shot/Llama-3-8B-Instruct_NCT00094861_exc_3_shot.json' gespeichert.
File: NCT00094861_inc 

Das File: /work/eauten2s/ec_criteria_struct/transform_chia/input/half_clinical_trials/NCT00094861_inc.txt wurde erfolgreich geladen.

 Llama-3-8B-Instruct Output: 
  "{\n  \"AND\": {\n    \"left\": {\n      \"AND\": {\n        \"left\": {\n          \"raw_text\": \"Patients with a histologically or cytologically proven diagnosis of NSCLC\"\n        },\n        \"right\": {\n          \"AND\": {\n            \"left\": {\n              \"raw_text\": \"Unresectable (locally advanced) stage IIIa or IIIb disease\"\n            },\n            \"right\": {\n              \"AND\": {\n                \"left\": {\n                  \"raw_text\": \"Initial radiotherapy field of treatment to encompass greater than or equal to 30% of the esophagus\"\n                },\n                \"right\": {\n                  \"AND\": {\n                    \"left\": {\n                      \"raw_text\": \"Life expectancy greater than or equal to 6 months\"\n                    },\n                    \"right\": {\n                      \"AND\": {\n                        \"left\": {\n                          \"raw_text\": \"Estimated weight loss less than or equal to 10% in the 3 months before study randomization\"\n                        },\n                        \"right\": {\n                          \"AND\": {\n                            \"left\": {\n                              \"raw_text\": \"Measurable disease\"\n                            },\n                            \"right\": {\n                              \"AND\": {\n                                \"left\": {\n                                  \"raw_text\": \"18 years of age or older\"\n                                },\n                                \"right\": {\n                                  \"AND\": {\n                                    \"left\": {\n                                      \"raw_text\": \"Eastern Cooperative Oncology Group (ECOG) performance status of 0 - 2\"\n                                    },\n                                    \"right\": {\n                                      \"AND\": {\n                                        \"left\": {\n                                          \"raw_text\": \"Hemoglobin (hgb) greater than or equal to 10 g/dL without transfusional support or growth factor use in the 4 weeks before study randomization\"\n                                        },\n                                        \"right\": {\n                                          \"AND\": {\n                                            \"left\": {\n                                              \"raw_text\": \"Absolute neutrophil count (ANC) greater than or equal to 1.5 x 10^9/L without growth factor use in the 2 weeks before study randomization\"\n                                            },\n                                            \"right\": {\n                                              \"AND\": {\n                                                \"left\": {\n                                                  \"raw_text\": \"Platelet count greater than or equal to 100 x 10^9/L\"\n                                                },\n                                                \"right\": {\n                                                  \"AND\": {\n                                                    \"left\": {\n                                                      \"raw_text\": \"Serum bilirubin less than or equal to 1.5 x institutional upper limit of normal (ULN)\"\n                                                    },\n                                                    \"right\": {\n                                                      \"AND\": {\n                                                        \"left\": {\n                                                          \"raw_text\": \"Serum creatinine less than or equal to 2.0 mg/dL\"\n                                                        },\n                                                        \"right\": {\n                                                          \"AND\": {\n                                                            \"left\": {\n                                                              \"raw_text\": \"Females of childbearing potential: negative serum or urine pregnancy test\"\n                                                            },\n                                                            \"right\": {\n                                                              \"AND\": {\n                                                                \"left\": {\n                                                                  \"raw_text\": \"Patient must give written informed consent before participating in any study-specific procedure, randomization, or receiving investigational product.\"\n                                                                },\n                                                                \"right\": {\n                                                                  \"AND\": {\n                                                                    \"left\": {\n                                                                      \"raw_text\": \"Patients with reproductive capability must agree to practice adequate contraception methods.\"\n                                                                    }\n                                                                  }\n                                                                }\n                                                              }\n                                                            }\n                                                          }\n                                                        }\n                                                      }\n                                                    }\n                                                  }\n                                                }\n                                              }\n                                            }\n                                          }\n                                        }\n                                      }\n                                    }\n                                  }\n                                }\n                              }\n                            }\n                          }\n                        }\n                      }\n                    }\n                  }\n                }\n              }\n            }\n          }\n        }\n      }\n    }\n  }\n}" 

Die Daten wurden erfolgreich in '/work/eauten2s/ec_criteria_struct/transform_chia/model_output/Llama-3-8B-Instruct_3_shot/Llama-3-8B-Instruct_NCT00094861_inc_3_shot.json' gespeichert.
File: NCT00122070_exc 

Das File: /work/eauten2s/ec_criteria_struct/transform_chia/input/half_clinical_trials/NCT00122070_exc.txt wurde erfolgreich geladen.

 Llama-3-8B-Instruct Output: 
  "{\n  \"AND\": {\n    \"left\": {\n      \"OR\": {\n        \"left\": {\n          \"raw_text\": \"Are pregnant\"\n        },\n        \"right\": {\n          \"raw_text\": \"or lactating.\"\n        }\n      }\n    },\n    \"right\": {\n      \"AND\": {\n        \"left\": {\n          \"raw_text\": \"Have participated in any other studies involving investigational products within 30 days prior to entry into this study.\"\n        },\n        \"right\": {\n          \"AND\": {\n            \"left\": {\n              \"raw_text\": \"Are undergoing an acute withdrawal syndrome from drugs or alcohol.\"\n            },\n            \"right\": {\n              \"AND\": {\n                \"left\": {\n                  \"OR\": {\n                    \"left\": {\n                      \"raw_text\": \"Have an Axis I diagnosis of Schizophrenia\"\n                    },\n                    \"right\": {\n                      \"OR\": {\n                        \"left\": {\n                          \"raw_text\": \"Schizoaffective Disorder\"\n                        },\n                        \"right\": {\n                          \"OR\": {\n                            \"left\": {\n                              \"raw_text\": \"Schizophreniform Disorder\"\n                            },\n                            \"right\": {\n                              \"raw_text\": \"or Bipolar I Disorder as diagnosed by the Structured Clinical Interview for DSM-IV Axis I Disorders (SCID-I), and pertinent subsequent for ruling out exclusionary diagnoses.\"\n                            }\n                          }\n                        }\n                      }\n                    }\n                  }\n                },\n                \"right\": {\n                  \"AND\": {\n                    \"left\": {\n                      \"raw_text\": \"Have an unstable medical disorder as determined by physical examination or laboratory testing.\"\n                    },\n                    \"right\": {\n                      \"raw_text\": \"The primary investigator will be responsible for making this judgment based on the above.\"\n                    }\n                  }\n                }\n              }\n            }\n          }\n        },\n        \"right\": {\n          \"AND\": {\n            \"left\": {\n              \"raw_text\": \"Had an unsatisfactory response to a previous adequate trial of quetiapine as judged by a study investigator.\"\n            },\n            \"right\": {\n              \"AND\": {\n                \"left\": {\n                  \"raw_text\": \"Patients cannot begin psychotherapy during the study period, but may continue if started prior to the study.\"\n                },\n                \"right\": {\n                  \"AND\": {\n                    \"left\": {\n                      \"raw_text\": \"Patients who are currently receiving quetiapine therapy may not undergo a washout period and then restart quetiapine in the study.\"\n                    }\n                  }\n                }\n              }\n            }\n          }\n        }\n      }\n    }\n  }\n}" 

Die Daten wurden erfolgreich in '/work/eauten2s/ec_criteria_struct/transform_chia/model_output/Llama-3-8B-Instruct_3_shot/Llama-3-8B-Instruct_NCT00122070_exc_3_shot.json' gespeichert.
File: NCT00122070_inc 

Das File: /work/eauten2s/ec_criteria_struct/transform_chia/input/half_clinical_trials/NCT00122070_inc.txt wurde erfolgreich geladen.

 Llama-3-8B-Instruct Output: 
  "{\n  \"AND\": {\n    \"left\": {\n      \"AND\": {\n        \"left\": {\n          \"raw_text\": \"Provide written informed consent before beginning any study related activities\"\n        },\n        \"right\": {\n          \"AND\": {\n            \"left\": {\n              \"AND\": {\n                \"left\": {\n                  \"raw_text\": \"Be between age 18\"\n                },\n                \"right\": {\n                  \"AND\": {\n                    \"left\": {\n                      \"raw_text\": \"and 55 years\"\n                    }\n                  }\n                }\n              }\n            },\n            \"right\": {\n              \"AND\": {\n                \"left\": {\n                  \"AND\": {\n                    \"left\": {\n                      \"raw_text\": \"Be able to speak, read and write English\"\n                    },\n                    \"right\": {\n                      \"raw_text\": \"and follow simple instructions for completing self-rated scales\"\n                    }\n                  }\n                },\n                \"right\": {\n                  \"AND\": {\n                    \"left\": {\n                      \"raw_text\": \"Meet DSM-IV criteria for BPD\"\n                    },\n                    \"right\": {\n                      \"raw_text\": \"as assessed by the Structured Clinical Interview for DSM-IV Personality Disorders (SCID-II).\"\n                    }\n                  }\n                }\n              }\n            }\n          }\n        }\n      }\n    }\n  }\n}" 

Die Daten wurden erfolgreich in '/work/eauten2s/ec_criteria_struct/transform_chia/model_output/Llama-3-8B-Instruct_3_shot/Llama-3-8B-Instruct_NCT00122070_inc_3_shot.json' gespeichert.
File: NCT00182520_exc 

Das File: /work/eauten2s/ec_criteria_struct/transform_chia/input/half_clinical_trials/NCT00182520_exc.txt wurde erfolgreich geladen.

 Llama-3-8B-Instruct Output: 
  "{\n  \"AND\": {\n    \"left\": {\n      \"OR\": {\n        \"left\": {\n          \"raw_text\": \"Any other primary DSM-IV diagnosis\"\n        },\n        \"right\": {\n          \"OR\": {\n            \"left\": {\n              \"raw_text\": \"DSM-IV criteria for body dysmorphic disorder\"\n            },\n            \"right\": {\n              \"OR\": {\n                \"left\": {\n                  \"raw_text\": \"bipolar affective disorder\"\n                },\n                \"right\": {\n                  \"OR\": {\n                    \"left\": {\n                      \"raw_text\": \"schizophrenia\"\n                    },\n                    \"right\": {\n                      \"OR\": {\n                        \"left\": {\n                          \"raw_text\": \"psychotic disorder\"\n                        },\n                        \"right\": {\n                          \"raw_text\": \"current alcohol/substance abuse.\"\n                        }\n                      }\n                    }\n                  }\n                }\n              }\n            }\n          }\n        }\n      },\n      \"right\": {\n        \"AND\": {\n          \"left\": {\n            \"raw_text\": \"A previous adequate trial of topiramate\"\n          },\n          \"right\": {\n            \"AND\": {\n              \"left\": {\n                \"raw_text\": \"Comorbid major depressive disorder diagnosis which predates OCD diagnosis\"\n              },\n              \"right\": {\n                \"AND\": {\n                  \"left\": {\n                    \"raw_text\": \"Cognitive behavioural therapy or additional psychotherapy in past four months\"\n                  },\n                  \"right\": {\n                    \"OR\": {\n                      \"left\": {\n                        \"raw_text\": \"Allergy or hypersensitivity to topiramate\"\n                      },\n                      \"right\": {\n                        \"OR\": {\n                          \"left\": {\n                            \"raw_text\": \"BMI < 20\"\n                          },\n                          \"right\": {\n                            \"raw_text\": \"History of kidney stones.\"\n                          }\n                        }\n                      }\n                    }\n                  }\n                }\n              }\n            }\n          }\n        }\n      }\n    }\n  }\n}" 

Die Daten wurden erfolgreich in '/work/eauten2s/ec_criteria_struct/transform_chia/model_output/Llama-3-8B-Instruct_3_shot/Llama-3-8B-Instruct_NCT00182520_exc_3_shot.json' gespeichert.
File: NCT00182520_inc 

Das File: /work/eauten2s/ec_criteria_struct/transform_chia/input/half_clinical_trials/NCT00182520_inc.txt wurde erfolgreich geladen.

 Llama-3-8B-Instruct Output: 
  "{\n  \"AND\": {\n    \"left\": {\n      \"AND\": {\n        \"left\": {\n          \"raw_text\": \"Outpatient\"\n        },\n        \"right\": {\n          \"AND\": {\n            \"left\": {\n              \"raw_text\": \"with primary DSM- IV OCD\"\n            }\n          }\n        }\n      }\n    },\n    \"right\": {\n      \"AND\": {\n        \"left\": {\n          \"AND\": {\n            \"left\": {\n              \"raw_text\": \"Completion of a 14-week open label trial of one the following SRI's:\"\n            },\n            \"right\": {\n              \"OR\": {\n                \"left\": {\n                  \"raw_text\": \"fluoxetine 80 mg/day\"\n                },\n                \"right\": {\n                  \"OR\": {\n                    \"left\": {\n                      \"raw_text\": \"paroxetine 60 mg/day\"\n                    },\n                    \"right\": {\n                      \"OR\": {\n                        \"left\": {\n                          \"raw_text\": \"fluvoxamine 300 mg/day\"\n                        },\n                        \"right\": {\n                          \"OR\": {\n                            \"left\": {\n                              \"raw_text\": \"clomipramine 250 mg/day\"\n                            },\n                            \"right\": {\n                              \"OR\": {\n                                \"left\": {\n                                  \"raw_text\": \"sertraline 200 mg/day\"\n                                },\n                                \"right\": {\n                                  \"OR\": {\n                                    \"left\": {\n                                      \"raw_text\": \"citalopram 60 mg/day\"\n                                    },\n                                    \"right\": {\n                                      \"OR\": {\n                                        \"left\": {\n                                          \"raw_text\": \"escitalopram 30 mg/day\"\n                                        }\n                                      }\n                                    }\n                                  }\n                                }\n                              }\n                            }\n                          }\n                        }\n                      }\n                    }\n                  }\n                }\n              },\n              \"right\": {\n                \"AND\": {\n                  \"left\": {\n                    \"raw_text\": \"and demonstrating a non or partial responses to SRI treatment (CGI-I of 3 or 4, Y-BOCS reduction of < 35%)\"\n                  }\n                }\n              }\n            }\n          }\n        },\n        \"right\": {\n          \"AND\": {\n            \"left\": {\n              \"raw_text\": \"Stable (8 wks or longer) concurrent medications including\"\n            },\n            \"right\": {\n              \"OR\": {\n                \"left\": {\n                  \"raw_text\": \"benzodiazepines\"\n                },\n                \"right\": {\n                  \"OR\": {\n                    \"left\": {\n                      \"raw_text\": \"sedative hypnotics\"\n                    },\n                    \"right\": {\n                      \"OR\": {\n                        \"left\": {\n                          \"raw_text\": \"antipsychotics\"\n                        },\n                        \"right\": {\n                          \"OR\": {\n                            \"left\": {\n                              \"raw_text\": \"and antidepressants.\"\n                            }\n                          }\n                        }\n                      }\n                    }\n                  }\n                }\n              }\n            }\n          }\n        }\n      }\n    }\n  }\n}" 

Die Daten wurden erfolgreich in '/work/eauten2s/ec_criteria_struct/transform_chia/model_output/Llama-3-8B-Instruct_3_shot/Llama-3-8B-Instruct_NCT00182520_inc_3_shot.json' gespeichert.
File: NCT00183885_exc 

Das File: /work/eauten2s/ec_criteria_struct/transform_chia/input/half_clinical_trials/NCT00183885_exc.txt wurde erfolgreich geladen.

 Llama-3-8B-Instruct Output: 
  "{\n  \"AND\": {\n    \"left\": {\n      \"OR\": {\n        \"left\": {\n          \"raw_text\": \"Patients who have received prior chemotherapy for unresectable disease\"\n        }\n      }\n    },\n    \"right\": {\n      \"AND\": {\n        \"left\": {\n          \"OR\": {\n            \"left\": {\n              \"raw_text\": \"Patients with any active or uncontrolled infection\"\n            },\n            \"right\": {\n              \"raw_text\": \"including known HIV infection.\"\n            }\n          }\n        },\n        \"right\": {\n          \"AND\": {\n            \"left\": {\n              \"raw_text\": \"Patients with psychiatric disorders that would interfere with consent or follow-up.\"\n            },\n            \"right\": {\n              \"OR\": {\n                \"left\": {\n                  \"raw_text\": \"Pregnant or lactating women.\"\n                },\n                \"right\": {\n                  \"AND\": {\n                    \"left\": {\n                      \"AND\": {\n                        \"left\": {\n                          \"raw_text\": \"Men and women of reproductive potential may not participate unless they have agreed to use an effective contraceptive method.\"\n                        }\n                      }\n                    },\n                    \"right\": {\n                      \"AND\": {\n                        \"left\": {\n                          \"raw_text\": \"Patients with any other severe concurrent disease, which in the judgment of the investigator, would make the patient inappropriate for entry into this study.\"\n                        }\n                      }\n                    }\n                  }\n                }\n              }\n            }\n          }\n        }\n      }\n    }\n  }\n}" 

Die Daten wurden erfolgreich in '/work/eauten2s/ec_criteria_struct/transform_chia/model_output/Llama-3-8B-Instruct_3_shot/Llama-3-8B-Instruct_NCT00183885_exc_3_shot.json' gespeichert.
File: NCT00183885_inc 

Das File: /work/eauten2s/ec_criteria_struct/transform_chia/input/half_clinical_trials/NCT00183885_inc.txt wurde erfolgreich geladen.

 Llama-3-8B-Instruct Output: 
  "{\n  \"AND\": {\n    \"left\": {\n      \"AND\": {\n        \"left\": {\n          \"raw_text\": \"Unresectable, histologically confirmed hepatocellular carcinoma\"\n        },\n        \"right\": {\n          \"AND\": {\n            \"left\": {\n              \"raw_text\": \"with evident disease limited to liver.\"\n            },\n            \"right\": {\n              \"AND\": {\n                \"left\": {\n                  \"raw_text\": \"Tissue from tumor must be available.\"\n                },\n                \"right\": {\n                  \"OR\": {\n                    \"left\": {\n                      \"raw_text\": \"This may be paraffin embedded tissue from previous biopsy/resection\"\n                    },\n                    \"right\": {\n                      \"raw_text\": \"or if it is not available, a repeat biopsy must be performed.\"\n                    }\n                  }\n                }\n              }\n            }\n          }\n        }\n      },\n      \"right\": {\n        \"AND\": {\n          \"left\": {\n            \"raw_text\": \"Patients must agree to have a 20 cc blood sample drawn in addition to routine labs with each cycle of chemotherapy.\"\n          },\n          \"right\": {\n            \"AND\": {\n              \"left\": {\n                \"raw_text\": \"Patients must have measurable disease.\"\n              },\n              \"right\": {\n                \"AND\": {\n                  \"left\": {\n                    \"raw_text\": \"If prior radiation therapy was administered, measurable disease must be outside the radiation field.\"\n                  },\n                  \"right\": {\n                    \"AND\": {\n                      \"left\": {\n                        \"raw_text\": \"Patients must have a Zubrod performance status of 0-2.\"\n                        },\n                        \"right\": {\n                          \"AND\": {\n                            \"left\": {\n                              \"raw_text\": \"Patients must have a predicted life expectancy of at least 12 weeks.\"\n                            },\n                            \"right\": {\n                              \"AND\": {\n                                \"left\": {\n                                  \"raw_text\": \"Patients must have a pre-treatment granulocyte count (i.e., segmented neutrophils + bands) of greater than or equal to 1,500/mm3, a hemoglobin level of greater than or equal to 9 gm/dl, and platelet count greater than or equal to 50,000/mm3.\"\n                                },\n                                \"right\": {\n                                  \"OR\": {\n                                    \"left\": {\n                                      \"raw_text\": \"The granulocyte requirement may be waived if in the investigator's opinion the lower count reflects hypersplenism with adequate bone marrow reserves.\"\n                                    }\n                                  }\n                                }\n                              }\n                            }\n                          }\n                        }\n                      }\n                    }\n                  }\n                }\n              }\n            }\n          }\n        }\n      }\n    }\n  }\n}" 

Die Daten wurden erfolgreich in '/work/eauten2s/ec_criteria_struct/transform_chia/model_output/Llama-3-8B-Instruct_3_shot/Llama-3-8B-Instruct_NCT00183885_inc_3_shot.json' gespeichert.
File: NCT00198913_exc 

Das File: /work/eauten2s/ec_criteria_struct/transform_chia/input/half_clinical_trials/NCT00198913_exc.txt wurde erfolgreich geladen.

 Llama-3-8B-Instruct Output: 
  "{\n  \"OR\": {\n    \"left\": {\n      \"raw_text\": \"type 1 diabetic\"\n    },\n    \"right\": {\n      \"raw_text\": \"or non-diabetic\"\n    }\n  }\n}" 

Die Daten wurden erfolgreich in '/work/eauten2s/ec_criteria_struct/transform_chia/model_output/Llama-3-8B-Instruct_3_shot/Llama-3-8B-Instruct_NCT00198913_exc_3_shot.json' gespeichert.
File: NCT00198913_inc 

Das File: /work/eauten2s/ec_criteria_struct/transform_chia/input/half_clinical_trials/NCT00198913_inc.txt wurde erfolgreich geladen.

 Llama-3-8B-Instruct Output: 
  "{\n  \"AND\": {\n    \"left\": {\n      \"OR\": {\n        \"left\": {\n          \"raw_text\": \"type 2 diabetic\"\n        },\n        \"right\": {\n          \"AND\": {\n            \"left\": {\n              \"raw_text\": \"age\"\n            },\n            \"right\": {\n              \"raw_text\": \"18 and over\"\n            }\n          }\n        }\n      }\n    },\n    \"right\": {\n      \"raw_text\": \"informed consent\"\n    }\n  }\n}" 

Die Daten wurden erfolgreich in '/work/eauten2s/ec_criteria_struct/transform_chia/model_output/Llama-3-8B-Instruct_3_shot/Llama-3-8B-Instruct_NCT00198913_inc_3_shot.json' gespeichert.
File: NCT00235170_exc 

Das File: /work/eauten2s/ec_criteria_struct/transform_chia/input/half_clinical_trials/NCT00235170_exc.txt wurde erfolgreich geladen.

 Llama-3-8B-Instruct Output: 
  "{\n  \"OR\": {\n    \"left\": {\n      \"AND\": {\n        \"left\": {\n          \"raw_text\": \"Congestive heart failure;\"\n        },\n        \"right\": {\n          \"raw_text\": \"2. CABG or Percutaneous Coronary Intervention (PCI) procedure;\"\n        }\n      }\n    },\n    \"right\": {\n      \"AND\": {\n        \"left\": {\n          \"raw_text\": \"3. Planned need for major surgery (e.g. valve surgery or resection of aortic or left ventricular aneurysm, carotid end-arterectomy, abdominal aortic aneurysm surgery etc.);\"\n        },\n        \"right\": {\n          \"OR\": {\n            \"left\": {\n              \"raw_text\": \"4. Congenital heart disease;\"\n            },\n            \"right\": {\n              \"AND\": {\n                \"left\": {\n                  \"raw_text\": \"5. Transmural myocardial infarction within the previous seven days and CK has not returned to normal;\"\n                },\n                \"right\": {\n                  \"OR\": {\n                    \"left\": {\n                      \"raw_text\": \"6. Chest pain lasting longer than 30 minutes within 12 hours pre-procedure, if CK enzymes positive (≥ 2x the normal upper limit).\"\n                    }\n                  }\n                }\n              }\n            }\n          }\n        }\n      }\n    },\n    \"right\": {\n      \"AND\": {\n        \"left\": {\n          \"raw_text\": \"7. History of any cerebrovascular accident;\"\n        },\n        \"right\": {\n          \"OR\": {\n            \"left\": {\n              \"raw_text\": \"8. Left main stenosis of 50% or more;\"\n            },\n            \"right\": {\n              \"AND\": {\n                \"left\": {\n                  \"raw_text\": \"9. Intention to treat more than 1 totally occluded major epicardial vessel;\"\n                },\n                \"right\": {\n                  \"raw_text\": \"10. Single vessel (single territory) disease.\"\n                }\n              }\n            }\n          }\n        }\n      }\n    }\n  }\n}" 

Die Daten wurden erfolgreich in '/work/eauten2s/ec_criteria_struct/transform_chia/model_output/Llama-3-8B-Instruct_3_shot/Llama-3-8B-Instruct_NCT00235170_exc_3_shot.json' gespeichert.
File: NCT00235170_inc 

Das File: /work/eauten2s/ec_criteria_struct/transform_chia/input/half_clinical_trials/NCT00235170_inc.txt wurde erfolgreich geladen.

 Llama-3-8B-Instruct Output: 
  "{\n  \"OR\": {\n    \"left\": {\n      \"AND\": {\n        \"left\": {\n          \"raw_text\": \"Patients with stable (Canadian Cardiovascular Society 1, 2, 3 or 4) or unstable (Braunwald class IB, IC, IIB, IIC, IIIB, IIIC) angina pectoris and ischemia, or patients with atypical chest pain or even those who are asymptomatic provided they have documented myocardial ischaemia (e.g. treadmill exercise test, radionuclide scintigraphy, stress echocardiography, Holter tape);\"\n        },\n        \"right\": {\n          \"OR\": {\n            \"left\": {\n              \"raw_text\": \"Patients who are eligible for coronary revascularization (angioplasty or CABG);\"\n            },\n            \"right\": {\n              \"raw_text\": \"At least 2 lesions (located in different vessels and in different territories) potentially amenable to stent implantation;\"\n            }\n          }\n        }\n      }\n    },\n    \"right\": {\n      \"AND\": {\n        \"left\": {\n          \"raw_text\": \"de novo native vessels;\"\n        },\n        \"right\": {\n          \"AND\": {\n            \"left\": {\n              \"raw_text\": \"Multivessel disease with at least one significant stenosis in LAD and with treatment of the lesion in another major epicardial coronary artery. A two-vessel disease or a three-vessel disease may be viewed as a combination of a side branch and a main epicardial vessel provided they supply different territories; left anterior descending, left circumflex and right coronary artery;\"\n            },\n            \"right\": {\n              \"OR\": {\n                \"left\": {\n                  \"raw_text\": \"Total occluded vessels. One total occluded major epicardial vessel or side branch can be included and targeted as long as one other major vessel has a significant stenosis amenable for SA, provided the age of occlusion is less than one month e.g. recent instability, infarction with ECG changes in the area subtended by the occluded vessel.\"\n                },\n                \"right\": {\n                  \"AND\": {\n                    \"left\": {\n                      \"raw_text\": \"Patients with total occluded vessels of unknown duration or existing longer than one month and a reference over 1.50 mm should not be included, not even as a third or fourth vessel to be dilated;\"\n                    },\n                    \"right\": {\n                      \"AND\": {\n                        \"left\": {\n                          \"raw_text\": \"Significant stenosis has been defined as a stenosis of more than 50% in luminal diameter (in at least one view, on visual interpretation or preferably by QCA);\"\n                        },\n                        \"right\": {\n                          \"AND\": {\n                            \"left\": {\n                              \"raw_text\": \"Left ventricular ejection fraction should be at least 30%.\"\n                            }\n                          }\n                        }\n                      }\n                    }\n                  }\n                }\n              }\n            }\n          }\n        }\n      }\n    }\n  }\n}" 

Die Daten wurden erfolgreich in '/work/eauten2s/ec_criteria_struct/transform_chia/model_output/Llama-3-8B-Instruct_3_shot/Llama-3-8B-Instruct_NCT00235170_inc_3_shot.json' gespeichert.
File: NCT00236340_exc 

Das File: /work/eauten2s/ec_criteria_struct/transform_chia/input/half_clinical_trials/NCT00236340_exc.txt wurde erfolgreich geladen.

 Llama-3-8B-Instruct Output: 
  "{\n  \"AND\": {\n    \"left\": {\n      \"OR\": {\n        \"left\": {\n          \"raw_text\": \"Multiple pregnancy (more than 3 fetuses)\"\n        }\n      }\n    },\n    \"right\": {\n      \"AND\": {\n        \"left\": {\n          \"OR\": {\n            \"left\": {\n              \"raw_text\": \"Maternal history of placental abruptio\"\n            }\n          }\n        },\n        \"right\": {\n          \"OR\": {\n            \"left\": {\n              \"raw_text\": \"Fetus with IUGR\"\n            }\n          }\n        }\n      }\n    }\n  }\n}" 

Die Daten wurden erfolgreich in '/work/eauten2s/ec_criteria_struct/transform_chia/model_output/Llama-3-8B-Instruct_3_shot/Llama-3-8B-Instruct_NCT00236340_exc_3_shot.json' gespeichert.
File: NCT00236340_inc 

Das File: /work/eauten2s/ec_criteria_struct/transform_chia/input/half_clinical_trials/NCT00236340_inc.txt wurde erfolgreich geladen.

 Llama-3-8B-Instruct Output: 
  "{\n  \"AND\": {\n    \"left\": {\n      \"AND\": {\n        \"left\": {\n          \"AND\": {\n            \"left\": {\n              \"raw_text\": \"Pregnant women\"\n            },\n            \"right\": {\n              \"AND\": {\n                \"left\": {\n                  \"raw_text\": \"with abdomen discumfort\"\n                },\n                \"right\": {\n                  \"AND\": {\n                    \"left\": {\n                      \"raw_text\": \"and\"\n                    },\n                    \"right\": {\n                      \"AND\": {\n                        \"left\": {\n                          \"raw_text\": \"ultrasound diagnosis of polyhydramnios\"\n                        },\n                        \"right\": {\n                          \"AND\": {\n                            \"left\": {\n                              \"raw_text\": \"(AFI>25cm)\"\n                            }\n                          }\n                        }\n                      }\n                    }\n                  }\n                }\n              }\n            }\n          }\n        },\n        \"right\": {\n          \"OR\": {\n            \"left\": {\n              \"raw_text\": \"Single or twin pregnancies\"\n            }\n          }\n        }\n      }\n    }\n  }\n}" 

Die Daten wurden erfolgreich in '/work/eauten2s/ec_criteria_struct/transform_chia/model_output/Llama-3-8B-Instruct_3_shot/Llama-3-8B-Instruct_NCT00236340_inc_3_shot.json' gespeichert.
File: NCT00250640_exc 

Das File: /work/eauten2s/ec_criteria_struct/transform_chia/input/half_clinical_trials/NCT00250640_exc.txt wurde erfolgreich geladen.

 Llama-3-8B-Instruct Output: 
  "{\n  \"AND\": {\n    \"left\": {\n      \"OR\": {\n        \"left\": {\n          \"raw_text\": \"Any condition that prevents participation in the study\"\n        },\n        \"right\": {\n          \"OR\": {\n            \"left\": {\n              \"raw_text\": \"including pregnancy\"\n            },\n            \"right\": {\n              \"OR\": {\n                \"left\": {\n                  \"raw_text\": \"and other contraindications for Ventavis treatment\"\n                },\n                \"right\": {\n                  \"AND\": {\n                    \"left\": {\n                      \"raw_text\": \"(as listed in the current Ventavis Summary of Product Characteristics and patient package insert)\"\n                    }\n                  }\n                }\n              }\n            }\n          }\n        }\n      }\n    }\n  }\n}" 

Die Daten wurden erfolgreich in '/work/eauten2s/ec_criteria_struct/transform_chia/model_output/Llama-3-8B-Instruct_3_shot/Llama-3-8B-Instruct_NCT00250640_exc_3_shot.json' gespeichert.
File: NCT00250640_inc 

Das File: /work/eauten2s/ec_criteria_struct/transform_chia/input/half_clinical_trials/NCT00250640_inc.txt wurde erfolgreich geladen.

 Llama-3-8B-Instruct Output: 
  "{\n  \"AND\": {\n    \"left\": {\n      \"raw_text\": \"The treating physician has chosen Ventavis as a suitable long-term treatment for the patient\"\n    },\n    \"right\": {\n      \"AND\": {\n        \"left\": {\n          \"raw_text\": \"Patient with primary pulmonary hypertension\"\n        },\n        \"right\": {\n          \"AND\": {\n            \"left\": {\n              \"raw_text\": \"(i.e. Idiopathic Pulmonary Arterial Hypertension or Familial Pulmonary Arterial Hypertension)\"\n            },\n            \"right\": {\n              \"AND\": {\n                \"left\": {\n                  \"raw_text\": \"and classified as NYHA functional class III\"\n                },\n                \"right\": {\n                  \"raw_text\": \"(NYHA = New York Heart Association)\"\n                }\n              }\n            }\n          }\n        }\n      },\n      \"right\": {\n        \"NOT\": {\n          \"left\": {\n            \"AND\": {\n              \"left\": {\n                \"raw_text\": \"No prior treatment with Ventavis\"\n                },\n                \"right\": {\n                  \"OR\": {\n                    \"left\": {\n                      \"raw_text\": \"or other active treatments for primary pulmonary hypertension\"\n                    },\n                    \"right\": {\n                      \"raw_text\": \"within 6 weeks of date of study inclusion\"\n                    }\n                  }\n                }\n              },\n              \"right\": {\n                \"NOT\": {\n                  \"left\": {\n                    \"raw_text\": \"unless otherwise advised by Bayer Schering Pharma\"\n                    }\n                  }\n                }\n              }\n            }\n          }\n        }\n      }\n    }\n  }\n}" 

Die Daten wurden erfolgreich in '/work/eauten2s/ec_criteria_struct/transform_chia/model_output/Llama-3-8B-Instruct_3_shot/Llama-3-8B-Instruct_NCT00250640_inc_3_shot.json' gespeichert.
File: NCT00279552_exc 

Das File: /work/eauten2s/ec_criteria_struct/transform_chia/input/half_clinical_trials/NCT00279552_exc.txt wurde erfolgreich geladen.

 Llama-3-8B-Instruct Output: 
  "{\n  \"AND\": {\n    \"NOT\": {\n      \"OR\": {\n        \"left\": {\n          \"raw_text\": \"Patients who were pregnant\"\n        },\n        \"right\": {\n          \"OR\": {\n            \"left\": {\n              \"raw_text\": \"nursing\"\n            },\n            \"right\": {\n              \"raw_text\": \"or not able to give written informed consent were excluded.\"\n            }\n          }\n        }\n      }\n    }\n  }\n}" 

Die Daten wurden erfolgreich in '/work/eauten2s/ec_criteria_struct/transform_chia/model_output/Llama-3-8B-Instruct_3_shot/Llama-3-8B-Instruct_NCT00279552_exc_3_shot.json' gespeichert.
File: NCT00279552_inc 

Das File: /work/eauten2s/ec_criteria_struct/transform_chia/input/half_clinical_trials/NCT00279552_inc.txt wurde erfolgreich geladen.

 Llama-3-8B-Instruct Output: 
  "{\n  \"AND\": {\n    \"left\": {\n      \"raw_text\": \"Patients suspected to have vitamin B12 deficiency defined as a plasma vitamin B12 below the reference interval (<200 pmol/L).\"\n    }\n  }\n}" 

Die Daten wurden erfolgreich in '/work/eauten2s/ec_criteria_struct/transform_chia/model_output/Llama-3-8B-Instruct_3_shot/Llama-3-8B-Instruct_NCT00279552_inc_3_shot.json' gespeichert.
File: NCT00305097_exc 

Das File: /work/eauten2s/ec_criteria_struct/transform_chia/input/half_clinical_trials/NCT00305097_exc.txt wurde erfolgreich geladen.

 Llama-3-8B-Instruct Output: 
  "{\n  \"AND\": {\n    \"left\": {\n      \"AND\": {\n        \"left\": {\n          \"OR\": {\n            \"left\": {\n              \"raw_text\": \"Any condition/illness that may affect the study outcomes or would make participation potentially harmful such as\"\n            },\n            \"right\": {\n              \"OR\": {\n                \"left\": {\n                  \"raw_text\": \"pregnancy or breastfeeding\"\n                },\n                \"right\": {\n                  \"OR\": {\n                    \"left\": {\n                      \"raw_text\": \"diabetes mellitus\"\n                    },\n                    \"right\": {\n                      \"OR\": {\n                        \"left\": {\n                          \"raw_text\": \"heart disease\"\n                        },\n                        \"right\": {\n                          \"OR\": {\n                            \"left\": {\n                              \"raw_text\": \"stroke\"\n                            },\n                            \"right\": {\n                              \"OR\": {\n                                \"left\": {\n                                  \"raw_text\": \"hypertension\"\n                                },\n                                \"right\": {\n                                  \"OR\": {\n                                    \"left\": {\n                                      \"raw_text\": \"malabsorption syndromes\"\n                                    },\n                                    \"right\": {\n                                      \"OR\": {\n                                        \"left\": {\n                                          \"raw_text\": \"GERD\"\n                                        },\n                                        \"right\": {\n                                          \"raw_text\": \"a history of ulcer, according to a detailed medical history.\"\n                                        }\n                                      }\n                                    }\n                                  }\n                                }\n                              }\n                            }\n                          }\n                        }\n                      }\n                    }\n                  }\n                }\n              }\n            }\n          }\n        },\n        \"right\": {\n          \"OR\": {\n            \"left\": {\n              \"raw_text\": \"Abnormal hepatic function (liver function test > twice the normal range)\"\n            },\n            \"right\": {\n              \"OR\": {\n                \"left\": {\n                  \"raw_text\": \"abnormal renal function (creatinine > 1.1 mg/dl)\"\n                },\n                \"right\": {\n                  \"OR\": {\n                    \"left\": {\n                      \"raw_text\": \"fasting plasma glucose in the diabetic range (>/= 126 mg/dl)\"\n                    },\n                    \"right\": {\n                      \"raw_text\": \"or blood pressure > 140/90 mmHg.\"\n                    }\n                  }\n                }\n              }\n            }\n          }\n        }\n      },\n      \"right\": {\n        \"AND\": {\n          \"left\": {\n            \"OR\": {\n              \"left\": {\n                \"raw_text\": \"Present alcoholism or drug abuse\"\n                },\n                \"right\": {\n                  \"OR\": {\n                    \"left\": {\n                      \"raw_text\": \"or use of medications that could interfere with the treatment including\"\n                    },\n                    \"right\": {\n                      \"OR\": {\n                        \"left\": {\n                          \"raw_text\": \"bronchodilators\"\n                        },\n                        \"right\": {\n                          \"OR\": {\n                            \"left\": {\n                              \"raw_text\": \"quinolone antibiotics\"\n                            },\n                            \"right\": {\n                              \"OR\": {\n                                \"left\": {\n                                  \"raw_text\": \"monoamine oxidase inhibitors\"\n                                },\n                                \"right\": {\n                                  \"OR\": {\n                                    \"left\": {\n                                      \"raw_text\": \"anxiolytics\"\n                                    },\n                                    \"right\": {\n                                      \"OR\": {\n                                        \"left\": {\n                                          \"raw_text\": \"ranitidine\"\n                                        },\n                                        \"right\": {\n                                          \"raw_text\": \"corticosteroids, growth hormone, antihypertensives.\"\n                                        }\n                                      }\n                                    }\n                                  }\n                                }\n                              }\n                            }\n                          }\n                        }\n                      }\n                    }\n                  }\n                }\n              }\n            }\n          }\n        }\n      }\n    }\n  }\n}" 

Die Daten wurden erfolgreich in '/work/eauten2s/ec_criteria_struct/transform_chia/model_output/Llama-3-8B-Instruct_3_shot/Llama-3-8B-Instruct_NCT00305097_exc_3_shot.json' gespeichert.
File: NCT00305097_inc 

Das File: /work/eauten2s/ec_criteria_struct/transform_chia/input/half_clinical_trials/NCT00305097_inc.txt wurde erfolgreich geladen.

 Llama-3-8B-Instruct Output: 
  "{\n  \"AND\": {\n    \"left\": {\n      \"AND\": {\n        \"left\": {\n          \"raw_text\": \"Aged at least 18 years\"\n        },\n        \"right\": {\n          \"AND\": {\n            \"left\": {\n              \"raw_text\": \"with an ability and willingness to give written informed consent.\"\n            }\n          }\n        }\n      }\n    },\n    \"right\": {\n      \"AND\": {\n        \"left\": {\n          \"AND\": {\n            \"left\": {\n              \"raw_text\": \"Body mass index\"\n            },\n            \"right\": {\n              \"AND\": {\n                \"left\": {\n                  \"raw_text\": \"25-35 kg/m2\"\n                }\n              }\n            }\n          }\n        },\n        \"right\": {\n          \"AND\": {\n            \"left\": {\n              \"OR\": {\n                \"left\": {\n                  \"raw_text\": \"Users of at least 2 cups of caffeinated coffee per day\"\n                },\n                \"right\": {\n                  \"AND\": {\n                    \"left\": {\n                      \"raw_text\": \"who are willing to be randomized to any of the interventions.\"\n                    }\n                  }\n                }\n              }\n            },\n            \"right\": {\n              \"AND\": {\n                \"left\": {\n                  \"raw_text\": \"Non-smoking\"\n                }\n              }\n            }\n          }\n        }\n      }\n    }\n  }\n}" 

Die Daten wurden erfolgreich in '/work/eauten2s/ec_criteria_struct/transform_chia/model_output/Llama-3-8B-Instruct_3_shot/Llama-3-8B-Instruct_NCT00305097_inc_3_shot.json' gespeichert.
File: NCT00312429_exc 

Das File: /work/eauten2s/ec_criteria_struct/transform_chia/input/half_clinical_trials/NCT00312429_exc.txt wurde erfolgreich geladen.

 Llama-3-8B-Instruct Output: 
  "{\n  \"AND\": {\n    \"left\": {\n      \"AND\": {\n        \"left\": {\n          \"raw_text\": \"Undergoing Interleukin-2 (IL-2) therapy\"\n        },\n        \"right\": {\n          \"NOT\": {\n            \"left\": {\n              \"AND\": {\n                \"left\": {\n                  \"raw_text\": \"within 8 weeks of study entry\"\n                }\n              }\n            }\n          }\n        }\n      }\n    },\n    \"right\": {\n      \"AND\": {\n        \"left\": {\n          \"OR\": {\n            \"left\": {\n              \"raw_text\": \"Diagnosed with a medical\"\n            },\n            \"right\": {\n              \"OR\": {\n                \"left\": {\n                  \"raw_text\": \"or psychiatric illness that may interfere with study participation\"\n                }\n              }\n            }\n          }\n        },\n        \"right\": {\n          \"OR\": {\n            \"left\": {\n              \"raw_text\": \"Pregnant\"\n            }\n          }\n        }\n      }\n    }\n  }\n}" 

Die Daten wurden erfolgreich in '/work/eauten2s/ec_criteria_struct/transform_chia/model_output/Llama-3-8B-Instruct_3_shot/Llama-3-8B-Instruct_NCT00312429_exc_3_shot.json' gespeichert.
File: NCT00312429_inc 

Das File: /work/eauten2s/ec_criteria_struct/transform_chia/input/half_clinical_trials/NCT00312429_inc.txt wurde erfolgreich geladen.

 Llama-3-8B-Instruct Output: 
  "{\n  \"AND\": {\n    \"left\": {\n      \"AND\": {\n        \"left\": {\n          \"raw_text\": \"Diagnosis reviewed at transplant center and confirmed to fit the criterion for high risk blood disease or cancer, as defined for the study\"\n        },\n        \"right\": {\n          \"AND\": {\n            \"left\": {\n              \"raw_text\": \"Estimated life expectancy of at least 6 weeks following study entry\"\n            },\n            \"right\": {\n              \"AND\": {\n                \"left\": {\n                  \"raw_text\": \"Cancer and Leukemia Group B (CALGB) performance status less than or equal to 2\"\n                },\n                \"right\": {\n                  \"AND\": {\n                    \"left\": {\n                      \"AND\": {\n                        \"left\": {\n                          \"raw_text\": \"White blood cell count, platelet, hematocrit, tuberculosis, aspartate aminotransferase (AST), alanine aminotransferase (ALT), alkaline phosphatase, creatinine, and HIV test results reviewed by transplant center\"\n                        },\n                        \"right\": {\n                          \"AND\": {\n                            \"left\": {\n                              \"raw_text\": \"Multiple gated acquisition (MUGA), echocardiogram, cardiac MRI, and/or pulmonary function tests (PFT) performed and reviewed by transplant center\"\n                            },\n                            \"right\": {\n                              \"AND\": {\n                                \"left\": {\n                                  \"raw_text\": \"(for individuals with an ejection fraction and diffusing capacity [DLCO] of 40-50%, the appropriate cardiology or pulmonary consultations should be considered if the individual has severe heart or lung disease at the initiation of therapy)\"\n                                },\n                                \"right\": {\n                                  \"AND\": {\n                                    \"left\": {\n                                      \"raw_text\": \"Sufficient number of umbilical cord blood units available for transplantation\"\n                                    },\n                                    \"right\": {\n                                      \"AND\": {\n                                        \"left\": {\n                                          \"OR\": {\n                                            \"left\": {\n                                              \"raw_text\": \"If female, willing to use contraception throughout the study\"\n                                            }\n                                          }\n                                        }\n                                      }\n                                    }\n                                  }\n                                }\n                              }\n                            }\n                          }\n                        }\n                      }\n                    }\n                  }\n                }\n              }\n            }\n          }\n        }\n      }\n    }\n  }\n}" 

Die Daten wurden erfolgreich in '/work/eauten2s/ec_criteria_struct/transform_chia/model_output/Llama-3-8B-Instruct_3_shot/Llama-3-8B-Instruct_NCT00312429_inc_3_shot.json' gespeichert.
File: NCT00317148_exc 

Das File: /work/eauten2s/ec_criteria_struct/transform_chia/input/half_clinical_trials/NCT00317148_exc.txt wurde erfolgreich geladen.

 Llama-3-8B-Instruct Output: 
  "{\n  \"AND\": {\n    \"left\": {\n      \"OR\": {\n        \"left\": {\n          \"raw_text\": \"Body mass index (BMI) of 35 kg/m2 or more.\"\n        }\n      }\n    },\n    \"right\": {\n      \"AND\": {\n        \"left\": {\n          \"raw_text\": \"Significant metabolic and endocrine diseases.\"\n        },\n        \"right\": {\n          \"OR\": {\n            \"left\": {\n              \"raw_text\": \"Diagnosis of cancer.\"\n            }\n          }\n        }\n      }\n    }\n  }\n}\n{\n  \"AND\": {\n    \"left\": {\n      \"OR\": {\n        \"left\": {\n          \"raw_text\": \"Use of steroids or drugs that interfere with the metabolism of estrogen.\"\n        }\n      }\n    },\n    \"right\": {\n      \"AND\": {\n        \"left\": {\n          \"raw_text\": \"Use of any systemic estrogen, progestin, or DHEA in the eight weeks prior to randomization.\"\n        },\n        \"right\": {\n          \"AND\": {\n            \"left\": {\n              \"raw_text\": \"Use of alternative therapies or natural products to treat postmenopausal symptoms in the four weeks prior to randomization.\"\n            }\n          }\n        }\n      }\n    }\n  }\n}\n{\n  \"AND\": {\n    \"left\": {\n      \"OR\": {\n        \"left\": {\n          \"raw_text\": \"Palpable fibroids or uterine prolapse: Grade 2 or 3.\"\n        }\n      }\n    },\n    \"right\": {\n      \"OR\": {\n        \"left\": {\n          \"raw_text\": \"Cigarette smoking\"\n        }\n      }\n    }\n  }\n}" 

Die Daten wurden erfolgreich in '/work/eauten2s/ec_criteria_struct/transform_chia/model_output/Llama-3-8B-Instruct_3_shot/Llama-3-8B-Instruct_NCT00317148_exc_3_shot.json' gespeichert.
File: NCT00317148_inc 

Das File: /work/eauten2s/ec_criteria_struct/transform_chia/input/half_clinical_trials/NCT00317148_inc.txt wurde erfolgreich geladen.

 Llama-3-8B-Instruct Output: 
  "{\n  \"AND\": {\n    \"left\": {\n      \"AND\": {\n        \"left\": {\n          \"raw_text\": \"Healthy postmenopausal women\"\n        },\n        \"right\": {\n          \"AND\": {\n            \"left\": {\n              \"raw_text\": \"with 50 or more moderate to severe hot flushes.\"\n            }\n          }\n        }\n      }\n    },\n    \"right\": {\n      \"AND\": {\n        \"left\": {\n          \"raw_text\": \"Women between 40 to 70 years of age.\"\n        }\n      }\n    }\n  }\n}" 

Die Daten wurden erfolgreich in '/work/eauten2s/ec_criteria_struct/transform_chia/model_output/Llama-3-8B-Instruct_3_shot/Llama-3-8B-Instruct_NCT00317148_inc_3_shot.json' gespeichert.
File: NCT00319748_exc 

Das File: /work/eauten2s/ec_criteria_struct/transform_chia/input/half_clinical_trials/NCT00319748_exc.txt wurde erfolgreich geladen.

 Llama-3-8B-Instruct Output: 
  "{\n  \"AND\": {\n    \"left\": {\n      \"AND\": {\n        \"left\": {\n          \"raw_text\": \"Had/have the following prior/concurrent therapy:\"\n        },\n        \"right\": {\n          \"OR\": {\n            \"left\": {\n              \"AND\": {\n                \"left\": {\n                  \"raw_text\": \"Systemic corticosteroids (oral or injectable) within 7 days of first dose of 852A\"\n                },\n                \"right\": {\n                  \"NOT\": {\n                    \"left\": {\n                      \"OR\": {\n                        \"left\": {\n                          \"raw_text\": \"topical or inhaled steroids are allowed\"\n                        }\n                      }\n                    }\n                  }\n                }\n              }\n            },\n            \"right\": {\n              \"AND\": {\n                \"left\": {\n                  \"raw_text\": \"Investigational drugs/agents within 14 days of first dose of 852A\"\n                },\n                \"right\": {\n                  \"NOT\": {\n                    \"left\": {\n                      \"OR\": {\n                        \"left\": {\n                          \"raw_text\": \"Immunosuppressive therapy, including cytotoxic agents within 14 days of first dose of 852A\"\n                        },\n                        \"right\": {\n                          \"OR\": {\n                            \"left\": {\n                              \"raw_text\": \"(nitrosoureas within 30 days of first dose)\"\n                            }\n                          }\n                        }\n                      }\n                    }\n                  }\n                }\n              }\n            },\n            \"right\": {\n              \"AND\": {\n                \"left\": {\n                  \"OR\": {\n                    \"left\": {\n                      \"raw_text\": \"Drugs known to induce QT interval prolongation and/or induce Torsades de pointes unless best available drug required to treat life-threatening conditions\"\n                    }\n                  }\n                },\n                \"right\": {\n                  \"AND\": {\n                    \"left\": {\n                      \"raw_text\": \"Radiotherapy within 3 weeks of the first dose of 852A\"\n                    },\n                    \"right\": {\n                      \"AND\": {\n                        \"left\": {\n                          \"raw_text\": \"Hematopoietic cell transplantation within 4 weeks of first dose of 852A\"\n                        },\n                        \"right\": {\n                          \"AND\": {\n                            \"left\": {\n                              \"raw_text\": \"Evidence of active infection within 3 days of first dose of 852A\"\n                            },\n                            \"right\": {\n                              \"OR\": {\n                                \"left\": {\n                                  \"raw_text\": \"Active fungal infection or pulmonary infiltrates (prior treated disease stable for 2 weeks is allowable)\"\n                                },\n                                \"right\": {\n                                  \"OR\": {\n                                    \"left\": {\n                                      \"raw_text\": \"Cardiac ischemia, cardiac arrhythmias or congestive heart failure uncontrolled by medication\"\n                                    },\n                                    \"right\": {\n                                      \"OR\": {\n                                        \"left\": {\n                                          \"raw_text\": \"History of, or clinical evidence of, a condition which, in the opinion of the investigator, could confound the results of the study or put the subject at undue risk\"\n                                        },\n                                        \"right\": {\n                                          \"OR\": {\n                                            \"left\": {\n                                              \"raw_text\": \"Uncontrolled intercurrent or chronic illness\"\n                                            },\n                                            \"right\": {\n                                              \"OR\": {\n                                                \"left\": {\n                                                  \"raw_text\": \"Active autoimmune disease requiring immunosuppressive therapy within 30 days\"\n                                                },\n                                                \"right\": {\n                                                  \"OR\": {\n                                                    \"left\": {\n                                                      \"raw_text\": \"Active coagulation disorder not controlled with medication\"\n                                                    },\n                                                    \"right\": {\n                                                      \"OR\": {\n                                                        \"left\": {\n                                                          \"raw_text\": \"Pregnant or lactating\"\n                                                        },\n                                                        \"right\": {\n                                                          \"OR\": {\n                                                            \"left\": {\n                                                              \"raw_text\": \"Concurrent malignancy (if in remission, at least 5 years disease free) except for localized (in-situ) disease, basal carcinomas and cutaneous squamous cell carcinomas that have been adequately treated\"\n                                                            },\n                                                            \"right\": {\n                                                              \"OR\": {\n                                                                \"left\": {\n                                                                  \"raw_text\": \"Any history of brain metastases or any other active central nervous system (CNS) disease\"\n                                                                }\n                                                              }\n                                                            }\n                                                          }\n                                                        }\n                                                      }\n                                                    }\n                                                  }\n                                                }\n                                              }\n                                            }\n                                          }\n                                        }\n                                      }\n                                    }\n                                  }\n                                }\n                              }\n                            }\n                          }\n                        }\n                      }\n                    }\n                  }\n                }\n              }\n            }\n          }\n        }\n      }\n    }\n  }\n}" 

Die Daten wurden erfolgreich in '/work/eauten2s/ec_criteria_struct/transform_chia/model_output/Llama-3-8B-Instruct_3_shot/Llama-3-8B-Instruct_NCT00319748_exc_3_shot.json' gespeichert.
File: NCT00319748_inc 

Das File: /work/eauten2s/ec_criteria_struct/transform_chia/input/half_clinical_trials/NCT00319748_inc.txt wurde erfolgreich geladen.

 Llama-3-8B-Instruct Output: 
  "{\n  \"AND\": {\n    \"left\": {\n      \"AND\": {\n        \"left\": {\n          \"raw_text\": \"Adequate performance status:\"\n        },\n        \"right\": {\n          \"OR\": {\n            \"left\": {\n              \"raw_text\": \"Breast - Karnofsky score > 50;\"\n            },\n            \"right\": {\n              \"raw_text\": \"Ovarian, endometrial or cervical - Gynecologic Oncology Group (GOG) performance score ≤2\"\n            }\n          }\n        }\n      },\n      \"right\": {\n        \"AND\": {\n          \"left\": {\n            \"raw_text\": \"If female and of childbearing potential, are willing to use adequate contraception (hormonal, barrier method, abstinence) prior to study entry and for the duration of study participation.\"\n          },\n          \"right\": {\n            \"AND\": {\n              \"left\": {\n                \"raw_text\": \"Normal organ function within 14 days of study entry\"\n              },\n              \"right\": {\n                \"AND\": {\n                  \"left\": {\n                    \"OR\": {\n                      \"left\": {\n                        \"raw_text\": \"Diagnosis of one of the following malignancies:\"\n                      },\n                      \"right\": {\n                        \"OR\": {\n                          \"left\": {\n                            \"raw_text\": \"Metastatic breast cancer (BR)\"\n                          },\n                          \"right\": {\n                            \"OR\": {\n                              \"left\": {\n                                \"raw_text\": \"Metastatic ovarian cancer (OV)\"\n                              },\n                              \"right\": {\n                                \"OR\": {\n                                  \"left\": {\n                                    \"raw_text\": \"Metastatic endometrial cancer (EM)\"\n                                  },\n                                  \"right\": {\n                                    \"raw_text\": \"Metastatic cervical cancer (CX)\"\n                                  }\n                                }\n                              }\n                            }\n                          }\n                        }\n                      }\n                    }\n                  },\n                  \"right\": {\n                    \"AND\": {\n                      \"left\": {\n                        \"raw_text\": \"Measurable metastatic disease (>1cm) in at least one site other than bone-only\"\n                      },\n                      \"right\": {\n                        \"AND\": {\n                          \"left\": {\n                            \"raw_text\": \"Progression on or failure to respond to at least one previous chemotherapy regimen for metastatic disease\"\n                          },\n                          \"right\": {\n                            \"AND\": {\n                              \"left\": {\n                                \"OR\": {\n                                  \"left\": {\n                                    \"raw_text\": \"Progression on prior therapy with a hormonal agent if estrogen receptor or progesterone receptor positive, and/or with trastuzumab if HER2-neu positive.\"\n                                  },\n                                  \"right\": {\n                                    \"AND\": {\n                                      \"left\": {\n                                        \"raw_text\": \"If patient has progressed through hormone or trastuzumab therapy only, must have received one chemotherapy regimen.\"\n                                      }\n                                    }\n                                  }\n                                }\n                              },\n                              \"right\": {\n                                \"AND\": {\n                                  \"left\": {\n                                    \"raw_text\": \"Measurable metastatic disease as defined by Response Evaluation Criteria in Solid Tumors (RECIST)\"\n                                  },\n                                  \"right\": {\n                                    \"AND\": {\n                                      \"left\": {\n                                        \"raw_text\": \"Primary tumor must have been diagnosed histologically as either epithelial ovarian cancer, fallopian tube cancer, or primary peritoneal cancer (not borderline or low malignant potential epithelial carcinoma).\"\n                                      },\n                                      \"right\": {\n                                        \"AND\": {\n                                          \"left\": {\n                                            \"raw_text\": \"Subjects must have failed at least two previous chemotherapy regimens. Paclitaxel must have been a component of one or both regimens and cisplatin or carboplatin must have been a component of one or both regimens.\"\n                                          },\n                                          \"right\": {\n                                            \"AND\": {\n                                              \"left\": {\n                                                \"raw_text\": \"Measurable metastatic disease\"\n                                              },\n                                              \"right\": {\n                                                \"AND\": {\n                                                  \"left\": {\n                                                    \"raw_text\": \"Histologically proven recurrent or persistent endometrial cancer that is not amenable to curative treatment with surgery and/or radiation therapy AND has failed 2 previous treatment regimens\"\n                                                  },\n                                                  \"right\": {\n                                                    \"AND\": {\n                                                      \"left\": {\n                                                        \"raw_text\": \"Histologically proven recurrent or persistent squamous cell carcinoma, adenosquamous carcinoma, or adenocarcinoma of the cervix that is not amenable to curative treatment with surgery and/or radiation therapy AND has failed 2 previous treatment regimens.\"\n                                                      }\n                                                    }\n                                                  }\n                                                }\n                                              }\n                                            }\n                                          }\n                                        }\n                                      }\n                                    }\n                                  }\n                                }\n                              }\n                            }\n                          }\n                        }\n                      }\n                    }\n                  }\n                }\n              }\n            }\n          }\n        }\n      }\n    }\n  }\n}" 

Die Daten wurden erfolgreich in '/work/eauten2s/ec_criteria_struct/transform_chia/model_output/Llama-3-8B-Instruct_3_shot/Llama-3-8B-Instruct_NCT00319748_inc_3_shot.json' gespeichert.
File: NCT00324363_exc 

Das File: /work/eauten2s/ec_criteria_struct/transform_chia/input/half_clinical_trials/NCT00324363_exc.txt wurde erfolgreich geladen.

 Llama-3-8B-Instruct Output: 
  "{\n  \"AND\": {\n    \"left\": {\n      \"OR\": {\n        \"left\": {\n          \"raw_text\": \"Have participated in this study previously\"\n        },\n        \"right\": {\n          \"OR\": {\n            \"left\": {\n              \"raw_text\": \"or any other study using exenatide\"\n            },\n            \"right\": {\n              \"raw_text\": \"or GLP-1 analogs.\"\n            }\n          }\n        }\n      }\n    },\n    \"right\": {\n      \"AND\": {\n        \"left\": {\n          \"OR\": {\n            \"left\": {\n              \"raw_text\": \"Have participated in an interventional\"\n            },\n            \"right\": {\n              \"OR\": {\n                \"left\": {\n                  \"raw_text\": \"medical study\"\n                },\n                \"right\": {\n                  \"OR\": {\n                    \"left\": {\n                      \"raw_text\": \"or surgical study\"\n                    },\n                    \"right\": {\n                      \"raw_text\": \"or pharmaceutical study within 30 days of screening.\"\n                    }\n                  }\n                }\n              }\n            }\n          }\n        },\n        \"right\": {\n          \"AND\": {\n            \"left\": {\n              \"OR\": {\n                \"left\": {\n                  \"raw_text\": \"Have characteristics contraindicating metformin\"\n                },\n                \"right\": {\n                  \"raw_text\": \"or sulfonylurea use.\"\n                }\n              }\n            },\n            \"right\": {\n              \"AND\": {\n                \"left\": {\n                  \"OR\": {\n                    \"left\": {\n                      \"raw_text\": \"Have been treated with exogenous insulin\"\n                    },\n                    \"right\": {\n                      \"raw_text\": \"for more than 1 week within the 3 months prior to screening.\"\n                    }\n                  }\n                },\n                \"right\": {\n                  \"OR\": {\n                    \"left\": {\n                      \"raw_text\": \"Have used drugs for weight loss\"\n                    },\n                    \"right\": {\n                      \"raw_text\": \"within 1 month of screening.\"\n                    }\n                  }\n                }\n              }\n            }\n          }\n        }\n      }\n    }\n  }\n}" 

Die Daten wurden erfolgreich in '/work/eauten2s/ec_criteria_struct/transform_chia/model_output/Llama-3-8B-Instruct_3_shot/Llama-3-8B-Instruct_NCT00324363_exc_3_shot.json' gespeichert.
File: NCT00324363_inc 

Das File: /work/eauten2s/ec_criteria_struct/transform_chia/input/half_clinical_trials/NCT00324363_inc.txt wurde erfolgreich geladen.

 Llama-3-8B-Instruct Output: 
  "{\n  \"AND\": {\n    \"left\": {\n      \"AND\": {\n        \"left\": {\n          \"raw_text\": \"Treated with a stable dose of one of the following for at least 3 months prior to screening:\"\n        },\n        \"right\": {\n          \"OR\": {\n            \"left\": {\n              \"AND\": {\n                \"left\": {\n                  \"raw_text\": \"* >=1000 mg/day immediate-release metformin;\"\n                },\n                \"right\": {\n                  \"OR\": {\n                    \"left\": {\n                      \"raw_text\": \"or metformin >=1000 mg/day and sulfonylurea;\"\n                    },\n                    \"right\": {\n                      \"raw_text\": \"or sulfonylurea/metformin combination therapy.\"\n                    }\n                  }\n                }\n              }\n            }\n          }\n        }\n      },\n      \"right\": {\n        \"AND\": {\n          \"left\": {\n            \"raw_text\": \"HbA1c between 7.1% and 11.0%, inclusive.\"\n          },\n          \"right\": {\n            \"AND\": {\n              \"left\": {\n                \"raw_text\": \"Body Mass Index (BMI) >21 kg/m^2\"\n              },\n              \"right\": {\n                \"AND\": {\n                  \"left\": {\n                    \"raw_text\": \"and <35 kg/m^2.\"\n                  }\n                }\n              }\n            }\n          }\n        }\n      }\n    }\n  }\n}" 

Die Daten wurden erfolgreich in '/work/eauten2s/ec_criteria_struct/transform_chia/model_output/Llama-3-8B-Instruct_3_shot/Llama-3-8B-Instruct_NCT00324363_inc_3_shot.json' gespeichert.
File: NCT00343668_exc 

Das File: /work/eauten2s/ec_criteria_struct/transform_chia/input/half_clinical_trials/NCT00343668_exc.txt wurde erfolgreich geladen.

 Llama-3-8B-Instruct Output: 
  "{\n  \"AND\": {\n    \"left\": {\n      \"NOT\": {\n        \"left\": {\n          \"raw_text\": \"Other tumor type than adenocarcinoma\"\n        }\n      }\n    },\n    \"right\": {\n      \"AND\": {\n        \"left\": {\n          \"OR\": {\n            \"left\": {\n              \"raw_text\": \"Central nervous system (CNS) metastases\"\n            },\n            \"right\": {\n              \"raw_text\": \"or prior radiation for CNS metastases\"\n            }\n          }\n        },\n        \"right\": {\n          \"AND\": {\n            \"left\": {\n              \"OR\": {\n                \"left\": {\n                  \"raw_text\": \"Gastric outlet obstruction\"\n                },\n                \"right\": {\n                  \"raw_text\": \"or intestinal obstruction\"\n                }\n              }\n            },\n            \"right\": {\n              \"AND\": {\n                \"left\": {\n                  \"raw_text\": \"Evidence of gastrointestinal bleeding\"\n                }\n              }\n            }\n          }\n        }\n      }\n    }\n  },\n  \"AND\": {\n    \"left\": {\n      \"AND\": {\n        \"left\": {\n          \"raw_text\": \"The patient has bony lesions as the sole evaluable disease.\"\n        },\n        \"right\": {\n          \"NOT\": {\n            \"left\": {\n              \"OR\": {\n                \"left\": {\n                  \"raw_text\": \"Past or concurrent history of neoplasm other than stomach cancer\"\n                },\n                \"right\": {\n                  \"NOT\": {\n                    \"left\": {\n                      \"OR\": {\n                        \"left\": {\n                          \"raw_text\": \"except for curatively treated non-melanoma skin cancer\"\n                        },\n                        \"right\": {\n                          \"raw_text\": \"or in situ carcinoma of the cervix uteri\"\n                        }\n                      }\n                    }\n                  }\n                }\n              }\n            }\n          }\n        }\n      }\n    },\n    \"right\": {\n      \"AND\": {\n        \"left\": {\n          \"OR\": {\n            \"left\": {\n              \"raw_text\": \"Pregnant or lactating women\"\n            },\n            \"right\": {\n              \"raw_text\": \"women of childbearing potential not employing adequate contraception\"\n            }\n          }\n        },\n        \"right\": {\n          \"AND\": {\n            \"left\": {\n              \"OR\": {\n                \"left\": {\n                  \"raw_text\": \"Other serious illness or medical conditions\"\n                },\n                \"right\": {\n                  \"raw_text\": \"or unstable cardiac disease despite treatment\"\n                }\n              }\n            },\n            \"right\": {\n              \"AND\": {\n                \"left\": {\n                  \"raw_text\": \"myocardial infarction within 6 months prior to study entry\"\n                }\n              }\n            }\n          }\n        }\n      }\n    }\n  },\n  \"AND\": {\n    \"left\": {\n      \"AND\": {\n        \"left\": {\n          \"OR\": {\n            \"left\": {\n              \"raw_text\": \"History of significant neurologic or psychiatric disorders\"\n            },\n            \"right\": {\n              \"raw_text\": \"including dementia or seizures\"\n            }\n          }\n        },\n        \"right\": {\n          \"AND\": {\n            \"left\": {\n              \"raw_text\": \"Active uncontrolled infection\"\n            },\n            \"right\": {\n              \"AND\": {\n                \"left\": {\n                  \"raw_text\": \"Other serious underlying medical conditions which could impair the ability of the patient to participate in the study\"\n                }\n              }\n            }\n          }\n        }\n      }\n    },\n    \"right\": {\n      \"AND\": {\n        \"left\": {\n          \"OR\": {\n            \"left\": {\n              \"raw_text\": \"Concomitant administration of any other experimental drug under investigation\"\n            },\n            \"right\": {\n              \"raw_text\": \"or concomitant chemotherapy, hormonal therapy, or immunotherapy\"\n            }\n          }\n        },\n        \"right\": {\n          \"AND\": {\n            \"left\": {\n              \"raw_text\": \"concomitant drug medication; The following drugs cause drug interaction with S-1.\"\n            },\n            \"right\": {\n              \"OR\": {\n                \"left\": {\n                  \"raw_text\": \"i. Warfarin, phenprocoumon: increase bleeding tendency\"\n                },\n                \"right\": {\n                  \"OR\": {\n                    \"left\": {\n                      \"raw_text\": \"ii. Increase blood concentration of phenytoin\"\n                    },\n                    \"right\": {\n                      \"OR\": {\n                        \"left\": {\n                          \"raw_text\": \"iii. sorivudine: inhibit DPD -> increase toxicity according to fluoropyrimidine\"\n                        },\n                        \"right\": {\n                          \"OR\": {\n                            \"left\": {\n                              \"raw_text\": \"iv. allopurinol : decrease activity of S-1\"\n                            }\n                          }\n                        }\n                      }\n                    }\n                  }\n                }\n              }\n            }\n          }\n        }\n      }\n    }\n  }\n}" 

Die Daten wurden erfolgreich in '/work/eauten2s/ec_criteria_struct/transform_chia/model_output/Llama-3-8B-Instruct_3_shot/Llama-3-8B-Instruct_NCT00343668_exc_3_shot.json' gespeichert.
File: NCT00343668_inc 

Das File: /work/eauten2s/ec_criteria_struct/transform_chia/input/half_clinical_trials/NCT00343668_inc.txt wurde erfolgreich geladen.

 Llama-3-8B-Instruct Output: 
  "{\n  \"AND\": {\n    \"left\": {\n      \"AND\": {\n        \"left\": {\n          \"raw_text\": \"Pathologically proven unresectable adenocarcinoma of stomach\"\n        },\n        \"right\": {\n          \"AND\": {\n            \"left\": {\n              \"raw_text\": \"With uni-dimensionally measurable disease (at least longest diameter 2 cm on conventional CT scan, x-ray or physical examination, or 1cm on spiral CT scan)\"\n            },\n            \"right\": {\n              \"AND\": {\n                \"left\": {\n                  \"raw_text\": \"Age 18 to 70 years old\"\n                },\n                \"right\": {\n                  \"AND\": {\n                    \"left\": {\n                      \"raw_text\": \"Estimated life expectancy of more than 3 months\"\n                    },\n                    \"right\": {\n                      \"AND\": {\n                        \"left\": {\n                          \"raw_text\": \"ECOG performance status of 2 or lower\"\n                        },\n                        \"right\": {\n                          \"AND\": {\n                            \"left\": {\n                              \"AND\": {\n                                \"left\": {\n                                  \"raw_text\": \"Adequate bone marrow function\" 

Die Daten wurden erfolgreich in '/work/eauten2s/ec_criteria_struct/transform_chia/model_output/Llama-3-8B-Instruct_3_shot/Llama-3-8B-Instruct_NCT00343668_inc_3_shot.json' gespeichert.
File: NCT00344318_exc 

Das File: /work/eauten2s/ec_criteria_struct/transform_chia/input/half_clinical_trials/NCT00344318_exc.txt wurde erfolgreich geladen.

 Llama-3-8B-Instruct Output: 
  "{\n  \"AND\": {\n    \"left\": {\n      \"OR\": {\n        \"left\": {\n          \"raw_text\": \"Use of any investigational or non-registered product (drug or vaccine) other than the study vaccine(s) within 30 days preceding the first dose of study vaccine, or planned use during the study period\"\n        },\n        \"right\": {\n          \"raw_text\": \"\"\n        }\n      }\n    },\n    \"right\": {\n      \"AND\": {\n        \"left\": {\n          \"AND\": {\n            \"left\": {\n              \"raw_text\": \"Chronic administration (defined as more than 14 days) of immunosuppressants or other immune-modifying drugs within six months prior to the first vaccine dose.\"\n            },\n            \"right\": {\n              \"raw_text\": \"\"\n            }\n          }\n        },\n        \"right\": {\n          \"AND\": {\n            \"left\": {\n              \"AND\": {\n                \"left\": {\n                  \"raw_text\": \"Planned administration/ administration of a vaccine not foreseen by the study protocol during the period starting one month before each dose of vaccine(s) and ending 7 days after dose 1 and dose 2 or 1 month after dose 3.\"\n                },\n                \"right\": {\n                  \"raw_text\": \"\"\n                }\n              }\n            },\n            \"right\": {\n              \"AND\": {\n                \"left\": {\n                  \"OR\": {\n                    \"left\": {\n                      \"raw_text\": \"Previous vaccination against diphtheria, tetanus, pertussis, polio, hepatitis B, Haemophilus influenzae type b, and/or S. pneumoniae with the exception of vaccines where the first dose can be given within the first two weeks of life according to the national recommendations\"\n                    },\n                    \"right\": {\n                      \"raw_text\": \"\"\n                    }\n                  }\n                },\n                \"right\": {\n                  \"AND\": {\n                    \"left\": {\n                      \"OR\": {\n                        \"left\": {\n                          \"raw_text\": \"History of or intercurrent diphtheria, tetanus, pertussis, hepatitis B, polio, and Haemophilus influenzae type b diseases.\"\n                        },\n                        \"right\": {\n                          \"raw_text\": \"\"\n                        }\n                      }\n                    },\n                    \"right\": {\n                      \"AND\": {\n                        \"left\": {\n                          \"OR\": {\n                            \"left\": {\n                              \"raw_text\": \"History of allergic disease or reactions likely to be exacerbated by any component of the vaccines.\"\n                            },\n                            \"right\": {\n                              \"raw_text\": \"\"\n                            }\n                          }\n                        },\n                        \"right\": {\n                          \"AND\": {\n                            \"left\": {\n                              \"OR\": {\n                                \"left\": {\n                                  \"raw_text\": \"History of seizures (this criterion does not apply to subjects who have had a single, uncomplicated febrile convulsion in the past) or neurological disease.\"\n                                },\n                                \"right\": {\n                                  \"raw_text\": \"\"\n                                }\n                              }\n                            },\n                            \"right\": {\n                              \"AND\": {\n                                \"left\": {\n                                  \"raw_text\": \"Acute disease at the time of enrolment\"\n                                },\n                                \"right\": {\n                                  \"raw_text\": \"\"\n                                }\n                              }\n                            }\n                          }\n                        }\n                      }\n                    }\n                  }\n                }\n              }\n            }\n          }\n        }\n      }\n    }\n  }\n}" 

Die Daten wurden erfolgreich in '/work/eauten2s/ec_criteria_struct/transform_chia/model_output/Llama-3-8B-Instruct_3_shot/Llama-3-8B-Instruct_NCT00344318_exc_3_shot.json' gespeichert.
File: NCT00344318_inc 

Das File: /work/eauten2s/ec_criteria_struct/transform_chia/input/half_clinical_trials/NCT00344318_inc.txt wurde erfolgreich geladen.

 Llama-3-8B-Instruct Output: 
  "{\n  \"AND\": {\n    \"left\": {\n      \"OR\": {\n        \"left\": {\n          \"raw_text\": \"Male\"\n        },\n        \"right\": {\n          \"raw_text\": \"or female\"\n        }\n      },\n      \"right\": {\n        \"AND\": {\n          \"left\": {\n            \"AND\": {\n              \"left\": {\n                \"raw_text\": \"between, and including,\"\n              },\n              \"right\": {\n                \"raw_text\": \"6-12 weeks (42 to 90 days) of age at the time of the first vaccination.\"\n              }\n            }\n          },\n          \"right\": {\n            \"AND\": {\n              \"left\": {\n                \"raw_text\": \"Subjects for whom the investigator believes that their parents/guardians can and will comply with the requirements of the protocol\"\n              },\n              \"right\": {\n                \"AND\": {\n                  \"left\": {\n                    \"raw_text\": \"Written informed consent obtained from the parent or guardian of the subject.\"\n                  },\n                  \"right\": {\n                    \"AND\": {\n                      \"left\": {\n                        \"raw_text\": \"Free of obvious health problems as established by medical history and clinical examination before entering into the study.\"\n                      },\n                      \"right\": {\n                        \"AND\": {\n                          \"left\": {\n                            \"raw_text\": \"Born after a gestation period\"\n                          },\n                          \"right\": {\n                            \"AND\": {\n                              \"left\": {\n                                \"raw_text\": \"between 36 and 42 weeks.\"\n                              }\n                            }\n                          }\n                        }\n                      }\n                    }\n                  }\n                }\n              }\n            }\n          }\n        }\n      }\n    }\n  }\n}" 

Die Daten wurden erfolgreich in '/work/eauten2s/ec_criteria_struct/transform_chia/model_output/Llama-3-8B-Instruct_3_shot/Llama-3-8B-Instruct_NCT00344318_inc_3_shot.json' gespeichert.
File: NCT00351611_exc 

Das File: /work/eauten2s/ec_criteria_struct/transform_chia/input/half_clinical_trials/NCT00351611_exc.txt wurde erfolgreich geladen.

 Llama-3-8B-Instruct Output: 
  "{\n  \"OR\": {\n    \"left\": {\n      \"raw_text\": \"Pre-existing eye diseases (glaucoma).\"\n    },\n    \"right\": {\n      \"AND\": {\n        \"left\": {\n          \"raw_text\": \"Insufficient response\"\n        },\n        \"right\": {\n          \"raw_text\": \"to pregabalin in the treatment of partial seizure, or patients currently receiving pregabalin treatment.\"\n        }\n      }\n    }\n  }\n}" 

Die Daten wurden erfolgreich in '/work/eauten2s/ec_criteria_struct/transform_chia/model_output/Llama-3-8B-Instruct_3_shot/Llama-3-8B-Instruct_NCT00351611_exc_3_shot.json' gespeichert.
File: NCT00351611_inc 

Das File: /work/eauten2s/ec_criteria_struct/transform_chia/input/half_clinical_trials/NCT00351611_inc.txt wurde erfolgreich geladen.

 Llama-3-8B-Instruct Output: 
  "{\n  \"AND\": {\n    \"left\": {\n      \"OR\": {\n        \"left\": {\n          \"raw_text\": \"Epilepsy partial seizure subjects.\"\n        }\n      }\n    },\n    \"right\": {\n      \"AND\": {\n        \"left\": {\n          \"raw_text\": \"Currently taking\"\n        },\n        \"right\": {\n          \"AND\": {\n            \"left\": {\n              \"raw_text\": \"1 to 3\"\n            },\n            \"right\": {\n              \"raw_text\": \"antiepileptic drugs.\"\n            }\n          }\n        }\n      }\n    }\n  }\n}" 

Die Daten wurden erfolgreich in '/work/eauten2s/ec_criteria_struct/transform_chia/model_output/Llama-3-8B-Instruct_3_shot/Llama-3-8B-Instruct_NCT00351611_inc_3_shot.json' gespeichert.
File: NCT00356148_exc 

Das File: /work/eauten2s/ec_criteria_struct/transform_chia/input/half_clinical_trials/NCT00356148_exc.txt wurde erfolgreich geladen.

 Llama-3-8B-Instruct Output: 
  "{\n  \"AND\": {\n    \"left\": {\n      \"OR\": {\n        \"left\": {\n          \"raw_text\": \"Ductal carcinoma in situ (DCIS; stage 0 cancer)\"\n        },\n        \"right\": {\n          \"OR\": {\n            \"left\": {\n              \"raw_text\": \"Advanced or distant metastatic stage\"\n            },\n            \"right\": {\n              \"raw_text\": \"\"\n            }\n          }\n        }\n      }\n    },\n    \"right\": {\n      \"AND\": {\n        \"left\": {\n          \"raw_text\": \"Receiving any neoadjuvant therapy\"\n        },\n        \"right\": {\n          \"AND\": {\n            \"left\": {\n              \"OR\": {\n                \"left\": {\n                  \"raw_text\": \"History of receiving any antibiotics within prior 3 months\"\n                },\n                \"right\": {\n                  \"OR\": {\n                    \"left\": {\n                      \"raw_text\": \"History of immunodeficiency\"\n                    },\n                    \"right\": {\n                      \"raw_text\": \"\"\n                    }\n                  }\n                }\n              }\n            },\n            \"right\": {\n              \"OR\": {\n                \"left\": {\n                  \"raw_text\": \"Having a remote infection\"\n                },\n                \"right\": {\n                  \"raw_text\": \"\"\n                }\n              }\n            }\n          }\n        },\n        \"right\": {\n          \"AND\": {\n            \"left\": {\n              \"OR\": {\n                \"left\": {\n                  \"raw_text\": \"History of reaction to study antibiotics\"\n                },\n                \"right\": {\n                  \"raw_text\": \"\"\n                }\n              }\n            },\n            \"right\": {\n              \"OR\": {\n                \"left\": {\n                  \"raw_text\": \"Denial of signing the consent form\"\n                },\n                \"right\": {\n                  \"raw_text\": \"\"\n                }\n              }\n            }\n          }\n        }\n      }\n    }\n  }\n}" 

Die Daten wurden erfolgreich in '/work/eauten2s/ec_criteria_struct/transform_chia/model_output/Llama-3-8B-Instruct_3_shot/Llama-3-8B-Instruct_NCT00356148_exc_3_shot.json' gespeichert.
File: NCT00356148_inc 

Das File: /work/eauten2s/ec_criteria_struct/transform_chia/input/half_clinical_trials/NCT00356148_inc.txt wurde erfolgreich geladen.

 Llama-3-8B-Instruct Output: 
  "{\n  \"AND\": {\n    \"left\": {\n      \"AND\": {\n        \"left\": {\n          \"raw_text\": \"Women at any age\"\n        },\n        \"right\": {\n          \"AND\": {\n            \"left\": {\n              \"raw_text\": \"with early stage breast cancer\"\n            },\n            \"right\": {\n              \"AND\": {\n                \"left\": {\n                  \"raw_text\": \"(stage I-II)\"\n                }\n              }\n            }\n          }\n        }\n      },\n      \"right\": {\n        \"AND\": {\n          \"left\": {\n            \"raw_text\": \"and American Society of Anesthesiologists (ASA) score of I-II.\"\n          }\n        }\n      }\n    }\n  }\n}" 

Die Daten wurden erfolgreich in '/work/eauten2s/ec_criteria_struct/transform_chia/model_output/Llama-3-8B-Instruct_3_shot/Llama-3-8B-Instruct_NCT00356148_inc_3_shot.json' gespeichert.
File: NCT00379366_exc 

Das File: /work/eauten2s/ec_criteria_struct/transform_chia/input/half_clinical_trials/NCT00379366_exc.txt wurde erfolgreich geladen.

 Llama-3-8B-Instruct Output: 
  "{\n  \"AND\": {\n    \"left\": {\n      \"OR\": {\n        \"left\": {\n          \"raw_text\": \"contra-indications of radiotherapy\"\n        },\n        \"right\": {\n          \"raw_text\": \"angioplasty with stenting\"\n        }\n      }\n    }\n  }\n}" 

Die Daten wurden erfolgreich in '/work/eauten2s/ec_criteria_struct/transform_chia/model_output/Llama-3-8B-Instruct_3_shot/Llama-3-8B-Instruct_NCT00379366_exc_3_shot.json' gespeichert.
File: NCT00379366_inc 

Das File: /work/eauten2s/ec_criteria_struct/transform_chia/input/half_clinical_trials/NCT00379366_inc.txt wurde erfolgreich geladen.

 Llama-3-8B-Instruct Output: 
  "{\n  \"AND\": {\n    \"left\": {\n      \"AND\": {\n        \"left\": {\n          \"raw_text\": \"over 18 years\"\n        },\n        \"right\": {\n          \"AND\": {\n            \"left\": {\n              \"raw_text\": \"successful angioplasty (residual stenosis < 30%)\"\n            },\n            \"right\": {\n              \"AND\": {\n                \"left\": {\n                  \"raw_text\": \"on a significant stenosis (maximal systolic speed 3 times > from basal maximal systolic speed, stenosis > 70% on angiography)\"\n                },\n                \"right\": {\n                  \"raw_text\": \"on the venous-prosthesis anastomosis or on the venous segment 5 cm after the anastomosis of a prosthetic haemodialysis vascular access (at least 1 month old)\"\n                }\n              }\n            }\n          }\n        }\n      },\n      \"right\": {\n        \"AND\": {\n          \"left\": {\n            \"raw_text\": \"social security affiliation\"\n          },\n          \"right\": {\n            \"raw_text\": \"signed informed consent\"\n          }\n        }\n      }\n    }\n  }\n}" 

Die Daten wurden erfolgreich in '/work/eauten2s/ec_criteria_struct/transform_chia/model_output/Llama-3-8B-Instruct_3_shot/Llama-3-8B-Instruct_NCT00379366_inc_3_shot.json' gespeichert.
File: NCT00391690_exc 

Das File: /work/eauten2s/ec_criteria_struct/transform_chia/input/half_clinical_trials/NCT00391690_exc.txt wurde erfolgreich geladen.

 Llama-3-8B-Instruct Output: 
  "{\n  \"AND\": {\n    \"left\": {\n      \"OR\": {\n        \"left\": {\n          \"raw_text\": \"Prior treatment with a bisphosphonate\"\n        }\n      }\n    },\n    \"right\": {\n      \"AND\": {\n        \"left\": {\n          \"NOT\": {\n            \"left\": {\n              \"OR\": {\n                \"left\": {\n                  \"raw_text\": \"Abnormal renal function as evidenced by a calculated creatinine clearance < 30 ml/minute.\"\n                }\n              }\n            }\n          }\n        },\n        \"right\": {\n          \"AND\": {\n            \"left\": {\n              \"OR\": {\n                \"left\": {\n                  \"raw_text\": \"Corrected (adjusted for serum albumin) serum calcium concentration < 8.0 mg/dl (2.00 mmol/L) or ≥ 12.0 mg/dl (3.00 mmol/L).\"\n                }\n              }\n            },\n            \"right\": {\n              \"AND\": {\n                \"left\": {\n                  \"raw_text\": \"Patients with clinically symptomatic brain metastases\"\n                },\n                \"right\": {\n                  \"OR\": {\n                    \"left\": {\n                      \"raw_text\": \"History of diseases with influence on bone metabolism such as Paget's disease\"\n                    },\n                    \"right\": {\n                      \"raw_text\": \"and primary hyperparathyroidism\"\n                    }\n                  }\n                }\n              }\n            }\n          }\n        }\n      }\n    }\n  }\n}" 

Die Daten wurden erfolgreich in '/work/eauten2s/ec_criteria_struct/transform_chia/model_output/Llama-3-8B-Instruct_3_shot/Llama-3-8B-Instruct_NCT00391690_exc_3_shot.json' gespeichert.
File: NCT00391690_inc 

Das File: /work/eauten2s/ec_criteria_struct/transform_chia/input/half_clinical_trials/NCT00391690_inc.txt wurde erfolgreich geladen.

 Llama-3-8B-Instruct Output: 
  "{\n  \"AND\": {\n    \"left\": {\n      \"AND\": {\n        \"left\": {\n          \"raw_text\": \"Patients with histologically confirmed diagnosis of prostate cancer\"\n        },\n        \"right\": {\n          \"NOT\": {\n            \"left\": {\n              \"raw_text\": \"who have not yet developed bone metastases\"\n            }\n          }\n        }\n      }\n    },\n    \"right\": {\n      \"OR\": {\n        \"left\": {\n          \"raw_text\": \"Prostate cancer patients with a rise in PSA under hormone therapy.\"\n        },\n        \"right\": {\n          \"AND\": {\n            \"left\": {\n              \"raw_text\": \"PSA criteria:\"\n            },\n            \"right\": {\n              \"AND\": {\n                \"left\": {\n                  \"OR\": {\n                    \"left\": {\n                      \"raw_text\": \"Patients who have undergone prostatectomy: any rise in PSA or\"\n                    },\n                    \"right\": {\n                      \"AND\": {\n                        \"left\": {\n                          \"raw_text\": \"Patients without prostatectomy: 2 consecutive rises in PSA levels relative to a previous reference value, separated by one month.\"\n                        },\n                        \"right\": {\n                          \"AND\": {\n                            \"left\": {\n                              \"raw_text\": \"The first measurement must occur one month after the reference value and must be above the reference value.\"\n                            },\n                            \"right\": {\n                              \"AND\": {\n                                \"left\": {\n                                  \"raw_text\": \"The second confirmatory measurement taken one month after the first measurement must be greater than the first measurement.\"\n                                }\n                              }\n                            }\n                          }\n                        }\n                      }\n                    }\n                  }\n                }\n              }\n            }\n          }\n        }\n      }\n    },\n    \"right\": {\n      \"AND\": {\n        \"left\": {\n          \"raw_text\": \"Previous chemotherapy or radiotherapy must have been performed ≥ 8 weeks prior to study entry.\"\n        },\n        \"right\": {\n          \"AND\": {\n            \"left\": {\n              \"raw_text\": \"Eastern Cooperative Oncology Group (ECOG) score of 0, 1 or 2 (patients that spend less than 50% of time in bed during the day)\"\n            },\n            \"right\": {\n              \"AND\": {\n                \"left\": {\n                  \"raw_text\": \"Adequate liver function - serum total bilirubin concentration less than 1.5 x upper limit of normal value\"\n                },\n                \"right\": {\n                  \"AND\": {\n                    \"left\": {\n                      \"raw_text\": \"Age: ≥ 18 years\"\n                    },\n                    \"right\": {\n                      \"AND\": {\n                        \"left\": {\n                          \"raw_text\": \"Patient has given written informed consent prior to any study-specific procedures.\"\n                        },\n                        \"right\": {\n                          \"NOT\": {\n                            \"left\": {\n                              \"raw_text\": \"Patients with psychiatric or addictive disorders which prevent them from giving their informed consent must not enter the study.\"\n                            }\n                          }\n                        }\n                      }\n                    }\n                  }\n                }\n              }\n            }\n          }\n        }\n      }\n    }\n  }\n}" 

Die Daten wurden erfolgreich in '/work/eauten2s/ec_criteria_struct/transform_chia/model_output/Llama-3-8B-Instruct_3_shot/Llama-3-8B-Instruct_NCT00391690_inc_3_shot.json' gespeichert.
File: NCT00396734_exc 

Das File: /work/eauten2s/ec_criteria_struct/transform_chia/input/half_clinical_trials/NCT00396734_exc.txt wurde erfolgreich geladen.

 Llama-3-8B-Instruct Output: 
  "{\n  \"AND\": {\n    \"left\": {\n      \"AND\": {\n        \"left\": {\n          \"raw_text\": \"use more than 2g a day;\"\n        },\n        \"right\": {\n          \"OR\": {\n            \"left\": {\n              \"raw_text\": \"5 times a week to everyday\"\n            }\n          }\n        }\n      }\n    },\n    \"right\": {\n      \"AND\": {\n        \"left\": {\n          \"NOT\": {\n            \"left\": {\n              \"OR\": {\n                \"left\": {\n                  \"raw_text\": \"Subjects who are diagnosed as suffering from psychotic illness according to DSM-IV (Axis 1)22,\"\n                },\n                \"right\": {\n                  \"OR\": {\n                    \"left\": {\n                      \"raw_text\": \"or with a history of CNS disease,\"\n                    },\n                    \"right\": {\n                      \"OR\": {\n                        \"left\": {\n                          \"raw_text\": \"a history of infection that might affect CNS (HIV, syphilis, cytomegalovirus, herpes),\"\n                        },\n                        \"right\": {\n                          \"OR\": {\n                            \"left\": {\n                              \"raw_text\": \"or a history of head injury with loss of consciousness,\"\n                            },\n                            \"right\": {\n                              \"OR\": {\n                                \"left\": {\n                                  \"raw_text\": \"pregnant women.\"\n                                }\n                              }\n                            }\n                          }\n                        }\n                      }\n                    }\n                  }\n                }\n              }\n            }\n          }\n        }\n      }\n    }\n  }\n}" 

Die Daten wurden erfolgreich in '/work/eauten2s/ec_criteria_struct/transform_chia/model_output/Llama-3-8B-Instruct_3_shot/Llama-3-8B-Instruct_NCT00396734_exc_3_shot.json' gespeichert.
File: NCT00396734_inc 

Das File: /work/eauten2s/ec_criteria_struct/transform_chia/input/half_clinical_trials/NCT00396734_inc.txt wurde erfolgreich geladen.

 Llama-3-8B-Instruct Output: 
  "{\n  \"AND\": {\n    \"left\": {\n      \"raw_text\": \"Methadone-maintained cocaine-dependent patients\"\n    },\n    \"right\": {\n      \"AND\": {\n        \"left\": {\n          \"AND\": {\n            \"left\": {\n              \"raw_text\": \"use between\"\n            },\n            \"right\": {\n              \"AND\": {\n                \"left\": {\n                  \"raw_text\": \"1g\"\n                },\n                \"right\": {\n                  \"AND\": {\n                    \"left\": {\n                      \"raw_text\": \"to\"\n                    },\n                    \"right\": {\n                      \"raw_text\": \"2g\"\n                    }\n                  }\n                }\n              }\n            }\n          },\n          \"right\": {\n            \"AND\": {\n              \"left\": {\n                \"raw_text\": \"a day;\"\n              },\n              \"right\": {\n                \"AND\": {\n                  \"left\": {\n                    \"raw_text\": \"1\"\n                    },\n                    \"right\": {\n                      \"AND\": {\n                        \"left\": {\n                          \"raw_text\": \"to\"\n                        },\n                        \"right\": {\n                          \"raw_text\": \"3\"\n                        }\n                      }\n                    },\n                    \"right\": {\n                      \"raw_text\": \"times a week\"\n                    }\n                  }\n                }\n              }\n            }\n          }\n        }\n      }\n    }\n  }\n}" 

Die Daten wurden erfolgreich in '/work/eauten2s/ec_criteria_struct/transform_chia/model_output/Llama-3-8B-Instruct_3_shot/Llama-3-8B-Instruct_NCT00396734_inc_3_shot.json' gespeichert.
File: NCT00397215_exc 

Das File: /work/eauten2s/ec_criteria_struct/transform_chia/input/half_clinical_trials/NCT00397215_exc.txt wurde erfolgreich geladen.

 Llama-3-8B-Instruct Output: 
  "{\n  \"AND\": {\n    \"left\": {\n      \"OR\": {\n        \"left\": {\n          \"raw_text\": \"Administration of the licensed MF59-containing vaccines, e.g. Fluad™ or Addigrip™ or virosome-based influenza vaccines such as Inflexal V™, InfectoVac Flu™ or Invivac™ during the 2006-2007 influenza season.\"\n        },\n        \"right\": {\n          \"AND\": {\n            \"left\": {\n              \"raw_text\": \"Administration of licensed vaccines within 2 weeks (for inactivated vaccines) or 4 weeks (for live vaccines) prior to enrolment in this study.\"\n            },\n            \"right\": {\n              \"AND\": {\n                \"left\": {\n                  \"raw_text\": \"Planned administration of a vaccine not foreseen by the study protocol up to 30 days after the second vaccination with H5N1 vaccine.\"\n                },\n                \"right\": {\n                  \"AND\": {\n                    \"left\": {\n                      \"raw_text\": \"Chronic administration (defined as more than 14 days) of immunosuppressants or other immune-modifying drugs within six months prior to the first administration of the study vaccine.\"\n                    },\n                    \"right\": {\n                      \"AND\": {\n                        \"left\": {\n                          \"raw_text\": \"Any confirmed or suspected immunosuppressive or immunodeficient condition, based on medical history and physical examination (no laboratory testing required).\"\n                        },\n                        \"right\": {\n                          \"OR\": {\n                            \"left\": {\n                              \"raw_text\": \"History of chronic alcohol consumption and/or drug abuse.\"\n                            },\n                            \"right\": {\n                              \"OR\": {\n                                \"left\": {\n                                  \"raw_text\": \"History of hypersensitivity to vaccines.\"\n                                },\n                                \"right\": {\n                                  \"OR\": {\n                                    \"left\": {\n                                      \"raw_text\": \"History of allergic disease or reactions likely to be exacerbated by any component of the vaccine (including egg and thiomersal allergy).\"\n                                    },\n                                    \"right\": {\n                                      \"AND\": {\n                                        \"left\": {\n                                          \"raw_text\": \"Acute clinically significant pulmonary, cardiovascular, hepatic or renal functional abnormality, as determined by physical examination or laboratory screening tests.\"\n                                        },\n                                        \"right\": {\n                                          \"AND\": {\n                                            \"left\": {\n                                              \"raw_text\": \"Acute disease at the time of enrolment.\"\n                                            },\n                                            \"right\": {\n                                              \"AND\": {\n                                                \"left\": {\n                                                  \"raw_text\": \"Serious chronic disease including any medically significant chronic pulmonary, cardiovascular, renal, neurological, psychiatric or metabolic disorder, as determined by medical history and physical examination.\"\n                                                },\n                                                \"right\": {\n                                                  \"AND\": {\n                                                    \"left\": {\n                                                      \"raw_text\": \"Administration of immunoglobulins and/or any blood products within the three months preceding the first vaccination or during the study.\"\n                                                    },\n                                                    \"right\": {\n                                                      \"AND\": {\n                                                        \"left\": {\n                                                          \"raw_text\": \"Use of any investigational or non-registered product (drug or vaccine) other than the study vaccine(s) within 30 days prior to the first vaccination, or planned use during the study period.\"\n                                                        },\n                                                        \"right\": {\n                                                          \"AND\": {\n                                                            \"left\": {\n                                                              \"raw_text\": \"Any condition which, in the opinion of the investigator, prevents the subject from participation in the study.\"\n                                                            }\n                                                          }\n                                                        }\n                                                      }\n                                                    }\n                                                  }\n                                                }\n                                              }\n                                            }\n                                          }\n                                        }\n                                      }\n                                    }\n                                  }\n                                }\n                              }\n                            }\n                          }\n                        }\n                      }\n                    }\n                  }\n                }\n              }\n            }\n          }\n        }\n      }\n    }\n  }\n}" 

Die Daten wurden erfolgreich in '/work/eauten2s/ec_criteria_struct/transform_chia/model_output/Llama-3-8B-Instruct_3_shot/Llama-3-8B-Instruct_NCT00397215_exc_3_shot.json' gespeichert.
File: NCT00397215_inc 

Das File: /work/eauten2s/ec_criteria_struct/transform_chia/input/half_clinical_trials/NCT00397215_inc.txt wurde erfolgreich geladen.

 Llama-3-8B-Instruct Output: 
  "{\n  \"AND\": {\n    \"left\": {\n      \"raw_text\": \"Subjects who the investigator believes that they can and will comply with the requirements of the protocol should be enrolled in the study.\"\n    },\n    \"right\": {\n      \"AND\": {\n        \"left\": {\n          \"OR\": {\n            \"left\": {\n              \"raw_text\": \"A male\"\n            },\n            \"right\": {\n              \"raw_text\": \"or female\"\n            }\n          },\n          \"right\": {\n            \"raw_text\": \"aged 61 years or above at the time of the first vaccination.\"\n          }\n        },\n        \"right\": {\n          \"AND\": {\n            \"left\": {\n              \"raw_text\": \"Written informed consent obtained from the subject.\"\n            },\n            \"right\": {\n              \"AND\": {\n                \"left\": {\n                  \"OR\": {\n                    \"left\": {\n                      \"raw_text\": \"Healthy subjects\"\n                    },\n                    \"right\": {\n                      \"raw_text\": \"or subjects with well controlled underlying disease.\"\n                    }\n                  }\n                }\n              }\n            }\n          }\n        }\n      }\n    }\n  }\n}" 

Die Daten wurden erfolgreich in '/work/eauten2s/ec_criteria_struct/transform_chia/model_output/Llama-3-8B-Instruct_3_shot/Llama-3-8B-Instruct_NCT00397215_inc_3_shot.json' gespeichert.
File: NCT00401245_exc 

Das File: /work/eauten2s/ec_criteria_struct/transform_chia/input/half_clinical_trials/NCT00401245_exc.txt wurde erfolgreich geladen.

 Llama-3-8B-Instruct Output: 
  "{\n  \"AND\": {\n    \"left\": {\n      \"AND\": {\n        \"left\": {\n          \"raw_text\": \"History of a seizure disorder\"\n        },\n        \"right\": {\n          \"NOT\": {\n            \"left\": {\n              \"OR\": {\n                \"left\": {\n                  \"raw_text\": \"other than a single childhood febrile seizure.\"\n                }\n              }\n            }\n          }\n        }\n      }\n    },\n    \"right\": {\n      \"AND\": {\n        \"left\": {\n          \"OR\": {\n            \"left\": {\n              \"raw_text\": \"History or presence of clinically important hepatic\"\n            },\n            \"right\": {\n              \"raw_text\": \"or renal disease or other medical disease.\"\n            }\n          }\n        },\n        \"right\": {\n          \"AND\": {\n            \"left\": {\n              \"OR\": {\n                \"left\": {\n                  \"raw_text\": \"Presence or recent history of major depressive disorder\"\n                },\n                \"right\": {\n                  \"OR\": {\n                    \"left\": {\n                      \"raw_text\": \", bipolar disorder\"\n                    },\n                    \"right\": {\n                      \"OR\": {\n                        \"left\": {\n                          \"raw_text\": \", psychotic disorder\"\n                        },\n                        \"right\": {\n                          \"OR\": {\n                            \"left\": {\n                              \"raw_text\": \", or generalized anxiety disorder requiring therapy.\"\n                            }\n                          }\n                        }\n                      }\n                    }\n                  }\n                }\n              }\n            }\n          }\n        }\n      }\n    }\n  }\n}" 

Die Daten wurden erfolgreich in '/work/eauten2s/ec_criteria_struct/transform_chia/model_output/Llama-3-8B-Instruct_3_shot/Llama-3-8B-Instruct_NCT00401245_exc_3_shot.json' gespeichert.
File: NCT00401245_inc 

Das File: /work/eauten2s/ec_criteria_struct/transform_chia/input/half_clinical_trials/NCT00401245_inc.txt wurde erfolgreich geladen.

 Llama-3-8B-Instruct Output: 
  "{\n  \"AND\": {\n    \"left\": {\n      \"raw_text\": \"Generally healthy, postmenopausal woman who seeks treatment for hot flushes.\"\n    },\n    \"right\": {\n      \"OR\": {\n        \"left\": {\n          \"AND\": {\n            \"left\": {\n              \"raw_text\": \"At least 12 months of spontaneous amenorrhea;\"\n            },\n            \"right\": {\n              \"empty\": true\n            }\n          }\n        },\n        \"right\": {\n          \"OR\": {\n            \"left\": {\n              \"AND\": {\n                \"left\": {\n                  \"raw_text\": \"At least 6 months of spontaneous amenorrhea with serum follicle-stimulating hormone (FSH) levels > 40 mIU/mL;\"\n                },\n                \"right\": {\n                  \"empty\": true\n                }\n              }\n            },\n            \"right\": {\n              \"OR\": {\n                \"left\": {\n                  \"AND\": {\n                    \"left\": {\n                      \"raw_text\": \"At least 6 weeks postsurgical bilateral oophorectomy (with or without hysterectomy).\"\n                    },\n                    \"right\": {\n                      \"empty\": true\n                    }\n                  }\n                },\n                \"right\": {\n                  \"AND\": {\n                    \"left\": {\n                      \"raw_text\": \"Hysterectomized without bilateral oophorectomy and with serum FSH levels >40 mIU/mL.\"\n                    },\n                    \"right\": {\n                      \"empty\": true\n                    }\n                  }\n                }\n              }\n            }\n          }\n        }\n      }\n    }\n  }\n}" 

Die Daten wurden erfolgreich in '/work/eauten2s/ec_criteria_struct/transform_chia/model_output/Llama-3-8B-Instruct_3_shot/Llama-3-8B-Instruct_NCT00401245_inc_3_shot.json' gespeichert.
File: NCT00404495_exc 

Das File: /work/eauten2s/ec_criteria_struct/transform_chia/input/half_clinical_trials/NCT00404495_exc.txt wurde erfolgreich geladen.

 Llama-3-8B-Instruct Output: 
  "{\n  \"AND\": {\n    \"left\": {\n      \"raw_text\": \"Diagnosis of brainstem glioma\"\n    },\n    \"right\": {\n      \"AND\": {\n        \"left\": {\n          \"raw_text\": \"Concurrent administration of any other anti-tumor therapy\"\n        },\n        \"right\": {\n          \"AND\": {\n            \"left\": {\n              \"raw_text\": \"Pre-existing uncontrolled diarrhea\"\n            }\n          }\n        }\n      }\n    }\n  }\n}" 

Die Daten wurden erfolgreich in '/work/eauten2s/ec_criteria_struct/transform_chia/model_output/Llama-3-8B-Instruct_3_shot/Llama-3-8B-Instruct_NCT00404495_exc_3_shot.json' gespeichert.
File: NCT00404495_inc 

Das File: /work/eauten2s/ec_criteria_struct/transform_chia/input/half_clinical_trials/NCT00404495_inc.txt wurde erfolgreich geladen.

 Llama-3-8B-Instruct Output: 
  "{\n  \"AND\": {\n    \"left\": {\n      \"OR\": {\n        \"left\": {\n          \"raw_text\": \"Cohort 1: Recurrent or refractory medulloblastoma\"\n        },\n        \"right\": {\n          \"AND\": {\n            \"left\": {\n              \"raw_text\": \"in which current standard treatment approaches have failed;\"\n            },\n            \"right\": {\n              \"NOT\": {\n                \"left\": {\n                  \"raw_text\": \"biopsy is not required for recurrent disease.\"\n                }\n              }\n            }\n          }\n        }\n      },\n      \"right\": {\n        \"OR\": {\n          \"left\": {\n            \"raw_text\": \"Cohort 2: Newly-diagnosed high-grade glioma\"\n          },\n          \"right\": {\n            \"AND\": {\n              \"left\": {\n                \"raw_text\": \"(World Health Organization [WHO] grade 3 or 4)\"\n              }\n            }\n          }\n        }\n      }\n    },\n    \"right\": {\n      \"raw_text\": \"Life expectancy ≥ 3 months\"\n    }\n  }\n}" 

Die Daten wurden erfolgreich in '/work/eauten2s/ec_criteria_struct/transform_chia/model_output/Llama-3-8B-Instruct_3_shot/Llama-3-8B-Instruct_NCT00404495_inc_3_shot.json' gespeichert.
File: NCT00425789_exc 

Das File: /work/eauten2s/ec_criteria_struct/transform_chia/input/half_clinical_trials/NCT00425789_exc.txt wurde erfolgreich geladen.

 Llama-3-8B-Instruct Output: 
  "{\n  \"AND\": {\n    \"left\": {\n      \"NOT\": {\n        \"left\": {\n          \"OR\": {\n            \"left\": {\n              \"raw_text\": \"known middle ear disease\"\n            },\n            \"right\": {\n              \"OR\": {\n                \"left\": {\n                  \"raw_text\": \"chronic lung disease\"\n                },\n                \"right\": {\n                  \"raw_text\": \"or claustrophobia\"\n                }\n              }\n            }\n          }\n        }\n      }\n    }\n  }\n}" 

Die Daten wurden erfolgreich in '/work/eauten2s/ec_criteria_struct/transform_chia/model_output/Llama-3-8B-Instruct_3_shot/Llama-3-8B-Instruct_NCT00425789_exc_3_shot.json' gespeichert.
File: NCT00425789_inc 

Das File: /work/eauten2s/ec_criteria_struct/transform_chia/input/half_clinical_trials/NCT00425789_inc.txt wurde erfolgreich geladen.

 Llama-3-8B-Instruct Output: 
  "{\n  \"AND\": {\n    \"left\": {\n      \"AND\": {\n        \"left\": {\n          \"raw_text\": \"The study will include\"\n        },\n        \"right\": {\n          \"AND\": {\n            \"left\": {\n              \"raw_text\": \"40 post-deep peel women\"\n            },\n            \"right\": {\n              \"AND\": {\n                \"left\": {\n                  \"raw_text\": \"(exoderm)\"\n                },\n                \"right\": {\n                  \"AND\": {\n                    \"left\": {\n                      \"raw_text\": \"older than 18 years old\"\n                    },\n                    \"right\": {\n                      \"AND\": {\n                        \"left\": {\n                          \"raw_text\": \"treated by the same dermatologist (dr. Landau)\"\n                        }\n                      }\n                    }\n                  }\n                }\n              }\n            }\n          }\n        }\n      },\n      \"right\": {\n        \"AND\": {\n          \"left\": {\n            \"AND\": {\n              \"left\": {\n                \"raw_text\": \"The treatment group will receive\"\n                },\n                \"right\": {\n                  \"AND\": {\n                    \"left\": {\n                      \"raw_text\": \"5 consecutive daily hyperbaric treatments\"\n                    },\n                    \"right\": {\n                      \"AND\": {\n                        \"left\": {\n                          \"raw_text\": \"1 hours long each\"\n                        },\n                        \"right\": {\n                          \"AND\": {\n                            \"left\": {\n                              \"raw_text\": \"at 2 ATF\"\n                            },\n                            \"right\": {\n                              \"AND\": {\n                                \"left\": {\n                                  \"raw_text\": \"starting from day 7 to peel\"\n                                }\n                              }\n                            }\n                          }\n                        }\n                      }\n                    }\n                  }\n                },\n                \"right\": {\n                  \"AND\": {\n                    \"left\": {\n                      \"raw_text\": \"Prior to treatment, each patient will be signed on informed consent\"\n                    },\n                    \"right\": {\n                      \"AND\": {\n                        \"left\": {\n                          \"raw_text\": \"and will have complete physical examination.\"\n                        }\n                      }\n                    }\n                  }\n                }\n              }\n            }\n          },\n          \"right\": {\n            \"AND\": {\n              \"left\": {\n                \"raw_text\": \"The control group will be matched by the following parameters:\"\n                },\n                \"right\": {\n                  \"AND\": {\n                    \"left\": {\n                      \"raw_text\": \"age, skin color and type, and indication for peeling,\"\n                    },\n                    \"right\": {\n                      \"AND\": {\n                        \"left\": {\n                          \"raw_text\": \"and will be picked up by the dermatologist.\"\n                        }\n                      }\n                    }\n                  }\n                }\n              }\n            }\n          }\n        }\n      }\n    }\n  }\n}" 

Die Daten wurden erfolgreich in '/work/eauten2s/ec_criteria_struct/transform_chia/model_output/Llama-3-8B-Instruct_3_shot/Llama-3-8B-Instruct_NCT00425789_inc_3_shot.json' gespeichert.
File: NCT00426751_exc 

Das File: /work/eauten2s/ec_criteria_struct/transform_chia/input/half_clinical_trials/NCT00426751_exc.txt wurde erfolgreich geladen.

 Llama-3-8B-Instruct Output: 
  "{\n  \"AND\": {\n    \"left\": {\n      \"OR\": {\n        \"left\": {\n          \"raw_text\": \"Subjects not able to give informed consent\"\n        },\n        \"right\": {\n          \"OR\": {\n            \"left\": {\n              \"raw_text\": \"Left Bundle Branch Block\"\n            },\n            \"right\": {\n              \"raw_text\": \"or Thrombolytic therapy within 24 hours before randomization\"\n            }\n          }\n        }\n      }\n    },\n    \"right\": {\n      \"AND\": {\n        \"left\": {\n          \"OR\": {\n            \"left\": {\n              \"raw_text\": \"Oral anticoagulation with International Normalized Ratio (INR) > 2\"\n            },\n            \"right\": {\n              \"OR\": {\n                \"left\": {\n                  \"raw_text\": \"Known platelets < 100.000/µl\"\n                },\n                \"right\": {\n                  \"OR\": {\n                    \"left\": {\n                      \"raw_text\": \"or known hemorrhagic diathesis\"\n                    }\n                  }\n                }\n              }\n            }\n          }\n        },\n        \"right\": {\n          \"AND\": {\n            \"left\": {\n              \"OR\": {\n                \"left\": {\n                  \"raw_text\": \"Stroke or Transient Ischemic Attack (TIA) within the past 6 months\"\n                },\n                \"right\": {\n                  \"OR\": {\n                    \"left\": {\n                      \"raw_text\": \"or any permanent residual neurological defect\"\n                    }\n                  }\n                }\n              }\n            },\n            \"right\": {\n              \"OR\": {\n                \"left\": {\n                  \"raw_text\": \"Evidence of an active gastrointestinal or urogenital bleeding\"\n                },\n                \"right\": {\n                  \"OR\": {\n                    \"left\": {\n                      \"raw_text\": \"Major surgery within 6 weeks\"\n                    }\n                  }\n                }\n              }\n            }\n          }\n        }\n      }\n    }\n  }\n}" 

Die Daten wurden erfolgreich in '/work/eauten2s/ec_criteria_struct/transform_chia/model_output/Llama-3-8B-Instruct_3_shot/Llama-3-8B-Instruct_NCT00426751_exc_3_shot.json' gespeichert.
File: NCT00426751_inc 

Das File: /work/eauten2s/ec_criteria_struct/transform_chia/input/half_clinical_trials/NCT00426751_inc.txt wurde erfolgreich geladen.

 Llama-3-8B-Instruct Output: 
  "{\n  \"AND\": {\n    \"left\": {\n      \"OR\": {\n        \"left\": {\n          \"raw_text\": \"Women must be postmenopausal (i.e. 12 months without menstrual period)\"\n        },\n        \"right\": {\n          \"raw_text\": \"or surgically sterile, i.e. women of child bearing potential are not allowed to be included into the study.\"\n        }\n      },\n      \"right\": {\n        \"AND\": {\n          \"left\": {\n            \"raw_text\": \"In cases of doubt a pregnancy test should be performed.\"\n          },\n          \"right\": {\n            \"AND\": {\n              \"left\": {\n                \"NOT\": {\n                  \"left\": {\n                    \"raw_text\": \"Acute myocardial infarction < 12 h defined as:\"\n                  }\n                }\n              },\n              \"right\": {\n                \"AND\": {\n                  \"left\": {\n                    \"raw_text\": \"1. Angina or equivalent symptoms > 20 min and\"\n                  },\n                  \"right\": {\n                    \"AND\": {\n                      \"left\": {\n                        \"raw_text\": \"2. ST elevation in 2 contiguous ECG leads (= 2 mm precordial lead, = 1 mm limb lead). This ECG recording serves as baseline ECG, i.e. ECG I.\"\n                      }\n                    }\n                  }\n                }\n              }\n            }\n          }\n        }\n      }\n    },\n    \"right\": {\n      \"AND\": {\n        \"left\": {\n          \"raw_text\": \"Planned primary percutaneous coronary intervention\"\n        },\n        \"right\": {\n          \"AND\": {\n            \"left\": {\n              \"raw_text\": \"The subject has given written informed, dated consent to participate in the study\"\n            }\n          }\n        }\n      }\n    }\n  }\n}" 

Die Daten wurden erfolgreich in '/work/eauten2s/ec_criteria_struct/transform_chia/model_output/Llama-3-8B-Instruct_3_shot/Llama-3-8B-Instruct_NCT00426751_inc_3_shot.json' gespeichert.
File: NCT00440245_exc 

Das File: /work/eauten2s/ec_criteria_struct/transform_chia/input/half_clinical_trials/NCT00440245_exc.txt wurde erfolgreich geladen.

 Llama-3-8B-Instruct Output: 
  "{\n  \"OR\": {\n    \"left\": {\n      \"raw_text\": \"asthma\"\n    },\n    \"right\": {\n      \"raw_text\": \"COPD\"\n    }\n  }\n}" 

Die Daten wurden erfolgreich in '/work/eauten2s/ec_criteria_struct/transform_chia/model_output/Llama-3-8B-Instruct_3_shot/Llama-3-8B-Instruct_NCT00440245_exc_3_shot.json' gespeichert.
File: NCT00440245_inc 

Das File: /work/eauten2s/ec_criteria_struct/transform_chia/input/half_clinical_trials/NCT00440245_inc.txt wurde erfolgreich geladen.

 Llama-3-8B-Instruct Output: 
  "{\n  \"OR\": {\n    \"left\": {\n      \"raw_text\": \"asthma\"\n    },\n    \"right\": {\n      \"raw_text\": \"COPD\"\n    }\n  }\n}" 

Die Daten wurden erfolgreich in '/work/eauten2s/ec_criteria_struct/transform_chia/model_output/Llama-3-8B-Instruct_3_shot/Llama-3-8B-Instruct_NCT00440245_inc_3_shot.json' gespeichert.
File: NCT00445029_exc 

Das File: /work/eauten2s/ec_criteria_struct/transform_chia/input/half_clinical_trials/NCT00445029_exc.txt wurde erfolgreich geladen.

 Llama-3-8B-Instruct Output: 
  "{\n  \"AND\": {\n    \"left\": {\n      \"OR\": {\n        \"left\": {\n          \"raw_text\": \"Pregnant\"\n        },\n        \"right\": {\n          \"raw_text\": \"or lactating women.\"\n        }\n      }\n    },\n    \"right\": {\n      \"AND\": {\n        \"left\": {\n          \"raw_text\": \"Evolutive skin disease on the testing zone (lower back).\"\n        },\n        \"right\": {\n          \"AND\": {\n            \"left\": {\n              \"raw_text\": \"Patients with a clinically significant disease (chronic, recurrent or active).\"\n            },\n            \"right\": {\n              \"AND\": {\n                \"left\": {\n                  \"OR\": {\n                    \"left\": {\n                      \"raw_text\": \"Systemic corticotherapy or immunosuppressive treatment during the previous month\"\n                    },\n                    \"right\": {\n                      \"OR\": {\n                        \"left\": {\n                          \"raw_text\": \"or local corticoid treatment the week before the patch testing.\"\n                        }\n                      }\n                    }\n                  }\n                },\n                \"right\": {\n                  \"AND\": {\n                    \"left\": {\n                      \"OR\": {\n                        \"left\": {\n                          \"raw_text\": \"Local or systemic drug use which interacts with the outcome measures.\"\n                        }\n                      }\n                    },\n                    \"right\": {\n                      \"AND\": {\n                        \"left\": {\n                          \"raw_text\": \"Exposure to sun or UV radiations, 15 days before the patch testing.\"\n                        },\n                        \"right\": {\n                          \"AND\": {\n                            \"left\": {\n                              \"OR\": {\n                                \"left\": {\n                                  \"raw_text\": \"Patients deprived of their civic rights, in custody, or subject to a tutorial, judiciary or administrative decision.\"\n                                },\n                                \"right\": {\n                                  \"OR\": {\n                                    \"left\": {\n                                      \"raw_text\": \"Patients subject to a protection measure.\"\n                                    },\n                                    \"right\": {\n                                      \"OR\": {\n                                        \"left\": {\n                                          \"raw_text\": \"Patients in a critical medical situation.\"\n                                        },\n                                        \"right\": {\n                                          \"OR\": {\n                                            \"left\": {\n                                              \"raw_text\": \"Patients with a personal situation judged by the investigator as unlikely to be compatible with optimal participation in the study, or which could constitute a risk for the patient.\"\n                                            },\n                                            \"right\": {\n                                              \"OR\": {\n                                                \"left\": {\n                                                  \"raw_text\": \"Linguistic barrier or psychological profile preventing the patient from signing the consent form.\"\n                                                },\n                                                \"right\": {\n                                                  \"OR\": {\n                                                    \"left\": {\n                                                      \"raw_text\": \"Patient still in an exclusion period following the participation in another clinical trial.\"\n                                                    },\n                                                    \"right\": {\n                                                      \"OR\": {\n                                                        \"left\": {\n                                                          \"raw_text\": \"Patients having earned more than 4500€ in indemnities for participation in clinical trials during the previous 12 months, including this study.\"\n                                                        }\n                                                      }\n                                                    }\n                                                  }\n                                                }\n                                              }\n                                            }\n                                          }\n                                        }\n                                      }\n                                    }\n                                  }\n                                }\n                              }\n                            }\n                          }\n                        }\n                      }\n                    }\n                  }\n                }\n              }\n            }\n          }\n        }\n      }\n    }\n  }\n}" 

Die Daten wurden erfolgreich in '/work/eauten2s/ec_criteria_struct/transform_chia/model_output/Llama-3-8B-Instruct_3_shot/Llama-3-8B-Instruct_NCT00445029_exc_3_shot.json' gespeichert.
File: NCT00445029_inc 

Das File: /work/eauten2s/ec_criteria_struct/transform_chia/input/half_clinical_trials/NCT00445029_inc.txt wurde erfolgreich geladen.

 Llama-3-8B-Instruct Output: 
  "{\n  \"AND\": {\n    \"left\": {\n      \"AND\": {\n        \"left\": {\n          \"raw_text\": \"Patients aged from 18 to 65 years old.\"\n        },\n        \"right\": {\n          \"AND\": {\n            \"left\": {\n              \"raw_text\": \"Both genders eligible for study.\"\n            },\n            \"right\": {\n              \"AND\": {\n                \"left\": {\n                  \"AND\": {\n                    \"left\": {\n                      \"raw_text\": \"Female participants must use a contraceptive method.\"\n                    },\n                    \"right\": {\n                      \"AND\": {\n                        \"left\": {\n                          \"raw_text\": \"Feasibility of patch testing.\"\n                        },\n                        \"right\": {\n                          \"AND\": {\n                            \"left\": {\n                              \"raw_text\": \"Participants must be able to understand and sign the Informed Consent, and comply with all aspects of the protocol.\"\n                            },\n                            \"right\": {\n                              \"AND\": {\n                                \"left\": {\n                                  \"raw_text\": \"Patients must be registered in a social security system or with a health insurance coverage\"\n                                }\n                              }\n                            }\n                          }\n                        }\n                      }\n                    }\n                  }\n                }\n              }\n            }\n          }\n        }\n      },\n      \"right\": {\n        \"AND\": {\n          \"left\": {\n            \"raw_text\": \"First group: allergic patients\"\n          },\n          \"right\": {\n            \"AND\": {\n              \"left\": {\n                \"AND\": {\n                  \"left\": {\n                    \"raw_text\": \"Patients with allergic contact dermatitis to para-phenylenediamine (PPD) based on a history of PPD contact dermatitis and positive PPD patch tests.\"\n                    }\n                  }\n                }\n              }\n            }\n          },\n          \"right\": {\n            \"AND\": {\n              \"left\": {\n                \"raw_text\": \"Second group: healthy volunteers\"\n              },\n              \"right\": {\n                \"AND\": {\n                  \"left\": {\n                    \"NOT\": {\n                      \"left\": {\n                        \"raw_text\": \"No history of PPD allergic contact dermatitis, with a negative PPD patch test.\"\n                      }\n                    }\n                  }\n                }\n              }\n            }\n          }\n        }\n      }\n    }\n  }\n}" 

Die Daten wurden erfolgreich in '/work/eauten2s/ec_criteria_struct/transform_chia/model_output/Llama-3-8B-Instruct_3_shot/Llama-3-8B-Instruct_NCT00445029_inc_3_shot.json' gespeichert.
File: NCT00455663_exc 

Das File: /work/eauten2s/ec_criteria_struct/transform_chia/input/half_clinical_trials/NCT00455663_exc.txt wurde erfolgreich geladen.

 Llama-3-8B-Instruct Output: 
  "{\n  \"AND\": {\n    \"left\": {\n      \"OR\": {\n        \"left\": {\n          \"raw_text\": \"History of significant head trauma\"\n        },\n        \"right\": {\n          \"OR\": {\n            \"left\": {\n              \"raw_text\": \"or seizure disorder\"\n            },\n            \"right\": {\n              \"raw_text\": \"or mental retardation\"\n            }\n          }\n        }\n      }\n    }\n  }\n}\n{\n  \"AND\": {\n    \"left\": {\n      \"OR\": {\n        \"left\": {\n          \"raw_text\": \"History of alcohol\"\n        },\n        \"right\": {\n          \"OR\": {\n            \"left\": {\n              \"raw_text\": \"or drug abuse\"\n            },\n            \"right\": {\n              \"raw_text\": \"or dependence\"\n            }\n          }\n        }\n      },\n      \"right\": {\n        \"raw_text\": \"within 1 month prior to study entry\"\n      }\n    }\n  }\n}\n{\n  \"AND\": {\n    \"left\": {\n      \"raw_text\": \"History of violence\"\n    },\n    \"right\": {\n      \"raw_text\": \"within 6 months prior to study entry\"\n    }\n  }\n}" 

Die Daten wurden erfolgreich in '/work/eauten2s/ec_criteria_struct/transform_chia/model_output/Llama-3-8B-Instruct_3_shot/Llama-3-8B-Instruct_NCT00455663_exc_3_shot.json' gespeichert.
File: NCT00455663_inc 

Das File: /work/eauten2s/ec_criteria_struct/transform_chia/input/half_clinical_trials/NCT00455663_inc.txt wurde erfolgreich geladen.

 Llama-3-8B-Instruct Output: 
  "{\n  \"AND\": {\n    \"left\": {\n      \"OR\": {\n        \"left\": {\n          \"raw_text\": \"Diagnosis of schizophrenia\"\n        },\n        \"right\": {\n          \"raw_text\": \"or schizoaffective disorder\"\n        }\n      }\n    },\n    \"right\": {\n      \"AND\": {\n        \"left\": {\n          \"raw_text\": \"If entering the study as an inpatient, hospitalization was recent\"\n        },\n        \"right\": {\n          \"AND\": {\n            \"left\": {\n              \"raw_text\": \"Currently receiving treatment with an atypical antipsychotic\"\n            },\n            \"right\": {\n              \"raw_text\": \"and continuation on the medication has been recommended\"\n            }\n          }\n        }\n      }\n    }\n  },\n  \"AND\": {\n    \"left\": {\n      \"AND\": {\n        \"left\": {\n          \"raw_text\": \"Assumes primary responsibility for taking medication\"\n        },\n        \"right\": {\n          \"raw_text\": \"Currently living in a stable environment\"\n        }\n      }\n    }\n  }\n}" 

Die Daten wurden erfolgreich in '/work/eauten2s/ec_criteria_struct/transform_chia/model_output/Llama-3-8B-Instruct_3_shot/Llama-3-8B-Instruct_NCT00455663_inc_3_shot.json' gespeichert.
File: NCT00461136_exc 

Das File: /work/eauten2s/ec_criteria_struct/transform_chia/input/half_clinical_trials/NCT00461136_exc.txt wurde erfolgreich geladen.

 Llama-3-8B-Instruct Output: 
  Here is the study in JSON format with logical operators:

```
{
  "AND": {
    "left": {
      "OR": {
        "left": {
          "raw_text": "Severe Hypertension Grade 3 WHO classification (Mean Sitting Diastolic Blood Pressure (MSDBP) 110 mmHg and/or Mean Sitting Systolic Blood Pressure MSSBP 180 mmHg)"
        }
      }
    },
    "right": {
      "AND": {
        "left": {
          "OR": {
            "left": {
              "raw_text": "Acetylsalicyclic acid (ASA) treatment >1g/day or regular use of Non steroidal anti-inflammatory drug (NSAIDs)"
            }
          }
        },
        "right": {
          "AND": {
            "left": {
              "NOT": {
                "left": {
                  "OR": {
                    "left": {
                      "raw_text": "Kidney disease not caused by diabetes or hypertension"
                    }
                  }
                }
              }
            },
            "right": {
              "AND": {
                "left": {
                  "OR": {
                    "left": {
                      "raw_text": "Serum potassium < 3.5 or > 5.1 mEq/L"
                    }
                  }
                },
                "right": {
                  "AND": {
                    "left": {
                      "OR": {
                        "left": {
                          "raw_text": "GFR < 40 ml/min/1.73m2 as measured by the MDRD formula"
                        }
                      }
                    },
                    "right": {
                      "AND": {
                        "left": {
                          "OR": {
                            "left": {
                              "raw_text": "Serum albumin < 2.0mg/dL"
                            }
                          }
                        }
                      }
                    }
                  }
                }
              }
            }
          }
        }
      }
    }
  }
}
```

Note that I only included the first few exclusion criteria, as the rest are quite lengthy and would make the JSON output unwieldy. 

Die Daten wurden erfolgreich in '/work/eauten2s/ec_criteria_struct/transform_chia/model_output/Llama-3-8B-Instruct_3_shot/Llama-3-8B-Instruct_NCT00461136_exc_3_shot.json' gespeichert.
File: NCT00461136_inc 

Das File: /work/eauten2s/ec_criteria_struct/transform_chia/input/half_clinical_trials/NCT00461136_inc.txt wurde erfolgreich geladen.

 Llama-3-8B-Instruct Output: 
  "{\n  \"AND\": {\n    \"left\": {\n      \"OR\": {\n        \"left\": {\n          \"raw_text\": \"Male\"\n        },\n        \"right\": {\n          \"raw_text\": \"and/or female patients\"\n        }\n      }\n    },\n    \"right\": {\n      \"AND\": {\n        \"left\": {\n          \"raw_text\": \"from 30-80 years of age\"\n        },\n        \"right\": {\n          \"AND\": {\n            \"left\": {\n              \"raw_text\": \"with a diagnosis of Type 2 diabetes (WHO criteria)\"\n            },\n            \"right\": {\n              \"AND\": {\n                \"left\": {\n                  \"raw_text\": \"Incipient and established diabetic nephropathy (urinary albumin excretion ≥ 100 mg/day but ≤ 2000 mg/day)\"\n                },\n                \"right\": {\n                  \"AND\": {\n                    \"left\": {\n                      \"raw_text\": \"Glomerular filtration rate (GFR) ≥ 40 ml/min (estimated using Modification of Diet in Renal Disease (MDRD) formula) in the last 4 months\"\n                    },\n                    \"right\": {\n                      \"AND\": {\n                        \"left\": {\n                          \"raw_text\": \"Female patients must be postmenopausal or must have had a bilateral oophorectomy or must have been surgically sterilized or hysterectomized at least 6 months prior to screening\"\n                        }\n                      }\n                    }\n                  }\n                }\n              }\n            }\n          }\n        }\n      }\n    },\n    \"right\": {\n      \"AND\": {\n        \"left\": {\n          \"raw_text\": \"To be eligible patients must fulfill the following criteria:\"\n        },\n        \"right\": {\n          \"AND\": {\n            \"left\": {\n              \"raw_text\": \"Patients on ongoing hypertensive therapy must have a blood pressure ≥ 135/85 mm Hg but lower than 170/105 mm Hg at baseline (Day -1) AND patients must be on stable antihypertensive medications for at least 8 weeks prior to baseline (Day -1).; Newly diagnosed hypertensive patients must have a blood pressure ≥ 135/85 mm Hg but lower than 170/105 mm Hg at baseline (Day -1).\"\n            },\n            \"right\": {\n              \"AND\": {\n                \"left\": {\n                  \"raw_text\": \"Patients must be on stable hypoglycemic medications for at least 8 weeks prior to Visit 2 (Day -1).\"\n                },\n                \"right\": {\n                  \"AND\": {\n                    \"left\": {\n                      \"raw_text\": \"Patients must be willing and medically able to discontinue all Angiotensin-converting enzyme inhibitor (ACEI), Angiotensin receptor blocker (ARB), aldosterone receptor antagonist and potassium sparing diuretic medications for the duration of the study.\"\n                    },\n                    \"right\": {\n                      \"AND\": {\n                        \"left\": {\n                          \"raw_text\": \"Oral body temperature within the range 35.0-37.5 °C\"\n                        },\n                        \"right\": {\n                          \"AND\": {\n                            \"left\": {\n                              \"raw_text\": \"Able to provide written informed consent prior to study participation.\"\n                            },\n                            \"right\": {\n                              \"AND\": {\n                                \"left\": {\n                                  \"raw_text\": \"Able to communicate well with the investigator and comply with the requirements of the study.\"\n                                }\n                              }\n                            }\n                          }\n                        }\n                      }\n                    }\n                  }\n                }\n              }\n            }\n          }\n        }\n      }\n    }\n  }\n}" 

Die Daten wurden erfolgreich in '/work/eauten2s/ec_criteria_struct/transform_chia/model_output/Llama-3-8B-Instruct_3_shot/Llama-3-8B-Instruct_NCT00461136_inc_3_shot.json' gespeichert.
File: NCT00480129_exc 

Das File: /work/eauten2s/ec_criteria_struct/transform_chia/input/half_clinical_trials/NCT00480129_exc.txt wurde erfolgreich geladen.

 Llama-3-8B-Instruct Output: 
  "{\n  \"AND\": {\n    \"left\": {\n      \"OR\": {\n        \"left\": {\n          \"raw_text\": \"Ongoing allergen immunotherapy\"\n        },\n        \"right\": {\n          \"OR\": {\n            \"left\": {\n              \"raw_text\": \"upper respiratory tract infection\"\n            },\n            \"right\": {\n              \"OR\": {\n                \"left\": {\n                  \"raw_text\": \"Pregnancy\"\n                },\n                \"right\": {\n                  \"OR\": {\n                    \"left\": {\n                      \"raw_text\": \"Clinical history of lactose-intolerance\"\n                    },\n                    \"right\": {\n                      \"OR\": {\n                        \"left\": {\n                          \"raw_text\": \"or allergies to cow-milk\"\n                        }\n                      }\n                    }\n                  }\n                }\n              }\n            }\n          }\n        }\n      }\n    }\n  }\n}" 

Die Daten wurden erfolgreich in '/work/eauten2s/ec_criteria_struct/transform_chia/model_output/Llama-3-8B-Instruct_3_shot/Llama-3-8B-Instruct_NCT00480129_exc_3_shot.json' gespeichert.
File: NCT00480129_inc 

Das File: /work/eauten2s/ec_criteria_struct/transform_chia/input/half_clinical_trials/NCT00480129_inc.txt wurde erfolgreich geladen.

 Llama-3-8B-Instruct Output: 
  "{\n  \"AND\": {\n    \"left\": {\n      \"AND\": {\n        \"left\": {\n          \"raw_text\": \"Clinical diagnosis of allergic rhinitis\"\n        },\n        \"right\": {\n          \"AND\": {\n            \"left\": {\n              \"OR\": {\n                \"left\": {\n                  \"raw_text\": \"based on sneeze attacks\"\n                },\n                \"right\": {\n                  \"OR\": {\n                    \"left\": {\n                      \"raw_text\": \"runny/blocked/itchy nose\"\n                    },\n                    \"right\": {\n                      \"raw_text\": \"in the absence of a common cold during the previous 12 months.\"\n                    }\n                  }\n                }\n              }\n            },\n            \"right\": {\n              \"raw_text\": \"\"\n            }\n          }\n        }\n      },\n      \"right\": {\n        \"OR\": {\n          \"left\": {\n            \"raw_text\": \"History of positive skin prick test\"\n          },\n          \"right\": {\n            \"raw_text\": \"or blood radio-allergosorbent test (RAST) to grass and/or ragweed pollen\"\n          }\n        }\n      }\n    }\n  }\n}" 

Die Daten wurden erfolgreich in '/work/eauten2s/ec_criteria_struct/transform_chia/model_output/Llama-3-8B-Instruct_3_shot/Llama-3-8B-Instruct_NCT00480129_inc_3_shot.json' gespeichert.
File: NCT00483106_exc 

Das File: /work/eauten2s/ec_criteria_struct/transform_chia/input/half_clinical_trials/NCT00483106_exc.txt wurde erfolgreich geladen.

 Llama-3-8B-Instruct Output: 
  "{\n  \"OR\": {\n    \"left\": {\n      \"raw_text\": \"Psychosis\"\n    },\n    \"right\": {\n      \"OR\": {\n        \"left\": {\n          \"raw_text\": \"Tourette syndrome\"\n        },\n        \"right\": {\n          \"OR\": {\n            \"left\": {\n              \"raw_text\": \"Intelligence quotient (IQ) < 70\"\n            },\n            \"right\": {\n              \"OR\": {\n                \"left\": {\n                  \"raw_text\": \"Pervasive developmental disorder (PDD)\"\n                }\n              }\n            }\n          }\n        }\n      }\n    }\n  }\n}" 

Die Daten wurden erfolgreich in '/work/eauten2s/ec_criteria_struct/transform_chia/model_output/Llama-3-8B-Instruct_3_shot/Llama-3-8B-Instruct_NCT00483106_exc_3_shot.json' gespeichert.
File: NCT00483106_inc 

Das File: /work/eauten2s/ec_criteria_struct/transform_chia/input/half_clinical_trials/NCT00483106_inc.txt wurde erfolgreich geladen.

 Llama-3-8B-Instruct Output: 
  Since "ADHD" is a single condition, it cannot be represented in a JSON format with logical operators. Logical operators are used to combine multiple conditions or criteria, whereas "ADHD" is a single diagnosis.

If you meant to ask for a JSON representation of a study that includes patients with ADHD, here is an example:

"{\n  \"AND\": {\n    \"left\": {\n      \"raw_text\": \"Patients with Attention Deficit Hyperactivity Disorder (ADHD)\"\n    }\n  }\n}"

This JSON representation simply states that the study includes patients with ADHD. If you need to add additional criteria or conditions, you can modify the JSON structure accordingly. 

Die Daten wurden erfolgreich in '/work/eauten2s/ec_criteria_struct/transform_chia/model_output/Llama-3-8B-Instruct_3_shot/Llama-3-8B-Instruct_NCT00483106_inc_3_shot.json' gespeichert.
File: NCT00500500_exc 

Das File: /work/eauten2s/ec_criteria_struct/transform_chia/input/half_clinical_trials/NCT00500500_exc.txt wurde erfolgreich geladen.

 Llama-3-8B-Instruct Output: 
  "{\n  \"AND\": {\n    \"left\": {\n      \"AND\": {\n        \"left\": {\n          \"raw_text\": \"patient already treated by medicines which could interfere with the study\"\n        }\n      }\n    },\n    \"right\": {\n      \"AND\": {\n        \"left\": {\n          \"AND\": {\n            \"left\": {\n              \"raw_text\": \"low level of vitamin B12\"\n            },\n            \"right\": {\n              \"AND\": {\n                \"left\": {\n                  \"raw_text\": \"and folate\"\n                },\n                \"right\": {\n                  \"raw_text\": \"which are considered as clinically relevant\"\n                }\n              }\n            }\n          }\n        },\n        \"right\": {\n          \"AND\": {\n            \"left\": {\n              \"raw_text\": \"clinically relevant pathologies\"\n            },\n            \"right\": {\n              \"OR\": {\n                \"left\": {\n                  \"raw_text\": \"(eg: pulmonary illness\"\n                },\n                \"right\": {\n                  \"OR\": {\n                    \"left\": {\n                      \"raw_text\": \", cardiovascular illness\"\n                    },\n                    \"right\": {\n                      \"OR\": {\n                        \"left\": {\n                          \"raw_text\": \", evolutive cancer\"\n                        },\n                        \"right\": {\n                          \"OR\": {\n                            \"left\": {\n                              \"raw_text\": \", neurological illness\"\n                            },\n                            \"right\": {\n                              \"OR\": {\n                                \"left\": {\n                                  \"raw_text\": \", blood illness….)\"\n                                }\n                              }\n                            }\n                          }\n                        }\n                      }\n                    }\n                  }\n                }\n              }\n            }\n          }\n        }\n      }\n    }\n  }\n}" 

Die Daten wurden erfolgreich in '/work/eauten2s/ec_criteria_struct/transform_chia/model_output/Llama-3-8B-Instruct_3_shot/Llama-3-8B-Instruct_NCT00500500_exc_3_shot.json' gespeichert.
File: NCT00500500_inc 

Das File: /work/eauten2s/ec_criteria_struct/transform_chia/input/half_clinical_trials/NCT00500500_inc.txt wurde erfolgreich geladen.

 Llama-3-8B-Instruct Output: 
  "{\n  \"AND\": {\n    \"left\": {\n      \"OR\": {\n        \"left\": {\n          \"raw_text\": \"female\"\n        },\n        \"right\": {\n          \"raw_text\": \"or male\"\n        }\n      },\n      \"right\": {\n        \"AND\": {\n          \"left\": {\n            \"raw_text\": \"of 50 to 85 years old\"\n          },\n          \"right\": {\n            \"AND\": {\n              \"left\": {\n                \"raw_text\": \"with a care giver\"\n              }\n            }\n          }\n        }\n      }\n    },\n    \"right\": {\n      \"AND\": {\n        \"left\": {\n          \"raw_text\": \"Mini Mental Status (MMS) test\"\n        },\n        \"right\": {\n          \"AND\": {\n            \"left\": {\n              \"raw_text\": \"between 16 to 26 inclusive\"\n            }\n          }\n        }\n      },\n      \"right\": {\n        \"AND\": {\n          \"left\": {\n            \"raw_text\": \"Clinical Dementia Rating (CDR) test\"\n          },\n          \"right\": {\n            \"raw_text\": \"inferior or equal to 1\"\n          }\n        }\n      },\n      \"right\": {\n        \"AND\": {\n          \"left\": {\n            \"raw_text\": \"National Institute of Neurological and Communicative Disorders and Stroke / Alzheimer's Disease and Related Disorders Association (NINCDS/ADRDA) test\"\n          },\n          \"right\": {\n            \"raw_text\": \"positive for an Alzheimer's disease\"\n          }\n        }\n      },\n      \"right\": {\n        \"AND\": {\n          \"left\": {\n            \"raw_text\": \"Diagnostic and Statistical Manual of Mental Disorders, 4th Edition (DSM IV) test\"\n          },\n          \"right\": {\n            \"raw_text\": \"positive for dementia\"\n          }\n        }\n      }\n    }\n  }\n}" 

Die Daten wurden erfolgreich in '/work/eauten2s/ec_criteria_struct/transform_chia/model_output/Llama-3-8B-Instruct_3_shot/Llama-3-8B-Instruct_NCT00500500_inc_3_shot.json' gespeichert.
File: NCT00502567_exc 

Das File: /work/eauten2s/ec_criteria_struct/transform_chia/input/half_clinical_trials/NCT00502567_exc.txt wurde erfolgreich geladen.

 Llama-3-8B-Instruct Output: 
  "{\n  \"OR\": {\n    \"left\": {\n      \"raw_text\": \"Inadequate bone marrow reserve\"\n    },\n    \"right\": {\n      \"raw_text\": \"history of poorly controlled hypertension\"\n    }\n  }\n}" 

Die Daten wurden erfolgreich in '/work/eauten2s/ec_criteria_struct/transform_chia/model_output/Llama-3-8B-Instruct_3_shot/Llama-3-8B-Instruct_NCT00502567_exc_3_shot.json' gespeichert.
File: NCT00502567_inc 

Das File: /work/eauten2s/ec_criteria_struct/transform_chia/input/half_clinical_trials/NCT00502567_inc.txt wurde erfolgreich geladen.

 Llama-3-8B-Instruct Output: 
  "{\n  \"AND\": {\n    \"left\": {\n      \"AND\": {\n        \"left\": {\n          \"raw_text\": \"histologically confirmed metastatic cancer\"\n        },\n        \"right\": {\n          \"NOT\": {\n            \"left\": {\n              \"OR\": {\n                \"left\": {\n                  \"raw_text\": \"amenable to surgery\"\n                },\n                \"right\": {\n                  \"raw_text\": \"or radiation therapy with curative intent\"\n                }\n              }\n            }\n          }\n        }\n      }\n    },\n    \"right\": {\n      \"AND\": {\n        \"left\": {\n          \"raw_text\": \"measurable lesion by CT or other techniques according to RECIST\"\n        }\n      }\n    }\n  }\n}" 

Die Daten wurden erfolgreich in '/work/eauten2s/ec_criteria_struct/transform_chia/model_output/Llama-3-8B-Instruct_3_shot/Llama-3-8B-Instruct_NCT00502567_inc_3_shot.json' gespeichert.
File: NCT00527826_exc 

Das File: /work/eauten2s/ec_criteria_struct/transform_chia/input/half_clinical_trials/NCT00527826_exc.txt wurde erfolgreich geladen.

 Llama-3-8B-Instruct Output: 
  "{\n  \"AND\": {\n    \"left\": {\n      \"OR\": {\n        \"left\": {\n          \"raw_text\": \"Known other respiratory disorders\"\n        },\n        \"right\": {\n          \"OR\": {\n            \"left\": {\n              \"raw_text\": \"or signs for other respiratory disorders (e.g. asthma, lung cancer, sarcoidosis, tuberculosis, lung fibrosis, cystic fibrosis, bronchoectasis).\"\n            }\n          }\n        }\n      }\n    },\n    \"right\": {\n      \"AND\": {\n        \"left\": {\n          \"OR\": {\n            \"left\": {\n              \"raw_text\": \"Known history of significant inflammatory disease, other than COPD\"\n            },\n            \"right\": {\n              \"OR\": {\n                \"left\": {\n                  \"raw_text\": \"(e.g. rheumatoid arthritis and systemic lupus erythematosus).\"\n                }\n              }\n            }\n          }\n        },\n        \"right\": {\n          \"OR\": {\n            \"left\": {\n              \"raw_text\": \"Known to be severely alpha-1-antitrypsin deficient (PI SZ or ZZ)\"\n            },\n            \"right\": {\n              \"OR\": {\n                \"left\": {\n                  \"raw_text\": \"Having undergone lung surgery (e.g. lung resection including lung volume reduction surgery, lung transplant) or subjects scheduled for surgery.\"\n                }\n              }\n            }\n          }\n        }\n      }\n    },\n    \"right\": {\n      \"AND\": {\n        \"left\": {\n          \"OR\": {\n            \"left\": {\n              \"raw_text\": \"Concurrent medication from Visit 1 and for the duration of the study with any of the prohibited medications: monoamine oxidase inhibitors and tricyclic antidepressants, and ritonavir (a highly potent cytochrome P450 3A4 inhibitor).\"\n            }\n          }\n        },\n        \"right\": {\n          \"OR\": {\n            \"left\": {\n              \"raw_text\": \"Subjects receiving chronic or prophylactic antibiotic therapy.\"\n            },\n            \"right\": {\n              \"OR\": {\n                \"left\": {\n                  \"raw_text\": \"Serious, uncontrolled disease (including serious psychological disorders) likely to interfere with the study or impact on subject safety.\"\n                }\n              }\n            }\n          }\n        }\n      }\n    },\n    \"right\": {\n      \"AND\": {\n        \"left\": {\n          \"OR\": {\n            \"left\": {\n              \"raw_text\": \"Have, in the opinion of the investigator, evidence of alcohol, drug or solvent abuse.\"\n            },\n            \"right\": {\n              \"OR\": {\n                \"left\": {\n                  \"raw_text\": \"History of depression.\"\n                },\n                \"right\": {\n                  \"OR\": {\n                    \"left\": {\n                      \"raw_text\": \"History or presence of clinically significant drug sensitivity or clinically significant allergic reaction to corticosteroids or salmeterol.\"\n                    }\n                  }\n                }\n              }\n            }\n          }\n        },\n        \"right\": {\n          \"OR\": {\n            \"left\": {\n              \"raw_text\": \"Moderate or severe COPD exacerbation (requiring corticosteroids or increased dosage of corticosteroids and/or antibiotics or hospitalization) within the 4 weeks prior to Visit 1\"\n            },\n            \"right\": {\n              \"OR\": {\n                \"left\": {\n                  \"raw_text\": \"Lower respiratory tract infection within the 4 weeks prior to Visit 1.\"\n                }\n              }\n            }\n          }\n        }\n      }\n    },\n    \"right\": {\n      \"OR\": {\n        \"left\": {\n          \"raw_text\": \"Pregnant or lactating female and female of childbearing potential.\"\n        },\n        \"right\": {\n          \"OR\": {\n            \"left\": {\n              \"raw_text\": \"Subject is a participating investigator, sub-investigator, study coordinator, or other employee of a participating investigator, or is an immediate family member of the before mentioned.\"\n            },\n            \"right\": {\n              \"OR\": {\n                \"left\": {\n                  \"raw_text\": \"Subject is an employee of GlaxoSmithKline (GSK).\"\n                },\n                \"right\": {\n                  \"OR\": {\n                    \"left\": {\n                      \"raw_text\": \"Subject participated in an investigational drug study within 30 days prior to Visit 1.\"\n                    }\n                  }\n                }\n              }\n            }\n          }\n        }\n      }\n    }\n  }\n}" 

Die Daten wurden erfolgreich in '/work/eauten2s/ec_criteria_struct/transform_chia/model_output/Llama-3-8B-Instruct_3_shot/Llama-3-8B-Instruct_NCT00527826_exc_3_shot.json' gespeichert.
File: NCT00527826_inc 

Das File: /work/eauten2s/ec_criteria_struct/transform_chia/input/half_clinical_trials/NCT00527826_inc.txt wurde erfolgreich geladen.

 Llama-3-8B-Instruct Output: 
  "{\n  \"AND\": {\n    \"left\": {\n      \"AND\": {\n        \"left\": {\n          \"raw_text\": \"Subject must have a diagnosis of COPD based on the American Thoracic Society (ATS)/ European Respiratory Society (ERS) criteria.\"\n        },\n        \"right\": {\n          \"AND\": {\n            \"left\": {\n              \"OR\": {\n                \"left\": {\n                  \"raw_text\": \"Male\"\n                },\n                \"right\": {\n                  \"raw_text\": \"or female subjects, aged >=40 years.\"\n                }\n              }\n            },\n            \"right\": {\n              \"AND\": {\n                \"left\": {\n                  \"raw_text\": \"Females must be of Non Child Bearing Potential.\"\n                },\n                \"right\": {\n                  \"raw_text\": \"The definition of Non Child Bearing Potential is as following: Females, regardless of their age, with functioning ovaries and who have a current documented tubal ligation or hysterectomy, or females who are post-menopausal.\"\n                }\n              }\n            }\n          }\n        }\n      },\n      \"right\": {\n        \"AND\": {\n          \"left\": {\n            \"AND\": {\n              \"left\": {\n                \"raw_text\": \"Have diagnosed COPD stage III or IV according to GOLD criteria:\"\n              },\n              \"right\": {\n                \"AND\": {\n                  \"left\": {\n                    \"raw_text\": \"a baseline post-bronchodilator Forced Expiratory Volume, measured at 1 second (FEV1) <50% of predicted normal\"\n                  },\n                  \"right\": {\n                    \"AND\": {\n                      \"left\": {\n                        \"raw_text\": \"and a baseline post- bronchodilator FEV1/Inspiratory Vital Capacity (IVC) ratio <70%.\"\n                      }\n                    }\n                  }\n                }\n              }\n            },\n            \"right\": {\n              \"AND\": {\n                \"left\": {\n                  \"raw_text\": \"Have experienced at least 2 moderate or severe COPD exacerbations leading to medical consultation (requiring oral corticosteroids or increasing dosage of oral corticosteroids and/or antibiotics or hospitalization) within the 12 months preceding Visit 1.\"\n                },\n                \"right\": {\n                  \"AND\": {\n                    \"left\": {\n                      \"raw_text\": \"Have stable COPD medication within 4 weeks prior to Visit 1 (no new medication added and no dosage changes in medication).\"\n                    },\n                    \"right\": {\n                      \"AND\": {\n                        \"left\": {\n                          \"OR\": {\n                            \"left\": {\n                              \"raw_text\": \"Current or ex-smokers with a smoking history of at least 10 pack years (number of pack years = [number of cigarettes per day / 20] x number of years smoked, e.g., 20 cigarettes per day for 10 years, or 10 cigarettes per day for 20 years).\"\n                            },\n                            \"right\": {\n                              \"raw_text\": \"Are currently managed at home (outpatients), are ambulatory and able to travel to the clinic.\"\n                            }\n                          }\n                        },\n                        \"right\": {\n                          \"AND\": {\n                            \"left\": {\n                              \"raw_text\": \"Subjects can be treated with all relevant COPD medication.\"\n                            },\n                            \"right\": {\n                              \"raw_text\": \"This includes vaccines, inhaled short-acting beta-2-agonists as needed, short-acting or long-acting anticholinergics (tiotropium), systemic beta-2-agonists, theophylline, mucolytics, antioxidants, beta-1-agonists (for cardiovascular indication), non-invasive ventilation, long term oxygen therapy and can have Cor Pulmonale.\"\n                            }\n                          }\n                        }\n                      }\n                    }\n                  }\n                }\n              }\n            }\n          }\n        }\n      }\n    }\n  }\n}\n" 

Die Daten wurden erfolgreich in '/work/eauten2s/ec_criteria_struct/transform_chia/model_output/Llama-3-8B-Instruct_3_shot/Llama-3-8B-Instruct_NCT00527826_inc_3_shot.json' gespeichert.
File: NCT00543712_exc 

Das File: /work/eauten2s/ec_criteria_struct/transform_chia/input/half_clinical_trials/NCT00543712_exc.txt wurde erfolgreich geladen.

 Llama-3-8B-Instruct Output: 
  "{\n  \"AND\": {\n    \"left\": {\n      \"OR\": {\n        \"left\": {\n          \"raw_text\": \"Systemic therapy or radiotherapy within 4 weeks prior to Day 1\"\n        },\n        \"right\": {\n          \"raw_text\": \"\"\n        }\n      }\n    },\n    \"right\": {\n      \"AND\": {\n        \"left\": {\n          \"NOT\": {\n            \"left\": {\n              \"OR\": {\n                \"left\": {\n                  \"raw_text\": \"Prior therapy with agents targeting the DR5 apoptosis pathway\"\n                },\n                \"right\": {\n                  \"raw_text\": \"\"\n                }\n              }\n            }\n          }\n        },\n        \"right\": {\n          \"AND\": {\n            \"left\": {\n              \"OR\": {\n                \"left\": {\n                  \"raw_text\": \"Major surgical procedure, open biopsy, or significant traumatic injury within 4 weeks prior to Day 1, or anticipation of need for major surgical procedure during the course of the study\"\n                },\n                \"right\": {\n                  \"raw_text\": \"\"\n                }\n              }\n            },\n            \"right\": {\n              \"AND\": {\n                \"left\": {\n                  \"OR\": {\n                    \"left\": {\n                      \"raw_text\": \"Other invasive malignancies within 5 years prior to Day 1\"\n                    },\n                    \"right\": {\n                      \"raw_text\": \"\"\n                    }\n                  }\n                },\n                \"right\": {\n                  \"AND\": {\n                    \"left\": {\n                      \"raw_text\": \"Known active brain metastases\"\n                    },\n                    \"right\": {\n                      \"raw_text\": \"\"\n                    }\n                  }\n                }\n              }\n            }\n          }\n        }\n      }\n    }\n  }\n}" 

Die Daten wurden erfolgreich in '/work/eauten2s/ec_criteria_struct/transform_chia/model_output/Llama-3-8B-Instruct_3_shot/Llama-3-8B-Instruct_NCT00543712_exc_3_shot.json' gespeichert.
File: NCT00543712_inc 

Das File: /work/eauten2s/ec_criteria_struct/transform_chia/input/half_clinical_trials/NCT00543712_inc.txt wurde erfolgreich geladen.

 Llama-3-8B-Instruct Output: 
  "{\n  \"AND\": {\n    \"left\": {\n      \"AND\": {\n        \"left\": {\n          \"raw_text\": \"Ability to understand and willingness to sign a written informed consent document\"\n        },\n        \"right\": {\n          \"AND\": {\n            \"left\": {\n              \"raw_text\": \"Age ≥ 18 years\"\n            },\n            \"right\": {\n              \"AND\": {\n                \"left\": {\n                  \"raw_text\": \"Histologic diagnosis of chondrosarcoma, verifiable after enrollment\"\n                },\n                \"right\": {\n                  \"AND\": {\n                    \"left\": {\n                      \"raw_text\": \"Measurable disease\"\n                    },\n                    \"right\": {\n                      \"AND\": {\n                        \"left\": {\n                          \"raw_text\": \"Previously treated or incurable disease without options for standard of care therapy\"\n                        },\n                        \"right\": {\n                          \"AND\": {\n                            \"left\": {\n                              \"raw_text\": \"ECOG performance status of 0-2\"\n                            },\n                            \"right\": {\n                              \"AND\": {\n                                \"left\": {\n                                  \"raw_text\": \"Life expectancy of > 3 months\"\n                                },\n                                \"right\": {\n                                  \"AND\": {\n                                    \"left\": {\n                                      \"OR\": {\n                                        \"left\": {\n                                          \"raw_text\": \"For patients of reproductive potential (males and females)\"\n                                        },\n                                        \"right\": {\n                                          \"raw_text\": \"use of reliable means for contraception (e.g., contraceptive pill, intrauterine device [IUD], physical barrier) throughout the trial and for 1 year following their final exposure to study treatment\"\n                                        }\n                                      }\n                                    }\n                                  }\n                                }\n                              }\n                            }\n                          }\n                        }\n                      }\n                    }\n                  }\n                }\n              }\n            }\n          }\n        }\n      }\n    }\n  }\n}" 

Die Daten wurden erfolgreich in '/work/eauten2s/ec_criteria_struct/transform_chia/model_output/Llama-3-8B-Instruct_3_shot/Llama-3-8B-Instruct_NCT00543712_inc_3_shot.json' gespeichert.
File: NCT00576173_exc 

Das File: /work/eauten2s/ec_criteria_struct/transform_chia/input/half_clinical_trials/NCT00576173_exc.txt wurde erfolgreich geladen.

 Llama-3-8B-Instruct Output: 
  "{\n  \"AND\": {\n    \"left\": {\n      \"OR\": {\n        \"left\": {\n          \"AND\": {\n            \"left\": {\n              \"raw_text\": \"Patients who have taken\"\n            },\n            \"right\": {\n              \"OR\": {\n                \"left\": {\n                  \"raw_text\": \"morphine\"\n                },\n                \"right\": {\n                  \"AND\": {\n                    \"left\": {\n                      \"raw_text\": \"with daily dose\"\n                    },\n                    \"right\": {\n                      \"raw_text\": \"more than 120mg\"\n                    }\n                  }\n                }\n              }\n            }\n          },\n          \"right\": {\n            \"AND\": {\n              \"left\": {\n                \"raw_text\": \"or\"\n              },\n              \"right\": {\n                \"AND\": {\n                  \"left\": {\n                    \"raw_text\": \"Fentanyl\"\n                    },\n                    \"right\": {\n                      \"AND\": {\n                        \"left\": {\n                          \"raw_text\": \"with daily dose\"\n                        },\n                        \"right\": {\n                          \"raw_text\": \"more than 50ug/hr\"\n                        }\n                      }\n                    }\n                  }\n                }\n              }\n            }\n          }\n        }\n      }\n    },\n    \"right\": {\n      \"AND\": {\n        \"left\": {\n          \"OR\": {\n            \"left\": {\n              \"raw_text\": \"Patients with significant abnormalities in hepatic or renal function which would, in the opinion of the investigator, prevent the patients involvement in the study\"\n            }\n          }\n        },\n        \"right\": {\n          \"AND\": {\n            \"left\": {\n              \"raw_text\": \"Patients with significant clinical abnormalities in CNS, respiratory or cardiovascular function, which in the investigators judgement prevents participation in the study\"\n            }\n          }\n        }\n      }\n    },\n    \"right\": {\n      \"AND\": {\n        \"left\": {\n          \"raw_text\": \"Patients who have taken\"\n        },\n        \"right\": {\n          \"OR\": {\n            \"left\": {\n              \"raw_text\": \"antidepressants or anti-epileptic drugs\"\n            },\n            \"right\": {\n              \"OR\": {\n                \"left\": {\n                  \"raw_text\": \"sedative hypnotics\"\n                },\n                \"right\": {\n                  \"OR\": {\n                    \"left\": {\n                      \"raw_text\": \"selective serotonin reuptake inhibitor\"\n                    },\n                    \"right\": {\n                      \"OR\": {\n                        \"left\": {\n                          \"raw_text\": \"short-acting analgesics\"\n                        },\n                        \"right\": {\n                          \"OR\": {\n                            \"left\": {\n                              \"raw_text\": \"topical medications and anesthetics\"\n                            },\n                            \"right\": {\n                              \"raw_text\": \"and/or muscle relaxants when taking Tramadol/Acetaminophen\"\n                            }\n                          }\n                        }\n                      }\n                    }\n                  }\n                }\n              }\n            }\n          }\n        }\n      }\n    }\n  }\n}" 

Die Daten wurden erfolgreich in '/work/eauten2s/ec_criteria_struct/transform_chia/model_output/Llama-3-8B-Instruct_3_shot/Llama-3-8B-Instruct_NCT00576173_exc_3_shot.json' gespeichert.
File: NCT00576173_inc 

Das File: /work/eauten2s/ec_criteria_struct/transform_chia/input/half_clinical_trials/NCT00576173_inc.txt wurde erfolgreich geladen.

 Llama-3-8B-Instruct Output: 
  "{\n  \"AND\": {\n    \"left\": {\n      \"AND\": {\n        \"left\": {\n          \"raw_text\": \"Patients with a histologically, radiologically or haematologically confirmed malignancy\"\n        },\n        \"right\": {\n          \"AND\": {\n            \"left\": {\n              \"raw_text\": \"whose pain is judged by the investigator to be caused by the malignancy\"\n            }\n          }\n        }\n      }\n    },\n    \"right\": {\n      \"AND\": {\n        \"left\": {\n          \"AND\": {\n            \"left\": {\n              \"raw_text\": \"Patients must have been on a stable daily dose of weak opioids or strong opioids\"\n            },\n            \"right\": {\n              \"AND\": {\n                \"left\": {\n                  \"raw_text\": \"for at least 72 hours prior to the start the study\"\n                },\n                \"right\": {\n                  \"AND\": {\n                    \"left\": {\n                      \"raw_text\": \"and must remain at the same dosage for the duration of the study\"\n                    }\n                  }\n                }\n              }\n            }\n          }\n        },\n        \"right\": {\n          \"AND\": {\n            \"left\": {\n              \"raw_text\": \"Patients must have a VAS (Visual analog scale) >=40mm\"\n            }\n          }\n        }\n      }\n    }\n  }\n}" 

Die Daten wurden erfolgreich in '/work/eauten2s/ec_criteria_struct/transform_chia/model_output/Llama-3-8B-Instruct_3_shot/Llama-3-8B-Instruct_NCT00576173_inc_3_shot.json' gespeichert.
File: NCT00586898_exc 

Das File: /work/eauten2s/ec_criteria_struct/transform_chia/input/half_clinical_trials/NCT00586898_exc.txt wurde erfolgreich geladen.

 Llama-3-8B-Instruct Output: 
  "{\n  \"AND\": {\n    \"left\": {\n      \"OR\": {\n        \"left\": {\n          \"raw_text\": \"Clinically significant cardiac disease (New York Heart Association Class III/IV),or severe debilitating puhnonary disease.\"\n        }\n      }\n    },\n    \"right\": {\n      \"AND\": {\n        \"left\": {\n          \"raw_text\": \"Uncontrolled serious active infection.\"\n        },\n        \"right\": {\n          \"AND\": {\n            \"left\": {\n              \"raw_text\": \"Anticipated survival of less than 3 months.\"\n            },\n            \"right\": {\n              \"AND\": {\n                \"left\": {\n                  \"OR\": {\n                    \"left\": {\n                      \"raw_text\": \"Active CNS\"\n                    },\n                    \"right\": {\n                      \"raw_text\": \"or epiduraltumor\"\n                    }\n                  }\n                },\n                \"right\": {\n                  \"AND\": {\n                    \"left\": {\n                      \"raw_text\": \"Inability or unwillingness to comply with the treatment protocol, follow-up, or research tests.\"\n                    }\n                  }\n                }\n              }\n            }\n          }\n        }\n      }\n    }\n  }\n}" 

Die Daten wurden erfolgreich in '/work/eauten2s/ec_criteria_struct/transform_chia/model_output/Llama-3-8B-Instruct_3_shot/Llama-3-8B-Instruct_NCT00586898_exc_3_shot.json' gespeichert.
File: NCT00586898_inc 

Das File: /work/eauten2s/ec_criteria_struct/transform_chia/input/half_clinical_trials/NCT00586898_inc.txt wurde erfolgreich geladen.

 Llama-3-8B-Instruct Output: 
  "{\n  \"AND\": {\n    \"left\": {\n      \"OR\": {\n        \"left\": {\n          \"raw_text\": \"Patients residing in the following clinical states with! be considered:\"\n        },\n        \"right\": {\n          \"AND\": {\n            \"left\": {\n              \"raw_text\": \"A. Rising PSA: Patients with a history of localized disease who have undergone definitive radiation or surgery.\"\n            },\n            \"right\": {\n              \"AND\": {\n                \"left\": {\n                  \"raw_text\": \"These patients must demonstrate progression of disease biochemically as outlined below.\"\n                },\n                \"right\": {\n                  \"NOT\": {\n                    \"left\": {\n                      \"raw_text\": \"Patients in this group may not have radiographically evident disease.\"\n                    }\n                  }\n                }\n              }\n            }\n          },\n          \"right\": {\n            \"AND\": {\n              \"left\": {\n                \"raw_text\": \"B. Non-castrate metastatic: Patients must present with radiographic evidence of metastatic disease at the time of diagnosis or after treatment for localized disease.\"\n              },\n              \"right\": {\n                \"AND\": {\n                  \"left\": {\n                    \"raw_text\": \"These patients must show newly detected disease or progressing disease in bone or in soft tissue.\"\n                  },\n                  \"right\": {\n                    \"AND\": {\n                      \"left\": {\n                        \"raw_text\": \"Biochemical progression is defined as:\"\n                      },\n                      \"right\": {\n                        \"AND\": {\n                          \"left\": {\n                            \"raw_text\": \"minimum no. of determinations: 3\"\n                          },\n                          \"right\": {\n                            \"AND\": {\n                              \"left\": {\n                                \"raw_text\": \"Interval: >2 weeks\"\n                              },\n                              \"right\": {\n                                \"AND\": {\n                                  \"left\": {\n                                    \"raw_text\": \"Minimal Baseline PSA value (ng/ml): 2\"\n                                  },\n                                  \"right\": {\n                                    \"AND\": {\n                                      \"left\": {\n                                        \"raw_text\": \"Minimal % increase in range of values: 50%\"\n                                      }\n                                    }\n                                  }\n                                }\n                              }\n                            }\n                          }\n                        }\n                      }\n                    }\n                  }\n                }\n              }\n            }\n          }\n        }\n      }\n    },\n    \"right\": {\n      \"AND\": {\n        \"left\": {\n          \"raw_text\": \"Diagnosis of prostate adenocarcinoma histologically confirmed at MSKCC.\"\n        },\n        \"right\": {\n          \"AND\": {\n            \"left\": {\n              \"raw_text\": \"Patient must have level of serum testosterone above the lower limit of normal.\"\n            },\n            \"right\": {\n              \"AND\": {\n                \"left\": {\n                  \"raw_text\": \"Karnofskcy performance status (KPS) >_70%.\"\n                },\n                \"right\": {\n                  \"AND\": {\n                    \"left\": {\n                      \"raw_text\": \"Patients must have adequate organ function as defined by the following laboratory criteria:\"\n                    },\n                    \"right\": {\n                      \"AND\": {\n                        \"left\": {\n                          \"OR\": {\n                            \"left\": {\n                              \"raw_text\": \"WBC >_3500/mm3, platelet count >_100,000/mm3.\"\n                            },\n                            \"right\": {\n                              \"OR\": {\n                                \"left\": {\n                                  \"raw_text\": \"Bilirubin <2.0 mg/dl or SGOT <3.0 X the upper limit of normal.\"\n                                },\n                                \"right\": {\n                                  \"OR\": {\n                                    \"left\": {\n                                      \"raw_text\": \"Creatinine <_1.6 mg/dl or creatinine clearance >_60 cc/min.\"\n                                    }\n                                  }\n                                }\n                              }\n                            }\n                          }\n                        }\n                      }\n                    }\n                  }\n                }\n              }\n            }\n          }\n        }\n      }\n    }\n  }\n}" 

Die Daten wurden erfolgreich in '/work/eauten2s/ec_criteria_struct/transform_chia/model_output/Llama-3-8B-Instruct_3_shot/Llama-3-8B-Instruct_NCT00586898_inc_3_shot.json' gespeichert.
File: NCT00599924_exc 

Das File: /work/eauten2s/ec_criteria_struct/transform_chia/input/half_clinical_trials/NCT00599924_exc.txt wurde erfolgreich geladen.

 Llama-3-8B-Instruct Output: 
  "{\n  \"AND\": {\n    \"left\": {\n      \"OR\": {\n        \"left\": {\n          \"raw_text\": \"Prior treatment with more than 6 cycles of traditional alkylating agent-based chemotherapy regimens\"\n        },\n        \"right\": {\n          \"raw_text\": \"Prior treatment with more than 2 cycles of carboplating-based chemotherapy regimens\"\n        }\n      }\n    },\n    \"right\": {\n      \"AND\": {\n        \"left\": {\n          \"OR\": {\n            \"left\": {\n              \"raw_text\": \"For colorectal cancer patients in the expanded cohorts, prior treatment with more than 2 systemic chemotherapy regimens in the metastatic setting\"\n            }\n          }\n        }\n      }\n    }\n  }\n}" 

Die Daten wurden erfolgreich in '/work/eauten2s/ec_criteria_struct/transform_chia/model_output/Llama-3-8B-Instruct_3_shot/Llama-3-8B-Instruct_NCT00599924_exc_3_shot.json' gespeichert.
File: NCT00599924_inc 

Das File: /work/eauten2s/ec_criteria_struct/transform_chia/input/half_clinical_trials/NCT00599924_inc.txt wurde erfolgreich geladen.

 Llama-3-8B-Instruct Output: 
  "{\n  \"AND\": {\n    \"left\": {\n      \"raw_text\": \"Advanced solid tumor malignancy\"\n    },\n    \"right\": {\n      \"AND\": {\n        \"left\": {\n          \"NOT\": {\n            \"left\": {\n              \"raw_text\": \"(during expansion at the maximum tolerated dose, entry will be limited to patients wtih adenocarcinoma of the colon or rectum)\"\n            }\n          }\n        },\n        \"right\": {\n          \"AND\": {\n            \"left\": {\n              \"raw_text\": \"Eastern Cooperative Oncology Group (ECOG) 0\"\n            },\n            \"right\": {\n              \"OR\": {\n                \"left\": {\n                  \"raw_text\": \"or 1\"\n                }\n              }\n            }\n          }\n        }\n      }\n    }\n  }\n}" 

Die Daten wurden erfolgreich in '/work/eauten2s/ec_criteria_struct/transform_chia/model_output/Llama-3-8B-Instruct_3_shot/Llama-3-8B-Instruct_NCT00599924_inc_3_shot.json' gespeichert.
File: NCT00609531_exc 

Das File: /work/eauten2s/ec_criteria_struct/transform_chia/input/half_clinical_trials/NCT00609531_exc.txt wurde erfolgreich geladen.

 Llama-3-8B-Instruct Output: 
  "{\n  \"AND\": {\n    \"left\": {\n      \"OR\": {\n        \"left\": {\n          \"raw_text\": \"Age less than 10 years\"\n        },\n        \"right\": {\n          \"raw_text\": \"or greater than 55 years, at time of consent\"\n        }\n      }\n    },\n    \"right\": {\n      \"AND\": {\n        \"left\": {\n          \"raw_text\": \"Estimated IQ < 70\"\n        },\n        \"right\": {\n          \"AND\": {\n            \"left\": {\n              \"raw_text\": \"Uncontrolled epilepsy (seizure within 6 months prior to consent)\"\n            },\n            \"right\": {\n              \"AND\": {\n                \"left\": {\n                  \"raw_text\": \"4. Presence of medical conditions that might interfere with participation, or where participation would be contraindicated\"\n                },\n                \"right\": {\n                  \"AND\": {\n                    \"left\": {\n                      \"raw_text\": \"History of neurological injury: head trauma, poorly-controlled seizure disorder (seizure within the preceding six months), stroke, prior neurosurgery, or under the care of a neurologist or neurosurgeon as determined by interview\"\n                    },\n                    \"right\": {\n                      \"AND\": {\n                        \"left\": {\n                          \"raw_text\": \"History of claustrophobia\"\n                        },\n                        \"right\": {\n                          \"AND\": {\n                            \"left\": {\n                              \"raw_text\": \"Implanted or irremovable metal in the body (including certain tattoos and permanent make-up)\"\n                            },\n                            \"right\": {\n                              \"AND\": {\n                                \"left\": {\n                                  \"raw_text\": \"Current pregnancy (as verified by testing prior to both initial dose administration of citalopram or placebo and prior to magnetic resonance imaging) due to the risk that may be associated with SSRI treatment and magnetic resonance imaging on fetal health\"\n                                },\n                                \"right\": {\n                                  \"AND\": {\n                                    \"left\": {\n                                      \"raw_text\": \"Medical contraindications to SSRI therapy as determined by history (including induction of mania or hypomania during SSRI therapy, or known drug allergy)\"\n                                    },\n                                    \"right\": {\n                                      \"AND\": {\n                                        \"left\": {\n                                          \"raw_text\": \"Concomitant medication that would interfere with study participation\"\n                                        },\n                                        \"right\": {\n                                          \"AND\": {\n                                            \"left\": {\n                                              \"raw_text\": \"Prior history of citalopram treatment failure at appropriate doses and duration\"\n                                            },\n                                            \"right\": {\n                                              \"AND\": {\n                                                \"left\": {\n                                                  \"raw_text\": \"Prior history of treatment failure to two previous SSRI trials at appropriate doses and duration\"\n                                                },\n                                                \"right\": {\n                                                  \"AND\": {\n                                                    \"left\": {\n                                                      \"raw_text\": \"Ongoing need for psychoactive medication other than study medication [excepting stable doses (greater than three months duration) of anticonvulsant medication for seizure disorder, or diphenhydramine (Benadryl®) for sleep]\"\n                                                    }\n                                                  }\n                                                }\n                                              }\n                                            }\n                                          }\n                                        }\n                                      }\n                                    }\n                                  }\n                                }\n                              }\n                            }\n                          }\n                        }\n                      }\n                    }\n                  }\n                }\n              }\n            }\n          }\n        }\n      }\n    }\n  }\n}" 

Die Daten wurden erfolgreich in '/work/eauten2s/ec_criteria_struct/transform_chia/model_output/Llama-3-8B-Instruct_3_shot/Llama-3-8B-Instruct_NCT00609531_exc_3_shot.json' gespeichert.
File: NCT00609531_inc 

Das File: /work/eauten2s/ec_criteria_struct/transform_chia/input/half_clinical_trials/NCT00609531_inc.txt wurde erfolgreich geladen.

 Llama-3-8B-Instruct Output: 
  "{\n  \"AND\": {\n    \"left\": {\n      \"AND\": {\n        \"left\": {\n          \"raw_text\": \"Ambulatory status (outpatient) at time of consent\"\n        },\n        \"right\": {\n          \"AND\": {\n            \"left\": {\n              \"raw_text\": \"Age 10-55 years\"\n            },\n            \"right\": {\n              \"AND\": {\n                \"left\": {\n                  \"raw_text\": \"Clinical diagnosis of Autism Spectrum Disorder\"\n                },\n                \"right\": {\n                  \"AND\": {\n                    \"left\": {\n                      \"raw_text\": \"IQ greater than or equal to 70\"\n                    },\n                    \"right\": {\n                      \"AND\": {\n                        \"left\": {\n                          \"raw_text\": \"Score greater than 8 on Children's Yale-Brown Obsessive Compulsive Scale\"\n                        },\n                        \"right\": {\n                          \"AND\": {\n                            \"left\": {\n                              \"raw_text\": \"Free of psychoactive medication for at least\"\n                            },\n                            \"right\": {\n                              \"OR\": {\n                                \"left\": {\n                                  \"raw_text\": \"one month for fluoxetine\"\n                                },\n                                \"right\": {\n                                  \"OR\": {\n                                    \"left\": {\n                                      \"raw_text\": \"two weeks for other SSRIs\"\n                                    },\n                                    \"right\": {\n                                      \"OR\": {\n                                        \"left\": {\n                                          \"raw_text\": \"and neuroleptics; and five days for stimulants\"\n                                        }\n                                      }\n                                    }\n                                  }\n                                }\n                              },\n                              \"right\": {\n                                \"NOT\": {\n                                  \"left\": {\n                                    \"raw_text\": \"prior to MRI scanning [excepting stable doses (greater than three months duration) of anticonvulsant medication for seizure disorder]\"\n                                  }\n                                }\n                              }\n                            }\n                          }\n                        }\n                      }\n                    }\n                  }\n                }\n              }\n            }\n          }\n        }\n      }\n    }\n  }\n}" 

Die Daten wurden erfolgreich in '/work/eauten2s/ec_criteria_struct/transform_chia/model_output/Llama-3-8B-Instruct_3_shot/Llama-3-8B-Instruct_NCT00609531_inc_3_shot.json' gespeichert.
File: NCT00625742_exc 

Das File: /work/eauten2s/ec_criteria_struct/transform_chia/input/half_clinical_trials/NCT00625742_exc.txt wurde erfolgreich geladen.

 Llama-3-8B-Instruct Output: 
  "{\n  \"OR\": {\n    \"left\": {\n      \"AND\": {\n        \"left\": {\n          \"raw_text\": \"1. Have dementia or delirium (as determined by the palliative care specialist) at study entry.\"\n        }\n      }\n    },\n    \"right\": {\n      \"OR\": {\n        \"left\": {\n          \"raw_text\": \"2. Are pregnant\"\n        },\n        \"right\": {\n          \"OR\": {\n            \"left\": {\n              \"raw_text\": \"3. Have been taking corticosteroids for longer than 48 hours.\"\n            },\n            \"right\": {\n              \"OR\": {\n                \"left\": {\n                  \"raw_text\": \"4. Have pulmonary edema, ascites or pitting edema on clinical examination.\"\n                },\n                \"right\": {\n                  \"OR\": {\n                    \"left\": {\n                      \"raw_text\": \"5. Are unable to walk.\"\n                    },\n                    \"right\": {\n                      \"OR\": {\n                        \"left\": {\n                          \"raw_text\": \"6. Have a history of serious adverse gastrointestinal events (i.e., bleeding or perforation),history of a coagulopathy or current anti-coagulant use.\"\n                        },\n                        \"right\": {\n                          \"OR\": {\n                            \"left\": {\n                              \"raw_text\": \"7. Have an ALT/AST>3x upper limit of normal.\"\n                            },\n                            \"right\": {\n                              \"OR\": {\n                                \"left\": {\n                                  \"raw_text\": \"8. Patients on methotrexate.\"\n                                },\n                                \"right\": {\n                                  \"OR\": {\n                                    \"left\": {\n                                      \"raw_text\": \"9. Patients taking melatonin receptor agonists (such as Rozerem [ramelteon]).\"\n                                    }\n                                  }\n                                }\n                              }\n                            }\n                          }\n                        }\n                      }\n                    }\n                  }\n                }\n              }\n            }\n          }\n        }\n      }\n    }\n  }\n}" 

Die Daten wurden erfolgreich in '/work/eauten2s/ec_criteria_struct/transform_chia/model_output/Llama-3-8B-Instruct_3_shot/Llama-3-8B-Instruct_NCT00625742_exc_3_shot.json' gespeichert.
File: NCT00625742_inc 

Das File: /work/eauten2s/ec_criteria_struct/transform_chia/input/half_clinical_trials/NCT00625742_inc.txt wurde erfolgreich geladen.

 Llama-3-8B-Instruct Output: 
  "{\n  \"AND\": {\n    \"left\": {\n      \"OR\": {\n        \"left\": {\n          \"raw_text\": \"1. Are referred to the Cachexia Clinic with involuntary weight loss of >5% of their premorbid weight within the previous 6 months.\"\n        }\n      }\n    },\n    \"right\": {\n      \"AND\": {\n        \"left\": {\n          \"raw_text\": \"2. Are 18 years of age or older\"\n        },\n        \"right\": {\n          \"AND\": {\n            \"left\": {\n              \"raw_text\": \"3. Have a Karnofsky performance score of 60 or higher.\"\n            },\n            \"right\": {\n              \"AND\": {\n                \"left\": {\n                  \"raw_text\": \"4. Can maintain oral food intake during the study\"\n                },\n                \"right\": {\n                  \"AND\": {\n                    \"left\": {\n                      \"raw_text\": \"5. Can understand the study procedures and can sign an informed consent form.\"\n                    }\n                  }\n                }\n              }\n            }\n          }\n        }\n      }\n    }\n  },\n  \"AND\": {\n    \"left\": {\n      \"NOT\": {\n        \"left\": {\n          \"raw_text\": \"6. Are not currently taking melatonin.\"\n        }\n      }\n    },\n    \"right\": {\n      \"AND\": {\n        \"left\": {\n          \"AND\": {\n            \"left\": {\n              \"raw_text\": \"7. Are taking megestrol acetate and continue to lose weight despite at least 2 weeks of therapy.\"\n            },\n            \"right\": {\n              \"raw_text\": \"8. Have a calculated creatinine clearance of >/= 60 cc/min.\"\n            }\n          }\n        }\n      }\n    }\n  }\n}" 

Die Daten wurden erfolgreich in '/work/eauten2s/ec_criteria_struct/transform_chia/model_output/Llama-3-8B-Instruct_3_shot/Llama-3-8B-Instruct_NCT00625742_inc_3_shot.json' gespeichert.
File: NCT00639795_exc 

Das File: /work/eauten2s/ec_criteria_struct/transform_chia/input/half_clinical_trials/NCT00639795_exc.txt wurde erfolgreich geladen.

 Llama-3-8B-Instruct Output: 
  "{\n  \"AND\": {\n    \"left\": {\n      \"AND\": {\n        \"left\": {\n          \"raw_text\": \"Age less than 18\"\n        },\n        \"right\": {\n          \"OR\": {\n            \"left\": {\n              \"raw_text\": \"Clinical or laboratory evidence of systemic infection\"\n            },\n            \"right\": {\n              \"OR\": {\n                \"left\": {\n                  \"raw_text\": \"Current pregnancy as assessed by preoperative urine HCG test\"\n                },\n                \"right\": {\n                  \"OR\": {\n                    \"left\": {\n                      \"raw_text\": \"Serious, uncontrolled, non-malignant illness\"\n                    },\n                    \"right\": {\n                      \"OR\": {\n                        \"left\": {\n                          \"raw_text\": \"Malignant illness requiring systemic chemotherapy in the last 6 months\"\n                        },\n                        \"right\": {\n                          \"OR\": {\n                            \"left\": {\n                              \"raw_text\": \"Documented allergy to oxycodone, morphine sulfate or acetaminophen\"\n                            },\n                            \"right\": {\n                              \"AND\": {\n                                \"left\": {\n                                  \"raw_text\": \"Contraindication to peripheral nerve blockade or general anesthesia including:\"\n                                },\n                                \"right\": {\n                                  \"OR\": {\n                                    \"left\": {\n                                      \"raw_text\": \"1. patient refusal\"\n                                    },\n                                    \"right\": {\n                                      \"OR\": {\n                                        \"left\": {\n                                          \"raw_text\": \"2. active infection at site of planned block\"\n                                        },\n                                        \"right\": {\n                                          \"OR\": {\n                                            \"left\": {\n                                              \"raw_text\": \"3. documented allergy to any local or general anesthetic medications\"\n                                            },\n                                            \"right\": {\n                                              \"OR\": {\n                                                \"left\": {\n                                                  \"raw_text\": \"4. significant coagulopathy (prothrombin time >15 seconds, INR>1.5\"\n                                                },\n                                                \"right\": {\n                                                  \"OR\": {\n                                                    \"left\": {\n                                                      \"raw_text\": \"5. pre-existing neuropathy and medical conditions or deformities which would compromise block or anesthetic safety\"\n                                                    }\n                                                  }\n                                                }\n                                              }\n                                            }\n                                          }\n                                        }\n                                      }\n                                    }\n                                  }\n                                }\n                              }\n                            }\n                          }\n                        }\n                      }\n                    }\n                  }\n                }\n              }\n            }\n          }\n        }\n      }\n    },\n    \"right\": {\n      \"AND\": {\n        \"left\": {\n          \"OR\": {\n            \"left\": {\n              \"raw_text\": \"Planned pleurodesis\"\n            },\n            \"right\": {\n              \"OR\": {\n                \"left\": {\n                  \"raw_text\": \"Current use of high dose inhaled or systemic steroids\"\n                },\n                \"right\": {\n                  \"OR\": {\n                    \"left\": {\n                      \"raw_text\": \"Current use of Amiodarone (Cordarone)\"\n                    },\n                    \"right\": {\n                      \"OR\": {\n                        \"left\": {\n                          \"raw_text\": \"Morbid obesity (BMI=40kg/m2)\"\n                        },\n                        \"right\": {\n                          \"OR\": {\n                            \"left\": {\n                              \"raw_text\": \"Patients with clinically significant mental health issues such as psychosis requiring treatment with antipsychotic medications.\"\n                            },\n                            \"right\": {\n                              \"OR\": {\n                                \"left\": {\n                                  \"raw_text\": \"Patients unable to consent\"\n                                },\n                                \"right\": {\n                                  \"OR\": {\n                                    \"left\": {\n                                      \"raw_text\": \"Patients with active infections requiring antibiotics within one month of registration\"\n                                    },\n                                    \"right\": {\n                                      \"OR\": {\n                                        \"left\": {\n                                          \"raw_text\": \"Participation in other clinical trials that may interfere with this study\"\n                                        }\n                                      }\n                                    }\n                                  }\n                                }\n                              }\n                            }\n                          }\n                        }\n                      }\n                    }\n                  }\n                }\n              }\n            }\n          }\n        }\n      }\n    }\n  }\n}" 

Die Daten wurden erfolgreich in '/work/eauten2s/ec_criteria_struct/transform_chia/model_output/Llama-3-8B-Instruct_3_shot/Llama-3-8B-Instruct_NCT00639795_exc_3_shot.json' gespeichert.
File: NCT00639795_inc 

Das File: /work/eauten2s/ec_criteria_struct/transform_chia/input/half_clinical_trials/NCT00639795_inc.txt wurde erfolgreich geladen.

 Llama-3-8B-Instruct Output: 
  "{\n  \"AND\": {\n    \"left\": {\n      \"raw_text\": \"Age greater than 18\"\n    },\n    \"right\": {\n      \"AND\": {\n        \"left\": {\n          \"raw_text\": \"Planned thoracoscopy\"\n        },\n        \"right\": {\n          \"AND\": {\n            \"left\": {\n              \"raw_text\": \"with low probability\"\n            },\n            \"right\": {\n              \"raw_text\": \"(by surgeon estimate) of conversion to open procedure\"\n            }\n          }\n        }\n      }\n    }\n  }\n}" 

Die Daten wurden erfolgreich in '/work/eauten2s/ec_criteria_struct/transform_chia/model_output/Llama-3-8B-Instruct_3_shot/Llama-3-8B-Instruct_NCT00639795_inc_3_shot.json' gespeichert.
File: NCT00650312_exc 

Das File: /work/eauten2s/ec_criteria_struct/transform_chia/input/half_clinical_trials/NCT00650312_exc.txt wurde erfolgreich geladen.

 Llama-3-8B-Instruct Output: 
  "{\n  \"AND\": {\n    \"left\": {\n      \"NOT\": {\n        \"left\": {\n          \"raw_text\": \"Institutionalized subjects will not be used.\"\n        }\n      }\n    },\n    \"right\": {\n      \"AND\": {\n        \"left\": {\n          \"AND\": {\n            \"left\": {\n              \"OR\": {\n                \"left\": {\n                  \"raw_text\": \"Use of any tobacco products.\"\n                },\n                \"right\": {\n                  \"raw_text\": \"Ingestion of any alcoholic, caffeine- or xanthine-containing food or beverage within the 48 hours prior to the initial dose of study medication.\"\n                }\n              }\n            },\n            \"right\": {\n              \"AND\": {\n                \"left\": {\n                  \"raw_text\": \"Ingestion of any vitamins or herbal products within the 48 hours prior to the initial dose of the study medication.\"\n                },\n                \"right\": {\n                  \"AND\": {\n                    \"left\": {\n                      \"raw_text\": \"Any recent, significant change in dietary or exercise habits.\"\n                    },\n                    \"right\": {\n                      \"OR\": {\n                        \"left\": {\n                          \"raw_text\": \"Positive test for any drug included in the urine drug screen.\"\n                        }\n                      }\n                    }\n                  }\n                }\n              }\n            }\n          }\n        },\n        \"right\": {\n          \"AND\": {\n            \"left\": {\n              \"AND\": {\n                \"left\": {\n                  \"OR\": {\n                    \"left\": {\n                      \"raw_text\": \"Use of any medication within the 14 days prior to the initial dose of study medication.\"\n                    },\n                    \"right\": {\n                      \"OR\": {\n                        \"left\": {\n                          \"raw_text\": \"Use of any medication known to alter hepatic enzyme activity within 28 days prior to the initial dose of study medication.\"\n                        },\n                        \"right\": {\n                          \"OR\": {\n                            \"left\": {\n                              \"raw_text\": \"Use of hormonal contraceptives and hormonal replacement therapy within three months prior to the initial dose of study medication.\"\n                            }\n                          }\n                        }\n                      }\n                    }\n                  },\n                  \"right\": {\n                    \"OR\": {\n                      \"left\": {\n                        \"raw_text\": \"History of any significant chronic disease and/or hepatitis.\"\n                      },\n                      \"right\": {\n                        \"OR\": {\n                          \"left\": {\n                            \"raw_text\": \"History of drug and/or alcohol abuse.\"\n                          },\n                          \"right\": {\n                            \"OR\": {\n                              \"left\": {\n                                \"raw_text\": \"Acute illness at the time of either the prestudy medical evaluation or dosing.\"\n                              },\n                              \"right\": {\n                                \"OR\": {\n                                  \"left\": {\n                                    \"raw_text\": \"Positive HIV, Hepatitis B, or Hepatitis C test.\"\n                                  },\n                                  \"right\": {\n                                    \"OR\": {\n                                      \"left\": {\n                                        \"raw_text\": \"Renal disease or renal dysfunction (as suggested by serum creatinine levels greater than or equal to 1.5 mg/dL (for males) and greater than or equal to 1.4 mg/dL (for females) or abnormal creatinine clearance).\"\n                                      }\n                                    }\n                                  }\n                                }\n                              }\n                            }\n                          }\n                        }\n                      }\n                    }\n                  }\n                },\n                \"right\": {\n                  \"OR\": {\n                    \"left\": {\n                      \"raw_text\": \"Clinically significant deviation from the Guide for Clinically Relevant Abnormalities (see Part II ADMINISTRATIVE ASPECTS OF BIOEQUIVALENCE PROTOCOLS).\"\n                    },\n                    \"right\": {\n                      \"OR\": {\n                        \"left\": {\n                          \"raw_text\": \"Abnormal and clinically relevant ECG tracing.\"\n                        }\n                      }\n                    }\n                  }\n                }\n              }\n            }\n          }\n        }\n      }\n    }\n  }\n}" 

Die Daten wurden erfolgreich in '/work/eauten2s/ec_criteria_struct/transform_chia/model_output/Llama-3-8B-Instruct_3_shot/Llama-3-8B-Instruct_NCT00650312_exc_3_shot.json' gespeichert.
File: NCT00650312_inc 

Das File: /work/eauten2s/ec_criteria_struct/transform_chia/input/half_clinical_trials/NCT00650312_inc.txt wurde erfolgreich geladen.

 Llama-3-8B-Instruct Output: 
  "{\n  \"AND\": {\n    \"left\": {\n      \"OR\": {\n        \"left\": {\n          \"AND\": {\n            \"left\": {\n              \"raw_text\": \"Age: 18 years and older.\"\n            }\n          }\n        },\n        \"right\": {\n          \"AND\": {\n            \"left\": {\n              \"raw_text\": \"Sex: Male\"\n            },\n            \"right\": {\n              \"OR\": {\n                \"left\": {\n                  \"raw_text\": \"and non-pregnant, non-lactating female\"\n                }\n              }\n            }\n          }\n        }\n      }\n    },\n    \"right\": {\n      \"AND\": {\n        \"left\": {\n          \"AND\": {\n            \"left\": {\n              \"raw_text\": \"Women of childbearing potential must have negative serum (Beta HCG) pregnancy tests performed within 14 days prior to the start of the study and on the evening prior to each dose administration. If dosing is scheduled on Sunday or Monday, the HCG pregnancy test should be given within 48 hours prior to dosing of each study period. An additional serum (Beta HCG) pregnancy test will be performed upon completion of the study.\"\n            },\n            \"right\": {\n              \"AND\": {\n                \"left\": {\n                  \"raw_text\": \"Women of childbearing potential must practice abstinence or be using an acceptable form of contraception throughout the duration of the study. Acceptable forms of contraception include the following:\"\n                },\n                \"right\": {\n                  \"OR\": {\n                    \"left\": {\n                      \"raw_text\": \"(1) intrauterine device in place for at least 3 months prior to the start of the study and remaining in place during the study period, or\"\n                    },\n                    \"right\": {\n                      \"OR\": {\n                        \"left\": {\n                          \"raw_text\": \"(2) barrier methods containing or used in conjunction with a spermicidal agent, or\"\n                        },\n                        \"right\": {\n                          \"OR\": {\n                            \"left\": {\n                              \"raw_text\": \"(3) postmenopausal accompanied with a documented postmenopausal course of at least one year or surgical sterility (tubal ligation, oophorectomy or hysterectomy).\"\n                            }\n                          }\n                        }\n                      }\n                    }\n                  }\n                }\n              }\n            }\n          },\n        },\n        \"right\": {\n          \"AND\": {\n            \"left\": {\n              \"raw_text\": \"During the course of the study, from study screen until study exit - including the washout period, women of childbearing potential must use a spermicide containing barrier method of contraception in addition to their current contraceptive device. This advice should be documented in the informed consent form.\"\n            },\n            \"right\": {\n              \"AND\": {\n                \"left\": {\n                  \"raw_text\": \"Weight: At least 60 kg (132 lbs) for man and 48 kg (106 lbs) for women and within 15% of Ideal Body Weight (IBW), as referenced by the Table of \"Desirable Weights of Adults\" Metropolitan Life Insurance Company, 1999 (See Part II ADMINISTRATIVE ASPECTS OF BIOEQUIVALENCE PROTOCOLS).\"\n                }\n              }\n            }\n          }\n        }\n      }\n    }\n  }\n}" 

Die Daten wurden erfolgreich in '/work/eauten2s/ec_criteria_struct/transform_chia/model_output/Llama-3-8B-Instruct_3_shot/Llama-3-8B-Instruct_NCT00650312_inc_3_shot.json' gespeichert.
File: NCT00676273_exc 

Das File: /work/eauten2s/ec_criteria_struct/transform_chia/input/half_clinical_trials/NCT00676273_exc.txt wurde erfolgreich geladen.

 Llama-3-8B-Instruct Output: 
  "{\n  \"AND\": {\n    \"left\": {\n      \"AND\": {\n        \"left\": {\n          \"OR\": {\n            \"left\": {\n              \"raw_text\": \"Who are pregnant\"\n            },\n            \"right\": {\n              \"raw_text\": \"or planning to become pregnant during the study or in the future\"\n            }\n          }\n        },\n        \"right\": {\n          \"AND\": {\n            \"left\": {\n              \"raw_text\": \"With a elevated post-void residual\"\n            },\n            \"right\": {\n              \"raw_text\": \"(defined as PVR > 100cc)\"\n            }\n          }\n        }\n      },\n    \"right\": {\n      \"AND\": {\n        \"left\": {\n          \"OR\": {\n            \"left\": {\n              \"raw_text\": \"With a bleeding condition\"\n            },\n            \"right\": {\n              \"raw_text\": \"or on anti-coagulant therapy\"\n            }\n          }\n        },\n        \"right\": {\n          \"AND\": {\n            \"left\": {\n              \"raw_text\": \"With immunosuppression\"\n            },\n            \"right\": {\n              \"raw_text\": \"(i.e. HIV, lymphoma)\"\n            }\n          }\n        }\n      }\n    }\n  }\n}" 

Die Daten wurden erfolgreich in '/work/eauten2s/ec_criteria_struct/transform_chia/model_output/Llama-3-8B-Instruct_3_shot/Llama-3-8B-Instruct_NCT00676273_exc_3_shot.json' gespeichert.
File: NCT00676273_inc 

Das File: /work/eauten2s/ec_criteria_struct/transform_chia/input/half_clinical_trials/NCT00676273_inc.txt wurde erfolgreich geladen.

 Llama-3-8B-Instruct Output: 
  "{\n  \"AND\": {\n    \"left\": {\n      \"AND\": {\n        \"left\": {\n          \"raw_text\": \"Are at least 18 years of age\"\n        },\n        \"right\": {\n          \"AND\": {\n            \"left\": {\n              \"raw_text\": \"Demonstrate a positive cough stress test during complex multi-channel urodynamic testing\"\n            },\n            \"right\": {\n              \"AND\": {\n                \"left\": {\n                  \"raw_text\": \"Demonstrate impact of stress urinary incontinence on quality of life questionnaire\"\n                },\n                \"right\": {\n                  \"AND\": {\n                    \"left\": {\n                      \"raw_text\": \"Are able to comprehend and sign a written informed consent\"\n                    },\n                    \"right\": {\n                      \"AND\": {\n                        \"left\": {\n                          \"raw_text\": \"Understand and are willing to comply with the study requirements, including agreeing to be available for the follow-up evaluations\"\n                        },\n                        \"right\": {\n                          \"AND\": {\n                            \"left\": {\n                              \"raw_text\": \"Are psychologically stable and suitable for interventions determined by the investigator\"\n                            },\n                            \"right\": {\n                              \"AND\": {\n                                \"left\": {\n                                  \"raw_text\": \"Are ambulatory and able to use a toilet independently\"\n                                }\n                              }\n                            }\n                          }\n                        }\n                      }\n                    }\n                  }\n                }\n              }\n            }\n          }\n        }\n      }\n    }\n  }\n}" 

Die Daten wurden erfolgreich in '/work/eauten2s/ec_criteria_struct/transform_chia/model_output/Llama-3-8B-Instruct_3_shot/Llama-3-8B-Instruct_NCT00676273_inc_3_shot.json' gespeichert.
File: NCT00679341_exc 

Das File: /work/eauten2s/ec_criteria_struct/transform_chia/input/half_clinical_trials/NCT00679341_exc.txt wurde erfolgreich geladen.

 Llama-3-8B-Instruct Output: 
  "{\n  \"AND\": {\n    \"left\": {\n      \"OR\": {\n        \"left\": {\n          \"raw_text\": \"History of any chemotherapy for MBC.\"\n        },\n        \"right\": {\n          \"AND\": {\n            \"left\": {\n              \"raw_text\": \"An interval of < 6 months from the completion of cytotoxic chemotherapy in the neo-adjuvant or adjuvant setting until the time of metastatic diagnosis.\"\n            },\n            \"right\": {\n              \"AND\": {\n                \"left\": {\n                  \"raw_text\": \"Trastuzumab ≤ 21 days prior to randomization.\"\n                },\n                \"right\": {\n                  \"AND\": {\n                    \"left\": {\n                      \"raw_text\": \"Hormone therapy < 7 days prior to randomization.\"\n                    },\n                    \"right\": {\n                      \"AND\": {\n                        \"left\": {\n                          \"raw_text\": \"Current peripheral neuropathy of Grade ≥ 3.\"\n                        },\n                        \"right\": {\n                          \"OR\": {\n                            \"left\": {\n                              \"raw_text\": \"History of other malignancy within the last 5 years, except for appropriately treated carcinoma in situ of the cervix, non-melanoma skin carcinoma, Stage I uterine cancer, or other cancers with a similar outcome as those previously mentioned.\"\n                            },\n                            \"right\": {\n                              \"AND\": {\n                                \"left\": {\n                                  \"raw_text\": \"Previous radiotherapy for the treatment of unresectable, locally advanced or metastatic breast cancer is not allowed if more than 25% of marrow-bearing bone has been irradiated or the last fraction of radiotherapy has been administered within approximately 3 weeks prior to randomization.\"\n                                },\n                                \"right\": {\n                                  \"AND\": {\n                                    \"left\": {\n                                      \"raw_text\": \"Brain metastases that are untreated, symptomatic, or require therapy to control symptoms or any radiation, surgery, or other therapy to control symptoms from brain metastases within 2 months prior to randomization.\"\n                                    },\n                                    \"right\": {\n                                      \"AND\": {\n                                        \"left\": {\n                                          \"raw_text\": \"History of exposure to the following cumulative doses of anthracyclines: Doxorubicin or liposomal doxorubicin > 500 mg/m^2; epirubicin > 900 mg/m^2; mitoxantrone > 120mg/m^2 and idarubicin > 90 mg/m^2.\"\n                                        },\n                                        \"right\": {\n                                          \"AND\": {\n                                            \"left\": {\n                                              \"raw_text\": \"Current unstable angina.\"\n                                            },\n                                            \"right\": {\n                                              \"OR\": {\n                                                \"left\": {\n                                                  \"raw_text\": \"History of symptomatic congestive heart failure, or ventricular arrhythmia requiring treatment.\"\n                                                },\n                                                \"right\": {\n                                                  \"AND\": {\n                                                    \"left\": {\n                                                      \"raw_text\": \"History of myocardial infarction within 6 months prior to randomization.\"\n                                                    },\n                                                    \"right\": {\n                                                      \"AND\": {\n                                                        \"left\": {\n                                                          \"raw_text\": \"Left ventricular ejection fraction (LVEF) below 50% within approximately 28 days prior to randomization.\"\n                                                        },\n                                                        \"right\": {\n                                                          \"OR\": {\n                                                            \"left\": {\n                                                              \"raw_text\": \"History of decreased LVEF or symptomatic congestive heart failure (CHF) with previous adjuvant trastuzumab treatment.\"\n                                                            },\n                                                            \"right\": {\n                                                              \"AND\": {\n                                                                \"left\": {\n                                                                  \"raw_text\": \"Cardiac troponin I ≥ 0.2 ng/mL within 28 days of randomization.\"\n                                                                },\n                                                                \"right\": {\n                                                                  \"OR\": {\n                                                                    \"left\": {\n                                                                      \"raw_text\": \"Severe dyspnea at rest because of complications of advanced malignancy or requiring current continuous oxygen therapy.\"\n                                                                    },\n                                                                    \"right\": {\n                                                                      \"AND\": {\n                                                                        \"left\": {\n                                                                          \"raw_text\": \"Current severe, uncontrolled systemic disease (eg, clinically significant cardiovascular, pulmonary, or metabolic disease; wound healing disorders; ulcers; or bone fractures).\"\n                                                                        },\n                                                                        \"right\": {\n                                                                          \"OR\": {\n                                                                            \"left\": {\n                                                                              \"raw_text\": \"Major surgical procedure or significant traumatic injury within approximately 28 days prior to randomization or anticipation of the need for major surgery during the course of study treatment.\"\n                                                                            },\n                                                                            \"right\": {\n                                                                              \"AND\": {\n                                                                                \"left\": {\n                                                                                  \"raw_text\": \"Current pregnancy or lactation.\"\n                                                                                },\n                                                                                \"right\": {\n                                                                                  \"OR\": {\n                                                                                    \"left\": {\n                                                                                      \"raw_text\": \"History of receiving any investigational treatment within approximately 28 days prior to randomization.\"\n                                                                                    },\n                                                                                    \"right\": {\n                                                                                      \"AND\": {\n                                                                                        \"left\": {\n                                                                                          \"raw_text\": \"Current known infection with human immunodeficiency virus (HIV), active hepatitis B and/or hepatitis C virus.\"\n                                                                                        },\n                                                                                        \"right\": {\n                                                                                          \"OR\": {\n                                                                                            \"left\": {\n                                                                                              \"raw_text\": \"History of intolerance (including Grade 3-4 infusion reaction) or hypersensitivity to trastuzumab, murine proteins, or docetaxel.\"\n                                                                                            },\n                                                                                            \"right\": {\n                                                                                              \"AND\": {\n                                                                                                \"left\": {\n                                                                                                  \"raw_text\": \"Known hypersensitivity to any of the study drugs, including the excipients, or any drugs formulated in polysorbate 80.\"\n                                                                                                },\n                                                                                                \"right\": {\n                                                                                                  \"AND\": {\n                                                                                                    \"left\": {\n                                                                                                      \"raw_text\": \"Assessed by the investigator to be unable or unwilling to comply with the requirements of the protocol.\"\n                                                                                                    }\n                                                                                                  }\n                                                                                                }\n                                                                                              }\n                                                                                            }\n                                                                                          }\n                                                                                        }\n                                                                                      }\n                                                                                    }\n                                                                                  }\n                                                                                }\n                                                                              }\n                                                                            }\n                                                                          }\n                                                                        }\n                                                                      }\n                                                                    }\n                                                                  }\n                                                                }\n                                                              }\n                                                            }\n                                                          }\n                                                        }\n                                                      }\n                                                    }\n                                                  }\n                                                }\n                                              }\n                                            }\n                                          }\n                                        }\n                                      }\n                                    }\n                                  }\n                                }\n                              }\n                            }\n                          }\n                        }\n                      }\n                    }\n                  }\n                }\n              }\n            }\n          }\n        }\n      }\n    }\n  }\n}" 

Die Daten wurden erfolgreich in '/work/eauten2s/ec_criteria_struct/transform_chia/model_output/Llama-3-8B-Instruct_3_shot/Llama-3-8B-Instruct_NCT00679341_exc_3_shot.json' gespeichert.
File: NCT00679341_inc 

Das File: /work/eauten2s/ec_criteria_struct/transform_chia/input/half_clinical_trials/NCT00679341_inc.txt wurde erfolgreich geladen.

 Llama-3-8B-Instruct Output: 
  "{\n  \"AND\": {\n    \"left\": {\n      \"AND\": {\n        \"left\": {\n          \"raw_text\": \"Histologically or cytologically confirmed adenocarcinoma of the breast\"\n        },\n        \"right\": {\n          \"AND\": {\n            \"left\": {\n              \"raw_text\": \"with locally advanced or metastatic disease\"\n            },\n            \"right\": {\n              \"AND\": {\n                \"left\": {\n                  \"raw_text\": \"and a candidate for chemotherapy.\"\n                }\n              }\n            }\n          }\n        }\n      },\n      \"right\": {\n        \"AND\": {\n          \"left\": {\n            \"raw_text\": \"Human epidermal growth factor receptor 2 (HER2)-positive.\"\n          },\n          \"right\": {\n            \"AND\": {\n              \"left\": {\n                \"NOT\": {\n                  \"left\": {\n                    \"raw_text\": \"No prior chemotherapy for their metastatic breast cancer (MBC).\"\n                  }\n                }\n              },\n              \"right\": {\n                \"AND\": {\n                  \"left\": {\n                    \"raw_text\": \"Measurable disease.\"\n                  },\n                  \"right\": {\n                    \"AND\": {\n                      \"left\": {\n                        \"raw_text\": \"Age ≥ 18 years.\"\n                      },\n                      \"right\": {\n                        \"AND\": {\n                          \"left\": {\n                            \"AND\": {\n                              \"left\": {\n                                \"raw_text\": \"For women of childbearing potential\"\n                              },\n                              \"right\": {\n                                \"OR\": {\n                                  \"left\": {\n                                    \"raw_text\": \"and men with partners of childbearing potential, agreement to use a highly effective, non-hormonal form of contraception or 2 effective forms of non-hormonal contraception by the patient and/or partner.\"\n                                  },\n                                  \"right\": {\n                                    \"raw_text\": \"Contraception use must continue for the duration of study treatment and for at least 6 months after the last dose of study treatment.\"\n                                  }\n                                }\n                              }\n                            },\n                            \"right\": {\n                              \"AND\": {\n                                \"left\": {\n                                  \"raw_text\": \"Male patients whose partners are pregnant should use condoms for the duration of the study.\"\n                                }\n                              }\n                            }\n                          }\n                        }\n                      }\n                    }\n                  }\n                }\n              }\n            }\n          }\n        }\n      }\n    }\n  }\n}" 

Die Daten wurden erfolgreich in '/work/eauten2s/ec_criteria_struct/transform_chia/model_output/Llama-3-8B-Instruct_3_shot/Llama-3-8B-Instruct_NCT00679341_inc_3_shot.json' gespeichert.
File: NCT00718952_exc 

Das File: /work/eauten2s/ec_criteria_struct/transform_chia/input/half_clinical_trials/NCT00718952_exc.txt wurde erfolgreich geladen.

 Llama-3-8B-Instruct Output: 
  "{\n  \"AND\": {\n    \"left\": {\n      \"NOT\": {\n        \"left\": {\n          \"raw_text\": \"The other types of pulmonary hypertension.\"\n        }\n      }\n    },\n    \"right\": {\n      \"AND\": {\n        \"left\": {\n          \"OR\": {\n            \"left\": {\n              \"raw_text\": \"Subjects who refuse to subscribe written informed consents\"\n            },\n            \"right\": {\n              \"raw_text\": \"or can't cooperate with the trial well.\"\n            }\n          }\n        },\n        \"right\": {\n          \"AND\": {\n            \"left\": {\n              \"OR\": {\n                \"left\": {\n                  \"raw_text\": \"Subjects with serious acute or chronic disease involved liver\"\n                },\n                \"right\": {\n                  \"OR\": {\n                    \"left\": {\n                      \"raw_text\": \"kidney, and brain\"\n                    },\n                    \"right\": {\n                      \"OR\": {\n                        \"left\": {\n                          \"raw_text\": \"or have to use potent CYP3A4-inhibitor\"\n                        },\n                        \"right\": {\n                          \"OR\": {\n                            \"left\": {\n                              \"raw_text\": \"or nitrate to treat the underlying diseases.\"\n                            }\n                          }\n                        }\n                      }\n                    }\n                  }\n                }\n              }\n            },\n            \"right\": {\n              \"AND\": {\n                \"left\": {\n                  \"OR\": {\n                    \"left\": {\n                      \"raw_text\": \"Subjects who are currently treated with sildenafil for PAH\"\n                    },\n                    \"right\": {\n                      \"OR\": {\n                        \"left\": {\n                          \"raw_text\": \"or taking sildenafil\"\n                        },\n                        \"right\": {\n                          \"raw_text\": \"or tadalafil.\"\n                        }\n                      }\n                    }\n                  }\n                },\n                \"right\": {\n                  \"OR\": {\n                    \"left\": {\n                      \"raw_text\": \"Other contraindications in package insert.\"\n                    }\n                  }\n                }\n              }\n            }\n          }\n        }\n      }\n    }\n  }\n}" 

Die Daten wurden erfolgreich in '/work/eauten2s/ec_criteria_struct/transform_chia/model_output/Llama-3-8B-Instruct_3_shot/Llama-3-8B-Instruct_NCT00718952_exc_3_shot.json' gespeichert.
File: NCT00718952_inc 

Das File: /work/eauten2s/ec_criteria_struct/transform_chia/input/half_clinical_trials/NCT00718952_inc.txt wurde erfolgreich geladen.

 Llama-3-8B-Instruct Output: 
  "{\n  \"AND\": {\n    \"left\": {\n      \"AND\": {\n        \"left\": {\n          \"raw_text\": \"Subjects aged 12-65.\"\n        }\n      }\n    },\n    \"right\": {\n      \"AND\": {\n        \"left\": {\n          \"OR\": {\n            \"left\": {\n              \"raw_text\": \"Confirmed idiopathic pulmonary hypertension\"\n            },\n            \"right\": {\n              \"OR\": {\n                \"left\": {\n                  \"raw_text\": \"connective tissue disease associated pulmonary hypertension\"\n                },\n                \"right\": {\n                  \"OR\": {\n                    \"left\": {\n                      \"raw_text\": \"congenital heart disease(with Eisenmenger syndrome) associated pulmonary hypertension.\"\n                    }\n                  }\n                }\n              }\n            }\n          }\n        },\n        \"right\": {\n          \"AND\": {\n            \"left\": {\n              \"raw_text\": \"Baseline 6-minutes walking distance 150m-550m.\"\n            }\n          },\n          \"right\": {\n            \"AND\": {\n              \"left\": {\n                \"raw_text\": \"WHO pulmonary hypertension function II-III\"\n                },\n                \"right\": {\n                  \"NOT\": {\n                    \"left\": {\n                      \"raw_text\": \"with non-responder to calcium channel blockers.\"\n                    }\n                  }\n                }\n              }\n            }\n          }\n        }\n      }\n    },\n    \"right\": {\n      \"raw_text\": \"Documented written informed consent.\"\n    }\n  }\n}" 

Die Daten wurden erfolgreich in '/work/eauten2s/ec_criteria_struct/transform_chia/model_output/Llama-3-8B-Instruct_3_shot/Llama-3-8B-Instruct_NCT00718952_inc_3_shot.json' gespeichert.
File: NCT00720031_exc 

Das File: /work/eauten2s/ec_criteria_struct/transform_chia/input/half_clinical_trials/NCT00720031_exc.txt wurde erfolgreich geladen.

 Llama-3-8B-Instruct Output: 
  "{\n  \"AND\": {\n    \"left\": {\n      \"OR\": {\n        \"left\": {\n          \"raw_text\": \"Cardio-vascular pathologies, evoluting and uncontrolled, (severe HTA)\"\n        },\n        \"right\": {\n          \"OR\": {\n            \"left\": {\n              \"raw_text\": \"cardiac deficiency\"\n            },\n            \"right\": {\n              \"OR\": {\n                \"left\": {\n                  \"raw_text\": \"severe angor\"\n                },\n                \"right\": {\n                  \"raw_text\": \"severe arrhythmia\"\n                }\n              }\n            }\n          }\n        }\n      }\n    },\n    \"right\": {\n      \"OR\": {\n        \"left\": {\n          \"raw_text\": \"Infectious pathologies evoluting and requiring antibiotherapy.\"\n        },\n        \"right\": {\n          \"OR\": {\n            \"left\": {\n              \"raw_text\": \"Patients HIV+\"\n            },\n            \"right\": {\n              \"OR\": {\n                \"left\": {\n                  \"raw_text\": \"Transplanted patients or patients suffering from severe auto-immune disease.\"\n                }\n              }\n            }\n          }\n        }\n      }\n    }\n  }\n}" 

Die Daten wurden erfolgreich in '/work/eauten2s/ec_criteria_struct/transform_chia/model_output/Llama-3-8B-Instruct_3_shot/Llama-3-8B-Instruct_NCT00720031_exc_3_shot.json' gespeichert.
File: NCT00720031_inc 

Das File: /work/eauten2s/ec_criteria_struct/transform_chia/input/half_clinical_trials/NCT00720031_inc.txt wurde erfolgreich geladen.

 Llama-3-8B-Instruct Output: 
  "{\n  \"AND\": {\n    \"left\": {\n      \"OR\": {\n        \"left\": {\n          \"raw_text\": \"HLA-A2 melanoma patients with : either loco-regional or lymph node metastasis\"\n        },\n        \"right\": {\n          \"OR\": {\n            \"left\": {\n              \"raw_text\": \"transit nodules not surgically resectable\"\n            },\n            \"right\": {\n              \"OR\": {\n                \"left\": {\n                  \"raw_text\": \"measurable cutaneous or visceral metastasis\"\n                }\n              }\n            }\n          }\n        }\n      }\n    },\n    \"right\": {\n      \"AND\": {\n        \"left\": {\n          \"AND\": {\n            \"left\": {\n              \"raw_text\": \"Patients' tumor express Melan-A/MART-1 antigen.\"\n            },\n            \"right\": {\n              \"NOT\": {\n                \"left\": {\n                  \"OR\": {\n                    \"left\": {\n                      \"raw_text\": \"No chemotherapy treatment (except for Deticene used before the first T cell clones infusion) or radiotherapy or immunotherapy in the last 4 weeks before infusion.\"\n                    }\n                  }\n                }\n              }\n            }\n          },\n          \"right\": {\n            \"AND\": {\n              \"left\": {\n                \"raw_text\": \"No other melanoma treatment during the protocol.\"\n              },\n              \"right\": {\n                \"AND\": {\n                  \"left\": {\n                    \"raw_text\": \"Life expectancy should be greater than 6 months.\"\n                  },\n                  \"right\": {\n                    \"AND\": {\n                      \"left\": {\n                        \"raw_text\": \"General state with Karnowsky greater than 80, ECOG = 0, 1 or 2.\"\n                      },\n                      \"right\": {\n                        \"AND\": {\n                          \"left\": {\n                            \"raw_text\": \"Patient should be negative for HIV and B and C hepatitis.\"\n                          },\n                          \"right\": {\n                            \"AND\": {\n                              \"left\": {\n                                \"AND\": {\n                                  \"left\": {\n                                    \"raw_text\": \"Biological parameters at the beginning of the study: leucocytes ³ 2000 elements per mm3, hemoglobin ³ 10.5g/dl, platelets ³ 100 000 per mm3, phosphatases alcalines transaminases £ 1 time 1/2 compared to the normal.\"\n                                  },\n                                  \"right\": {\n                                    \"raw_text\": \"Signed informed consent\"\n                                  }\n                                }\n                              }\n                            }\n                          }\n                        }\n                      }\n                    }\n                  }\n                }\n              }\n            }\n          }\n        }\n      }\n    }\n  }\n}" 

Die Daten wurden erfolgreich in '/work/eauten2s/ec_criteria_struct/transform_chia/model_output/Llama-3-8B-Instruct_3_shot/Llama-3-8B-Instruct_NCT00720031_inc_3_shot.json' gespeichert.
File: NCT00728156_exc 

Das File: /work/eauten2s/ec_criteria_struct/transform_chia/input/half_clinical_trials/NCT00728156_exc.txt wurde erfolgreich geladen.

 Llama-3-8B-Instruct Output: 
  "{\n  \"AND\": {\n    \"left\": {\n      \"OR\": {\n        \"left\": {\n          \"raw_text\": \"Contraindication to Clopidogrel\"\n        },\n        \"right\": {\n          \"OR\": {\n            \"left\": {\n              \"raw_text\": \"Smoking (current smokers and patients who quit smoking less than six months)\"\n            },\n            \"right\": {\n              \"OR\": {\n                \"left\": {\n                  \"raw_text\": \"Malignancy(diagnosed or under investigation)\"\n                },\n                \"right\": {\n                  \"OR\": {\n                    \"left\": {\n                      \"raw_text\": \"Haematological disorders (Anaemia, malignancy, bleeding disorders)\"\n                    },\n                    \"right\": {\n                      \"OR\": {\n                        \"left\": {\n                          \"raw_text\": \"Women of child-bearing potential\"\n                        },\n                        \"right\": {\n                          \"OR\": {\n                            \"left\": {\n                              \"raw_text\": \"Use of corticosteroids/other antithrombotic agents(warfarin)\"\n                            },\n                            \"right\": {\n                              \"OR\": {\n                                \"left\": {\n                                  \"raw_text\": \"Chronic liver disease (Cirrhosis, malignancy and patients with more than twice the upper limit of liver function tests)\"\n                                },\n                                \"right\": {\n                                  \"OR\": {\n                                    \"left\": {\n                                      \"raw_text\": \"Unable to consent.\"\n                                    },\n                                    \"right\": {\n                                      \"OR\": {\n                                        \"left\": {\n                                          \"raw_text\": \"Use of other investigational study drugs within 1 year prior to study entry\"\n                                        },\n                                        \"right\": {\n                                          \"OR\": {\n                                            \"left\": {\n                                              \"raw_text\": \"Previous participation in this study\"\n                                            }\n                                          }\n                                        }\n                                      }\n                                    }\n                                  }\n                                }\n                              }\n                            }\n                          }\n                        }\n                      }\n                    }\n                  }\n                }\n              }\n            }\n          }\n        }\n      }\n    }\n  }\n}" 

Die Daten wurden erfolgreich in '/work/eauten2s/ec_criteria_struct/transform_chia/model_output/Llama-3-8B-Instruct_3_shot/Llama-3-8B-Instruct_NCT00728156_exc_3_shot.json' gespeichert.
File: NCT00728156_inc 

Das File: /work/eauten2s/ec_criteria_struct/transform_chia/input/half_clinical_trials/NCT00728156_inc.txt wurde erfolgreich geladen.

 Llama-3-8B-Instruct Output: 
  "{\n  \"AND\": {\n    \"left\": {\n      \"AND\": {\n        \"left\": {\n          \"raw_text\": \"Patients with T2DM\"\n        },\n        \"right\": {\n          \"AND\": {\n            \"left\": {\n              \"raw_text\": \"and CAS as defined below:\"\n            }\n          }\n        }\n      }\n    },\n    \"right\": {\n      \"AND\": {\n        \"left\": {\n          \"AND\": {\n            \"left\": {\n              \"raw_text\": \"Clinical definitions\"\n            },\n            \"right\": {\n              \"AND\": {\n                \"left\": {\n                  \"raw_text\": \"T2DM: Diagnosed according to the WHO criteria [53].\"\n                },\n                \"right\": {\n                  \"AND\": {\n                    \"left\": {\n                      \"raw_text\": \"CAD: Presence of any one of the following:\"\n                    },\n                    \"right\": {\n                      \"OR\": {\n                        \"left\": {\n                          \"raw_text\": \"Angina plus positive exercise tolerance test\"\n                        },\n                        \"right\": {\n                          \"OR\": {\n                            \"left\": {\n                              \"raw_text\": \"enzyme and/or Q wave positive myocardial infarction\"\n                            },\n                            \"right\": {\n                              \"OR\": {\n                                \"left\": {\n                                  \"raw_text\": \"angiographic evidence ( >50% stenosis of one vessel)\"\n                                },\n                                \"right\": {\n                                  \"OR\": {\n                                    \"left\": {\n                                      \"raw_text\": \"percutaneous or surgical coronary revascularisation.\"\n                                    }\n                                  }\n                                }\n                              }\n                            }\n                          }\n                        }\n                      }\n                    }\n                  }\n                }\n              }\n            }\n          }\n        },\n        \"right\": {\n          \"AND\": {\n            \"left\": {\n              \"raw_text\": \"Aged between 18 and 75\"\n            },\n            \"right\": {\n              \"AND\": {\n                \"left\": {\n                  \"raw_text\": \"Provided written consent for participation in the trial prior to any study-specific procedures or requirements.\"\n                }\n              }\n            }\n          }\n        }\n      }\n    }\n  }\n}" 

Die Daten wurden erfolgreich in '/work/eauten2s/ec_criteria_struct/transform_chia/model_output/Llama-3-8B-Instruct_3_shot/Llama-3-8B-Instruct_NCT00728156_inc_3_shot.json' gespeichert.
