Das File: /work/eauten2s/ec_criteria_struct/chia/input/prompt/lct_p2.txt wurde erfolgreich geladen.
File: NCT00050349 

Das File: /work/eauten2s/ec_criteria_struct/chia/input/chia_text_full/NCT00050349.txt wurde erfolgreich geladen.
Die Daten wurden erfolgreich in '/work/eauten2s/ec_criteria_struct/chia/evaluate/eval_full_chia/model_output/Llama-3-70B-Instruct_0_shot_lct_prompt/output/Llama-3-70B-Instruct_NCT00050349_0_shot.txt' gespeichert.
File: NCT00061308 

Das File: /work/eauten2s/ec_criteria_struct/chia/input/chia_text_full/NCT00061308.txt wurde erfolgreich geladen.
Die Daten wurden erfolgreich in '/work/eauten2s/ec_criteria_struct/chia/evaluate/eval_full_chia/model_output/Llama-3-70B-Instruct_0_shot_lct_prompt/output/Llama-3-70B-Instruct_NCT00061308_0_shot.txt' gespeichert.
File: NCT00094861 

Das File: /work/eauten2s/ec_criteria_struct/chia/input/chia_text_full/NCT00094861.txt wurde erfolgreich geladen.
Die Daten wurden erfolgreich in '/work/eauten2s/ec_criteria_struct/chia/evaluate/eval_full_chia/model_output/Llama-3-70B-Instruct_0_shot_lct_prompt/output/Llama-3-70B-Instruct_NCT00094861_0_shot.txt' gespeichert.
File: NCT00122070 

Das File: /work/eauten2s/ec_criteria_struct/chia/input/chia_text_full/NCT00122070.txt wurde erfolgreich geladen.
Die Daten wurden erfolgreich in '/work/eauten2s/ec_criteria_struct/chia/evaluate/eval_full_chia/model_output/Llama-3-70B-Instruct_0_shot_lct_prompt/output/Llama-3-70B-Instruct_NCT00122070_0_shot.txt' gespeichert.
File: NCT00182520 

Das File: /work/eauten2s/ec_criteria_struct/chia/input/chia_text_full/NCT00182520.txt wurde erfolgreich geladen.
Die Daten wurden erfolgreich in '/work/eauten2s/ec_criteria_struct/chia/evaluate/eval_full_chia/model_output/Llama-3-70B-Instruct_0_shot_lct_prompt/output/Llama-3-70B-Instruct_NCT00182520_0_shot.txt' gespeichert.
File: NCT00183885 

Das File: /work/eauten2s/ec_criteria_struct/chia/input/chia_text_full/NCT00183885.txt wurde erfolgreich geladen.
Die Daten wurden erfolgreich in '/work/eauten2s/ec_criteria_struct/chia/evaluate/eval_full_chia/model_output/Llama-3-70B-Instruct_0_shot_lct_prompt/output/Llama-3-70B-Instruct_NCT00183885_0_shot.txt' gespeichert.
File: NCT00198913 

Das File: /work/eauten2s/ec_criteria_struct/chia/input/chia_text_full/NCT00198913.txt wurde erfolgreich geladen.
Die Daten wurden erfolgreich in '/work/eauten2s/ec_criteria_struct/chia/evaluate/eval_full_chia/model_output/Llama-3-70B-Instruct_0_shot_lct_prompt/output/Llama-3-70B-Instruct_NCT00198913_0_shot.txt' gespeichert.
File: NCT00235170 

Das File: /work/eauten2s/ec_criteria_struct/chia/input/chia_text_full/NCT00235170.txt wurde erfolgreich geladen.
Die Daten wurden erfolgreich in '/work/eauten2s/ec_criteria_struct/chia/evaluate/eval_full_chia/model_output/Llama-3-70B-Instruct_0_shot_lct_prompt/output/Llama-3-70B-Instruct_NCT00235170_0_shot.txt' gespeichert.
File: NCT00236340 

Das File: /work/eauten2s/ec_criteria_struct/chia/input/chia_text_full/NCT00236340.txt wurde erfolgreich geladen.
Die Daten wurden erfolgreich in '/work/eauten2s/ec_criteria_struct/chia/evaluate/eval_full_chia/model_output/Llama-3-70B-Instruct_0_shot_lct_prompt/output/Llama-3-70B-Instruct_NCT00236340_0_shot.txt' gespeichert.
File: NCT00250640 

Das File: /work/eauten2s/ec_criteria_struct/chia/input/chia_text_full/NCT00250640.txt wurde erfolgreich geladen.
Die Daten wurden erfolgreich in '/work/eauten2s/ec_criteria_struct/chia/evaluate/eval_full_chia/model_output/Llama-3-70B-Instruct_0_shot_lct_prompt/output/Llama-3-70B-Instruct_NCT00250640_0_shot.txt' gespeichert.
File: NCT00279552 

Das File: /work/eauten2s/ec_criteria_struct/chia/input/chia_text_full/NCT00279552.txt wurde erfolgreich geladen.
Die Daten wurden erfolgreich in '/work/eauten2s/ec_criteria_struct/chia/evaluate/eval_full_chia/model_output/Llama-3-70B-Instruct_0_shot_lct_prompt/output/Llama-3-70B-Instruct_NCT00279552_0_shot.txt' gespeichert.
File: NCT00305097 

Das File: /work/eauten2s/ec_criteria_struct/chia/input/chia_text_full/NCT00305097.txt wurde erfolgreich geladen.
Die Daten wurden erfolgreich in '/work/eauten2s/ec_criteria_struct/chia/evaluate/eval_full_chia/model_output/Llama-3-70B-Instruct_0_shot_lct_prompt/output/Llama-3-70B-Instruct_NCT00305097_0_shot.txt' gespeichert.
File: NCT00312429 

Das File: /work/eauten2s/ec_criteria_struct/chia/input/chia_text_full/NCT00312429.txt wurde erfolgreich geladen.
Die Daten wurden erfolgreich in '/work/eauten2s/ec_criteria_struct/chia/evaluate/eval_full_chia/model_output/Llama-3-70B-Instruct_0_shot_lct_prompt/output/Llama-3-70B-Instruct_NCT00312429_0_shot.txt' gespeichert.
File: NCT00317148 

Das File: /work/eauten2s/ec_criteria_struct/chia/input/chia_text_full/NCT00317148.txt wurde erfolgreich geladen.
Die Daten wurden erfolgreich in '/work/eauten2s/ec_criteria_struct/chia/evaluate/eval_full_chia/model_output/Llama-3-70B-Instruct_0_shot_lct_prompt/output/Llama-3-70B-Instruct_NCT00317148_0_shot.txt' gespeichert.
File: NCT00319748 

Das File: /work/eauten2s/ec_criteria_struct/chia/input/chia_text_full/NCT00319748.txt wurde erfolgreich geladen.
Die Daten wurden erfolgreich in '/work/eauten2s/ec_criteria_struct/chia/evaluate/eval_full_chia/model_output/Llama-3-70B-Instruct_0_shot_lct_prompt/output/Llama-3-70B-Instruct_NCT00319748_0_shot.txt' gespeichert.
File: NCT00324363 

Das File: /work/eauten2s/ec_criteria_struct/chia/input/chia_text_full/NCT00324363.txt wurde erfolgreich geladen.
Die Daten wurden erfolgreich in '/work/eauten2s/ec_criteria_struct/chia/evaluate/eval_full_chia/model_output/Llama-3-70B-Instruct_0_shot_lct_prompt/output/Llama-3-70B-Instruct_NCT00324363_0_shot.txt' gespeichert.
File: NCT00343668 

Das File: /work/eauten2s/ec_criteria_struct/chia/input/chia_text_full/NCT00343668.txt wurde erfolgreich geladen.
Die Daten wurden erfolgreich in '/work/eauten2s/ec_criteria_struct/chia/evaluate/eval_full_chia/model_output/Llama-3-70B-Instruct_0_shot_lct_prompt/output/Llama-3-70B-Instruct_NCT00343668_0_shot.txt' gespeichert.
File: NCT00344318 

Das File: /work/eauten2s/ec_criteria_struct/chia/input/chia_text_full/NCT00344318.txt wurde erfolgreich geladen.
Die Daten wurden erfolgreich in '/work/eauten2s/ec_criteria_struct/chia/evaluate/eval_full_chia/model_output/Llama-3-70B-Instruct_0_shot_lct_prompt/output/Llama-3-70B-Instruct_NCT00344318_0_shot.txt' gespeichert.
File: NCT00351611 

Das File: /work/eauten2s/ec_criteria_struct/chia/input/chia_text_full/NCT00351611.txt wurde erfolgreich geladen.
Die Daten wurden erfolgreich in '/work/eauten2s/ec_criteria_struct/chia/evaluate/eval_full_chia/model_output/Llama-3-70B-Instruct_0_shot_lct_prompt/output/Llama-3-70B-Instruct_NCT00351611_0_shot.txt' gespeichert.
File: NCT00356148 

Das File: /work/eauten2s/ec_criteria_struct/chia/input/chia_text_full/NCT00356148.txt wurde erfolgreich geladen.
Die Daten wurden erfolgreich in '/work/eauten2s/ec_criteria_struct/chia/evaluate/eval_full_chia/model_output/Llama-3-70B-Instruct_0_shot_lct_prompt/output/Llama-3-70B-Instruct_NCT00356148_0_shot.txt' gespeichert.
File: NCT00379366 

Das File: /work/eauten2s/ec_criteria_struct/chia/input/chia_text_full/NCT00379366.txt wurde erfolgreich geladen.
Die Daten wurden erfolgreich in '/work/eauten2s/ec_criteria_struct/chia/evaluate/eval_full_chia/model_output/Llama-3-70B-Instruct_0_shot_lct_prompt/output/Llama-3-70B-Instruct_NCT00379366_0_shot.txt' gespeichert.
File: NCT00391690 

Das File: /work/eauten2s/ec_criteria_struct/chia/input/chia_text_full/NCT00391690.txt wurde erfolgreich geladen.
Die Daten wurden erfolgreich in '/work/eauten2s/ec_criteria_struct/chia/evaluate/eval_full_chia/model_output/Llama-3-70B-Instruct_0_shot_lct_prompt/output/Llama-3-70B-Instruct_NCT00391690_0_shot.txt' gespeichert.
File: NCT00396734 

Das File: /work/eauten2s/ec_criteria_struct/chia/input/chia_text_full/NCT00396734.txt wurde erfolgreich geladen.
Die Daten wurden erfolgreich in '/work/eauten2s/ec_criteria_struct/chia/evaluate/eval_full_chia/model_output/Llama-3-70B-Instruct_0_shot_lct_prompt/output/Llama-3-70B-Instruct_NCT00396734_0_shot.txt' gespeichert.
File: NCT00397215 

Das File: /work/eauten2s/ec_criteria_struct/chia/input/chia_text_full/NCT00397215.txt wurde erfolgreich geladen.
Die Daten wurden erfolgreich in '/work/eauten2s/ec_criteria_struct/chia/evaluate/eval_full_chia/model_output/Llama-3-70B-Instruct_0_shot_lct_prompt/output/Llama-3-70B-Instruct_NCT00397215_0_shot.txt' gespeichert.
File: NCT00401245 

Das File: /work/eauten2s/ec_criteria_struct/chia/input/chia_text_full/NCT00401245.txt wurde erfolgreich geladen.
Die Daten wurden erfolgreich in '/work/eauten2s/ec_criteria_struct/chia/evaluate/eval_full_chia/model_output/Llama-3-70B-Instruct_0_shot_lct_prompt/output/Llama-3-70B-Instruct_NCT00401245_0_shot.txt' gespeichert.
File: NCT00404495 

Das File: /work/eauten2s/ec_criteria_struct/chia/input/chia_text_full/NCT00404495.txt wurde erfolgreich geladen.
Die Daten wurden erfolgreich in '/work/eauten2s/ec_criteria_struct/chia/evaluate/eval_full_chia/model_output/Llama-3-70B-Instruct_0_shot_lct_prompt/output/Llama-3-70B-Instruct_NCT00404495_0_shot.txt' gespeichert.
File: NCT00425789 

Das File: /work/eauten2s/ec_criteria_struct/chia/input/chia_text_full/NCT00425789.txt wurde erfolgreich geladen.
Die Daten wurden erfolgreich in '/work/eauten2s/ec_criteria_struct/chia/evaluate/eval_full_chia/model_output/Llama-3-70B-Instruct_0_shot_lct_prompt/output/Llama-3-70B-Instruct_NCT00425789_0_shot.txt' gespeichert.
File: NCT00426751 

Das File: /work/eauten2s/ec_criteria_struct/chia/input/chia_text_full/NCT00426751.txt wurde erfolgreich geladen.
Die Daten wurden erfolgreich in '/work/eauten2s/ec_criteria_struct/chia/evaluate/eval_full_chia/model_output/Llama-3-70B-Instruct_0_shot_lct_prompt/output/Llama-3-70B-Instruct_NCT00426751_0_shot.txt' gespeichert.
File: NCT00440245 

Das File: /work/eauten2s/ec_criteria_struct/chia/input/chia_text_full/NCT00440245.txt wurde erfolgreich geladen.
Die Daten wurden erfolgreich in '/work/eauten2s/ec_criteria_struct/chia/evaluate/eval_full_chia/model_output/Llama-3-70B-Instruct_0_shot_lct_prompt/output/Llama-3-70B-Instruct_NCT00440245_0_shot.txt' gespeichert.
File: NCT00445029 

Das File: /work/eauten2s/ec_criteria_struct/chia/input/chia_text_full/NCT00445029.txt wurde erfolgreich geladen.
Die Daten wurden erfolgreich in '/work/eauten2s/ec_criteria_struct/chia/evaluate/eval_full_chia/model_output/Llama-3-70B-Instruct_0_shot_lct_prompt/output/Llama-3-70B-Instruct_NCT00445029_0_shot.txt' gespeichert.
File: NCT00455663 

Das File: /work/eauten2s/ec_criteria_struct/chia/input/chia_text_full/NCT00455663.txt wurde erfolgreich geladen.
Die Daten wurden erfolgreich in '/work/eauten2s/ec_criteria_struct/chia/evaluate/eval_full_chia/model_output/Llama-3-70B-Instruct_0_shot_lct_prompt/output/Llama-3-70B-Instruct_NCT00455663_0_shot.txt' gespeichert.
File: NCT00461136 

Das File: /work/eauten2s/ec_criteria_struct/chia/input/chia_text_full/NCT00461136.txt wurde erfolgreich geladen.
Die Daten wurden erfolgreich in '/work/eauten2s/ec_criteria_struct/chia/evaluate/eval_full_chia/model_output/Llama-3-70B-Instruct_0_shot_lct_prompt/output/Llama-3-70B-Instruct_NCT00461136_0_shot.txt' gespeichert.
File: NCT00480129 

Das File: /work/eauten2s/ec_criteria_struct/chia/input/chia_text_full/NCT00480129.txt wurde erfolgreich geladen.
Die Daten wurden erfolgreich in '/work/eauten2s/ec_criteria_struct/chia/evaluate/eval_full_chia/model_output/Llama-3-70B-Instruct_0_shot_lct_prompt/output/Llama-3-70B-Instruct_NCT00480129_0_shot.txt' gespeichert.
File: NCT00483106 

Das File: /work/eauten2s/ec_criteria_struct/chia/input/chia_text_full/NCT00483106.txt wurde erfolgreich geladen.
Die Daten wurden erfolgreich in '/work/eauten2s/ec_criteria_struct/chia/evaluate/eval_full_chia/model_output/Llama-3-70B-Instruct_0_shot_lct_prompt/output/Llama-3-70B-Instruct_NCT00483106_0_shot.txt' gespeichert.
File: NCT00500500 

Das File: /work/eauten2s/ec_criteria_struct/chia/input/chia_text_full/NCT00500500.txt wurde erfolgreich geladen.
Die Daten wurden erfolgreich in '/work/eauten2s/ec_criteria_struct/chia/evaluate/eval_full_chia/model_output/Llama-3-70B-Instruct_0_shot_lct_prompt/output/Llama-3-70B-Instruct_NCT00500500_0_shot.txt' gespeichert.
File: NCT00502567 

Das File: /work/eauten2s/ec_criteria_struct/chia/input/chia_text_full/NCT00502567.txt wurde erfolgreich geladen.
Die Daten wurden erfolgreich in '/work/eauten2s/ec_criteria_struct/chia/evaluate/eval_full_chia/model_output/Llama-3-70B-Instruct_0_shot_lct_prompt/output/Llama-3-70B-Instruct_NCT00502567_0_shot.txt' gespeichert.
File: NCT00527826 

Das File: /work/eauten2s/ec_criteria_struct/chia/input/chia_text_full/NCT00527826.txt wurde erfolgreich geladen.
Die Daten wurden erfolgreich in '/work/eauten2s/ec_criteria_struct/chia/evaluate/eval_full_chia/model_output/Llama-3-70B-Instruct_0_shot_lct_prompt/output/Llama-3-70B-Instruct_NCT00527826_0_shot.txt' gespeichert.
File: NCT00543712 

Das File: /work/eauten2s/ec_criteria_struct/chia/input/chia_text_full/NCT00543712.txt wurde erfolgreich geladen.
Die Daten wurden erfolgreich in '/work/eauten2s/ec_criteria_struct/chia/evaluate/eval_full_chia/model_output/Llama-3-70B-Instruct_0_shot_lct_prompt/output/Llama-3-70B-Instruct_NCT00543712_0_shot.txt' gespeichert.
File: NCT00576173 

Das File: /work/eauten2s/ec_criteria_struct/chia/input/chia_text_full/NCT00576173.txt wurde erfolgreich geladen.
Die Daten wurden erfolgreich in '/work/eauten2s/ec_criteria_struct/chia/evaluate/eval_full_chia/model_output/Llama-3-70B-Instruct_0_shot_lct_prompt/output/Llama-3-70B-Instruct_NCT00576173_0_shot.txt' gespeichert.
File: NCT00586898 

Das File: /work/eauten2s/ec_criteria_struct/chia/input/chia_text_full/NCT00586898.txt wurde erfolgreich geladen.
Die Daten wurden erfolgreich in '/work/eauten2s/ec_criteria_struct/chia/evaluate/eval_full_chia/model_output/Llama-3-70B-Instruct_0_shot_lct_prompt/output/Llama-3-70B-Instruct_NCT00586898_0_shot.txt' gespeichert.
File: NCT00599924 

Das File: /work/eauten2s/ec_criteria_struct/chia/input/chia_text_full/NCT00599924.txt wurde erfolgreich geladen.
Die Daten wurden erfolgreich in '/work/eauten2s/ec_criteria_struct/chia/evaluate/eval_full_chia/model_output/Llama-3-70B-Instruct_0_shot_lct_prompt/output/Llama-3-70B-Instruct_NCT00599924_0_shot.txt' gespeichert.
File: NCT00609531 

Das File: /work/eauten2s/ec_criteria_struct/chia/input/chia_text_full/NCT00609531.txt wurde erfolgreich geladen.
Die Daten wurden erfolgreich in '/work/eauten2s/ec_criteria_struct/chia/evaluate/eval_full_chia/model_output/Llama-3-70B-Instruct_0_shot_lct_prompt/output/Llama-3-70B-Instruct_NCT00609531_0_shot.txt' gespeichert.
File: NCT00625742 

Das File: /work/eauten2s/ec_criteria_struct/chia/input/chia_text_full/NCT00625742.txt wurde erfolgreich geladen.
Die Daten wurden erfolgreich in '/work/eauten2s/ec_criteria_struct/chia/evaluate/eval_full_chia/model_output/Llama-3-70B-Instruct_0_shot_lct_prompt/output/Llama-3-70B-Instruct_NCT00625742_0_shot.txt' gespeichert.
File: NCT00639795 

Das File: /work/eauten2s/ec_criteria_struct/chia/input/chia_text_full/NCT00639795.txt wurde erfolgreich geladen.
Die Daten wurden erfolgreich in '/work/eauten2s/ec_criteria_struct/chia/evaluate/eval_full_chia/model_output/Llama-3-70B-Instruct_0_shot_lct_prompt/output/Llama-3-70B-Instruct_NCT00639795_0_shot.txt' gespeichert.
File: NCT00650312 

Das File: /work/eauten2s/ec_criteria_struct/chia/input/chia_text_full/NCT00650312.txt wurde erfolgreich geladen.
Die Daten wurden erfolgreich in '/work/eauten2s/ec_criteria_struct/chia/evaluate/eval_full_chia/model_output/Llama-3-70B-Instruct_0_shot_lct_prompt/output/Llama-3-70B-Instruct_NCT00650312_0_shot.txt' gespeichert.
File: NCT00676273 

Das File: /work/eauten2s/ec_criteria_struct/chia/input/chia_text_full/NCT00676273.txt wurde erfolgreich geladen.
Die Daten wurden erfolgreich in '/work/eauten2s/ec_criteria_struct/chia/evaluate/eval_full_chia/model_output/Llama-3-70B-Instruct_0_shot_lct_prompt/output/Llama-3-70B-Instruct_NCT00676273_0_shot.txt' gespeichert.
File: NCT00679341 

Das File: /work/eauten2s/ec_criteria_struct/chia/input/chia_text_full/NCT00679341.txt wurde erfolgreich geladen.
Die Daten wurden erfolgreich in '/work/eauten2s/ec_criteria_struct/chia/evaluate/eval_full_chia/model_output/Llama-3-70B-Instruct_0_shot_lct_prompt/output/Llama-3-70B-Instruct_NCT00679341_0_shot.txt' gespeichert.
File: NCT00718952 

Das File: /work/eauten2s/ec_criteria_struct/chia/input/chia_text_full/NCT00718952.txt wurde erfolgreich geladen.
Die Daten wurden erfolgreich in '/work/eauten2s/ec_criteria_struct/chia/evaluate/eval_full_chia/model_output/Llama-3-70B-Instruct_0_shot_lct_prompt/output/Llama-3-70B-Instruct_NCT00718952_0_shot.txt' gespeichert.
File: NCT00720031 

Das File: /work/eauten2s/ec_criteria_struct/chia/input/chia_text_full/NCT00720031.txt wurde erfolgreich geladen.
Die Daten wurden erfolgreich in '/work/eauten2s/ec_criteria_struct/chia/evaluate/eval_full_chia/model_output/Llama-3-70B-Instruct_0_shot_lct_prompt/output/Llama-3-70B-Instruct_NCT00720031_0_shot.txt' gespeichert.
File: NCT00728156 

Das File: /work/eauten2s/ec_criteria_struct/chia/input/chia_text_full/NCT00728156.txt wurde erfolgreich geladen.
Die Daten wurden erfolgreich in '/work/eauten2s/ec_criteria_struct/chia/evaluate/eval_full_chia/model_output/Llama-3-70B-Instruct_0_shot_lct_prompt/output/Llama-3-70B-Instruct_NCT00728156_0_shot.txt' gespeichert.
File: NCT00730301 

Das File: /work/eauten2s/ec_criteria_struct/chia/input/chia_text_full/NCT00730301.txt wurde erfolgreich geladen.
Die Daten wurden erfolgreich in '/work/eauten2s/ec_criteria_struct/chia/evaluate/eval_full_chia/model_output/Llama-3-70B-Instruct_0_shot_lct_prompt/output/Llama-3-70B-Instruct_NCT00730301_0_shot.txt' gespeichert.
File: NCT00749112 

Das File: /work/eauten2s/ec_criteria_struct/chia/input/chia_text_full/NCT00749112.txt wurde erfolgreich geladen.
Die Daten wurden erfolgreich in '/work/eauten2s/ec_criteria_struct/chia/evaluate/eval_full_chia/model_output/Llama-3-70B-Instruct_0_shot_lct_prompt/output/Llama-3-70B-Instruct_NCT00749112_0_shot.txt' gespeichert.
File: NCT00752310 

Das File: /work/eauten2s/ec_criteria_struct/chia/input/chia_text_full/NCT00752310.txt wurde erfolgreich geladen.
Die Daten wurden erfolgreich in '/work/eauten2s/ec_criteria_struct/chia/evaluate/eval_full_chia/model_output/Llama-3-70B-Instruct_0_shot_lct_prompt/output/Llama-3-70B-Instruct_NCT00752310_0_shot.txt' gespeichert.
File: NCT00785213 

Das File: /work/eauten2s/ec_criteria_struct/chia/input/chia_text_full/NCT00785213.txt wurde erfolgreich geladen.
Die Daten wurden erfolgreich in '/work/eauten2s/ec_criteria_struct/chia/evaluate/eval_full_chia/model_output/Llama-3-70B-Instruct_0_shot_lct_prompt/output/Llama-3-70B-Instruct_NCT00785213_0_shot.txt' gespeichert.
File: NCT00787254 

Das File: /work/eauten2s/ec_criteria_struct/chia/input/chia_text_full/NCT00787254.txt wurde erfolgreich geladen.
Die Daten wurden erfolgreich in '/work/eauten2s/ec_criteria_struct/chia/evaluate/eval_full_chia/model_output/Llama-3-70B-Instruct_0_shot_lct_prompt/output/Llama-3-70B-Instruct_NCT00787254_0_shot.txt' gespeichert.
File: NCT00806273 

Das File: /work/eauten2s/ec_criteria_struct/chia/input/chia_text_full/NCT00806273.txt wurde erfolgreich geladen.
Die Daten wurden erfolgreich in '/work/eauten2s/ec_criteria_struct/chia/evaluate/eval_full_chia/model_output/Llama-3-70B-Instruct_0_shot_lct_prompt/output/Llama-3-70B-Instruct_NCT00806273_0_shot.txt' gespeichert.
File: NCT00806936 

Das File: /work/eauten2s/ec_criteria_struct/chia/input/chia_text_full/NCT00806936.txt wurde erfolgreich geladen.
Die Daten wurden erfolgreich in '/work/eauten2s/ec_criteria_struct/chia/evaluate/eval_full_chia/model_output/Llama-3-70B-Instruct_0_shot_lct_prompt/output/Llama-3-70B-Instruct_NCT00806936_0_shot.txt' gespeichert.
File: NCT00812344 

Das File: /work/eauten2s/ec_criteria_struct/chia/input/chia_text_full/NCT00812344.txt wurde erfolgreich geladen.
Die Daten wurden erfolgreich in '/work/eauten2s/ec_criteria_struct/chia/evaluate/eval_full_chia/model_output/Llama-3-70B-Instruct_0_shot_lct_prompt/output/Llama-3-70B-Instruct_NCT00812344_0_shot.txt' gespeichert.
File: NCT00846703 

Das File: /work/eauten2s/ec_criteria_struct/chia/input/chia_text_full/NCT00846703.txt wurde erfolgreich geladen.
Die Daten wurden erfolgreich in '/work/eauten2s/ec_criteria_struct/chia/evaluate/eval_full_chia/model_output/Llama-3-70B-Instruct_0_shot_lct_prompt/output/Llama-3-70B-Instruct_NCT00846703_0_shot.txt' gespeichert.
File: NCT00862446 

Das File: /work/eauten2s/ec_criteria_struct/chia/input/chia_text_full/NCT00862446.txt wurde erfolgreich geladen.
Die Daten wurden erfolgreich in '/work/eauten2s/ec_criteria_struct/chia/evaluate/eval_full_chia/model_output/Llama-3-70B-Instruct_0_shot_lct_prompt/output/Llama-3-70B-Instruct_NCT00862446_0_shot.txt' gespeichert.
File: NCT00867958 

Das File: /work/eauten2s/ec_criteria_struct/chia/input/chia_text_full/NCT00867958.txt wurde erfolgreich geladen.
Die Daten wurden erfolgreich in '/work/eauten2s/ec_criteria_struct/chia/evaluate/eval_full_chia/model_output/Llama-3-70B-Instruct_0_shot_lct_prompt/output/Llama-3-70B-Instruct_NCT00867958_0_shot.txt' gespeichert.
File: NCT00886158 

Das File: /work/eauten2s/ec_criteria_struct/chia/input/chia_text_full/NCT00886158.txt wurde erfolgreich geladen.
Die Daten wurden erfolgreich in '/work/eauten2s/ec_criteria_struct/chia/evaluate/eval_full_chia/model_output/Llama-3-70B-Instruct_0_shot_lct_prompt/output/Llama-3-70B-Instruct_NCT00886158_0_shot.txt' gespeichert.
File: NCT00894712 

Das File: /work/eauten2s/ec_criteria_struct/chia/input/chia_text_full/NCT00894712.txt wurde erfolgreich geladen.
Die Daten wurden erfolgreich in '/work/eauten2s/ec_criteria_struct/chia/evaluate/eval_full_chia/model_output/Llama-3-70B-Instruct_0_shot_lct_prompt/output/Llama-3-70B-Instruct_NCT00894712_0_shot.txt' gespeichert.
File: NCT00904202 

Das File: /work/eauten2s/ec_criteria_struct/chia/input/chia_text_full/NCT00904202.txt wurde erfolgreich geladen.
Die Daten wurden erfolgreich in '/work/eauten2s/ec_criteria_struct/chia/evaluate/eval_full_chia/model_output/Llama-3-70B-Instruct_0_shot_lct_prompt/output/Llama-3-70B-Instruct_NCT00904202_0_shot.txt' gespeichert.
File: NCT00917891 

Das File: /work/eauten2s/ec_criteria_struct/chia/input/chia_text_full/NCT00917891.txt wurde erfolgreich geladen.
Die Daten wurden erfolgreich in '/work/eauten2s/ec_criteria_struct/chia/evaluate/eval_full_chia/model_output/Llama-3-70B-Instruct_0_shot_lct_prompt/output/Llama-3-70B-Instruct_NCT00917891_0_shot.txt' gespeichert.
File: NCT00926523 

Das File: /work/eauten2s/ec_criteria_struct/chia/input/chia_text_full/NCT00926523.txt wurde erfolgreich geladen.
Die Daten wurden erfolgreich in '/work/eauten2s/ec_criteria_struct/chia/evaluate/eval_full_chia/model_output/Llama-3-70B-Instruct_0_shot_lct_prompt/output/Llama-3-70B-Instruct_NCT00926523_0_shot.txt' gespeichert.
File: NCT00931983 

Das File: /work/eauten2s/ec_criteria_struct/chia/input/chia_text_full/NCT00931983.txt wurde erfolgreich geladen.
Die Daten wurden erfolgreich in '/work/eauten2s/ec_criteria_struct/chia/evaluate/eval_full_chia/model_output/Llama-3-70B-Instruct_0_shot_lct_prompt/output/Llama-3-70B-Instruct_NCT00931983_0_shot.txt' gespeichert.
File: NCT00943865 

Das File: /work/eauten2s/ec_criteria_struct/chia/input/chia_text_full/NCT00943865.txt wurde erfolgreich geladen.
Die Daten wurden erfolgreich in '/work/eauten2s/ec_criteria_struct/chia/evaluate/eval_full_chia/model_output/Llama-3-70B-Instruct_0_shot_lct_prompt/output/Llama-3-70B-Instruct_NCT00943865_0_shot.txt' gespeichert.
File: NCT00954850 

Das File: /work/eauten2s/ec_criteria_struct/chia/input/chia_text_full/NCT00954850.txt wurde erfolgreich geladen.
Die Daten wurden erfolgreich in '/work/eauten2s/ec_criteria_struct/chia/evaluate/eval_full_chia/model_output/Llama-3-70B-Instruct_0_shot_lct_prompt/output/Llama-3-70B-Instruct_NCT00954850_0_shot.txt' gespeichert.
File: NCT00959569 

Das File: /work/eauten2s/ec_criteria_struct/chia/input/chia_text_full/NCT00959569.txt wurde erfolgreich geladen.
Die Daten wurden erfolgreich in '/work/eauten2s/ec_criteria_struct/chia/evaluate/eval_full_chia/model_output/Llama-3-70B-Instruct_0_shot_lct_prompt/output/Llama-3-70B-Instruct_NCT00959569_0_shot.txt' gespeichert.
File: NCT00962364 

Das File: /work/eauten2s/ec_criteria_struct/chia/input/chia_text_full/NCT00962364.txt wurde erfolgreich geladen.
Die Daten wurden erfolgreich in '/work/eauten2s/ec_criteria_struct/chia/evaluate/eval_full_chia/model_output/Llama-3-70B-Instruct_0_shot_lct_prompt/output/Llama-3-70B-Instruct_NCT00962364_0_shot.txt' gespeichert.
File: NCT00965900 

Das File: /work/eauten2s/ec_criteria_struct/chia/input/chia_text_full/NCT00965900.txt wurde erfolgreich geladen.
Die Daten wurden erfolgreich in '/work/eauten2s/ec_criteria_struct/chia/evaluate/eval_full_chia/model_output/Llama-3-70B-Instruct_0_shot_lct_prompt/output/Llama-3-70B-Instruct_NCT00965900_0_shot.txt' gespeichert.
File: NCT00970866 

Das File: /work/eauten2s/ec_criteria_struct/chia/input/chia_text_full/NCT00970866.txt wurde erfolgreich geladen.
Die Daten wurden erfolgreich in '/work/eauten2s/ec_criteria_struct/chia/evaluate/eval_full_chia/model_output/Llama-3-70B-Instruct_0_shot_lct_prompt/output/Llama-3-70B-Instruct_NCT00970866_0_shot.txt' gespeichert.
File: NCT00989261 

Das File: /work/eauten2s/ec_criteria_struct/chia/input/chia_text_full/NCT00989261.txt wurde erfolgreich geladen.
Die Daten wurden erfolgreich in '/work/eauten2s/ec_criteria_struct/chia/evaluate/eval_full_chia/model_output/Llama-3-70B-Instruct_0_shot_lct_prompt/output/Llama-3-70B-Instruct_NCT00989261_0_shot.txt' gespeichert.
File: NCT00994786 

Das File: /work/eauten2s/ec_criteria_struct/chia/input/chia_text_full/NCT00994786.txt wurde erfolgreich geladen.
Die Daten wurden erfolgreich in '/work/eauten2s/ec_criteria_struct/chia/evaluate/eval_full_chia/model_output/Llama-3-70B-Instruct_0_shot_lct_prompt/output/Llama-3-70B-Instruct_NCT00994786_0_shot.txt' gespeichert.
File: NCT01000155 

Das File: /work/eauten2s/ec_criteria_struct/chia/input/chia_text_full/NCT01000155.txt wurde erfolgreich geladen.
Die Daten wurden erfolgreich in '/work/eauten2s/ec_criteria_struct/chia/evaluate/eval_full_chia/model_output/Llama-3-70B-Instruct_0_shot_lct_prompt/output/Llama-3-70B-Instruct_NCT01000155_0_shot.txt' gespeichert.
File: NCT01009359 

Das File: /work/eauten2s/ec_criteria_struct/chia/input/chia_text_full/NCT01009359.txt wurde erfolgreich geladen.
Die Daten wurden erfolgreich in '/work/eauten2s/ec_criteria_struct/chia/evaluate/eval_full_chia/model_output/Llama-3-70B-Instruct_0_shot_lct_prompt/output/Llama-3-70B-Instruct_NCT01009359_0_shot.txt' gespeichert.
File: NCT01032109 

Das File: /work/eauten2s/ec_criteria_struct/chia/input/chia_text_full/NCT01032109.txt wurde erfolgreich geladen.
Die Daten wurden erfolgreich in '/work/eauten2s/ec_criteria_struct/chia/evaluate/eval_full_chia/model_output/Llama-3-70B-Instruct_0_shot_lct_prompt/output/Llama-3-70B-Instruct_NCT01032109_0_shot.txt' gespeichert.
File: NCT01051414 

Das File: /work/eauten2s/ec_criteria_struct/chia/input/chia_text_full/NCT01051414.txt wurde erfolgreich geladen.
Die Daten wurden erfolgreich in '/work/eauten2s/ec_criteria_struct/chia/evaluate/eval_full_chia/model_output/Llama-3-70B-Instruct_0_shot_lct_prompt/output/Llama-3-70B-Instruct_NCT01051414_0_shot.txt' gespeichert.
File: NCT01064752 

Das File: /work/eauten2s/ec_criteria_struct/chia/input/chia_text_full/NCT01064752.txt wurde erfolgreich geladen.
Die Daten wurden erfolgreich in '/work/eauten2s/ec_criteria_struct/chia/evaluate/eval_full_chia/model_output/Llama-3-70B-Instruct_0_shot_lct_prompt/output/Llama-3-70B-Instruct_NCT01064752_0_shot.txt' gespeichert.
File: NCT01078051 

Das File: /work/eauten2s/ec_criteria_struct/chia/input/chia_text_full/NCT01078051.txt wurde erfolgreich geladen.
Die Daten wurden erfolgreich in '/work/eauten2s/ec_criteria_struct/chia/evaluate/eval_full_chia/model_output/Llama-3-70B-Instruct_0_shot_lct_prompt/output/Llama-3-70B-Instruct_NCT01078051_0_shot.txt' gespeichert.
File: NCT01082549 

Das File: /work/eauten2s/ec_criteria_struct/chia/input/chia_text_full/NCT01082549.txt wurde erfolgreich geladen.
Die Daten wurden erfolgreich in '/work/eauten2s/ec_criteria_struct/chia/evaluate/eval_full_chia/model_output/Llama-3-70B-Instruct_0_shot_lct_prompt/output/Llama-3-70B-Instruct_NCT01082549_0_shot.txt' gespeichert.
File: NCT01084993 

Das File: /work/eauten2s/ec_criteria_struct/chia/input/chia_text_full/NCT01084993.txt wurde erfolgreich geladen.
Die Daten wurden erfolgreich in '/work/eauten2s/ec_criteria_struct/chia/evaluate/eval_full_chia/model_output/Llama-3-70B-Instruct_0_shot_lct_prompt/output/Llama-3-70B-Instruct_NCT01084993_0_shot.txt' gespeichert.
File: NCT01088750 

Das File: /work/eauten2s/ec_criteria_struct/chia/input/chia_text_full/NCT01088750.txt wurde erfolgreich geladen.
Die Daten wurden erfolgreich in '/work/eauten2s/ec_criteria_struct/chia/evaluate/eval_full_chia/model_output/Llama-3-70B-Instruct_0_shot_lct_prompt/output/Llama-3-70B-Instruct_NCT01088750_0_shot.txt' gespeichert.
File: NCT01098383 

Das File: /work/eauten2s/ec_criteria_struct/chia/input/chia_text_full/NCT01098383.txt wurde erfolgreich geladen.
Die Daten wurden erfolgreich in '/work/eauten2s/ec_criteria_struct/chia/evaluate/eval_full_chia/model_output/Llama-3-70B-Instruct_0_shot_lct_prompt/output/Llama-3-70B-Instruct_NCT01098383_0_shot.txt' gespeichert.
File: NCT01116882 

Das File: /work/eauten2s/ec_criteria_struct/chia/input/chia_text_full/NCT01116882.txt wurde erfolgreich geladen.
Die Daten wurden erfolgreich in '/work/eauten2s/ec_criteria_struct/chia/evaluate/eval_full_chia/model_output/Llama-3-70B-Instruct_0_shot_lct_prompt/output/Llama-3-70B-Instruct_NCT01116882_0_shot.txt' gespeichert.
File: NCT01116973 

Das File: /work/eauten2s/ec_criteria_struct/chia/input/chia_text_full/NCT01116973.txt wurde erfolgreich geladen.
Die Daten wurden erfolgreich in '/work/eauten2s/ec_criteria_struct/chia/evaluate/eval_full_chia/model_output/Llama-3-70B-Instruct_0_shot_lct_prompt/output/Llama-3-70B-Instruct_NCT01116973_0_shot.txt' gespeichert.
File: NCT01117181 

Das File: /work/eauten2s/ec_criteria_struct/chia/input/chia_text_full/NCT01117181.txt wurde erfolgreich geladen.
Die Daten wurden erfolgreich in '/work/eauten2s/ec_criteria_struct/chia/evaluate/eval_full_chia/model_output/Llama-3-70B-Instruct_0_shot_lct_prompt/output/Llama-3-70B-Instruct_NCT01117181_0_shot.txt' gespeichert.
File: NCT01118871 

Das File: /work/eauten2s/ec_criteria_struct/chia/input/chia_text_full/NCT01118871.txt wurde erfolgreich geladen.
Die Daten wurden erfolgreich in '/work/eauten2s/ec_criteria_struct/chia/evaluate/eval_full_chia/model_output/Llama-3-70B-Instruct_0_shot_lct_prompt/output/Llama-3-70B-Instruct_NCT01118871_0_shot.txt' gespeichert.
File: NCT01175044 

Das File: /work/eauten2s/ec_criteria_struct/chia/input/chia_text_full/NCT01175044.txt wurde erfolgreich geladen.
Die Daten wurden erfolgreich in '/work/eauten2s/ec_criteria_struct/chia/evaluate/eval_full_chia/model_output/Llama-3-70B-Instruct_0_shot_lct_prompt/output/Llama-3-70B-Instruct_NCT01175044_0_shot.txt' gespeichert.
File: NCT01177891 

Das File: /work/eauten2s/ec_criteria_struct/chia/input/chia_text_full/NCT01177891.txt wurde erfolgreich geladen.
Die Daten wurden erfolgreich in '/work/eauten2s/ec_criteria_struct/chia/evaluate/eval_full_chia/model_output/Llama-3-70B-Instruct_0_shot_lct_prompt/output/Llama-3-70B-Instruct_NCT01177891_0_shot.txt' gespeichert.
File: NCT01184638 

Das File: /work/eauten2s/ec_criteria_struct/chia/input/chia_text_full/NCT01184638.txt wurde erfolgreich geladen.
Die Daten wurden erfolgreich in '/work/eauten2s/ec_criteria_struct/chia/evaluate/eval_full_chia/model_output/Llama-3-70B-Instruct_0_shot_lct_prompt/output/Llama-3-70B-Instruct_NCT01184638_0_shot.txt' gespeichert.
File: NCT01205334 

Das File: /work/eauten2s/ec_criteria_struct/chia/input/chia_text_full/NCT01205334.txt wurde erfolgreich geladen.
Die Daten wurden erfolgreich in '/work/eauten2s/ec_criteria_struct/chia/evaluate/eval_full_chia/model_output/Llama-3-70B-Instruct_0_shot_lct_prompt/output/Llama-3-70B-Instruct_NCT01205334_0_shot.txt' gespeichert.
File: NCT01214096 

Das File: /work/eauten2s/ec_criteria_struct/chia/input/chia_text_full/NCT01214096.txt wurde erfolgreich geladen.
Die Daten wurden erfolgreich in '/work/eauten2s/ec_criteria_struct/chia/evaluate/eval_full_chia/model_output/Llama-3-70B-Instruct_0_shot_lct_prompt/output/Llama-3-70B-Instruct_NCT01214096_0_shot.txt' gespeichert.
File: NCT01217671 

Das File: /work/eauten2s/ec_criteria_struct/chia/input/chia_text_full/NCT01217671.txt wurde erfolgreich geladen.
Die Daten wurden erfolgreich in '/work/eauten2s/ec_criteria_struct/chia/evaluate/eval_full_chia/model_output/Llama-3-70B-Instruct_0_shot_lct_prompt/output/Llama-3-70B-Instruct_NCT01217671_0_shot.txt' gespeichert.
File: NCT01218737 

Das File: /work/eauten2s/ec_criteria_struct/chia/input/chia_text_full/NCT01218737.txt wurde erfolgreich geladen.
Die Daten wurden erfolgreich in '/work/eauten2s/ec_criteria_struct/chia/evaluate/eval_full_chia/model_output/Llama-3-70B-Instruct_0_shot_lct_prompt/output/Llama-3-70B-Instruct_NCT01218737_0_shot.txt' gespeichert.
File: NCT01228279 

Das File: /work/eauten2s/ec_criteria_struct/chia/input/chia_text_full/NCT01228279.txt wurde erfolgreich geladen.
Die Daten wurden erfolgreich in '/work/eauten2s/ec_criteria_struct/chia/evaluate/eval_full_chia/model_output/Llama-3-70B-Instruct_0_shot_lct_prompt/output/Llama-3-70B-Instruct_NCT01228279_0_shot.txt' gespeichert.
File: NCT01236417 

Das File: /work/eauten2s/ec_criteria_struct/chia/input/chia_text_full/NCT01236417.txt wurde erfolgreich geladen.
Die Daten wurden erfolgreich in '/work/eauten2s/ec_criteria_struct/chia/evaluate/eval_full_chia/model_output/Llama-3-70B-Instruct_0_shot_lct_prompt/output/Llama-3-70B-Instruct_NCT01236417_0_shot.txt' gespeichert.
File: NCT01261832 

Das File: /work/eauten2s/ec_criteria_struct/chia/input/chia_text_full/NCT01261832.txt wurde erfolgreich geladen.
Die Daten wurden erfolgreich in '/work/eauten2s/ec_criteria_struct/chia/evaluate/eval_full_chia/model_output/Llama-3-70B-Instruct_0_shot_lct_prompt/output/Llama-3-70B-Instruct_NCT01261832_0_shot.txt' gespeichert.
File: NCT01312012 

Das File: /work/eauten2s/ec_criteria_struct/chia/input/chia_text_full/NCT01312012.txt wurde erfolgreich geladen.
Die Daten wurden erfolgreich in '/work/eauten2s/ec_criteria_struct/chia/evaluate/eval_full_chia/model_output/Llama-3-70B-Instruct_0_shot_lct_prompt/output/Llama-3-70B-Instruct_NCT01312012_0_shot.txt' gespeichert.
File: NCT01313676 

Das File: /work/eauten2s/ec_criteria_struct/chia/input/chia_text_full/NCT01313676.txt wurde erfolgreich geladen.
Die Daten wurden erfolgreich in '/work/eauten2s/ec_criteria_struct/chia/evaluate/eval_full_chia/model_output/Llama-3-70B-Instruct_0_shot_lct_prompt/output/Llama-3-70B-Instruct_NCT01313676_0_shot.txt' gespeichert.
File: NCT01314898 

Das File: /work/eauten2s/ec_criteria_struct/chia/input/chia_text_full/NCT01314898.txt wurde erfolgreich geladen.
Die Daten wurden erfolgreich in '/work/eauten2s/ec_criteria_struct/chia/evaluate/eval_full_chia/model_output/Llama-3-70B-Instruct_0_shot_lct_prompt/output/Llama-3-70B-Instruct_NCT01314898_0_shot.txt' gespeichert.
File: NCT01320579 

Das File: /work/eauten2s/ec_criteria_struct/chia/input/chia_text_full/NCT01320579.txt wurde erfolgreich geladen.
Die Daten wurden erfolgreich in '/work/eauten2s/ec_criteria_struct/chia/evaluate/eval_full_chia/model_output/Llama-3-70B-Instruct_0_shot_lct_prompt/output/Llama-3-70B-Instruct_NCT01320579_0_shot.txt' gespeichert.
File: NCT01322464 

Das File: /work/eauten2s/ec_criteria_struct/chia/input/chia_text_full/NCT01322464.txt wurde erfolgreich geladen.
Die Daten wurden erfolgreich in '/work/eauten2s/ec_criteria_struct/chia/evaluate/eval_full_chia/model_output/Llama-3-70B-Instruct_0_shot_lct_prompt/output/Llama-3-70B-Instruct_NCT01322464_0_shot.txt' gespeichert.
File: NCT01346436 

Das File: /work/eauten2s/ec_criteria_struct/chia/input/chia_text_full/NCT01346436.txt wurde erfolgreich geladen.
Die Daten wurden erfolgreich in '/work/eauten2s/ec_criteria_struct/chia/evaluate/eval_full_chia/model_output/Llama-3-70B-Instruct_0_shot_lct_prompt/output/Llama-3-70B-Instruct_NCT01346436_0_shot.txt' gespeichert.
File: NCT01349413 

Das File: /work/eauten2s/ec_criteria_struct/chia/input/chia_text_full/NCT01349413.txt wurde erfolgreich geladen.
Die Daten wurden erfolgreich in '/work/eauten2s/ec_criteria_struct/chia/evaluate/eval_full_chia/model_output/Llama-3-70B-Instruct_0_shot_lct_prompt/output/Llama-3-70B-Instruct_NCT01349413_0_shot.txt' gespeichert.
File: NCT01352598 

Das File: /work/eauten2s/ec_criteria_struct/chia/input/chia_text_full/NCT01352598.txt wurde erfolgreich geladen.
Die Daten wurden erfolgreich in '/work/eauten2s/ec_criteria_struct/chia/evaluate/eval_full_chia/model_output/Llama-3-70B-Instruct_0_shot_lct_prompt/output/Llama-3-70B-Instruct_NCT01352598_0_shot.txt' gespeichert.
File: NCT01373684 

Das File: /work/eauten2s/ec_criteria_struct/chia/input/chia_text_full/NCT01373684.txt wurde erfolgreich geladen.
Die Daten wurden erfolgreich in '/work/eauten2s/ec_criteria_struct/chia/evaluate/eval_full_chia/model_output/Llama-3-70B-Instruct_0_shot_lct_prompt/output/Llama-3-70B-Instruct_NCT01373684_0_shot.txt' gespeichert.
File: NCT01391780 

Das File: /work/eauten2s/ec_criteria_struct/chia/input/chia_text_full/NCT01391780.txt wurde erfolgreich geladen.
Die Daten wurden erfolgreich in '/work/eauten2s/ec_criteria_struct/chia/evaluate/eval_full_chia/model_output/Llama-3-70B-Instruct_0_shot_lct_prompt/output/Llama-3-70B-Instruct_NCT01391780_0_shot.txt' gespeichert.
File: NCT01401335 

Das File: /work/eauten2s/ec_criteria_struct/chia/input/chia_text_full/NCT01401335.txt wurde erfolgreich geladen.
Die Daten wurden erfolgreich in '/work/eauten2s/ec_criteria_struct/chia/evaluate/eval_full_chia/model_output/Llama-3-70B-Instruct_0_shot_lct_prompt/output/Llama-3-70B-Instruct_NCT01401335_0_shot.txt' gespeichert.
File: NCT01410890 

Das File: /work/eauten2s/ec_criteria_struct/chia/input/chia_text_full/NCT01410890.txt wurde erfolgreich geladen.
Die Daten wurden erfolgreich in '/work/eauten2s/ec_criteria_struct/chia/evaluate/eval_full_chia/model_output/Llama-3-70B-Instruct_0_shot_lct_prompt/output/Llama-3-70B-Instruct_NCT01410890_0_shot.txt' gespeichert.
File: NCT01424020 

Das File: /work/eauten2s/ec_criteria_struct/chia/input/chia_text_full/NCT01424020.txt wurde erfolgreich geladen.
Die Daten wurden erfolgreich in '/work/eauten2s/ec_criteria_struct/chia/evaluate/eval_full_chia/model_output/Llama-3-70B-Instruct_0_shot_lct_prompt/output/Llama-3-70B-Instruct_NCT01424020_0_shot.txt' gespeichert.
File: NCT01440296 

Das File: /work/eauten2s/ec_criteria_struct/chia/input/chia_text_full/NCT01440296.txt wurde erfolgreich geladen.
Die Daten wurden erfolgreich in '/work/eauten2s/ec_criteria_struct/chia/evaluate/eval_full_chia/model_output/Llama-3-70B-Instruct_0_shot_lct_prompt/output/Llama-3-70B-Instruct_NCT01440296_0_shot.txt' gespeichert.
File: NCT01446094 

Das File: /work/eauten2s/ec_criteria_struct/chia/input/chia_text_full/NCT01446094.txt wurde erfolgreich geladen.
Die Daten wurden erfolgreich in '/work/eauten2s/ec_criteria_struct/chia/evaluate/eval_full_chia/model_output/Llama-3-70B-Instruct_0_shot_lct_prompt/output/Llama-3-70B-Instruct_NCT01446094_0_shot.txt' gespeichert.
File: NCT01483118 

Das File: /work/eauten2s/ec_criteria_struct/chia/input/chia_text_full/NCT01483118.txt wurde erfolgreich geladen.
Die Daten wurden erfolgreich in '/work/eauten2s/ec_criteria_struct/chia/evaluate/eval_full_chia/model_output/Llama-3-70B-Instruct_0_shot_lct_prompt/output/Llama-3-70B-Instruct_NCT01483118_0_shot.txt' gespeichert.
File: NCT01490034 

Das File: /work/eauten2s/ec_criteria_struct/chia/input/chia_text_full/NCT01490034.txt wurde erfolgreich geladen.
Die Daten wurden erfolgreich in '/work/eauten2s/ec_criteria_struct/chia/evaluate/eval_full_chia/model_output/Llama-3-70B-Instruct_0_shot_lct_prompt/output/Llama-3-70B-Instruct_NCT01490034_0_shot.txt' gespeichert.
File: NCT01491295 

Das File: /work/eauten2s/ec_criteria_struct/chia/input/chia_text_full/NCT01491295.txt wurde erfolgreich geladen.
Die Daten wurden erfolgreich in '/work/eauten2s/ec_criteria_struct/chia/evaluate/eval_full_chia/model_output/Llama-3-70B-Instruct_0_shot_lct_prompt/output/Llama-3-70B-Instruct_NCT01491295_0_shot.txt' gespeichert.
File: NCT01491763 

Das File: /work/eauten2s/ec_criteria_struct/chia/input/chia_text_full/NCT01491763.txt wurde erfolgreich geladen.
Die Daten wurden erfolgreich in '/work/eauten2s/ec_criteria_struct/chia/evaluate/eval_full_chia/model_output/Llama-3-70B-Instruct_0_shot_lct_prompt/output/Llama-3-70B-Instruct_NCT01491763_0_shot.txt' gespeichert.
File: NCT01497639 

Das File: /work/eauten2s/ec_criteria_struct/chia/input/chia_text_full/NCT01497639.txt wurde erfolgreich geladen.
Die Daten wurden erfolgreich in '/work/eauten2s/ec_criteria_struct/chia/evaluate/eval_full_chia/model_output/Llama-3-70B-Instruct_0_shot_lct_prompt/output/Llama-3-70B-Instruct_NCT01497639_0_shot.txt' gespeichert.
File: NCT01501201 

Das File: /work/eauten2s/ec_criteria_struct/chia/input/chia_text_full/NCT01501201.txt wurde erfolgreich geladen.
Die Daten wurden erfolgreich in '/work/eauten2s/ec_criteria_struct/chia/evaluate/eval_full_chia/model_output/Llama-3-70B-Instruct_0_shot_lct_prompt/output/Llama-3-70B-Instruct_NCT01501201_0_shot.txt' gespeichert.
File: NCT01518946 

Das File: /work/eauten2s/ec_criteria_struct/chia/input/chia_text_full/NCT01518946.txt wurde erfolgreich geladen.
Die Daten wurden erfolgreich in '/work/eauten2s/ec_criteria_struct/chia/evaluate/eval_full_chia/model_output/Llama-3-70B-Instruct_0_shot_lct_prompt/output/Llama-3-70B-Instruct_NCT01518946_0_shot.txt' gespeichert.
File: NCT01531257 

Das File: /work/eauten2s/ec_criteria_struct/chia/input/chia_text_full/NCT01531257.txt wurde erfolgreich geladen.
Die Daten wurden erfolgreich in '/work/eauten2s/ec_criteria_struct/chia/evaluate/eval_full_chia/model_output/Llama-3-70B-Instruct_0_shot_lct_prompt/output/Llama-3-70B-Instruct_NCT01531257_0_shot.txt' gespeichert.
File: NCT01567605 

Das File: /work/eauten2s/ec_criteria_struct/chia/input/chia_text_full/NCT01567605.txt wurde erfolgreich geladen.
Die Daten wurden erfolgreich in '/work/eauten2s/ec_criteria_struct/chia/evaluate/eval_full_chia/model_output/Llama-3-70B-Instruct_0_shot_lct_prompt/output/Llama-3-70B-Instruct_NCT01567605_0_shot.txt' gespeichert.
File: NCT01579604 

Das File: /work/eauten2s/ec_criteria_struct/chia/input/chia_text_full/NCT01579604.txt wurde erfolgreich geladen.
Die Daten wurden erfolgreich in '/work/eauten2s/ec_criteria_struct/chia/evaluate/eval_full_chia/model_output/Llama-3-70B-Instruct_0_shot_lct_prompt/output/Llama-3-70B-Instruct_NCT01579604_0_shot.txt' gespeichert.
File: NCT01581749 

Das File: /work/eauten2s/ec_criteria_struct/chia/input/chia_text_full/NCT01581749.txt wurde erfolgreich geladen.
Die Daten wurden erfolgreich in '/work/eauten2s/ec_criteria_struct/chia/evaluate/eval_full_chia/model_output/Llama-3-70B-Instruct_0_shot_lct_prompt/output/Llama-3-70B-Instruct_NCT01581749_0_shot.txt' gespeichert.
File: NCT01602081 

Das File: /work/eauten2s/ec_criteria_struct/chia/input/chia_text_full/NCT01602081.txt wurde erfolgreich geladen.
Die Daten wurden erfolgreich in '/work/eauten2s/ec_criteria_struct/chia/evaluate/eval_full_chia/model_output/Llama-3-70B-Instruct_0_shot_lct_prompt/output/Llama-3-70B-Instruct_NCT01602081_0_shot.txt' gespeichert.
File: NCT01604187 

Das File: /work/eauten2s/ec_criteria_struct/chia/input/chia_text_full/NCT01604187.txt wurde erfolgreich geladen.
Die Daten wurden erfolgreich in '/work/eauten2s/ec_criteria_struct/chia/evaluate/eval_full_chia/model_output/Llama-3-70B-Instruct_0_shot_lct_prompt/output/Llama-3-70B-Instruct_NCT01604187_0_shot.txt' gespeichert.
File: NCT01614041 

Das File: /work/eauten2s/ec_criteria_struct/chia/input/chia_text_full/NCT01614041.txt wurde erfolgreich geladen.
Die Daten wurden erfolgreich in '/work/eauten2s/ec_criteria_struct/chia/evaluate/eval_full_chia/model_output/Llama-3-70B-Instruct_0_shot_lct_prompt/output/Llama-3-70B-Instruct_NCT01614041_0_shot.txt' gespeichert.
File: NCT01630954 

Das File: /work/eauten2s/ec_criteria_struct/chia/input/chia_text_full/NCT01630954.txt wurde erfolgreich geladen.
Die Daten wurden erfolgreich in '/work/eauten2s/ec_criteria_struct/chia/evaluate/eval_full_chia/model_output/Llama-3-70B-Instruct_0_shot_lct_prompt/output/Llama-3-70B-Instruct_NCT01630954_0_shot.txt' gespeichert.
File: NCT01631058 

Das File: /work/eauten2s/ec_criteria_struct/chia/input/chia_text_full/NCT01631058.txt wurde erfolgreich geladen.
Die Daten wurden erfolgreich in '/work/eauten2s/ec_criteria_struct/chia/evaluate/eval_full_chia/model_output/Llama-3-70B-Instruct_0_shot_lct_prompt/output/Llama-3-70B-Instruct_NCT01631058_0_shot.txt' gespeichert.
File: NCT01639664 

Das File: /work/eauten2s/ec_criteria_struct/chia/input/chia_text_full/NCT01639664.txt wurde erfolgreich geladen.
Die Daten wurden erfolgreich in '/work/eauten2s/ec_criteria_struct/chia/evaluate/eval_full_chia/model_output/Llama-3-70B-Instruct_0_shot_lct_prompt/output/Llama-3-70B-Instruct_NCT01639664_0_shot.txt' gespeichert.
File: NCT01642875 

Das File: /work/eauten2s/ec_criteria_struct/chia/input/chia_text_full/NCT01642875.txt wurde erfolgreich geladen.
Die Daten wurden erfolgreich in '/work/eauten2s/ec_criteria_struct/chia/evaluate/eval_full_chia/model_output/Llama-3-70B-Instruct_0_shot_lct_prompt/output/Llama-3-70B-Instruct_NCT01642875_0_shot.txt' gespeichert.
File: NCT01650792 

Das File: /work/eauten2s/ec_criteria_struct/chia/input/chia_text_full/NCT01650792.txt wurde erfolgreich geladen.
Die Daten wurden erfolgreich in '/work/eauten2s/ec_criteria_struct/chia/evaluate/eval_full_chia/model_output/Llama-3-70B-Instruct_0_shot_lct_prompt/output/Llama-3-70B-Instruct_NCT01650792_0_shot.txt' gespeichert.
File: NCT01664507 

Das File: /work/eauten2s/ec_criteria_struct/chia/input/chia_text_full/NCT01664507.txt wurde erfolgreich geladen.
Die Daten wurden erfolgreich in '/work/eauten2s/ec_criteria_struct/chia/evaluate/eval_full_chia/model_output/Llama-3-70B-Instruct_0_shot_lct_prompt/output/Llama-3-70B-Instruct_NCT01664507_0_shot.txt' gespeichert.
File: NCT01665417 

Das File: /work/eauten2s/ec_criteria_struct/chia/input/chia_text_full/NCT01665417.txt wurde erfolgreich geladen.
Die Daten wurden erfolgreich in '/work/eauten2s/ec_criteria_struct/chia/evaluate/eval_full_chia/model_output/Llama-3-70B-Instruct_0_shot_lct_prompt/output/Llama-3-70B-Instruct_NCT01665417_0_shot.txt' gespeichert.
File: NCT01669369 

Das File: /work/eauten2s/ec_criteria_struct/chia/input/chia_text_full/NCT01669369.txt wurde erfolgreich geladen.
Die Daten wurden erfolgreich in '/work/eauten2s/ec_criteria_struct/chia/evaluate/eval_full_chia/model_output/Llama-3-70B-Instruct_0_shot_lct_prompt/output/Llama-3-70B-Instruct_NCT01669369_0_shot.txt' gespeichert.
File: NCT01680081 

Das File: /work/eauten2s/ec_criteria_struct/chia/input/chia_text_full/NCT01680081.txt wurde erfolgreich geladen.
Die Daten wurden erfolgreich in '/work/eauten2s/ec_criteria_struct/chia/evaluate/eval_full_chia/model_output/Llama-3-70B-Instruct_0_shot_lct_prompt/output/Llama-3-70B-Instruct_NCT01680081_0_shot.txt' gespeichert.
File: NCT01684501 

Das File: /work/eauten2s/ec_criteria_struct/chia/input/chia_text_full/NCT01684501.txt wurde erfolgreich geladen.
Die Daten wurden erfolgreich in '/work/eauten2s/ec_criteria_struct/chia/evaluate/eval_full_chia/model_output/Llama-3-70B-Instruct_0_shot_lct_prompt/output/Llama-3-70B-Instruct_NCT01684501_0_shot.txt' gespeichert.
File: NCT01696617 

Das File: /work/eauten2s/ec_criteria_struct/chia/input/chia_text_full/NCT01696617.txt wurde erfolgreich geladen.
Die Daten wurden erfolgreich in '/work/eauten2s/ec_criteria_struct/chia/evaluate/eval_full_chia/model_output/Llama-3-70B-Instruct_0_shot_lct_prompt/output/Llama-3-70B-Instruct_NCT01696617_0_shot.txt' gespeichert.
File: NCT01700790 

Das File: /work/eauten2s/ec_criteria_struct/chia/input/chia_text_full/NCT01700790.txt wurde erfolgreich geladen.
Die Daten wurden erfolgreich in '/work/eauten2s/ec_criteria_struct/chia/evaluate/eval_full_chia/model_output/Llama-3-70B-Instruct_0_shot_lct_prompt/output/Llama-3-70B-Instruct_NCT01700790_0_shot.txt' gespeichert.
File: NCT01701219 

Das File: /work/eauten2s/ec_criteria_struct/chia/input/chia_text_full/NCT01701219.txt wurde erfolgreich geladen.
Die Daten wurden erfolgreich in '/work/eauten2s/ec_criteria_struct/chia/evaluate/eval_full_chia/model_output/Llama-3-70B-Instruct_0_shot_lct_prompt/output/Llama-3-70B-Instruct_NCT01701219_0_shot.txt' gespeichert.
File: NCT01709981 

Das File: /work/eauten2s/ec_criteria_struct/chia/input/chia_text_full/NCT01709981.txt wurde erfolgreich geladen.
Die Daten wurden erfolgreich in '/work/eauten2s/ec_criteria_struct/chia/evaluate/eval_full_chia/model_output/Llama-3-70B-Instruct_0_shot_lct_prompt/output/Llama-3-70B-Instruct_NCT01709981_0_shot.txt' gespeichert.
File: NCT01711801 

Das File: /work/eauten2s/ec_criteria_struct/chia/input/chia_text_full/NCT01711801.txt wurde erfolgreich geladen.
Die Daten wurden erfolgreich in '/work/eauten2s/ec_criteria_struct/chia/evaluate/eval_full_chia/model_output/Llama-3-70B-Instruct_0_shot_lct_prompt/output/Llama-3-70B-Instruct_NCT01711801_0_shot.txt' gespeichert.
File: NCT01715584 

Das File: /work/eauten2s/ec_criteria_struct/chia/input/chia_text_full/NCT01715584.txt wurde erfolgreich geladen.
Die Daten wurden erfolgreich in '/work/eauten2s/ec_criteria_struct/chia/evaluate/eval_full_chia/model_output/Llama-3-70B-Instruct_0_shot_lct_prompt/output/Llama-3-70B-Instruct_NCT01715584_0_shot.txt' gespeichert.
File: NCT01715714 

Das File: /work/eauten2s/ec_criteria_struct/chia/input/chia_text_full/NCT01715714.txt wurde erfolgreich geladen.
Die Daten wurden erfolgreich in '/work/eauten2s/ec_criteria_struct/chia/evaluate/eval_full_chia/model_output/Llama-3-70B-Instruct_0_shot_lct_prompt/output/Llama-3-70B-Instruct_NCT01715714_0_shot.txt' gespeichert.
File: NCT01717911 

Das File: /work/eauten2s/ec_criteria_struct/chia/input/chia_text_full/NCT01717911.txt wurde erfolgreich geladen.
Die Daten wurden erfolgreich in '/work/eauten2s/ec_criteria_struct/chia/evaluate/eval_full_chia/model_output/Llama-3-70B-Instruct_0_shot_lct_prompt/output/Llama-3-70B-Instruct_NCT01717911_0_shot.txt' gespeichert.
File: NCT01720394 

Das File: /work/eauten2s/ec_criteria_struct/chia/input/chia_text_full/NCT01720394.txt wurde erfolgreich geladen.
Die Daten wurden erfolgreich in '/work/eauten2s/ec_criteria_struct/chia/evaluate/eval_full_chia/model_output/Llama-3-70B-Instruct_0_shot_lct_prompt/output/Llama-3-70B-Instruct_NCT01720394_0_shot.txt' gespeichert.
File: NCT01728194 

Das File: /work/eauten2s/ec_criteria_struct/chia/input/chia_text_full/NCT01728194.txt wurde erfolgreich geladen.
Die Daten wurden erfolgreich in '/work/eauten2s/ec_criteria_struct/chia/evaluate/eval_full_chia/model_output/Llama-3-70B-Instruct_0_shot_lct_prompt/output/Llama-3-70B-Instruct_NCT01728194_0_shot.txt' gespeichert.
File: NCT01735955 

Das File: /work/eauten2s/ec_criteria_struct/chia/input/chia_text_full/NCT01735955.txt wurde erfolgreich geladen.
Die Daten wurden erfolgreich in '/work/eauten2s/ec_criteria_struct/chia/evaluate/eval_full_chia/model_output/Llama-3-70B-Instruct_0_shot_lct_prompt/output/Llama-3-70B-Instruct_NCT01735955_0_shot.txt' gespeichert.
File: NCT01742117 

Das File: /work/eauten2s/ec_criteria_struct/chia/input/chia_text_full/NCT01742117.txt wurde erfolgreich geladen.
Die Daten wurden erfolgreich in '/work/eauten2s/ec_criteria_struct/chia/evaluate/eval_full_chia/model_output/Llama-3-70B-Instruct_0_shot_lct_prompt/output/Llama-3-70B-Instruct_NCT01742117_0_shot.txt' gespeichert.
File: NCT01743755 

Das File: /work/eauten2s/ec_criteria_struct/chia/input/chia_text_full/NCT01743755.txt wurde erfolgreich geladen.
Die Daten wurden erfolgreich in '/work/eauten2s/ec_criteria_struct/chia/evaluate/eval_full_chia/model_output/Llama-3-70B-Instruct_0_shot_lct_prompt/output/Llama-3-70B-Instruct_NCT01743755_0_shot.txt' gespeichert.
File: NCT01757717 

Das File: /work/eauten2s/ec_criteria_struct/chia/input/chia_text_full/NCT01757717.txt wurde erfolgreich geladen.
Die Daten wurden erfolgreich in '/work/eauten2s/ec_criteria_struct/chia/evaluate/eval_full_chia/model_output/Llama-3-70B-Instruct_0_shot_lct_prompt/output/Llama-3-70B-Instruct_NCT01757717_0_shot.txt' gespeichert.
File: NCT01765231 

Das File: /work/eauten2s/ec_criteria_struct/chia/input/chia_text_full/NCT01765231.txt wurde erfolgreich geladen.
Die Daten wurden erfolgreich in '/work/eauten2s/ec_criteria_struct/chia/evaluate/eval_full_chia/model_output/Llama-3-70B-Instruct_0_shot_lct_prompt/output/Llama-3-70B-Instruct_NCT01765231_0_shot.txt' gespeichert.
File: NCT01768195 

Das File: /work/eauten2s/ec_criteria_struct/chia/input/chia_text_full/NCT01768195.txt wurde erfolgreich geladen.
Die Daten wurden erfolgreich in '/work/eauten2s/ec_criteria_struct/chia/evaluate/eval_full_chia/model_output/Llama-3-70B-Instruct_0_shot_lct_prompt/output/Llama-3-70B-Instruct_NCT01768195_0_shot.txt' gespeichert.
File: NCT01770340 

Das File: /work/eauten2s/ec_criteria_struct/chia/input/chia_text_full/NCT01770340.txt wurde erfolgreich geladen.
Die Daten wurden erfolgreich in '/work/eauten2s/ec_criteria_struct/chia/evaluate/eval_full_chia/model_output/Llama-3-70B-Instruct_0_shot_lct_prompt/output/Llama-3-70B-Instruct_NCT01770340_0_shot.txt' gespeichert.
File: NCT01774019 

Das File: /work/eauten2s/ec_criteria_struct/chia/input/chia_text_full/NCT01774019.txt wurde erfolgreich geladen.
Die Daten wurden erfolgreich in '/work/eauten2s/ec_criteria_struct/chia/evaluate/eval_full_chia/model_output/Llama-3-70B-Instruct_0_shot_lct_prompt/output/Llama-3-70B-Instruct_NCT01774019_0_shot.txt' gespeichert.
File: NCT01793519 

Das File: /work/eauten2s/ec_criteria_struct/chia/input/chia_text_full/NCT01793519.txt wurde erfolgreich geladen.
Die Daten wurden erfolgreich in '/work/eauten2s/ec_criteria_struct/chia/evaluate/eval_full_chia/model_output/Llama-3-70B-Instruct_0_shot_lct_prompt/output/Llama-3-70B-Instruct_NCT01793519_0_shot.txt' gespeichert.
File: NCT01793831 

Das File: /work/eauten2s/ec_criteria_struct/chia/input/chia_text_full/NCT01793831.txt wurde erfolgreich geladen.
Die Daten wurden erfolgreich in '/work/eauten2s/ec_criteria_struct/chia/evaluate/eval_full_chia/model_output/Llama-3-70B-Instruct_0_shot_lct_prompt/output/Llama-3-70B-Instruct_NCT01793831_0_shot.txt' gespeichert.
File: NCT01794793 

Das File: /work/eauten2s/ec_criteria_struct/chia/input/chia_text_full/NCT01794793.txt wurde erfolgreich geladen.
Die Daten wurden erfolgreich in '/work/eauten2s/ec_criteria_struct/chia/evaluate/eval_full_chia/model_output/Llama-3-70B-Instruct_0_shot_lct_prompt/output/Llama-3-70B-Instruct_NCT01794793_0_shot.txt' gespeichert.
File: NCT01799681 

Das File: /work/eauten2s/ec_criteria_struct/chia/input/chia_text_full/NCT01799681.txt wurde erfolgreich geladen.
Die Daten wurden erfolgreich in '/work/eauten2s/ec_criteria_struct/chia/evaluate/eval_full_chia/model_output/Llama-3-70B-Instruct_0_shot_lct_prompt/output/Llama-3-70B-Instruct_NCT01799681_0_shot.txt' gespeichert.
File: NCT01801072 

Das File: /work/eauten2s/ec_criteria_struct/chia/input/chia_text_full/NCT01801072.txt wurde erfolgreich geladen.
Die Daten wurden erfolgreich in '/work/eauten2s/ec_criteria_struct/chia/evaluate/eval_full_chia/model_output/Llama-3-70B-Instruct_0_shot_lct_prompt/output/Llama-3-70B-Instruct_NCT01801072_0_shot.txt' gespeichert.
File: NCT01803438 

Das File: /work/eauten2s/ec_criteria_struct/chia/input/chia_text_full/NCT01803438.txt wurde erfolgreich geladen.
Die Daten wurden erfolgreich in '/work/eauten2s/ec_criteria_struct/chia/evaluate/eval_full_chia/model_output/Llama-3-70B-Instruct_0_shot_lct_prompt/output/Llama-3-70B-Instruct_NCT01803438_0_shot.txt' gespeichert.
File: NCT01803828 

Das File: /work/eauten2s/ec_criteria_struct/chia/input/chia_text_full/NCT01803828.txt wurde erfolgreich geladen.
Die Daten wurden erfolgreich in '/work/eauten2s/ec_criteria_struct/chia/evaluate/eval_full_chia/model_output/Llama-3-70B-Instruct_0_shot_lct_prompt/output/Llama-3-70B-Instruct_NCT01803828_0_shot.txt' gespeichert.
File: NCT01806558 

Das File: /work/eauten2s/ec_criteria_struct/chia/input/chia_text_full/NCT01806558.txt wurde erfolgreich geladen.
Die Daten wurden erfolgreich in '/work/eauten2s/ec_criteria_struct/chia/evaluate/eval_full_chia/model_output/Llama-3-70B-Instruct_0_shot_lct_prompt/output/Llama-3-70B-Instruct_NCT01806558_0_shot.txt' gespeichert.
File: NCT01807897 

Das File: /work/eauten2s/ec_criteria_struct/chia/input/chia_text_full/NCT01807897.txt wurde erfolgreich geladen.
Die Daten wurden erfolgreich in '/work/eauten2s/ec_criteria_struct/chia/evaluate/eval_full_chia/model_output/Llama-3-70B-Instruct_0_shot_lct_prompt/output/Llama-3-70B-Instruct_NCT01807897_0_shot.txt' gespeichert.
File: NCT01809041 

Das File: /work/eauten2s/ec_criteria_struct/chia/input/chia_text_full/NCT01809041.txt wurde erfolgreich geladen.
Die Daten wurden erfolgreich in '/work/eauten2s/ec_criteria_struct/chia/evaluate/eval_full_chia/model_output/Llama-3-70B-Instruct_0_shot_lct_prompt/output/Llama-3-70B-Instruct_NCT01809041_0_shot.txt' gespeichert.
File: NCT01815580 

Das File: /work/eauten2s/ec_criteria_struct/chia/input/chia_text_full/NCT01815580.txt wurde erfolgreich geladen.
Die Daten wurden erfolgreich in '/work/eauten2s/ec_criteria_struct/chia/evaluate/eval_full_chia/model_output/Llama-3-70B-Instruct_0_shot_lct_prompt/output/Llama-3-70B-Instruct_NCT01815580_0_shot.txt' gespeichert.
File: NCT01816997 

Das File: /work/eauten2s/ec_criteria_struct/chia/input/chia_text_full/NCT01816997.txt wurde erfolgreich geladen.
Die Daten wurden erfolgreich in '/work/eauten2s/ec_criteria_struct/chia/evaluate/eval_full_chia/model_output/Llama-3-70B-Instruct_0_shot_lct_prompt/output/Llama-3-70B-Instruct_NCT01816997_0_shot.txt' gespeichert.
File: NCT01822262 

Das File: /work/eauten2s/ec_criteria_struct/chia/input/chia_text_full/NCT01822262.txt wurde erfolgreich geladen.
Die Daten wurden erfolgreich in '/work/eauten2s/ec_criteria_struct/chia/evaluate/eval_full_chia/model_output/Llama-3-70B-Instruct_0_shot_lct_prompt/output/Llama-3-70B-Instruct_NCT01822262_0_shot.txt' gespeichert.
File: NCT01824537 

Das File: /work/eauten2s/ec_criteria_struct/chia/input/chia_text_full/NCT01824537.txt wurde erfolgreich geladen.
Die Daten wurden erfolgreich in '/work/eauten2s/ec_criteria_struct/chia/evaluate/eval_full_chia/model_output/Llama-3-70B-Instruct_0_shot_lct_prompt/output/Llama-3-70B-Instruct_NCT01824537_0_shot.txt' gespeichert.
File: NCT01846507 

Das File: /work/eauten2s/ec_criteria_struct/chia/input/chia_text_full/NCT01846507.txt wurde erfolgreich geladen.
Die Daten wurden erfolgreich in '/work/eauten2s/ec_criteria_struct/chia/evaluate/eval_full_chia/model_output/Llama-3-70B-Instruct_0_shot_lct_prompt/output/Llama-3-70B-Instruct_NCT01846507_0_shot.txt' gespeichert.
File: NCT01850147 

Das File: /work/eauten2s/ec_criteria_struct/chia/input/chia_text_full/NCT01850147.txt wurde erfolgreich geladen.
Die Daten wurden erfolgreich in '/work/eauten2s/ec_criteria_struct/chia/evaluate/eval_full_chia/model_output/Llama-3-70B-Instruct_0_shot_lct_prompt/output/Llama-3-70B-Instruct_NCT01850147_0_shot.txt' gespeichert.
File: NCT01856491 

Das File: /work/eauten2s/ec_criteria_struct/chia/input/chia_text_full/NCT01856491.txt wurde erfolgreich geladen.
Die Daten wurden erfolgreich in '/work/eauten2s/ec_criteria_struct/chia/evaluate/eval_full_chia/model_output/Llama-3-70B-Instruct_0_shot_lct_prompt/output/Llama-3-70B-Instruct_NCT01856491_0_shot.txt' gespeichert.
File: NCT01857167 

Das File: /work/eauten2s/ec_criteria_struct/chia/input/chia_text_full/NCT01857167.txt wurde erfolgreich geladen.
Die Daten wurden erfolgreich in '/work/eauten2s/ec_criteria_struct/chia/evaluate/eval_full_chia/model_output/Llama-3-70B-Instruct_0_shot_lct_prompt/output/Llama-3-70B-Instruct_NCT01857167_0_shot.txt' gespeichert.
File: NCT01866800 

Das File: /work/eauten2s/ec_criteria_struct/chia/input/chia_text_full/NCT01866800.txt wurde erfolgreich geladen.
Die Daten wurden erfolgreich in '/work/eauten2s/ec_criteria_struct/chia/evaluate/eval_full_chia/model_output/Llama-3-70B-Instruct_0_shot_lct_prompt/output/Llama-3-70B-Instruct_NCT01866800_0_shot.txt' gespeichert.
File: NCT01884337 

Das File: /work/eauten2s/ec_criteria_struct/chia/input/chia_text_full/NCT01884337.txt wurde erfolgreich geladen.
Die Daten wurden erfolgreich in '/work/eauten2s/ec_criteria_struct/chia/evaluate/eval_full_chia/model_output/Llama-3-70B-Instruct_0_shot_lct_prompt/output/Llama-3-70B-Instruct_NCT01884337_0_shot.txt' gespeichert.
File: NCT01888965 

Das File: /work/eauten2s/ec_criteria_struct/chia/input/chia_text_full/NCT01888965.txt wurde erfolgreich geladen.
Die Daten wurden erfolgreich in '/work/eauten2s/ec_criteria_struct/chia/evaluate/eval_full_chia/model_output/Llama-3-70B-Instruct_0_shot_lct_prompt/output/Llama-3-70B-Instruct_NCT01888965_0_shot.txt' gespeichert.
File: NCT01890759 

Das File: /work/eauten2s/ec_criteria_struct/chia/input/chia_text_full/NCT01890759.txt wurde erfolgreich geladen.
Die Daten wurden erfolgreich in '/work/eauten2s/ec_criteria_struct/chia/evaluate/eval_full_chia/model_output/Llama-3-70B-Instruct_0_shot_lct_prompt/output/Llama-3-70B-Instruct_NCT01890759_0_shot.txt' gespeichert.
File: NCT01891383 

Das File: /work/eauten2s/ec_criteria_struct/chia/input/chia_text_full/NCT01891383.txt wurde erfolgreich geladen.
Die Daten wurden erfolgreich in '/work/eauten2s/ec_criteria_struct/chia/evaluate/eval_full_chia/model_output/Llama-3-70B-Instruct_0_shot_lct_prompt/output/Llama-3-70B-Instruct_NCT01891383_0_shot.txt' gespeichert.
File: NCT01891513 

Das File: /work/eauten2s/ec_criteria_struct/chia/input/chia_text_full/NCT01891513.txt wurde erfolgreich geladen.
Die Daten wurden erfolgreich in '/work/eauten2s/ec_criteria_struct/chia/evaluate/eval_full_chia/model_output/Llama-3-70B-Instruct_0_shot_lct_prompt/output/Llama-3-70B-Instruct_NCT01891513_0_shot.txt' gespeichert.
File: NCT01895946 

Das File: /work/eauten2s/ec_criteria_struct/chia/input/chia_text_full/NCT01895946.txt wurde erfolgreich geladen.
Die Daten wurden erfolgreich in '/work/eauten2s/ec_criteria_struct/chia/evaluate/eval_full_chia/model_output/Llama-3-70B-Instruct_0_shot_lct_prompt/output/Llama-3-70B-Instruct_NCT01895946_0_shot.txt' gespeichert.
File: NCT01907230 

Das File: /work/eauten2s/ec_criteria_struct/chia/input/chia_text_full/NCT01907230.txt wurde erfolgreich geladen.
Die Daten wurden erfolgreich in '/work/eauten2s/ec_criteria_struct/chia/evaluate/eval_full_chia/model_output/Llama-3-70B-Instruct_0_shot_lct_prompt/output/Llama-3-70B-Instruct_NCT01907230_0_shot.txt' gespeichert.
File: NCT01908465 

Das File: /work/eauten2s/ec_criteria_struct/chia/input/chia_text_full/NCT01908465.txt wurde erfolgreich geladen.
Die Daten wurden erfolgreich in '/work/eauten2s/ec_criteria_struct/chia/evaluate/eval_full_chia/model_output/Llama-3-70B-Instruct_0_shot_lct_prompt/output/Llama-3-70B-Instruct_NCT01908465_0_shot.txt' gespeichert.
File: NCT01909934 

Das File: /work/eauten2s/ec_criteria_struct/chia/input/chia_text_full/NCT01909934.txt wurde erfolgreich geladen.
Die Daten wurden erfolgreich in '/work/eauten2s/ec_criteria_struct/chia/evaluate/eval_full_chia/model_output/Llama-3-70B-Instruct_0_shot_lct_prompt/output/Llama-3-70B-Instruct_NCT01909934_0_shot.txt' gespeichert.
File: NCT01911650 

Das File: /work/eauten2s/ec_criteria_struct/chia/input/chia_text_full/NCT01911650.txt wurde erfolgreich geladen.
Die Daten wurden erfolgreich in '/work/eauten2s/ec_criteria_struct/chia/evaluate/eval_full_chia/model_output/Llama-3-70B-Instruct_0_shot_lct_prompt/output/Llama-3-70B-Instruct_NCT01911650_0_shot.txt' gespeichert.
File: NCT01912651 

Das File: /work/eauten2s/ec_criteria_struct/chia/input/chia_text_full/NCT01912651.txt wurde erfolgreich geladen.
Die Daten wurden erfolgreich in '/work/eauten2s/ec_criteria_struct/chia/evaluate/eval_full_chia/model_output/Llama-3-70B-Instruct_0_shot_lct_prompt/output/Llama-3-70B-Instruct_NCT01912651_0_shot.txt' gespeichert.
File: NCT01912677 

Das File: /work/eauten2s/ec_criteria_struct/chia/input/chia_text_full/NCT01912677.txt wurde erfolgreich geladen.
Die Daten wurden erfolgreich in '/work/eauten2s/ec_criteria_struct/chia/evaluate/eval_full_chia/model_output/Llama-3-70B-Instruct_0_shot_lct_prompt/output/Llama-3-70B-Instruct_NCT01912677_0_shot.txt' gespeichert.
File: NCT01929434 

Das File: /work/eauten2s/ec_criteria_struct/chia/input/chia_text_full/NCT01929434.txt wurde erfolgreich geladen.
Die Daten wurden erfolgreich in '/work/eauten2s/ec_criteria_struct/chia/evaluate/eval_full_chia/model_output/Llama-3-70B-Instruct_0_shot_lct_prompt/output/Llama-3-70B-Instruct_NCT01929434_0_shot.txt' gespeichert.
File: NCT01932996 

Das File: /work/eauten2s/ec_criteria_struct/chia/input/chia_text_full/NCT01932996.txt wurde erfolgreich geladen.
Die Daten wurden erfolgreich in '/work/eauten2s/ec_criteria_struct/chia/evaluate/eval_full_chia/model_output/Llama-3-70B-Instruct_0_shot_lct_prompt/output/Llama-3-70B-Instruct_NCT01932996_0_shot.txt' gespeichert.
File: NCT01942109 

Das File: /work/eauten2s/ec_criteria_struct/chia/input/chia_text_full/NCT01942109.txt wurde erfolgreich geladen.
Die Daten wurden erfolgreich in '/work/eauten2s/ec_criteria_struct/chia/evaluate/eval_full_chia/model_output/Llama-3-70B-Instruct_0_shot_lct_prompt/output/Llama-3-70B-Instruct_NCT01942109_0_shot.txt' gespeichert.
File: NCT01942915 

Das File: /work/eauten2s/ec_criteria_struct/chia/input/chia_text_full/NCT01942915.txt wurde erfolgreich geladen.
Die Daten wurden erfolgreich in '/work/eauten2s/ec_criteria_struct/chia/evaluate/eval_full_chia/model_output/Llama-3-70B-Instruct_0_shot_lct_prompt/output/Llama-3-70B-Instruct_NCT01942915_0_shot.txt' gespeichert.
File: NCT01943409 

Das File: /work/eauten2s/ec_criteria_struct/chia/input/chia_text_full/NCT01943409.txt wurde erfolgreich geladen.
Die Daten wurden erfolgreich in '/work/eauten2s/ec_criteria_struct/chia/evaluate/eval_full_chia/model_output/Llama-3-70B-Instruct_0_shot_lct_prompt/output/Llama-3-70B-Instruct_NCT01943409_0_shot.txt' gespeichert.
File: NCT01943812 

Das File: /work/eauten2s/ec_criteria_struct/chia/input/chia_text_full/NCT01943812.txt wurde erfolgreich geladen.
Die Daten wurden erfolgreich in '/work/eauten2s/ec_criteria_struct/chia/evaluate/eval_full_chia/model_output/Llama-3-70B-Instruct_0_shot_lct_prompt/output/Llama-3-70B-Instruct_NCT01943812_0_shot.txt' gespeichert.
File: NCT01944800 

Das File: /work/eauten2s/ec_criteria_struct/chia/input/chia_text_full/NCT01944800.txt wurde erfolgreich geladen.
Die Daten wurden erfolgreich in '/work/eauten2s/ec_criteria_struct/chia/evaluate/eval_full_chia/model_output/Llama-3-70B-Instruct_0_shot_lct_prompt/output/Llama-3-70B-Instruct_NCT01944800_0_shot.txt' gespeichert.
File: NCT01959061 

Das File: /work/eauten2s/ec_criteria_struct/chia/input/chia_text_full/NCT01959061.txt wurde erfolgreich geladen.
Die Daten wurden erfolgreich in '/work/eauten2s/ec_criteria_struct/chia/evaluate/eval_full_chia/model_output/Llama-3-70B-Instruct_0_shot_lct_prompt/output/Llama-3-70B-Instruct_NCT01959061_0_shot.txt' gespeichert.
File: NCT01959425 

Das File: /work/eauten2s/ec_criteria_struct/chia/input/chia_text_full/NCT01959425.txt wurde erfolgreich geladen.
Die Daten wurden erfolgreich in '/work/eauten2s/ec_criteria_struct/chia/evaluate/eval_full_chia/model_output/Llama-3-70B-Instruct_0_shot_lct_prompt/output/Llama-3-70B-Instruct_NCT01959425_0_shot.txt' gespeichert.
File: NCT01963754 

Das File: /work/eauten2s/ec_criteria_struct/chia/input/chia_text_full/NCT01963754.txt wurde erfolgreich geladen.
Die Daten wurden erfolgreich in '/work/eauten2s/ec_criteria_struct/chia/evaluate/eval_full_chia/model_output/Llama-3-70B-Instruct_0_shot_lct_prompt/output/Llama-3-70B-Instruct_NCT01963754_0_shot.txt' gespeichert.
File: NCT01967420 

Das File: /work/eauten2s/ec_criteria_struct/chia/input/chia_text_full/NCT01967420.txt wurde erfolgreich geladen.
Die Daten wurden erfolgreich in '/work/eauten2s/ec_criteria_struct/chia/evaluate/eval_full_chia/model_output/Llama-3-70B-Instruct_0_shot_lct_prompt/output/Llama-3-70B-Instruct_NCT01967420_0_shot.txt' gespeichert.
File: NCT01978028 

Das File: /work/eauten2s/ec_criteria_struct/chia/input/chia_text_full/NCT01978028.txt wurde erfolgreich geladen.
Die Daten wurden erfolgreich in '/work/eauten2s/ec_criteria_struct/chia/evaluate/eval_full_chia/model_output/Llama-3-70B-Instruct_0_shot_lct_prompt/output/Llama-3-70B-Instruct_NCT01978028_0_shot.txt' gespeichert.
File: NCT01980680 

Das File: /work/eauten2s/ec_criteria_struct/chia/input/chia_text_full/NCT01980680.txt wurde erfolgreich geladen.
Die Daten wurden erfolgreich in '/work/eauten2s/ec_criteria_struct/chia/evaluate/eval_full_chia/model_output/Llama-3-70B-Instruct_0_shot_lct_prompt/output/Llama-3-70B-Instruct_NCT01980680_0_shot.txt' gespeichert.
File: NCT01991743 

Das File: /work/eauten2s/ec_criteria_struct/chia/input/chia_text_full/NCT01991743.txt wurde erfolgreich geladen.
Die Daten wurden erfolgreich in '/work/eauten2s/ec_criteria_struct/chia/evaluate/eval_full_chia/model_output/Llama-3-70B-Instruct_0_shot_lct_prompt/output/Llama-3-70B-Instruct_NCT01991743_0_shot.txt' gespeichert.
File: NCT01993836 

Das File: /work/eauten2s/ec_criteria_struct/chia/input/chia_text_full/NCT01993836.txt wurde erfolgreich geladen.
Die Daten wurden erfolgreich in '/work/eauten2s/ec_criteria_struct/chia/evaluate/eval_full_chia/model_output/Llama-3-70B-Instruct_0_shot_lct_prompt/output/Llama-3-70B-Instruct_NCT01993836_0_shot.txt' gespeichert.
File: NCT01994382 

Das File: /work/eauten2s/ec_criteria_struct/chia/input/chia_text_full/NCT01994382.txt wurde erfolgreich geladen.
Die Daten wurden erfolgreich in '/work/eauten2s/ec_criteria_struct/chia/evaluate/eval_full_chia/model_output/Llama-3-70B-Instruct_0_shot_lct_prompt/output/Llama-3-70B-Instruct_NCT01994382_0_shot.txt' gespeichert.
File: NCT01996436 

Das File: /work/eauten2s/ec_criteria_struct/chia/input/chia_text_full/NCT01996436.txt wurde erfolgreich geladen.
Die Daten wurden erfolgreich in '/work/eauten2s/ec_criteria_struct/chia/evaluate/eval_full_chia/model_output/Llama-3-70B-Instruct_0_shot_lct_prompt/output/Llama-3-70B-Instruct_NCT01996436_0_shot.txt' gespeichert.
File: NCT01997112 

Das File: /work/eauten2s/ec_criteria_struct/chia/input/chia_text_full/NCT01997112.txt wurde erfolgreich geladen.
Die Daten wurden erfolgreich in '/work/eauten2s/ec_criteria_struct/chia/evaluate/eval_full_chia/model_output/Llama-3-70B-Instruct_0_shot_lct_prompt/output/Llama-3-70B-Instruct_NCT01997112_0_shot.txt' gespeichert.
File: NCT01997580 

Das File: /work/eauten2s/ec_criteria_struct/chia/input/chia_text_full/NCT01997580.txt wurde erfolgreich geladen.
Die Daten wurden erfolgreich in '/work/eauten2s/ec_criteria_struct/chia/evaluate/eval_full_chia/model_output/Llama-3-70B-Instruct_0_shot_lct_prompt/output/Llama-3-70B-Instruct_NCT01997580_0_shot.txt' gespeichert.
File: NCT02003339 

Das File: /work/eauten2s/ec_criteria_struct/chia/input/chia_text_full/NCT02003339.txt wurde erfolgreich geladen.
Die Daten wurden erfolgreich in '/work/eauten2s/ec_criteria_struct/chia/evaluate/eval_full_chia/model_output/Llama-3-70B-Instruct_0_shot_lct_prompt/output/Llama-3-70B-Instruct_NCT02003339_0_shot.txt' gespeichert.
File: NCT02015494 

Das File: /work/eauten2s/ec_criteria_struct/chia/input/chia_text_full/NCT02015494.txt wurde erfolgreich geladen.
Die Daten wurden erfolgreich in '/work/eauten2s/ec_criteria_struct/chia/evaluate/eval_full_chia/model_output/Llama-3-70B-Instruct_0_shot_lct_prompt/output/Llama-3-70B-Instruct_NCT02015494_0_shot.txt' gespeichert.
File: NCT02015923 

Das File: /work/eauten2s/ec_criteria_struct/chia/input/chia_text_full/NCT02015923.txt wurde erfolgreich geladen.
Die Daten wurden erfolgreich in '/work/eauten2s/ec_criteria_struct/chia/evaluate/eval_full_chia/model_output/Llama-3-70B-Instruct_0_shot_lct_prompt/output/Llama-3-70B-Instruct_NCT02015923_0_shot.txt' gespeichert.
File: NCT02019160 

Das File: /work/eauten2s/ec_criteria_struct/chia/input/chia_text_full/NCT02019160.txt wurde erfolgreich geladen.
Die Daten wurden erfolgreich in '/work/eauten2s/ec_criteria_struct/chia/evaluate/eval_full_chia/model_output/Llama-3-70B-Instruct_0_shot_lct_prompt/output/Llama-3-70B-Instruct_NCT02019160_0_shot.txt' gespeichert.
File: NCT02019628 

Das File: /work/eauten2s/ec_criteria_struct/chia/input/chia_text_full/NCT02019628.txt wurde erfolgreich geladen.
Die Daten wurden erfolgreich in '/work/eauten2s/ec_criteria_struct/chia/evaluate/eval_full_chia/model_output/Llama-3-70B-Instruct_0_shot_lct_prompt/output/Llama-3-70B-Instruct_NCT02019628_0_shot.txt' gespeichert.
File: NCT02022709 

Das File: /work/eauten2s/ec_criteria_struct/chia/input/chia_text_full/NCT02022709.txt wurde erfolgreich geladen.
Die Daten wurden erfolgreich in '/work/eauten2s/ec_criteria_struct/chia/evaluate/eval_full_chia/model_output/Llama-3-70B-Instruct_0_shot_lct_prompt/output/Llama-3-70B-Instruct_NCT02022709_0_shot.txt' gespeichert.
File: NCT02034019 

Das File: /work/eauten2s/ec_criteria_struct/chia/input/chia_text_full/NCT02034019.txt wurde erfolgreich geladen.
Die Daten wurden erfolgreich in '/work/eauten2s/ec_criteria_struct/chia/evaluate/eval_full_chia/model_output/Llama-3-70B-Instruct_0_shot_lct_prompt/output/Llama-3-70B-Instruct_NCT02034019_0_shot.txt' gespeichert.
File: NCT02035800 

Das File: /work/eauten2s/ec_criteria_struct/chia/input/chia_text_full/NCT02035800.txt wurde erfolgreich geladen.
Die Daten wurden erfolgreich in '/work/eauten2s/ec_criteria_struct/chia/evaluate/eval_full_chia/model_output/Llama-3-70B-Instruct_0_shot_lct_prompt/output/Llama-3-70B-Instruct_NCT02035800_0_shot.txt' gespeichert.
File: NCT02035904 

Das File: /work/eauten2s/ec_criteria_struct/chia/input/chia_text_full/NCT02035904.txt wurde erfolgreich geladen.
Die Daten wurden erfolgreich in '/work/eauten2s/ec_criteria_struct/chia/evaluate/eval_full_chia/model_output/Llama-3-70B-Instruct_0_shot_lct_prompt/output/Llama-3-70B-Instruct_NCT02035904_0_shot.txt' gespeichert.
File: NCT02041299 

Das File: /work/eauten2s/ec_criteria_struct/chia/input/chia_text_full/NCT02041299.txt wurde erfolgreich geladen.
Die Daten wurden erfolgreich in '/work/eauten2s/ec_criteria_struct/chia/evaluate/eval_full_chia/model_output/Llama-3-70B-Instruct_0_shot_lct_prompt/output/Llama-3-70B-Instruct_NCT02041299_0_shot.txt' gespeichert.
File: NCT02042287 

Das File: /work/eauten2s/ec_criteria_struct/chia/input/chia_text_full/NCT02042287.txt wurde erfolgreich geladen.
Die Daten wurden erfolgreich in '/work/eauten2s/ec_criteria_struct/chia/evaluate/eval_full_chia/model_output/Llama-3-70B-Instruct_0_shot_lct_prompt/output/Llama-3-70B-Instruct_NCT02042287_0_shot.txt' gespeichert.
File: NCT02046395 

Das File: /work/eauten2s/ec_criteria_struct/chia/input/chia_text_full/NCT02046395.txt wurde erfolgreich geladen.
Die Daten wurden erfolgreich in '/work/eauten2s/ec_criteria_struct/chia/evaluate/eval_full_chia/model_output/Llama-3-70B-Instruct_0_shot_lct_prompt/output/Llama-3-70B-Instruct_NCT02046395_0_shot.txt' gespeichert.
File: NCT02053246 

Das File: /work/eauten2s/ec_criteria_struct/chia/input/chia_text_full/NCT02053246.txt wurde erfolgreich geladen.
Die Daten wurden erfolgreich in '/work/eauten2s/ec_criteria_struct/chia/evaluate/eval_full_chia/model_output/Llama-3-70B-Instruct_0_shot_lct_prompt/output/Llama-3-70B-Instruct_NCT02053246_0_shot.txt' gespeichert.
File: NCT02055053 

Das File: /work/eauten2s/ec_criteria_struct/chia/input/chia_text_full/NCT02055053.txt wurde erfolgreich geladen.
Die Daten wurden erfolgreich in '/work/eauten2s/ec_criteria_struct/chia/evaluate/eval_full_chia/model_output/Llama-3-70B-Instruct_0_shot_lct_prompt/output/Llama-3-70B-Instruct_NCT02055053_0_shot.txt' gespeichert.
File: NCT02056288 

Das File: /work/eauten2s/ec_criteria_struct/chia/input/chia_text_full/NCT02056288.txt wurde erfolgreich geladen.
Die Daten wurden erfolgreich in '/work/eauten2s/ec_criteria_struct/chia/evaluate/eval_full_chia/model_output/Llama-3-70B-Instruct_0_shot_lct_prompt/output/Llama-3-70B-Instruct_NCT02056288_0_shot.txt' gespeichert.
File: NCT02056301 

Das File: /work/eauten2s/ec_criteria_struct/chia/input/chia_text_full/NCT02056301.txt wurde erfolgreich geladen.
Die Daten wurden erfolgreich in '/work/eauten2s/ec_criteria_struct/chia/evaluate/eval_full_chia/model_output/Llama-3-70B-Instruct_0_shot_lct_prompt/output/Llama-3-70B-Instruct_NCT02056301_0_shot.txt' gespeichert.
File: NCT02056626 

Das File: /work/eauten2s/ec_criteria_struct/chia/input/chia_text_full/NCT02056626.txt wurde erfolgreich geladen.
Die Daten wurden erfolgreich in '/work/eauten2s/ec_criteria_struct/chia/evaluate/eval_full_chia/model_output/Llama-3-70B-Instruct_0_shot_lct_prompt/output/Llama-3-70B-Instruct_NCT02056626_0_shot.txt' gespeichert.
File: NCT02062489 

Das File: /work/eauten2s/ec_criteria_struct/chia/input/chia_text_full/NCT02062489.txt wurde erfolgreich geladen.
Die Daten wurden erfolgreich in '/work/eauten2s/ec_criteria_struct/chia/evaluate/eval_full_chia/model_output/Llama-3-70B-Instruct_0_shot_lct_prompt/output/Llama-3-70B-Instruct_NCT02062489_0_shot.txt' gespeichert.
File: NCT02068365 

Das File: /work/eauten2s/ec_criteria_struct/chia/input/chia_text_full/NCT02068365.txt wurde erfolgreich geladen.
Die Daten wurden erfolgreich in '/work/eauten2s/ec_criteria_struct/chia/evaluate/eval_full_chia/model_output/Llama-3-70B-Instruct_0_shot_lct_prompt/output/Llama-3-70B-Instruct_NCT02068365_0_shot.txt' gespeichert.
File: NCT02072811 

Das File: /work/eauten2s/ec_criteria_struct/chia/input/chia_text_full/NCT02072811.txt wurde erfolgreich geladen.
Die Daten wurden erfolgreich in '/work/eauten2s/ec_criteria_struct/chia/evaluate/eval_full_chia/model_output/Llama-3-70B-Instruct_0_shot_lct_prompt/output/Llama-3-70B-Instruct_NCT02072811_0_shot.txt' gespeichert.
File: NCT02077556 

Das File: /work/eauten2s/ec_criteria_struct/chia/input/chia_text_full/NCT02077556.txt wurde erfolgreich geladen.
Die Daten wurden erfolgreich in '/work/eauten2s/ec_criteria_struct/chia/evaluate/eval_full_chia/model_output/Llama-3-70B-Instruct_0_shot_lct_prompt/output/Llama-3-70B-Instruct_NCT02077556_0_shot.txt' gespeichert.
File: NCT02083991 

Das File: /work/eauten2s/ec_criteria_struct/chia/input/chia_text_full/NCT02083991.txt wurde erfolgreich geladen.
Die Daten wurden erfolgreich in '/work/eauten2s/ec_criteria_struct/chia/evaluate/eval_full_chia/model_output/Llama-3-70B-Instruct_0_shot_lct_prompt/output/Llama-3-70B-Instruct_NCT02083991_0_shot.txt' gespeichert.
File: NCT02092467 

Das File: /work/eauten2s/ec_criteria_struct/chia/input/chia_text_full/NCT02092467.txt wurde erfolgreich geladen.
Die Daten wurden erfolgreich in '/work/eauten2s/ec_criteria_struct/chia/evaluate/eval_full_chia/model_output/Llama-3-70B-Instruct_0_shot_lct_prompt/output/Llama-3-70B-Instruct_NCT02092467_0_shot.txt' gespeichert.
File: NCT02101554 

Das File: /work/eauten2s/ec_criteria_struct/chia/input/chia_text_full/NCT02101554.txt wurde erfolgreich geladen.
Die Daten wurden erfolgreich in '/work/eauten2s/ec_criteria_struct/chia/evaluate/eval_full_chia/model_output/Llama-3-70B-Instruct_0_shot_lct_prompt/output/Llama-3-70B-Instruct_NCT02101554_0_shot.txt' gespeichert.
File: NCT02102243 

Das File: /work/eauten2s/ec_criteria_struct/chia/input/chia_text_full/NCT02102243.txt wurde erfolgreich geladen.
Die Daten wurden erfolgreich in '/work/eauten2s/ec_criteria_struct/chia/evaluate/eval_full_chia/model_output/Llama-3-70B-Instruct_0_shot_lct_prompt/output/Llama-3-70B-Instruct_NCT02102243_0_shot.txt' gespeichert.
File: NCT02105090 

Das File: /work/eauten2s/ec_criteria_struct/chia/input/chia_text_full/NCT02105090.txt wurde erfolgreich geladen.
Die Daten wurden erfolgreich in '/work/eauten2s/ec_criteria_struct/chia/evaluate/eval_full_chia/model_output/Llama-3-70B-Instruct_0_shot_lct_prompt/output/Llama-3-70B-Instruct_NCT02105090_0_shot.txt' gespeichert.
File: NCT02106598 

Das File: /work/eauten2s/ec_criteria_struct/chia/input/chia_text_full/NCT02106598.txt wurde erfolgreich geladen.
Die Daten wurden erfolgreich in '/work/eauten2s/ec_criteria_struct/chia/evaluate/eval_full_chia/model_output/Llama-3-70B-Instruct_0_shot_lct_prompt/output/Llama-3-70B-Instruct_NCT02106598_0_shot.txt' gespeichert.
File: NCT02106624 

Das File: /work/eauten2s/ec_criteria_struct/chia/input/chia_text_full/NCT02106624.txt wurde erfolgreich geladen.
Die Daten wurden erfolgreich in '/work/eauten2s/ec_criteria_struct/chia/evaluate/eval_full_chia/model_output/Llama-3-70B-Instruct_0_shot_lct_prompt/output/Llama-3-70B-Instruct_NCT02106624_0_shot.txt' gespeichert.
File: NCT02109081 

Das File: /work/eauten2s/ec_criteria_struct/chia/input/chia_text_full/NCT02109081.txt wurde erfolgreich geladen.
Die Daten wurden erfolgreich in '/work/eauten2s/ec_criteria_struct/chia/evaluate/eval_full_chia/model_output/Llama-3-70B-Instruct_0_shot_lct_prompt/output/Llama-3-70B-Instruct_NCT02109081_0_shot.txt' gespeichert.
File: NCT02112734 

Das File: /work/eauten2s/ec_criteria_struct/chia/input/chia_text_full/NCT02112734.txt wurde erfolgreich geladen.
Die Daten wurden erfolgreich in '/work/eauten2s/ec_criteria_struct/chia/evaluate/eval_full_chia/model_output/Llama-3-70B-Instruct_0_shot_lct_prompt/output/Llama-3-70B-Instruct_NCT02112734_0_shot.txt' gespeichert.
File: NCT02117986 

Das File: /work/eauten2s/ec_criteria_struct/chia/input/chia_text_full/NCT02117986.txt wurde erfolgreich geladen.
Die Daten wurden erfolgreich in '/work/eauten2s/ec_criteria_struct/chia/evaluate/eval_full_chia/model_output/Llama-3-70B-Instruct_0_shot_lct_prompt/output/Llama-3-70B-Instruct_NCT02117986_0_shot.txt' gespeichert.
File: NCT02118467 

Das File: /work/eauten2s/ec_criteria_struct/chia/input/chia_text_full/NCT02118467.txt wurde erfolgreich geladen.
Die Daten wurden erfolgreich in '/work/eauten2s/ec_criteria_struct/chia/evaluate/eval_full_chia/model_output/Llama-3-70B-Instruct_0_shot_lct_prompt/output/Llama-3-70B-Instruct_NCT02118467_0_shot.txt' gespeichert.
File: NCT02121145 

Das File: /work/eauten2s/ec_criteria_struct/chia/input/chia_text_full/NCT02121145.txt wurde erfolgreich geladen.
Die Daten wurden erfolgreich in '/work/eauten2s/ec_criteria_struct/chia/evaluate/eval_full_chia/model_output/Llama-3-70B-Instruct_0_shot_lct_prompt/output/Llama-3-70B-Instruct_NCT02121145_0_shot.txt' gespeichert.
File: NCT02137369 

Das File: /work/eauten2s/ec_criteria_struct/chia/input/chia_text_full/NCT02137369.txt wurde erfolgreich geladen.
Die Daten wurden erfolgreich in '/work/eauten2s/ec_criteria_struct/chia/evaluate/eval_full_chia/model_output/Llama-3-70B-Instruct_0_shot_lct_prompt/output/Llama-3-70B-Instruct_NCT02137369_0_shot.txt' gespeichert.
File: NCT02137538 

Das File: /work/eauten2s/ec_criteria_struct/chia/input/chia_text_full/NCT02137538.txt wurde erfolgreich geladen.
Die Daten wurden erfolgreich in '/work/eauten2s/ec_criteria_struct/chia/evaluate/eval_full_chia/model_output/Llama-3-70B-Instruct_0_shot_lct_prompt/output/Llama-3-70B-Instruct_NCT02137538_0_shot.txt' gespeichert.
File: NCT02141061 

Das File: /work/eauten2s/ec_criteria_struct/chia/input/chia_text_full/NCT02141061.txt wurde erfolgreich geladen.
Die Daten wurden erfolgreich in '/work/eauten2s/ec_criteria_struct/chia/evaluate/eval_full_chia/model_output/Llama-3-70B-Instruct_0_shot_lct_prompt/output/Llama-3-70B-Instruct_NCT02141061_0_shot.txt' gespeichert.
File: NCT02145026 

Das File: /work/eauten2s/ec_criteria_struct/chia/input/chia_text_full/NCT02145026.txt wurde erfolgreich geladen.
Die Daten wurden erfolgreich in '/work/eauten2s/ec_criteria_struct/chia/evaluate/eval_full_chia/model_output/Llama-3-70B-Instruct_0_shot_lct_prompt/output/Llama-3-70B-Instruct_NCT02145026_0_shot.txt' gespeichert.
File: NCT02150590 

Das File: /work/eauten2s/ec_criteria_struct/chia/input/chia_text_full/NCT02150590.txt wurde erfolgreich geladen.
Die Daten wurden erfolgreich in '/work/eauten2s/ec_criteria_struct/chia/evaluate/eval_full_chia/model_output/Llama-3-70B-Instruct_0_shot_lct_prompt/output/Llama-3-70B-Instruct_NCT02150590_0_shot.txt' gespeichert.
File: NCT02152696 

Das File: /work/eauten2s/ec_criteria_struct/chia/input/chia_text_full/NCT02152696.txt wurde erfolgreich geladen.
Die Daten wurden erfolgreich in '/work/eauten2s/ec_criteria_struct/chia/evaluate/eval_full_chia/model_output/Llama-3-70B-Instruct_0_shot_lct_prompt/output/Llama-3-70B-Instruct_NCT02152696_0_shot.txt' gespeichert.
File: NCT02156999 

Das File: /work/eauten2s/ec_criteria_struct/chia/input/chia_text_full/NCT02156999.txt wurde erfolgreich geladen.
Die Daten wurden erfolgreich in '/work/eauten2s/ec_criteria_struct/chia/evaluate/eval_full_chia/model_output/Llama-3-70B-Instruct_0_shot_lct_prompt/output/Llama-3-70B-Instruct_NCT02156999_0_shot.txt' gespeichert.
File: NCT02162433 

Das File: /work/eauten2s/ec_criteria_struct/chia/input/chia_text_full/NCT02162433.txt wurde erfolgreich geladen.
Die Daten wurden erfolgreich in '/work/eauten2s/ec_criteria_struct/chia/evaluate/eval_full_chia/model_output/Llama-3-70B-Instruct_0_shot_lct_prompt/output/Llama-3-70B-Instruct_NCT02162433_0_shot.txt' gespeichert.
File: NCT02164734 

Das File: /work/eauten2s/ec_criteria_struct/chia/input/chia_text_full/NCT02164734.txt wurde erfolgreich geladen.
Die Daten wurden erfolgreich in '/work/eauten2s/ec_criteria_struct/chia/evaluate/eval_full_chia/model_output/Llama-3-70B-Instruct_0_shot_lct_prompt/output/Llama-3-70B-Instruct_NCT02164734_0_shot.txt' gespeichert.
File: NCT02167022 

Das File: /work/eauten2s/ec_criteria_struct/chia/input/chia_text_full/NCT02167022.txt wurde erfolgreich geladen.
Die Daten wurden erfolgreich in '/work/eauten2s/ec_criteria_struct/chia/evaluate/eval_full_chia/model_output/Llama-3-70B-Instruct_0_shot_lct_prompt/output/Llama-3-70B-Instruct_NCT02167022_0_shot.txt' gespeichert.
File: NCT02175186 

Das File: /work/eauten2s/ec_criteria_struct/chia/input/chia_text_full/NCT02175186.txt wurde erfolgreich geladen.
Die Daten wurden erfolgreich in '/work/eauten2s/ec_criteria_struct/chia/evaluate/eval_full_chia/model_output/Llama-3-70B-Instruct_0_shot_lct_prompt/output/Llama-3-70B-Instruct_NCT02175186_0_shot.txt' gespeichert.
File: NCT02186600 

Das File: /work/eauten2s/ec_criteria_struct/chia/input/chia_text_full/NCT02186600.txt wurde erfolgreich geladen.
Die Daten wurden erfolgreich in '/work/eauten2s/ec_criteria_struct/chia/evaluate/eval_full_chia/model_output/Llama-3-70B-Instruct_0_shot_lct_prompt/output/Llama-3-70B-Instruct_NCT02186600_0_shot.txt' gespeichert.
File: NCT02186782 

Das File: /work/eauten2s/ec_criteria_struct/chia/input/chia_text_full/NCT02186782.txt wurde erfolgreich geladen.
Die Daten wurden erfolgreich in '/work/eauten2s/ec_criteria_struct/chia/evaluate/eval_full_chia/model_output/Llama-3-70B-Instruct_0_shot_lct_prompt/output/Llama-3-70B-Instruct_NCT02186782_0_shot.txt' gespeichert.
File: NCT02195024 

Das File: /work/eauten2s/ec_criteria_struct/chia/input/chia_text_full/NCT02195024.txt wurde erfolgreich geladen.
Die Daten wurden erfolgreich in '/work/eauten2s/ec_criteria_struct/chia/evaluate/eval_full_chia/model_output/Llama-3-70B-Instruct_0_shot_lct_prompt/output/Llama-3-70B-Instruct_NCT02195024_0_shot.txt' gespeichert.
File: NCT02196285 

Das File: /work/eauten2s/ec_criteria_struct/chia/input/chia_text_full/NCT02196285.txt wurde erfolgreich geladen.
Die Daten wurden erfolgreich in '/work/eauten2s/ec_criteria_struct/chia/evaluate/eval_full_chia/model_output/Llama-3-70B-Instruct_0_shot_lct_prompt/output/Llama-3-70B-Instruct_NCT02196285_0_shot.txt' gespeichert.
File: NCT02200978 

Das File: /work/eauten2s/ec_criteria_struct/chia/input/chia_text_full/NCT02200978.txt wurde erfolgreich geladen.
Die Daten wurden erfolgreich in '/work/eauten2s/ec_criteria_struct/chia/evaluate/eval_full_chia/model_output/Llama-3-70B-Instruct_0_shot_lct_prompt/output/Llama-3-70B-Instruct_NCT02200978_0_shot.txt' gespeichert.
File: NCT02201316 

Das File: /work/eauten2s/ec_criteria_struct/chia/input/chia_text_full/NCT02201316.txt wurde erfolgreich geladen.
Die Daten wurden erfolgreich in '/work/eauten2s/ec_criteria_struct/chia/evaluate/eval_full_chia/model_output/Llama-3-70B-Instruct_0_shot_lct_prompt/output/Llama-3-70B-Instruct_NCT02201316_0_shot.txt' gespeichert.
File: NCT02202369 

Das File: /work/eauten2s/ec_criteria_struct/chia/input/chia_text_full/NCT02202369.txt wurde erfolgreich geladen.
Die Daten wurden erfolgreich in '/work/eauten2s/ec_criteria_struct/chia/evaluate/eval_full_chia/model_output/Llama-3-70B-Instruct_0_shot_lct_prompt/output/Llama-3-70B-Instruct_NCT02202369_0_shot.txt' gespeichert.
File: NCT02203019 

Das File: /work/eauten2s/ec_criteria_struct/chia/input/chia_text_full/NCT02203019.txt wurde erfolgreich geladen.
Die Daten wurden erfolgreich in '/work/eauten2s/ec_criteria_struct/chia/evaluate/eval_full_chia/model_output/Llama-3-70B-Instruct_0_shot_lct_prompt/output/Llama-3-70B-Instruct_NCT02203019_0_shot.txt' gespeichert.
File: NCT02205502 

Das File: /work/eauten2s/ec_criteria_struct/chia/input/chia_text_full/NCT02205502.txt wurde erfolgreich geladen.
Die Daten wurden erfolgreich in '/work/eauten2s/ec_criteria_struct/chia/evaluate/eval_full_chia/model_output/Llama-3-70B-Instruct_0_shot_lct_prompt/output/Llama-3-70B-Instruct_NCT02205502_0_shot.txt' gespeichert.
File: NCT02205931 

Das File: /work/eauten2s/ec_criteria_struct/chia/input/chia_text_full/NCT02205931.txt wurde erfolgreich geladen.
Die Daten wurden erfolgreich in '/work/eauten2s/ec_criteria_struct/chia/evaluate/eval_full_chia/model_output/Llama-3-70B-Instruct_0_shot_lct_prompt/output/Llama-3-70B-Instruct_NCT02205931_0_shot.txt' gespeichert.
File: NCT02208739 

Das File: /work/eauten2s/ec_criteria_struct/chia/input/chia_text_full/NCT02208739.txt wurde erfolgreich geladen.
Die Daten wurden erfolgreich in '/work/eauten2s/ec_criteria_struct/chia/evaluate/eval_full_chia/model_output/Llama-3-70B-Instruct_0_shot_lct_prompt/output/Llama-3-70B-Instruct_NCT02208739_0_shot.txt' gespeichert.
File: NCT02209545 

Das File: /work/eauten2s/ec_criteria_struct/chia/input/chia_text_full/NCT02209545.txt wurde erfolgreich geladen.
Die Daten wurden erfolgreich in '/work/eauten2s/ec_criteria_struct/chia/evaluate/eval_full_chia/model_output/Llama-3-70B-Instruct_0_shot_lct_prompt/output/Llama-3-70B-Instruct_NCT02209545_0_shot.txt' gespeichert.
File: NCT02219880 

Das File: /work/eauten2s/ec_criteria_struct/chia/input/chia_text_full/NCT02219880.txt wurde erfolgreich geladen.
Die Daten wurden erfolgreich in '/work/eauten2s/ec_criteria_struct/chia/evaluate/eval_full_chia/model_output/Llama-3-70B-Instruct_0_shot_lct_prompt/output/Llama-3-70B-Instruct_NCT02219880_0_shot.txt' gespeichert.
File: NCT02222272 

Das File: /work/eauten2s/ec_criteria_struct/chia/input/chia_text_full/NCT02222272.txt wurde erfolgreich geladen.
Die Daten wurden erfolgreich in '/work/eauten2s/ec_criteria_struct/chia/evaluate/eval_full_chia/model_output/Llama-3-70B-Instruct_0_shot_lct_prompt/output/Llama-3-70B-Instruct_NCT02222272_0_shot.txt' gespeichert.
File: NCT02224040 

Das File: /work/eauten2s/ec_criteria_struct/chia/input/chia_text_full/NCT02224040.txt wurde erfolgreich geladen.
Die Daten wurden erfolgreich in '/work/eauten2s/ec_criteria_struct/chia/evaluate/eval_full_chia/model_output/Llama-3-70B-Instruct_0_shot_lct_prompt/output/Llama-3-70B-Instruct_NCT02224040_0_shot.txt' gespeichert.
File: NCT02225548 

Das File: /work/eauten2s/ec_criteria_struct/chia/input/chia_text_full/NCT02225548.txt wurde erfolgreich geladen.
Die Daten wurden erfolgreich in '/work/eauten2s/ec_criteria_struct/chia/evaluate/eval_full_chia/model_output/Llama-3-70B-Instruct_0_shot_lct_prompt/output/Llama-3-70B-Instruct_NCT02225548_0_shot.txt' gespeichert.
File: NCT02226887 

Das File: /work/eauten2s/ec_criteria_struct/chia/input/chia_text_full/NCT02226887.txt wurde erfolgreich geladen.
Die Daten wurden erfolgreich in '/work/eauten2s/ec_criteria_struct/chia/evaluate/eval_full_chia/model_output/Llama-3-70B-Instruct_0_shot_lct_prompt/output/Llama-3-70B-Instruct_NCT02226887_0_shot.txt' gespeichert.
File: NCT02227992 

Das File: /work/eauten2s/ec_criteria_struct/chia/input/chia_text_full/NCT02227992.txt wurde erfolgreich geladen.
Die Daten wurden erfolgreich in '/work/eauten2s/ec_criteria_struct/chia/evaluate/eval_full_chia/model_output/Llama-3-70B-Instruct_0_shot_lct_prompt/output/Llama-3-70B-Instruct_NCT02227992_0_shot.txt' gespeichert.
File: NCT02231892 

Das File: /work/eauten2s/ec_criteria_struct/chia/input/chia_text_full/NCT02231892.txt wurde erfolgreich geladen.
Die Daten wurden erfolgreich in '/work/eauten2s/ec_criteria_struct/chia/evaluate/eval_full_chia/model_output/Llama-3-70B-Instruct_0_shot_lct_prompt/output/Llama-3-70B-Instruct_NCT02231892_0_shot.txt' gespeichert.
File: NCT02242188 

Das File: /work/eauten2s/ec_criteria_struct/chia/input/chia_text_full/NCT02242188.txt wurde erfolgreich geladen.
Die Daten wurden erfolgreich in '/work/eauten2s/ec_criteria_struct/chia/evaluate/eval_full_chia/model_output/Llama-3-70B-Instruct_0_shot_lct_prompt/output/Llama-3-70B-Instruct_NCT02242188_0_shot.txt' gespeichert.
File: NCT02243553 

Das File: /work/eauten2s/ec_criteria_struct/chia/input/chia_text_full/NCT02243553.txt wurde erfolgreich geladen.
Die Daten wurden erfolgreich in '/work/eauten2s/ec_criteria_struct/chia/evaluate/eval_full_chia/model_output/Llama-3-70B-Instruct_0_shot_lct_prompt/output/Llama-3-70B-Instruct_NCT02243553_0_shot.txt' gespeichert.
File: NCT02245256 

Das File: /work/eauten2s/ec_criteria_struct/chia/input/chia_text_full/NCT02245256.txt wurde erfolgreich geladen.
Die Daten wurden erfolgreich in '/work/eauten2s/ec_criteria_struct/chia/evaluate/eval_full_chia/model_output/Llama-3-70B-Instruct_0_shot_lct_prompt/output/Llama-3-70B-Instruct_NCT02245256_0_shot.txt' gespeichert.
File: NCT02247128 

Das File: /work/eauten2s/ec_criteria_struct/chia/input/chia_text_full/NCT02247128.txt wurde erfolgreich geladen.
Die Daten wurden erfolgreich in '/work/eauten2s/ec_criteria_struct/chia/evaluate/eval_full_chia/model_output/Llama-3-70B-Instruct_0_shot_lct_prompt/output/Llama-3-70B-Instruct_NCT02247128_0_shot.txt' gespeichert.
File: NCT02251249 

Das File: /work/eauten2s/ec_criteria_struct/chia/input/chia_text_full/NCT02251249.txt wurde erfolgreich geladen.
Die Daten wurden erfolgreich in '/work/eauten2s/ec_criteria_struct/chia/evaluate/eval_full_chia/model_output/Llama-3-70B-Instruct_0_shot_lct_prompt/output/Llama-3-70B-Instruct_NCT02251249_0_shot.txt' gespeichert.
File: NCT02254668 

Das File: /work/eauten2s/ec_criteria_struct/chia/input/chia_text_full/NCT02254668.txt wurde erfolgreich geladen.
Die Daten wurden erfolgreich in '/work/eauten2s/ec_criteria_struct/chia/evaluate/eval_full_chia/model_output/Llama-3-70B-Instruct_0_shot_lct_prompt/output/Llama-3-70B-Instruct_NCT02254668_0_shot.txt' gespeichert.
File: NCT02256943 

Das File: /work/eauten2s/ec_criteria_struct/chia/input/chia_text_full/NCT02256943.txt wurde erfolgreich geladen.
Die Daten wurden erfolgreich in '/work/eauten2s/ec_criteria_struct/chia/evaluate/eval_full_chia/model_output/Llama-3-70B-Instruct_0_shot_lct_prompt/output/Llama-3-70B-Instruct_NCT02256943_0_shot.txt' gespeichert.
File: NCT02256956 

Das File: /work/eauten2s/ec_criteria_struct/chia/input/chia_text_full/NCT02256956.txt wurde erfolgreich geladen.
Die Daten wurden erfolgreich in '/work/eauten2s/ec_criteria_struct/chia/evaluate/eval_full_chia/model_output/Llama-3-70B-Instruct_0_shot_lct_prompt/output/Llama-3-70B-Instruct_NCT02256956_0_shot.txt' gespeichert.
File: NCT02257580 

Das File: /work/eauten2s/ec_criteria_struct/chia/input/chia_text_full/NCT02257580.txt wurde erfolgreich geladen.
Die Daten wurden erfolgreich in '/work/eauten2s/ec_criteria_struct/chia/evaluate/eval_full_chia/model_output/Llama-3-70B-Instruct_0_shot_lct_prompt/output/Llama-3-70B-Instruct_NCT02257580_0_shot.txt' gespeichert.
File: NCT02260206 

Das File: /work/eauten2s/ec_criteria_struct/chia/input/chia_text_full/NCT02260206.txt wurde erfolgreich geladen.
Die Daten wurden erfolgreich in '/work/eauten2s/ec_criteria_struct/chia/evaluate/eval_full_chia/model_output/Llama-3-70B-Instruct_0_shot_lct_prompt/output/Llama-3-70B-Instruct_NCT02260206_0_shot.txt' gespeichert.
File: NCT02260700 

Das File: /work/eauten2s/ec_criteria_struct/chia/input/chia_text_full/NCT02260700.txt wurde erfolgreich geladen.
Die Daten wurden erfolgreich in '/work/eauten2s/ec_criteria_struct/chia/evaluate/eval_full_chia/model_output/Llama-3-70B-Instruct_0_shot_lct_prompt/output/Llama-3-70B-Instruct_NCT02260700_0_shot.txt' gespeichert.
File: NCT02267616 

Das File: /work/eauten2s/ec_criteria_struct/chia/input/chia_text_full/NCT02267616.txt wurde erfolgreich geladen.
Die Daten wurden erfolgreich in '/work/eauten2s/ec_criteria_struct/chia/evaluate/eval_full_chia/model_output/Llama-3-70B-Instruct_0_shot_lct_prompt/output/Llama-3-70B-Instruct_NCT02267616_0_shot.txt' gespeichert.
File: NCT02269137 

Das File: /work/eauten2s/ec_criteria_struct/chia/input/chia_text_full/NCT02269137.txt wurde erfolgreich geladen.
Die Daten wurden erfolgreich in '/work/eauten2s/ec_criteria_struct/chia/evaluate/eval_full_chia/model_output/Llama-3-70B-Instruct_0_shot_lct_prompt/output/Llama-3-70B-Instruct_NCT02269137_0_shot.txt' gespeichert.
File: NCT02270970 

Das File: /work/eauten2s/ec_criteria_struct/chia/input/chia_text_full/NCT02270970.txt wurde erfolgreich geladen.
Die Daten wurden erfolgreich in '/work/eauten2s/ec_criteria_struct/chia/evaluate/eval_full_chia/model_output/Llama-3-70B-Instruct_0_shot_lct_prompt/output/Llama-3-70B-Instruct_NCT02270970_0_shot.txt' gespeichert.
File: NCT02273791 

Das File: /work/eauten2s/ec_criteria_struct/chia/input/chia_text_full/NCT02273791.txt wurde erfolgreich geladen.
Die Daten wurden erfolgreich in '/work/eauten2s/ec_criteria_struct/chia/evaluate/eval_full_chia/model_output/Llama-3-70B-Instruct_0_shot_lct_prompt/output/Llama-3-70B-Instruct_NCT02273791_0_shot.txt' gespeichert.
File: NCT02277041 

Das File: /work/eauten2s/ec_criteria_struct/chia/input/chia_text_full/NCT02277041.txt wurde erfolgreich geladen.
Die Daten wurden erfolgreich in '/work/eauten2s/ec_criteria_struct/chia/evaluate/eval_full_chia/model_output/Llama-3-70B-Instruct_0_shot_lct_prompt/output/Llama-3-70B-Instruct_NCT02277041_0_shot.txt' gespeichert.
File: NCT02277067 

Das File: /work/eauten2s/ec_criteria_struct/chia/input/chia_text_full/NCT02277067.txt wurde erfolgreich geladen.
Die Daten wurden erfolgreich in '/work/eauten2s/ec_criteria_struct/chia/evaluate/eval_full_chia/model_output/Llama-3-70B-Instruct_0_shot_lct_prompt/output/Llama-3-70B-Instruct_NCT02277067_0_shot.txt' gespeichert.
File: NCT02281643 

Das File: /work/eauten2s/ec_criteria_struct/chia/input/chia_text_full/NCT02281643.txt wurde erfolgreich geladen.
Die Daten wurden erfolgreich in '/work/eauten2s/ec_criteria_struct/chia/evaluate/eval_full_chia/model_output/Llama-3-70B-Instruct_0_shot_lct_prompt/output/Llama-3-70B-Instruct_NCT02281643_0_shot.txt' gespeichert.
File: NCT02282319 

Das File: /work/eauten2s/ec_criteria_struct/chia/input/chia_text_full/NCT02282319.txt wurde erfolgreich geladen.
Die Daten wurden erfolgreich in '/work/eauten2s/ec_criteria_struct/chia/evaluate/eval_full_chia/model_output/Llama-3-70B-Instruct_0_shot_lct_prompt/output/Llama-3-70B-Instruct_NCT02282319_0_shot.txt' gespeichert.
File: NCT02283905 

Das File: /work/eauten2s/ec_criteria_struct/chia/input/chia_text_full/NCT02283905.txt wurde erfolgreich geladen.
Die Daten wurden erfolgreich in '/work/eauten2s/ec_criteria_struct/chia/evaluate/eval_full_chia/model_output/Llama-3-70B-Instruct_0_shot_lct_prompt/output/Llama-3-70B-Instruct_NCT02283905_0_shot.txt' gespeichert.
File: NCT02283996 

Das File: /work/eauten2s/ec_criteria_struct/chia/input/chia_text_full/NCT02283996.txt wurde erfolgreich geladen.
Die Daten wurden erfolgreich in '/work/eauten2s/ec_criteria_struct/chia/evaluate/eval_full_chia/model_output/Llama-3-70B-Instruct_0_shot_lct_prompt/output/Llama-3-70B-Instruct_NCT02283996_0_shot.txt' gespeichert.
File: NCT02284737 

Das File: /work/eauten2s/ec_criteria_struct/chia/input/chia_text_full/NCT02284737.txt wurde erfolgreich geladen.
Die Daten wurden erfolgreich in '/work/eauten2s/ec_criteria_struct/chia/evaluate/eval_full_chia/model_output/Llama-3-70B-Instruct_0_shot_lct_prompt/output/Llama-3-70B-Instruct_NCT02284737_0_shot.txt' gespeichert.
File: NCT02287259 

Das File: /work/eauten2s/ec_criteria_struct/chia/input/chia_text_full/NCT02287259.txt wurde erfolgreich geladen.
Die Daten wurden erfolgreich in '/work/eauten2s/ec_criteria_struct/chia/evaluate/eval_full_chia/model_output/Llama-3-70B-Instruct_0_shot_lct_prompt/output/Llama-3-70B-Instruct_NCT02287259_0_shot.txt' gespeichert.
File: NCT02295202 

Das File: /work/eauten2s/ec_criteria_struct/chia/input/chia_text_full/NCT02295202.txt wurde erfolgreich geladen.
Die Daten wurden erfolgreich in '/work/eauten2s/ec_criteria_struct/chia/evaluate/eval_full_chia/model_output/Llama-3-70B-Instruct_0_shot_lct_prompt/output/Llama-3-70B-Instruct_NCT02295202_0_shot.txt' gespeichert.
File: NCT02298504 

Das File: /work/eauten2s/ec_criteria_struct/chia/input/chia_text_full/NCT02298504.txt wurde erfolgreich geladen.
Die Daten wurden erfolgreich in '/work/eauten2s/ec_criteria_struct/chia/evaluate/eval_full_chia/model_output/Llama-3-70B-Instruct_0_shot_lct_prompt/output/Llama-3-70B-Instruct_NCT02298504_0_shot.txt' gespeichert.
File: NCT02299063 

Das File: /work/eauten2s/ec_criteria_struct/chia/input/chia_text_full/NCT02299063.txt wurde erfolgreich geladen.
Die Daten wurden erfolgreich in '/work/eauten2s/ec_criteria_struct/chia/evaluate/eval_full_chia/model_output/Llama-3-70B-Instruct_0_shot_lct_prompt/output/Llama-3-70B-Instruct_NCT02299063_0_shot.txt' gespeichert.
File: NCT02299947 

Das File: /work/eauten2s/ec_criteria_struct/chia/input/chia_text_full/NCT02299947.txt wurde erfolgreich geladen.
Die Daten wurden erfolgreich in '/work/eauten2s/ec_criteria_struct/chia/evaluate/eval_full_chia/model_output/Llama-3-70B-Instruct_0_shot_lct_prompt/output/Llama-3-70B-Instruct_NCT02299947_0_shot.txt' gespeichert.
File: NCT02301039 

Das File: /work/eauten2s/ec_criteria_struct/chia/input/chia_text_full/NCT02301039.txt wurde erfolgreich geladen.
Die Daten wurden erfolgreich in '/work/eauten2s/ec_criteria_struct/chia/evaluate/eval_full_chia/model_output/Llama-3-70B-Instruct_0_shot_lct_prompt/output/Llama-3-70B-Instruct_NCT02301039_0_shot.txt' gespeichert.
File: NCT02301962 

Das File: /work/eauten2s/ec_criteria_struct/chia/input/chia_text_full/NCT02301962.txt wurde erfolgreich geladen.
Die Daten wurden erfolgreich in '/work/eauten2s/ec_criteria_struct/chia/evaluate/eval_full_chia/model_output/Llama-3-70B-Instruct_0_shot_lct_prompt/output/Llama-3-70B-Instruct_NCT02301962_0_shot.txt' gespeichert.
File: NCT02303171 

Das File: /work/eauten2s/ec_criteria_struct/chia/input/chia_text_full/NCT02303171.txt wurde erfolgreich geladen.
Die Daten wurden erfolgreich in '/work/eauten2s/ec_criteria_struct/chia/evaluate/eval_full_chia/model_output/Llama-3-70B-Instruct_0_shot_lct_prompt/output/Llama-3-70B-Instruct_NCT02303171_0_shot.txt' gespeichert.
File: NCT02312076 

Das File: /work/eauten2s/ec_criteria_struct/chia/input/chia_text_full/NCT02312076.txt wurde erfolgreich geladen.
Die Daten wurden erfolgreich in '/work/eauten2s/ec_criteria_struct/chia/evaluate/eval_full_chia/model_output/Llama-3-70B-Instruct_0_shot_lct_prompt/output/Llama-3-70B-Instruct_NCT02312076_0_shot.txt' gespeichert.
File: NCT02312089 

Das File: /work/eauten2s/ec_criteria_struct/chia/input/chia_text_full/NCT02312089.txt wurde erfolgreich geladen.
Die Daten wurden erfolgreich in '/work/eauten2s/ec_criteria_struct/chia/evaluate/eval_full_chia/model_output/Llama-3-70B-Instruct_0_shot_lct_prompt/output/Llama-3-70B-Instruct_NCT02312089_0_shot.txt' gespeichert.
File: NCT02312960 

Das File: /work/eauten2s/ec_criteria_struct/chia/input/chia_text_full/NCT02312960.txt wurde erfolgreich geladen.
Die Daten wurden erfolgreich in '/work/eauten2s/ec_criteria_struct/chia/evaluate/eval_full_chia/model_output/Llama-3-70B-Instruct_0_shot_lct_prompt/output/Llama-3-70B-Instruct_NCT02312960_0_shot.txt' gespeichert.
File: NCT02314559 

Das File: /work/eauten2s/ec_criteria_struct/chia/input/chia_text_full/NCT02314559.txt wurde erfolgreich geladen.
Die Daten wurden erfolgreich in '/work/eauten2s/ec_criteria_struct/chia/evaluate/eval_full_chia/model_output/Llama-3-70B-Instruct_0_shot_lct_prompt/output/Llama-3-70B-Instruct_NCT02314559_0_shot.txt' gespeichert.
File: NCT02315287 

Das File: /work/eauten2s/ec_criteria_struct/chia/input/chia_text_full/NCT02315287.txt wurde erfolgreich geladen.
Die Daten wurden erfolgreich in '/work/eauten2s/ec_criteria_struct/chia/evaluate/eval_full_chia/model_output/Llama-3-70B-Instruct_0_shot_lct_prompt/output/Llama-3-70B-Instruct_NCT02315287_0_shot.txt' gespeichert.
File: NCT02316886 

Das File: /work/eauten2s/ec_criteria_struct/chia/input/chia_text_full/NCT02316886.txt wurde erfolgreich geladen.
Die Daten wurden erfolgreich in '/work/eauten2s/ec_criteria_struct/chia/evaluate/eval_full_chia/model_output/Llama-3-70B-Instruct_0_shot_lct_prompt/output/Llama-3-70B-Instruct_NCT02316886_0_shot.txt' gespeichert.
File: NCT02318446 

Das File: /work/eauten2s/ec_criteria_struct/chia/input/chia_text_full/NCT02318446.txt wurde erfolgreich geladen.
Die Daten wurden erfolgreich in '/work/eauten2s/ec_criteria_struct/chia/evaluate/eval_full_chia/model_output/Llama-3-70B-Instruct_0_shot_lct_prompt/output/Llama-3-70B-Instruct_NCT02318446_0_shot.txt' gespeichert.
File: NCT02321202 

Das File: /work/eauten2s/ec_criteria_struct/chia/input/chia_text_full/NCT02321202.txt wurde erfolgreich geladen.
Die Daten wurden erfolgreich in '/work/eauten2s/ec_criteria_struct/chia/evaluate/eval_full_chia/model_output/Llama-3-70B-Instruct_0_shot_lct_prompt/output/Llama-3-70B-Instruct_NCT02321202_0_shot.txt' gespeichert.
File: NCT02321839 

Das File: /work/eauten2s/ec_criteria_struct/chia/input/chia_text_full/NCT02321839.txt wurde erfolgreich geladen.
Die Daten wurden erfolgreich in '/work/eauten2s/ec_criteria_struct/chia/evaluate/eval_full_chia/model_output/Llama-3-70B-Instruct_0_shot_lct_prompt/output/Llama-3-70B-Instruct_NCT02321839_0_shot.txt' gespeichert.
File: NCT02322203 

Das File: /work/eauten2s/ec_criteria_struct/chia/input/chia_text_full/NCT02322203.txt wurde erfolgreich geladen.
Die Daten wurden erfolgreich in '/work/eauten2s/ec_criteria_struct/chia/evaluate/eval_full_chia/model_output/Llama-3-70B-Instruct_0_shot_lct_prompt/output/Llama-3-70B-Instruct_NCT02322203_0_shot.txt' gespeichert.
File: NCT02323399 

Das File: /work/eauten2s/ec_criteria_struct/chia/input/chia_text_full/NCT02323399.txt wurde erfolgreich geladen.
Die Daten wurden erfolgreich in '/work/eauten2s/ec_criteria_struct/chia/evaluate/eval_full_chia/model_output/Llama-3-70B-Instruct_0_shot_lct_prompt/output/Llama-3-70B-Instruct_NCT02323399_0_shot.txt' gespeichert.
File: NCT02330705 

Das File: /work/eauten2s/ec_criteria_struct/chia/input/chia_text_full/NCT02330705.txt wurde erfolgreich geladen.
Die Daten wurden erfolgreich in '/work/eauten2s/ec_criteria_struct/chia/evaluate/eval_full_chia/model_output/Llama-3-70B-Instruct_0_shot_lct_prompt/output/Llama-3-70B-Instruct_NCT02330705_0_shot.txt' gespeichert.
File: NCT02330757 

Das File: /work/eauten2s/ec_criteria_struct/chia/input/chia_text_full/NCT02330757.txt wurde erfolgreich geladen.
Die Daten wurden erfolgreich in '/work/eauten2s/ec_criteria_struct/chia/evaluate/eval_full_chia/model_output/Llama-3-70B-Instruct_0_shot_lct_prompt/output/Llama-3-70B-Instruct_NCT02330757_0_shot.txt' gespeichert.
File: NCT02332291 

Das File: /work/eauten2s/ec_criteria_struct/chia/input/chia_text_full/NCT02332291.txt wurde erfolgreich geladen.
Die Daten wurden erfolgreich in '/work/eauten2s/ec_criteria_struct/chia/evaluate/eval_full_chia/model_output/Llama-3-70B-Instruct_0_shot_lct_prompt/output/Llama-3-70B-Instruct_NCT02332291_0_shot.txt' gespeichert.
File: NCT02334631 

Das File: /work/eauten2s/ec_criteria_struct/chia/input/chia_text_full/NCT02334631.txt wurde erfolgreich geladen.
Die Daten wurden erfolgreich in '/work/eauten2s/ec_criteria_struct/chia/evaluate/eval_full_chia/model_output/Llama-3-70B-Instruct_0_shot_lct_prompt/output/Llama-3-70B-Instruct_NCT02334631_0_shot.txt' gespeichert.
File: NCT02334722 

Das File: /work/eauten2s/ec_criteria_struct/chia/input/chia_text_full/NCT02334722.txt wurde erfolgreich geladen.
Die Daten wurden erfolgreich in '/work/eauten2s/ec_criteria_struct/chia/evaluate/eval_full_chia/model_output/Llama-3-70B-Instruct_0_shot_lct_prompt/output/Llama-3-70B-Instruct_NCT02334722_0_shot.txt' gespeichert.
File: NCT02337764 

Das File: /work/eauten2s/ec_criteria_struct/chia/input/chia_text_full/NCT02337764.txt wurde erfolgreich geladen.
Die Daten wurden erfolgreich in '/work/eauten2s/ec_criteria_struct/chia/evaluate/eval_full_chia/model_output/Llama-3-70B-Instruct_0_shot_lct_prompt/output/Llama-3-70B-Instruct_NCT02337764_0_shot.txt' gespeichert.
File: NCT02339844 

Das File: /work/eauten2s/ec_criteria_struct/chia/input/chia_text_full/NCT02339844.txt wurde erfolgreich geladen.
Die Daten wurden erfolgreich in '/work/eauten2s/ec_criteria_struct/chia/evaluate/eval_full_chia/model_output/Llama-3-70B-Instruct_0_shot_lct_prompt/output/Llama-3-70B-Instruct_NCT02339844_0_shot.txt' gespeichert.
File: NCT02339974 

Das File: /work/eauten2s/ec_criteria_struct/chia/input/chia_text_full/NCT02339974.txt wurde erfolgreich geladen.
Die Daten wurden erfolgreich in '/work/eauten2s/ec_criteria_struct/chia/evaluate/eval_full_chia/model_output/Llama-3-70B-Instruct_0_shot_lct_prompt/output/Llama-3-70B-Instruct_NCT02339974_0_shot.txt' gespeichert.
File: NCT02340169 

Das File: /work/eauten2s/ec_criteria_struct/chia/input/chia_text_full/NCT02340169.txt wurde erfolgreich geladen.
Die Daten wurden erfolgreich in '/work/eauten2s/ec_criteria_struct/chia/evaluate/eval_full_chia/model_output/Llama-3-70B-Instruct_0_shot_lct_prompt/output/Llama-3-70B-Instruct_NCT02340169_0_shot.txt' gespeichert.
File: NCT02344888 

Das File: /work/eauten2s/ec_criteria_struct/chia/input/chia_text_full/NCT02344888.txt wurde erfolgreich geladen.
Die Daten wurden erfolgreich in '/work/eauten2s/ec_criteria_struct/chia/evaluate/eval_full_chia/model_output/Llama-3-70B-Instruct_0_shot_lct_prompt/output/Llama-3-70B-Instruct_NCT02344888_0_shot.txt' gespeichert.
File: NCT02348918 

Das File: /work/eauten2s/ec_criteria_struct/chia/input/chia_text_full/NCT02348918.txt wurde erfolgreich geladen.
Die Daten wurden erfolgreich in '/work/eauten2s/ec_criteria_struct/chia/evaluate/eval_full_chia/model_output/Llama-3-70B-Instruct_0_shot_lct_prompt/output/Llama-3-70B-Instruct_NCT02348918_0_shot.txt' gespeichert.
File: NCT02350439 

Das File: /work/eauten2s/ec_criteria_struct/chia/input/chia_text_full/NCT02350439.txt wurde erfolgreich geladen.
Die Daten wurden erfolgreich in '/work/eauten2s/ec_criteria_struct/chia/evaluate/eval_full_chia/model_output/Llama-3-70B-Instruct_0_shot_lct_prompt/output/Llama-3-70B-Instruct_NCT02350439_0_shot.txt' gespeichert.
File: NCT02357654 

Das File: /work/eauten2s/ec_criteria_struct/chia/input/chia_text_full/NCT02357654.txt wurde erfolgreich geladen.
Die Daten wurden erfolgreich in '/work/eauten2s/ec_criteria_struct/chia/evaluate/eval_full_chia/model_output/Llama-3-70B-Instruct_0_shot_lct_prompt/output/Llama-3-70B-Instruct_NCT02357654_0_shot.txt' gespeichert.
File: NCT02360631 

Das File: /work/eauten2s/ec_criteria_struct/chia/input/chia_text_full/NCT02360631.txt wurde erfolgreich geladen.
Die Daten wurden erfolgreich in '/work/eauten2s/ec_criteria_struct/chia/evaluate/eval_full_chia/model_output/Llama-3-70B-Instruct_0_shot_lct_prompt/output/Llama-3-70B-Instruct_NCT02360631_0_shot.txt' gespeichert.
File: NCT02361892 

Das File: /work/eauten2s/ec_criteria_struct/chia/input/chia_text_full/NCT02361892.txt wurde erfolgreich geladen.
Die Daten wurden erfolgreich in '/work/eauten2s/ec_criteria_struct/chia/evaluate/eval_full_chia/model_output/Llama-3-70B-Instruct_0_shot_lct_prompt/output/Llama-3-70B-Instruct_NCT02361892_0_shot.txt' gespeichert.
File: NCT02361905 

Das File: /work/eauten2s/ec_criteria_struct/chia/input/chia_text_full/NCT02361905.txt wurde erfolgreich geladen.
Die Daten wurden erfolgreich in '/work/eauten2s/ec_criteria_struct/chia/evaluate/eval_full_chia/model_output/Llama-3-70B-Instruct_0_shot_lct_prompt/output/Llama-3-70B-Instruct_NCT02361905_0_shot.txt' gespeichert.
File: NCT02364648 

Das File: /work/eauten2s/ec_criteria_struct/chia/input/chia_text_full/NCT02364648.txt wurde erfolgreich geladen.
Die Daten wurden erfolgreich in '/work/eauten2s/ec_criteria_struct/chia/evaluate/eval_full_chia/model_output/Llama-3-70B-Instruct_0_shot_lct_prompt/output/Llama-3-70B-Instruct_NCT02364648_0_shot.txt' gespeichert.
File: NCT02365870 

Das File: /work/eauten2s/ec_criteria_struct/chia/input/chia_text_full/NCT02365870.txt wurde erfolgreich geladen.
Die Daten wurden erfolgreich in '/work/eauten2s/ec_criteria_struct/chia/evaluate/eval_full_chia/model_output/Llama-3-70B-Instruct_0_shot_lct_prompt/output/Llama-3-70B-Instruct_NCT02365870_0_shot.txt' gespeichert.
File: NCT02366819 

Das File: /work/eauten2s/ec_criteria_struct/chia/input/chia_text_full/NCT02366819.txt wurde erfolgreich geladen.
Die Daten wurden erfolgreich in '/work/eauten2s/ec_criteria_struct/chia/evaluate/eval_full_chia/model_output/Llama-3-70B-Instruct_0_shot_lct_prompt/output/Llama-3-70B-Instruct_NCT02366819_0_shot.txt' gespeichert.
File: NCT02368743 

Das File: /work/eauten2s/ec_criteria_struct/chia/input/chia_text_full/NCT02368743.txt wurde erfolgreich geladen.
Die Daten wurden erfolgreich in '/work/eauten2s/ec_criteria_struct/chia/evaluate/eval_full_chia/model_output/Llama-3-70B-Instruct_0_shot_lct_prompt/output/Llama-3-70B-Instruct_NCT02368743_0_shot.txt' gespeichert.
File: NCT02369211 

Das File: /work/eauten2s/ec_criteria_struct/chia/input/chia_text_full/NCT02369211.txt wurde erfolgreich geladen.
Die Daten wurden erfolgreich in '/work/eauten2s/ec_criteria_struct/chia/evaluate/eval_full_chia/model_output/Llama-3-70B-Instruct_0_shot_lct_prompt/output/Llama-3-70B-Instruct_NCT02369211_0_shot.txt' gespeichert.
File: NCT02370069 

Das File: /work/eauten2s/ec_criteria_struct/chia/input/chia_text_full/NCT02370069.txt wurde erfolgreich geladen.
Die Daten wurden erfolgreich in '/work/eauten2s/ec_criteria_struct/chia/evaluate/eval_full_chia/model_output/Llama-3-70B-Instruct_0_shot_lct_prompt/output/Llama-3-70B-Instruct_NCT02370069_0_shot.txt' gespeichert.
File: NCT02371200 

Das File: /work/eauten2s/ec_criteria_struct/chia/input/chia_text_full/NCT02371200.txt wurde erfolgreich geladen.
Die Daten wurden erfolgreich in '/work/eauten2s/ec_criteria_struct/chia/evaluate/eval_full_chia/model_output/Llama-3-70B-Instruct_0_shot_lct_prompt/output/Llama-3-70B-Instruct_NCT02371200_0_shot.txt' gespeichert.
File: NCT02375295 

Das File: /work/eauten2s/ec_criteria_struct/chia/input/chia_text_full/NCT02375295.txt wurde erfolgreich geladen.
Die Daten wurden erfolgreich in '/work/eauten2s/ec_criteria_struct/chia/evaluate/eval_full_chia/model_output/Llama-3-70B-Instruct_0_shot_lct_prompt/output/Llama-3-70B-Instruct_NCT02375295_0_shot.txt' gespeichert.
File: NCT02379156 

Das File: /work/eauten2s/ec_criteria_struct/chia/input/chia_text_full/NCT02379156.txt wurde erfolgreich geladen.
Die Daten wurden erfolgreich in '/work/eauten2s/ec_criteria_struct/chia/evaluate/eval_full_chia/model_output/Llama-3-70B-Instruct_0_shot_lct_prompt/output/Llama-3-70B-Instruct_NCT02379156_0_shot.txt' gespeichert.
File: NCT02380118 

Das File: /work/eauten2s/ec_criteria_struct/chia/input/chia_text_full/NCT02380118.txt wurde erfolgreich geladen.
Die Daten wurden erfolgreich in '/work/eauten2s/ec_criteria_struct/chia/evaluate/eval_full_chia/model_output/Llama-3-70B-Instruct_0_shot_lct_prompt/output/Llama-3-70B-Instruct_NCT02380118_0_shot.txt' gespeichert.
File: NCT02384850 

Das File: /work/eauten2s/ec_criteria_struct/chia/input/chia_text_full/NCT02384850.txt wurde erfolgreich geladen.
Die Daten wurden erfolgreich in '/work/eauten2s/ec_criteria_struct/chia/evaluate/eval_full_chia/model_output/Llama-3-70B-Instruct_0_shot_lct_prompt/output/Llama-3-70B-Instruct_NCT02384850_0_shot.txt' gespeichert.
File: NCT02385045 

Das File: /work/eauten2s/ec_criteria_struct/chia/input/chia_text_full/NCT02385045.txt wurde erfolgreich geladen.
Die Daten wurden erfolgreich in '/work/eauten2s/ec_criteria_struct/chia/evaluate/eval_full_chia/model_output/Llama-3-70B-Instruct_0_shot_lct_prompt/output/Llama-3-70B-Instruct_NCT02385045_0_shot.txt' gespeichert.
File: NCT02385448 

Das File: /work/eauten2s/ec_criteria_struct/chia/input/chia_text_full/NCT02385448.txt wurde erfolgreich geladen.
Die Daten wurden erfolgreich in '/work/eauten2s/ec_criteria_struct/chia/evaluate/eval_full_chia/model_output/Llama-3-70B-Instruct_0_shot_lct_prompt/output/Llama-3-70B-Instruct_NCT02385448_0_shot.txt' gespeichert.
File: NCT02386800 

Das File: /work/eauten2s/ec_criteria_struct/chia/input/chia_text_full/NCT02386800.txt wurde erfolgreich geladen.
Die Daten wurden erfolgreich in '/work/eauten2s/ec_criteria_struct/chia/evaluate/eval_full_chia/model_output/Llama-3-70B-Instruct_0_shot_lct_prompt/output/Llama-3-70B-Instruct_NCT02386800_0_shot.txt' gespeichert.
File: NCT02390973 

Das File: /work/eauten2s/ec_criteria_struct/chia/input/chia_text_full/NCT02390973.txt wurde erfolgreich geladen.
Die Daten wurden erfolgreich in '/work/eauten2s/ec_criteria_struct/chia/evaluate/eval_full_chia/model_output/Llama-3-70B-Instruct_0_shot_lct_prompt/output/Llama-3-70B-Instruct_NCT02390973_0_shot.txt' gespeichert.
File: NCT02393287 

Das File: /work/eauten2s/ec_criteria_struct/chia/input/chia_text_full/NCT02393287.txt wurde erfolgreich geladen.
Die Daten wurden erfolgreich in '/work/eauten2s/ec_criteria_struct/chia/evaluate/eval_full_chia/model_output/Llama-3-70B-Instruct_0_shot_lct_prompt/output/Llama-3-70B-Instruct_NCT02393287_0_shot.txt' gespeichert.
File: NCT02394158 

Das File: /work/eauten2s/ec_criteria_struct/chia/input/chia_text_full/NCT02394158.txt wurde erfolgreich geladen.
Die Daten wurden erfolgreich in '/work/eauten2s/ec_criteria_struct/chia/evaluate/eval_full_chia/model_output/Llama-3-70B-Instruct_0_shot_lct_prompt/output/Llama-3-70B-Instruct_NCT02394158_0_shot.txt' gespeichert.
File: NCT02396420 

Das File: /work/eauten2s/ec_criteria_struct/chia/input/chia_text_full/NCT02396420.txt wurde erfolgreich geladen.
Die Daten wurden erfolgreich in '/work/eauten2s/ec_criteria_struct/chia/evaluate/eval_full_chia/model_output/Llama-3-70B-Instruct_0_shot_lct_prompt/output/Llama-3-70B-Instruct_NCT02396420_0_shot.txt' gespeichert.
File: NCT02396732 

Das File: /work/eauten2s/ec_criteria_struct/chia/input/chia_text_full/NCT02396732.txt wurde erfolgreich geladen.
Die Daten wurden erfolgreich in '/work/eauten2s/ec_criteria_struct/chia/evaluate/eval_full_chia/model_output/Llama-3-70B-Instruct_0_shot_lct_prompt/output/Llama-3-70B-Instruct_NCT02396732_0_shot.txt' gespeichert.
File: NCT02399033 

Das File: /work/eauten2s/ec_criteria_struct/chia/input/chia_text_full/NCT02399033.txt wurde erfolgreich geladen.
Die Daten wurden erfolgreich in '/work/eauten2s/ec_criteria_struct/chia/evaluate/eval_full_chia/model_output/Llama-3-70B-Instruct_0_shot_lct_prompt/output/Llama-3-70B-Instruct_NCT02399033_0_shot.txt' gespeichert.
File: NCT02406495 

Das File: /work/eauten2s/ec_criteria_struct/chia/input/chia_text_full/NCT02406495.txt wurde erfolgreich geladen.
Die Daten wurden erfolgreich in '/work/eauten2s/ec_criteria_struct/chia/evaluate/eval_full_chia/model_output/Llama-3-70B-Instruct_0_shot_lct_prompt/output/Llama-3-70B-Instruct_NCT02406495_0_shot.txt' gespeichert.
File: NCT02406885 

Das File: /work/eauten2s/ec_criteria_struct/chia/input/chia_text_full/NCT02406885.txt wurde erfolgreich geladen.
Die Daten wurden erfolgreich in '/work/eauten2s/ec_criteria_struct/chia/evaluate/eval_full_chia/model_output/Llama-3-70B-Instruct_0_shot_lct_prompt/output/Llama-3-70B-Instruct_NCT02406885_0_shot.txt' gespeichert.
File: NCT02408120 

Das File: /work/eauten2s/ec_criteria_struct/chia/input/chia_text_full/NCT02408120.txt wurde erfolgreich geladen.
Die Daten wurden erfolgreich in '/work/eauten2s/ec_criteria_struct/chia/evaluate/eval_full_chia/model_output/Llama-3-70B-Instruct_0_shot_lct_prompt/output/Llama-3-70B-Instruct_NCT02408120_0_shot.txt' gespeichert.
File: NCT02413970 

Das File: /work/eauten2s/ec_criteria_struct/chia/input/chia_text_full/NCT02413970.txt wurde erfolgreich geladen.
Die Daten wurden erfolgreich in '/work/eauten2s/ec_criteria_struct/chia/evaluate/eval_full_chia/model_output/Llama-3-70B-Instruct_0_shot_lct_prompt/output/Llama-3-70B-Instruct_NCT02413970_0_shot.txt' gespeichert.
File: NCT02414399 

Das File: /work/eauten2s/ec_criteria_struct/chia/input/chia_text_full/NCT02414399.txt wurde erfolgreich geladen.
Die Daten wurden erfolgreich in '/work/eauten2s/ec_criteria_struct/chia/evaluate/eval_full_chia/model_output/Llama-3-70B-Instruct_0_shot_lct_prompt/output/Llama-3-70B-Instruct_NCT02414399_0_shot.txt' gespeichert.
File: NCT02415257 

Das File: /work/eauten2s/ec_criteria_struct/chia/input/chia_text_full/NCT02415257.txt wurde erfolgreich geladen.
Die Daten wurden erfolgreich in '/work/eauten2s/ec_criteria_struct/chia/evaluate/eval_full_chia/model_output/Llama-3-70B-Instruct_0_shot_lct_prompt/output/Llama-3-70B-Instruct_NCT02415257_0_shot.txt' gespeichert.
File: NCT02416765 

Das File: /work/eauten2s/ec_criteria_struct/chia/input/chia_text_full/NCT02416765.txt wurde erfolgreich geladen.
Die Daten wurden erfolgreich in '/work/eauten2s/ec_criteria_struct/chia/evaluate/eval_full_chia/model_output/Llama-3-70B-Instruct_0_shot_lct_prompt/output/Llama-3-70B-Instruct_NCT02416765_0_shot.txt' gespeichert.
File: NCT02416869 

Das File: /work/eauten2s/ec_criteria_struct/chia/input/chia_text_full/NCT02416869.txt wurde erfolgreich geladen.
Die Daten wurden erfolgreich in '/work/eauten2s/ec_criteria_struct/chia/evaluate/eval_full_chia/model_output/Llama-3-70B-Instruct_0_shot_lct_prompt/output/Llama-3-70B-Instruct_NCT02416869_0_shot.txt' gespeichert.
File: NCT02419378 

Das File: /work/eauten2s/ec_criteria_struct/chia/input/chia_text_full/NCT02419378.txt wurde erfolgreich geladen.
Die Daten wurden erfolgreich in '/work/eauten2s/ec_criteria_struct/chia/evaluate/eval_full_chia/model_output/Llama-3-70B-Instruct_0_shot_lct_prompt/output/Llama-3-70B-Instruct_NCT02419378_0_shot.txt' gespeichert.
File: NCT02420015 

Das File: /work/eauten2s/ec_criteria_struct/chia/input/chia_text_full/NCT02420015.txt wurde erfolgreich geladen.
Die Daten wurden erfolgreich in '/work/eauten2s/ec_criteria_struct/chia/evaluate/eval_full_chia/model_output/Llama-3-70B-Instruct_0_shot_lct_prompt/output/Llama-3-70B-Instruct_NCT02420015_0_shot.txt' gespeichert.
File: NCT02425774 

Das File: /work/eauten2s/ec_criteria_struct/chia/input/chia_text_full/NCT02425774.txt wurde erfolgreich geladen.
Die Daten wurden erfolgreich in '/work/eauten2s/ec_criteria_struct/chia/evaluate/eval_full_chia/model_output/Llama-3-70B-Instruct_0_shot_lct_prompt/output/Llama-3-70B-Instruct_NCT02425774_0_shot.txt' gespeichert.
File: NCT02426034 

Das File: /work/eauten2s/ec_criteria_struct/chia/input/chia_text_full/NCT02426034.txt wurde erfolgreich geladen.
Die Daten wurden erfolgreich in '/work/eauten2s/ec_criteria_struct/chia/evaluate/eval_full_chia/model_output/Llama-3-70B-Instruct_0_shot_lct_prompt/output/Llama-3-70B-Instruct_NCT02426034_0_shot.txt' gespeichert.
File: NCT02426944 

Das File: /work/eauten2s/ec_criteria_struct/chia/input/chia_text_full/NCT02426944.txt wurde erfolgreich geladen.
Die Daten wurden erfolgreich in '/work/eauten2s/ec_criteria_struct/chia/evaluate/eval_full_chia/model_output/Llama-3-70B-Instruct_0_shot_lct_prompt/output/Llama-3-70B-Instruct_NCT02426944_0_shot.txt' gespeichert.
File: NCT02427295 

Das File: /work/eauten2s/ec_criteria_struct/chia/input/chia_text_full/NCT02427295.txt wurde erfolgreich geladen.
Die Daten wurden erfolgreich in '/work/eauten2s/ec_criteria_struct/chia/evaluate/eval_full_chia/model_output/Llama-3-70B-Instruct_0_shot_lct_prompt/output/Llama-3-70B-Instruct_NCT02427295_0_shot.txt' gespeichert.
File: NCT02429583 

Das File: /work/eauten2s/ec_criteria_struct/chia/input/chia_text_full/NCT02429583.txt wurde erfolgreich geladen.
Die Daten wurden erfolgreich in '/work/eauten2s/ec_criteria_struct/chia/evaluate/eval_full_chia/model_output/Llama-3-70B-Instruct_0_shot_lct_prompt/output/Llama-3-70B-Instruct_NCT02429583_0_shot.txt' gespeichert.
File: NCT02429765 

Das File: /work/eauten2s/ec_criteria_struct/chia/input/chia_text_full/NCT02429765.txt wurde erfolgreich geladen.
Die Daten wurden erfolgreich in '/work/eauten2s/ec_criteria_struct/chia/evaluate/eval_full_chia/model_output/Llama-3-70B-Instruct_0_shot_lct_prompt/output/Llama-3-70B-Instruct_NCT02429765_0_shot.txt' gespeichert.
File: NCT02430740 

Das File: /work/eauten2s/ec_criteria_struct/chia/input/chia_text_full/NCT02430740.txt wurde erfolgreich geladen.
Die Daten wurden erfolgreich in '/work/eauten2s/ec_criteria_struct/chia/evaluate/eval_full_chia/model_output/Llama-3-70B-Instruct_0_shot_lct_prompt/output/Llama-3-70B-Instruct_NCT02430740_0_shot.txt' gespeichert.
File: NCT02431442 

Das File: /work/eauten2s/ec_criteria_struct/chia/input/chia_text_full/NCT02431442.txt wurde erfolgreich geladen.
Die Daten wurden erfolgreich in '/work/eauten2s/ec_criteria_struct/chia/evaluate/eval_full_chia/model_output/Llama-3-70B-Instruct_0_shot_lct_prompt/output/Llama-3-70B-Instruct_NCT02431442_0_shot.txt' gespeichert.
File: NCT02431559 

Das File: /work/eauten2s/ec_criteria_struct/chia/input/chia_text_full/NCT02431559.txt wurde erfolgreich geladen.
Die Daten wurden erfolgreich in '/work/eauten2s/ec_criteria_struct/chia/evaluate/eval_full_chia/model_output/Llama-3-70B-Instruct_0_shot_lct_prompt/output/Llama-3-70B-Instruct_NCT02431559_0_shot.txt' gespeichert.
File: NCT02432404 

Das File: /work/eauten2s/ec_criteria_struct/chia/input/chia_text_full/NCT02432404.txt wurde erfolgreich geladen.
Die Daten wurden erfolgreich in '/work/eauten2s/ec_criteria_struct/chia/evaluate/eval_full_chia/model_output/Llama-3-70B-Instruct_0_shot_lct_prompt/output/Llama-3-70B-Instruct_NCT02432404_0_shot.txt' gespeichert.
File: NCT02437045 

Das File: /work/eauten2s/ec_criteria_struct/chia/input/chia_text_full/NCT02437045.txt wurde erfolgreich geladen.
Die Daten wurden erfolgreich in '/work/eauten2s/ec_criteria_struct/chia/evaluate/eval_full_chia/model_output/Llama-3-70B-Instruct_0_shot_lct_prompt/output/Llama-3-70B-Instruct_NCT02437045_0_shot.txt' gespeichert.
File: NCT02437084 

Das File: /work/eauten2s/ec_criteria_struct/chia/input/chia_text_full/NCT02437084.txt wurde erfolgreich geladen.
Die Daten wurden erfolgreich in '/work/eauten2s/ec_criteria_struct/chia/evaluate/eval_full_chia/model_output/Llama-3-70B-Instruct_0_shot_lct_prompt/output/Llama-3-70B-Instruct_NCT02437084_0_shot.txt' gespeichert.
File: NCT02441179 

Das File: /work/eauten2s/ec_criteria_struct/chia/input/chia_text_full/NCT02441179.txt wurde erfolgreich geladen.
Die Daten wurden erfolgreich in '/work/eauten2s/ec_criteria_struct/chia/evaluate/eval_full_chia/model_output/Llama-3-70B-Instruct_0_shot_lct_prompt/output/Llama-3-70B-Instruct_NCT02441179_0_shot.txt' gespeichert.
File: NCT02443623 

Das File: /work/eauten2s/ec_criteria_struct/chia/input/chia_text_full/NCT02443623.txt wurde erfolgreich geladen.
Die Daten wurden erfolgreich in '/work/eauten2s/ec_criteria_struct/chia/evaluate/eval_full_chia/model_output/Llama-3-70B-Instruct_0_shot_lct_prompt/output/Llama-3-70B-Instruct_NCT02443623_0_shot.txt' gespeichert.
File: NCT02443844 

Das File: /work/eauten2s/ec_criteria_struct/chia/input/chia_text_full/NCT02443844.txt wurde erfolgreich geladen.
Die Daten wurden erfolgreich in '/work/eauten2s/ec_criteria_struct/chia/evaluate/eval_full_chia/model_output/Llama-3-70B-Instruct_0_shot_lct_prompt/output/Llama-3-70B-Instruct_NCT02443844_0_shot.txt' gespeichert.
File: NCT02445339 

Das File: /work/eauten2s/ec_criteria_struct/chia/input/chia_text_full/NCT02445339.txt wurde erfolgreich geladen.
Die Daten wurden erfolgreich in '/work/eauten2s/ec_criteria_struct/chia/evaluate/eval_full_chia/model_output/Llama-3-70B-Instruct_0_shot_lct_prompt/output/Llama-3-70B-Instruct_NCT02445339_0_shot.txt' gespeichert.
File: NCT02455921 

Das File: /work/eauten2s/ec_criteria_struct/chia/input/chia_text_full/NCT02455921.txt wurde erfolgreich geladen.
Die Daten wurden erfolgreich in '/work/eauten2s/ec_criteria_struct/chia/evaluate/eval_full_chia/model_output/Llama-3-70B-Instruct_0_shot_lct_prompt/output/Llama-3-70B-Instruct_NCT02455921_0_shot.txt' gespeichert.
File: NCT02456129 

Das File: /work/eauten2s/ec_criteria_struct/chia/input/chia_text_full/NCT02456129.txt wurde erfolgreich geladen.
Die Daten wurden erfolgreich in '/work/eauten2s/ec_criteria_struct/chia/evaluate/eval_full_chia/model_output/Llama-3-70B-Instruct_0_shot_lct_prompt/output/Llama-3-70B-Instruct_NCT02456129_0_shot.txt' gespeichert.
File: NCT02456532 

Das File: /work/eauten2s/ec_criteria_struct/chia/input/chia_text_full/NCT02456532.txt wurde erfolgreich geladen.
Die Daten wurden erfolgreich in '/work/eauten2s/ec_criteria_struct/chia/evaluate/eval_full_chia/model_output/Llama-3-70B-Instruct_0_shot_lct_prompt/output/Llama-3-70B-Instruct_NCT02456532_0_shot.txt' gespeichert.
File: NCT02457442 

Das File: /work/eauten2s/ec_criteria_struct/chia/input/chia_text_full/NCT02457442.txt wurde erfolgreich geladen.
Die Daten wurden erfolgreich in '/work/eauten2s/ec_criteria_struct/chia/evaluate/eval_full_chia/model_output/Llama-3-70B-Instruct_0_shot_lct_prompt/output/Llama-3-70B-Instruct_NCT02457442_0_shot.txt' gespeichert.
File: NCT02462317 

Das File: /work/eauten2s/ec_criteria_struct/chia/input/chia_text_full/NCT02462317.txt wurde erfolgreich geladen.
Die Daten wurden erfolgreich in '/work/eauten2s/ec_criteria_struct/chia/evaluate/eval_full_chia/model_output/Llama-3-70B-Instruct_0_shot_lct_prompt/output/Llama-3-70B-Instruct_NCT02462317_0_shot.txt' gespeichert.
File: NCT02462590 

Das File: /work/eauten2s/ec_criteria_struct/chia/input/chia_text_full/NCT02462590.txt wurde erfolgreich geladen.
Die Daten wurden erfolgreich in '/work/eauten2s/ec_criteria_struct/chia/evaluate/eval_full_chia/model_output/Llama-3-70B-Instruct_0_shot_lct_prompt/output/Llama-3-70B-Instruct_NCT02462590_0_shot.txt' gespeichert.
File: NCT02464813 

Das File: /work/eauten2s/ec_criteria_struct/chia/input/chia_text_full/NCT02464813.txt wurde erfolgreich geladen.
Die Daten wurden erfolgreich in '/work/eauten2s/ec_criteria_struct/chia/evaluate/eval_full_chia/model_output/Llama-3-70B-Instruct_0_shot_lct_prompt/output/Llama-3-70B-Instruct_NCT02464813_0_shot.txt' gespeichert.
File: NCT02464865 

Das File: /work/eauten2s/ec_criteria_struct/chia/input/chia_text_full/NCT02464865.txt wurde erfolgreich geladen.
Die Daten wurden erfolgreich in '/work/eauten2s/ec_criteria_struct/chia/evaluate/eval_full_chia/model_output/Llama-3-70B-Instruct_0_shot_lct_prompt/output/Llama-3-70B-Instruct_NCT02464865_0_shot.txt' gespeichert.
File: NCT02466113 

Das File: /work/eauten2s/ec_criteria_struct/chia/input/chia_text_full/NCT02466113.txt wurde erfolgreich geladen.
Die Daten wurden erfolgreich in '/work/eauten2s/ec_criteria_struct/chia/evaluate/eval_full_chia/model_output/Llama-3-70B-Instruct_0_shot_lct_prompt/output/Llama-3-70B-Instruct_NCT02466113_0_shot.txt' gespeichert.
File: NCT02467686 

Das File: /work/eauten2s/ec_criteria_struct/chia/input/chia_text_full/NCT02467686.txt wurde erfolgreich geladen.
Die Daten wurden erfolgreich in '/work/eauten2s/ec_criteria_struct/chia/evaluate/eval_full_chia/model_output/Llama-3-70B-Instruct_0_shot_lct_prompt/output/Llama-3-70B-Instruct_NCT02467686_0_shot.txt' gespeichert.
File: NCT02469610 

Das File: /work/eauten2s/ec_criteria_struct/chia/input/chia_text_full/NCT02469610.txt wurde erfolgreich geladen.
Die Daten wurden erfolgreich in '/work/eauten2s/ec_criteria_struct/chia/evaluate/eval_full_chia/model_output/Llama-3-70B-Instruct_0_shot_lct_prompt/output/Llama-3-70B-Instruct_NCT02469610_0_shot.txt' gespeichert.
File: NCT02473809 

Das File: /work/eauten2s/ec_criteria_struct/chia/input/chia_text_full/NCT02473809.txt wurde erfolgreich geladen.
Die Daten wurden erfolgreich in '/work/eauten2s/ec_criteria_struct/chia/evaluate/eval_full_chia/model_output/Llama-3-70B-Instruct_0_shot_lct_prompt/output/Llama-3-70B-Instruct_NCT02473809_0_shot.txt' gespeichert.
File: NCT02476461 

Das File: /work/eauten2s/ec_criteria_struct/chia/input/chia_text_full/NCT02476461.txt wurde erfolgreich geladen.
Die Daten wurden erfolgreich in '/work/eauten2s/ec_criteria_struct/chia/evaluate/eval_full_chia/model_output/Llama-3-70B-Instruct_0_shot_lct_prompt/output/Llama-3-70B-Instruct_NCT02476461_0_shot.txt' gespeichert.
File: NCT02477280 

Das File: /work/eauten2s/ec_criteria_struct/chia/input/chia_text_full/NCT02477280.txt wurde erfolgreich geladen.
Die Daten wurden erfolgreich in '/work/eauten2s/ec_criteria_struct/chia/evaluate/eval_full_chia/model_output/Llama-3-70B-Instruct_0_shot_lct_prompt/output/Llama-3-70B-Instruct_NCT02477280_0_shot.txt' gespeichert.
File: NCT02478346 

Das File: /work/eauten2s/ec_criteria_struct/chia/input/chia_text_full/NCT02478346.txt wurde erfolgreich geladen.
Die Daten wurden erfolgreich in '/work/eauten2s/ec_criteria_struct/chia/evaluate/eval_full_chia/model_output/Llama-3-70B-Instruct_0_shot_lct_prompt/output/Llama-3-70B-Instruct_NCT02478346_0_shot.txt' gespeichert.
File: NCT02478515 

Das File: /work/eauten2s/ec_criteria_struct/chia/input/chia_text_full/NCT02478515.txt wurde erfolgreich geladen.
Die Daten wurden erfolgreich in '/work/eauten2s/ec_criteria_struct/chia/evaluate/eval_full_chia/model_output/Llama-3-70B-Instruct_0_shot_lct_prompt/output/Llama-3-70B-Instruct_NCT02478515_0_shot.txt' gespeichert.
File: NCT02481518 

Das File: /work/eauten2s/ec_criteria_struct/chia/input/chia_text_full/NCT02481518.txt wurde erfolgreich geladen.
Die Daten wurden erfolgreich in '/work/eauten2s/ec_criteria_struct/chia/evaluate/eval_full_chia/model_output/Llama-3-70B-Instruct_0_shot_lct_prompt/output/Llama-3-70B-Instruct_NCT02481518_0_shot.txt' gespeichert.
File: NCT02483715 

Das File: /work/eauten2s/ec_criteria_struct/chia/input/chia_text_full/NCT02483715.txt wurde erfolgreich geladen.
Die Daten wurden erfolgreich in '/work/eauten2s/ec_criteria_struct/chia/evaluate/eval_full_chia/model_output/Llama-3-70B-Instruct_0_shot_lct_prompt/output/Llama-3-70B-Instruct_NCT02483715_0_shot.txt' gespeichert.
File: NCT02488057 

Das File: /work/eauten2s/ec_criteria_struct/chia/input/chia_text_full/NCT02488057.txt wurde erfolgreich geladen.
Die Daten wurden erfolgreich in '/work/eauten2s/ec_criteria_struct/chia/evaluate/eval_full_chia/model_output/Llama-3-70B-Instruct_0_shot_lct_prompt/output/Llama-3-70B-Instruct_NCT02488057_0_shot.txt' gespeichert.
File: NCT02489045 

Das File: /work/eauten2s/ec_criteria_struct/chia/input/chia_text_full/NCT02489045.txt wurde erfolgreich geladen.
Die Daten wurden erfolgreich in '/work/eauten2s/ec_criteria_struct/chia/evaluate/eval_full_chia/model_output/Llama-3-70B-Instruct_0_shot_lct_prompt/output/Llama-3-70B-Instruct_NCT02489045_0_shot.txt' gespeichert.
File: NCT02490839 

Das File: /work/eauten2s/ec_criteria_struct/chia/input/chia_text_full/NCT02490839.txt wurde erfolgreich geladen.
Die Daten wurden erfolgreich in '/work/eauten2s/ec_criteria_struct/chia/evaluate/eval_full_chia/model_output/Llama-3-70B-Instruct_0_shot_lct_prompt/output/Llama-3-70B-Instruct_NCT02490839_0_shot.txt' gespeichert.
File: NCT02498483 

Das File: /work/eauten2s/ec_criteria_struct/chia/input/chia_text_full/NCT02498483.txt wurde erfolgreich geladen.
Die Daten wurden erfolgreich in '/work/eauten2s/ec_criteria_struct/chia/evaluate/eval_full_chia/model_output/Llama-3-70B-Instruct_0_shot_lct_prompt/output/Llama-3-70B-Instruct_NCT02498483_0_shot.txt' gespeichert.
File: NCT02499185 

Das File: /work/eauten2s/ec_criteria_struct/chia/input/chia_text_full/NCT02499185.txt wurde erfolgreich geladen.
Die Daten wurden erfolgreich in '/work/eauten2s/ec_criteria_struct/chia/evaluate/eval_full_chia/model_output/Llama-3-70B-Instruct_0_shot_lct_prompt/output/Llama-3-70B-Instruct_NCT02499185_0_shot.txt' gespeichert.
File: NCT02502734 

Das File: /work/eauten2s/ec_criteria_struct/chia/input/chia_text_full/NCT02502734.txt wurde erfolgreich geladen.
Die Daten wurden erfolgreich in '/work/eauten2s/ec_criteria_struct/chia/evaluate/eval_full_chia/model_output/Llama-3-70B-Instruct_0_shot_lct_prompt/output/Llama-3-70B-Instruct_NCT02502734_0_shot.txt' gespeichert.
File: NCT02504203 

Das File: /work/eauten2s/ec_criteria_struct/chia/input/chia_text_full/NCT02504203.txt wurde erfolgreich geladen.
Die Daten wurden erfolgreich in '/work/eauten2s/ec_criteria_struct/chia/evaluate/eval_full_chia/model_output/Llama-3-70B-Instruct_0_shot_lct_prompt/output/Llama-3-70B-Instruct_NCT02504203_0_shot.txt' gespeichert.
File: NCT02509091 

Das File: /work/eauten2s/ec_criteria_struct/chia/input/chia_text_full/NCT02509091.txt wurde erfolgreich geladen.
Die Daten wurden erfolgreich in '/work/eauten2s/ec_criteria_struct/chia/evaluate/eval_full_chia/model_output/Llama-3-70B-Instruct_0_shot_lct_prompt/output/Llama-3-70B-Instruct_NCT02509091_0_shot.txt' gespeichert.
File: NCT02509949 

Das File: /work/eauten2s/ec_criteria_struct/chia/input/chia_text_full/NCT02509949.txt wurde erfolgreich geladen.
Die Daten wurden erfolgreich in '/work/eauten2s/ec_criteria_struct/chia/evaluate/eval_full_chia/model_output/Llama-3-70B-Instruct_0_shot_lct_prompt/output/Llama-3-70B-Instruct_NCT02509949_0_shot.txt' gespeichert.
File: NCT02510404 

Das File: /work/eauten2s/ec_criteria_struct/chia/input/chia_text_full/NCT02510404.txt wurde erfolgreich geladen.
Die Daten wurden erfolgreich in '/work/eauten2s/ec_criteria_struct/chia/evaluate/eval_full_chia/model_output/Llama-3-70B-Instruct_0_shot_lct_prompt/output/Llama-3-70B-Instruct_NCT02510404_0_shot.txt' gespeichert.
File: NCT02511574 

Das File: /work/eauten2s/ec_criteria_struct/chia/input/chia_text_full/NCT02511574.txt wurde erfolgreich geladen.
Die Daten wurden erfolgreich in '/work/eauten2s/ec_criteria_struct/chia/evaluate/eval_full_chia/model_output/Llama-3-70B-Instruct_0_shot_lct_prompt/output/Llama-3-70B-Instruct_NCT02511574_0_shot.txt' gespeichert.
File: NCT02515773 

Das File: /work/eauten2s/ec_criteria_struct/chia/input/chia_text_full/NCT02515773.txt wurde erfolgreich geladen.
Die Daten wurden erfolgreich in '/work/eauten2s/ec_criteria_struct/chia/evaluate/eval_full_chia/model_output/Llama-3-70B-Instruct_0_shot_lct_prompt/output/Llama-3-70B-Instruct_NCT02515773_0_shot.txt' gespeichert.
File: NCT02519777 

Das File: /work/eauten2s/ec_criteria_struct/chia/input/chia_text_full/NCT02519777.txt wurde erfolgreich geladen.
Die Daten wurden erfolgreich in '/work/eauten2s/ec_criteria_struct/chia/evaluate/eval_full_chia/model_output/Llama-3-70B-Instruct_0_shot_lct_prompt/output/Llama-3-70B-Instruct_NCT02519777_0_shot.txt' gespeichert.
File: NCT02525991 

Das File: /work/eauten2s/ec_criteria_struct/chia/input/chia_text_full/NCT02525991.txt wurde erfolgreich geladen.
Die Daten wurden erfolgreich in '/work/eauten2s/ec_criteria_struct/chia/evaluate/eval_full_chia/model_output/Llama-3-70B-Instruct_0_shot_lct_prompt/output/Llama-3-70B-Instruct_NCT02525991_0_shot.txt' gespeichert.
File: NCT02526823 

Das File: /work/eauten2s/ec_criteria_struct/chia/input/chia_text_full/NCT02526823.txt wurde erfolgreich geladen.
Die Daten wurden erfolgreich in '/work/eauten2s/ec_criteria_struct/chia/evaluate/eval_full_chia/model_output/Llama-3-70B-Instruct_0_shot_lct_prompt/output/Llama-3-70B-Instruct_NCT02526823_0_shot.txt' gespeichert.
File: NCT02527512 

Das File: /work/eauten2s/ec_criteria_struct/chia/input/chia_text_full/NCT02527512.txt wurde erfolgreich geladen.
Die Daten wurden erfolgreich in '/work/eauten2s/ec_criteria_struct/chia/evaluate/eval_full_chia/model_output/Llama-3-70B-Instruct_0_shot_lct_prompt/output/Llama-3-70B-Instruct_NCT02527512_0_shot.txt' gespeichert.
File: NCT02528136 

Das File: /work/eauten2s/ec_criteria_struct/chia/input/chia_text_full/NCT02528136.txt wurde erfolgreich geladen.
Die Daten wurden erfolgreich in '/work/eauten2s/ec_criteria_struct/chia/evaluate/eval_full_chia/model_output/Llama-3-70B-Instruct_0_shot_lct_prompt/output/Llama-3-70B-Instruct_NCT02528136_0_shot.txt' gespeichert.
File: NCT02528604 

Das File: /work/eauten2s/ec_criteria_struct/chia/input/chia_text_full/NCT02528604.txt wurde erfolgreich geladen.
Die Daten wurden erfolgreich in '/work/eauten2s/ec_criteria_struct/chia/evaluate/eval_full_chia/model_output/Llama-3-70B-Instruct_0_shot_lct_prompt/output/Llama-3-70B-Instruct_NCT02528604_0_shot.txt' gespeichert.
File: NCT02529475 

Das File: /work/eauten2s/ec_criteria_struct/chia/input/chia_text_full/NCT02529475.txt wurde erfolgreich geladen.
Die Daten wurden erfolgreich in '/work/eauten2s/ec_criteria_struct/chia/evaluate/eval_full_chia/model_output/Llama-3-70B-Instruct_0_shot_lct_prompt/output/Llama-3-70B-Instruct_NCT02529475_0_shot.txt' gespeichert.
File: NCT02531724 

Das File: /work/eauten2s/ec_criteria_struct/chia/input/chia_text_full/NCT02531724.txt wurde erfolgreich geladen.
Die Daten wurden erfolgreich in '/work/eauten2s/ec_criteria_struct/chia/evaluate/eval_full_chia/model_output/Llama-3-70B-Instruct_0_shot_lct_prompt/output/Llama-3-70B-Instruct_NCT02531724_0_shot.txt' gespeichert.
File: NCT02531971 

Das File: /work/eauten2s/ec_criteria_struct/chia/input/chia_text_full/NCT02531971.txt wurde erfolgreich geladen.
Die Daten wurden erfolgreich in '/work/eauten2s/ec_criteria_struct/chia/evaluate/eval_full_chia/model_output/Llama-3-70B-Instruct_0_shot_lct_prompt/output/Llama-3-70B-Instruct_NCT02531971_0_shot.txt' gespeichert.
File: NCT02535299 

Das File: /work/eauten2s/ec_criteria_struct/chia/input/chia_text_full/NCT02535299.txt wurde erfolgreich geladen.
Die Daten wurden erfolgreich in '/work/eauten2s/ec_criteria_struct/chia/evaluate/eval_full_chia/model_output/Llama-3-70B-Instruct_0_shot_lct_prompt/output/Llama-3-70B-Instruct_NCT02535299_0_shot.txt' gespeichert.
File: NCT02536976 

Das File: /work/eauten2s/ec_criteria_struct/chia/input/chia_text_full/NCT02536976.txt wurde erfolgreich geladen.
Die Daten wurden erfolgreich in '/work/eauten2s/ec_criteria_struct/chia/evaluate/eval_full_chia/model_output/Llama-3-70B-Instruct_0_shot_lct_prompt/output/Llama-3-70B-Instruct_NCT02536976_0_shot.txt' gespeichert.
File: NCT02537899 

Das File: /work/eauten2s/ec_criteria_struct/chia/input/chia_text_full/NCT02537899.txt wurde erfolgreich geladen.
Die Daten wurden erfolgreich in '/work/eauten2s/ec_criteria_struct/chia/evaluate/eval_full_chia/model_output/Llama-3-70B-Instruct_0_shot_lct_prompt/output/Llama-3-70B-Instruct_NCT02537899_0_shot.txt' gespeichert.
File: NCT02541955 

Das File: /work/eauten2s/ec_criteria_struct/chia/input/chia_text_full/NCT02541955.txt wurde erfolgreich geladen.
Die Daten wurden erfolgreich in '/work/eauten2s/ec_criteria_struct/chia/evaluate/eval_full_chia/model_output/Llama-3-70B-Instruct_0_shot_lct_prompt/output/Llama-3-70B-Instruct_NCT02541955_0_shot.txt' gespeichert.
File: NCT02542956 

Das File: /work/eauten2s/ec_criteria_struct/chia/input/chia_text_full/NCT02542956.txt wurde erfolgreich geladen.
Die Daten wurden erfolgreich in '/work/eauten2s/ec_criteria_struct/chia/evaluate/eval_full_chia/model_output/Llama-3-70B-Instruct_0_shot_lct_prompt/output/Llama-3-70B-Instruct_NCT02542956_0_shot.txt' gespeichert.
File: NCT02543710 

Das File: /work/eauten2s/ec_criteria_struct/chia/input/chia_text_full/NCT02543710.txt wurde erfolgreich geladen.
Die Daten wurden erfolgreich in '/work/eauten2s/ec_criteria_struct/chia/evaluate/eval_full_chia/model_output/Llama-3-70B-Instruct_0_shot_lct_prompt/output/Llama-3-70B-Instruct_NCT02543710_0_shot.txt' gespeichert.
File: NCT02546856 

Das File: /work/eauten2s/ec_criteria_struct/chia/input/chia_text_full/NCT02546856.txt wurde erfolgreich geladen.
Die Daten wurden erfolgreich in '/work/eauten2s/ec_criteria_struct/chia/evaluate/eval_full_chia/model_output/Llama-3-70B-Instruct_0_shot_lct_prompt/output/Llama-3-70B-Instruct_NCT02546856_0_shot.txt' gespeichert.
File: NCT02548013 

Das File: /work/eauten2s/ec_criteria_struct/chia/input/chia_text_full/NCT02548013.txt wurde erfolgreich geladen.
Die Daten wurden erfolgreich in '/work/eauten2s/ec_criteria_struct/chia/evaluate/eval_full_chia/model_output/Llama-3-70B-Instruct_0_shot_lct_prompt/output/Llama-3-70B-Instruct_NCT02548013_0_shot.txt' gespeichert.
File: NCT02550028 

Das File: /work/eauten2s/ec_criteria_struct/chia/input/chia_text_full/NCT02550028.txt wurde erfolgreich geladen.
Die Daten wurden erfolgreich in '/work/eauten2s/ec_criteria_struct/chia/evaluate/eval_full_chia/model_output/Llama-3-70B-Instruct_0_shot_lct_prompt/output/Llama-3-70B-Instruct_NCT02550028_0_shot.txt' gespeichert.
File: NCT02550080 

Das File: /work/eauten2s/ec_criteria_struct/chia/input/chia_text_full/NCT02550080.txt wurde erfolgreich geladen.
Die Daten wurden erfolgreich in '/work/eauten2s/ec_criteria_struct/chia/evaluate/eval_full_chia/model_output/Llama-3-70B-Instruct_0_shot_lct_prompt/output/Llama-3-70B-Instruct_NCT02550080_0_shot.txt' gespeichert.
File: NCT02550769 

Das File: /work/eauten2s/ec_criteria_struct/chia/input/chia_text_full/NCT02550769.txt wurde erfolgreich geladen.
Die Daten wurden erfolgreich in '/work/eauten2s/ec_criteria_struct/chia/evaluate/eval_full_chia/model_output/Llama-3-70B-Instruct_0_shot_lct_prompt/output/Llama-3-70B-Instruct_NCT02550769_0_shot.txt' gespeichert.
File: NCT02552459 

Das File: /work/eauten2s/ec_criteria_struct/chia/input/chia_text_full/NCT02552459.txt wurde erfolgreich geladen.
Die Daten wurden erfolgreich in '/work/eauten2s/ec_criteria_struct/chia/evaluate/eval_full_chia/model_output/Llama-3-70B-Instruct_0_shot_lct_prompt/output/Llama-3-70B-Instruct_NCT02552459_0_shot.txt' gespeichert.
File: NCT02553226 

Das File: /work/eauten2s/ec_criteria_struct/chia/input/chia_text_full/NCT02553226.txt wurde erfolgreich geladen.
Die Daten wurden erfolgreich in '/work/eauten2s/ec_criteria_struct/chia/evaluate/eval_full_chia/model_output/Llama-3-70B-Instruct_0_shot_lct_prompt/output/Llama-3-70B-Instruct_NCT02553226_0_shot.txt' gespeichert.
File: NCT02555163 

Das File: /work/eauten2s/ec_criteria_struct/chia/input/chia_text_full/NCT02555163.txt wurde erfolgreich geladen.
Die Daten wurden erfolgreich in '/work/eauten2s/ec_criteria_struct/chia/evaluate/eval_full_chia/model_output/Llama-3-70B-Instruct_0_shot_lct_prompt/output/Llama-3-70B-Instruct_NCT02555163_0_shot.txt' gespeichert.
File: NCT02557386 

Das File: /work/eauten2s/ec_criteria_struct/chia/input/chia_text_full/NCT02557386.txt wurde erfolgreich geladen.
Die Daten wurden erfolgreich in '/work/eauten2s/ec_criteria_struct/chia/evaluate/eval_full_chia/model_output/Llama-3-70B-Instruct_0_shot_lct_prompt/output/Llama-3-70B-Instruct_NCT02557386_0_shot.txt' gespeichert.
File: NCT02557412 

Das File: /work/eauten2s/ec_criteria_struct/chia/input/chia_text_full/NCT02557412.txt wurde erfolgreich geladen.
Die Daten wurden erfolgreich in '/work/eauten2s/ec_criteria_struct/chia/evaluate/eval_full_chia/model_output/Llama-3-70B-Instruct_0_shot_lct_prompt/output/Llama-3-70B-Instruct_NCT02557412_0_shot.txt' gespeichert.
File: NCT02558504 

Das File: /work/eauten2s/ec_criteria_struct/chia/input/chia_text_full/NCT02558504.txt wurde erfolgreich geladen.
Die Daten wurden erfolgreich in '/work/eauten2s/ec_criteria_struct/chia/evaluate/eval_full_chia/model_output/Llama-3-70B-Instruct_0_shot_lct_prompt/output/Llama-3-70B-Instruct_NCT02558504_0_shot.txt' gespeichert.
File: NCT02560389 

Das File: /work/eauten2s/ec_criteria_struct/chia/input/chia_text_full/NCT02560389.txt wurde erfolgreich geladen.
Die Daten wurden erfolgreich in '/work/eauten2s/ec_criteria_struct/chia/evaluate/eval_full_chia/model_output/Llama-3-70B-Instruct_0_shot_lct_prompt/output/Llama-3-70B-Instruct_NCT02560389_0_shot.txt' gespeichert.
File: NCT02560766 

Das File: /work/eauten2s/ec_criteria_struct/chia/input/chia_text_full/NCT02560766.txt wurde erfolgreich geladen.
Die Daten wurden erfolgreich in '/work/eauten2s/ec_criteria_struct/chia/evaluate/eval_full_chia/model_output/Llama-3-70B-Instruct_0_shot_lct_prompt/output/Llama-3-70B-Instruct_NCT02560766_0_shot.txt' gespeichert.
File: NCT02562456 

Das File: /work/eauten2s/ec_criteria_struct/chia/input/chia_text_full/NCT02562456.txt wurde erfolgreich geladen.
Die Daten wurden erfolgreich in '/work/eauten2s/ec_criteria_struct/chia/evaluate/eval_full_chia/model_output/Llama-3-70B-Instruct_0_shot_lct_prompt/output/Llama-3-70B-Instruct_NCT02562456_0_shot.txt' gespeichert.
File: NCT02563535 

Das File: /work/eauten2s/ec_criteria_struct/chia/input/chia_text_full/NCT02563535.txt wurde erfolgreich geladen.
Die Daten wurden erfolgreich in '/work/eauten2s/ec_criteria_struct/chia/evaluate/eval_full_chia/model_output/Llama-3-70B-Instruct_0_shot_lct_prompt/output/Llama-3-70B-Instruct_NCT02563535_0_shot.txt' gespeichert.
File: NCT02564471 

Das File: /work/eauten2s/ec_criteria_struct/chia/input/chia_text_full/NCT02564471.txt wurde erfolgreich geladen.
Die Daten wurden erfolgreich in '/work/eauten2s/ec_criteria_struct/chia/evaluate/eval_full_chia/model_output/Llama-3-70B-Instruct_0_shot_lct_prompt/output/Llama-3-70B-Instruct_NCT02564471_0_shot.txt' gespeichert.
File: NCT02565277 

Das File: /work/eauten2s/ec_criteria_struct/chia/input/chia_text_full/NCT02565277.txt wurde erfolgreich geladen.
Die Daten wurden erfolgreich in '/work/eauten2s/ec_criteria_struct/chia/evaluate/eval_full_chia/model_output/Llama-3-70B-Instruct_0_shot_lct_prompt/output/Llama-3-70B-Instruct_NCT02565277_0_shot.txt' gespeichert.
File: NCT02566226 

Das File: /work/eauten2s/ec_criteria_struct/chia/input/chia_text_full/NCT02566226.txt wurde erfolgreich geladen.
Die Daten wurden erfolgreich in '/work/eauten2s/ec_criteria_struct/chia/evaluate/eval_full_chia/model_output/Llama-3-70B-Instruct_0_shot_lct_prompt/output/Llama-3-70B-Instruct_NCT02566226_0_shot.txt' gespeichert.
File: NCT02566863 

Das File: /work/eauten2s/ec_criteria_struct/chia/input/chia_text_full/NCT02566863.txt wurde erfolgreich geladen.
Die Daten wurden erfolgreich in '/work/eauten2s/ec_criteria_struct/chia/evaluate/eval_full_chia/model_output/Llama-3-70B-Instruct_0_shot_lct_prompt/output/Llama-3-70B-Instruct_NCT02566863_0_shot.txt' gespeichert.
File: NCT02566928 

Das File: /work/eauten2s/ec_criteria_struct/chia/input/chia_text_full/NCT02566928.txt wurde erfolgreich geladen.
Die Daten wurden erfolgreich in '/work/eauten2s/ec_criteria_struct/chia/evaluate/eval_full_chia/model_output/Llama-3-70B-Instruct_0_shot_lct_prompt/output/Llama-3-70B-Instruct_NCT02566928_0_shot.txt' gespeichert.
File: NCT02567214 

Das File: /work/eauten2s/ec_criteria_struct/chia/input/chia_text_full/NCT02567214.txt wurde erfolgreich geladen.
Die Daten wurden erfolgreich in '/work/eauten2s/ec_criteria_struct/chia/evaluate/eval_full_chia/model_output/Llama-3-70B-Instruct_0_shot_lct_prompt/output/Llama-3-70B-Instruct_NCT02567214_0_shot.txt' gespeichert.
File: NCT02570230 

Das File: /work/eauten2s/ec_criteria_struct/chia/input/chia_text_full/NCT02570230.txt wurde erfolgreich geladen.
Die Daten wurden erfolgreich in '/work/eauten2s/ec_criteria_struct/chia/evaluate/eval_full_chia/model_output/Llama-3-70B-Instruct_0_shot_lct_prompt/output/Llama-3-70B-Instruct_NCT02570230_0_shot.txt' gespeichert.
File: NCT02570321 

Das File: /work/eauten2s/ec_criteria_struct/chia/input/chia_text_full/NCT02570321.txt wurde erfolgreich geladen.
Die Daten wurden erfolgreich in '/work/eauten2s/ec_criteria_struct/chia/evaluate/eval_full_chia/model_output/Llama-3-70B-Instruct_0_shot_lct_prompt/output/Llama-3-70B-Instruct_NCT02570321_0_shot.txt' gespeichert.
File: NCT02570347 

Das File: /work/eauten2s/ec_criteria_struct/chia/input/chia_text_full/NCT02570347.txt wurde erfolgreich geladen.
Die Daten wurden erfolgreich in '/work/eauten2s/ec_criteria_struct/chia/evaluate/eval_full_chia/model_output/Llama-3-70B-Instruct_0_shot_lct_prompt/output/Llama-3-70B-Instruct_NCT02570347_0_shot.txt' gespeichert.
File: NCT02571179 

Das File: /work/eauten2s/ec_criteria_struct/chia/input/chia_text_full/NCT02571179.txt wurde erfolgreich geladen.
Die Daten wurden erfolgreich in '/work/eauten2s/ec_criteria_struct/chia/evaluate/eval_full_chia/model_output/Llama-3-70B-Instruct_0_shot_lct_prompt/output/Llama-3-70B-Instruct_NCT02571179_0_shot.txt' gespeichert.
File: NCT02571881 

Das File: /work/eauten2s/ec_criteria_struct/chia/input/chia_text_full/NCT02571881.txt wurde erfolgreich geladen.
Die Daten wurden erfolgreich in '/work/eauten2s/ec_criteria_struct/chia/evaluate/eval_full_chia/model_output/Llama-3-70B-Instruct_0_shot_lct_prompt/output/Llama-3-70B-Instruct_NCT02571881_0_shot.txt' gespeichert.
File: NCT02573168 

Das File: /work/eauten2s/ec_criteria_struct/chia/input/chia_text_full/NCT02573168.txt wurde erfolgreich geladen.
Die Daten wurden erfolgreich in '/work/eauten2s/ec_criteria_struct/chia/evaluate/eval_full_chia/model_output/Llama-3-70B-Instruct_0_shot_lct_prompt/output/Llama-3-70B-Instruct_NCT02573168_0_shot.txt' gespeichert.
File: NCT02573597 

Das File: /work/eauten2s/ec_criteria_struct/chia/input/chia_text_full/NCT02573597.txt wurde erfolgreich geladen.
Die Daten wurden erfolgreich in '/work/eauten2s/ec_criteria_struct/chia/evaluate/eval_full_chia/model_output/Llama-3-70B-Instruct_0_shot_lct_prompt/output/Llama-3-70B-Instruct_NCT02573597_0_shot.txt' gespeichert.
File: NCT02573909 

Das File: /work/eauten2s/ec_criteria_struct/chia/input/chia_text_full/NCT02573909.txt wurde erfolgreich geladen.
Die Daten wurden erfolgreich in '/work/eauten2s/ec_criteria_struct/chia/evaluate/eval_full_chia/model_output/Llama-3-70B-Instruct_0_shot_lct_prompt/output/Llama-3-70B-Instruct_NCT02573909_0_shot.txt' gespeichert.
File: NCT02579200 

Das File: /work/eauten2s/ec_criteria_struct/chia/input/chia_text_full/NCT02579200.txt wurde erfolgreich geladen.
Die Daten wurden erfolgreich in '/work/eauten2s/ec_criteria_struct/chia/evaluate/eval_full_chia/model_output/Llama-3-70B-Instruct_0_shot_lct_prompt/output/Llama-3-70B-Instruct_NCT02579200_0_shot.txt' gespeichert.
File: NCT02579733 

Das File: /work/eauten2s/ec_criteria_struct/chia/input/chia_text_full/NCT02579733.txt wurde erfolgreich geladen.
Die Daten wurden erfolgreich in '/work/eauten2s/ec_criteria_struct/chia/evaluate/eval_full_chia/model_output/Llama-3-70B-Instruct_0_shot_lct_prompt/output/Llama-3-70B-Instruct_NCT02579733_0_shot.txt' gespeichert.
File: NCT02579928 

Das File: /work/eauten2s/ec_criteria_struct/chia/input/chia_text_full/NCT02579928.txt wurde erfolgreich geladen.
Die Daten wurden erfolgreich in '/work/eauten2s/ec_criteria_struct/chia/evaluate/eval_full_chia/model_output/Llama-3-70B-Instruct_0_shot_lct_prompt/output/Llama-3-70B-Instruct_NCT02579928_0_shot.txt' gespeichert.
File: NCT02580630 

Das File: /work/eauten2s/ec_criteria_struct/chia/input/chia_text_full/NCT02580630.txt wurde erfolgreich geladen.
Die Daten wurden erfolgreich in '/work/eauten2s/ec_criteria_struct/chia/evaluate/eval_full_chia/model_output/Llama-3-70B-Instruct_0_shot_lct_prompt/output/Llama-3-70B-Instruct_NCT02580630_0_shot.txt' gespeichert.
File: NCT02584140 

Das File: /work/eauten2s/ec_criteria_struct/chia/input/chia_text_full/NCT02584140.txt wurde erfolgreich geladen.
Die Daten wurden erfolgreich in '/work/eauten2s/ec_criteria_struct/chia/evaluate/eval_full_chia/model_output/Llama-3-70B-Instruct_0_shot_lct_prompt/output/Llama-3-70B-Instruct_NCT02584140_0_shot.txt' gespeichert.
File: NCT02589353 

Das File: /work/eauten2s/ec_criteria_struct/chia/input/chia_text_full/NCT02589353.txt wurde erfolgreich geladen.
Die Daten wurden erfolgreich in '/work/eauten2s/ec_criteria_struct/chia/evaluate/eval_full_chia/model_output/Llama-3-70B-Instruct_0_shot_lct_prompt/output/Llama-3-70B-Instruct_NCT02589353_0_shot.txt' gespeichert.
File: NCT02589691 

Das File: /work/eauten2s/ec_criteria_struct/chia/input/chia_text_full/NCT02589691.txt wurde erfolgreich geladen.
Die Daten wurden erfolgreich in '/work/eauten2s/ec_criteria_struct/chia/evaluate/eval_full_chia/model_output/Llama-3-70B-Instruct_0_shot_lct_prompt/output/Llama-3-70B-Instruct_NCT02589691_0_shot.txt' gespeichert.
File: NCT02589977 

Das File: /work/eauten2s/ec_criteria_struct/chia/input/chia_text_full/NCT02589977.txt wurde erfolgreich geladen.
Die Daten wurden erfolgreich in '/work/eauten2s/ec_criteria_struct/chia/evaluate/eval_full_chia/model_output/Llama-3-70B-Instruct_0_shot_lct_prompt/output/Llama-3-70B-Instruct_NCT02589977_0_shot.txt' gespeichert.
File: NCT02590315 

Das File: /work/eauten2s/ec_criteria_struct/chia/input/chia_text_full/NCT02590315.txt wurde erfolgreich geladen.
Die Daten wurden erfolgreich in '/work/eauten2s/ec_criteria_struct/chia/evaluate/eval_full_chia/model_output/Llama-3-70B-Instruct_0_shot_lct_prompt/output/Llama-3-70B-Instruct_NCT02590315_0_shot.txt' gespeichert.
File: NCT02590653 

Das File: /work/eauten2s/ec_criteria_struct/chia/input/chia_text_full/NCT02590653.txt wurde erfolgreich geladen.
Die Daten wurden erfolgreich in '/work/eauten2s/ec_criteria_struct/chia/evaluate/eval_full_chia/model_output/Llama-3-70B-Instruct_0_shot_lct_prompt/output/Llama-3-70B-Instruct_NCT02590653_0_shot.txt' gespeichert.
File: NCT02590822 

Das File: /work/eauten2s/ec_criteria_struct/chia/input/chia_text_full/NCT02590822.txt wurde erfolgreich geladen.
Die Daten wurden erfolgreich in '/work/eauten2s/ec_criteria_struct/chia/evaluate/eval_full_chia/model_output/Llama-3-70B-Instruct_0_shot_lct_prompt/output/Llama-3-70B-Instruct_NCT02590822_0_shot.txt' gespeichert.
File: NCT02592980 

Das File: /work/eauten2s/ec_criteria_struct/chia/input/chia_text_full/NCT02592980.txt wurde erfolgreich geladen.
Die Daten wurden erfolgreich in '/work/eauten2s/ec_criteria_struct/chia/evaluate/eval_full_chia/model_output/Llama-3-70B-Instruct_0_shot_lct_prompt/output/Llama-3-70B-Instruct_NCT02592980_0_shot.txt' gespeichert.
File: NCT02593409 

Das File: /work/eauten2s/ec_criteria_struct/chia/input/chia_text_full/NCT02593409.txt wurde erfolgreich geladen.
Die Daten wurden erfolgreich in '/work/eauten2s/ec_criteria_struct/chia/evaluate/eval_full_chia/model_output/Llama-3-70B-Instruct_0_shot_lct_prompt/output/Llama-3-70B-Instruct_NCT02593409_0_shot.txt' gespeichert.
File: NCT02595190 

Das File: /work/eauten2s/ec_criteria_struct/chia/input/chia_text_full/NCT02595190.txt wurde erfolgreich geladen.
Die Daten wurden erfolgreich in '/work/eauten2s/ec_criteria_struct/chia/evaluate/eval_full_chia/model_output/Llama-3-70B-Instruct_0_shot_lct_prompt/output/Llama-3-70B-Instruct_NCT02595190_0_shot.txt' gespeichert.
File: NCT02596555 

Das File: /work/eauten2s/ec_criteria_struct/chia/input/chia_text_full/NCT02596555.txt wurde erfolgreich geladen.
Die Daten wurden erfolgreich in '/work/eauten2s/ec_criteria_struct/chia/evaluate/eval_full_chia/model_output/Llama-3-70B-Instruct_0_shot_lct_prompt/output/Llama-3-70B-Instruct_NCT02596555_0_shot.txt' gespeichert.
File: NCT02600000 

Das File: /work/eauten2s/ec_criteria_struct/chia/input/chia_text_full/NCT02600000.txt wurde erfolgreich geladen.
Die Daten wurden erfolgreich in '/work/eauten2s/ec_criteria_struct/chia/evaluate/eval_full_chia/model_output/Llama-3-70B-Instruct_0_shot_lct_prompt/output/Llama-3-70B-Instruct_NCT02600000_0_shot.txt' gespeichert.
File: NCT02601157 

Das File: /work/eauten2s/ec_criteria_struct/chia/input/chia_text_full/NCT02601157.txt wurde erfolgreich geladen.
Die Daten wurden erfolgreich in '/work/eauten2s/ec_criteria_struct/chia/evaluate/eval_full_chia/model_output/Llama-3-70B-Instruct_0_shot_lct_prompt/output/Llama-3-70B-Instruct_NCT02601157_0_shot.txt' gespeichert.
File: NCT02604459 

Das File: /work/eauten2s/ec_criteria_struct/chia/input/chia_text_full/NCT02604459.txt wurde erfolgreich geladen.
Die Daten wurden erfolgreich in '/work/eauten2s/ec_criteria_struct/chia/evaluate/eval_full_chia/model_output/Llama-3-70B-Instruct_0_shot_lct_prompt/output/Llama-3-70B-Instruct_NCT02604459_0_shot.txt' gespeichert.
File: NCT02606565 

Das File: /work/eauten2s/ec_criteria_struct/chia/input/chia_text_full/NCT02606565.txt wurde erfolgreich geladen.
Die Daten wurden erfolgreich in '/work/eauten2s/ec_criteria_struct/chia/evaluate/eval_full_chia/model_output/Llama-3-70B-Instruct_0_shot_lct_prompt/output/Llama-3-70B-Instruct_NCT02606565_0_shot.txt' gespeichert.
File: NCT02607163 

Das File: /work/eauten2s/ec_criteria_struct/chia/input/chia_text_full/NCT02607163.txt wurde erfolgreich geladen.
Die Daten wurden erfolgreich in '/work/eauten2s/ec_criteria_struct/chia/evaluate/eval_full_chia/model_output/Llama-3-70B-Instruct_0_shot_lct_prompt/output/Llama-3-70B-Instruct_NCT02607163_0_shot.txt' gespeichert.
File: NCT02607319 

Das File: /work/eauten2s/ec_criteria_struct/chia/input/chia_text_full/NCT02607319.txt wurde erfolgreich geladen.
Die Daten wurden erfolgreich in '/work/eauten2s/ec_criteria_struct/chia/evaluate/eval_full_chia/model_output/Llama-3-70B-Instruct_0_shot_lct_prompt/output/Llama-3-70B-Instruct_NCT02607319_0_shot.txt' gespeichert.
File: NCT02607748 

Das File: /work/eauten2s/ec_criteria_struct/chia/input/chia_text_full/NCT02607748.txt wurde erfolgreich geladen.
Die Daten wurden erfolgreich in '/work/eauten2s/ec_criteria_struct/chia/evaluate/eval_full_chia/model_output/Llama-3-70B-Instruct_0_shot_lct_prompt/output/Llama-3-70B-Instruct_NCT02607748_0_shot.txt' gespeichert.
File: NCT02609048 

Das File: /work/eauten2s/ec_criteria_struct/chia/input/chia_text_full/NCT02609048.txt wurde erfolgreich geladen.
Die Daten wurden erfolgreich in '/work/eauten2s/ec_criteria_struct/chia/evaluate/eval_full_chia/model_output/Llama-3-70B-Instruct_0_shot_lct_prompt/output/Llama-3-70B-Instruct_NCT02609048_0_shot.txt' gespeichert.
File: NCT02609425 

Das File: /work/eauten2s/ec_criteria_struct/chia/input/chia_text_full/NCT02609425.txt wurde erfolgreich geladen.
Die Daten wurden erfolgreich in '/work/eauten2s/ec_criteria_struct/chia/evaluate/eval_full_chia/model_output/Llama-3-70B-Instruct_0_shot_lct_prompt/output/Llama-3-70B-Instruct_NCT02609425_0_shot.txt' gespeichert.
File: NCT02609698 

Das File: /work/eauten2s/ec_criteria_struct/chia/input/chia_text_full/NCT02609698.txt wurde erfolgreich geladen.
Die Daten wurden erfolgreich in '/work/eauten2s/ec_criteria_struct/chia/evaluate/eval_full_chia/model_output/Llama-3-70B-Instruct_0_shot_lct_prompt/output/Llama-3-70B-Instruct_NCT02609698_0_shot.txt' gespeichert.
File: NCT02612181 

Das File: /work/eauten2s/ec_criteria_struct/chia/input/chia_text_full/NCT02612181.txt wurde erfolgreich geladen.
Die Daten wurden erfolgreich in '/work/eauten2s/ec_criteria_struct/chia/evaluate/eval_full_chia/model_output/Llama-3-70B-Instruct_0_shot_lct_prompt/output/Llama-3-70B-Instruct_NCT02612181_0_shot.txt' gespeichert.
File: NCT02613039 

Das File: /work/eauten2s/ec_criteria_struct/chia/input/chia_text_full/NCT02613039.txt wurde erfolgreich geladen.
Die Daten wurden erfolgreich in '/work/eauten2s/ec_criteria_struct/chia/evaluate/eval_full_chia/model_output/Llama-3-70B-Instruct_0_shot_lct_prompt/output/Llama-3-70B-Instruct_NCT02613039_0_shot.txt' gespeichert.
File: NCT02618057 

Das File: /work/eauten2s/ec_criteria_struct/chia/input/chia_text_full/NCT02618057.txt wurde erfolgreich geladen.
Die Daten wurden erfolgreich in '/work/eauten2s/ec_criteria_struct/chia/evaluate/eval_full_chia/model_output/Llama-3-70B-Instruct_0_shot_lct_prompt/output/Llama-3-70B-Instruct_NCT02618057_0_shot.txt' gespeichert.
File: NCT02620904 

Das File: /work/eauten2s/ec_criteria_struct/chia/input/chia_text_full/NCT02620904.txt wurde erfolgreich geladen.
Die Daten wurden erfolgreich in '/work/eauten2s/ec_criteria_struct/chia/evaluate/eval_full_chia/model_output/Llama-3-70B-Instruct_0_shot_lct_prompt/output/Llama-3-70B-Instruct_NCT02620904_0_shot.txt' gespeichert.
File: NCT02621489 

Das File: /work/eauten2s/ec_criteria_struct/chia/input/chia_text_full/NCT02621489.txt wurde erfolgreich geladen.
Die Daten wurden erfolgreich in '/work/eauten2s/ec_criteria_struct/chia/evaluate/eval_full_chia/model_output/Llama-3-70B-Instruct_0_shot_lct_prompt/output/Llama-3-70B-Instruct_NCT02621489_0_shot.txt' gespeichert.
File: NCT02621541 

Das File: /work/eauten2s/ec_criteria_struct/chia/input/chia_text_full/NCT02621541.txt wurde erfolgreich geladen.
Die Daten wurden erfolgreich in '/work/eauten2s/ec_criteria_struct/chia/evaluate/eval_full_chia/model_output/Llama-3-70B-Instruct_0_shot_lct_prompt/output/Llama-3-70B-Instruct_NCT02621541_0_shot.txt' gespeichert.
File: NCT02624908 

Das File: /work/eauten2s/ec_criteria_struct/chia/input/chia_text_full/NCT02624908.txt wurde erfolgreich geladen.
Die Daten wurden erfolgreich in '/work/eauten2s/ec_criteria_struct/chia/evaluate/eval_full_chia/model_output/Llama-3-70B-Instruct_0_shot_lct_prompt/output/Llama-3-70B-Instruct_NCT02624908_0_shot.txt' gespeichert.
File: NCT02627521 

Das File: /work/eauten2s/ec_criteria_struct/chia/input/chia_text_full/NCT02627521.txt wurde erfolgreich geladen.
Die Daten wurden erfolgreich in '/work/eauten2s/ec_criteria_struct/chia/evaluate/eval_full_chia/model_output/Llama-3-70B-Instruct_0_shot_lct_prompt/output/Llama-3-70B-Instruct_NCT02627521_0_shot.txt' gespeichert.
File: NCT02627560 

Das File: /work/eauten2s/ec_criteria_struct/chia/input/chia_text_full/NCT02627560.txt wurde erfolgreich geladen.
Die Daten wurden erfolgreich in '/work/eauten2s/ec_criteria_struct/chia/evaluate/eval_full_chia/model_output/Llama-3-70B-Instruct_0_shot_lct_prompt/output/Llama-3-70B-Instruct_NCT02627560_0_shot.txt' gespeichert.
File: NCT02630628 

Das File: /work/eauten2s/ec_criteria_struct/chia/input/chia_text_full/NCT02630628.txt wurde erfolgreich geladen.
Die Daten wurden erfolgreich in '/work/eauten2s/ec_criteria_struct/chia/evaluate/eval_full_chia/model_output/Llama-3-70B-Instruct_0_shot_lct_prompt/output/Llama-3-70B-Instruct_NCT02630628_0_shot.txt' gespeichert.
File: NCT02631512 

Das File: /work/eauten2s/ec_criteria_struct/chia/input/chia_text_full/NCT02631512.txt wurde erfolgreich geladen.
Die Daten wurden erfolgreich in '/work/eauten2s/ec_criteria_struct/chia/evaluate/eval_full_chia/model_output/Llama-3-70B-Instruct_0_shot_lct_prompt/output/Llama-3-70B-Instruct_NCT02631512_0_shot.txt' gespeichert.
File: NCT02632266 

Das File: /work/eauten2s/ec_criteria_struct/chia/input/chia_text_full/NCT02632266.txt wurde erfolgreich geladen.
Die Daten wurden erfolgreich in '/work/eauten2s/ec_criteria_struct/chia/evaluate/eval_full_chia/model_output/Llama-3-70B-Instruct_0_shot_lct_prompt/output/Llama-3-70B-Instruct_NCT02632266_0_shot.txt' gespeichert.
File: NCT02632318 

Das File: /work/eauten2s/ec_criteria_struct/chia/input/chia_text_full/NCT02632318.txt wurde erfolgreich geladen.
Die Daten wurden erfolgreich in '/work/eauten2s/ec_criteria_struct/chia/evaluate/eval_full_chia/model_output/Llama-3-70B-Instruct_0_shot_lct_prompt/output/Llama-3-70B-Instruct_NCT02632318_0_shot.txt' gespeichert.
File: NCT02632760 

Das File: /work/eauten2s/ec_criteria_struct/chia/input/chia_text_full/NCT02632760.txt wurde erfolgreich geladen.
Die Daten wurden erfolgreich in '/work/eauten2s/ec_criteria_struct/chia/evaluate/eval_full_chia/model_output/Llama-3-70B-Instruct_0_shot_lct_prompt/output/Llama-3-70B-Instruct_NCT02632760_0_shot.txt' gespeichert.
File: NCT02634541 

Das File: /work/eauten2s/ec_criteria_struct/chia/input/chia_text_full/NCT02634541.txt wurde erfolgreich geladen.
Die Daten wurden erfolgreich in '/work/eauten2s/ec_criteria_struct/chia/evaluate/eval_full_chia/model_output/Llama-3-70B-Instruct_0_shot_lct_prompt/output/Llama-3-70B-Instruct_NCT02634541_0_shot.txt' gespeichert.
File: NCT02635893 

Das File: /work/eauten2s/ec_criteria_struct/chia/input/chia_text_full/NCT02635893.txt wurde erfolgreich geladen.
Die Daten wurden erfolgreich in '/work/eauten2s/ec_criteria_struct/chia/evaluate/eval_full_chia/model_output/Llama-3-70B-Instruct_0_shot_lct_prompt/output/Llama-3-70B-Instruct_NCT02635893_0_shot.txt' gespeichert.
File: NCT02637076 

Das File: /work/eauten2s/ec_criteria_struct/chia/input/chia_text_full/NCT02637076.txt wurde erfolgreich geladen.
Die Daten wurden erfolgreich in '/work/eauten2s/ec_criteria_struct/chia/evaluate/eval_full_chia/model_output/Llama-3-70B-Instruct_0_shot_lct_prompt/output/Llama-3-70B-Instruct_NCT02637076_0_shot.txt' gespeichert.
File: NCT02637453 

Das File: /work/eauten2s/ec_criteria_struct/chia/input/chia_text_full/NCT02637453.txt wurde erfolgreich geladen.
Die Daten wurden erfolgreich in '/work/eauten2s/ec_criteria_struct/chia/evaluate/eval_full_chia/model_output/Llama-3-70B-Instruct_0_shot_lct_prompt/output/Llama-3-70B-Instruct_NCT02637453_0_shot.txt' gespeichert.
File: NCT02638935 

Das File: /work/eauten2s/ec_criteria_struct/chia/input/chia_text_full/NCT02638935.txt wurde erfolgreich geladen.
Die Daten wurden erfolgreich in '/work/eauten2s/ec_criteria_struct/chia/evaluate/eval_full_chia/model_output/Llama-3-70B-Instruct_0_shot_lct_prompt/output/Llama-3-70B-Instruct_NCT02638935_0_shot.txt' gespeichert.
File: NCT02643381 

Das File: /work/eauten2s/ec_criteria_struct/chia/input/chia_text_full/NCT02643381.txt wurde erfolgreich geladen.
Die Daten wurden erfolgreich in '/work/eauten2s/ec_criteria_struct/chia/evaluate/eval_full_chia/model_output/Llama-3-70B-Instruct_0_shot_lct_prompt/output/Llama-3-70B-Instruct_NCT02643381_0_shot.txt' gespeichert.
File: NCT02644629 

Das File: /work/eauten2s/ec_criteria_struct/chia/input/chia_text_full/NCT02644629.txt wurde erfolgreich geladen.
Die Daten wurden erfolgreich in '/work/eauten2s/ec_criteria_struct/chia/evaluate/eval_full_chia/model_output/Llama-3-70B-Instruct_0_shot_lct_prompt/output/Llama-3-70B-Instruct_NCT02644629_0_shot.txt' gespeichert.
File: NCT02645474 

Das File: /work/eauten2s/ec_criteria_struct/chia/input/chia_text_full/NCT02645474.txt wurde erfolgreich geladen.
Die Daten wurden erfolgreich in '/work/eauten2s/ec_criteria_struct/chia/evaluate/eval_full_chia/model_output/Llama-3-70B-Instruct_0_shot_lct_prompt/output/Llama-3-70B-Instruct_NCT02645474_0_shot.txt' gespeichert.
File: NCT02647788 

Das File: /work/eauten2s/ec_criteria_struct/chia/input/chia_text_full/NCT02647788.txt wurde erfolgreich geladen.
Die Daten wurden erfolgreich in '/work/eauten2s/ec_criteria_struct/chia/evaluate/eval_full_chia/model_output/Llama-3-70B-Instruct_0_shot_lct_prompt/output/Llama-3-70B-Instruct_NCT02647788_0_shot.txt' gespeichert.
File: NCT02649114 

Das File: /work/eauten2s/ec_criteria_struct/chia/input/chia_text_full/NCT02649114.txt wurde erfolgreich geladen.
Die Daten wurden erfolgreich in '/work/eauten2s/ec_criteria_struct/chia/evaluate/eval_full_chia/model_output/Llama-3-70B-Instruct_0_shot_lct_prompt/output/Llama-3-70B-Instruct_NCT02649114_0_shot.txt' gespeichert.
File: NCT02650024 

Das File: /work/eauten2s/ec_criteria_struct/chia/input/chia_text_full/NCT02650024.txt wurde erfolgreich geladen.
Die Daten wurden erfolgreich in '/work/eauten2s/ec_criteria_struct/chia/evaluate/eval_full_chia/model_output/Llama-3-70B-Instruct_0_shot_lct_prompt/output/Llama-3-70B-Instruct_NCT02650024_0_shot.txt' gespeichert.
File: NCT02650388 

Das File: /work/eauten2s/ec_criteria_struct/chia/input/chia_text_full/NCT02650388.txt wurde erfolgreich geladen.
Die Daten wurden erfolgreich in '/work/eauten2s/ec_criteria_struct/chia/evaluate/eval_full_chia/model_output/Llama-3-70B-Instruct_0_shot_lct_prompt/output/Llama-3-70B-Instruct_NCT02650388_0_shot.txt' gespeichert.
File: NCT02652572 

Das File: /work/eauten2s/ec_criteria_struct/chia/input/chia_text_full/NCT02652572.txt wurde erfolgreich geladen.
Die Daten wurden erfolgreich in '/work/eauten2s/ec_criteria_struct/chia/evaluate/eval_full_chia/model_output/Llama-3-70B-Instruct_0_shot_lct_prompt/output/Llama-3-70B-Instruct_NCT02652572_0_shot.txt' gespeichert.
File: NCT02652637 

Das File: /work/eauten2s/ec_criteria_struct/chia/input/chia_text_full/NCT02652637.txt wurde erfolgreich geladen.
Die Daten wurden erfolgreich in '/work/eauten2s/ec_criteria_struct/chia/evaluate/eval_full_chia/model_output/Llama-3-70B-Instruct_0_shot_lct_prompt/output/Llama-3-70B-Instruct_NCT02652637_0_shot.txt' gespeichert.
File: NCT02653131 

Das File: /work/eauten2s/ec_criteria_struct/chia/input/chia_text_full/NCT02653131.txt wurde erfolgreich geladen.
Die Daten wurden erfolgreich in '/work/eauten2s/ec_criteria_struct/chia/evaluate/eval_full_chia/model_output/Llama-3-70B-Instruct_0_shot_lct_prompt/output/Llama-3-70B-Instruct_NCT02653131_0_shot.txt' gespeichert.
File: NCT02654912 

Das File: /work/eauten2s/ec_criteria_struct/chia/input/chia_text_full/NCT02654912.txt wurde erfolgreich geladen.
Die Daten wurden erfolgreich in '/work/eauten2s/ec_criteria_struct/chia/evaluate/eval_full_chia/model_output/Llama-3-70B-Instruct_0_shot_lct_prompt/output/Llama-3-70B-Instruct_NCT02654912_0_shot.txt' gespeichert.
File: NCT02656394 

Das File: /work/eauten2s/ec_criteria_struct/chia/input/chia_text_full/NCT02656394.txt wurde erfolgreich geladen.
Die Daten wurden erfolgreich in '/work/eauten2s/ec_criteria_struct/chia/evaluate/eval_full_chia/model_output/Llama-3-70B-Instruct_0_shot_lct_prompt/output/Llama-3-70B-Instruct_NCT02656394_0_shot.txt' gespeichert.
File: NCT02664558 

Das File: /work/eauten2s/ec_criteria_struct/chia/input/chia_text_full/NCT02664558.txt wurde erfolgreich geladen.
Die Daten wurden erfolgreich in '/work/eauten2s/ec_criteria_struct/chia/evaluate/eval_full_chia/model_output/Llama-3-70B-Instruct_0_shot_lct_prompt/output/Llama-3-70B-Instruct_NCT02664558_0_shot.txt' gespeichert.
File: NCT02667730 

Das File: /work/eauten2s/ec_criteria_struct/chia/input/chia_text_full/NCT02667730.txt wurde erfolgreich geladen.
Die Daten wurden erfolgreich in '/work/eauten2s/ec_criteria_struct/chia/evaluate/eval_full_chia/model_output/Llama-3-70B-Instruct_0_shot_lct_prompt/output/Llama-3-70B-Instruct_NCT02667730_0_shot.txt' gespeichert.
File: NCT02668016 

Das File: /work/eauten2s/ec_criteria_struct/chia/input/chia_text_full/NCT02668016.txt wurde erfolgreich geladen.
Die Daten wurden erfolgreich in '/work/eauten2s/ec_criteria_struct/chia/evaluate/eval_full_chia/model_output/Llama-3-70B-Instruct_0_shot_lct_prompt/output/Llama-3-70B-Instruct_NCT02668016_0_shot.txt' gespeichert.
File: NCT02668978 

Das File: /work/eauten2s/ec_criteria_struct/chia/input/chia_text_full/NCT02668978.txt wurde erfolgreich geladen.
Die Daten wurden erfolgreich in '/work/eauten2s/ec_criteria_struct/chia/evaluate/eval_full_chia/model_output/Llama-3-70B-Instruct_0_shot_lct_prompt/output/Llama-3-70B-Instruct_NCT02668978_0_shot.txt' gespeichert.
File: NCT02671318 

Das File: /work/eauten2s/ec_criteria_struct/chia/input/chia_text_full/NCT02671318.txt wurde erfolgreich geladen.
Die Daten wurden erfolgreich in '/work/eauten2s/ec_criteria_struct/chia/evaluate/eval_full_chia/model_output/Llama-3-70B-Instruct_0_shot_lct_prompt/output/Llama-3-70B-Instruct_NCT02671318_0_shot.txt' gespeichert.
File: NCT02673359 

Das File: /work/eauten2s/ec_criteria_struct/chia/input/chia_text_full/NCT02673359.txt wurde erfolgreich geladen.
Die Daten wurden erfolgreich in '/work/eauten2s/ec_criteria_struct/chia/evaluate/eval_full_chia/model_output/Llama-3-70B-Instruct_0_shot_lct_prompt/output/Llama-3-70B-Instruct_NCT02673359_0_shot.txt' gespeichert.
File: NCT02675153 

Das File: /work/eauten2s/ec_criteria_struct/chia/input/chia_text_full/NCT02675153.txt wurde erfolgreich geladen.
Die Daten wurden erfolgreich in '/work/eauten2s/ec_criteria_struct/chia/evaluate/eval_full_chia/model_output/Llama-3-70B-Instruct_0_shot_lct_prompt/output/Llama-3-70B-Instruct_NCT02675153_0_shot.txt' gespeichert.
File: NCT02678377 

Das File: /work/eauten2s/ec_criteria_struct/chia/input/chia_text_full/NCT02678377.txt wurde erfolgreich geladen.
Die Daten wurden erfolgreich in '/work/eauten2s/ec_criteria_struct/chia/evaluate/eval_full_chia/model_output/Llama-3-70B-Instruct_0_shot_lct_prompt/output/Llama-3-70B-Instruct_NCT02678377_0_shot.txt' gespeichert.
File: NCT02678663 

Das File: /work/eauten2s/ec_criteria_struct/chia/input/chia_text_full/NCT02678663.txt wurde erfolgreich geladen.
Die Daten wurden erfolgreich in '/work/eauten2s/ec_criteria_struct/chia/evaluate/eval_full_chia/model_output/Llama-3-70B-Instruct_0_shot_lct_prompt/output/Llama-3-70B-Instruct_NCT02678663_0_shot.txt' gespeichert.
File: NCT02678728 

Das File: /work/eauten2s/ec_criteria_struct/chia/input/chia_text_full/NCT02678728.txt wurde erfolgreich geladen.
Die Daten wurden erfolgreich in '/work/eauten2s/ec_criteria_struct/chia/evaluate/eval_full_chia/model_output/Llama-3-70B-Instruct_0_shot_lct_prompt/output/Llama-3-70B-Instruct_NCT02678728_0_shot.txt' gespeichert.
File: NCT02678962 

Das File: /work/eauten2s/ec_criteria_struct/chia/input/chia_text_full/NCT02678962.txt wurde erfolgreich geladen.
Die Daten wurden erfolgreich in '/work/eauten2s/ec_criteria_struct/chia/evaluate/eval_full_chia/model_output/Llama-3-70B-Instruct_0_shot_lct_prompt/output/Llama-3-70B-Instruct_NCT02678962_0_shot.txt' gespeichert.
File: NCT02680054 

Das File: /work/eauten2s/ec_criteria_struct/chia/input/chia_text_full/NCT02680054.txt wurde erfolgreich geladen.
Die Daten wurden erfolgreich in '/work/eauten2s/ec_criteria_struct/chia/evaluate/eval_full_chia/model_output/Llama-3-70B-Instruct_0_shot_lct_prompt/output/Llama-3-70B-Instruct_NCT02680054_0_shot.txt' gespeichert.
File: NCT02686021 

Das File: /work/eauten2s/ec_criteria_struct/chia/input/chia_text_full/NCT02686021.txt wurde erfolgreich geladen.
Die Daten wurden erfolgreich in '/work/eauten2s/ec_criteria_struct/chia/evaluate/eval_full_chia/model_output/Llama-3-70B-Instruct_0_shot_lct_prompt/output/Llama-3-70B-Instruct_NCT02686021_0_shot.txt' gespeichert.
File: NCT02687178 

Das File: /work/eauten2s/ec_criteria_struct/chia/input/chia_text_full/NCT02687178.txt wurde erfolgreich geladen.
Die Daten wurden erfolgreich in '/work/eauten2s/ec_criteria_struct/chia/evaluate/eval_full_chia/model_output/Llama-3-70B-Instruct_0_shot_lct_prompt/output/Llama-3-70B-Instruct_NCT02687178_0_shot.txt' gespeichert.
File: NCT02687724 

Das File: /work/eauten2s/ec_criteria_struct/chia/input/chia_text_full/NCT02687724.txt wurde erfolgreich geladen.
Die Daten wurden erfolgreich in '/work/eauten2s/ec_criteria_struct/chia/evaluate/eval_full_chia/model_output/Llama-3-70B-Instruct_0_shot_lct_prompt/output/Llama-3-70B-Instruct_NCT02687724_0_shot.txt' gespeichert.
File: NCT02689024 

Das File: /work/eauten2s/ec_criteria_struct/chia/input/chia_text_full/NCT02689024.txt wurde erfolgreich geladen.
Die Daten wurden erfolgreich in '/work/eauten2s/ec_criteria_struct/chia/evaluate/eval_full_chia/model_output/Llama-3-70B-Instruct_0_shot_lct_prompt/output/Llama-3-70B-Instruct_NCT02689024_0_shot.txt' gespeichert.
File: NCT02689089 

Das File: /work/eauten2s/ec_criteria_struct/chia/input/chia_text_full/NCT02689089.txt wurde erfolgreich geladen.
Die Daten wurden erfolgreich in '/work/eauten2s/ec_criteria_struct/chia/evaluate/eval_full_chia/model_output/Llama-3-70B-Instruct_0_shot_lct_prompt/output/Llama-3-70B-Instruct_NCT02689089_0_shot.txt' gespeichert.
File: NCT02689817 

Das File: /work/eauten2s/ec_criteria_struct/chia/input/chia_text_full/NCT02689817.txt wurde erfolgreich geladen.
Die Daten wurden erfolgreich in '/work/eauten2s/ec_criteria_struct/chia/evaluate/eval_full_chia/model_output/Llama-3-70B-Instruct_0_shot_lct_prompt/output/Llama-3-70B-Instruct_NCT02689817_0_shot.txt' gespeichert.
File: NCT02691793 

Das File: /work/eauten2s/ec_criteria_struct/chia/input/chia_text_full/NCT02691793.txt wurde erfolgreich geladen.
Die Daten wurden erfolgreich in '/work/eauten2s/ec_criteria_struct/chia/evaluate/eval_full_chia/model_output/Llama-3-70B-Instruct_0_shot_lct_prompt/output/Llama-3-70B-Instruct_NCT02691793_0_shot.txt' gespeichert.
File: NCT02692651 

Das File: /work/eauten2s/ec_criteria_struct/chia/input/chia_text_full/NCT02692651.txt wurde erfolgreich geladen.
Die Daten wurden erfolgreich in '/work/eauten2s/ec_criteria_struct/chia/evaluate/eval_full_chia/model_output/Llama-3-70B-Instruct_0_shot_lct_prompt/output/Llama-3-70B-Instruct_NCT02692651_0_shot.txt' gespeichert.
File: NCT02695992 

Das File: /work/eauten2s/ec_criteria_struct/chia/input/chia_text_full/NCT02695992.txt wurde erfolgreich geladen.
Die Daten wurden erfolgreich in '/work/eauten2s/ec_criteria_struct/chia/evaluate/eval_full_chia/model_output/Llama-3-70B-Instruct_0_shot_lct_prompt/output/Llama-3-70B-Instruct_NCT02695992_0_shot.txt' gespeichert.
File: NCT02698969 

Das File: /work/eauten2s/ec_criteria_struct/chia/input/chia_text_full/NCT02698969.txt wurde erfolgreich geladen.
Die Daten wurden erfolgreich in '/work/eauten2s/ec_criteria_struct/chia/evaluate/eval_full_chia/model_output/Llama-3-70B-Instruct_0_shot_lct_prompt/output/Llama-3-70B-Instruct_NCT02698969_0_shot.txt' gespeichert.
File: NCT02701777 

Das File: /work/eauten2s/ec_criteria_struct/chia/input/chia_text_full/NCT02701777.txt wurde erfolgreich geladen.
Die Daten wurden erfolgreich in '/work/eauten2s/ec_criteria_struct/chia/evaluate/eval_full_chia/model_output/Llama-3-70B-Instruct_0_shot_lct_prompt/output/Llama-3-70B-Instruct_NCT02701777_0_shot.txt' gespeichert.
File: NCT02701881 

Das File: /work/eauten2s/ec_criteria_struct/chia/input/chia_text_full/NCT02701881.txt wurde erfolgreich geladen.
Die Daten wurden erfolgreich in '/work/eauten2s/ec_criteria_struct/chia/evaluate/eval_full_chia/model_output/Llama-3-70B-Instruct_0_shot_lct_prompt/output/Llama-3-70B-Instruct_NCT02701881_0_shot.txt' gespeichert.
File: NCT02704234 

Das File: /work/eauten2s/ec_criteria_struct/chia/input/chia_text_full/NCT02704234.txt wurde erfolgreich geladen.
Die Daten wurden erfolgreich in '/work/eauten2s/ec_criteria_struct/chia/evaluate/eval_full_chia/model_output/Llama-3-70B-Instruct_0_shot_lct_prompt/output/Llama-3-70B-Instruct_NCT02704234_0_shot.txt' gespeichert.
File: NCT02704754 

Das File: /work/eauten2s/ec_criteria_struct/chia/input/chia_text_full/NCT02704754.txt wurde erfolgreich geladen.
Die Daten wurden erfolgreich in '/work/eauten2s/ec_criteria_struct/chia/evaluate/eval_full_chia/model_output/Llama-3-70B-Instruct_0_shot_lct_prompt/output/Llama-3-70B-Instruct_NCT02704754_0_shot.txt' gespeichert.
File: NCT02705222 

Das File: /work/eauten2s/ec_criteria_struct/chia/input/chia_text_full/NCT02705222.txt wurde erfolgreich geladen.
Die Daten wurden erfolgreich in '/work/eauten2s/ec_criteria_struct/chia/evaluate/eval_full_chia/model_output/Llama-3-70B-Instruct_0_shot_lct_prompt/output/Llama-3-70B-Instruct_NCT02705222_0_shot.txt' gespeichert.
File: NCT02707809 

Das File: /work/eauten2s/ec_criteria_struct/chia/input/chia_text_full/NCT02707809.txt wurde erfolgreich geladen.
Die Daten wurden erfolgreich in '/work/eauten2s/ec_criteria_struct/chia/evaluate/eval_full_chia/model_output/Llama-3-70B-Instruct_0_shot_lct_prompt/output/Llama-3-70B-Instruct_NCT02707809_0_shot.txt' gespeichert.
File: NCT02707874 

Das File: /work/eauten2s/ec_criteria_struct/chia/input/chia_text_full/NCT02707874.txt wurde erfolgreich geladen.
Die Daten wurden erfolgreich in '/work/eauten2s/ec_criteria_struct/chia/evaluate/eval_full_chia/model_output/Llama-3-70B-Instruct_0_shot_lct_prompt/output/Llama-3-70B-Instruct_NCT02707874_0_shot.txt' gespeichert.
File: NCT02713087 

Das File: /work/eauten2s/ec_criteria_struct/chia/input/chia_text_full/NCT02713087.txt wurde erfolgreich geladen.
Die Daten wurden erfolgreich in '/work/eauten2s/ec_criteria_struct/chia/evaluate/eval_full_chia/model_output/Llama-3-70B-Instruct_0_shot_lct_prompt/output/Llama-3-70B-Instruct_NCT02713087_0_shot.txt' gespeichert.
File: NCT02714725 

Das File: /work/eauten2s/ec_criteria_struct/chia/input/chia_text_full/NCT02714725.txt wurde erfolgreich geladen.
Die Daten wurden erfolgreich in '/work/eauten2s/ec_criteria_struct/chia/evaluate/eval_full_chia/model_output/Llama-3-70B-Instruct_0_shot_lct_prompt/output/Llama-3-70B-Instruct_NCT02714725_0_shot.txt' gespeichert.
File: NCT02715466 

Das File: /work/eauten2s/ec_criteria_struct/chia/input/chia_text_full/NCT02715466.txt wurde erfolgreich geladen.
Die Daten wurden erfolgreich in '/work/eauten2s/ec_criteria_struct/chia/evaluate/eval_full_chia/model_output/Llama-3-70B-Instruct_0_shot_lct_prompt/output/Llama-3-70B-Instruct_NCT02715466_0_shot.txt' gespeichert.
File: NCT02715518 

Das File: /work/eauten2s/ec_criteria_struct/chia/input/chia_text_full/NCT02715518.txt wurde erfolgreich geladen.
Die Daten wurden erfolgreich in '/work/eauten2s/ec_criteria_struct/chia/evaluate/eval_full_chia/model_output/Llama-3-70B-Instruct_0_shot_lct_prompt/output/Llama-3-70B-Instruct_NCT02715518_0_shot.txt' gespeichert.
File: NCT02721017 

Das File: /work/eauten2s/ec_criteria_struct/chia/input/chia_text_full/NCT02721017.txt wurde erfolgreich geladen.
Die Daten wurden erfolgreich in '/work/eauten2s/ec_criteria_struct/chia/evaluate/eval_full_chia/model_output/Llama-3-70B-Instruct_0_shot_lct_prompt/output/Llama-3-70B-Instruct_NCT02721017_0_shot.txt' gespeichert.
File: NCT02726009 

Das File: /work/eauten2s/ec_criteria_struct/chia/input/chia_text_full/NCT02726009.txt wurde erfolgreich geladen.
Die Daten wurden erfolgreich in '/work/eauten2s/ec_criteria_struct/chia/evaluate/eval_full_chia/model_output/Llama-3-70B-Instruct_0_shot_lct_prompt/output/Llama-3-70B-Instruct_NCT02726009_0_shot.txt' gespeichert.
File: NCT02731794 

Das File: /work/eauten2s/ec_criteria_struct/chia/input/chia_text_full/NCT02731794.txt wurde erfolgreich geladen.
Die Daten wurden erfolgreich in '/work/eauten2s/ec_criteria_struct/chia/evaluate/eval_full_chia/model_output/Llama-3-70B-Instruct_0_shot_lct_prompt/output/Llama-3-70B-Instruct_NCT02731794_0_shot.txt' gespeichert.
File: NCT02732080 

Das File: /work/eauten2s/ec_criteria_struct/chia/input/chia_text_full/NCT02732080.txt wurde erfolgreich geladen.
Die Daten wurden erfolgreich in '/work/eauten2s/ec_criteria_struct/chia/evaluate/eval_full_chia/model_output/Llama-3-70B-Instruct_0_shot_lct_prompt/output/Llama-3-70B-Instruct_NCT02732080_0_shot.txt' gespeichert.
File: NCT02733159 

Das File: /work/eauten2s/ec_criteria_struct/chia/input/chia_text_full/NCT02733159.txt wurde erfolgreich geladen.
Die Daten wurden erfolgreich in '/work/eauten2s/ec_criteria_struct/chia/evaluate/eval_full_chia/model_output/Llama-3-70B-Instruct_0_shot_lct_prompt/output/Llama-3-70B-Instruct_NCT02733159_0_shot.txt' gespeichert.
File: NCT02734173 

Das File: /work/eauten2s/ec_criteria_struct/chia/input/chia_text_full/NCT02734173.txt wurde erfolgreich geladen.
Die Daten wurden erfolgreich in '/work/eauten2s/ec_criteria_struct/chia/evaluate/eval_full_chia/model_output/Llama-3-70B-Instruct_0_shot_lct_prompt/output/Llama-3-70B-Instruct_NCT02734173_0_shot.txt' gespeichert.
File: NCT02735577 

Das File: /work/eauten2s/ec_criteria_struct/chia/input/chia_text_full/NCT02735577.txt wurde erfolgreich geladen.
Die Daten wurden erfolgreich in '/work/eauten2s/ec_criteria_struct/chia/evaluate/eval_full_chia/model_output/Llama-3-70B-Instruct_0_shot_lct_prompt/output/Llama-3-70B-Instruct_NCT02735577_0_shot.txt' gespeichert.
File: NCT02735902 

Das File: /work/eauten2s/ec_criteria_struct/chia/input/chia_text_full/NCT02735902.txt wurde erfolgreich geladen.
Die Daten wurden erfolgreich in '/work/eauten2s/ec_criteria_struct/chia/evaluate/eval_full_chia/model_output/Llama-3-70B-Instruct_0_shot_lct_prompt/output/Llama-3-70B-Instruct_NCT02735902_0_shot.txt' gespeichert.
File: NCT02739295 

Das File: /work/eauten2s/ec_criteria_struct/chia/input/chia_text_full/NCT02739295.txt wurde erfolgreich geladen.
Die Daten wurden erfolgreich in '/work/eauten2s/ec_criteria_struct/chia/evaluate/eval_full_chia/model_output/Llama-3-70B-Instruct_0_shot_lct_prompt/output/Llama-3-70B-Instruct_NCT02739295_0_shot.txt' gespeichert.
File: NCT02742233 

Das File: /work/eauten2s/ec_criteria_struct/chia/input/chia_text_full/NCT02742233.txt wurde erfolgreich geladen.
Die Daten wurden erfolgreich in '/work/eauten2s/ec_criteria_struct/chia/evaluate/eval_full_chia/model_output/Llama-3-70B-Instruct_0_shot_lct_prompt/output/Llama-3-70B-Instruct_NCT02742233_0_shot.txt' gespeichert.
File: NCT02743598 

Das File: /work/eauten2s/ec_criteria_struct/chia/input/chia_text_full/NCT02743598.txt wurde erfolgreich geladen.
Die Daten wurden erfolgreich in '/work/eauten2s/ec_criteria_struct/chia/evaluate/eval_full_chia/model_output/Llama-3-70B-Instruct_0_shot_lct_prompt/output/Llama-3-70B-Instruct_NCT02743598_0_shot.txt' gespeichert.
File: NCT02744976 

Das File: /work/eauten2s/ec_criteria_struct/chia/input/chia_text_full/NCT02744976.txt wurde erfolgreich geladen.
Die Daten wurden erfolgreich in '/work/eauten2s/ec_criteria_struct/chia/evaluate/eval_full_chia/model_output/Llama-3-70B-Instruct_0_shot_lct_prompt/output/Llama-3-70B-Instruct_NCT02744976_0_shot.txt' gespeichert.
File: NCT02745704 

Das File: /work/eauten2s/ec_criteria_struct/chia/input/chia_text_full/NCT02745704.txt wurde erfolgreich geladen.
Die Daten wurden erfolgreich in '/work/eauten2s/ec_criteria_struct/chia/evaluate/eval_full_chia/model_output/Llama-3-70B-Instruct_0_shot_lct_prompt/output/Llama-3-70B-Instruct_NCT02745704_0_shot.txt' gespeichert.
File: NCT02746900 

Das File: /work/eauten2s/ec_criteria_struct/chia/input/chia_text_full/NCT02746900.txt wurde erfolgreich geladen.
Die Daten wurden erfolgreich in '/work/eauten2s/ec_criteria_struct/chia/evaluate/eval_full_chia/model_output/Llama-3-70B-Instruct_0_shot_lct_prompt/output/Llama-3-70B-Instruct_NCT02746900_0_shot.txt' gespeichert.
File: NCT02747940 

Das File: /work/eauten2s/ec_criteria_struct/chia/input/chia_text_full/NCT02747940.txt wurde erfolgreich geladen.
Die Daten wurden erfolgreich in '/work/eauten2s/ec_criteria_struct/chia/evaluate/eval_full_chia/model_output/Llama-3-70B-Instruct_0_shot_lct_prompt/output/Llama-3-70B-Instruct_NCT02747940_0_shot.txt' gespeichert.
File: NCT02748330 

Das File: /work/eauten2s/ec_criteria_struct/chia/input/chia_text_full/NCT02748330.txt wurde erfolgreich geladen.
Die Daten wurden erfolgreich in '/work/eauten2s/ec_criteria_struct/chia/evaluate/eval_full_chia/model_output/Llama-3-70B-Instruct_0_shot_lct_prompt/output/Llama-3-70B-Instruct_NCT02748330_0_shot.txt' gespeichert.
File: NCT02749617 

Das File: /work/eauten2s/ec_criteria_struct/chia/input/chia_text_full/NCT02749617.txt wurde erfolgreich geladen.
Die Daten wurden erfolgreich in '/work/eauten2s/ec_criteria_struct/chia/evaluate/eval_full_chia/model_output/Llama-3-70B-Instruct_0_shot_lct_prompt/output/Llama-3-70B-Instruct_NCT02749617_0_shot.txt' gespeichert.
File: NCT02754583 

Das File: /work/eauten2s/ec_criteria_struct/chia/input/chia_text_full/NCT02754583.txt wurde erfolgreich geladen.
Die Daten wurden erfolgreich in '/work/eauten2s/ec_criteria_struct/chia/evaluate/eval_full_chia/model_output/Llama-3-70B-Instruct_0_shot_lct_prompt/output/Llama-3-70B-Instruct_NCT02754583_0_shot.txt' gespeichert.
File: NCT02755701 

Das File: /work/eauten2s/ec_criteria_struct/chia/input/chia_text_full/NCT02755701.txt wurde erfolgreich geladen.
Die Daten wurden erfolgreich in '/work/eauten2s/ec_criteria_struct/chia/evaluate/eval_full_chia/model_output/Llama-3-70B-Instruct_0_shot_lct_prompt/output/Llama-3-70B-Instruct_NCT02755701_0_shot.txt' gespeichert.
File: NCT02759861 

Das File: /work/eauten2s/ec_criteria_struct/chia/input/chia_text_full/NCT02759861.txt wurde erfolgreich geladen.
Die Daten wurden erfolgreich in '/work/eauten2s/ec_criteria_struct/chia/evaluate/eval_full_chia/model_output/Llama-3-70B-Instruct_0_shot_lct_prompt/output/Llama-3-70B-Instruct_NCT02759861_0_shot.txt' gespeichert.
File: NCT02760251 

Das File: /work/eauten2s/ec_criteria_struct/chia/input/chia_text_full/NCT02760251.txt wurde erfolgreich geladen.
Die Daten wurden erfolgreich in '/work/eauten2s/ec_criteria_struct/chia/evaluate/eval_full_chia/model_output/Llama-3-70B-Instruct_0_shot_lct_prompt/output/Llama-3-70B-Instruct_NCT02760251_0_shot.txt' gespeichert.
File: NCT02760459 

Das File: /work/eauten2s/ec_criteria_struct/chia/input/chia_text_full/NCT02760459.txt wurde erfolgreich geladen.
Die Daten wurden erfolgreich in '/work/eauten2s/ec_criteria_struct/chia/evaluate/eval_full_chia/model_output/Llama-3-70B-Instruct_0_shot_lct_prompt/output/Llama-3-70B-Instruct_NCT02760459_0_shot.txt' gespeichert.
File: NCT02762851 

Das File: /work/eauten2s/ec_criteria_struct/chia/input/chia_text_full/NCT02762851.txt wurde erfolgreich geladen.
Die Daten wurden erfolgreich in '/work/eauten2s/ec_criteria_struct/chia/evaluate/eval_full_chia/model_output/Llama-3-70B-Instruct_0_shot_lct_prompt/output/Llama-3-70B-Instruct_NCT02762851_0_shot.txt' gespeichert.
File: NCT02763007 

Das File: /work/eauten2s/ec_criteria_struct/chia/input/chia_text_full/NCT02763007.txt wurde erfolgreich geladen.
Die Daten wurden erfolgreich in '/work/eauten2s/ec_criteria_struct/chia/evaluate/eval_full_chia/model_output/Llama-3-70B-Instruct_0_shot_lct_prompt/output/Llama-3-70B-Instruct_NCT02763007_0_shot.txt' gespeichert.
File: NCT02764476 

Das File: /work/eauten2s/ec_criteria_struct/chia/input/chia_text_full/NCT02764476.txt wurde erfolgreich geladen.
Die Daten wurden erfolgreich in '/work/eauten2s/ec_criteria_struct/chia/evaluate/eval_full_chia/model_output/Llama-3-70B-Instruct_0_shot_lct_prompt/output/Llama-3-70B-Instruct_NCT02764476_0_shot.txt' gespeichert.
File: NCT02765035 

Das File: /work/eauten2s/ec_criteria_struct/chia/input/chia_text_full/NCT02765035.txt wurde erfolgreich geladen.
Die Daten wurden erfolgreich in '/work/eauten2s/ec_criteria_struct/chia/evaluate/eval_full_chia/model_output/Llama-3-70B-Instruct_0_shot_lct_prompt/output/Llama-3-70B-Instruct_NCT02765035_0_shot.txt' gespeichert.
File: NCT02765217 

Das File: /work/eauten2s/ec_criteria_struct/chia/input/chia_text_full/NCT02765217.txt wurde erfolgreich geladen.
Die Daten wurden erfolgreich in '/work/eauten2s/ec_criteria_struct/chia/evaluate/eval_full_chia/model_output/Llama-3-70B-Instruct_0_shot_lct_prompt/output/Llama-3-70B-Instruct_NCT02765217_0_shot.txt' gespeichert.
File: NCT02766530 

Das File: /work/eauten2s/ec_criteria_struct/chia/input/chia_text_full/NCT02766530.txt wurde erfolgreich geladen.
Die Daten wurden erfolgreich in '/work/eauten2s/ec_criteria_struct/chia/evaluate/eval_full_chia/model_output/Llama-3-70B-Instruct_0_shot_lct_prompt/output/Llama-3-70B-Instruct_NCT02766530_0_shot.txt' gespeichert.
File: NCT02773173 

Das File: /work/eauten2s/ec_criteria_struct/chia/input/chia_text_full/NCT02773173.txt wurde erfolgreich geladen.
Die Daten wurden erfolgreich in '/work/eauten2s/ec_criteria_struct/chia/evaluate/eval_full_chia/model_output/Llama-3-70B-Instruct_0_shot_lct_prompt/output/Llama-3-70B-Instruct_NCT02773173_0_shot.txt' gespeichert.
File: NCT02774317 

Das File: /work/eauten2s/ec_criteria_struct/chia/input/chia_text_full/NCT02774317.txt wurde erfolgreich geladen.
Die Daten wurden erfolgreich in '/work/eauten2s/ec_criteria_struct/chia/evaluate/eval_full_chia/model_output/Llama-3-70B-Instruct_0_shot_lct_prompt/output/Llama-3-70B-Instruct_NCT02774317_0_shot.txt' gespeichert.
File: NCT02777424 

Das File: /work/eauten2s/ec_criteria_struct/chia/input/chia_text_full/NCT02777424.txt wurde erfolgreich geladen.
Die Daten wurden erfolgreich in '/work/eauten2s/ec_criteria_struct/chia/evaluate/eval_full_chia/model_output/Llama-3-70B-Instruct_0_shot_lct_prompt/output/Llama-3-70B-Instruct_NCT02777424_0_shot.txt' gespeichert.
File: NCT02777580 

Das File: /work/eauten2s/ec_criteria_struct/chia/input/chia_text_full/NCT02777580.txt wurde erfolgreich geladen.
Die Daten wurden erfolgreich in '/work/eauten2s/ec_criteria_struct/chia/evaluate/eval_full_chia/model_output/Llama-3-70B-Instruct_0_shot_lct_prompt/output/Llama-3-70B-Instruct_NCT02777580_0_shot.txt' gespeichert.
File: NCT02779374 

Das File: /work/eauten2s/ec_criteria_struct/chia/input/chia_text_full/NCT02779374.txt wurde erfolgreich geladen.
Die Daten wurden erfolgreich in '/work/eauten2s/ec_criteria_struct/chia/evaluate/eval_full_chia/model_output/Llama-3-70B-Instruct_0_shot_lct_prompt/output/Llama-3-70B-Instruct_NCT02779374_0_shot.txt' gespeichert.
File: NCT02780427 

Das File: /work/eauten2s/ec_criteria_struct/chia/input/chia_text_full/NCT02780427.txt wurde erfolgreich geladen.
Die Daten wurden erfolgreich in '/work/eauten2s/ec_criteria_struct/chia/evaluate/eval_full_chia/model_output/Llama-3-70B-Instruct_0_shot_lct_prompt/output/Llama-3-70B-Instruct_NCT02780427_0_shot.txt' gespeichert.
File: NCT02781610 

Das File: /work/eauten2s/ec_criteria_struct/chia/input/chia_text_full/NCT02781610.txt wurde erfolgreich geladen.
Die Daten wurden erfolgreich in '/work/eauten2s/ec_criteria_struct/chia/evaluate/eval_full_chia/model_output/Llama-3-70B-Instruct_0_shot_lct_prompt/output/Llama-3-70B-Instruct_NCT02781610_0_shot.txt' gespeichert.
File: NCT02782702 

Das File: /work/eauten2s/ec_criteria_struct/chia/input/chia_text_full/NCT02782702.txt wurde erfolgreich geladen.
Die Daten wurden erfolgreich in '/work/eauten2s/ec_criteria_struct/chia/evaluate/eval_full_chia/model_output/Llama-3-70B-Instruct_0_shot_lct_prompt/output/Llama-3-70B-Instruct_NCT02782702_0_shot.txt' gespeichert.
File: NCT02783859 

Das File: /work/eauten2s/ec_criteria_struct/chia/input/chia_text_full/NCT02783859.txt wurde erfolgreich geladen.
Die Daten wurden erfolgreich in '/work/eauten2s/ec_criteria_struct/chia/evaluate/eval_full_chia/model_output/Llama-3-70B-Instruct_0_shot_lct_prompt/output/Llama-3-70B-Instruct_NCT02783859_0_shot.txt' gespeichert.
File: NCT02785549 

Das File: /work/eauten2s/ec_criteria_struct/chia/input/chia_text_full/NCT02785549.txt wurde erfolgreich geladen.
Die Daten wurden erfolgreich in '/work/eauten2s/ec_criteria_struct/chia/evaluate/eval_full_chia/model_output/Llama-3-70B-Instruct_0_shot_lct_prompt/output/Llama-3-70B-Instruct_NCT02785549_0_shot.txt' gespeichert.
File: NCT02787070 

Das File: /work/eauten2s/ec_criteria_struct/chia/input/chia_text_full/NCT02787070.txt wurde erfolgreich geladen.
Die Daten wurden erfolgreich in '/work/eauten2s/ec_criteria_struct/chia/evaluate/eval_full_chia/model_output/Llama-3-70B-Instruct_0_shot_lct_prompt/output/Llama-3-70B-Instruct_NCT02787070_0_shot.txt' gespeichert.
File: NCT02787863 

Das File: /work/eauten2s/ec_criteria_struct/chia/input/chia_text_full/NCT02787863.txt wurde erfolgreich geladen.
Die Daten wurden erfolgreich in '/work/eauten2s/ec_criteria_struct/chia/evaluate/eval_full_chia/model_output/Llama-3-70B-Instruct_0_shot_lct_prompt/output/Llama-3-70B-Instruct_NCT02787863_0_shot.txt' gespeichert.
File: NCT02788045 

Das File: /work/eauten2s/ec_criteria_struct/chia/input/chia_text_full/NCT02788045.txt wurde erfolgreich geladen.
Die Daten wurden erfolgreich in '/work/eauten2s/ec_criteria_struct/chia/evaluate/eval_full_chia/model_output/Llama-3-70B-Instruct_0_shot_lct_prompt/output/Llama-3-70B-Instruct_NCT02788045_0_shot.txt' gespeichert.
File: NCT02789111 

Das File: /work/eauten2s/ec_criteria_struct/chia/input/chia_text_full/NCT02789111.txt wurde erfolgreich geladen.
Die Daten wurden erfolgreich in '/work/eauten2s/ec_criteria_struct/chia/evaluate/eval_full_chia/model_output/Llama-3-70B-Instruct_0_shot_lct_prompt/output/Llama-3-70B-Instruct_NCT02789111_0_shot.txt' gespeichert.
File: NCT02790593 

Das File: /work/eauten2s/ec_criteria_struct/chia/input/chia_text_full/NCT02790593.txt wurde erfolgreich geladen.
Die Daten wurden erfolgreich in '/work/eauten2s/ec_criteria_struct/chia/evaluate/eval_full_chia/model_output/Llama-3-70B-Instruct_0_shot_lct_prompt/output/Llama-3-70B-Instruct_NCT02790593_0_shot.txt' gespeichert.
File: NCT02796378 

Das File: /work/eauten2s/ec_criteria_struct/chia/input/chia_text_full/NCT02796378.txt wurde erfolgreich geladen.
Die Daten wurden erfolgreich in '/work/eauten2s/ec_criteria_struct/chia/evaluate/eval_full_chia/model_output/Llama-3-70B-Instruct_0_shot_lct_prompt/output/Llama-3-70B-Instruct_NCT02796378_0_shot.txt' gespeichert.
File: NCT02797548 

Das File: /work/eauten2s/ec_criteria_struct/chia/input/chia_text_full/NCT02797548.txt wurde erfolgreich geladen.
Die Daten wurden erfolgreich in '/work/eauten2s/ec_criteria_struct/chia/evaluate/eval_full_chia/model_output/Llama-3-70B-Instruct_0_shot_lct_prompt/output/Llama-3-70B-Instruct_NCT02797548_0_shot.txt' gespeichert.
File: NCT02798237 

Das File: /work/eauten2s/ec_criteria_struct/chia/input/chia_text_full/NCT02798237.txt wurde erfolgreich geladen.
Die Daten wurden erfolgreich in '/work/eauten2s/ec_criteria_struct/chia/evaluate/eval_full_chia/model_output/Llama-3-70B-Instruct_0_shot_lct_prompt/output/Llama-3-70B-Instruct_NCT02798237_0_shot.txt' gespeichert.
File: NCT02802644 

Das File: /work/eauten2s/ec_criteria_struct/chia/input/chia_text_full/NCT02802644.txt wurde erfolgreich geladen.
Die Daten wurden erfolgreich in '/work/eauten2s/ec_criteria_struct/chia/evaluate/eval_full_chia/model_output/Llama-3-70B-Instruct_0_shot_lct_prompt/output/Llama-3-70B-Instruct_NCT02802644_0_shot.txt' gespeichert.
File: NCT02804126 

Das File: /work/eauten2s/ec_criteria_struct/chia/input/chia_text_full/NCT02804126.txt wurde erfolgreich geladen.
Die Daten wurden erfolgreich in '/work/eauten2s/ec_criteria_struct/chia/evaluate/eval_full_chia/model_output/Llama-3-70B-Instruct_0_shot_lct_prompt/output/Llama-3-70B-Instruct_NCT02804126_0_shot.txt' gespeichert.
File: NCT02804646 

Das File: /work/eauten2s/ec_criteria_struct/chia/input/chia_text_full/NCT02804646.txt wurde erfolgreich geladen.
Die Daten wurden erfolgreich in '/work/eauten2s/ec_criteria_struct/chia/evaluate/eval_full_chia/model_output/Llama-3-70B-Instruct_0_shot_lct_prompt/output/Llama-3-70B-Instruct_NCT02804646_0_shot.txt' gespeichert.
File: NCT02805504 

Das File: /work/eauten2s/ec_criteria_struct/chia/input/chia_text_full/NCT02805504.txt wurde erfolgreich geladen.
Die Daten wurden erfolgreich in '/work/eauten2s/ec_criteria_struct/chia/evaluate/eval_full_chia/model_output/Llama-3-70B-Instruct_0_shot_lct_prompt/output/Llama-3-70B-Instruct_NCT02805504_0_shot.txt' gespeichert.
File: NCT02807857 

Das File: /work/eauten2s/ec_criteria_struct/chia/input/chia_text_full/NCT02807857.txt wurde erfolgreich geladen.
Die Daten wurden erfolgreich in '/work/eauten2s/ec_criteria_struct/chia/evaluate/eval_full_chia/model_output/Llama-3-70B-Instruct_0_shot_lct_prompt/output/Llama-3-70B-Instruct_NCT02807857_0_shot.txt' gespeichert.
File: NCT02810704 

Das File: /work/eauten2s/ec_criteria_struct/chia/input/chia_text_full/NCT02810704.txt wurde erfolgreich geladen.
Die Daten wurden erfolgreich in '/work/eauten2s/ec_criteria_struct/chia/evaluate/eval_full_chia/model_output/Llama-3-70B-Instruct_0_shot_lct_prompt/output/Llama-3-70B-Instruct_NCT02810704_0_shot.txt' gespeichert.
File: NCT02816164 

Das File: /work/eauten2s/ec_criteria_struct/chia/input/chia_text_full/NCT02816164.txt wurde erfolgreich geladen.
Die Daten wurden erfolgreich in '/work/eauten2s/ec_criteria_struct/chia/evaluate/eval_full_chia/model_output/Llama-3-70B-Instruct_0_shot_lct_prompt/output/Llama-3-70B-Instruct_NCT02816164_0_shot.txt' gespeichert.
File: NCT02816762 

Das File: /work/eauten2s/ec_criteria_struct/chia/input/chia_text_full/NCT02816762.txt wurde erfolgreich geladen.
Die Daten wurden erfolgreich in '/work/eauten2s/ec_criteria_struct/chia/evaluate/eval_full_chia/model_output/Llama-3-70B-Instruct_0_shot_lct_prompt/output/Llama-3-70B-Instruct_NCT02816762_0_shot.txt' gespeichert.
File: NCT02818816 

Das File: /work/eauten2s/ec_criteria_struct/chia/input/chia_text_full/NCT02818816.txt wurde erfolgreich geladen.
Die Daten wurden erfolgreich in '/work/eauten2s/ec_criteria_struct/chia/evaluate/eval_full_chia/model_output/Llama-3-70B-Instruct_0_shot_lct_prompt/output/Llama-3-70B-Instruct_NCT02818816_0_shot.txt' gespeichert.
File: NCT02821819 

Das File: /work/eauten2s/ec_criteria_struct/chia/input/chia_text_full/NCT02821819.txt wurde erfolgreich geladen.
Die Daten wurden erfolgreich in '/work/eauten2s/ec_criteria_struct/chia/evaluate/eval_full_chia/model_output/Llama-3-70B-Instruct_0_shot_lct_prompt/output/Llama-3-70B-Instruct_NCT02821819_0_shot.txt' gespeichert.
File: NCT02822001 

Das File: /work/eauten2s/ec_criteria_struct/chia/input/chia_text_full/NCT02822001.txt wurde erfolgreich geladen.
Die Daten wurden erfolgreich in '/work/eauten2s/ec_criteria_struct/chia/evaluate/eval_full_chia/model_output/Llama-3-70B-Instruct_0_shot_lct_prompt/output/Llama-3-70B-Instruct_NCT02822001_0_shot.txt' gespeichert.
File: NCT02823808 

Das File: /work/eauten2s/ec_criteria_struct/chia/input/chia_text_full/NCT02823808.txt wurde erfolgreich geladen.
Die Daten wurden erfolgreich in '/work/eauten2s/ec_criteria_struct/chia/evaluate/eval_full_chia/model_output/Llama-3-70B-Instruct_0_shot_lct_prompt/output/Llama-3-70B-Instruct_NCT02823808_0_shot.txt' gespeichert.
File: NCT02825290 

Das File: /work/eauten2s/ec_criteria_struct/chia/input/chia_text_full/NCT02825290.txt wurde erfolgreich geladen.
Die Daten wurden erfolgreich in '/work/eauten2s/ec_criteria_struct/chia/evaluate/eval_full_chia/model_output/Llama-3-70B-Instruct_0_shot_lct_prompt/output/Llama-3-70B-Instruct_NCT02825290_0_shot.txt' gespeichert.
File: NCT02827487 

Das File: /work/eauten2s/ec_criteria_struct/chia/input/chia_text_full/NCT02827487.txt wurde erfolgreich geladen.
Die Daten wurden erfolgreich in '/work/eauten2s/ec_criteria_struct/chia/evaluate/eval_full_chia/model_output/Llama-3-70B-Instruct_0_shot_lct_prompt/output/Llama-3-70B-Instruct_NCT02827487_0_shot.txt' gespeichert.
File: NCT02827526 

Das File: /work/eauten2s/ec_criteria_struct/chia/input/chia_text_full/NCT02827526.txt wurde erfolgreich geladen.
Die Daten wurden erfolgreich in '/work/eauten2s/ec_criteria_struct/chia/evaluate/eval_full_chia/model_output/Llama-3-70B-Instruct_0_shot_lct_prompt/output/Llama-3-70B-Instruct_NCT02827526_0_shot.txt' gespeichert.
File: NCT02830360 

Das File: /work/eauten2s/ec_criteria_struct/chia/input/chia_text_full/NCT02830360.txt wurde erfolgreich geladen.
Die Daten wurden erfolgreich in '/work/eauten2s/ec_criteria_struct/chia/evaluate/eval_full_chia/model_output/Llama-3-70B-Instruct_0_shot_lct_prompt/output/Llama-3-70B-Instruct_NCT02830360_0_shot.txt' gespeichert.
File: NCT02831166 

Das File: /work/eauten2s/ec_criteria_struct/chia/input/chia_text_full/NCT02831166.txt wurde erfolgreich geladen.
Die Daten wurden erfolgreich in '/work/eauten2s/ec_criteria_struct/chia/evaluate/eval_full_chia/model_output/Llama-3-70B-Instruct_0_shot_lct_prompt/output/Llama-3-70B-Instruct_NCT02831166_0_shot.txt' gespeichert.
File: NCT02833116 

Das File: /work/eauten2s/ec_criteria_struct/chia/input/chia_text_full/NCT02833116.txt wurde erfolgreich geladen.
Die Daten wurden erfolgreich in '/work/eauten2s/ec_criteria_struct/chia/evaluate/eval_full_chia/model_output/Llama-3-70B-Instruct_0_shot_lct_prompt/output/Llama-3-70B-Instruct_NCT02833116_0_shot.txt' gespeichert.
File: NCT02833623 

Das File: /work/eauten2s/ec_criteria_struct/chia/input/chia_text_full/NCT02833623.txt wurde erfolgreich geladen.
Die Daten wurden erfolgreich in '/work/eauten2s/ec_criteria_struct/chia/evaluate/eval_full_chia/model_output/Llama-3-70B-Instruct_0_shot_lct_prompt/output/Llama-3-70B-Instruct_NCT02833623_0_shot.txt' gespeichert.
File: NCT02837783 

Das File: /work/eauten2s/ec_criteria_struct/chia/input/chia_text_full/NCT02837783.txt wurde erfolgreich geladen.
Die Daten wurden erfolgreich in '/work/eauten2s/ec_criteria_struct/chia/evaluate/eval_full_chia/model_output/Llama-3-70B-Instruct_0_shot_lct_prompt/output/Llama-3-70B-Instruct_NCT02837783_0_shot.txt' gespeichert.
File: NCT02838810 

Das File: /work/eauten2s/ec_criteria_struct/chia/input/chia_text_full/NCT02838810.txt wurde erfolgreich geladen.
Die Daten wurden erfolgreich in '/work/eauten2s/ec_criteria_struct/chia/evaluate/eval_full_chia/model_output/Llama-3-70B-Instruct_0_shot_lct_prompt/output/Llama-3-70B-Instruct_NCT02838810_0_shot.txt' gespeichert.
File: NCT02842424 

Das File: /work/eauten2s/ec_criteria_struct/chia/input/chia_text_full/NCT02842424.txt wurde erfolgreich geladen.
Die Daten wurden erfolgreich in '/work/eauten2s/ec_criteria_struct/chia/evaluate/eval_full_chia/model_output/Llama-3-70B-Instruct_0_shot_lct_prompt/output/Llama-3-70B-Instruct_NCT02842424_0_shot.txt' gespeichert.
File: NCT02844907 

Das File: /work/eauten2s/ec_criteria_struct/chia/input/chia_text_full/NCT02844907.txt wurde erfolgreich geladen.
Die Daten wurden erfolgreich in '/work/eauten2s/ec_criteria_struct/chia/evaluate/eval_full_chia/model_output/Llama-3-70B-Instruct_0_shot_lct_prompt/output/Llama-3-70B-Instruct_NCT02844907_0_shot.txt' gespeichert.
File: NCT02845427 

Das File: /work/eauten2s/ec_criteria_struct/chia/input/chia_text_full/NCT02845427.txt wurde erfolgreich geladen.
Die Daten wurden erfolgreich in '/work/eauten2s/ec_criteria_struct/chia/evaluate/eval_full_chia/model_output/Llama-3-70B-Instruct_0_shot_lct_prompt/output/Llama-3-70B-Instruct_NCT02845427_0_shot.txt' gespeichert.
File: NCT02849483 

Das File: /work/eauten2s/ec_criteria_struct/chia/input/chia_text_full/NCT02849483.txt wurde erfolgreich geladen.
Die Daten wurden erfolgreich in '/work/eauten2s/ec_criteria_struct/chia/evaluate/eval_full_chia/model_output/Llama-3-70B-Instruct_0_shot_lct_prompt/output/Llama-3-70B-Instruct_NCT02849483_0_shot.txt' gespeichert.
File: NCT02851303 

Das File: /work/eauten2s/ec_criteria_struct/chia/input/chia_text_full/NCT02851303.txt wurde erfolgreich geladen.
Die Daten wurden erfolgreich in '/work/eauten2s/ec_criteria_struct/chia/evaluate/eval_full_chia/model_output/Llama-3-70B-Instruct_0_shot_lct_prompt/output/Llama-3-70B-Instruct_NCT02851303_0_shot.txt' gespeichert.
File: NCT02851888 

Das File: /work/eauten2s/ec_criteria_struct/chia/input/chia_text_full/NCT02851888.txt wurde erfolgreich geladen.
Die Daten wurden erfolgreich in '/work/eauten2s/ec_criteria_struct/chia/evaluate/eval_full_chia/model_output/Llama-3-70B-Instruct_0_shot_lct_prompt/output/Llama-3-70B-Instruct_NCT02851888_0_shot.txt' gespeichert.
File: NCT02858180 

Das File: /work/eauten2s/ec_criteria_struct/chia/input/chia_text_full/NCT02858180.txt wurde erfolgreich geladen.
Die Daten wurden erfolgreich in '/work/eauten2s/ec_criteria_struct/chia/evaluate/eval_full_chia/model_output/Llama-3-70B-Instruct_0_shot_lct_prompt/output/Llama-3-70B-Instruct_NCT02858180_0_shot.txt' gespeichert.
File: NCT02858804 

Das File: /work/eauten2s/ec_criteria_struct/chia/input/chia_text_full/NCT02858804.txt wurde erfolgreich geladen.
Die Daten wurden erfolgreich in '/work/eauten2s/ec_criteria_struct/chia/evaluate/eval_full_chia/model_output/Llama-3-70B-Instruct_0_shot_lct_prompt/output/Llama-3-70B-Instruct_NCT02858804_0_shot.txt' gespeichert.
File: NCT02859480 

Das File: /work/eauten2s/ec_criteria_struct/chia/input/chia_text_full/NCT02859480.txt wurde erfolgreich geladen.
Die Daten wurden erfolgreich in '/work/eauten2s/ec_criteria_struct/chia/evaluate/eval_full_chia/model_output/Llama-3-70B-Instruct_0_shot_lct_prompt/output/Llama-3-70B-Instruct_NCT02859480_0_shot.txt' gespeichert.
File: NCT02862314 

Das File: /work/eauten2s/ec_criteria_struct/chia/input/chia_text_full/NCT02862314.txt wurde erfolgreich geladen.
Die Daten wurden erfolgreich in '/work/eauten2s/ec_criteria_struct/chia/evaluate/eval_full_chia/model_output/Llama-3-70B-Instruct_0_shot_lct_prompt/output/Llama-3-70B-Instruct_NCT02862314_0_shot.txt' gespeichert.
File: NCT02862912 

Das File: /work/eauten2s/ec_criteria_struct/chia/input/chia_text_full/NCT02862912.txt wurde erfolgreich geladen.
Die Daten wurden erfolgreich in '/work/eauten2s/ec_criteria_struct/chia/evaluate/eval_full_chia/model_output/Llama-3-70B-Instruct_0_shot_lct_prompt/output/Llama-3-70B-Instruct_NCT02862912_0_shot.txt' gespeichert.
File: NCT02863120 

Das File: /work/eauten2s/ec_criteria_struct/chia/input/chia_text_full/NCT02863120.txt wurde erfolgreich geladen.
Die Daten wurden erfolgreich in '/work/eauten2s/ec_criteria_struct/chia/evaluate/eval_full_chia/model_output/Llama-3-70B-Instruct_0_shot_lct_prompt/output/Llama-3-70B-Instruct_NCT02863120_0_shot.txt' gespeichert.
File: NCT02867618 

Das File: /work/eauten2s/ec_criteria_struct/chia/input/chia_text_full/NCT02867618.txt wurde erfolgreich geladen.
Die Daten wurden erfolgreich in '/work/eauten2s/ec_criteria_struct/chia/evaluate/eval_full_chia/model_output/Llama-3-70B-Instruct_0_shot_lct_prompt/output/Llama-3-70B-Instruct_NCT02867618_0_shot.txt' gespeichert.
File: NCT02868437 

Das File: /work/eauten2s/ec_criteria_struct/chia/input/chia_text_full/NCT02868437.txt wurde erfolgreich geladen.
Die Daten wurden erfolgreich in '/work/eauten2s/ec_criteria_struct/chia/evaluate/eval_full_chia/model_output/Llama-3-70B-Instruct_0_shot_lct_prompt/output/Llama-3-70B-Instruct_NCT02868437_0_shot.txt' gespeichert.
File: NCT02871206 

Das File: /work/eauten2s/ec_criteria_struct/chia/input/chia_text_full/NCT02871206.txt wurde erfolgreich geladen.
Die Daten wurden erfolgreich in '/work/eauten2s/ec_criteria_struct/chia/evaluate/eval_full_chia/model_output/Llama-3-70B-Instruct_0_shot_lct_prompt/output/Llama-3-70B-Instruct_NCT02871206_0_shot.txt' gespeichert.
File: NCT02872090 

Das File: /work/eauten2s/ec_criteria_struct/chia/input/chia_text_full/NCT02872090.txt wurde erfolgreich geladen.
Die Daten wurden erfolgreich in '/work/eauten2s/ec_criteria_struct/chia/evaluate/eval_full_chia/model_output/Llama-3-70B-Instruct_0_shot_lct_prompt/output/Llama-3-70B-Instruct_NCT02872090_0_shot.txt' gespeichert.
File: NCT02872935 

Das File: /work/eauten2s/ec_criteria_struct/chia/input/chia_text_full/NCT02872935.txt wurde erfolgreich geladen.
Die Daten wurden erfolgreich in '/work/eauten2s/ec_criteria_struct/chia/evaluate/eval_full_chia/model_output/Llama-3-70B-Instruct_0_shot_lct_prompt/output/Llama-3-70B-Instruct_NCT02872935_0_shot.txt' gespeichert.
File: NCT02874092 

Das File: /work/eauten2s/ec_criteria_struct/chia/input/chia_text_full/NCT02874092.txt wurde erfolgreich geladen.
Die Daten wurden erfolgreich in '/work/eauten2s/ec_criteria_struct/chia/evaluate/eval_full_chia/model_output/Llama-3-70B-Instruct_0_shot_lct_prompt/output/Llama-3-70B-Instruct_NCT02874092_0_shot.txt' gespeichert.
File: NCT02876484 

Das File: /work/eauten2s/ec_criteria_struct/chia/input/chia_text_full/NCT02876484.txt wurde erfolgreich geladen.
Die Daten wurden erfolgreich in '/work/eauten2s/ec_criteria_struct/chia/evaluate/eval_full_chia/model_output/Llama-3-70B-Instruct_0_shot_lct_prompt/output/Llama-3-70B-Instruct_NCT02876484_0_shot.txt' gespeichert.
File: NCT02877485 

Das File: /work/eauten2s/ec_criteria_struct/chia/input/chia_text_full/NCT02877485.txt wurde erfolgreich geladen.
Die Daten wurden erfolgreich in '/work/eauten2s/ec_criteria_struct/chia/evaluate/eval_full_chia/model_output/Llama-3-70B-Instruct_0_shot_lct_prompt/output/Llama-3-70B-Instruct_NCT02877485_0_shot.txt' gespeichert.
File: NCT02882113 

Das File: /work/eauten2s/ec_criteria_struct/chia/input/chia_text_full/NCT02882113.txt wurde erfolgreich geladen.
Die Daten wurden erfolgreich in '/work/eauten2s/ec_criteria_struct/chia/evaluate/eval_full_chia/model_output/Llama-3-70B-Instruct_0_shot_lct_prompt/output/Llama-3-70B-Instruct_NCT02882113_0_shot.txt' gespeichert.
File: NCT02883400 

Das File: /work/eauten2s/ec_criteria_struct/chia/input/chia_text_full/NCT02883400.txt wurde erfolgreich geladen.
Die Daten wurden erfolgreich in '/work/eauten2s/ec_criteria_struct/chia/evaluate/eval_full_chia/model_output/Llama-3-70B-Instruct_0_shot_lct_prompt/output/Llama-3-70B-Instruct_NCT02883400_0_shot.txt' gespeichert.
File: NCT02884115 

Das File: /work/eauten2s/ec_criteria_struct/chia/input/chia_text_full/NCT02884115.txt wurde erfolgreich geladen.
Die Daten wurden erfolgreich in '/work/eauten2s/ec_criteria_struct/chia/evaluate/eval_full_chia/model_output/Llama-3-70B-Instruct_0_shot_lct_prompt/output/Llama-3-70B-Instruct_NCT02884115_0_shot.txt' gespeichert.
File: NCT02884401 

Das File: /work/eauten2s/ec_criteria_struct/chia/input/chia_text_full/NCT02884401.txt wurde erfolgreich geladen.
Die Daten wurden erfolgreich in '/work/eauten2s/ec_criteria_struct/chia/evaluate/eval_full_chia/model_output/Llama-3-70B-Instruct_0_shot_lct_prompt/output/Llama-3-70B-Instruct_NCT02884401_0_shot.txt' gespeichert.
File: NCT02885909 

Das File: /work/eauten2s/ec_criteria_struct/chia/input/chia_text_full/NCT02885909.txt wurde erfolgreich geladen.
Die Daten wurden erfolgreich in '/work/eauten2s/ec_criteria_struct/chia/evaluate/eval_full_chia/model_output/Llama-3-70B-Instruct_0_shot_lct_prompt/output/Llama-3-70B-Instruct_NCT02885909_0_shot.txt' gespeichert.
File: NCT02886962 

Das File: /work/eauten2s/ec_criteria_struct/chia/input/chia_text_full/NCT02886962.txt wurde erfolgreich geladen.
Die Daten wurden erfolgreich in '/work/eauten2s/ec_criteria_struct/chia/evaluate/eval_full_chia/model_output/Llama-3-70B-Instruct_0_shot_lct_prompt/output/Llama-3-70B-Instruct_NCT02886962_0_shot.txt' gespeichert.
File: NCT02888704 

Das File: /work/eauten2s/ec_criteria_struct/chia/input/chia_text_full/NCT02888704.txt wurde erfolgreich geladen.
Die Daten wurden erfolgreich in '/work/eauten2s/ec_criteria_struct/chia/evaluate/eval_full_chia/model_output/Llama-3-70B-Instruct_0_shot_lct_prompt/output/Llama-3-70B-Instruct_NCT02888704_0_shot.txt' gespeichert.
File: NCT02890719 

Das File: /work/eauten2s/ec_criteria_struct/chia/input/chia_text_full/NCT02890719.txt wurde erfolgreich geladen.
Die Daten wurden erfolgreich in '/work/eauten2s/ec_criteria_struct/chia/evaluate/eval_full_chia/model_output/Llama-3-70B-Instruct_0_shot_lct_prompt/output/Llama-3-70B-Instruct_NCT02890719_0_shot.txt' gespeichert.
File: NCT02892968 

Das File: /work/eauten2s/ec_criteria_struct/chia/input/chia_text_full/NCT02892968.txt wurde erfolgreich geladen.
Die Daten wurden erfolgreich in '/work/eauten2s/ec_criteria_struct/chia/evaluate/eval_full_chia/model_output/Llama-3-70B-Instruct_0_shot_lct_prompt/output/Llama-3-70B-Instruct_NCT02892968_0_shot.txt' gespeichert.
File: NCT02893228 

Das File: /work/eauten2s/ec_criteria_struct/chia/input/chia_text_full/NCT02893228.txt wurde erfolgreich geladen.
Die Daten wurden erfolgreich in '/work/eauten2s/ec_criteria_struct/chia/evaluate/eval_full_chia/model_output/Llama-3-70B-Instruct_0_shot_lct_prompt/output/Llama-3-70B-Instruct_NCT02893228_0_shot.txt' gespeichert.
File: NCT02893293 

Das File: /work/eauten2s/ec_criteria_struct/chia/input/chia_text_full/NCT02893293.txt wurde erfolgreich geladen.
Die Daten wurden erfolgreich in '/work/eauten2s/ec_criteria_struct/chia/evaluate/eval_full_chia/model_output/Llama-3-70B-Instruct_0_shot_lct_prompt/output/Llama-3-70B-Instruct_NCT02893293_0_shot.txt' gespeichert.
File: NCT02894268 

Das File: /work/eauten2s/ec_criteria_struct/chia/input/chia_text_full/NCT02894268.txt wurde erfolgreich geladen.
Die Daten wurden erfolgreich in '/work/eauten2s/ec_criteria_struct/chia/evaluate/eval_full_chia/model_output/Llama-3-70B-Instruct_0_shot_lct_prompt/output/Llama-3-70B-Instruct_NCT02894268_0_shot.txt' gespeichert.
File: NCT02894372 

Das File: /work/eauten2s/ec_criteria_struct/chia/input/chia_text_full/NCT02894372.txt wurde erfolgreich geladen.
Die Daten wurden erfolgreich in '/work/eauten2s/ec_criteria_struct/chia/evaluate/eval_full_chia/model_output/Llama-3-70B-Instruct_0_shot_lct_prompt/output/Llama-3-70B-Instruct_NCT02894372_0_shot.txt' gespeichert.
File: NCT02894645 

Das File: /work/eauten2s/ec_criteria_struct/chia/input/chia_text_full/NCT02894645.txt wurde erfolgreich geladen.
Die Daten wurden erfolgreich in '/work/eauten2s/ec_criteria_struct/chia/evaluate/eval_full_chia/model_output/Llama-3-70B-Instruct_0_shot_lct_prompt/output/Llama-3-70B-Instruct_NCT02894645_0_shot.txt' gespeichert.
File: NCT02897856 

Das File: /work/eauten2s/ec_criteria_struct/chia/input/chia_text_full/NCT02897856.txt wurde erfolgreich geladen.
Die Daten wurden erfolgreich in '/work/eauten2s/ec_criteria_struct/chia/evaluate/eval_full_chia/model_output/Llama-3-70B-Instruct_0_shot_lct_prompt/output/Llama-3-70B-Instruct_NCT02897856_0_shot.txt' gespeichert.
File: NCT02900443 

Das File: /work/eauten2s/ec_criteria_struct/chia/input/chia_text_full/NCT02900443.txt wurde erfolgreich geladen.
Die Daten wurden erfolgreich in '/work/eauten2s/ec_criteria_struct/chia/evaluate/eval_full_chia/model_output/Llama-3-70B-Instruct_0_shot_lct_prompt/output/Llama-3-70B-Instruct_NCT02900443_0_shot.txt' gespeichert.
File: NCT02901106 

Das File: /work/eauten2s/ec_criteria_struct/chia/input/chia_text_full/NCT02901106.txt wurde erfolgreich geladen.
Die Daten wurden erfolgreich in '/work/eauten2s/ec_criteria_struct/chia/evaluate/eval_full_chia/model_output/Llama-3-70B-Instruct_0_shot_lct_prompt/output/Llama-3-70B-Instruct_NCT02901106_0_shot.txt' gespeichert.
File: NCT02902120 

Das File: /work/eauten2s/ec_criteria_struct/chia/input/chia_text_full/NCT02902120.txt wurde erfolgreich geladen.
Die Daten wurden erfolgreich in '/work/eauten2s/ec_criteria_struct/chia/evaluate/eval_full_chia/model_output/Llama-3-70B-Instruct_0_shot_lct_prompt/output/Llama-3-70B-Instruct_NCT02902120_0_shot.txt' gespeichert.
File: NCT02903407 

Das File: /work/eauten2s/ec_criteria_struct/chia/input/chia_text_full/NCT02903407.txt wurde erfolgreich geladen.
Die Daten wurden erfolgreich in '/work/eauten2s/ec_criteria_struct/chia/evaluate/eval_full_chia/model_output/Llama-3-70B-Instruct_0_shot_lct_prompt/output/Llama-3-70B-Instruct_NCT02903407_0_shot.txt' gespeichert.
File: NCT02904785 

Das File: /work/eauten2s/ec_criteria_struct/chia/input/chia_text_full/NCT02904785.txt wurde erfolgreich geladen.
Die Daten wurden erfolgreich in '/work/eauten2s/ec_criteria_struct/chia/evaluate/eval_full_chia/model_output/Llama-3-70B-Instruct_0_shot_lct_prompt/output/Llama-3-70B-Instruct_NCT02904785_0_shot.txt' gespeichert.
File: NCT02905734 

Das File: /work/eauten2s/ec_criteria_struct/chia/input/chia_text_full/NCT02905734.txt wurde erfolgreich geladen.
Die Daten wurden erfolgreich in '/work/eauten2s/ec_criteria_struct/chia/evaluate/eval_full_chia/model_output/Llama-3-70B-Instruct_0_shot_lct_prompt/output/Llama-3-70B-Instruct_NCT02905734_0_shot.txt' gespeichert.
File: NCT02905890 

Das File: /work/eauten2s/ec_criteria_struct/chia/input/chia_text_full/NCT02905890.txt wurde erfolgreich geladen.
Die Daten wurden erfolgreich in '/work/eauten2s/ec_criteria_struct/chia/evaluate/eval_full_chia/model_output/Llama-3-70B-Instruct_0_shot_lct_prompt/output/Llama-3-70B-Instruct_NCT02905890_0_shot.txt' gespeichert.
File: NCT02907554 

Das File: /work/eauten2s/ec_criteria_struct/chia/input/chia_text_full/NCT02907554.txt wurde erfolgreich geladen.
Die Daten wurden erfolgreich in '/work/eauten2s/ec_criteria_struct/chia/evaluate/eval_full_chia/model_output/Llama-3-70B-Instruct_0_shot_lct_prompt/output/Llama-3-70B-Instruct_NCT02907554_0_shot.txt' gespeichert.
File: NCT02908919 

Das File: /work/eauten2s/ec_criteria_struct/chia/input/chia_text_full/NCT02908919.txt wurde erfolgreich geladen.
Die Daten wurden erfolgreich in '/work/eauten2s/ec_criteria_struct/chia/evaluate/eval_full_chia/model_output/Llama-3-70B-Instruct_0_shot_lct_prompt/output/Llama-3-70B-Instruct_NCT02908919_0_shot.txt' gespeichert.
File: NCT02912182 

Das File: /work/eauten2s/ec_criteria_struct/chia/input/chia_text_full/NCT02912182.txt wurde erfolgreich geladen.
Die Daten wurden erfolgreich in '/work/eauten2s/ec_criteria_struct/chia/evaluate/eval_full_chia/model_output/Llama-3-70B-Instruct_0_shot_lct_prompt/output/Llama-3-70B-Instruct_NCT02912182_0_shot.txt' gespeichert.
File: NCT02916342 

Das File: /work/eauten2s/ec_criteria_struct/chia/input/chia_text_full/NCT02916342.txt wurde erfolgreich geladen.
Die Daten wurden erfolgreich in '/work/eauten2s/ec_criteria_struct/chia/evaluate/eval_full_chia/model_output/Llama-3-70B-Instruct_0_shot_lct_prompt/output/Llama-3-70B-Instruct_NCT02916342_0_shot.txt' gespeichert.
File: NCT02918409 

Das File: /work/eauten2s/ec_criteria_struct/chia/input/chia_text_full/NCT02918409.txt wurde erfolgreich geladen.
Die Daten wurden erfolgreich in '/work/eauten2s/ec_criteria_struct/chia/evaluate/eval_full_chia/model_output/Llama-3-70B-Instruct_0_shot_lct_prompt/output/Llama-3-70B-Instruct_NCT02918409_0_shot.txt' gespeichert.
File: NCT02918851 

Das File: /work/eauten2s/ec_criteria_struct/chia/input/chia_text_full/NCT02918851.txt wurde erfolgreich geladen.
Die Daten wurden erfolgreich in '/work/eauten2s/ec_criteria_struct/chia/evaluate/eval_full_chia/model_output/Llama-3-70B-Instruct_0_shot_lct_prompt/output/Llama-3-70B-Instruct_NCT02918851_0_shot.txt' gespeichert.
File: NCT02920177 

Das File: /work/eauten2s/ec_criteria_struct/chia/input/chia_text_full/NCT02920177.txt wurde erfolgreich geladen.
Die Daten wurden erfolgreich in '/work/eauten2s/ec_criteria_struct/chia/evaluate/eval_full_chia/model_output/Llama-3-70B-Instruct_0_shot_lct_prompt/output/Llama-3-70B-Instruct_NCT02920177_0_shot.txt' gespeichert.
File: NCT02923700 

Das File: /work/eauten2s/ec_criteria_struct/chia/input/chia_text_full/NCT02923700.txt wurde erfolgreich geladen.
Die Daten wurden erfolgreich in '/work/eauten2s/ec_criteria_struct/chia/evaluate/eval_full_chia/model_output/Llama-3-70B-Instruct_0_shot_lct_prompt/output/Llama-3-70B-Instruct_NCT02923700_0_shot.txt' gespeichert.
File: NCT02924090 

Das File: /work/eauten2s/ec_criteria_struct/chia/input/chia_text_full/NCT02924090.txt wurde erfolgreich geladen.
Die Daten wurden erfolgreich in '/work/eauten2s/ec_criteria_struct/chia/evaluate/eval_full_chia/model_output/Llama-3-70B-Instruct_0_shot_lct_prompt/output/Llama-3-70B-Instruct_NCT02924090_0_shot.txt' gespeichert.
File: NCT02924870 

Das File: /work/eauten2s/ec_criteria_struct/chia/input/chia_text_full/NCT02924870.txt wurde erfolgreich geladen.
Die Daten wurden erfolgreich in '/work/eauten2s/ec_criteria_struct/chia/evaluate/eval_full_chia/model_output/Llama-3-70B-Instruct_0_shot_lct_prompt/output/Llama-3-70B-Instruct_NCT02924870_0_shot.txt' gespeichert.
File: NCT02926235 

Das File: /work/eauten2s/ec_criteria_struct/chia/input/chia_text_full/NCT02926235.txt wurde erfolgreich geladen.
Die Daten wurden erfolgreich in '/work/eauten2s/ec_criteria_struct/chia/evaluate/eval_full_chia/model_output/Llama-3-70B-Instruct_0_shot_lct_prompt/output/Llama-3-70B-Instruct_NCT02926235_0_shot.txt' gespeichert.
File: NCT02926989 

Das File: /work/eauten2s/ec_criteria_struct/chia/input/chia_text_full/NCT02926989.txt wurde erfolgreich geladen.
Die Daten wurden erfolgreich in '/work/eauten2s/ec_criteria_struct/chia/evaluate/eval_full_chia/model_output/Llama-3-70B-Instruct_0_shot_lct_prompt/output/Llama-3-70B-Instruct_NCT02926989_0_shot.txt' gespeichert.
File: NCT02933671 

Das File: /work/eauten2s/ec_criteria_struct/chia/input/chia_text_full/NCT02933671.txt wurde erfolgreich geladen.
Die Daten wurden erfolgreich in '/work/eauten2s/ec_criteria_struct/chia/evaluate/eval_full_chia/model_output/Llama-3-70B-Instruct_0_shot_lct_prompt/output/Llama-3-70B-Instruct_NCT02933671_0_shot.txt' gespeichert.
File: NCT02934269 

Das File: /work/eauten2s/ec_criteria_struct/chia/input/chia_text_full/NCT02934269.txt wurde erfolgreich geladen.
Die Daten wurden erfolgreich in '/work/eauten2s/ec_criteria_struct/chia/evaluate/eval_full_chia/model_output/Llama-3-70B-Instruct_0_shot_lct_prompt/output/Llama-3-70B-Instruct_NCT02934269_0_shot.txt' gespeichert.
File: NCT02935855 

Das File: /work/eauten2s/ec_criteria_struct/chia/input/chia_text_full/NCT02935855.txt wurde erfolgreich geladen.
Die Daten wurden erfolgreich in '/work/eauten2s/ec_criteria_struct/chia/evaluate/eval_full_chia/model_output/Llama-3-70B-Instruct_0_shot_lct_prompt/output/Llama-3-70B-Instruct_NCT02935855_0_shot.txt' gespeichert.
File: NCT02937779 

Das File: /work/eauten2s/ec_criteria_struct/chia/input/chia_text_full/NCT02937779.txt wurde erfolgreich geladen.
Die Daten wurden erfolgreich in '/work/eauten2s/ec_criteria_struct/chia/evaluate/eval_full_chia/model_output/Llama-3-70B-Instruct_0_shot_lct_prompt/output/Llama-3-70B-Instruct_NCT02937779_0_shot.txt' gespeichert.
File: NCT02939209 

Das File: /work/eauten2s/ec_criteria_struct/chia/input/chia_text_full/NCT02939209.txt wurde erfolgreich geladen.
Die Daten wurden erfolgreich in '/work/eauten2s/ec_criteria_struct/chia/evaluate/eval_full_chia/model_output/Llama-3-70B-Instruct_0_shot_lct_prompt/output/Llama-3-70B-Instruct_NCT02939209_0_shot.txt' gespeichert.
File: NCT02939872 

Das File: /work/eauten2s/ec_criteria_struct/chia/input/chia_text_full/NCT02939872.txt wurde erfolgreich geladen.
Die Daten wurden erfolgreich in '/work/eauten2s/ec_criteria_struct/chia/evaluate/eval_full_chia/model_output/Llama-3-70B-Instruct_0_shot_lct_prompt/output/Llama-3-70B-Instruct_NCT02939872_0_shot.txt' gespeichert.
File: NCT02940912 

Das File: /work/eauten2s/ec_criteria_struct/chia/input/chia_text_full/NCT02940912.txt wurde erfolgreich geladen.
Die Daten wurden erfolgreich in '/work/eauten2s/ec_criteria_struct/chia/evaluate/eval_full_chia/model_output/Llama-3-70B-Instruct_0_shot_lct_prompt/output/Llama-3-70B-Instruct_NCT02940912_0_shot.txt' gespeichert.
File: NCT02942303 

Das File: /work/eauten2s/ec_criteria_struct/chia/input/chia_text_full/NCT02942303.txt wurde erfolgreich geladen.
Die Daten wurden erfolgreich in '/work/eauten2s/ec_criteria_struct/chia/evaluate/eval_full_chia/model_output/Llama-3-70B-Instruct_0_shot_lct_prompt/output/Llama-3-70B-Instruct_NCT02942303_0_shot.txt' gespeichert.
File: NCT02944292 

Das File: /work/eauten2s/ec_criteria_struct/chia/input/chia_text_full/NCT02944292.txt wurde erfolgreich geladen.
Die Daten wurden erfolgreich in '/work/eauten2s/ec_criteria_struct/chia/evaluate/eval_full_chia/model_output/Llama-3-70B-Instruct_0_shot_lct_prompt/output/Llama-3-70B-Instruct_NCT02944292_0_shot.txt' gespeichert.
File: NCT02944604 

Das File: /work/eauten2s/ec_criteria_struct/chia/input/chia_text_full/NCT02944604.txt wurde erfolgreich geladen.
Die Daten wurden erfolgreich in '/work/eauten2s/ec_criteria_struct/chia/evaluate/eval_full_chia/model_output/Llama-3-70B-Instruct_0_shot_lct_prompt/output/Llama-3-70B-Instruct_NCT02944604_0_shot.txt' gespeichert.
File: NCT02944929 

Das File: /work/eauten2s/ec_criteria_struct/chia/input/chia_text_full/NCT02944929.txt wurde erfolgreich geladen.
Die Daten wurden erfolgreich in '/work/eauten2s/ec_criteria_struct/chia/evaluate/eval_full_chia/model_output/Llama-3-70B-Instruct_0_shot_lct_prompt/output/Llama-3-70B-Instruct_NCT02944929_0_shot.txt' gespeichert.
File: NCT02946892 

Das File: /work/eauten2s/ec_criteria_struct/chia/input/chia_text_full/NCT02946892.txt wurde erfolgreich geladen.
Die Daten wurden erfolgreich in '/work/eauten2s/ec_criteria_struct/chia/evaluate/eval_full_chia/model_output/Llama-3-70B-Instruct_0_shot_lct_prompt/output/Llama-3-70B-Instruct_NCT02946892_0_shot.txt' gespeichert.
File: NCT02946918 

Das File: /work/eauten2s/ec_criteria_struct/chia/input/chia_text_full/NCT02946918.txt wurde erfolgreich geladen.
Die Daten wurden erfolgreich in '/work/eauten2s/ec_criteria_struct/chia/evaluate/eval_full_chia/model_output/Llama-3-70B-Instruct_0_shot_lct_prompt/output/Llama-3-70B-Instruct_NCT02946918_0_shot.txt' gespeichert.
File: NCT02950558 

Das File: /work/eauten2s/ec_criteria_struct/chia/input/chia_text_full/NCT02950558.txt wurde erfolgreich geladen.
Die Daten wurden erfolgreich in '/work/eauten2s/ec_criteria_struct/chia/evaluate/eval_full_chia/model_output/Llama-3-70B-Instruct_0_shot_lct_prompt/output/Llama-3-70B-Instruct_NCT02950558_0_shot.txt' gespeichert.
File: NCT02951520 

Das File: /work/eauten2s/ec_criteria_struct/chia/input/chia_text_full/NCT02951520.txt wurde erfolgreich geladen.
Die Daten wurden erfolgreich in '/work/eauten2s/ec_criteria_struct/chia/evaluate/eval_full_chia/model_output/Llama-3-70B-Instruct_0_shot_lct_prompt/output/Llama-3-70B-Instruct_NCT02951520_0_shot.txt' gespeichert.
File: NCT02951754 

Das File: /work/eauten2s/ec_criteria_struct/chia/input/chia_text_full/NCT02951754.txt wurde erfolgreich geladen.
Die Daten wurden erfolgreich in '/work/eauten2s/ec_criteria_struct/chia/evaluate/eval_full_chia/model_output/Llama-3-70B-Instruct_0_shot_lct_prompt/output/Llama-3-70B-Instruct_NCT02951754_0_shot.txt' gespeichert.
File: NCT02951832 

Das File: /work/eauten2s/ec_criteria_struct/chia/input/chia_text_full/NCT02951832.txt wurde erfolgreich geladen.
Die Daten wurden erfolgreich in '/work/eauten2s/ec_criteria_struct/chia/evaluate/eval_full_chia/model_output/Llama-3-70B-Instruct_0_shot_lct_prompt/output/Llama-3-70B-Instruct_NCT02951832_0_shot.txt' gespeichert.
File: NCT02952365 

Das File: /work/eauten2s/ec_criteria_struct/chia/input/chia_text_full/NCT02952365.txt wurde erfolgreich geladen.
Die Daten wurden erfolgreich in '/work/eauten2s/ec_criteria_struct/chia/evaluate/eval_full_chia/model_output/Llama-3-70B-Instruct_0_shot_lct_prompt/output/Llama-3-70B-Instruct_NCT02952365_0_shot.txt' gespeichert.
File: NCT02952378 

Das File: /work/eauten2s/ec_criteria_struct/chia/input/chia_text_full/NCT02952378.txt wurde erfolgreich geladen.
Die Daten wurden erfolgreich in '/work/eauten2s/ec_criteria_struct/chia/evaluate/eval_full_chia/model_output/Llama-3-70B-Instruct_0_shot_lct_prompt/output/Llama-3-70B-Instruct_NCT02952378_0_shot.txt' gespeichert.
File: NCT02952963 

Das File: /work/eauten2s/ec_criteria_struct/chia/input/chia_text_full/NCT02952963.txt wurde erfolgreich geladen.
Die Daten wurden erfolgreich in '/work/eauten2s/ec_criteria_struct/chia/evaluate/eval_full_chia/model_output/Llama-3-70B-Instruct_0_shot_lct_prompt/output/Llama-3-70B-Instruct_NCT02952963_0_shot.txt' gespeichert.
File: NCT02953873 

Das File: /work/eauten2s/ec_criteria_struct/chia/input/chia_text_full/NCT02953873.txt wurde erfolgreich geladen.
Die Daten wurden erfolgreich in '/work/eauten2s/ec_criteria_struct/chia/evaluate/eval_full_chia/model_output/Llama-3-70B-Instruct_0_shot_lct_prompt/output/Llama-3-70B-Instruct_NCT02953873_0_shot.txt' gespeichert.
File: NCT02954029 

Das File: /work/eauten2s/ec_criteria_struct/chia/input/chia_text_full/NCT02954029.txt wurde erfolgreich geladen.
Die Daten wurden erfolgreich in '/work/eauten2s/ec_criteria_struct/chia/evaluate/eval_full_chia/model_output/Llama-3-70B-Instruct_0_shot_lct_prompt/output/Llama-3-70B-Instruct_NCT02954029_0_shot.txt' gespeichert.
File: NCT02957305 

Das File: /work/eauten2s/ec_criteria_struct/chia/input/chia_text_full/NCT02957305.txt wurde erfolgreich geladen.
Die Daten wurden erfolgreich in '/work/eauten2s/ec_criteria_struct/chia/evaluate/eval_full_chia/model_output/Llama-3-70B-Instruct_0_shot_lct_prompt/output/Llama-3-70B-Instruct_NCT02957305_0_shot.txt' gespeichert.
File: NCT02957877 

Das File: /work/eauten2s/ec_criteria_struct/chia/input/chia_text_full/NCT02957877.txt wurde erfolgreich geladen.
Die Daten wurden erfolgreich in '/work/eauten2s/ec_criteria_struct/chia/evaluate/eval_full_chia/model_output/Llama-3-70B-Instruct_0_shot_lct_prompt/output/Llama-3-70B-Instruct_NCT02957877_0_shot.txt' gespeichert.
File: NCT02958072 

Das File: /work/eauten2s/ec_criteria_struct/chia/input/chia_text_full/NCT02958072.txt wurde erfolgreich geladen.
Die Daten wurden erfolgreich in '/work/eauten2s/ec_criteria_struct/chia/evaluate/eval_full_chia/model_output/Llama-3-70B-Instruct_0_shot_lct_prompt/output/Llama-3-70B-Instruct_NCT02958072_0_shot.txt' gespeichert.
File: NCT02958566 

Das File: /work/eauten2s/ec_criteria_struct/chia/input/chia_text_full/NCT02958566.txt wurde erfolgreich geladen.
Die Daten wurden erfolgreich in '/work/eauten2s/ec_criteria_struct/chia/evaluate/eval_full_chia/model_output/Llama-3-70B-Instruct_0_shot_lct_prompt/output/Llama-3-70B-Instruct_NCT02958566_0_shot.txt' gespeichert.
File: NCT02959580 

Das File: /work/eauten2s/ec_criteria_struct/chia/input/chia_text_full/NCT02959580.txt wurde erfolgreich geladen.
Die Daten wurden erfolgreich in '/work/eauten2s/ec_criteria_struct/chia/evaluate/eval_full_chia/model_output/Llama-3-70B-Instruct_0_shot_lct_prompt/output/Llama-3-70B-Instruct_NCT02959580_0_shot.txt' gespeichert.
File: NCT02959801 

Das File: /work/eauten2s/ec_criteria_struct/chia/input/chia_text_full/NCT02959801.txt wurde erfolgreich geladen.
Die Daten wurden erfolgreich in '/work/eauten2s/ec_criteria_struct/chia/evaluate/eval_full_chia/model_output/Llama-3-70B-Instruct_0_shot_lct_prompt/output/Llama-3-70B-Instruct_NCT02959801_0_shot.txt' gespeichert.
File: NCT02961582 

Das File: /work/eauten2s/ec_criteria_struct/chia/input/chia_text_full/NCT02961582.txt wurde erfolgreich geladen.
Die Daten wurden erfolgreich in '/work/eauten2s/ec_criteria_struct/chia/evaluate/eval_full_chia/model_output/Llama-3-70B-Instruct_0_shot_lct_prompt/output/Llama-3-70B-Instruct_NCT02961582_0_shot.txt' gespeichert.
File: NCT02961764 

Das File: /work/eauten2s/ec_criteria_struct/chia/input/chia_text_full/NCT02961764.txt wurde erfolgreich geladen.
Die Daten wurden erfolgreich in '/work/eauten2s/ec_criteria_struct/chia/evaluate/eval_full_chia/model_output/Llama-3-70B-Instruct_0_shot_lct_prompt/output/Llama-3-70B-Instruct_NCT02961764_0_shot.txt' gespeichert.
File: NCT02964416 

Das File: /work/eauten2s/ec_criteria_struct/chia/input/chia_text_full/NCT02964416.txt wurde erfolgreich geladen.
Die Daten wurden erfolgreich in '/work/eauten2s/ec_criteria_struct/chia/evaluate/eval_full_chia/model_output/Llama-3-70B-Instruct_0_shot_lct_prompt/output/Llama-3-70B-Instruct_NCT02964416_0_shot.txt' gespeichert.
File: NCT02964715 

Das File: /work/eauten2s/ec_criteria_struct/chia/input/chia_text_full/NCT02964715.txt wurde erfolgreich geladen.
Die Daten wurden erfolgreich in '/work/eauten2s/ec_criteria_struct/chia/evaluate/eval_full_chia/model_output/Llama-3-70B-Instruct_0_shot_lct_prompt/output/Llama-3-70B-Instruct_NCT02964715_0_shot.txt' gespeichert.
File: NCT02965027 

Das File: /work/eauten2s/ec_criteria_struct/chia/input/chia_text_full/NCT02965027.txt wurde erfolgreich geladen.
Die Daten wurden erfolgreich in '/work/eauten2s/ec_criteria_struct/chia/evaluate/eval_full_chia/model_output/Llama-3-70B-Instruct_0_shot_lct_prompt/output/Llama-3-70B-Instruct_NCT02965027_0_shot.txt' gespeichert.
File: NCT02965443 

Das File: /work/eauten2s/ec_criteria_struct/chia/input/chia_text_full/NCT02965443.txt wurde erfolgreich geladen.
Die Daten wurden erfolgreich in '/work/eauten2s/ec_criteria_struct/chia/evaluate/eval_full_chia/model_output/Llama-3-70B-Instruct_0_shot_lct_prompt/output/Llama-3-70B-Instruct_NCT02965443_0_shot.txt' gespeichert.
File: NCT02966236 

Das File: /work/eauten2s/ec_criteria_struct/chia/input/chia_text_full/NCT02966236.txt wurde erfolgreich geladen.
Die Daten wurden erfolgreich in '/work/eauten2s/ec_criteria_struct/chia/evaluate/eval_full_chia/model_output/Llama-3-70B-Instruct_0_shot_lct_prompt/output/Llama-3-70B-Instruct_NCT02966236_0_shot.txt' gespeichert.
File: NCT02968342 

Das File: /work/eauten2s/ec_criteria_struct/chia/input/chia_text_full/NCT02968342.txt wurde erfolgreich geladen.
Die Daten wurden erfolgreich in '/work/eauten2s/ec_criteria_struct/chia/evaluate/eval_full_chia/model_output/Llama-3-70B-Instruct_0_shot_lct_prompt/output/Llama-3-70B-Instruct_NCT02968342_0_shot.txt' gespeichert.
File: NCT02968602 

Das File: /work/eauten2s/ec_criteria_struct/chia/input/chia_text_full/NCT02968602.txt wurde erfolgreich geladen.
Die Daten wurden erfolgreich in '/work/eauten2s/ec_criteria_struct/chia/evaluate/eval_full_chia/model_output/Llama-3-70B-Instruct_0_shot_lct_prompt/output/Llama-3-70B-Instruct_NCT02968602_0_shot.txt' gespeichert.
File: NCT02969187 

Das File: /work/eauten2s/ec_criteria_struct/chia/input/chia_text_full/NCT02969187.txt wurde erfolgreich geladen.
Die Daten wurden erfolgreich in '/work/eauten2s/ec_criteria_struct/chia/evaluate/eval_full_chia/model_output/Llama-3-70B-Instruct_0_shot_lct_prompt/output/Llama-3-70B-Instruct_NCT02969187_0_shot.txt' gespeichert.
File: NCT02969876 

Das File: /work/eauten2s/ec_criteria_struct/chia/input/chia_text_full/NCT02969876.txt wurde erfolgreich geladen.
Die Daten wurden erfolgreich in '/work/eauten2s/ec_criteria_struct/chia/evaluate/eval_full_chia/model_output/Llama-3-70B-Instruct_0_shot_lct_prompt/output/Llama-3-70B-Instruct_NCT02969876_0_shot.txt' gespeichert.
File: NCT02970773 

Das File: /work/eauten2s/ec_criteria_struct/chia/input/chia_text_full/NCT02970773.txt wurde erfolgreich geladen.
Die Daten wurden erfolgreich in '/work/eauten2s/ec_criteria_struct/chia/evaluate/eval_full_chia/model_output/Llama-3-70B-Instruct_0_shot_lct_prompt/output/Llama-3-70B-Instruct_NCT02970773_0_shot.txt' gespeichert.
File: NCT02973035 

Das File: /work/eauten2s/ec_criteria_struct/chia/input/chia_text_full/NCT02973035.txt wurde erfolgreich geladen.
Die Daten wurden erfolgreich in '/work/eauten2s/ec_criteria_struct/chia/evaluate/eval_full_chia/model_output/Llama-3-70B-Instruct_0_shot_lct_prompt/output/Llama-3-70B-Instruct_NCT02973035_0_shot.txt' gespeichert.
File: NCT02974660 

Das File: /work/eauten2s/ec_criteria_struct/chia/input/chia_text_full/NCT02974660.txt wurde erfolgreich geladen.
Die Daten wurden erfolgreich in '/work/eauten2s/ec_criteria_struct/chia/evaluate/eval_full_chia/model_output/Llama-3-70B-Instruct_0_shot_lct_prompt/output/Llama-3-70B-Instruct_NCT02974660_0_shot.txt' gespeichert.
File: NCT02974686 

Das File: /work/eauten2s/ec_criteria_struct/chia/input/chia_text_full/NCT02974686.txt wurde erfolgreich geladen.
Die Daten wurden erfolgreich in '/work/eauten2s/ec_criteria_struct/chia/evaluate/eval_full_chia/model_output/Llama-3-70B-Instruct_0_shot_lct_prompt/output/Llama-3-70B-Instruct_NCT02974686_0_shot.txt' gespeichert.
File: NCT02979561 

Das File: /work/eauten2s/ec_criteria_struct/chia/input/chia_text_full/NCT02979561.txt wurde erfolgreich geladen.
Die Daten wurden erfolgreich in '/work/eauten2s/ec_criteria_struct/chia/evaluate/eval_full_chia/model_output/Llama-3-70B-Instruct_0_shot_lct_prompt/output/Llama-3-70B-Instruct_NCT02979561_0_shot.txt' gespeichert.
File: NCT02982577 

Das File: /work/eauten2s/ec_criteria_struct/chia/input/chia_text_full/NCT02982577.txt wurde erfolgreich geladen.
Die Daten wurden erfolgreich in '/work/eauten2s/ec_criteria_struct/chia/evaluate/eval_full_chia/model_output/Llama-3-70B-Instruct_0_shot_lct_prompt/output/Llama-3-70B-Instruct_NCT02982577_0_shot.txt' gespeichert.
File: NCT02983214 

Das File: /work/eauten2s/ec_criteria_struct/chia/input/chia_text_full/NCT02983214.txt wurde erfolgreich geladen.
Die Daten wurden erfolgreich in '/work/eauten2s/ec_criteria_struct/chia/evaluate/eval_full_chia/model_output/Llama-3-70B-Instruct_0_shot_lct_prompt/output/Llama-3-70B-Instruct_NCT02983214_0_shot.txt' gespeichert.
File: NCT02984228 

Das File: /work/eauten2s/ec_criteria_struct/chia/input/chia_text_full/NCT02984228.txt wurde erfolgreich geladen.
Die Daten wurden erfolgreich in '/work/eauten2s/ec_criteria_struct/chia/evaluate/eval_full_chia/model_output/Llama-3-70B-Instruct_0_shot_lct_prompt/output/Llama-3-70B-Instruct_NCT02984228_0_shot.txt' gespeichert.
File: NCT02984475 

Das File: /work/eauten2s/ec_criteria_struct/chia/input/chia_text_full/NCT02984475.txt wurde erfolgreich geladen.
Die Daten wurden erfolgreich in '/work/eauten2s/ec_criteria_struct/chia/evaluate/eval_full_chia/model_output/Llama-3-70B-Instruct_0_shot_lct_prompt/output/Llama-3-70B-Instruct_NCT02984475_0_shot.txt' gespeichert.
File: NCT02985242 

Das File: /work/eauten2s/ec_criteria_struct/chia/input/chia_text_full/NCT02985242.txt wurde erfolgreich geladen.
Die Daten wurden erfolgreich in '/work/eauten2s/ec_criteria_struct/chia/evaluate/eval_full_chia/model_output/Llama-3-70B-Instruct_0_shot_lct_prompt/output/Llama-3-70B-Instruct_NCT02985242_0_shot.txt' gespeichert.
File: NCT02985710 

Das File: /work/eauten2s/ec_criteria_struct/chia/input/chia_text_full/NCT02985710.txt wurde erfolgreich geladen.
Die Daten wurden erfolgreich in '/work/eauten2s/ec_criteria_struct/chia/evaluate/eval_full_chia/model_output/Llama-3-70B-Instruct_0_shot_lct_prompt/output/Llama-3-70B-Instruct_NCT02985710_0_shot.txt' gespeichert.
File: NCT02986659 

Das File: /work/eauten2s/ec_criteria_struct/chia/input/chia_text_full/NCT02986659.txt wurde erfolgreich geladen.
Die Daten wurden erfolgreich in '/work/eauten2s/ec_criteria_struct/chia/evaluate/eval_full_chia/model_output/Llama-3-70B-Instruct_0_shot_lct_prompt/output/Llama-3-70B-Instruct_NCT02986659_0_shot.txt' gespeichert.
File: NCT02990403 

Das File: /work/eauten2s/ec_criteria_struct/chia/input/chia_text_full/NCT02990403.txt wurde erfolgreich geladen.
Die Daten wurden erfolgreich in '/work/eauten2s/ec_criteria_struct/chia/evaluate/eval_full_chia/model_output/Llama-3-70B-Instruct_0_shot_lct_prompt/output/Llama-3-70B-Instruct_NCT02990403_0_shot.txt' gespeichert.
File: NCT02992028 

Das File: /work/eauten2s/ec_criteria_struct/chia/input/chia_text_full/NCT02992028.txt wurde erfolgreich geladen.
Die Daten wurden erfolgreich in '/work/eauten2s/ec_criteria_struct/chia/evaluate/eval_full_chia/model_output/Llama-3-70B-Instruct_0_shot_lct_prompt/output/Llama-3-70B-Instruct_NCT02992028_0_shot.txt' gespeichert.
File: NCT02992938 

Das File: /work/eauten2s/ec_criteria_struct/chia/input/chia_text_full/NCT02992938.txt wurde erfolgreich geladen.
Die Daten wurden erfolgreich in '/work/eauten2s/ec_criteria_struct/chia/evaluate/eval_full_chia/model_output/Llama-3-70B-Instruct_0_shot_lct_prompt/output/Llama-3-70B-Instruct_NCT02992938_0_shot.txt' gespeichert.
File: NCT02995291 

Das File: /work/eauten2s/ec_criteria_struct/chia/input/chia_text_full/NCT02995291.txt wurde erfolgreich geladen.
Die Daten wurden erfolgreich in '/work/eauten2s/ec_criteria_struct/chia/evaluate/eval_full_chia/model_output/Llama-3-70B-Instruct_0_shot_lct_prompt/output/Llama-3-70B-Instruct_NCT02995291_0_shot.txt' gespeichert.
File: NCT02996916 

Das File: /work/eauten2s/ec_criteria_struct/chia/input/chia_text_full/NCT02996916.txt wurde erfolgreich geladen.
Die Daten wurden erfolgreich in '/work/eauten2s/ec_criteria_struct/chia/evaluate/eval_full_chia/model_output/Llama-3-70B-Instruct_0_shot_lct_prompt/output/Llama-3-70B-Instruct_NCT02996916_0_shot.txt' gespeichert.
File: NCT02997215 

Das File: /work/eauten2s/ec_criteria_struct/chia/input/chia_text_full/NCT02997215.txt wurde erfolgreich geladen.
Die Daten wurden erfolgreich in '/work/eauten2s/ec_criteria_struct/chia/evaluate/eval_full_chia/model_output/Llama-3-70B-Instruct_0_shot_lct_prompt/output/Llama-3-70B-Instruct_NCT02997215_0_shot.txt' gespeichert.
File: NCT03004209 

Das File: /work/eauten2s/ec_criteria_struct/chia/input/chia_text_full/NCT03004209.txt wurde erfolgreich geladen.
Die Daten wurden erfolgreich in '/work/eauten2s/ec_criteria_struct/chia/evaluate/eval_full_chia/model_output/Llama-3-70B-Instruct_0_shot_lct_prompt/output/Llama-3-70B-Instruct_NCT03004209_0_shot.txt' gespeichert.
File: NCT03004261 

Das File: /work/eauten2s/ec_criteria_struct/chia/input/chia_text_full/NCT03004261.txt wurde erfolgreich geladen.
Die Daten wurden erfolgreich in '/work/eauten2s/ec_criteria_struct/chia/evaluate/eval_full_chia/model_output/Llama-3-70B-Instruct_0_shot_lct_prompt/output/Llama-3-70B-Instruct_NCT03004261_0_shot.txt' gespeichert.
File: NCT03008005 

Das File: /work/eauten2s/ec_criteria_struct/chia/input/chia_text_full/NCT03008005.txt wurde erfolgreich geladen.
Die Daten wurden erfolgreich in '/work/eauten2s/ec_criteria_struct/chia/evaluate/eval_full_chia/model_output/Llama-3-70B-Instruct_0_shot_lct_prompt/output/Llama-3-70B-Instruct_NCT03008005_0_shot.txt' gespeichert.
File: NCT03011177 

Das File: /work/eauten2s/ec_criteria_struct/chia/input/chia_text_full/NCT03011177.txt wurde erfolgreich geladen.
Die Daten wurden erfolgreich in '/work/eauten2s/ec_criteria_struct/chia/evaluate/eval_full_chia/model_output/Llama-3-70B-Instruct_0_shot_lct_prompt/output/Llama-3-70B-Instruct_NCT03011177_0_shot.txt' gespeichert.
File: NCT03011476 

Das File: /work/eauten2s/ec_criteria_struct/chia/input/chia_text_full/NCT03011476.txt wurde erfolgreich geladen.
Die Daten wurden erfolgreich in '/work/eauten2s/ec_criteria_struct/chia/evaluate/eval_full_chia/model_output/Llama-3-70B-Instruct_0_shot_lct_prompt/output/Llama-3-70B-Instruct_NCT03011476_0_shot.txt' gespeichert.
File: NCT03012984 

Das File: /work/eauten2s/ec_criteria_struct/chia/input/chia_text_full/NCT03012984.txt wurde erfolgreich geladen.
Die Daten wurden erfolgreich in '/work/eauten2s/ec_criteria_struct/chia/evaluate/eval_full_chia/model_output/Llama-3-70B-Instruct_0_shot_lct_prompt/output/Llama-3-70B-Instruct_NCT03012984_0_shot.txt' gespeichert.
File: NCT03013790 

Das File: /work/eauten2s/ec_criteria_struct/chia/input/chia_text_full/NCT03013790.txt wurde erfolgreich geladen.
Die Daten wurden erfolgreich in '/work/eauten2s/ec_criteria_struct/chia/evaluate/eval_full_chia/model_output/Llama-3-70B-Instruct_0_shot_lct_prompt/output/Llama-3-70B-Instruct_NCT03013790_0_shot.txt' gespeichert.
File: NCT03015818 

Das File: /work/eauten2s/ec_criteria_struct/chia/input/chia_text_full/NCT03015818.txt wurde erfolgreich geladen.
Die Daten wurden erfolgreich in '/work/eauten2s/ec_criteria_struct/chia/evaluate/eval_full_chia/model_output/Llama-3-70B-Instruct_0_shot_lct_prompt/output/Llama-3-70B-Instruct_NCT03015818_0_shot.txt' gespeichert.
File: NCT03016741 

Das File: /work/eauten2s/ec_criteria_struct/chia/input/chia_text_full/NCT03016741.txt wurde erfolgreich geladen.
Die Daten wurden erfolgreich in '/work/eauten2s/ec_criteria_struct/chia/evaluate/eval_full_chia/model_output/Llama-3-70B-Instruct_0_shot_lct_prompt/output/Llama-3-70B-Instruct_NCT03016741_0_shot.txt' gespeichert.
File: NCT03017053 

Das File: /work/eauten2s/ec_criteria_struct/chia/input/chia_text_full/NCT03017053.txt wurde erfolgreich geladen.
Die Daten wurden erfolgreich in '/work/eauten2s/ec_criteria_struct/chia/evaluate/eval_full_chia/model_output/Llama-3-70B-Instruct_0_shot_lct_prompt/output/Llama-3-70B-Instruct_NCT03017053_0_shot.txt' gespeichert.
File: NCT03018171 

Das File: /work/eauten2s/ec_criteria_struct/chia/input/chia_text_full/NCT03018171.txt wurde erfolgreich geladen.
Die Daten wurden erfolgreich in '/work/eauten2s/ec_criteria_struct/chia/evaluate/eval_full_chia/model_output/Llama-3-70B-Instruct_0_shot_lct_prompt/output/Llama-3-70B-Instruct_NCT03018171_0_shot.txt' gespeichert.
File: NCT03019562 

Das File: /work/eauten2s/ec_criteria_struct/chia/input/chia_text_full/NCT03019562.txt wurde erfolgreich geladen.
Die Daten wurden erfolgreich in '/work/eauten2s/ec_criteria_struct/chia/evaluate/eval_full_chia/model_output/Llama-3-70B-Instruct_0_shot_lct_prompt/output/Llama-3-70B-Instruct_NCT03019562_0_shot.txt' gespeichert.
File: NCT03025620 

Das File: /work/eauten2s/ec_criteria_struct/chia/input/chia_text_full/NCT03025620.txt wurde erfolgreich geladen.
Die Daten wurden erfolgreich in '/work/eauten2s/ec_criteria_struct/chia/evaluate/eval_full_chia/model_output/Llama-3-70B-Instruct_0_shot_lct_prompt/output/Llama-3-70B-Instruct_NCT03025620_0_shot.txt' gespeichert.
File: NCT03026088 

Das File: /work/eauten2s/ec_criteria_struct/chia/input/chia_text_full/NCT03026088.txt wurde erfolgreich geladen.
Die Daten wurden erfolgreich in '/work/eauten2s/ec_criteria_struct/chia/evaluate/eval_full_chia/model_output/Llama-3-70B-Instruct_0_shot_lct_prompt/output/Llama-3-70B-Instruct_NCT03026088_0_shot.txt' gespeichert.
File: NCT03026465 

Das File: /work/eauten2s/ec_criteria_struct/chia/input/chia_text_full/NCT03026465.txt wurde erfolgreich geladen.
Die Daten wurden erfolgreich in '/work/eauten2s/ec_criteria_struct/chia/evaluate/eval_full_chia/model_output/Llama-3-70B-Instruct_0_shot_lct_prompt/output/Llama-3-70B-Instruct_NCT03026465_0_shot.txt' gespeichert.
File: NCT03027115 

Das File: /work/eauten2s/ec_criteria_struct/chia/input/chia_text_full/NCT03027115.txt wurde erfolgreich geladen.
Die Daten wurden erfolgreich in '/work/eauten2s/ec_criteria_struct/chia/evaluate/eval_full_chia/model_output/Llama-3-70B-Instruct_0_shot_lct_prompt/output/Llama-3-70B-Instruct_NCT03027115_0_shot.txt' gespeichert.
File: NCT03029078 

Das File: /work/eauten2s/ec_criteria_struct/chia/input/chia_text_full/NCT03029078.txt wurde erfolgreich geladen.
Die Daten wurden erfolgreich in '/work/eauten2s/ec_criteria_struct/chia/evaluate/eval_full_chia/model_output/Llama-3-70B-Instruct_0_shot_lct_prompt/output/Llama-3-70B-Instruct_NCT03029078_0_shot.txt' gespeichert.
File: NCT03033745 

Das File: /work/eauten2s/ec_criteria_struct/chia/input/chia_text_full/NCT03033745.txt wurde erfolgreich geladen.
Die Daten wurden erfolgreich in '/work/eauten2s/ec_criteria_struct/chia/evaluate/eval_full_chia/model_output/Llama-3-70B-Instruct_0_shot_lct_prompt/output/Llama-3-70B-Instruct_NCT03033745_0_shot.txt' gespeichert.
File: NCT03034096 

Das File: /work/eauten2s/ec_criteria_struct/chia/input/chia_text_full/NCT03034096.txt wurde erfolgreich geladen.
Die Daten wurden erfolgreich in '/work/eauten2s/ec_criteria_struct/chia/evaluate/eval_full_chia/model_output/Llama-3-70B-Instruct_0_shot_lct_prompt/output/Llama-3-70B-Instruct_NCT03034096_0_shot.txt' gespeichert.
File: NCT03034733 

Das File: /work/eauten2s/ec_criteria_struct/chia/input/chia_text_full/NCT03034733.txt wurde erfolgreich geladen.
Die Daten wurden erfolgreich in '/work/eauten2s/ec_criteria_struct/chia/evaluate/eval_full_chia/model_output/Llama-3-70B-Instruct_0_shot_lct_prompt/output/Llama-3-70B-Instruct_NCT03034733_0_shot.txt' gespeichert.
File: NCT03034837 

Das File: /work/eauten2s/ec_criteria_struct/chia/input/chia_text_full/NCT03034837.txt wurde erfolgreich geladen.
Die Daten wurden erfolgreich in '/work/eauten2s/ec_criteria_struct/chia/evaluate/eval_full_chia/model_output/Llama-3-70B-Instruct_0_shot_lct_prompt/output/Llama-3-70B-Instruct_NCT03034837_0_shot.txt' gespeichert.
File: NCT03036462 

Das File: /work/eauten2s/ec_criteria_struct/chia/input/chia_text_full/NCT03036462.txt wurde erfolgreich geladen.
Die Daten wurden erfolgreich in '/work/eauten2s/ec_criteria_struct/chia/evaluate/eval_full_chia/model_output/Llama-3-70B-Instruct_0_shot_lct_prompt/output/Llama-3-70B-Instruct_NCT03036462_0_shot.txt' gespeichert.
File: NCT03040024 

Das File: /work/eauten2s/ec_criteria_struct/chia/input/chia_text_full/NCT03040024.txt wurde erfolgreich geladen.
Die Daten wurden erfolgreich in '/work/eauten2s/ec_criteria_struct/chia/evaluate/eval_full_chia/model_output/Llama-3-70B-Instruct_0_shot_lct_prompt/output/Llama-3-70B-Instruct_NCT03040024_0_shot.txt' gespeichert.
File: NCT03043495 

Das File: /work/eauten2s/ec_criteria_struct/chia/input/chia_text_full/NCT03043495.txt wurde erfolgreich geladen.
Die Daten wurden erfolgreich in '/work/eauten2s/ec_criteria_struct/chia/evaluate/eval_full_chia/model_output/Llama-3-70B-Instruct_0_shot_lct_prompt/output/Llama-3-70B-Instruct_NCT03043495_0_shot.txt' gespeichert.
File: NCT03044093 

Das File: /work/eauten2s/ec_criteria_struct/chia/input/chia_text_full/NCT03044093.txt wurde erfolgreich geladen.
Die Daten wurden erfolgreich in '/work/eauten2s/ec_criteria_struct/chia/evaluate/eval_full_chia/model_output/Llama-3-70B-Instruct_0_shot_lct_prompt/output/Llama-3-70B-Instruct_NCT03044093_0_shot.txt' gespeichert.
File: NCT03044561 

Das File: /work/eauten2s/ec_criteria_struct/chia/input/chia_text_full/NCT03044561.txt wurde erfolgreich geladen.
Die Daten wurden erfolgreich in '/work/eauten2s/ec_criteria_struct/chia/evaluate/eval_full_chia/model_output/Llama-3-70B-Instruct_0_shot_lct_prompt/output/Llama-3-70B-Instruct_NCT03044561_0_shot.txt' gespeichert.
File: NCT03045562 

Das File: /work/eauten2s/ec_criteria_struct/chia/input/chia_text_full/NCT03045562.txt wurde erfolgreich geladen.
Die Daten wurden erfolgreich in '/work/eauten2s/ec_criteria_struct/chia/evaluate/eval_full_chia/model_output/Llama-3-70B-Instruct_0_shot_lct_prompt/output/Llama-3-70B-Instruct_NCT03045562_0_shot.txt' gespeichert.
File: NCT03046108 

Das File: /work/eauten2s/ec_criteria_struct/chia/input/chia_text_full/NCT03046108.txt wurde erfolgreich geladen.
Die Daten wurden erfolgreich in '/work/eauten2s/ec_criteria_struct/chia/evaluate/eval_full_chia/model_output/Llama-3-70B-Instruct_0_shot_lct_prompt/output/Llama-3-70B-Instruct_NCT03046108_0_shot.txt' gespeichert.
File: NCT03047538 

Das File: /work/eauten2s/ec_criteria_struct/chia/input/chia_text_full/NCT03047538.txt wurde erfolgreich geladen.
Die Daten wurden erfolgreich in '/work/eauten2s/ec_criteria_struct/chia/evaluate/eval_full_chia/model_output/Llama-3-70B-Instruct_0_shot_lct_prompt/output/Llama-3-70B-Instruct_NCT03047538_0_shot.txt' gespeichert.
File: NCT03056287 

Das File: /work/eauten2s/ec_criteria_struct/chia/input/chia_text_full/NCT03056287.txt wurde erfolgreich geladen.
Die Daten wurden erfolgreich in '/work/eauten2s/ec_criteria_struct/chia/evaluate/eval_full_chia/model_output/Llama-3-70B-Instruct_0_shot_lct_prompt/output/Llama-3-70B-Instruct_NCT03056287_0_shot.txt' gespeichert.
File: NCT03056391 

Das File: /work/eauten2s/ec_criteria_struct/chia/input/chia_text_full/NCT03056391.txt wurde erfolgreich geladen.
Die Daten wurden erfolgreich in '/work/eauten2s/ec_criteria_struct/chia/evaluate/eval_full_chia/model_output/Llama-3-70B-Instruct_0_shot_lct_prompt/output/Llama-3-70B-Instruct_NCT03056391_0_shot.txt' gespeichert.
File: NCT03058835 

Das File: /work/eauten2s/ec_criteria_struct/chia/input/chia_text_full/NCT03058835.txt wurde erfolgreich geladen.
Die Daten wurden erfolgreich in '/work/eauten2s/ec_criteria_struct/chia/evaluate/eval_full_chia/model_output/Llama-3-70B-Instruct_0_shot_lct_prompt/output/Llama-3-70B-Instruct_NCT03058835_0_shot.txt' gespeichert.
File: NCT03059069 

Das File: /work/eauten2s/ec_criteria_struct/chia/input/chia_text_full/NCT03059069.txt wurde erfolgreich geladen.
Die Daten wurden erfolgreich in '/work/eauten2s/ec_criteria_struct/chia/evaluate/eval_full_chia/model_output/Llama-3-70B-Instruct_0_shot_lct_prompt/output/Llama-3-70B-Instruct_NCT03059069_0_shot.txt' gespeichert.
File: NCT03062358 

Das File: /work/eauten2s/ec_criteria_struct/chia/input/chia_text_full/NCT03062358.txt wurde erfolgreich geladen.
Die Daten wurden erfolgreich in '/work/eauten2s/ec_criteria_struct/chia/evaluate/eval_full_chia/model_output/Llama-3-70B-Instruct_0_shot_lct_prompt/output/Llama-3-70B-Instruct_NCT03062358_0_shot.txt' gespeichert.
File: NCT03063866 

Das File: /work/eauten2s/ec_criteria_struct/chia/input/chia_text_full/NCT03063866.txt wurde erfolgreich geladen.
Die Daten wurden erfolgreich in '/work/eauten2s/ec_criteria_struct/chia/evaluate/eval_full_chia/model_output/Llama-3-70B-Instruct_0_shot_lct_prompt/output/Llama-3-70B-Instruct_NCT03063866_0_shot.txt' gespeichert.
File: NCT03064568 

Das File: /work/eauten2s/ec_criteria_struct/chia/input/chia_text_full/NCT03064568.txt wurde erfolgreich geladen.
Die Daten wurden erfolgreich in '/work/eauten2s/ec_criteria_struct/chia/evaluate/eval_full_chia/model_output/Llama-3-70B-Instruct_0_shot_lct_prompt/output/Llama-3-70B-Instruct_NCT03064568_0_shot.txt' gespeichert.
File: NCT03064867 

Das File: /work/eauten2s/ec_criteria_struct/chia/input/chia_text_full/NCT03064867.txt wurde erfolgreich geladen.
Die Daten wurden erfolgreich in '/work/eauten2s/ec_criteria_struct/chia/evaluate/eval_full_chia/model_output/Llama-3-70B-Instruct_0_shot_lct_prompt/output/Llama-3-70B-Instruct_NCT03064867_0_shot.txt' gespeichert.
File: NCT03066440 

Das File: /work/eauten2s/ec_criteria_struct/chia/input/chia_text_full/NCT03066440.txt wurde erfolgreich geladen.
Die Daten wurden erfolgreich in '/work/eauten2s/ec_criteria_struct/chia/evaluate/eval_full_chia/model_output/Llama-3-70B-Instruct_0_shot_lct_prompt/output/Llama-3-70B-Instruct_NCT03066440_0_shot.txt' gespeichert.
File: NCT03067740 

Das File: /work/eauten2s/ec_criteria_struct/chia/input/chia_text_full/NCT03067740.txt wurde erfolgreich geladen.
Die Daten wurden erfolgreich in '/work/eauten2s/ec_criteria_struct/chia/evaluate/eval_full_chia/model_output/Llama-3-70B-Instruct_0_shot_lct_prompt/output/Llama-3-70B-Instruct_NCT03067740_0_shot.txt' gespeichert.
File: NCT03068897 

Das File: /work/eauten2s/ec_criteria_struct/chia/input/chia_text_full/NCT03068897.txt wurde erfolgreich geladen.
Die Daten wurden erfolgreich in '/work/eauten2s/ec_criteria_struct/chia/evaluate/eval_full_chia/model_output/Llama-3-70B-Instruct_0_shot_lct_prompt/output/Llama-3-70B-Instruct_NCT03068897_0_shot.txt' gespeichert.
File: NCT03070847 

Das File: /work/eauten2s/ec_criteria_struct/chia/input/chia_text_full/NCT03070847.txt wurde erfolgreich geladen.
Die Daten wurden erfolgreich in '/work/eauten2s/ec_criteria_struct/chia/evaluate/eval_full_chia/model_output/Llama-3-70B-Instruct_0_shot_lct_prompt/output/Llama-3-70B-Instruct_NCT03070847_0_shot.txt' gespeichert.
File: NCT03073603 

Das File: /work/eauten2s/ec_criteria_struct/chia/input/chia_text_full/NCT03073603.txt wurde erfolgreich geladen.
Die Daten wurden erfolgreich in '/work/eauten2s/ec_criteria_struct/chia/evaluate/eval_full_chia/model_output/Llama-3-70B-Instruct_0_shot_lct_prompt/output/Llama-3-70B-Instruct_NCT03073603_0_shot.txt' gespeichert.
File: NCT03077204 

Das File: /work/eauten2s/ec_criteria_struct/chia/input/chia_text_full/NCT03077204.txt wurde erfolgreich geladen.
Die Daten wurden erfolgreich in '/work/eauten2s/ec_criteria_struct/chia/evaluate/eval_full_chia/model_output/Llama-3-70B-Instruct_0_shot_lct_prompt/output/Llama-3-70B-Instruct_NCT03077204_0_shot.txt' gespeichert.
File: NCT03079141 

Das File: /work/eauten2s/ec_criteria_struct/chia/input/chia_text_full/NCT03079141.txt wurde erfolgreich geladen.
Die Daten wurden erfolgreich in '/work/eauten2s/ec_criteria_struct/chia/evaluate/eval_full_chia/model_output/Llama-3-70B-Instruct_0_shot_lct_prompt/output/Llama-3-70B-Instruct_NCT03079141_0_shot.txt' gespeichert.
File: NCT03080493 

Das File: /work/eauten2s/ec_criteria_struct/chia/input/chia_text_full/NCT03080493.txt wurde erfolgreich geladen.
Die Daten wurden erfolgreich in '/work/eauten2s/ec_criteria_struct/chia/evaluate/eval_full_chia/model_output/Llama-3-70B-Instruct_0_shot_lct_prompt/output/Llama-3-70B-Instruct_NCT03080493_0_shot.txt' gespeichert.
File: NCT03082573 

Das File: /work/eauten2s/ec_criteria_struct/chia/input/chia_text_full/NCT03082573.txt wurde erfolgreich geladen.
Die Daten wurden erfolgreich in '/work/eauten2s/ec_criteria_struct/chia/evaluate/eval_full_chia/model_output/Llama-3-70B-Instruct_0_shot_lct_prompt/output/Llama-3-70B-Instruct_NCT03082573_0_shot.txt' gespeichert.
File: NCT03083197 

Das File: /work/eauten2s/ec_criteria_struct/chia/input/chia_text_full/NCT03083197.txt wurde erfolgreich geladen.
Die Daten wurden erfolgreich in '/work/eauten2s/ec_criteria_struct/chia/evaluate/eval_full_chia/model_output/Llama-3-70B-Instruct_0_shot_lct_prompt/output/Llama-3-70B-Instruct_NCT03083197_0_shot.txt' gespeichert.
File: NCT03084588 

Das File: /work/eauten2s/ec_criteria_struct/chia/input/chia_text_full/NCT03084588.txt wurde erfolgreich geladen.
Die Daten wurden erfolgreich in '/work/eauten2s/ec_criteria_struct/chia/evaluate/eval_full_chia/model_output/Llama-3-70B-Instruct_0_shot_lct_prompt/output/Llama-3-70B-Instruct_NCT03084588_0_shot.txt' gespeichert.
File: NCT03088280 

Das File: /work/eauten2s/ec_criteria_struct/chia/input/chia_text_full/NCT03088280.txt wurde erfolgreich geladen.
Die Daten wurden erfolgreich in '/work/eauten2s/ec_criteria_struct/chia/evaluate/eval_full_chia/model_output/Llama-3-70B-Instruct_0_shot_lct_prompt/output/Llama-3-70B-Instruct_NCT03088280_0_shot.txt' gespeichert.
File: NCT03088904 

Das File: /work/eauten2s/ec_criteria_struct/chia/input/chia_text_full/NCT03088904.txt wurde erfolgreich geladen.
Die Daten wurden erfolgreich in '/work/eauten2s/ec_criteria_struct/chia/evaluate/eval_full_chia/model_output/Llama-3-70B-Instruct_0_shot_lct_prompt/output/Llama-3-70B-Instruct_NCT03088904_0_shot.txt' gespeichert.
File: NCT03089086 

Das File: /work/eauten2s/ec_criteria_struct/chia/input/chia_text_full/NCT03089086.txt wurde erfolgreich geladen.
Die Daten wurden erfolgreich in '/work/eauten2s/ec_criteria_struct/chia/evaluate/eval_full_chia/model_output/Llama-3-70B-Instruct_0_shot_lct_prompt/output/Llama-3-70B-Instruct_NCT03089086_0_shot.txt' gespeichert.
File: NCT03091881 

Das File: /work/eauten2s/ec_criteria_struct/chia/input/chia_text_full/NCT03091881.txt wurde erfolgreich geladen.
Die Daten wurden erfolgreich in '/work/eauten2s/ec_criteria_struct/chia/evaluate/eval_full_chia/model_output/Llama-3-70B-Instruct_0_shot_lct_prompt/output/Llama-3-70B-Instruct_NCT03091881_0_shot.txt' gespeichert.
File: NCT03096613 

Das File: /work/eauten2s/ec_criteria_struct/chia/input/chia_text_full/NCT03096613.txt wurde erfolgreich geladen.
Die Daten wurden erfolgreich in '/work/eauten2s/ec_criteria_struct/chia/evaluate/eval_full_chia/model_output/Llama-3-70B-Instruct_0_shot_lct_prompt/output/Llama-3-70B-Instruct_NCT03096613_0_shot.txt' gespeichert.
File: NCT03097068 

Das File: /work/eauten2s/ec_criteria_struct/chia/input/chia_text_full/NCT03097068.txt wurde erfolgreich geladen.
Die Daten wurden erfolgreich in '/work/eauten2s/ec_criteria_struct/chia/evaluate/eval_full_chia/model_output/Llama-3-70B-Instruct_0_shot_lct_prompt/output/Llama-3-70B-Instruct_NCT03097068_0_shot.txt' gespeichert.
File: NCT03099408 

Das File: /work/eauten2s/ec_criteria_struct/chia/input/chia_text_full/NCT03099408.txt wurde erfolgreich geladen.
Die Daten wurden erfolgreich in '/work/eauten2s/ec_criteria_struct/chia/evaluate/eval_full_chia/model_output/Llama-3-70B-Instruct_0_shot_lct_prompt/output/Llama-3-70B-Instruct_NCT03099408_0_shot.txt' gespeichert.
File: NCT03099863 

Das File: /work/eauten2s/ec_criteria_struct/chia/input/chia_text_full/NCT03099863.txt wurde erfolgreich geladen.
Die Daten wurden erfolgreich in '/work/eauten2s/ec_criteria_struct/chia/evaluate/eval_full_chia/model_output/Llama-3-70B-Instruct_0_shot_lct_prompt/output/Llama-3-70B-Instruct_NCT03099863_0_shot.txt' gespeichert.
File: NCT03100513 

Das File: /work/eauten2s/ec_criteria_struct/chia/input/chia_text_full/NCT03100513.txt wurde erfolgreich geladen.
Die Daten wurden erfolgreich in '/work/eauten2s/ec_criteria_struct/chia/evaluate/eval_full_chia/model_output/Llama-3-70B-Instruct_0_shot_lct_prompt/output/Llama-3-70B-Instruct_NCT03100513_0_shot.txt' gespeichert.
File: NCT03103204 

Das File: /work/eauten2s/ec_criteria_struct/chia/input/chia_text_full/NCT03103204.txt wurde erfolgreich geladen.
Die Daten wurden erfolgreich in '/work/eauten2s/ec_criteria_struct/chia/evaluate/eval_full_chia/model_output/Llama-3-70B-Instruct_0_shot_lct_prompt/output/Llama-3-70B-Instruct_NCT03103204_0_shot.txt' gespeichert.
File: NCT03104816 

Das File: /work/eauten2s/ec_criteria_struct/chia/input/chia_text_full/NCT03104816.txt wurde erfolgreich geladen.
Die Daten wurden erfolgreich in '/work/eauten2s/ec_criteria_struct/chia/evaluate/eval_full_chia/model_output/Llama-3-70B-Instruct_0_shot_lct_prompt/output/Llama-3-70B-Instruct_NCT03104816_0_shot.txt' gespeichert.
File: NCT03106389 

Das File: /work/eauten2s/ec_criteria_struct/chia/input/chia_text_full/NCT03106389.txt wurde erfolgreich geladen.
Die Daten wurden erfolgreich in '/work/eauten2s/ec_criteria_struct/chia/evaluate/eval_full_chia/model_output/Llama-3-70B-Instruct_0_shot_lct_prompt/output/Llama-3-70B-Instruct_NCT03106389_0_shot.txt' gespeichert.
File: NCT03113253 

Das File: /work/eauten2s/ec_criteria_struct/chia/input/chia_text_full/NCT03113253.txt wurde erfolgreich geladen.
Die Daten wurden erfolgreich in '/work/eauten2s/ec_criteria_struct/chia/evaluate/eval_full_chia/model_output/Llama-3-70B-Instruct_0_shot_lct_prompt/output/Llama-3-70B-Instruct_NCT03113253_0_shot.txt' gespeichert.
File: NCT03115151 

Das File: /work/eauten2s/ec_criteria_struct/chia/input/chia_text_full/NCT03115151.txt wurde erfolgreich geladen.
Die Daten wurden erfolgreich in '/work/eauten2s/ec_criteria_struct/chia/evaluate/eval_full_chia/model_output/Llama-3-70B-Instruct_0_shot_lct_prompt/output/Llama-3-70B-Instruct_NCT03115151_0_shot.txt' gespeichert.
File: NCT03115320 

Das File: /work/eauten2s/ec_criteria_struct/chia/input/chia_text_full/NCT03115320.txt wurde erfolgreich geladen.
Die Daten wurden erfolgreich in '/work/eauten2s/ec_criteria_struct/chia/evaluate/eval_full_chia/model_output/Llama-3-70B-Instruct_0_shot_lct_prompt/output/Llama-3-70B-Instruct_NCT03115320_0_shot.txt' gespeichert.
File: NCT03117608 

Das File: /work/eauten2s/ec_criteria_struct/chia/input/chia_text_full/NCT03117608.txt wurde erfolgreich geladen.
Die Daten wurden erfolgreich in '/work/eauten2s/ec_criteria_struct/chia/evaluate/eval_full_chia/model_output/Llama-3-70B-Instruct_0_shot_lct_prompt/output/Llama-3-70B-Instruct_NCT03117608_0_shot.txt' gespeichert.
File: NCT03118232 

Das File: /work/eauten2s/ec_criteria_struct/chia/input/chia_text_full/NCT03118232.txt wurde erfolgreich geladen.
Die Daten wurden erfolgreich in '/work/eauten2s/ec_criteria_struct/chia/evaluate/eval_full_chia/model_output/Llama-3-70B-Instruct_0_shot_lct_prompt/output/Llama-3-70B-Instruct_NCT03118232_0_shot.txt' gespeichert.
File: NCT03119766 

Das File: /work/eauten2s/ec_criteria_struct/chia/input/chia_text_full/NCT03119766.txt wurde erfolgreich geladen.
Die Daten wurden erfolgreich in '/work/eauten2s/ec_criteria_struct/chia/evaluate/eval_full_chia/model_output/Llama-3-70B-Instruct_0_shot_lct_prompt/output/Llama-3-70B-Instruct_NCT03119766_0_shot.txt' gespeichert.
File: NCT03120533 

Das File: /work/eauten2s/ec_criteria_struct/chia/input/chia_text_full/NCT03120533.txt wurde erfolgreich geladen.
Die Daten wurden erfolgreich in '/work/eauten2s/ec_criteria_struct/chia/evaluate/eval_full_chia/model_output/Llama-3-70B-Instruct_0_shot_lct_prompt/output/Llama-3-70B-Instruct_NCT03120533_0_shot.txt' gespeichert.
File: NCT03120728 

Das File: /work/eauten2s/ec_criteria_struct/chia/input/chia_text_full/NCT03120728.txt wurde erfolgreich geladen.
Die Daten wurden erfolgreich in '/work/eauten2s/ec_criteria_struct/chia/evaluate/eval_full_chia/model_output/Llama-3-70B-Instruct_0_shot_lct_prompt/output/Llama-3-70B-Instruct_NCT03120728_0_shot.txt' gespeichert.
File: NCT03122119 

Das File: /work/eauten2s/ec_criteria_struct/chia/input/chia_text_full/NCT03122119.txt wurde erfolgreich geladen.
Die Daten wurden erfolgreich in '/work/eauten2s/ec_criteria_struct/chia/evaluate/eval_full_chia/model_output/Llama-3-70B-Instruct_0_shot_lct_prompt/output/Llama-3-70B-Instruct_NCT03122119_0_shot.txt' gespeichert.
File: NCT03123562 

Das File: /work/eauten2s/ec_criteria_struct/chia/input/chia_text_full/NCT03123562.txt wurde erfolgreich geladen.
Die Daten wurden erfolgreich in '/work/eauten2s/ec_criteria_struct/chia/evaluate/eval_full_chia/model_output/Llama-3-70B-Instruct_0_shot_lct_prompt/output/Llama-3-70B-Instruct_NCT03123562_0_shot.txt' gespeichert.
File: NCT03124329 

Das File: /work/eauten2s/ec_criteria_struct/chia/input/chia_text_full/NCT03124329.txt wurde erfolgreich geladen.
Die Daten wurden erfolgreich in '/work/eauten2s/ec_criteria_struct/chia/evaluate/eval_full_chia/model_output/Llama-3-70B-Instruct_0_shot_lct_prompt/output/Llama-3-70B-Instruct_NCT03124329_0_shot.txt' gespeichert.
File: NCT03125057 

Das File: /work/eauten2s/ec_criteria_struct/chia/input/chia_text_full/NCT03125057.txt wurde erfolgreich geladen.
Die Daten wurden erfolgreich in '/work/eauten2s/ec_criteria_struct/chia/evaluate/eval_full_chia/model_output/Llama-3-70B-Instruct_0_shot_lct_prompt/output/Llama-3-70B-Instruct_NCT03125057_0_shot.txt' gespeichert.
File: NCT03126214 

Das File: /work/eauten2s/ec_criteria_struct/chia/input/chia_text_full/NCT03126214.txt wurde erfolgreich geladen.
Die Daten wurden erfolgreich in '/work/eauten2s/ec_criteria_struct/chia/evaluate/eval_full_chia/model_output/Llama-3-70B-Instruct_0_shot_lct_prompt/output/Llama-3-70B-Instruct_NCT03126214_0_shot.txt' gespeichert.
File: NCT03129555 

Das File: /work/eauten2s/ec_criteria_struct/chia/input/chia_text_full/NCT03129555.txt wurde erfolgreich geladen.
Die Daten wurden erfolgreich in '/work/eauten2s/ec_criteria_struct/chia/evaluate/eval_full_chia/model_output/Llama-3-70B-Instruct_0_shot_lct_prompt/output/Llama-3-70B-Instruct_NCT03129555_0_shot.txt' gespeichert.
File: NCT03131050 

Das File: /work/eauten2s/ec_criteria_struct/chia/input/chia_text_full/NCT03131050.txt wurde erfolgreich geladen.
Die Daten wurden erfolgreich in '/work/eauten2s/ec_criteria_struct/chia/evaluate/eval_full_chia/model_output/Llama-3-70B-Instruct_0_shot_lct_prompt/output/Llama-3-70B-Instruct_NCT03131050_0_shot.txt' gespeichert.
File: NCT03132259 

Das File: /work/eauten2s/ec_criteria_struct/chia/input/chia_text_full/NCT03132259.txt wurde erfolgreich geladen.
Die Daten wurden erfolgreich in '/work/eauten2s/ec_criteria_struct/chia/evaluate/eval_full_chia/model_output/Llama-3-70B-Instruct_0_shot_lct_prompt/output/Llama-3-70B-Instruct_NCT03132259_0_shot.txt' gespeichert.
File: NCT03134196 

Das File: /work/eauten2s/ec_criteria_struct/chia/input/chia_text_full/NCT03134196.txt wurde erfolgreich geladen.
Die Daten wurden erfolgreich in '/work/eauten2s/ec_criteria_struct/chia/evaluate/eval_full_chia/model_output/Llama-3-70B-Instruct_0_shot_lct_prompt/output/Llama-3-70B-Instruct_NCT03134196_0_shot.txt' gespeichert.
File: NCT03134378 

Das File: /work/eauten2s/ec_criteria_struct/chia/input/chia_text_full/NCT03134378.txt wurde erfolgreich geladen.
Die Daten wurden erfolgreich in '/work/eauten2s/ec_criteria_struct/chia/evaluate/eval_full_chia/model_output/Llama-3-70B-Instruct_0_shot_lct_prompt/output/Llama-3-70B-Instruct_NCT03134378_0_shot.txt' gespeichert.
File: NCT03138577 

Das File: /work/eauten2s/ec_criteria_struct/chia/input/chia_text_full/NCT03138577.txt wurde erfolgreich geladen.
Die Daten wurden erfolgreich in '/work/eauten2s/ec_criteria_struct/chia/evaluate/eval_full_chia/model_output/Llama-3-70B-Instruct_0_shot_lct_prompt/output/Llama-3-70B-Instruct_NCT03138577_0_shot.txt' gespeichert.
File: NCT03140423 

Das File: /work/eauten2s/ec_criteria_struct/chia/input/chia_text_full/NCT03140423.txt wurde erfolgreich geladen.
Die Daten wurden erfolgreich in '/work/eauten2s/ec_criteria_struct/chia/evaluate/eval_full_chia/model_output/Llama-3-70B-Instruct_0_shot_lct_prompt/output/Llama-3-70B-Instruct_NCT03140423_0_shot.txt' gespeichert.
File: NCT03140488 

Das File: /work/eauten2s/ec_criteria_struct/chia/input/chia_text_full/NCT03140488.txt wurde erfolgreich geladen.
Die Daten wurden erfolgreich in '/work/eauten2s/ec_criteria_struct/chia/evaluate/eval_full_chia/model_output/Llama-3-70B-Instruct_0_shot_lct_prompt/output/Llama-3-70B-Instruct_NCT03140488_0_shot.txt' gespeichert.
File: NCT03146390 

Das File: /work/eauten2s/ec_criteria_struct/chia/input/chia_text_full/NCT03146390.txt wurde erfolgreich geladen.
Die Daten wurden erfolgreich in '/work/eauten2s/ec_criteria_struct/chia/evaluate/eval_full_chia/model_output/Llama-3-70B-Instruct_0_shot_lct_prompt/output/Llama-3-70B-Instruct_NCT03146390_0_shot.txt' gespeichert.
File: NCT03147599 

Das File: /work/eauten2s/ec_criteria_struct/chia/input/chia_text_full/NCT03147599.txt wurde erfolgreich geladen.
Die Daten wurden erfolgreich in '/work/eauten2s/ec_criteria_struct/chia/evaluate/eval_full_chia/model_output/Llama-3-70B-Instruct_0_shot_lct_prompt/output/Llama-3-70B-Instruct_NCT03147599_0_shot.txt' gespeichert.
File: NCT03149887 

Das File: /work/eauten2s/ec_criteria_struct/chia/input/chia_text_full/NCT03149887.txt wurde erfolgreich geladen.
Die Daten wurden erfolgreich in '/work/eauten2s/ec_criteria_struct/chia/evaluate/eval_full_chia/model_output/Llama-3-70B-Instruct_0_shot_lct_prompt/output/Llama-3-70B-Instruct_NCT03149887_0_shot.txt' gespeichert.
File: NCT03151603 

Das File: /work/eauten2s/ec_criteria_struct/chia/input/chia_text_full/NCT03151603.txt wurde erfolgreich geladen.
Die Daten wurden erfolgreich in '/work/eauten2s/ec_criteria_struct/chia/evaluate/eval_full_chia/model_output/Llama-3-70B-Instruct_0_shot_lct_prompt/output/Llama-3-70B-Instruct_NCT03151603_0_shot.txt' gespeichert.
File: NCT03154931 

Das File: /work/eauten2s/ec_criteria_struct/chia/input/chia_text_full/NCT03154931.txt wurde erfolgreich geladen.
Die Daten wurden erfolgreich in '/work/eauten2s/ec_criteria_struct/chia/evaluate/eval_full_chia/model_output/Llama-3-70B-Instruct_0_shot_lct_prompt/output/Llama-3-70B-Instruct_NCT03154931_0_shot.txt' gespeichert.
File: NCT03156855 

Das File: /work/eauten2s/ec_criteria_struct/chia/input/chia_text_full/NCT03156855.txt wurde erfolgreich geladen.
Die Daten wurden erfolgreich in '/work/eauten2s/ec_criteria_struct/chia/evaluate/eval_full_chia/model_output/Llama-3-70B-Instruct_0_shot_lct_prompt/output/Llama-3-70B-Instruct_NCT03156855_0_shot.txt' gespeichert.
File: NCT03159507 

Das File: /work/eauten2s/ec_criteria_struct/chia/input/chia_text_full/NCT03159507.txt wurde erfolgreich geladen.
Die Daten wurden erfolgreich in '/work/eauten2s/ec_criteria_struct/chia/evaluate/eval_full_chia/model_output/Llama-3-70B-Instruct_0_shot_lct_prompt/output/Llama-3-70B-Instruct_NCT03159507_0_shot.txt' gespeichert.
File: NCT03164096 

Das File: /work/eauten2s/ec_criteria_struct/chia/input/chia_text_full/NCT03164096.txt wurde erfolgreich geladen.
Die Daten wurden erfolgreich in '/work/eauten2s/ec_criteria_struct/chia/evaluate/eval_full_chia/model_output/Llama-3-70B-Instruct_0_shot_lct_prompt/output/Llama-3-70B-Instruct_NCT03164096_0_shot.txt' gespeichert.
File: NCT03164304 

Das File: /work/eauten2s/ec_criteria_struct/chia/input/chia_text_full/NCT03164304.txt wurde erfolgreich geladen.
Die Daten wurden erfolgreich in '/work/eauten2s/ec_criteria_struct/chia/evaluate/eval_full_chia/model_output/Llama-3-70B-Instruct_0_shot_lct_prompt/output/Llama-3-70B-Instruct_NCT03164304_0_shot.txt' gespeichert.
File: NCT03168178 

Das File: /work/eauten2s/ec_criteria_struct/chia/input/chia_text_full/NCT03168178.txt wurde erfolgreich geladen.
Die Daten wurden erfolgreich in '/work/eauten2s/ec_criteria_struct/chia/evaluate/eval_full_chia/model_output/Llama-3-70B-Instruct_0_shot_lct_prompt/output/Llama-3-70B-Instruct_NCT03168178_0_shot.txt' gespeichert.
File: NCT03168555 

Das File: /work/eauten2s/ec_criteria_struct/chia/input/chia_text_full/NCT03168555.txt wurde erfolgreich geladen.
Die Daten wurden erfolgreich in '/work/eauten2s/ec_criteria_struct/chia/evaluate/eval_full_chia/model_output/Llama-3-70B-Instruct_0_shot_lct_prompt/output/Llama-3-70B-Instruct_NCT03168555_0_shot.txt' gespeichert.
File: NCT03169127 

Das File: /work/eauten2s/ec_criteria_struct/chia/input/chia_text_full/NCT03169127.txt wurde erfolgreich geladen.
Die Daten wurden erfolgreich in '/work/eauten2s/ec_criteria_struct/chia/evaluate/eval_full_chia/model_output/Llama-3-70B-Instruct_0_shot_lct_prompt/output/Llama-3-70B-Instruct_NCT03169127_0_shot.txt' gespeichert.
File: NCT03171987 

Das File: /work/eauten2s/ec_criteria_struct/chia/input/chia_text_full/NCT03171987.txt wurde erfolgreich geladen.
Die Daten wurden erfolgreich in '/work/eauten2s/ec_criteria_struct/chia/evaluate/eval_full_chia/model_output/Llama-3-70B-Instruct_0_shot_lct_prompt/output/Llama-3-70B-Instruct_NCT03171987_0_shot.txt' gespeichert.
File: NCT03173092 

Das File: /work/eauten2s/ec_criteria_struct/chia/input/chia_text_full/NCT03173092.txt wurde erfolgreich geladen.
Die Daten wurden erfolgreich in '/work/eauten2s/ec_criteria_struct/chia/evaluate/eval_full_chia/model_output/Llama-3-70B-Instruct_0_shot_lct_prompt/output/Llama-3-70B-Instruct_NCT03173092_0_shot.txt' gespeichert.
File: NCT03176316 

Das File: /work/eauten2s/ec_criteria_struct/chia/input/chia_text_full/NCT03176316.txt wurde erfolgreich geladen.
Die Daten wurden erfolgreich in '/work/eauten2s/ec_criteria_struct/chia/evaluate/eval_full_chia/model_output/Llama-3-70B-Instruct_0_shot_lct_prompt/output/Llama-3-70B-Instruct_NCT03176316_0_shot.txt' gespeichert.
File: NCT03177811 

Das File: /work/eauten2s/ec_criteria_struct/chia/input/chia_text_full/NCT03177811.txt wurde erfolgreich geladen.
Die Daten wurden erfolgreich in '/work/eauten2s/ec_criteria_struct/chia/evaluate/eval_full_chia/model_output/Llama-3-70B-Instruct_0_shot_lct_prompt/output/Llama-3-70B-Instruct_NCT03177811_0_shot.txt' gespeichert.
File: NCT03177837 

Das File: /work/eauten2s/ec_criteria_struct/chia/input/chia_text_full/NCT03177837.txt wurde erfolgreich geladen.
Die Daten wurden erfolgreich in '/work/eauten2s/ec_criteria_struct/chia/evaluate/eval_full_chia/model_output/Llama-3-70B-Instruct_0_shot_lct_prompt/output/Llama-3-70B-Instruct_NCT03177837_0_shot.txt' gespeichert.
File: NCT03181984 

Das File: /work/eauten2s/ec_criteria_struct/chia/input/chia_text_full/NCT03181984.txt wurde erfolgreich geladen.
Die Daten wurden erfolgreich in '/work/eauten2s/ec_criteria_struct/chia/evaluate/eval_full_chia/model_output/Llama-3-70B-Instruct_0_shot_lct_prompt/output/Llama-3-70B-Instruct_NCT03181984_0_shot.txt' gespeichert.
File: NCT03182114 

Das File: /work/eauten2s/ec_criteria_struct/chia/input/chia_text_full/NCT03182114.txt wurde erfolgreich geladen.
Die Daten wurden erfolgreich in '/work/eauten2s/ec_criteria_struct/chia/evaluate/eval_full_chia/model_output/Llama-3-70B-Instruct_0_shot_lct_prompt/output/Llama-3-70B-Instruct_NCT03182114_0_shot.txt' gespeichert.
File: NCT03185130 

Das File: /work/eauten2s/ec_criteria_struct/chia/input/chia_text_full/NCT03185130.txt wurde erfolgreich geladen.
Die Daten wurden erfolgreich in '/work/eauten2s/ec_criteria_struct/chia/evaluate/eval_full_chia/model_output/Llama-3-70B-Instruct_0_shot_lct_prompt/output/Llama-3-70B-Instruct_NCT03185130_0_shot.txt' gespeichert.
File: NCT03187379 

Das File: /work/eauten2s/ec_criteria_struct/chia/input/chia_text_full/NCT03187379.txt wurde erfolgreich geladen.
Die Daten wurden erfolgreich in '/work/eauten2s/ec_criteria_struct/chia/evaluate/eval_full_chia/model_output/Llama-3-70B-Instruct_0_shot_lct_prompt/output/Llama-3-70B-Instruct_NCT03187379_0_shot.txt' gespeichert.
File: NCT03187639 

Das File: /work/eauten2s/ec_criteria_struct/chia/input/chia_text_full/NCT03187639.txt wurde erfolgreich geladen.
Die Daten wurden erfolgreich in '/work/eauten2s/ec_criteria_struct/chia/evaluate/eval_full_chia/model_output/Llama-3-70B-Instruct_0_shot_lct_prompt/output/Llama-3-70B-Instruct_NCT03187639_0_shot.txt' gespeichert.
File: NCT03190304 

Das File: /work/eauten2s/ec_criteria_struct/chia/input/chia_text_full/NCT03190304.txt wurde erfolgreich geladen.
Die Daten wurden erfolgreich in '/work/eauten2s/ec_criteria_struct/chia/evaluate/eval_full_chia/model_output/Llama-3-70B-Instruct_0_shot_lct_prompt/output/Llama-3-70B-Instruct_NCT03190304_0_shot.txt' gespeichert.
File: NCT03192020 

Das File: /work/eauten2s/ec_criteria_struct/chia/input/chia_text_full/NCT03192020.txt wurde erfolgreich geladen.
Die Daten wurden erfolgreich in '/work/eauten2s/ec_criteria_struct/chia/evaluate/eval_full_chia/model_output/Llama-3-70B-Instruct_0_shot_lct_prompt/output/Llama-3-70B-Instruct_NCT03192020_0_shot.txt' gespeichert.
File: NCT03193684 

Das File: /work/eauten2s/ec_criteria_struct/chia/input/chia_text_full/NCT03193684.txt wurde erfolgreich geladen.
Die Daten wurden erfolgreich in '/work/eauten2s/ec_criteria_struct/chia/evaluate/eval_full_chia/model_output/Llama-3-70B-Instruct_0_shot_lct_prompt/output/Llama-3-70B-Instruct_NCT03193684_0_shot.txt' gespeichert.
File: NCT03194074 

Das File: /work/eauten2s/ec_criteria_struct/chia/input/chia_text_full/NCT03194074.txt wurde erfolgreich geladen.
Die Daten wurden erfolgreich in '/work/eauten2s/ec_criteria_struct/chia/evaluate/eval_full_chia/model_output/Llama-3-70B-Instruct_0_shot_lct_prompt/output/Llama-3-70B-Instruct_NCT03194074_0_shot.txt' gespeichert.
File: NCT03195153 

Das File: /work/eauten2s/ec_criteria_struct/chia/input/chia_text_full/NCT03195153.txt wurde erfolgreich geladen.
Die Daten wurden erfolgreich in '/work/eauten2s/ec_criteria_struct/chia/evaluate/eval_full_chia/model_output/Llama-3-70B-Instruct_0_shot_lct_prompt/output/Llama-3-70B-Instruct_NCT03195153_0_shot.txt' gespeichert.
File: NCT03196843 

Das File: /work/eauten2s/ec_criteria_struct/chia/input/chia_text_full/NCT03196843.txt wurde erfolgreich geladen.
Die Daten wurden erfolgreich in '/work/eauten2s/ec_criteria_struct/chia/evaluate/eval_full_chia/model_output/Llama-3-70B-Instruct_0_shot_lct_prompt/output/Llama-3-70B-Instruct_NCT03196843_0_shot.txt' gespeichert.
File: NCT03198910 

Das File: /work/eauten2s/ec_criteria_struct/chia/input/chia_text_full/NCT03198910.txt wurde erfolgreich geladen.
Die Daten wurden erfolgreich in '/work/eauten2s/ec_criteria_struct/chia/evaluate/eval_full_chia/model_output/Llama-3-70B-Instruct_0_shot_lct_prompt/output/Llama-3-70B-Instruct_NCT03198910_0_shot.txt' gespeichert.
File: NCT03199560 

Das File: /work/eauten2s/ec_criteria_struct/chia/input/chia_text_full/NCT03199560.txt wurde erfolgreich geladen.
Die Daten wurden erfolgreich in '/work/eauten2s/ec_criteria_struct/chia/evaluate/eval_full_chia/model_output/Llama-3-70B-Instruct_0_shot_lct_prompt/output/Llama-3-70B-Instruct_NCT03199560_0_shot.txt' gespeichert.
File: NCT03208127 

Das File: /work/eauten2s/ec_criteria_struct/chia/input/chia_text_full/NCT03208127.txt wurde erfolgreich geladen.
Die Daten wurden erfolgreich in '/work/eauten2s/ec_criteria_struct/chia/evaluate/eval_full_chia/model_output/Llama-3-70B-Instruct_0_shot_lct_prompt/output/Llama-3-70B-Instruct_NCT03208127_0_shot.txt' gespeichert.
File: NCT03208244 

Das File: /work/eauten2s/ec_criteria_struct/chia/input/chia_text_full/NCT03208244.txt wurde erfolgreich geladen.
Die Daten wurden erfolgreich in '/work/eauten2s/ec_criteria_struct/chia/evaluate/eval_full_chia/model_output/Llama-3-70B-Instruct_0_shot_lct_prompt/output/Llama-3-70B-Instruct_NCT03208244_0_shot.txt' gespeichert.
File: NCT03208465 

Das File: /work/eauten2s/ec_criteria_struct/chia/input/chia_text_full/NCT03208465.txt wurde erfolgreich geladen.
Die Daten wurden erfolgreich in '/work/eauten2s/ec_criteria_struct/chia/evaluate/eval_full_chia/model_output/Llama-3-70B-Instruct_0_shot_lct_prompt/output/Llama-3-70B-Instruct_NCT03208465_0_shot.txt' gespeichert.
File: NCT03208998 

Das File: /work/eauten2s/ec_criteria_struct/chia/input/chia_text_full/NCT03208998.txt wurde erfolgreich geladen.
Die Daten wurden erfolgreich in '/work/eauten2s/ec_criteria_struct/chia/evaluate/eval_full_chia/model_output/Llama-3-70B-Instruct_0_shot_lct_prompt/output/Llama-3-70B-Instruct_NCT03208998_0_shot.txt' gespeichert.
File: NCT03209011 

Das File: /work/eauten2s/ec_criteria_struct/chia/input/chia_text_full/NCT03209011.txt wurde erfolgreich geladen.
Die Daten wurden erfolgreich in '/work/eauten2s/ec_criteria_struct/chia/evaluate/eval_full_chia/model_output/Llama-3-70B-Instruct_0_shot_lct_prompt/output/Llama-3-70B-Instruct_NCT03209011_0_shot.txt' gespeichert.
File: NCT03209687 

Das File: /work/eauten2s/ec_criteria_struct/chia/input/chia_text_full/NCT03209687.txt wurde erfolgreich geladen.
Die Daten wurden erfolgreich in '/work/eauten2s/ec_criteria_struct/chia/evaluate/eval_full_chia/model_output/Llama-3-70B-Instruct_0_shot_lct_prompt/output/Llama-3-70B-Instruct_NCT03209687_0_shot.txt' gespeichert.
File: NCT03211741 

Das File: /work/eauten2s/ec_criteria_struct/chia/input/chia_text_full/NCT03211741.txt wurde erfolgreich geladen.
Die Daten wurden erfolgreich in '/work/eauten2s/ec_criteria_struct/chia/evaluate/eval_full_chia/model_output/Llama-3-70B-Instruct_0_shot_lct_prompt/output/Llama-3-70B-Instruct_NCT03211741_0_shot.txt' gespeichert.
File: NCT03212352 

Das File: /work/eauten2s/ec_criteria_struct/chia/input/chia_text_full/NCT03212352.txt wurde erfolgreich geladen.
Die Daten wurden erfolgreich in '/work/eauten2s/ec_criteria_struct/chia/evaluate/eval_full_chia/model_output/Llama-3-70B-Instruct_0_shot_lct_prompt/output/Llama-3-70B-Instruct_NCT03212352_0_shot.txt' gespeichert.
File: NCT03213834 

Das File: /work/eauten2s/ec_criteria_struct/chia/input/chia_text_full/NCT03213834.txt wurde erfolgreich geladen.
Die Daten wurden erfolgreich in '/work/eauten2s/ec_criteria_struct/chia/evaluate/eval_full_chia/model_output/Llama-3-70B-Instruct_0_shot_lct_prompt/output/Llama-3-70B-Instruct_NCT03213834_0_shot.txt' gespeichert.
File: NCT03216447 

Das File: /work/eauten2s/ec_criteria_struct/chia/input/chia_text_full/NCT03216447.txt wurde erfolgreich geladen.
Die Daten wurden erfolgreich in '/work/eauten2s/ec_criteria_struct/chia/evaluate/eval_full_chia/model_output/Llama-3-70B-Instruct_0_shot_lct_prompt/output/Llama-3-70B-Instruct_NCT03216447_0_shot.txt' gespeichert.
File: NCT03216967 

Das File: /work/eauten2s/ec_criteria_struct/chia/input/chia_text_full/NCT03216967.txt wurde erfolgreich geladen.
Die Daten wurden erfolgreich in '/work/eauten2s/ec_criteria_struct/chia/evaluate/eval_full_chia/model_output/Llama-3-70B-Instruct_0_shot_lct_prompt/output/Llama-3-70B-Instruct_NCT03216967_0_shot.txt' gespeichert.
File: NCT03217409 

Das File: /work/eauten2s/ec_criteria_struct/chia/input/chia_text_full/NCT03217409.txt wurde erfolgreich geladen.
Die Daten wurden erfolgreich in '/work/eauten2s/ec_criteria_struct/chia/evaluate/eval_full_chia/model_output/Llama-3-70B-Instruct_0_shot_lct_prompt/output/Llama-3-70B-Instruct_NCT03217409_0_shot.txt' gespeichert.
File: NCT03221231 

Das File: /work/eauten2s/ec_criteria_struct/chia/input/chia_text_full/NCT03221231.txt wurde erfolgreich geladen.
Die Daten wurden erfolgreich in '/work/eauten2s/ec_criteria_struct/chia/evaluate/eval_full_chia/model_output/Llama-3-70B-Instruct_0_shot_lct_prompt/output/Llama-3-70B-Instruct_NCT03221231_0_shot.txt' gespeichert.
File: NCT03223909 

Das File: /work/eauten2s/ec_criteria_struct/chia/input/chia_text_full/NCT03223909.txt wurde erfolgreich geladen.
Die Daten wurden erfolgreich in '/work/eauten2s/ec_criteria_struct/chia/evaluate/eval_full_chia/model_output/Llama-3-70B-Instruct_0_shot_lct_prompt/output/Llama-3-70B-Instruct_NCT03223909_0_shot.txt' gespeichert.
File: NCT03225469 

Das File: /work/eauten2s/ec_criteria_struct/chia/input/chia_text_full/NCT03225469.txt wurde erfolgreich geladen.
Die Daten wurden erfolgreich in '/work/eauten2s/ec_criteria_struct/chia/evaluate/eval_full_chia/model_output/Llama-3-70B-Instruct_0_shot_lct_prompt/output/Llama-3-70B-Instruct_NCT03225469_0_shot.txt' gespeichert.
File: NCT03226080 

Das File: /work/eauten2s/ec_criteria_struct/chia/input/chia_text_full/NCT03226080.txt wurde erfolgreich geladen.
Die Daten wurden erfolgreich in '/work/eauten2s/ec_criteria_struct/chia/evaluate/eval_full_chia/model_output/Llama-3-70B-Instruct_0_shot_lct_prompt/output/Llama-3-70B-Instruct_NCT03226080_0_shot.txt' gespeichert.
File: NCT03228017 

Das File: /work/eauten2s/ec_criteria_struct/chia/input/chia_text_full/NCT03228017.txt wurde erfolgreich geladen.
Die Daten wurden erfolgreich in '/work/eauten2s/ec_criteria_struct/chia/evaluate/eval_full_chia/model_output/Llama-3-70B-Instruct_0_shot_lct_prompt/output/Llama-3-70B-Instruct_NCT03228017_0_shot.txt' gespeichert.
File: NCT03228238 

Das File: /work/eauten2s/ec_criteria_struct/chia/input/chia_text_full/NCT03228238.txt wurde erfolgreich geladen.
Die Daten wurden erfolgreich in '/work/eauten2s/ec_criteria_struct/chia/evaluate/eval_full_chia/model_output/Llama-3-70B-Instruct_0_shot_lct_prompt/output/Llama-3-70B-Instruct_NCT03228238_0_shot.txt' gespeichert.
File: NCT03228498 

Das File: /work/eauten2s/ec_criteria_struct/chia/input/chia_text_full/NCT03228498.txt wurde erfolgreich geladen.
Die Daten wurden erfolgreich in '/work/eauten2s/ec_criteria_struct/chia/evaluate/eval_full_chia/model_output/Llama-3-70B-Instruct_0_shot_lct_prompt/output/Llama-3-70B-Instruct_NCT03228498_0_shot.txt' gespeichert.
File: NCT03228654 

Das File: /work/eauten2s/ec_criteria_struct/chia/input/chia_text_full/NCT03228654.txt wurde erfolgreich geladen.
Die Daten wurden erfolgreich in '/work/eauten2s/ec_criteria_struct/chia/evaluate/eval_full_chia/model_output/Llama-3-70B-Instruct_0_shot_lct_prompt/output/Llama-3-70B-Instruct_NCT03228654_0_shot.txt' gespeichert.
File: NCT03231982 

Das File: /work/eauten2s/ec_criteria_struct/chia/input/chia_text_full/NCT03231982.txt wurde erfolgreich geladen.
Die Daten wurden erfolgreich in '/work/eauten2s/ec_criteria_struct/chia/evaluate/eval_full_chia/model_output/Llama-3-70B-Instruct_0_shot_lct_prompt/output/Llama-3-70B-Instruct_NCT03231982_0_shot.txt' gespeichert.
File: NCT03233880 

Das File: /work/eauten2s/ec_criteria_struct/chia/input/chia_text_full/NCT03233880.txt wurde erfolgreich geladen.
Die Daten wurden erfolgreich in '/work/eauten2s/ec_criteria_struct/chia/evaluate/eval_full_chia/model_output/Llama-3-70B-Instruct_0_shot_lct_prompt/output/Llama-3-70B-Instruct_NCT03233880_0_shot.txt' gespeichert.
File: NCT03234816 

Das File: /work/eauten2s/ec_criteria_struct/chia/input/chia_text_full/NCT03234816.txt wurde erfolgreich geladen.
Die Daten wurden erfolgreich in '/work/eauten2s/ec_criteria_struct/chia/evaluate/eval_full_chia/model_output/Llama-3-70B-Instruct_0_shot_lct_prompt/output/Llama-3-70B-Instruct_NCT03234816_0_shot.txt' gespeichert.
File: NCT03236246 

Das File: /work/eauten2s/ec_criteria_struct/chia/input/chia_text_full/NCT03236246.txt wurde erfolgreich geladen.
Die Daten wurden erfolgreich in '/work/eauten2s/ec_criteria_struct/chia/evaluate/eval_full_chia/model_output/Llama-3-70B-Instruct_0_shot_lct_prompt/output/Llama-3-70B-Instruct_NCT03236246_0_shot.txt' gespeichert.
File: NCT03241368 

Das File: /work/eauten2s/ec_criteria_struct/chia/input/chia_text_full/NCT03241368.txt wurde erfolgreich geladen.
Die Daten wurden erfolgreich in '/work/eauten2s/ec_criteria_struct/chia/evaluate/eval_full_chia/model_output/Llama-3-70B-Instruct_0_shot_lct_prompt/output/Llama-3-70B-Instruct_NCT03241368_0_shot.txt' gespeichert.
File: NCT03247413 

Das File: /work/eauten2s/ec_criteria_struct/chia/input/chia_text_full/NCT03247413.txt wurde erfolgreich geladen.
Die Daten wurden erfolgreich in '/work/eauten2s/ec_criteria_struct/chia/evaluate/eval_full_chia/model_output/Llama-3-70B-Instruct_0_shot_lct_prompt/output/Llama-3-70B-Instruct_NCT03247413_0_shot.txt' gespeichert.
File: NCT03247738 

Das File: /work/eauten2s/ec_criteria_struct/chia/input/chia_text_full/NCT03247738.txt wurde erfolgreich geladen.
Die Daten wurden erfolgreich in '/work/eauten2s/ec_criteria_struct/chia/evaluate/eval_full_chia/model_output/Llama-3-70B-Instruct_0_shot_lct_prompt/output/Llama-3-70B-Instruct_NCT03247738_0_shot.txt' gespeichert.
File: NCT03249272 

Das File: /work/eauten2s/ec_criteria_struct/chia/input/chia_text_full/NCT03249272.txt wurde erfolgreich geladen.
Die Daten wurden erfolgreich in '/work/eauten2s/ec_criteria_struct/chia/evaluate/eval_full_chia/model_output/Llama-3-70B-Instruct_0_shot_lct_prompt/output/Llama-3-70B-Instruct_NCT03249272_0_shot.txt' gespeichert.
File: NCT03249311 

Das File: /work/eauten2s/ec_criteria_struct/chia/input/chia_text_full/NCT03249311.txt wurde erfolgreich geladen.
Die Daten wurden erfolgreich in '/work/eauten2s/ec_criteria_struct/chia/evaluate/eval_full_chia/model_output/Llama-3-70B-Instruct_0_shot_lct_prompt/output/Llama-3-70B-Instruct_NCT03249311_0_shot.txt' gespeichert.
File: NCT03250507 

Das File: /work/eauten2s/ec_criteria_struct/chia/input/chia_text_full/NCT03250507.txt wurde erfolgreich geladen.
Die Daten wurden erfolgreich in '/work/eauten2s/ec_criteria_struct/chia/evaluate/eval_full_chia/model_output/Llama-3-70B-Instruct_0_shot_lct_prompt/output/Llama-3-70B-Instruct_NCT03250507_0_shot.txt' gespeichert.
File: NCT03252249 

Das File: /work/eauten2s/ec_criteria_struct/chia/input/chia_text_full/NCT03252249.txt wurde erfolgreich geladen.
Die Daten wurden erfolgreich in '/work/eauten2s/ec_criteria_struct/chia/evaluate/eval_full_chia/model_output/Llama-3-70B-Instruct_0_shot_lct_prompt/output/Llama-3-70B-Instruct_NCT03252249_0_shot.txt' gespeichert.
File: NCT03253796 

Das File: /work/eauten2s/ec_criteria_struct/chia/input/chia_text_full/NCT03253796.txt wurde erfolgreich geladen.
Die Daten wurden erfolgreich in '/work/eauten2s/ec_criteria_struct/chia/evaluate/eval_full_chia/model_output/Llama-3-70B-Instruct_0_shot_lct_prompt/output/Llama-3-70B-Instruct_NCT03253796_0_shot.txt' gespeichert.
File: NCT03255044 

Das File: /work/eauten2s/ec_criteria_struct/chia/input/chia_text_full/NCT03255044.txt wurde erfolgreich geladen.
Die Daten wurden erfolgreich in '/work/eauten2s/ec_criteria_struct/chia/evaluate/eval_full_chia/model_output/Llama-3-70B-Instruct_0_shot_lct_prompt/output/Llama-3-70B-Instruct_NCT03255044_0_shot.txt' gespeichert.
File: NCT03256864 

Das File: /work/eauten2s/ec_criteria_struct/chia/input/chia_text_full/NCT03256864.txt wurde erfolgreich geladen.
Die Daten wurden erfolgreich in '/work/eauten2s/ec_criteria_struct/chia/evaluate/eval_full_chia/model_output/Llama-3-70B-Instruct_0_shot_lct_prompt/output/Llama-3-70B-Instruct_NCT03256864_0_shot.txt' gespeichert.
File: NCT03259243 

Das File: /work/eauten2s/ec_criteria_struct/chia/input/chia_text_full/NCT03259243.txt wurde erfolgreich geladen.
Die Daten wurden erfolgreich in '/work/eauten2s/ec_criteria_struct/chia/evaluate/eval_full_chia/model_output/Llama-3-70B-Instruct_0_shot_lct_prompt/output/Llama-3-70B-Instruct_NCT03259243_0_shot.txt' gespeichert.
File: NCT03260790 

Das File: /work/eauten2s/ec_criteria_struct/chia/input/chia_text_full/NCT03260790.txt wurde erfolgreich geladen.
Die Daten wurden erfolgreich in '/work/eauten2s/ec_criteria_struct/chia/evaluate/eval_full_chia/model_output/Llama-3-70B-Instruct_0_shot_lct_prompt/output/Llama-3-70B-Instruct_NCT03260790_0_shot.txt' gespeichert.
File: NCT03260881 

Das File: /work/eauten2s/ec_criteria_struct/chia/input/chia_text_full/NCT03260881.txt wurde erfolgreich geladen.
Die Daten wurden erfolgreich in '/work/eauten2s/ec_criteria_struct/chia/evaluate/eval_full_chia/model_output/Llama-3-70B-Instruct_0_shot_lct_prompt/output/Llama-3-70B-Instruct_NCT03260881_0_shot.txt' gespeichert.
File: NCT03262038 

Das File: /work/eauten2s/ec_criteria_struct/chia/input/chia_text_full/NCT03262038.txt wurde erfolgreich geladen.
Die Daten wurden erfolgreich in '/work/eauten2s/ec_criteria_struct/chia/evaluate/eval_full_chia/model_output/Llama-3-70B-Instruct_0_shot_lct_prompt/output/Llama-3-70B-Instruct_NCT03262038_0_shot.txt' gespeichert.
File: NCT03263481 

Das File: /work/eauten2s/ec_criteria_struct/chia/input/chia_text_full/NCT03263481.txt wurde erfolgreich geladen.
Die Daten wurden erfolgreich in '/work/eauten2s/ec_criteria_struct/chia/evaluate/eval_full_chia/model_output/Llama-3-70B-Instruct_0_shot_lct_prompt/output/Llama-3-70B-Instruct_NCT03263481_0_shot.txt' gespeichert.
File: NCT03264911 

Das File: /work/eauten2s/ec_criteria_struct/chia/input/chia_text_full/NCT03264911.txt wurde erfolgreich geladen.
Die Daten wurden erfolgreich in '/work/eauten2s/ec_criteria_struct/chia/evaluate/eval_full_chia/model_output/Llama-3-70B-Instruct_0_shot_lct_prompt/output/Llama-3-70B-Instruct_NCT03264911_0_shot.txt' gespeichert.
File: NCT03275584 

Das File: /work/eauten2s/ec_criteria_struct/chia/input/chia_text_full/NCT03275584.txt wurde erfolgreich geladen.
Die Daten wurden erfolgreich in '/work/eauten2s/ec_criteria_struct/chia/evaluate/eval_full_chia/model_output/Llama-3-70B-Instruct_0_shot_lct_prompt/output/Llama-3-70B-Instruct_NCT03275584_0_shot.txt' gespeichert.
File: NCT03278548 

Das File: /work/eauten2s/ec_criteria_struct/chia/input/chia_text_full/NCT03278548.txt wurde erfolgreich geladen.
Die Daten wurden erfolgreich in '/work/eauten2s/ec_criteria_struct/chia/evaluate/eval_full_chia/model_output/Llama-3-70B-Instruct_0_shot_lct_prompt/output/Llama-3-70B-Instruct_NCT03278548_0_shot.txt' gespeichert.
File: NCT03280017 

Das File: /work/eauten2s/ec_criteria_struct/chia/input/chia_text_full/NCT03280017.txt wurde erfolgreich geladen.
Die Daten wurden erfolgreich in '/work/eauten2s/ec_criteria_struct/chia/evaluate/eval_full_chia/model_output/Llama-3-70B-Instruct_0_shot_lct_prompt/output/Llama-3-70B-Instruct_NCT03280017_0_shot.txt' gespeichert.
File: NCT03282006 

Das File: /work/eauten2s/ec_criteria_struct/chia/input/chia_text_full/NCT03282006.txt wurde erfolgreich geladen.
Die Daten wurden erfolgreich in '/work/eauten2s/ec_criteria_struct/chia/evaluate/eval_full_chia/model_output/Llama-3-70B-Instruct_0_shot_lct_prompt/output/Llama-3-70B-Instruct_NCT03282006_0_shot.txt' gespeichert.
File: NCT03288428 

Das File: /work/eauten2s/ec_criteria_struct/chia/input/chia_text_full/NCT03288428.txt wurde erfolgreich geladen.
Die Daten wurden erfolgreich in '/work/eauten2s/ec_criteria_struct/chia/evaluate/eval_full_chia/model_output/Llama-3-70B-Instruct_0_shot_lct_prompt/output/Llama-3-70B-Instruct_NCT03288428_0_shot.txt' gespeichert.
File: NCT03296488 

Das File: /work/eauten2s/ec_criteria_struct/chia/input/chia_text_full/NCT03296488.txt wurde erfolgreich geladen.
Die Daten wurden erfolgreich in '/work/eauten2s/ec_criteria_struct/chia/evaluate/eval_full_chia/model_output/Llama-3-70B-Instruct_0_shot_lct_prompt/output/Llama-3-70B-Instruct_NCT03296488_0_shot.txt' gespeichert.
File: NCT03297021 

Das File: /work/eauten2s/ec_criteria_struct/chia/input/chia_text_full/NCT03297021.txt wurde erfolgreich geladen.
Die Daten wurden erfolgreich in '/work/eauten2s/ec_criteria_struct/chia/evaluate/eval_full_chia/model_output/Llama-3-70B-Instruct_0_shot_lct_prompt/output/Llama-3-70B-Instruct_NCT03297021_0_shot.txt' gespeichert.
File: NCT03297125 

Das File: /work/eauten2s/ec_criteria_struct/chia/input/chia_text_full/NCT03297125.txt wurde erfolgreich geladen.
Die Daten wurden erfolgreich in '/work/eauten2s/ec_criteria_struct/chia/evaluate/eval_full_chia/model_output/Llama-3-70B-Instruct_0_shot_lct_prompt/output/Llama-3-70B-Instruct_NCT03297125_0_shot.txt' gespeichert.
File: NCT03297944 

Das File: /work/eauten2s/ec_criteria_struct/chia/input/chia_text_full/NCT03297944.txt wurde erfolgreich geladen.
Die Daten wurden erfolgreich in '/work/eauten2s/ec_criteria_struct/chia/evaluate/eval_full_chia/model_output/Llama-3-70B-Instruct_0_shot_lct_prompt/output/Llama-3-70B-Instruct_NCT03297944_0_shot.txt' gespeichert.
File: NCT03299517 

Das File: /work/eauten2s/ec_criteria_struct/chia/input/chia_text_full/NCT03299517.txt wurde erfolgreich geladen.
Die Daten wurden erfolgreich in '/work/eauten2s/ec_criteria_struct/chia/evaluate/eval_full_chia/model_output/Llama-3-70B-Instruct_0_shot_lct_prompt/output/Llama-3-70B-Instruct_NCT03299517_0_shot.txt' gespeichert.
File: NCT03304496 

Das File: /work/eauten2s/ec_criteria_struct/chia/input/chia_text_full/NCT03304496.txt wurde erfolgreich geladen.
Die Daten wurden erfolgreich in '/work/eauten2s/ec_criteria_struct/chia/evaluate/eval_full_chia/model_output/Llama-3-70B-Instruct_0_shot_lct_prompt/output/Llama-3-70B-Instruct_NCT03304496_0_shot.txt' gespeichert.
File: NCT03305575 

Das File: /work/eauten2s/ec_criteria_struct/chia/input/chia_text_full/NCT03305575.txt wurde erfolgreich geladen.
Die Daten wurden erfolgreich in '/work/eauten2s/ec_criteria_struct/chia/evaluate/eval_full_chia/model_output/Llama-3-70B-Instruct_0_shot_lct_prompt/output/Llama-3-70B-Instruct_NCT03305575_0_shot.txt' gespeichert.
File: NCT03305666 

Das File: /work/eauten2s/ec_criteria_struct/chia/input/chia_text_full/NCT03305666.txt wurde erfolgreich geladen.
Die Daten wurden erfolgreich in '/work/eauten2s/ec_criteria_struct/chia/evaluate/eval_full_chia/model_output/Llama-3-70B-Instruct_0_shot_lct_prompt/output/Llama-3-70B-Instruct_NCT03305666_0_shot.txt' gespeichert.
File: NCT03315975 

Das File: /work/eauten2s/ec_criteria_struct/chia/input/chia_text_full/NCT03315975.txt wurde erfolgreich geladen.
Die Daten wurden erfolgreich in '/work/eauten2s/ec_criteria_struct/chia/evaluate/eval_full_chia/model_output/Llama-3-70B-Instruct_0_shot_lct_prompt/output/Llama-3-70B-Instruct_NCT03315975_0_shot.txt' gespeichert.
File: NCT03317197 

Das File: /work/eauten2s/ec_criteria_struct/chia/input/chia_text_full/NCT03317197.txt wurde erfolgreich geladen.
Die Daten wurden erfolgreich in '/work/eauten2s/ec_criteria_struct/chia/evaluate/eval_full_chia/model_output/Llama-3-70B-Instruct_0_shot_lct_prompt/output/Llama-3-70B-Instruct_NCT03317197_0_shot.txt' gespeichert.
File: NCT03318393 

Das File: /work/eauten2s/ec_criteria_struct/chia/input/chia_text_full/NCT03318393.txt wurde erfolgreich geladen.
Die Daten wurden erfolgreich in '/work/eauten2s/ec_criteria_struct/chia/evaluate/eval_full_chia/model_output/Llama-3-70B-Instruct_0_shot_lct_prompt/output/Llama-3-70B-Instruct_NCT03318393_0_shot.txt' gespeichert.
File: NCT03318874 

Das File: /work/eauten2s/ec_criteria_struct/chia/input/chia_text_full/NCT03318874.txt wurde erfolgreich geladen.
Die Daten wurden erfolgreich in '/work/eauten2s/ec_criteria_struct/chia/evaluate/eval_full_chia/model_output/Llama-3-70B-Instruct_0_shot_lct_prompt/output/Llama-3-70B-Instruct_NCT03318874_0_shot.txt' gespeichert.
File: NCT03320057 

Das File: /work/eauten2s/ec_criteria_struct/chia/input/chia_text_full/NCT03320057.txt wurde erfolgreich geladen.
Die Daten wurden erfolgreich in '/work/eauten2s/ec_criteria_struct/chia/evaluate/eval_full_chia/model_output/Llama-3-70B-Instruct_0_shot_lct_prompt/output/Llama-3-70B-Instruct_NCT03320057_0_shot.txt' gespeichert.
File: NCT03323047 

Das File: /work/eauten2s/ec_criteria_struct/chia/input/chia_text_full/NCT03323047.txt wurde erfolgreich geladen.
Die Daten wurden erfolgreich in '/work/eauten2s/ec_criteria_struct/chia/evaluate/eval_full_chia/model_output/Llama-3-70B-Instruct_0_shot_lct_prompt/output/Llama-3-70B-Instruct_NCT03323047_0_shot.txt' gespeichert.
File: NCT03325023 

Das File: /work/eauten2s/ec_criteria_struct/chia/input/chia_text_full/NCT03325023.txt wurde erfolgreich geladen.
Die Daten wurden erfolgreich in '/work/eauten2s/ec_criteria_struct/chia/evaluate/eval_full_chia/model_output/Llama-3-70B-Instruct_0_shot_lct_prompt/output/Llama-3-70B-Instruct_NCT03325023_0_shot.txt' gespeichert.
File: NCT03328052 

Das File: /work/eauten2s/ec_criteria_struct/chia/input/chia_text_full/NCT03328052.txt wurde erfolgreich geladen.
Die Daten wurden erfolgreich in '/work/eauten2s/ec_criteria_struct/chia/evaluate/eval_full_chia/model_output/Llama-3-70B-Instruct_0_shot_lct_prompt/output/Llama-3-70B-Instruct_NCT03328052_0_shot.txt' gespeichert.
File: NCT03329456 

Das File: /work/eauten2s/ec_criteria_struct/chia/input/chia_text_full/NCT03329456.txt wurde erfolgreich geladen.
Die Daten wurden erfolgreich in '/work/eauten2s/ec_criteria_struct/chia/evaluate/eval_full_chia/model_output/Llama-3-70B-Instruct_0_shot_lct_prompt/output/Llama-3-70B-Instruct_NCT03329456_0_shot.txt' gespeichert.
File: NCT03333655 

Das File: /work/eauten2s/ec_criteria_struct/chia/input/chia_text_full/NCT03333655.txt wurde erfolgreich geladen.
Die Daten wurden erfolgreich in '/work/eauten2s/ec_criteria_struct/chia/evaluate/eval_full_chia/model_output/Llama-3-70B-Instruct_0_shot_lct_prompt/output/Llama-3-70B-Instruct_NCT03333655_0_shot.txt' gespeichert.
File: NCT03335436 

Das File: /work/eauten2s/ec_criteria_struct/chia/input/chia_text_full/NCT03335436.txt wurde erfolgreich geladen.
Die Daten wurden erfolgreich in '/work/eauten2s/ec_criteria_struct/chia/evaluate/eval_full_chia/model_output/Llama-3-70B-Instruct_0_shot_lct_prompt/output/Llama-3-70B-Instruct_NCT03335436_0_shot.txt' gespeichert.
File: NCT03335904 

Das File: /work/eauten2s/ec_criteria_struct/chia/input/chia_text_full/NCT03335904.txt wurde erfolgreich geladen.
Die Daten wurden erfolgreich in '/work/eauten2s/ec_criteria_struct/chia/evaluate/eval_full_chia/model_output/Llama-3-70B-Instruct_0_shot_lct_prompt/output/Llama-3-70B-Instruct_NCT03335904_0_shot.txt' gespeichert.
File: NCT03336801 

Das File: /work/eauten2s/ec_criteria_struct/chia/input/chia_text_full/NCT03336801.txt wurde erfolgreich geladen.
Die Daten wurden erfolgreich in '/work/eauten2s/ec_criteria_struct/chia/evaluate/eval_full_chia/model_output/Llama-3-70B-Instruct_0_shot_lct_prompt/output/Llama-3-70B-Instruct_NCT03336801_0_shot.txt' gespeichert.
File: NCT03337503 

Das File: /work/eauten2s/ec_criteria_struct/chia/input/chia_text_full/NCT03337503.txt wurde erfolgreich geladen.
Die Daten wurden erfolgreich in '/work/eauten2s/ec_criteria_struct/chia/evaluate/eval_full_chia/model_output/Llama-3-70B-Instruct_0_shot_lct_prompt/output/Llama-3-70B-Instruct_NCT03337503_0_shot.txt' gespeichert.
File: NCT03337581 

Das File: /work/eauten2s/ec_criteria_struct/chia/input/chia_text_full/NCT03337581.txt wurde erfolgreich geladen.
Die Daten wurden erfolgreich in '/work/eauten2s/ec_criteria_struct/chia/evaluate/eval_full_chia/model_output/Llama-3-70B-Instruct_0_shot_lct_prompt/output/Llama-3-70B-Instruct_NCT03337581_0_shot.txt' gespeichert.
File: NCT03338296 

Das File: /work/eauten2s/ec_criteria_struct/chia/input/chia_text_full/NCT03338296.txt wurde erfolgreich geladen.
Die Daten wurden erfolgreich in '/work/eauten2s/ec_criteria_struct/chia/evaluate/eval_full_chia/model_output/Llama-3-70B-Instruct_0_shot_lct_prompt/output/Llama-3-70B-Instruct_NCT03338296_0_shot.txt' gespeichert.
File: NCT03338855 

Das File: /work/eauten2s/ec_criteria_struct/chia/input/chia_text_full/NCT03338855.txt wurde erfolgreich geladen.
Die Daten wurden erfolgreich in '/work/eauten2s/ec_criteria_struct/chia/evaluate/eval_full_chia/model_output/Llama-3-70B-Instruct_0_shot_lct_prompt/output/Llama-3-70B-Instruct_NCT03338855_0_shot.txt' gespeichert.
File: NCT03339284 

Das File: /work/eauten2s/ec_criteria_struct/chia/input/chia_text_full/NCT03339284.txt wurde erfolgreich geladen.
Die Daten wurden erfolgreich in '/work/eauten2s/ec_criteria_struct/chia/evaluate/eval_full_chia/model_output/Llama-3-70B-Instruct_0_shot_lct_prompt/output/Llama-3-70B-Instruct_NCT03339284_0_shot.txt' gespeichert.
File: NCT03340740 

Das File: /work/eauten2s/ec_criteria_struct/chia/input/chia_text_full/NCT03340740.txt wurde erfolgreich geladen.
Die Daten wurden erfolgreich in '/work/eauten2s/ec_criteria_struct/chia/evaluate/eval_full_chia/model_output/Llama-3-70B-Instruct_0_shot_lct_prompt/output/Llama-3-70B-Instruct_NCT03340740_0_shot.txt' gespeichert.
File: NCT03344042 

Das File: /work/eauten2s/ec_criteria_struct/chia/input/chia_text_full/NCT03344042.txt wurde erfolgreich geladen.
Die Daten wurden erfolgreich in '/work/eauten2s/ec_criteria_struct/chia/evaluate/eval_full_chia/model_output/Llama-3-70B-Instruct_0_shot_lct_prompt/output/Llama-3-70B-Instruct_NCT03344042_0_shot.txt' gespeichert.
File: NCT03344887 

Das File: /work/eauten2s/ec_criteria_struct/chia/input/chia_text_full/NCT03344887.txt wurde erfolgreich geladen.
Die Daten wurden erfolgreich in '/work/eauten2s/ec_criteria_struct/chia/evaluate/eval_full_chia/model_output/Llama-3-70B-Instruct_0_shot_lct_prompt/output/Llama-3-70B-Instruct_NCT03344887_0_shot.txt' gespeichert.
File: NCT03345589 

Das File: /work/eauten2s/ec_criteria_struct/chia/input/chia_text_full/NCT03345589.txt wurde erfolgreich geladen.
Die Daten wurden erfolgreich in '/work/eauten2s/ec_criteria_struct/chia/evaluate/eval_full_chia/model_output/Llama-3-70B-Instruct_0_shot_lct_prompt/output/Llama-3-70B-Instruct_NCT03345589_0_shot.txt' gespeichert.
File: NCT03347513 

Das File: /work/eauten2s/ec_criteria_struct/chia/input/chia_text_full/NCT03347513.txt wurde erfolgreich geladen.
Die Daten wurden erfolgreich in '/work/eauten2s/ec_criteria_struct/chia/evaluate/eval_full_chia/model_output/Llama-3-70B-Instruct_0_shot_lct_prompt/output/Llama-3-70B-Instruct_NCT03347513_0_shot.txt' gespeichert.
File: NCT03350659 

Das File: /work/eauten2s/ec_criteria_struct/chia/input/chia_text_full/NCT03350659.txt wurde erfolgreich geladen.
Die Daten wurden erfolgreich in '/work/eauten2s/ec_criteria_struct/chia/evaluate/eval_full_chia/model_output/Llama-3-70B-Instruct_0_shot_lct_prompt/output/Llama-3-70B-Instruct_NCT03350659_0_shot.txt' gespeichert.
File: NCT03350815 

Das File: /work/eauten2s/ec_criteria_struct/chia/input/chia_text_full/NCT03350815.txt wurde erfolgreich geladen.
Die Daten wurden erfolgreich in '/work/eauten2s/ec_criteria_struct/chia/evaluate/eval_full_chia/model_output/Llama-3-70B-Instruct_0_shot_lct_prompt/output/Llama-3-70B-Instruct_NCT03350815_0_shot.txt' gespeichert.
File: NCT03351608 

Das File: /work/eauten2s/ec_criteria_struct/chia/input/chia_text_full/NCT03351608.txt wurde erfolgreich geladen.
Die Daten wurden erfolgreich in '/work/eauten2s/ec_criteria_struct/chia/evaluate/eval_full_chia/model_output/Llama-3-70B-Instruct_0_shot_lct_prompt/output/Llama-3-70B-Instruct_NCT03351608_0_shot.txt' gespeichert.
File: NCT03351972 

Das File: /work/eauten2s/ec_criteria_struct/chia/input/chia_text_full/NCT03351972.txt wurde erfolgreich geladen.
Die Daten wurden erfolgreich in '/work/eauten2s/ec_criteria_struct/chia/evaluate/eval_full_chia/model_output/Llama-3-70B-Instruct_0_shot_lct_prompt/output/Llama-3-70B-Instruct_NCT03351972_0_shot.txt' gespeichert.
File: NCT03352869 

Das File: /work/eauten2s/ec_criteria_struct/chia/input/chia_text_full/NCT03352869.txt wurde erfolgreich geladen.
Die Daten wurden erfolgreich in '/work/eauten2s/ec_criteria_struct/chia/evaluate/eval_full_chia/model_output/Llama-3-70B-Instruct_0_shot_lct_prompt/output/Llama-3-70B-Instruct_NCT03352869_0_shot.txt' gespeichert.
File: NCT03354572 

Das File: /work/eauten2s/ec_criteria_struct/chia/input/chia_text_full/NCT03354572.txt wurde erfolgreich geladen.
Die Daten wurden erfolgreich in '/work/eauten2s/ec_criteria_struct/chia/evaluate/eval_full_chia/model_output/Llama-3-70B-Instruct_0_shot_lct_prompt/output/Llama-3-70B-Instruct_NCT03354572_0_shot.txt' gespeichert.
File: NCT03355157 

Das File: /work/eauten2s/ec_criteria_struct/chia/input/chia_text_full/NCT03355157.txt wurde erfolgreich geladen.
Die Daten wurden erfolgreich in '/work/eauten2s/ec_criteria_struct/chia/evaluate/eval_full_chia/model_output/Llama-3-70B-Instruct_0_shot_lct_prompt/output/Llama-3-70B-Instruct_NCT03355157_0_shot.txt' gespeichert.
File: NCT03355326 

Das File: /work/eauten2s/ec_criteria_struct/chia/input/chia_text_full/NCT03355326.txt wurde erfolgreich geladen.
Die Daten wurden erfolgreich in '/work/eauten2s/ec_criteria_struct/chia/evaluate/eval_full_chia/model_output/Llama-3-70B-Instruct_0_shot_lct_prompt/output/Llama-3-70B-Instruct_NCT03355326_0_shot.txt' gespeichert.
File: NCT03355469 

Das File: /work/eauten2s/ec_criteria_struct/chia/input/chia_text_full/NCT03355469.txt wurde erfolgreich geladen.
Die Daten wurden erfolgreich in '/work/eauten2s/ec_criteria_struct/chia/evaluate/eval_full_chia/model_output/Llama-3-70B-Instruct_0_shot_lct_prompt/output/Llama-3-70B-Instruct_NCT03355469_0_shot.txt' gespeichert.
File: NCT03356834 

Das File: /work/eauten2s/ec_criteria_struct/chia/input/chia_text_full/NCT03356834.txt wurde erfolgreich geladen.
Die Daten wurden erfolgreich in '/work/eauten2s/ec_criteria_struct/chia/evaluate/eval_full_chia/model_output/Llama-3-70B-Instruct_0_shot_lct_prompt/output/Llama-3-70B-Instruct_NCT03356834_0_shot.txt' gespeichert.
File: NCT03360214 

Das File: /work/eauten2s/ec_criteria_struct/chia/input/chia_text_full/NCT03360214.txt wurde erfolgreich geladen.
Die Daten wurden erfolgreich in '/work/eauten2s/ec_criteria_struct/chia/evaluate/eval_full_chia/model_output/Llama-3-70B-Instruct_0_shot_lct_prompt/output/Llama-3-70B-Instruct_NCT03360214_0_shot.txt' gespeichert.
File: NCT03360981 

Das File: /work/eauten2s/ec_criteria_struct/chia/input/chia_text_full/NCT03360981.txt wurde erfolgreich geladen.
Die Daten wurden erfolgreich in '/work/eauten2s/ec_criteria_struct/chia/evaluate/eval_full_chia/model_output/Llama-3-70B-Instruct_0_shot_lct_prompt/output/Llama-3-70B-Instruct_NCT03360981_0_shot.txt' gespeichert.
File: NCT03363295 

Das File: /work/eauten2s/ec_criteria_struct/chia/input/chia_text_full/NCT03363295.txt wurde erfolgreich geladen.
Die Daten wurden erfolgreich in '/work/eauten2s/ec_criteria_struct/chia/evaluate/eval_full_chia/model_output/Llama-3-70B-Instruct_0_shot_lct_prompt/output/Llama-3-70B-Instruct_NCT03363295_0_shot.txt' gespeichert.
File: NCT03364036 

Das File: /work/eauten2s/ec_criteria_struct/chia/input/chia_text_full/NCT03364036.txt wurde erfolgreich geladen.
Die Daten wurden erfolgreich in '/work/eauten2s/ec_criteria_struct/chia/evaluate/eval_full_chia/model_output/Llama-3-70B-Instruct_0_shot_lct_prompt/output/Llama-3-70B-Instruct_NCT03364036_0_shot.txt' gespeichert.
File: NCT03366779 

Das File: /work/eauten2s/ec_criteria_struct/chia/input/chia_text_full/NCT03366779.txt wurde erfolgreich geladen.
Die Daten wurden erfolgreich in '/work/eauten2s/ec_criteria_struct/chia/evaluate/eval_full_chia/model_output/Llama-3-70B-Instruct_0_shot_lct_prompt/output/Llama-3-70B-Instruct_NCT03366779_0_shot.txt' gespeichert.
File: NCT03369379 

Das File: /work/eauten2s/ec_criteria_struct/chia/input/chia_text_full/NCT03369379.txt wurde erfolgreich geladen.
Die Daten wurden erfolgreich in '/work/eauten2s/ec_criteria_struct/chia/evaluate/eval_full_chia/model_output/Llama-3-70B-Instruct_0_shot_lct_prompt/output/Llama-3-70B-Instruct_NCT03369379_0_shot.txt' gespeichert.
File: NCT03372265 

Das File: /work/eauten2s/ec_criteria_struct/chia/input/chia_text_full/NCT03372265.txt wurde erfolgreich geladen.
Die Daten wurden erfolgreich in '/work/eauten2s/ec_criteria_struct/chia/evaluate/eval_full_chia/model_output/Llama-3-70B-Instruct_0_shot_lct_prompt/output/Llama-3-70B-Instruct_NCT03372265_0_shot.txt' gespeichert.
File: NCT03372304 

Das File: /work/eauten2s/ec_criteria_struct/chia/input/chia_text_full/NCT03372304.txt wurde erfolgreich geladen.
Die Daten wurden erfolgreich in '/work/eauten2s/ec_criteria_struct/chia/evaluate/eval_full_chia/model_output/Llama-3-70B-Instruct_0_shot_lct_prompt/output/Llama-3-70B-Instruct_NCT03372304_0_shot.txt' gespeichert.
File: NCT03373318 

Das File: /work/eauten2s/ec_criteria_struct/chia/input/chia_text_full/NCT03373318.txt wurde erfolgreich geladen.
Die Daten wurden erfolgreich in '/work/eauten2s/ec_criteria_struct/chia/evaluate/eval_full_chia/model_output/Llama-3-70B-Instruct_0_shot_lct_prompt/output/Llama-3-70B-Instruct_NCT03373318_0_shot.txt' gespeichert.
File: NCT03373669 

Das File: /work/eauten2s/ec_criteria_struct/chia/input/chia_text_full/NCT03373669.txt wurde erfolgreich geladen.
Die Daten wurden erfolgreich in '/work/eauten2s/ec_criteria_struct/chia/evaluate/eval_full_chia/model_output/Llama-3-70B-Instruct_0_shot_lct_prompt/output/Llama-3-70B-Instruct_NCT03373669_0_shot.txt' gespeichert.
File: NCT03376763 

Das File: /work/eauten2s/ec_criteria_struct/chia/input/chia_text_full/NCT03376763.txt wurde erfolgreich geladen.
Die Daten wurden erfolgreich in '/work/eauten2s/ec_criteria_struct/chia/evaluate/eval_full_chia/model_output/Llama-3-70B-Instruct_0_shot_lct_prompt/output/Llama-3-70B-Instruct_NCT03376763_0_shot.txt' gespeichert.
File: NCT03380429 

Das File: /work/eauten2s/ec_criteria_struct/chia/input/chia_text_full/NCT03380429.txt wurde erfolgreich geladen.
Die Daten wurden erfolgreich in '/work/eauten2s/ec_criteria_struct/chia/evaluate/eval_full_chia/model_output/Llama-3-70B-Instruct_0_shot_lct_prompt/output/Llama-3-70B-Instruct_NCT03380429_0_shot.txt' gespeichert.
File: NCT03381755 

Das File: /work/eauten2s/ec_criteria_struct/chia/input/chia_text_full/NCT03381755.txt wurde erfolgreich geladen.
Die Daten wurden erfolgreich in '/work/eauten2s/ec_criteria_struct/chia/evaluate/eval_full_chia/model_output/Llama-3-70B-Instruct_0_shot_lct_prompt/output/Llama-3-70B-Instruct_NCT03381755_0_shot.txt' gespeichert.
File: NCT03382106 

Das File: /work/eauten2s/ec_criteria_struct/chia/input/chia_text_full/NCT03382106.txt wurde erfolgreich geladen.
Die Daten wurden erfolgreich in '/work/eauten2s/ec_criteria_struct/chia/evaluate/eval_full_chia/model_output/Llama-3-70B-Instruct_0_shot_lct_prompt/output/Llama-3-70B-Instruct_NCT03382106_0_shot.txt' gespeichert.
File: NCT03387059 

Das File: /work/eauten2s/ec_criteria_struct/chia/input/chia_text_full/NCT03387059.txt wurde erfolgreich geladen.
Die Daten wurden erfolgreich in '/work/eauten2s/ec_criteria_struct/chia/evaluate/eval_full_chia/model_output/Llama-3-70B-Instruct_0_shot_lct_prompt/output/Llama-3-70B-Instruct_NCT03387059_0_shot.txt' gespeichert.
File: NCT03388840 

Das File: /work/eauten2s/ec_criteria_struct/chia/input/chia_text_full/NCT03388840.txt wurde erfolgreich geladen.
Die Daten wurden erfolgreich in '/work/eauten2s/ec_criteria_struct/chia/evaluate/eval_full_chia/model_output/Llama-3-70B-Instruct_0_shot_lct_prompt/output/Llama-3-70B-Instruct_NCT03388840_0_shot.txt' gespeichert.
File: NCT03389061 

Das File: /work/eauten2s/ec_criteria_struct/chia/input/chia_text_full/NCT03389061.txt wurde erfolgreich geladen.
Die Daten wurden erfolgreich in '/work/eauten2s/ec_criteria_struct/chia/evaluate/eval_full_chia/model_output/Llama-3-70B-Instruct_0_shot_lct_prompt/output/Llama-3-70B-Instruct_NCT03389061_0_shot.txt' gespeichert.
File: NCT03390933 

Das File: /work/eauten2s/ec_criteria_struct/chia/input/chia_text_full/NCT03390933.txt wurde erfolgreich geladen.
Die Daten wurden erfolgreich in '/work/eauten2s/ec_criteria_struct/chia/evaluate/eval_full_chia/model_output/Llama-3-70B-Instruct_0_shot_lct_prompt/output/Llama-3-70B-Instruct_NCT03390933_0_shot.txt' gespeichert.
File: NCT03397914 

Das File: /work/eauten2s/ec_criteria_struct/chia/input/chia_text_full/NCT03397914.txt wurde erfolgreich geladen.
Die Daten wurden erfolgreich in '/work/eauten2s/ec_criteria_struct/chia/evaluate/eval_full_chia/model_output/Llama-3-70B-Instruct_0_shot_lct_prompt/output/Llama-3-70B-Instruct_NCT03397914_0_shot.txt' gespeichert.
File: NCT03400735 

Das File: /work/eauten2s/ec_criteria_struct/chia/input/chia_text_full/NCT03400735.txt wurde erfolgreich geladen.
Die Daten wurden erfolgreich in '/work/eauten2s/ec_criteria_struct/chia/evaluate/eval_full_chia/model_output/Llama-3-70B-Instruct_0_shot_lct_prompt/output/Llama-3-70B-Instruct_NCT03400735_0_shot.txt' gespeichert.
File: NCT03402945 

Das File: /work/eauten2s/ec_criteria_struct/chia/input/chia_text_full/NCT03402945.txt wurde erfolgreich geladen.
Die Daten wurden erfolgreich in '/work/eauten2s/ec_criteria_struct/chia/evaluate/eval_full_chia/model_output/Llama-3-70B-Instruct_0_shot_lct_prompt/output/Llama-3-70B-Instruct_NCT03402945_0_shot.txt' gespeichert.
File: NCT03404479 

Das File: /work/eauten2s/ec_criteria_struct/chia/input/chia_text_full/NCT03404479.txt wurde erfolgreich geladen.
Die Daten wurden erfolgreich in '/work/eauten2s/ec_criteria_struct/chia/evaluate/eval_full_chia/model_output/Llama-3-70B-Instruct_0_shot_lct_prompt/output/Llama-3-70B-Instruct_NCT03404479_0_shot.txt' gespeichert.
File: NCT03404804 

Das File: /work/eauten2s/ec_criteria_struct/chia/input/chia_text_full/NCT03404804.txt wurde erfolgreich geladen.
Die Daten wurden erfolgreich in '/work/eauten2s/ec_criteria_struct/chia/evaluate/eval_full_chia/model_output/Llama-3-70B-Instruct_0_shot_lct_prompt/output/Llama-3-70B-Instruct_NCT03404804_0_shot.txt' gespeichert.
File: NCT03407625 

Das File: /work/eauten2s/ec_criteria_struct/chia/input/chia_text_full/NCT03407625.txt wurde erfolgreich geladen.
Die Daten wurden erfolgreich in '/work/eauten2s/ec_criteria_struct/chia/evaluate/eval_full_chia/model_output/Llama-3-70B-Instruct_0_shot_lct_prompt/output/Llama-3-70B-Instruct_NCT03407625_0_shot.txt' gespeichert.
File: NCT03413891 

Das File: /work/eauten2s/ec_criteria_struct/chia/input/chia_text_full/NCT03413891.txt wurde erfolgreich geladen.
Die Daten wurden erfolgreich in '/work/eauten2s/ec_criteria_struct/chia/evaluate/eval_full_chia/model_output/Llama-3-70B-Instruct_0_shot_lct_prompt/output/Llama-3-70B-Instruct_NCT03413891_0_shot.txt' gespeichert.
File: NCT03416413 

Das File: /work/eauten2s/ec_criteria_struct/chia/input/chia_text_full/NCT03416413.txt wurde erfolgreich geladen.
Die Daten wurden erfolgreich in '/work/eauten2s/ec_criteria_struct/chia/evaluate/eval_full_chia/model_output/Llama-3-70B-Instruct_0_shot_lct_prompt/output/Llama-3-70B-Instruct_NCT03416413_0_shot.txt' gespeichert.
File: NCT03420638 

Das File: /work/eauten2s/ec_criteria_struct/chia/input/chia_text_full/NCT03420638.txt wurde erfolgreich geladen.
Die Daten wurden erfolgreich in '/work/eauten2s/ec_criteria_struct/chia/evaluate/eval_full_chia/model_output/Llama-3-70B-Instruct_0_shot_lct_prompt/output/Llama-3-70B-Instruct_NCT03420638_0_shot.txt' gespeichert.
File: NCT03424733 

Das File: /work/eauten2s/ec_criteria_struct/chia/input/chia_text_full/NCT03424733.txt wurde erfolgreich geladen.
Die Daten wurden erfolgreich in '/work/eauten2s/ec_criteria_struct/chia/evaluate/eval_full_chia/model_output/Llama-3-70B-Instruct_0_shot_lct_prompt/output/Llama-3-70B-Instruct_NCT03424733_0_shot.txt' gespeichert.
File: NCT03424993 

Das File: /work/eauten2s/ec_criteria_struct/chia/input/chia_text_full/NCT03424993.txt wurde erfolgreich geladen.
Die Daten wurden erfolgreich in '/work/eauten2s/ec_criteria_struct/chia/evaluate/eval_full_chia/model_output/Llama-3-70B-Instruct_0_shot_lct_prompt/output/Llama-3-70B-Instruct_NCT03424993_0_shot.txt' gespeichert.
File: NCT03430284 

Das File: /work/eauten2s/ec_criteria_struct/chia/input/chia_text_full/NCT03430284.txt wurde erfolgreich geladen.
Die Daten wurden erfolgreich in '/work/eauten2s/ec_criteria_struct/chia/evaluate/eval_full_chia/model_output/Llama-3-70B-Instruct_0_shot_lct_prompt/output/Llama-3-70B-Instruct_NCT03430284_0_shot.txt' gespeichert.
File: NCT03431831 

Das File: /work/eauten2s/ec_criteria_struct/chia/input/chia_text_full/NCT03431831.txt wurde erfolgreich geladen.
Die Daten wurden erfolgreich in '/work/eauten2s/ec_criteria_struct/chia/evaluate/eval_full_chia/model_output/Llama-3-70B-Instruct_0_shot_lct_prompt/output/Llama-3-70B-Instruct_NCT03431831_0_shot.txt' gespeichert.
File: NCT03434951 

Das File: /work/eauten2s/ec_criteria_struct/chia/input/chia_text_full/NCT03434951.txt wurde erfolgreich geladen.
Die Daten wurden erfolgreich in '/work/eauten2s/ec_criteria_struct/chia/evaluate/eval_full_chia/model_output/Llama-3-70B-Instruct_0_shot_lct_prompt/output/Llama-3-70B-Instruct_NCT03434951_0_shot.txt' gespeichert.
File: NCT03444142 

Das File: /work/eauten2s/ec_criteria_struct/chia/input/chia_text_full/NCT03444142.txt wurde erfolgreich geladen.
Die Daten wurden erfolgreich in '/work/eauten2s/ec_criteria_struct/chia/evaluate/eval_full_chia/model_output/Llama-3-70B-Instruct_0_shot_lct_prompt/output/Llama-3-70B-Instruct_NCT03444142_0_shot.txt' gespeichert.
File: NCT03445949 

Das File: /work/eauten2s/ec_criteria_struct/chia/input/chia_text_full/NCT03445949.txt wurde erfolgreich geladen.
Die Daten wurden erfolgreich in '/work/eauten2s/ec_criteria_struct/chia/evaluate/eval_full_chia/model_output/Llama-3-70B-Instruct_0_shot_lct_prompt/output/Llama-3-70B-Instruct_NCT03445949_0_shot.txt' gespeichert.
File: NCT03446885 

Das File: /work/eauten2s/ec_criteria_struct/chia/input/chia_text_full/NCT03446885.txt wurde erfolgreich geladen.
Die Daten wurden erfolgreich in '/work/eauten2s/ec_criteria_struct/chia/evaluate/eval_full_chia/model_output/Llama-3-70B-Instruct_0_shot_lct_prompt/output/Llama-3-70B-Instruct_NCT03446885_0_shot.txt' gespeichert.
File: NCT03460002 

Das File: /work/eauten2s/ec_criteria_struct/chia/input/chia_text_full/NCT03460002.txt wurde erfolgreich geladen.
Die Daten wurden erfolgreich in '/work/eauten2s/ec_criteria_struct/chia/evaluate/eval_full_chia/model_output/Llama-3-70B-Instruct_0_shot_lct_prompt/output/Llama-3-70B-Instruct_NCT03460002_0_shot.txt' gespeichert.
File: NCT03461679 

Das File: /work/eauten2s/ec_criteria_struct/chia/input/chia_text_full/NCT03461679.txt wurde erfolgreich geladen.
Die Daten wurden erfolgreich in '/work/eauten2s/ec_criteria_struct/chia/evaluate/eval_full_chia/model_output/Llama-3-70B-Instruct_0_shot_lct_prompt/output/Llama-3-70B-Instruct_NCT03461679_0_shot.txt' gespeichert.
File: NCT03463564 

Das File: /work/eauten2s/ec_criteria_struct/chia/input/chia_text_full/NCT03463564.txt wurde erfolgreich geladen.
Die Daten wurden erfolgreich in '/work/eauten2s/ec_criteria_struct/chia/evaluate/eval_full_chia/model_output/Llama-3-70B-Instruct_0_shot_lct_prompt/output/Llama-3-70B-Instruct_NCT03463564_0_shot.txt' gespeichert.
File: NCT03464552 

Das File: /work/eauten2s/ec_criteria_struct/chia/input/chia_text_full/NCT03464552.txt wurde erfolgreich geladen.
Die Daten wurden erfolgreich in '/work/eauten2s/ec_criteria_struct/chia/evaluate/eval_full_chia/model_output/Llama-3-70B-Instruct_0_shot_lct_prompt/output/Llama-3-70B-Instruct_NCT03464552_0_shot.txt' gespeichert.
File: NCT03465397 

Das File: /work/eauten2s/ec_criteria_struct/chia/input/chia_text_full/NCT03465397.txt wurde erfolgreich geladen.
Die Daten wurden erfolgreich in '/work/eauten2s/ec_criteria_struct/chia/evaluate/eval_full_chia/model_output/Llama-3-70B-Instruct_0_shot_lct_prompt/output/Llama-3-70B-Instruct_NCT03465397_0_shot.txt' gespeichert.
File: NCT03467750 

Das File: /work/eauten2s/ec_criteria_struct/chia/input/chia_text_full/NCT03467750.txt wurde erfolgreich geladen.
Die Daten wurden erfolgreich in '/work/eauten2s/ec_criteria_struct/chia/evaluate/eval_full_chia/model_output/Llama-3-70B-Instruct_0_shot_lct_prompt/output/Llama-3-70B-Instruct_NCT03467750_0_shot.txt' gespeichert.
File: NCT03471117 

Das File: /work/eauten2s/ec_criteria_struct/chia/input/chia_text_full/NCT03471117.txt wurde erfolgreich geladen.
Die Daten wurden erfolgreich in '/work/eauten2s/ec_criteria_struct/chia/evaluate/eval_full_chia/model_output/Llama-3-70B-Instruct_0_shot_lct_prompt/output/Llama-3-70B-Instruct_NCT03471117_0_shot.txt' gespeichert.
File: NCT03472495 

Das File: /work/eauten2s/ec_criteria_struct/chia/input/chia_text_full/NCT03472495.txt wurde erfolgreich geladen.
Die Daten wurden erfolgreich in '/work/eauten2s/ec_criteria_struct/chia/evaluate/eval_full_chia/model_output/Llama-3-70B-Instruct_0_shot_lct_prompt/output/Llama-3-70B-Instruct_NCT03472495_0_shot.txt' gespeichert.
File: NCT03472508 

Das File: /work/eauten2s/ec_criteria_struct/chia/input/chia_text_full/NCT03472508.txt wurde erfolgreich geladen.
Die Daten wurden erfolgreich in '/work/eauten2s/ec_criteria_struct/chia/evaluate/eval_full_chia/model_output/Llama-3-70B-Instruct_0_shot_lct_prompt/output/Llama-3-70B-Instruct_NCT03472508_0_shot.txt' gespeichert.
File: NCT03472846 

Das File: /work/eauten2s/ec_criteria_struct/chia/input/chia_text_full/NCT03472846.txt wurde erfolgreich geladen.
Die Daten wurden erfolgreich in '/work/eauten2s/ec_criteria_struct/chia/evaluate/eval_full_chia/model_output/Llama-3-70B-Instruct_0_shot_lct_prompt/output/Llama-3-70B-Instruct_NCT03472846_0_shot.txt' gespeichert.
File: NCT03473132 

Das File: /work/eauten2s/ec_criteria_struct/chia/input/chia_text_full/NCT03473132.txt wurde erfolgreich geladen.
Die Daten wurden erfolgreich in '/work/eauten2s/ec_criteria_struct/chia/evaluate/eval_full_chia/model_output/Llama-3-70B-Instruct_0_shot_lct_prompt/output/Llama-3-70B-Instruct_NCT03473132_0_shot.txt' gespeichert.
File: NCT03475589 

Das File: /work/eauten2s/ec_criteria_struct/chia/input/chia_text_full/NCT03475589.txt wurde erfolgreich geladen.
Die Daten wurden erfolgreich in '/work/eauten2s/ec_criteria_struct/chia/evaluate/eval_full_chia/model_output/Llama-3-70B-Instruct_0_shot_lct_prompt/output/Llama-3-70B-Instruct_NCT03475589_0_shot.txt' gespeichert.
File: NCT03476850 

Das File: /work/eauten2s/ec_criteria_struct/chia/input/chia_text_full/NCT03476850.txt wurde erfolgreich geladen.
Die Daten wurden erfolgreich in '/work/eauten2s/ec_criteria_struct/chia/evaluate/eval_full_chia/model_output/Llama-3-70B-Instruct_0_shot_lct_prompt/output/Llama-3-70B-Instruct_NCT03476850_0_shot.txt' gespeichert.
File: NCT03477851 

Das File: /work/eauten2s/ec_criteria_struct/chia/input/chia_text_full/NCT03477851.txt wurde erfolgreich geladen.
Die Daten wurden erfolgreich in '/work/eauten2s/ec_criteria_struct/chia/evaluate/eval_full_chia/model_output/Llama-3-70B-Instruct_0_shot_lct_prompt/output/Llama-3-70B-Instruct_NCT03477851_0_shot.txt' gespeichert.
File: NCT03479502 

Das File: /work/eauten2s/ec_criteria_struct/chia/input/chia_text_full/NCT03479502.txt wurde erfolgreich geladen.
Die Daten wurden erfolgreich in '/work/eauten2s/ec_criteria_struct/chia/evaluate/eval_full_chia/model_output/Llama-3-70B-Instruct_0_shot_lct_prompt/output/Llama-3-70B-Instruct_NCT03479502_0_shot.txt' gespeichert.
File: NCT03480607 

Das File: /work/eauten2s/ec_criteria_struct/chia/input/chia_text_full/NCT03480607.txt wurde erfolgreich geladen.
Die Daten wurden erfolgreich in '/work/eauten2s/ec_criteria_struct/chia/evaluate/eval_full_chia/model_output/Llama-3-70B-Instruct_0_shot_lct_prompt/output/Llama-3-70B-Instruct_NCT03480607_0_shot.txt' gespeichert.
File: NCT03481894 

Das File: /work/eauten2s/ec_criteria_struct/chia/input/chia_text_full/NCT03481894.txt wurde erfolgreich geladen.
Die Daten wurden erfolgreich in '/work/eauten2s/ec_criteria_struct/chia/evaluate/eval_full_chia/model_output/Llama-3-70B-Instruct_0_shot_lct_prompt/output/Llama-3-70B-Instruct_NCT03481894_0_shot.txt' gespeichert.
File: NCT03484091 

Das File: /work/eauten2s/ec_criteria_struct/chia/input/chia_text_full/NCT03484091.txt wurde erfolgreich geladen.
Die Daten wurden erfolgreich in '/work/eauten2s/ec_criteria_struct/chia/evaluate/eval_full_chia/model_output/Llama-3-70B-Instruct_0_shot_lct_prompt/output/Llama-3-70B-Instruct_NCT03484091_0_shot.txt' gespeichert.
File: NCT03491059 

Das File: /work/eauten2s/ec_criteria_struct/chia/input/chia_text_full/NCT03491059.txt wurde erfolgreich geladen.
Die Daten wurden erfolgreich in '/work/eauten2s/ec_criteria_struct/chia/evaluate/eval_full_chia/model_output/Llama-3-70B-Instruct_0_shot_lct_prompt/output/Llama-3-70B-Instruct_NCT03491059_0_shot.txt' gespeichert.
File: NCT03493919 

Das File: /work/eauten2s/ec_criteria_struct/chia/input/chia_text_full/NCT03493919.txt wurde erfolgreich geladen.
Die Daten wurden erfolgreich in '/work/eauten2s/ec_criteria_struct/chia/evaluate/eval_full_chia/model_output/Llama-3-70B-Instruct_0_shot_lct_prompt/output/Llama-3-70B-Instruct_NCT03493919_0_shot.txt' gespeichert.
File: NCT03495557 

Das File: /work/eauten2s/ec_criteria_struct/chia/input/chia_text_full/NCT03495557.txt wurde erfolgreich geladen.
Die Daten wurden erfolgreich in '/work/eauten2s/ec_criteria_struct/chia/evaluate/eval_full_chia/model_output/Llama-3-70B-Instruct_0_shot_lct_prompt/output/Llama-3-70B-Instruct_NCT03495557_0_shot.txt' gespeichert.
File: NCT03495609 

Das File: /work/eauten2s/ec_criteria_struct/chia/input/chia_text_full/NCT03495609.txt wurde erfolgreich geladen.
Die Daten wurden erfolgreich in '/work/eauten2s/ec_criteria_struct/chia/evaluate/eval_full_chia/model_output/Llama-3-70B-Instruct_0_shot_lct_prompt/output/Llama-3-70B-Instruct_NCT03495609_0_shot.txt' gespeichert.
File: NCT03497598 

Das File: /work/eauten2s/ec_criteria_struct/chia/input/chia_text_full/NCT03497598.txt wurde erfolgreich geladen.
Die Daten wurden erfolgreich in '/work/eauten2s/ec_criteria_struct/chia/evaluate/eval_full_chia/model_output/Llama-3-70B-Instruct_0_shot_lct_prompt/output/Llama-3-70B-Instruct_NCT03497598_0_shot.txt' gespeichert.
File: NCT03499639 

Das File: /work/eauten2s/ec_criteria_struct/chia/input/chia_text_full/NCT03499639.txt wurde erfolgreich geladen.
Die Daten wurden erfolgreich in '/work/eauten2s/ec_criteria_struct/chia/evaluate/eval_full_chia/model_output/Llama-3-70B-Instruct_0_shot_lct_prompt/output/Llama-3-70B-Instruct_NCT03499639_0_shot.txt' gespeichert.
File: NCT03500211 

Das File: /work/eauten2s/ec_criteria_struct/chia/input/chia_text_full/NCT03500211.txt wurde erfolgreich geladen.
Die Daten wurden erfolgreich in '/work/eauten2s/ec_criteria_struct/chia/evaluate/eval_full_chia/model_output/Llama-3-70B-Instruct_0_shot_lct_prompt/output/Llama-3-70B-Instruct_NCT03500211_0_shot.txt' gespeichert.
File: NCT03506009 

Das File: /work/eauten2s/ec_criteria_struct/chia/input/chia_text_full/NCT03506009.txt wurde erfolgreich geladen.
Die Daten wurden erfolgreich in '/work/eauten2s/ec_criteria_struct/chia/evaluate/eval_full_chia/model_output/Llama-3-70B-Instruct_0_shot_lct_prompt/output/Llama-3-70B-Instruct_NCT03506009_0_shot.txt' gespeichert.
File: NCT03506477 

Das File: /work/eauten2s/ec_criteria_struct/chia/input/chia_text_full/NCT03506477.txt wurde erfolgreich geladen.
Die Daten wurden erfolgreich in '/work/eauten2s/ec_criteria_struct/chia/evaluate/eval_full_chia/model_output/Llama-3-70B-Instruct_0_shot_lct_prompt/output/Llama-3-70B-Instruct_NCT03506477_0_shot.txt' gespeichert.
File: NCT03506750 

Das File: /work/eauten2s/ec_criteria_struct/chia/input/chia_text_full/NCT03506750.txt wurde erfolgreich geladen.
Die Daten wurden erfolgreich in '/work/eauten2s/ec_criteria_struct/chia/evaluate/eval_full_chia/model_output/Llama-3-70B-Instruct_0_shot_lct_prompt/output/Llama-3-70B-Instruct_NCT03506750_0_shot.txt' gespeichert.
File: NCT03511521 

Das File: /work/eauten2s/ec_criteria_struct/chia/input/chia_text_full/NCT03511521.txt wurde erfolgreich geladen.
Die Daten wurden erfolgreich in '/work/eauten2s/ec_criteria_struct/chia/evaluate/eval_full_chia/model_output/Llama-3-70B-Instruct_0_shot_lct_prompt/output/Llama-3-70B-Instruct_NCT03511521_0_shot.txt' gespeichert.
File: NCT03513757 

Das File: /work/eauten2s/ec_criteria_struct/chia/input/chia_text_full/NCT03513757.txt wurde erfolgreich geladen.
Die Daten wurden erfolgreich in '/work/eauten2s/ec_criteria_struct/chia/evaluate/eval_full_chia/model_output/Llama-3-70B-Instruct_0_shot_lct_prompt/output/Llama-3-70B-Instruct_NCT03513757_0_shot.txt' gespeichert.
File: NCT03513874 

Das File: /work/eauten2s/ec_criteria_struct/chia/input/chia_text_full/NCT03513874.txt wurde erfolgreich geladen.
Die Daten wurden erfolgreich in '/work/eauten2s/ec_criteria_struct/chia/evaluate/eval_full_chia/model_output/Llama-3-70B-Instruct_0_shot_lct_prompt/output/Llama-3-70B-Instruct_NCT03513874_0_shot.txt' gespeichert.
File: NCT03518034 

Das File: /work/eauten2s/ec_criteria_struct/chia/input/chia_text_full/NCT03518034.txt wurde erfolgreich geladen.
Die Daten wurden erfolgreich in '/work/eauten2s/ec_criteria_struct/chia/evaluate/eval_full_chia/model_output/Llama-3-70B-Instruct_0_shot_lct_prompt/output/Llama-3-70B-Instruct_NCT03518034_0_shot.txt' gespeichert.
File: NCT03519568 

Das File: /work/eauten2s/ec_criteria_struct/chia/input/chia_text_full/NCT03519568.txt wurde erfolgreich geladen.
Die Daten wurden erfolgreich in '/work/eauten2s/ec_criteria_struct/chia/evaluate/eval_full_chia/model_output/Llama-3-70B-Instruct_0_shot_lct_prompt/output/Llama-3-70B-Instruct_NCT03519568_0_shot.txt' gespeichert.
File: NCT03530124 

Das File: /work/eauten2s/ec_criteria_struct/chia/input/chia_text_full/NCT03530124.txt wurde erfolgreich geladen.
Die Daten wurden erfolgreich in '/work/eauten2s/ec_criteria_struct/chia/evaluate/eval_full_chia/model_output/Llama-3-70B-Instruct_0_shot_lct_prompt/output/Llama-3-70B-Instruct_NCT03530124_0_shot.txt' gespeichert.
File: NCT03532620 

Das File: /work/eauten2s/ec_criteria_struct/chia/input/chia_text_full/NCT03532620.txt wurde erfolgreich geladen.
Die Daten wurden erfolgreich in '/work/eauten2s/ec_criteria_struct/chia/evaluate/eval_full_chia/model_output/Llama-3-70B-Instruct_0_shot_lct_prompt/output/Llama-3-70B-Instruct_NCT03532620_0_shot.txt' gespeichert.
File: NCT03536520 

Das File: /work/eauten2s/ec_criteria_struct/chia/input/chia_text_full/NCT03536520.txt wurde erfolgreich geladen.
Die Daten wurden erfolgreich in '/work/eauten2s/ec_criteria_struct/chia/evaluate/eval_full_chia/model_output/Llama-3-70B-Instruct_0_shot_lct_prompt/output/Llama-3-70B-Instruct_NCT03536520_0_shot.txt' gespeichert.
File: NCT03537924 

Das File: /work/eauten2s/ec_criteria_struct/chia/input/chia_text_full/NCT03537924.txt wurde erfolgreich geladen.
Die Daten wurden erfolgreich in '/work/eauten2s/ec_criteria_struct/chia/evaluate/eval_full_chia/model_output/Llama-3-70B-Instruct_0_shot_lct_prompt/output/Llama-3-70B-Instruct_NCT03537924_0_shot.txt' gespeichert.
File: NCT03539718 

Das File: /work/eauten2s/ec_criteria_struct/chia/input/chia_text_full/NCT03539718.txt wurde erfolgreich geladen.
Die Daten wurden erfolgreich in '/work/eauten2s/ec_criteria_struct/chia/evaluate/eval_full_chia/model_output/Llama-3-70B-Instruct_0_shot_lct_prompt/output/Llama-3-70B-Instruct_NCT03539718_0_shot.txt' gespeichert.
File: NCT03541980 

Das File: /work/eauten2s/ec_criteria_struct/chia/input/chia_text_full/NCT03541980.txt wurde erfolgreich geladen.
Die Daten wurden erfolgreich in '/work/eauten2s/ec_criteria_struct/chia/evaluate/eval_full_chia/model_output/Llama-3-70B-Instruct_0_shot_lct_prompt/output/Llama-3-70B-Instruct_NCT03541980_0_shot.txt' gespeichert.
File: NCT03555526 

Das File: /work/eauten2s/ec_criteria_struct/chia/input/chia_text_full/NCT03555526.txt wurde erfolgreich geladen.
Die Daten wurden erfolgreich in '/work/eauten2s/ec_criteria_struct/chia/evaluate/eval_full_chia/model_output/Llama-3-70B-Instruct_0_shot_lct_prompt/output/Llama-3-70B-Instruct_NCT03555526_0_shot.txt' gespeichert.
File: NCT03560310 

Das File: /work/eauten2s/ec_criteria_struct/chia/input/chia_text_full/NCT03560310.txt wurde erfolgreich geladen.
Die Daten wurden erfolgreich in '/work/eauten2s/ec_criteria_struct/chia/evaluate/eval_full_chia/model_output/Llama-3-70B-Instruct_0_shot_lct_prompt/output/Llama-3-70B-Instruct_NCT03560310_0_shot.txt' gespeichert.
File: NCT03561753 

Das File: /work/eauten2s/ec_criteria_struct/chia/input/chia_text_full/NCT03561753.txt wurde erfolgreich geladen.
Die Daten wurden erfolgreich in '/work/eauten2s/ec_criteria_struct/chia/evaluate/eval_full_chia/model_output/Llama-3-70B-Instruct_0_shot_lct_prompt/output/Llama-3-70B-Instruct_NCT03561753_0_shot.txt' gespeichert.
File: NCT03589105 

Das File: /work/eauten2s/ec_criteria_struct/chia/input/chia_text_full/NCT03589105.txt wurde erfolgreich geladen.
Die Daten wurden erfolgreich in '/work/eauten2s/ec_criteria_struct/chia/evaluate/eval_full_chia/model_output/Llama-3-70B-Instruct_0_shot_lct_prompt/output/Llama-3-70B-Instruct_NCT03589105_0_shot.txt' gespeichert.
File: NCT03615508 

Das File: /work/eauten2s/ec_criteria_struct/chia/input/chia_text_full/NCT03615508.txt wurde erfolgreich geladen.
Die Daten wurden erfolgreich in '/work/eauten2s/ec_criteria_struct/chia/evaluate/eval_full_chia/model_output/Llama-3-70B-Instruct_0_shot_lct_prompt/output/Llama-3-70B-Instruct_NCT03615508_0_shot.txt' gespeichert.
File: NCT03619707 

Das File: /work/eauten2s/ec_criteria_struct/chia/input/chia_text_full/NCT03619707.txt wurde erfolgreich geladen.
Die Daten wurden erfolgreich in '/work/eauten2s/ec_criteria_struct/chia/evaluate/eval_full_chia/model_output/Llama-3-70B-Instruct_0_shot_lct_prompt/output/Llama-3-70B-Instruct_NCT03619707_0_shot.txt' gespeichert.
File: NCT03620526 

Das File: /work/eauten2s/ec_criteria_struct/chia/input/chia_text_full/NCT03620526.txt wurde erfolgreich geladen.
Die Daten wurden erfolgreich in '/work/eauten2s/ec_criteria_struct/chia/evaluate/eval_full_chia/model_output/Llama-3-70B-Instruct_0_shot_lct_prompt/output/Llama-3-70B-Instruct_NCT03620526_0_shot.txt' gespeichert.
File: NCT03623789 

Das File: /work/eauten2s/ec_criteria_struct/chia/input/chia_text_full/NCT03623789.txt wurde erfolgreich geladen.
Die Daten wurden erfolgreich in '/work/eauten2s/ec_criteria_struct/chia/evaluate/eval_full_chia/model_output/Llama-3-70B-Instruct_0_shot_lct_prompt/output/Llama-3-70B-Instruct_NCT03623789_0_shot.txt' gespeichert.
File: NCT03624517 

Das File: /work/eauten2s/ec_criteria_struct/chia/input/chia_text_full/NCT03624517.txt wurde erfolgreich geladen.
Die Daten wurden erfolgreich in '/work/eauten2s/ec_criteria_struct/chia/evaluate/eval_full_chia/model_output/Llama-3-70B-Instruct_0_shot_lct_prompt/output/Llama-3-70B-Instruct_NCT03624517_0_shot.txt' gespeichert.
File: NCT03624881 

Das File: /work/eauten2s/ec_criteria_struct/chia/input/chia_text_full/NCT03624881.txt wurde erfolgreich geladen.
Die Daten wurden erfolgreich in '/work/eauten2s/ec_criteria_struct/chia/evaluate/eval_full_chia/model_output/Llama-3-70B-Instruct_0_shot_lct_prompt/output/Llama-3-70B-Instruct_NCT03624881_0_shot.txt' gespeichert.
File: NCT03631355 

Das File: /work/eauten2s/ec_criteria_struct/chia/input/chia_text_full/NCT03631355.txt wurde erfolgreich geladen.
Die Daten wurden erfolgreich in '/work/eauten2s/ec_criteria_struct/chia/evaluate/eval_full_chia/model_output/Llama-3-70B-Instruct_0_shot_lct_prompt/output/Llama-3-70B-Instruct_NCT03631355_0_shot.txt' gespeichert.
File: NCT03637946 

Das File: /work/eauten2s/ec_criteria_struct/chia/input/chia_text_full/NCT03637946.txt wurde erfolgreich geladen.
Die Daten wurden erfolgreich in '/work/eauten2s/ec_criteria_struct/chia/evaluate/eval_full_chia/model_output/Llama-3-70B-Instruct_0_shot_lct_prompt/output/Llama-3-70B-Instruct_NCT03637946_0_shot.txt' gespeichert.
File: NCT03639519 

Das File: /work/eauten2s/ec_criteria_struct/chia/input/chia_text_full/NCT03639519.txt wurde erfolgreich geladen.
Die Daten wurden erfolgreich in '/work/eauten2s/ec_criteria_struct/chia/evaluate/eval_full_chia/model_output/Llama-3-70B-Instruct_0_shot_lct_prompt/output/Llama-3-70B-Instruct_NCT03639519_0_shot.txt' gespeichert.
File: NCT03639545 

Das File: /work/eauten2s/ec_criteria_struct/chia/input/chia_text_full/NCT03639545.txt wurde erfolgreich geladen.
Die Daten wurden erfolgreich in '/work/eauten2s/ec_criteria_struct/chia/evaluate/eval_full_chia/model_output/Llama-3-70B-Instruct_0_shot_lct_prompt/output/Llama-3-70B-Instruct_NCT03639545_0_shot.txt' gespeichert.
File: NCT03648021 

Das File: /work/eauten2s/ec_criteria_struct/chia/input/chia_text_full/NCT03648021.txt wurde erfolgreich geladen.
Die Daten wurden erfolgreich in '/work/eauten2s/ec_criteria_struct/chia/evaluate/eval_full_chia/model_output/Llama-3-70B-Instruct_0_shot_lct_prompt/output/Llama-3-70B-Instruct_NCT03648021_0_shot.txt' gespeichert.
File: NCT03663387 

Das File: /work/eauten2s/ec_criteria_struct/chia/input/chia_text_full/NCT03663387.txt wurde erfolgreich geladen.
Die Daten wurden erfolgreich in '/work/eauten2s/ec_criteria_struct/chia/evaluate/eval_full_chia/model_output/Llama-3-70B-Instruct_0_shot_lct_prompt/output/Llama-3-70B-Instruct_NCT03663387_0_shot.txt' gespeichert.
