Das File: /work/eauten2s/ec_criteria_struct/transform_chia/chia_label/prompts/model_desc_p2.txt wurde erfolgreich geladen.
Hier fängt die Pipeline an
File: NCT00094861_inc 

Das File: /work/eauten2s/ec_criteria_struct/transform_chia/input/half_clinical_trials/NCT00094861_inc.txt wurde erfolgreich geladen.
Die Daten wurden erfolgreich in '/work/eauten2s/ec_criteria_struct/transform_chia/model_output/Llama-3-70B-Instruct_5_shot/Llama-3-70B-Instruct_NCT00094861_inc_5_shot.json' gespeichert.
File: NCT00122070_exc 

Das File: /work/eauten2s/ec_criteria_struct/transform_chia/input/half_clinical_trials/NCT00122070_exc.txt wurde erfolgreich geladen.
Die Daten wurden erfolgreich in '/work/eauten2s/ec_criteria_struct/transform_chia/model_output/Llama-3-70B-Instruct_5_shot/Llama-3-70B-Instruct_NCT00122070_exc_5_shot.json' gespeichert.
File: NCT00122070_inc 

Das File: /work/eauten2s/ec_criteria_struct/transform_chia/input/half_clinical_trials/NCT00122070_inc.txt wurde erfolgreich geladen.
Die Daten wurden erfolgreich in '/work/eauten2s/ec_criteria_struct/transform_chia/model_output/Llama-3-70B-Instruct_5_shot/Llama-3-70B-Instruct_NCT00122070_inc_5_shot.json' gespeichert.
File: NCT00182520_exc 

Das File: /work/eauten2s/ec_criteria_struct/transform_chia/input/half_clinical_trials/NCT00182520_exc.txt wurde erfolgreich geladen.
Die Daten wurden erfolgreich in '/work/eauten2s/ec_criteria_struct/transform_chia/model_output/Llama-3-70B-Instruct_5_shot/Llama-3-70B-Instruct_NCT00182520_exc_5_shot.json' gespeichert.
File: NCT00182520_inc 

Das File: /work/eauten2s/ec_criteria_struct/transform_chia/input/half_clinical_trials/NCT00182520_inc.txt wurde erfolgreich geladen.
Die Daten wurden erfolgreich in '/work/eauten2s/ec_criteria_struct/transform_chia/model_output/Llama-3-70B-Instruct_5_shot/Llama-3-70B-Instruct_NCT00182520_inc_5_shot.json' gespeichert.
File: NCT00183885_exc 

Das File: /work/eauten2s/ec_criteria_struct/transform_chia/input/half_clinical_trials/NCT00183885_exc.txt wurde erfolgreich geladen.
Die Daten wurden erfolgreich in '/work/eauten2s/ec_criteria_struct/transform_chia/model_output/Llama-3-70B-Instruct_5_shot/Llama-3-70B-Instruct_NCT00183885_exc_5_shot.json' gespeichert.
File: NCT00183885_inc 

Das File: /work/eauten2s/ec_criteria_struct/transform_chia/input/half_clinical_trials/NCT00183885_inc.txt wurde erfolgreich geladen.
Die Daten wurden erfolgreich in '/work/eauten2s/ec_criteria_struct/transform_chia/model_output/Llama-3-70B-Instruct_5_shot/Llama-3-70B-Instruct_NCT00183885_inc_5_shot.json' gespeichert.
File: NCT00198913_exc 

Das File: /work/eauten2s/ec_criteria_struct/transform_chia/input/half_clinical_trials/NCT00198913_exc.txt wurde erfolgreich geladen.
Die Daten wurden erfolgreich in '/work/eauten2s/ec_criteria_struct/transform_chia/model_output/Llama-3-70B-Instruct_5_shot/Llama-3-70B-Instruct_NCT00198913_exc_5_shot.json' gespeichert.
File: NCT00198913_inc 

Das File: /work/eauten2s/ec_criteria_struct/transform_chia/input/half_clinical_trials/NCT00198913_inc.txt wurde erfolgreich geladen.
Die Daten wurden erfolgreich in '/work/eauten2s/ec_criteria_struct/transform_chia/model_output/Llama-3-70B-Instruct_5_shot/Llama-3-70B-Instruct_NCT00198913_inc_5_shot.json' gespeichert.
File: NCT00235170_exc 

Das File: /work/eauten2s/ec_criteria_struct/transform_chia/input/half_clinical_trials/NCT00235170_exc.txt wurde erfolgreich geladen.
Die Daten wurden erfolgreich in '/work/eauten2s/ec_criteria_struct/transform_chia/model_output/Llama-3-70B-Instruct_5_shot/Llama-3-70B-Instruct_NCT00235170_exc_5_shot.json' gespeichert.
File: NCT00235170_inc 

Das File: /work/eauten2s/ec_criteria_struct/transform_chia/input/half_clinical_trials/NCT00235170_inc.txt wurde erfolgreich geladen.
Die Daten wurden erfolgreich in '/work/eauten2s/ec_criteria_struct/transform_chia/model_output/Llama-3-70B-Instruct_5_shot/Llama-3-70B-Instruct_NCT00235170_inc_5_shot.json' gespeichert.
File: NCT00236340_exc 

Das File: /work/eauten2s/ec_criteria_struct/transform_chia/input/half_clinical_trials/NCT00236340_exc.txt wurde erfolgreich geladen.
Die Daten wurden erfolgreich in '/work/eauten2s/ec_criteria_struct/transform_chia/model_output/Llama-3-70B-Instruct_5_shot/Llama-3-70B-Instruct_NCT00236340_exc_5_shot.json' gespeichert.
File: NCT00236340_inc 

Das File: /work/eauten2s/ec_criteria_struct/transform_chia/input/half_clinical_trials/NCT00236340_inc.txt wurde erfolgreich geladen.
Die Daten wurden erfolgreich in '/work/eauten2s/ec_criteria_struct/transform_chia/model_output/Llama-3-70B-Instruct_5_shot/Llama-3-70B-Instruct_NCT00236340_inc_5_shot.json' gespeichert.
File: NCT00250640_exc 

Das File: /work/eauten2s/ec_criteria_struct/transform_chia/input/half_clinical_trials/NCT00250640_exc.txt wurde erfolgreich geladen.
Die Daten wurden erfolgreich in '/work/eauten2s/ec_criteria_struct/transform_chia/model_output/Llama-3-70B-Instruct_5_shot/Llama-3-70B-Instruct_NCT00250640_exc_5_shot.json' gespeichert.
File: NCT00250640_inc 

Das File: /work/eauten2s/ec_criteria_struct/transform_chia/input/half_clinical_trials/NCT00250640_inc.txt wurde erfolgreich geladen.
Die Daten wurden erfolgreich in '/work/eauten2s/ec_criteria_struct/transform_chia/model_output/Llama-3-70B-Instruct_5_shot/Llama-3-70B-Instruct_NCT00250640_inc_5_shot.json' gespeichert.
File: NCT00279552_exc 

Das File: /work/eauten2s/ec_criteria_struct/transform_chia/input/half_clinical_trials/NCT00279552_exc.txt wurde erfolgreich geladen.
Die Daten wurden erfolgreich in '/work/eauten2s/ec_criteria_struct/transform_chia/model_output/Llama-3-70B-Instruct_5_shot/Llama-3-70B-Instruct_NCT00279552_exc_5_shot.json' gespeichert.
File: NCT00279552_inc 

Das File: /work/eauten2s/ec_criteria_struct/transform_chia/input/half_clinical_trials/NCT00279552_inc.txt wurde erfolgreich geladen.
Die Daten wurden erfolgreich in '/work/eauten2s/ec_criteria_struct/transform_chia/model_output/Llama-3-70B-Instruct_5_shot/Llama-3-70B-Instruct_NCT00279552_inc_5_shot.json' gespeichert.
File: NCT00305097_exc 

Das File: /work/eauten2s/ec_criteria_struct/transform_chia/input/half_clinical_trials/NCT00305097_exc.txt wurde erfolgreich geladen.
Die Daten wurden erfolgreich in '/work/eauten2s/ec_criteria_struct/transform_chia/model_output/Llama-3-70B-Instruct_5_shot/Llama-3-70B-Instruct_NCT00305097_exc_5_shot.json' gespeichert.
File: NCT00305097_inc 

Das File: /work/eauten2s/ec_criteria_struct/transform_chia/input/half_clinical_trials/NCT00305097_inc.txt wurde erfolgreich geladen.
Die Daten wurden erfolgreich in '/work/eauten2s/ec_criteria_struct/transform_chia/model_output/Llama-3-70B-Instruct_5_shot/Llama-3-70B-Instruct_NCT00305097_inc_5_shot.json' gespeichert.
File: NCT00312429_exc 

Das File: /work/eauten2s/ec_criteria_struct/transform_chia/input/half_clinical_trials/NCT00312429_exc.txt wurde erfolgreich geladen.
Die Daten wurden erfolgreich in '/work/eauten2s/ec_criteria_struct/transform_chia/model_output/Llama-3-70B-Instruct_5_shot/Llama-3-70B-Instruct_NCT00312429_exc_5_shot.json' gespeichert.
File: NCT00312429_inc 

Das File: /work/eauten2s/ec_criteria_struct/transform_chia/input/half_clinical_trials/NCT00312429_inc.txt wurde erfolgreich geladen.
Die Daten wurden erfolgreich in '/work/eauten2s/ec_criteria_struct/transform_chia/model_output/Llama-3-70B-Instruct_5_shot/Llama-3-70B-Instruct_NCT00312429_inc_5_shot.json' gespeichert.
File: NCT00317148_exc 

Das File: /work/eauten2s/ec_criteria_struct/transform_chia/input/half_clinical_trials/NCT00317148_exc.txt wurde erfolgreich geladen.
Die Daten wurden erfolgreich in '/work/eauten2s/ec_criteria_struct/transform_chia/model_output/Llama-3-70B-Instruct_5_shot/Llama-3-70B-Instruct_NCT00317148_exc_5_shot.json' gespeichert.
File: NCT00317148_inc 

Das File: /work/eauten2s/ec_criteria_struct/transform_chia/input/half_clinical_trials/NCT00317148_inc.txt wurde erfolgreich geladen.
Die Daten wurden erfolgreich in '/work/eauten2s/ec_criteria_struct/transform_chia/model_output/Llama-3-70B-Instruct_5_shot/Llama-3-70B-Instruct_NCT00317148_inc_5_shot.json' gespeichert.
File: NCT00319748_exc 

Das File: /work/eauten2s/ec_criteria_struct/transform_chia/input/half_clinical_trials/NCT00319748_exc.txt wurde erfolgreich geladen.
Die Daten wurden erfolgreich in '/work/eauten2s/ec_criteria_struct/transform_chia/model_output/Llama-3-70B-Instruct_5_shot/Llama-3-70B-Instruct_NCT00319748_exc_5_shot.json' gespeichert.
File: NCT00319748_inc 

Das File: /work/eauten2s/ec_criteria_struct/transform_chia/input/half_clinical_trials/NCT00319748_inc.txt wurde erfolgreich geladen.
Die Daten wurden erfolgreich in '/work/eauten2s/ec_criteria_struct/transform_chia/model_output/Llama-3-70B-Instruct_5_shot/Llama-3-70B-Instruct_NCT00319748_inc_5_shot.json' gespeichert.
File: NCT00324363_exc 

Das File: /work/eauten2s/ec_criteria_struct/transform_chia/input/half_clinical_trials/NCT00324363_exc.txt wurde erfolgreich geladen.
Die Daten wurden erfolgreich in '/work/eauten2s/ec_criteria_struct/transform_chia/model_output/Llama-3-70B-Instruct_5_shot/Llama-3-70B-Instruct_NCT00324363_exc_5_shot.json' gespeichert.
File: NCT00324363_inc 

Das File: /work/eauten2s/ec_criteria_struct/transform_chia/input/half_clinical_trials/NCT00324363_inc.txt wurde erfolgreich geladen.
Die Daten wurden erfolgreich in '/work/eauten2s/ec_criteria_struct/transform_chia/model_output/Llama-3-70B-Instruct_5_shot/Llama-3-70B-Instruct_NCT00324363_inc_5_shot.json' gespeichert.
File: NCT00343668_exc 

Das File: /work/eauten2s/ec_criteria_struct/transform_chia/input/half_clinical_trials/NCT00343668_exc.txt wurde erfolgreich geladen.
Die Daten wurden erfolgreich in '/work/eauten2s/ec_criteria_struct/transform_chia/model_output/Llama-3-70B-Instruct_5_shot/Llama-3-70B-Instruct_NCT00343668_exc_5_shot.json' gespeichert.
File: NCT00343668_inc 

Das File: /work/eauten2s/ec_criteria_struct/transform_chia/input/half_clinical_trials/NCT00343668_inc.txt wurde erfolgreich geladen.
Die Daten wurden erfolgreich in '/work/eauten2s/ec_criteria_struct/transform_chia/model_output/Llama-3-70B-Instruct_5_shot/Llama-3-70B-Instruct_NCT00343668_inc_5_shot.json' gespeichert.
File: NCT00344318_exc 

Das File: /work/eauten2s/ec_criteria_struct/transform_chia/input/half_clinical_trials/NCT00344318_exc.txt wurde erfolgreich geladen.
Die Daten wurden erfolgreich in '/work/eauten2s/ec_criteria_struct/transform_chia/model_output/Llama-3-70B-Instruct_5_shot/Llama-3-70B-Instruct_NCT00344318_exc_5_shot.json' gespeichert.
File: NCT00344318_inc 

Das File: /work/eauten2s/ec_criteria_struct/transform_chia/input/half_clinical_trials/NCT00344318_inc.txt wurde erfolgreich geladen.
Die Daten wurden erfolgreich in '/work/eauten2s/ec_criteria_struct/transform_chia/model_output/Llama-3-70B-Instruct_5_shot/Llama-3-70B-Instruct_NCT00344318_inc_5_shot.json' gespeichert.
File: NCT00351611_exc 

Das File: /work/eauten2s/ec_criteria_struct/transform_chia/input/half_clinical_trials/NCT00351611_exc.txt wurde erfolgreich geladen.
Die Daten wurden erfolgreich in '/work/eauten2s/ec_criteria_struct/transform_chia/model_output/Llama-3-70B-Instruct_5_shot/Llama-3-70B-Instruct_NCT00351611_exc_5_shot.json' gespeichert.
File: NCT00351611_inc 

Das File: /work/eauten2s/ec_criteria_struct/transform_chia/input/half_clinical_trials/NCT00351611_inc.txt wurde erfolgreich geladen.
Die Daten wurden erfolgreich in '/work/eauten2s/ec_criteria_struct/transform_chia/model_output/Llama-3-70B-Instruct_5_shot/Llama-3-70B-Instruct_NCT00351611_inc_5_shot.json' gespeichert.
File: NCT00356148_exc 

Das File: /work/eauten2s/ec_criteria_struct/transform_chia/input/half_clinical_trials/NCT00356148_exc.txt wurde erfolgreich geladen.
Die Daten wurden erfolgreich in '/work/eauten2s/ec_criteria_struct/transform_chia/model_output/Llama-3-70B-Instruct_5_shot/Llama-3-70B-Instruct_NCT00356148_exc_5_shot.json' gespeichert.
File: NCT00356148_inc 

Das File: /work/eauten2s/ec_criteria_struct/transform_chia/input/half_clinical_trials/NCT00356148_inc.txt wurde erfolgreich geladen.
Die Daten wurden erfolgreich in '/work/eauten2s/ec_criteria_struct/transform_chia/model_output/Llama-3-70B-Instruct_5_shot/Llama-3-70B-Instruct_NCT00356148_inc_5_shot.json' gespeichert.
File: NCT00379366_exc 

Das File: /work/eauten2s/ec_criteria_struct/transform_chia/input/half_clinical_trials/NCT00379366_exc.txt wurde erfolgreich geladen.
Die Daten wurden erfolgreich in '/work/eauten2s/ec_criteria_struct/transform_chia/model_output/Llama-3-70B-Instruct_5_shot/Llama-3-70B-Instruct_NCT00379366_exc_5_shot.json' gespeichert.
File: NCT00379366_inc 

Das File: /work/eauten2s/ec_criteria_struct/transform_chia/input/half_clinical_trials/NCT00379366_inc.txt wurde erfolgreich geladen.
Die Daten wurden erfolgreich in '/work/eauten2s/ec_criteria_struct/transform_chia/model_output/Llama-3-70B-Instruct_5_shot/Llama-3-70B-Instruct_NCT00379366_inc_5_shot.json' gespeichert.
File: NCT00391690_exc 

Das File: /work/eauten2s/ec_criteria_struct/transform_chia/input/half_clinical_trials/NCT00391690_exc.txt wurde erfolgreich geladen.
Die Daten wurden erfolgreich in '/work/eauten2s/ec_criteria_struct/transform_chia/model_output/Llama-3-70B-Instruct_5_shot/Llama-3-70B-Instruct_NCT00391690_exc_5_shot.json' gespeichert.
File: NCT00391690_inc 

Das File: /work/eauten2s/ec_criteria_struct/transform_chia/input/half_clinical_trials/NCT00391690_inc.txt wurde erfolgreich geladen.
Die Daten wurden erfolgreich in '/work/eauten2s/ec_criteria_struct/transform_chia/model_output/Llama-3-70B-Instruct_5_shot/Llama-3-70B-Instruct_NCT00391690_inc_5_shot.json' gespeichert.
File: NCT00396734_exc 

Das File: /work/eauten2s/ec_criteria_struct/transform_chia/input/half_clinical_trials/NCT00396734_exc.txt wurde erfolgreich geladen.
Die Daten wurden erfolgreich in '/work/eauten2s/ec_criteria_struct/transform_chia/model_output/Llama-3-70B-Instruct_5_shot/Llama-3-70B-Instruct_NCT00396734_exc_5_shot.json' gespeichert.
File: NCT00396734_inc 

Das File: /work/eauten2s/ec_criteria_struct/transform_chia/input/half_clinical_trials/NCT00396734_inc.txt wurde erfolgreich geladen.
Die Daten wurden erfolgreich in '/work/eauten2s/ec_criteria_struct/transform_chia/model_output/Llama-3-70B-Instruct_5_shot/Llama-3-70B-Instruct_NCT00396734_inc_5_shot.json' gespeichert.
File: NCT00397215_exc 

Das File: /work/eauten2s/ec_criteria_struct/transform_chia/input/half_clinical_trials/NCT00397215_exc.txt wurde erfolgreich geladen.
Die Daten wurden erfolgreich in '/work/eauten2s/ec_criteria_struct/transform_chia/model_output/Llama-3-70B-Instruct_5_shot/Llama-3-70B-Instruct_NCT00397215_exc_5_shot.json' gespeichert.
File: NCT00397215_inc 

Das File: /work/eauten2s/ec_criteria_struct/transform_chia/input/half_clinical_trials/NCT00397215_inc.txt wurde erfolgreich geladen.
Die Daten wurden erfolgreich in '/work/eauten2s/ec_criteria_struct/transform_chia/model_output/Llama-3-70B-Instruct_5_shot/Llama-3-70B-Instruct_NCT00397215_inc_5_shot.json' gespeichert.
File: NCT00401245_exc 

Das File: /work/eauten2s/ec_criteria_struct/transform_chia/input/half_clinical_trials/NCT00401245_exc.txt wurde erfolgreich geladen.
Die Daten wurden erfolgreich in '/work/eauten2s/ec_criteria_struct/transform_chia/model_output/Llama-3-70B-Instruct_5_shot/Llama-3-70B-Instruct_NCT00401245_exc_5_shot.json' gespeichert.
File: NCT00401245_inc 

Das File: /work/eauten2s/ec_criteria_struct/transform_chia/input/half_clinical_trials/NCT00401245_inc.txt wurde erfolgreich geladen.
Die Daten wurden erfolgreich in '/work/eauten2s/ec_criteria_struct/transform_chia/model_output/Llama-3-70B-Instruct_5_shot/Llama-3-70B-Instruct_NCT00401245_inc_5_shot.json' gespeichert.
File: NCT00404495_exc 

Das File: /work/eauten2s/ec_criteria_struct/transform_chia/input/half_clinical_trials/NCT00404495_exc.txt wurde erfolgreich geladen.
Die Daten wurden erfolgreich in '/work/eauten2s/ec_criteria_struct/transform_chia/model_output/Llama-3-70B-Instruct_5_shot/Llama-3-70B-Instruct_NCT00404495_exc_5_shot.json' gespeichert.
File: NCT00404495_inc 

Das File: /work/eauten2s/ec_criteria_struct/transform_chia/input/half_clinical_trials/NCT00404495_inc.txt wurde erfolgreich geladen.
Die Daten wurden erfolgreich in '/work/eauten2s/ec_criteria_struct/transform_chia/model_output/Llama-3-70B-Instruct_5_shot/Llama-3-70B-Instruct_NCT00404495_inc_5_shot.json' gespeichert.
File: NCT00425789_exc 

Das File: /work/eauten2s/ec_criteria_struct/transform_chia/input/half_clinical_trials/NCT00425789_exc.txt wurde erfolgreich geladen.
Die Daten wurden erfolgreich in '/work/eauten2s/ec_criteria_struct/transform_chia/model_output/Llama-3-70B-Instruct_5_shot/Llama-3-70B-Instruct_NCT00425789_exc_5_shot.json' gespeichert.
File: NCT00425789_inc 

Das File: /work/eauten2s/ec_criteria_struct/transform_chia/input/half_clinical_trials/NCT00425789_inc.txt wurde erfolgreich geladen.
Die Daten wurden erfolgreich in '/work/eauten2s/ec_criteria_struct/transform_chia/model_output/Llama-3-70B-Instruct_5_shot/Llama-3-70B-Instruct_NCT00425789_inc_5_shot.json' gespeichert.
File: NCT00426751_exc 

Das File: /work/eauten2s/ec_criteria_struct/transform_chia/input/half_clinical_trials/NCT00426751_exc.txt wurde erfolgreich geladen.
Die Daten wurden erfolgreich in '/work/eauten2s/ec_criteria_struct/transform_chia/model_output/Llama-3-70B-Instruct_5_shot/Llama-3-70B-Instruct_NCT00426751_exc_5_shot.json' gespeichert.
File: NCT00426751_inc 

Das File: /work/eauten2s/ec_criteria_struct/transform_chia/input/half_clinical_trials/NCT00426751_inc.txt wurde erfolgreich geladen.
Die Daten wurden erfolgreich in '/work/eauten2s/ec_criteria_struct/transform_chia/model_output/Llama-3-70B-Instruct_5_shot/Llama-3-70B-Instruct_NCT00426751_inc_5_shot.json' gespeichert.
File: NCT00440245_exc 

Das File: /work/eauten2s/ec_criteria_struct/transform_chia/input/half_clinical_trials/NCT00440245_exc.txt wurde erfolgreich geladen.
Die Daten wurden erfolgreich in '/work/eauten2s/ec_criteria_struct/transform_chia/model_output/Llama-3-70B-Instruct_5_shot/Llama-3-70B-Instruct_NCT00440245_exc_5_shot.json' gespeichert.
File: NCT00440245_inc 

Das File: /work/eauten2s/ec_criteria_struct/transform_chia/input/half_clinical_trials/NCT00440245_inc.txt wurde erfolgreich geladen.
Die Daten wurden erfolgreich in '/work/eauten2s/ec_criteria_struct/transform_chia/model_output/Llama-3-70B-Instruct_5_shot/Llama-3-70B-Instruct_NCT00440245_inc_5_shot.json' gespeichert.
File: NCT00445029_exc 

Das File: /work/eauten2s/ec_criteria_struct/transform_chia/input/half_clinical_trials/NCT00445029_exc.txt wurde erfolgreich geladen.
Die Daten wurden erfolgreich in '/work/eauten2s/ec_criteria_struct/transform_chia/model_output/Llama-3-70B-Instruct_5_shot/Llama-3-70B-Instruct_NCT00445029_exc_5_shot.json' gespeichert.
File: NCT00445029_inc 

Das File: /work/eauten2s/ec_criteria_struct/transform_chia/input/half_clinical_trials/NCT00445029_inc.txt wurde erfolgreich geladen.
Die Daten wurden erfolgreich in '/work/eauten2s/ec_criteria_struct/transform_chia/model_output/Llama-3-70B-Instruct_5_shot/Llama-3-70B-Instruct_NCT00445029_inc_5_shot.json' gespeichert.
File: NCT00455663_exc 

Das File: /work/eauten2s/ec_criteria_struct/transform_chia/input/half_clinical_trials/NCT00455663_exc.txt wurde erfolgreich geladen.
Die Daten wurden erfolgreich in '/work/eauten2s/ec_criteria_struct/transform_chia/model_output/Llama-3-70B-Instruct_5_shot/Llama-3-70B-Instruct_NCT00455663_exc_5_shot.json' gespeichert.
File: NCT00455663_inc 

Das File: /work/eauten2s/ec_criteria_struct/transform_chia/input/half_clinical_trials/NCT00455663_inc.txt wurde erfolgreich geladen.
Die Daten wurden erfolgreich in '/work/eauten2s/ec_criteria_struct/transform_chia/model_output/Llama-3-70B-Instruct_5_shot/Llama-3-70B-Instruct_NCT00455663_inc_5_shot.json' gespeichert.
File: NCT00461136_exc 

Das File: /work/eauten2s/ec_criteria_struct/transform_chia/input/half_clinical_trials/NCT00461136_exc.txt wurde erfolgreich geladen.
Die Daten wurden erfolgreich in '/work/eauten2s/ec_criteria_struct/transform_chia/model_output/Llama-3-70B-Instruct_5_shot/Llama-3-70B-Instruct_NCT00461136_exc_5_shot.json' gespeichert.
File: NCT00461136_inc 

Das File: /work/eauten2s/ec_criteria_struct/transform_chia/input/half_clinical_trials/NCT00461136_inc.txt wurde erfolgreich geladen.
Die Daten wurden erfolgreich in '/work/eauten2s/ec_criteria_struct/transform_chia/model_output/Llama-3-70B-Instruct_5_shot/Llama-3-70B-Instruct_NCT00461136_inc_5_shot.json' gespeichert.
File: NCT00480129_exc 

Das File: /work/eauten2s/ec_criteria_struct/transform_chia/input/half_clinical_trials/NCT00480129_exc.txt wurde erfolgreich geladen.
Die Daten wurden erfolgreich in '/work/eauten2s/ec_criteria_struct/transform_chia/model_output/Llama-3-70B-Instruct_5_shot/Llama-3-70B-Instruct_NCT00480129_exc_5_shot.json' gespeichert.
File: NCT00480129_inc 

Das File: /work/eauten2s/ec_criteria_struct/transform_chia/input/half_clinical_trials/NCT00480129_inc.txt wurde erfolgreich geladen.
Die Daten wurden erfolgreich in '/work/eauten2s/ec_criteria_struct/transform_chia/model_output/Llama-3-70B-Instruct_5_shot/Llama-3-70B-Instruct_NCT00480129_inc_5_shot.json' gespeichert.
File: NCT00483106_exc 

Das File: /work/eauten2s/ec_criteria_struct/transform_chia/input/half_clinical_trials/NCT00483106_exc.txt wurde erfolgreich geladen.
Die Daten wurden erfolgreich in '/work/eauten2s/ec_criteria_struct/transform_chia/model_output/Llama-3-70B-Instruct_5_shot/Llama-3-70B-Instruct_NCT00483106_exc_5_shot.json' gespeichert.
File: NCT00483106_inc 

Das File: /work/eauten2s/ec_criteria_struct/transform_chia/input/half_clinical_trials/NCT00483106_inc.txt wurde erfolgreich geladen.
Die Daten wurden erfolgreich in '/work/eauten2s/ec_criteria_struct/transform_chia/model_output/Llama-3-70B-Instruct_5_shot/Llama-3-70B-Instruct_NCT00483106_inc_5_shot.json' gespeichert.
File: NCT00500500_exc 

Das File: /work/eauten2s/ec_criteria_struct/transform_chia/input/half_clinical_trials/NCT00500500_exc.txt wurde erfolgreich geladen.
Die Daten wurden erfolgreich in '/work/eauten2s/ec_criteria_struct/transform_chia/model_output/Llama-3-70B-Instruct_5_shot/Llama-3-70B-Instruct_NCT00500500_exc_5_shot.json' gespeichert.
File: NCT00500500_inc 

Das File: /work/eauten2s/ec_criteria_struct/transform_chia/input/half_clinical_trials/NCT00500500_inc.txt wurde erfolgreich geladen.
Die Daten wurden erfolgreich in '/work/eauten2s/ec_criteria_struct/transform_chia/model_output/Llama-3-70B-Instruct_5_shot/Llama-3-70B-Instruct_NCT00500500_inc_5_shot.json' gespeichert.
File: NCT00502567_exc 

Das File: /work/eauten2s/ec_criteria_struct/transform_chia/input/half_clinical_trials/NCT00502567_exc.txt wurde erfolgreich geladen.
Die Daten wurden erfolgreich in '/work/eauten2s/ec_criteria_struct/transform_chia/model_output/Llama-3-70B-Instruct_5_shot/Llama-3-70B-Instruct_NCT00502567_exc_5_shot.json' gespeichert.
File: NCT00502567_inc 

Das File: /work/eauten2s/ec_criteria_struct/transform_chia/input/half_clinical_trials/NCT00502567_inc.txt wurde erfolgreich geladen.
Die Daten wurden erfolgreich in '/work/eauten2s/ec_criteria_struct/transform_chia/model_output/Llama-3-70B-Instruct_5_shot/Llama-3-70B-Instruct_NCT00502567_inc_5_shot.json' gespeichert.
File: NCT00527826_exc 

Das File: /work/eauten2s/ec_criteria_struct/transform_chia/input/half_clinical_trials/NCT00527826_exc.txt wurde erfolgreich geladen.
Die Daten wurden erfolgreich in '/work/eauten2s/ec_criteria_struct/transform_chia/model_output/Llama-3-70B-Instruct_5_shot/Llama-3-70B-Instruct_NCT00527826_exc_5_shot.json' gespeichert.
File: NCT00527826_inc 

Das File: /work/eauten2s/ec_criteria_struct/transform_chia/input/half_clinical_trials/NCT00527826_inc.txt wurde erfolgreich geladen.
Die Daten wurden erfolgreich in '/work/eauten2s/ec_criteria_struct/transform_chia/model_output/Llama-3-70B-Instruct_5_shot/Llama-3-70B-Instruct_NCT00527826_inc_5_shot.json' gespeichert.
File: NCT00543712_exc 

Das File: /work/eauten2s/ec_criteria_struct/transform_chia/input/half_clinical_trials/NCT00543712_exc.txt wurde erfolgreich geladen.
Die Daten wurden erfolgreich in '/work/eauten2s/ec_criteria_struct/transform_chia/model_output/Llama-3-70B-Instruct_5_shot/Llama-3-70B-Instruct_NCT00543712_exc_5_shot.json' gespeichert.
File: NCT00543712_inc 

Das File: /work/eauten2s/ec_criteria_struct/transform_chia/input/half_clinical_trials/NCT00543712_inc.txt wurde erfolgreich geladen.
Die Daten wurden erfolgreich in '/work/eauten2s/ec_criteria_struct/transform_chia/model_output/Llama-3-70B-Instruct_5_shot/Llama-3-70B-Instruct_NCT00543712_inc_5_shot.json' gespeichert.
File: NCT00576173_exc 

Das File: /work/eauten2s/ec_criteria_struct/transform_chia/input/half_clinical_trials/NCT00576173_exc.txt wurde erfolgreich geladen.
Die Daten wurden erfolgreich in '/work/eauten2s/ec_criteria_struct/transform_chia/model_output/Llama-3-70B-Instruct_5_shot/Llama-3-70B-Instruct_NCT00576173_exc_5_shot.json' gespeichert.
File: NCT00576173_inc 

Das File: /work/eauten2s/ec_criteria_struct/transform_chia/input/half_clinical_trials/NCT00576173_inc.txt wurde erfolgreich geladen.
Die Daten wurden erfolgreich in '/work/eauten2s/ec_criteria_struct/transform_chia/model_output/Llama-3-70B-Instruct_5_shot/Llama-3-70B-Instruct_NCT00576173_inc_5_shot.json' gespeichert.
File: NCT00586898_exc 

Das File: /work/eauten2s/ec_criteria_struct/transform_chia/input/half_clinical_trials/NCT00586898_exc.txt wurde erfolgreich geladen.
Die Daten wurden erfolgreich in '/work/eauten2s/ec_criteria_struct/transform_chia/model_output/Llama-3-70B-Instruct_5_shot/Llama-3-70B-Instruct_NCT00586898_exc_5_shot.json' gespeichert.
File: NCT00586898_inc 

Das File: /work/eauten2s/ec_criteria_struct/transform_chia/input/half_clinical_trials/NCT00586898_inc.txt wurde erfolgreich geladen.
Die Daten wurden erfolgreich in '/work/eauten2s/ec_criteria_struct/transform_chia/model_output/Llama-3-70B-Instruct_5_shot/Llama-3-70B-Instruct_NCT00586898_inc_5_shot.json' gespeichert.
File: NCT00599924_exc 

Das File: /work/eauten2s/ec_criteria_struct/transform_chia/input/half_clinical_trials/NCT00599924_exc.txt wurde erfolgreich geladen.
Die Daten wurden erfolgreich in '/work/eauten2s/ec_criteria_struct/transform_chia/model_output/Llama-3-70B-Instruct_5_shot/Llama-3-70B-Instruct_NCT00599924_exc_5_shot.json' gespeichert.
File: NCT00599924_inc 

Das File: /work/eauten2s/ec_criteria_struct/transform_chia/input/half_clinical_trials/NCT00599924_inc.txt wurde erfolgreich geladen.
Die Daten wurden erfolgreich in '/work/eauten2s/ec_criteria_struct/transform_chia/model_output/Llama-3-70B-Instruct_5_shot/Llama-3-70B-Instruct_NCT00599924_inc_5_shot.json' gespeichert.
File: NCT00609531_exc 

Das File: /work/eauten2s/ec_criteria_struct/transform_chia/input/half_clinical_trials/NCT00609531_exc.txt wurde erfolgreich geladen.
Die Daten wurden erfolgreich in '/work/eauten2s/ec_criteria_struct/transform_chia/model_output/Llama-3-70B-Instruct_5_shot/Llama-3-70B-Instruct_NCT00609531_exc_5_shot.json' gespeichert.
File: NCT00609531_inc 

Das File: /work/eauten2s/ec_criteria_struct/transform_chia/input/half_clinical_trials/NCT00609531_inc.txt wurde erfolgreich geladen.
Die Daten wurden erfolgreich in '/work/eauten2s/ec_criteria_struct/transform_chia/model_output/Llama-3-70B-Instruct_5_shot/Llama-3-70B-Instruct_NCT00609531_inc_5_shot.json' gespeichert.
File: NCT00625742_exc 

Das File: /work/eauten2s/ec_criteria_struct/transform_chia/input/half_clinical_trials/NCT00625742_exc.txt wurde erfolgreich geladen.
Die Daten wurden erfolgreich in '/work/eauten2s/ec_criteria_struct/transform_chia/model_output/Llama-3-70B-Instruct_5_shot/Llama-3-70B-Instruct_NCT00625742_exc_5_shot.json' gespeichert.
File: NCT00625742_inc 

Das File: /work/eauten2s/ec_criteria_struct/transform_chia/input/half_clinical_trials/NCT00625742_inc.txt wurde erfolgreich geladen.
Die Daten wurden erfolgreich in '/work/eauten2s/ec_criteria_struct/transform_chia/model_output/Llama-3-70B-Instruct_5_shot/Llama-3-70B-Instruct_NCT00625742_inc_5_shot.json' gespeichert.
File: NCT00639795_exc 

Das File: /work/eauten2s/ec_criteria_struct/transform_chia/input/half_clinical_trials/NCT00639795_exc.txt wurde erfolgreich geladen.
Die Daten wurden erfolgreich in '/work/eauten2s/ec_criteria_struct/transform_chia/model_output/Llama-3-70B-Instruct_5_shot/Llama-3-70B-Instruct_NCT00639795_exc_5_shot.json' gespeichert.
File: NCT00639795_inc 

Das File: /work/eauten2s/ec_criteria_struct/transform_chia/input/half_clinical_trials/NCT00639795_inc.txt wurde erfolgreich geladen.
Die Daten wurden erfolgreich in '/work/eauten2s/ec_criteria_struct/transform_chia/model_output/Llama-3-70B-Instruct_5_shot/Llama-3-70B-Instruct_NCT00639795_inc_5_shot.json' gespeichert.
File: NCT00650312_exc 

Das File: /work/eauten2s/ec_criteria_struct/transform_chia/input/half_clinical_trials/NCT00650312_exc.txt wurde erfolgreich geladen.
Die Daten wurden erfolgreich in '/work/eauten2s/ec_criteria_struct/transform_chia/model_output/Llama-3-70B-Instruct_5_shot/Llama-3-70B-Instruct_NCT00650312_exc_5_shot.json' gespeichert.
File: NCT00650312_inc 

Das File: /work/eauten2s/ec_criteria_struct/transform_chia/input/half_clinical_trials/NCT00650312_inc.txt wurde erfolgreich geladen.
Die Daten wurden erfolgreich in '/work/eauten2s/ec_criteria_struct/transform_chia/model_output/Llama-3-70B-Instruct_5_shot/Llama-3-70B-Instruct_NCT00650312_inc_5_shot.json' gespeichert.
File: NCT00676273_exc 

Das File: /work/eauten2s/ec_criteria_struct/transform_chia/input/half_clinical_trials/NCT00676273_exc.txt wurde erfolgreich geladen.
Die Daten wurden erfolgreich in '/work/eauten2s/ec_criteria_struct/transform_chia/model_output/Llama-3-70B-Instruct_5_shot/Llama-3-70B-Instruct_NCT00676273_exc_5_shot.json' gespeichert.
File: NCT00676273_inc 

Das File: /work/eauten2s/ec_criteria_struct/transform_chia/input/half_clinical_trials/NCT00676273_inc.txt wurde erfolgreich geladen.
Die Daten wurden erfolgreich in '/work/eauten2s/ec_criteria_struct/transform_chia/model_output/Llama-3-70B-Instruct_5_shot/Llama-3-70B-Instruct_NCT00676273_inc_5_shot.json' gespeichert.
File: NCT00679341_exc 

Das File: /work/eauten2s/ec_criteria_struct/transform_chia/input/half_clinical_trials/NCT00679341_exc.txt wurde erfolgreich geladen.
Die Daten wurden erfolgreich in '/work/eauten2s/ec_criteria_struct/transform_chia/model_output/Llama-3-70B-Instruct_5_shot/Llama-3-70B-Instruct_NCT00679341_exc_5_shot.json' gespeichert.
File: NCT00679341_inc 

Das File: /work/eauten2s/ec_criteria_struct/transform_chia/input/half_clinical_trials/NCT00679341_inc.txt wurde erfolgreich geladen.
Die Daten wurden erfolgreich in '/work/eauten2s/ec_criteria_struct/transform_chia/model_output/Llama-3-70B-Instruct_5_shot/Llama-3-70B-Instruct_NCT00679341_inc_5_shot.json' gespeichert.
File: NCT00718952_exc 

Das File: /work/eauten2s/ec_criteria_struct/transform_chia/input/half_clinical_trials/NCT00718952_exc.txt wurde erfolgreich geladen.
Die Daten wurden erfolgreich in '/work/eauten2s/ec_criteria_struct/transform_chia/model_output/Llama-3-70B-Instruct_5_shot/Llama-3-70B-Instruct_NCT00718952_exc_5_shot.json' gespeichert.
File: NCT00718952_inc 

Das File: /work/eauten2s/ec_criteria_struct/transform_chia/input/half_clinical_trials/NCT00718952_inc.txt wurde erfolgreich geladen.
Die Daten wurden erfolgreich in '/work/eauten2s/ec_criteria_struct/transform_chia/model_output/Llama-3-70B-Instruct_5_shot/Llama-3-70B-Instruct_NCT00718952_inc_5_shot.json' gespeichert.
File: NCT00720031_exc 

Das File: /work/eauten2s/ec_criteria_struct/transform_chia/input/half_clinical_trials/NCT00720031_exc.txt wurde erfolgreich geladen.
Die Daten wurden erfolgreich in '/work/eauten2s/ec_criteria_struct/transform_chia/model_output/Llama-3-70B-Instruct_5_shot/Llama-3-70B-Instruct_NCT00720031_exc_5_shot.json' gespeichert.
File: NCT00720031_inc 

Das File: /work/eauten2s/ec_criteria_struct/transform_chia/input/half_clinical_trials/NCT00720031_inc.txt wurde erfolgreich geladen.
Die Daten wurden erfolgreich in '/work/eauten2s/ec_criteria_struct/transform_chia/model_output/Llama-3-70B-Instruct_5_shot/Llama-3-70B-Instruct_NCT00720031_inc_5_shot.json' gespeichert.
File: NCT00728156_exc 

Das File: /work/eauten2s/ec_criteria_struct/transform_chia/input/half_clinical_trials/NCT00728156_exc.txt wurde erfolgreich geladen.
Die Daten wurden erfolgreich in '/work/eauten2s/ec_criteria_struct/transform_chia/model_output/Llama-3-70B-Instruct_5_shot/Llama-3-70B-Instruct_NCT00728156_exc_5_shot.json' gespeichert.
File: NCT00728156_inc 

Das File: /work/eauten2s/ec_criteria_struct/transform_chia/input/half_clinical_trials/NCT00728156_inc.txt wurde erfolgreich geladen.
Die Daten wurden erfolgreich in '/work/eauten2s/ec_criteria_struct/transform_chia/model_output/Llama-3-70B-Instruct_5_shot/Llama-3-70B-Instruct_NCT00728156_inc_5_shot.json' gespeichert.
File: NCT00730301_exc 

Das File: /work/eauten2s/ec_criteria_struct/transform_chia/input/half_clinical_trials/NCT00730301_exc.txt wurde erfolgreich geladen.
Die Daten wurden erfolgreich in '/work/eauten2s/ec_criteria_struct/transform_chia/model_output/Llama-3-70B-Instruct_5_shot/Llama-3-70B-Instruct_NCT00730301_exc_5_shot.json' gespeichert.
File: NCT00730301_inc 

Das File: /work/eauten2s/ec_criteria_struct/transform_chia/input/half_clinical_trials/NCT00730301_inc.txt wurde erfolgreich geladen.
Die Daten wurden erfolgreich in '/work/eauten2s/ec_criteria_struct/transform_chia/model_output/Llama-3-70B-Instruct_5_shot/Llama-3-70B-Instruct_NCT00730301_inc_5_shot.json' gespeichert.
File: NCT00749112_exc 

Das File: /work/eauten2s/ec_criteria_struct/transform_chia/input/half_clinical_trials/NCT00749112_exc.txt wurde erfolgreich geladen.
Die Daten wurden erfolgreich in '/work/eauten2s/ec_criteria_struct/transform_chia/model_output/Llama-3-70B-Instruct_5_shot/Llama-3-70B-Instruct_NCT00749112_exc_5_shot.json' gespeichert.
File: NCT00749112_inc 

Das File: /work/eauten2s/ec_criteria_struct/transform_chia/input/half_clinical_trials/NCT00749112_inc.txt wurde erfolgreich geladen.
Die Daten wurden erfolgreich in '/work/eauten2s/ec_criteria_struct/transform_chia/model_output/Llama-3-70B-Instruct_5_shot/Llama-3-70B-Instruct_NCT00749112_inc_5_shot.json' gespeichert.
File: NCT00752310_exc 

Das File: /work/eauten2s/ec_criteria_struct/transform_chia/input/half_clinical_trials/NCT00752310_exc.txt wurde erfolgreich geladen.
Die Daten wurden erfolgreich in '/work/eauten2s/ec_criteria_struct/transform_chia/model_output/Llama-3-70B-Instruct_5_shot/Llama-3-70B-Instruct_NCT00752310_exc_5_shot.json' gespeichert.
File: NCT00752310_inc 

Das File: /work/eauten2s/ec_criteria_struct/transform_chia/input/half_clinical_trials/NCT00752310_inc.txt wurde erfolgreich geladen.
Die Daten wurden erfolgreich in '/work/eauten2s/ec_criteria_struct/transform_chia/model_output/Llama-3-70B-Instruct_5_shot/Llama-3-70B-Instruct_NCT00752310_inc_5_shot.json' gespeichert.
File: NCT00785213_exc 

Das File: /work/eauten2s/ec_criteria_struct/transform_chia/input/half_clinical_trials/NCT00785213_exc.txt wurde erfolgreich geladen.
Die Daten wurden erfolgreich in '/work/eauten2s/ec_criteria_struct/transform_chia/model_output/Llama-3-70B-Instruct_5_shot/Llama-3-70B-Instruct_NCT00785213_exc_5_shot.json' gespeichert.
File: NCT00785213_inc 

Das File: /work/eauten2s/ec_criteria_struct/transform_chia/input/half_clinical_trials/NCT00785213_inc.txt wurde erfolgreich geladen.
Die Daten wurden erfolgreich in '/work/eauten2s/ec_criteria_struct/transform_chia/model_output/Llama-3-70B-Instruct_5_shot/Llama-3-70B-Instruct_NCT00785213_inc_5_shot.json' gespeichert.
File: NCT00787254_exc 

Das File: /work/eauten2s/ec_criteria_struct/transform_chia/input/half_clinical_trials/NCT00787254_exc.txt wurde erfolgreich geladen.
Die Daten wurden erfolgreich in '/work/eauten2s/ec_criteria_struct/transform_chia/model_output/Llama-3-70B-Instruct_5_shot/Llama-3-70B-Instruct_NCT00787254_exc_5_shot.json' gespeichert.
File: NCT00787254_inc 

Das File: /work/eauten2s/ec_criteria_struct/transform_chia/input/half_clinical_trials/NCT00787254_inc.txt wurde erfolgreich geladen.
Die Daten wurden erfolgreich in '/work/eauten2s/ec_criteria_struct/transform_chia/model_output/Llama-3-70B-Instruct_5_shot/Llama-3-70B-Instruct_NCT00787254_inc_5_shot.json' gespeichert.
File: NCT00806273_exc 

Das File: /work/eauten2s/ec_criteria_struct/transform_chia/input/half_clinical_trials/NCT00806273_exc.txt wurde erfolgreich geladen.
Die Daten wurden erfolgreich in '/work/eauten2s/ec_criteria_struct/transform_chia/model_output/Llama-3-70B-Instruct_5_shot/Llama-3-70B-Instruct_NCT00806273_exc_5_shot.json' gespeichert.
File: NCT00806273_inc 

Das File: /work/eauten2s/ec_criteria_struct/transform_chia/input/half_clinical_trials/NCT00806273_inc.txt wurde erfolgreich geladen.
Die Daten wurden erfolgreich in '/work/eauten2s/ec_criteria_struct/transform_chia/model_output/Llama-3-70B-Instruct_5_shot/Llama-3-70B-Instruct_NCT00806273_inc_5_shot.json' gespeichert.
File: NCT00806936_exc 

Das File: /work/eauten2s/ec_criteria_struct/transform_chia/input/half_clinical_trials/NCT00806936_exc.txt wurde erfolgreich geladen.
Die Daten wurden erfolgreich in '/work/eauten2s/ec_criteria_struct/transform_chia/model_output/Llama-3-70B-Instruct_5_shot/Llama-3-70B-Instruct_NCT00806936_exc_5_shot.json' gespeichert.
File: NCT00806936_inc 

Das File: /work/eauten2s/ec_criteria_struct/transform_chia/input/half_clinical_trials/NCT00806936_inc.txt wurde erfolgreich geladen.
Die Daten wurden erfolgreich in '/work/eauten2s/ec_criteria_struct/transform_chia/model_output/Llama-3-70B-Instruct_5_shot/Llama-3-70B-Instruct_NCT00806936_inc_5_shot.json' gespeichert.
File: NCT00812344_exc 

Das File: /work/eauten2s/ec_criteria_struct/transform_chia/input/half_clinical_trials/NCT00812344_exc.txt wurde erfolgreich geladen.
Die Daten wurden erfolgreich in '/work/eauten2s/ec_criteria_struct/transform_chia/model_output/Llama-3-70B-Instruct_5_shot/Llama-3-70B-Instruct_NCT00812344_exc_5_shot.json' gespeichert.
File: NCT00812344_inc 

Das File: /work/eauten2s/ec_criteria_struct/transform_chia/input/half_clinical_trials/NCT00812344_inc.txt wurde erfolgreich geladen.
Die Daten wurden erfolgreich in '/work/eauten2s/ec_criteria_struct/transform_chia/model_output/Llama-3-70B-Instruct_5_shot/Llama-3-70B-Instruct_NCT00812344_inc_5_shot.json' gespeichert.
File: NCT00846703_exc 

Das File: /work/eauten2s/ec_criteria_struct/transform_chia/input/half_clinical_trials/NCT00846703_exc.txt wurde erfolgreich geladen.
Die Daten wurden erfolgreich in '/work/eauten2s/ec_criteria_struct/transform_chia/model_output/Llama-3-70B-Instruct_5_shot/Llama-3-70B-Instruct_NCT00846703_exc_5_shot.json' gespeichert.
File: NCT00846703_inc 

Das File: /work/eauten2s/ec_criteria_struct/transform_chia/input/half_clinical_trials/NCT00846703_inc.txt wurde erfolgreich geladen.
Die Daten wurden erfolgreich in '/work/eauten2s/ec_criteria_struct/transform_chia/model_output/Llama-3-70B-Instruct_5_shot/Llama-3-70B-Instruct_NCT00846703_inc_5_shot.json' gespeichert.
File: NCT00862446_exc 

Das File: /work/eauten2s/ec_criteria_struct/transform_chia/input/half_clinical_trials/NCT00862446_exc.txt wurde erfolgreich geladen.
Die Daten wurden erfolgreich in '/work/eauten2s/ec_criteria_struct/transform_chia/model_output/Llama-3-70B-Instruct_5_shot/Llama-3-70B-Instruct_NCT00862446_exc_5_shot.json' gespeichert.
File: NCT00862446_inc 

Das File: /work/eauten2s/ec_criteria_struct/transform_chia/input/half_clinical_trials/NCT00862446_inc.txt wurde erfolgreich geladen.
Die Daten wurden erfolgreich in '/work/eauten2s/ec_criteria_struct/transform_chia/model_output/Llama-3-70B-Instruct_5_shot/Llama-3-70B-Instruct_NCT00862446_inc_5_shot.json' gespeichert.
File: NCT00867958_exc 

Das File: /work/eauten2s/ec_criteria_struct/transform_chia/input/half_clinical_trials/NCT00867958_exc.txt wurde erfolgreich geladen.
Die Daten wurden erfolgreich in '/work/eauten2s/ec_criteria_struct/transform_chia/model_output/Llama-3-70B-Instruct_5_shot/Llama-3-70B-Instruct_NCT00867958_exc_5_shot.json' gespeichert.
File: NCT00867958_inc 

Das File: /work/eauten2s/ec_criteria_struct/transform_chia/input/half_clinical_trials/NCT00867958_inc.txt wurde erfolgreich geladen.
Die Daten wurden erfolgreich in '/work/eauten2s/ec_criteria_struct/transform_chia/model_output/Llama-3-70B-Instruct_5_shot/Llama-3-70B-Instruct_NCT00867958_inc_5_shot.json' gespeichert.
File: NCT00886158_exc 

Das File: /work/eauten2s/ec_criteria_struct/transform_chia/input/half_clinical_trials/NCT00886158_exc.txt wurde erfolgreich geladen.
Die Daten wurden erfolgreich in '/work/eauten2s/ec_criteria_struct/transform_chia/model_output/Llama-3-70B-Instruct_5_shot/Llama-3-70B-Instruct_NCT00886158_exc_5_shot.json' gespeichert.
File: NCT00886158_inc 

Das File: /work/eauten2s/ec_criteria_struct/transform_chia/input/half_clinical_trials/NCT00886158_inc.txt wurde erfolgreich geladen.
Die Daten wurden erfolgreich in '/work/eauten2s/ec_criteria_struct/transform_chia/model_output/Llama-3-70B-Instruct_5_shot/Llama-3-70B-Instruct_NCT00886158_inc_5_shot.json' gespeichert.
File: NCT00894712_exc 

Das File: /work/eauten2s/ec_criteria_struct/transform_chia/input/half_clinical_trials/NCT00894712_exc.txt wurde erfolgreich geladen.
Die Daten wurden erfolgreich in '/work/eauten2s/ec_criteria_struct/transform_chia/model_output/Llama-3-70B-Instruct_5_shot/Llama-3-70B-Instruct_NCT00894712_exc_5_shot.json' gespeichert.
File: NCT00894712_inc 

Das File: /work/eauten2s/ec_criteria_struct/transform_chia/input/half_clinical_trials/NCT00894712_inc.txt wurde erfolgreich geladen.
Die Daten wurden erfolgreich in '/work/eauten2s/ec_criteria_struct/transform_chia/model_output/Llama-3-70B-Instruct_5_shot/Llama-3-70B-Instruct_NCT00894712_inc_5_shot.json' gespeichert.
File: NCT00904202_exc 

Das File: /work/eauten2s/ec_criteria_struct/transform_chia/input/half_clinical_trials/NCT00904202_exc.txt wurde erfolgreich geladen.
Die Daten wurden erfolgreich in '/work/eauten2s/ec_criteria_struct/transform_chia/model_output/Llama-3-70B-Instruct_5_shot/Llama-3-70B-Instruct_NCT00904202_exc_5_shot.json' gespeichert.
File: NCT00904202_inc 

Das File: /work/eauten2s/ec_criteria_struct/transform_chia/input/half_clinical_trials/NCT00904202_inc.txt wurde erfolgreich geladen.
Die Daten wurden erfolgreich in '/work/eauten2s/ec_criteria_struct/transform_chia/model_output/Llama-3-70B-Instruct_5_shot/Llama-3-70B-Instruct_NCT00904202_inc_5_shot.json' gespeichert.
File: NCT00917891_exc 

Das File: /work/eauten2s/ec_criteria_struct/transform_chia/input/half_clinical_trials/NCT00917891_exc.txt wurde erfolgreich geladen.
Die Daten wurden erfolgreich in '/work/eauten2s/ec_criteria_struct/transform_chia/model_output/Llama-3-70B-Instruct_5_shot/Llama-3-70B-Instruct_NCT00917891_exc_5_shot.json' gespeichert.
File: NCT00917891_inc 

Das File: /work/eauten2s/ec_criteria_struct/transform_chia/input/half_clinical_trials/NCT00917891_inc.txt wurde erfolgreich geladen.
Die Daten wurden erfolgreich in '/work/eauten2s/ec_criteria_struct/transform_chia/model_output/Llama-3-70B-Instruct_5_shot/Llama-3-70B-Instruct_NCT00917891_inc_5_shot.json' gespeichert.
File: NCT00926523_exc 

Das File: /work/eauten2s/ec_criteria_struct/transform_chia/input/half_clinical_trials/NCT00926523_exc.txt wurde erfolgreich geladen.
Die Daten wurden erfolgreich in '/work/eauten2s/ec_criteria_struct/transform_chia/model_output/Llama-3-70B-Instruct_5_shot/Llama-3-70B-Instruct_NCT00926523_exc_5_shot.json' gespeichert.
File: NCT00926523_inc 

Das File: /work/eauten2s/ec_criteria_struct/transform_chia/input/half_clinical_trials/NCT00926523_inc.txt wurde erfolgreich geladen.
Die Daten wurden erfolgreich in '/work/eauten2s/ec_criteria_struct/transform_chia/model_output/Llama-3-70B-Instruct_5_shot/Llama-3-70B-Instruct_NCT00926523_inc_5_shot.json' gespeichert.
File: NCT00931983_exc 

Das File: /work/eauten2s/ec_criteria_struct/transform_chia/input/half_clinical_trials/NCT00931983_exc.txt wurde erfolgreich geladen.
Die Daten wurden erfolgreich in '/work/eauten2s/ec_criteria_struct/transform_chia/model_output/Llama-3-70B-Instruct_5_shot/Llama-3-70B-Instruct_NCT00931983_exc_5_shot.json' gespeichert.
File: NCT00931983_inc 

Das File: /work/eauten2s/ec_criteria_struct/transform_chia/input/half_clinical_trials/NCT00931983_inc.txt wurde erfolgreich geladen.
Die Daten wurden erfolgreich in '/work/eauten2s/ec_criteria_struct/transform_chia/model_output/Llama-3-70B-Instruct_5_shot/Llama-3-70B-Instruct_NCT00931983_inc_5_shot.json' gespeichert.
File: NCT00943865_exc 

Das File: /work/eauten2s/ec_criteria_struct/transform_chia/input/half_clinical_trials/NCT00943865_exc.txt wurde erfolgreich geladen.
Die Daten wurden erfolgreich in '/work/eauten2s/ec_criteria_struct/transform_chia/model_output/Llama-3-70B-Instruct_5_shot/Llama-3-70B-Instruct_NCT00943865_exc_5_shot.json' gespeichert.
File: NCT00943865_inc 

Das File: /work/eauten2s/ec_criteria_struct/transform_chia/input/half_clinical_trials/NCT00943865_inc.txt wurde erfolgreich geladen.
Die Daten wurden erfolgreich in '/work/eauten2s/ec_criteria_struct/transform_chia/model_output/Llama-3-70B-Instruct_5_shot/Llama-3-70B-Instruct_NCT00943865_inc_5_shot.json' gespeichert.
File: NCT00954850_exc 

Das File: /work/eauten2s/ec_criteria_struct/transform_chia/input/half_clinical_trials/NCT00954850_exc.txt wurde erfolgreich geladen.
Die Daten wurden erfolgreich in '/work/eauten2s/ec_criteria_struct/transform_chia/model_output/Llama-3-70B-Instruct_5_shot/Llama-3-70B-Instruct_NCT00954850_exc_5_shot.json' gespeichert.
File: NCT00954850_inc 

Das File: /work/eauten2s/ec_criteria_struct/transform_chia/input/half_clinical_trials/NCT00954850_inc.txt wurde erfolgreich geladen.
Die Daten wurden erfolgreich in '/work/eauten2s/ec_criteria_struct/transform_chia/model_output/Llama-3-70B-Instruct_5_shot/Llama-3-70B-Instruct_NCT00954850_inc_5_shot.json' gespeichert.
File: NCT00959569_exc 

Das File: /work/eauten2s/ec_criteria_struct/transform_chia/input/half_clinical_trials/NCT00959569_exc.txt wurde erfolgreich geladen.
Die Daten wurden erfolgreich in '/work/eauten2s/ec_criteria_struct/transform_chia/model_output/Llama-3-70B-Instruct_5_shot/Llama-3-70B-Instruct_NCT00959569_exc_5_shot.json' gespeichert.
File: NCT00959569_inc 

Das File: /work/eauten2s/ec_criteria_struct/transform_chia/input/half_clinical_trials/NCT00959569_inc.txt wurde erfolgreich geladen.
Die Daten wurden erfolgreich in '/work/eauten2s/ec_criteria_struct/transform_chia/model_output/Llama-3-70B-Instruct_5_shot/Llama-3-70B-Instruct_NCT00959569_inc_5_shot.json' gespeichert.
File: NCT00962364_exc 

Das File: /work/eauten2s/ec_criteria_struct/transform_chia/input/half_clinical_trials/NCT00962364_exc.txt wurde erfolgreich geladen.
Die Daten wurden erfolgreich in '/work/eauten2s/ec_criteria_struct/transform_chia/model_output/Llama-3-70B-Instruct_5_shot/Llama-3-70B-Instruct_NCT00962364_exc_5_shot.json' gespeichert.
File: NCT00962364_inc 

Das File: /work/eauten2s/ec_criteria_struct/transform_chia/input/half_clinical_trials/NCT00962364_inc.txt wurde erfolgreich geladen.
Die Daten wurden erfolgreich in '/work/eauten2s/ec_criteria_struct/transform_chia/model_output/Llama-3-70B-Instruct_5_shot/Llama-3-70B-Instruct_NCT00962364_inc_5_shot.json' gespeichert.
File: NCT00965900_exc 

Das File: /work/eauten2s/ec_criteria_struct/transform_chia/input/half_clinical_trials/NCT00965900_exc.txt wurde erfolgreich geladen.
Die Daten wurden erfolgreich in '/work/eauten2s/ec_criteria_struct/transform_chia/model_output/Llama-3-70B-Instruct_5_shot/Llama-3-70B-Instruct_NCT00965900_exc_5_shot.json' gespeichert.
File: NCT00965900_inc 

Das File: /work/eauten2s/ec_criteria_struct/transform_chia/input/half_clinical_trials/NCT00965900_inc.txt wurde erfolgreich geladen.
Die Daten wurden erfolgreich in '/work/eauten2s/ec_criteria_struct/transform_chia/model_output/Llama-3-70B-Instruct_5_shot/Llama-3-70B-Instruct_NCT00965900_inc_5_shot.json' gespeichert.
File: NCT00970866_exc 

Das File: /work/eauten2s/ec_criteria_struct/transform_chia/input/half_clinical_trials/NCT00970866_exc.txt wurde erfolgreich geladen.
Die Daten wurden erfolgreich in '/work/eauten2s/ec_criteria_struct/transform_chia/model_output/Llama-3-70B-Instruct_5_shot/Llama-3-70B-Instruct_NCT00970866_exc_5_shot.json' gespeichert.
File: NCT00970866_inc 

Das File: /work/eauten2s/ec_criteria_struct/transform_chia/input/half_clinical_trials/NCT00970866_inc.txt wurde erfolgreich geladen.
Die Daten wurden erfolgreich in '/work/eauten2s/ec_criteria_struct/transform_chia/model_output/Llama-3-70B-Instruct_5_shot/Llama-3-70B-Instruct_NCT00970866_inc_5_shot.json' gespeichert.
File: NCT00989261_exc 

Das File: /work/eauten2s/ec_criteria_struct/transform_chia/input/half_clinical_trials/NCT00989261_exc.txt wurde erfolgreich geladen.
Die Daten wurden erfolgreich in '/work/eauten2s/ec_criteria_struct/transform_chia/model_output/Llama-3-70B-Instruct_5_shot/Llama-3-70B-Instruct_NCT00989261_exc_5_shot.json' gespeichert.
File: NCT00989261_inc 

Das File: /work/eauten2s/ec_criteria_struct/transform_chia/input/half_clinical_trials/NCT00989261_inc.txt wurde erfolgreich geladen.
Die Daten wurden erfolgreich in '/work/eauten2s/ec_criteria_struct/transform_chia/model_output/Llama-3-70B-Instruct_5_shot/Llama-3-70B-Instruct_NCT00989261_inc_5_shot.json' gespeichert.
File: NCT00994786_exc 

Das File: /work/eauten2s/ec_criteria_struct/transform_chia/input/half_clinical_trials/NCT00994786_exc.txt wurde erfolgreich geladen.
Die Daten wurden erfolgreich in '/work/eauten2s/ec_criteria_struct/transform_chia/model_output/Llama-3-70B-Instruct_5_shot/Llama-3-70B-Instruct_NCT00994786_exc_5_shot.json' gespeichert.
File: NCT00994786_inc 

Das File: /work/eauten2s/ec_criteria_struct/transform_chia/input/half_clinical_trials/NCT00994786_inc.txt wurde erfolgreich geladen.
Die Daten wurden erfolgreich in '/work/eauten2s/ec_criteria_struct/transform_chia/model_output/Llama-3-70B-Instruct_5_shot/Llama-3-70B-Instruct_NCT00994786_inc_5_shot.json' gespeichert.
File: NCT01000155_exc 

Das File: /work/eauten2s/ec_criteria_struct/transform_chia/input/half_clinical_trials/NCT01000155_exc.txt wurde erfolgreich geladen.
Die Daten wurden erfolgreich in '/work/eauten2s/ec_criteria_struct/transform_chia/model_output/Llama-3-70B-Instruct_5_shot/Llama-3-70B-Instruct_NCT01000155_exc_5_shot.json' gespeichert.
File: NCT01000155_inc 

Das File: /work/eauten2s/ec_criteria_struct/transform_chia/input/half_clinical_trials/NCT01000155_inc.txt wurde erfolgreich geladen.
Die Daten wurden erfolgreich in '/work/eauten2s/ec_criteria_struct/transform_chia/model_output/Llama-3-70B-Instruct_5_shot/Llama-3-70B-Instruct_NCT01000155_inc_5_shot.json' gespeichert.
File: NCT01009359_exc 

Das File: /work/eauten2s/ec_criteria_struct/transform_chia/input/half_clinical_trials/NCT01009359_exc.txt wurde erfolgreich geladen.
Die Daten wurden erfolgreich in '/work/eauten2s/ec_criteria_struct/transform_chia/model_output/Llama-3-70B-Instruct_5_shot/Llama-3-70B-Instruct_NCT01009359_exc_5_shot.json' gespeichert.
File: NCT01009359_inc 

Das File: /work/eauten2s/ec_criteria_struct/transform_chia/input/half_clinical_trials/NCT01009359_inc.txt wurde erfolgreich geladen.
Die Daten wurden erfolgreich in '/work/eauten2s/ec_criteria_struct/transform_chia/model_output/Llama-3-70B-Instruct_5_shot/Llama-3-70B-Instruct_NCT01009359_inc_5_shot.json' gespeichert.
File: NCT01032109_exc 

Das File: /work/eauten2s/ec_criteria_struct/transform_chia/input/half_clinical_trials/NCT01032109_exc.txt wurde erfolgreich geladen.
Die Daten wurden erfolgreich in '/work/eauten2s/ec_criteria_struct/transform_chia/model_output/Llama-3-70B-Instruct_5_shot/Llama-3-70B-Instruct_NCT01032109_exc_5_shot.json' gespeichert.
File: NCT01032109_inc 

Das File: /work/eauten2s/ec_criteria_struct/transform_chia/input/half_clinical_trials/NCT01032109_inc.txt wurde erfolgreich geladen.
Die Daten wurden erfolgreich in '/work/eauten2s/ec_criteria_struct/transform_chia/model_output/Llama-3-70B-Instruct_5_shot/Llama-3-70B-Instruct_NCT01032109_inc_5_shot.json' gespeichert.
File: NCT01051414_exc 

Das File: /work/eauten2s/ec_criteria_struct/transform_chia/input/half_clinical_trials/NCT01051414_exc.txt wurde erfolgreich geladen.
Die Daten wurden erfolgreich in '/work/eauten2s/ec_criteria_struct/transform_chia/model_output/Llama-3-70B-Instruct_5_shot/Llama-3-70B-Instruct_NCT01051414_exc_5_shot.json' gespeichert.
File: NCT01051414_inc 

Das File: /work/eauten2s/ec_criteria_struct/transform_chia/input/half_clinical_trials/NCT01051414_inc.txt wurde erfolgreich geladen.
Die Daten wurden erfolgreich in '/work/eauten2s/ec_criteria_struct/transform_chia/model_output/Llama-3-70B-Instruct_5_shot/Llama-3-70B-Instruct_NCT01051414_inc_5_shot.json' gespeichert.
File: NCT01064752_exc 

Das File: /work/eauten2s/ec_criteria_struct/transform_chia/input/half_clinical_trials/NCT01064752_exc.txt wurde erfolgreich geladen.
Die Daten wurden erfolgreich in '/work/eauten2s/ec_criteria_struct/transform_chia/model_output/Llama-3-70B-Instruct_5_shot/Llama-3-70B-Instruct_NCT01064752_exc_5_shot.json' gespeichert.
File: NCT01064752_inc 

Das File: /work/eauten2s/ec_criteria_struct/transform_chia/input/half_clinical_trials/NCT01064752_inc.txt wurde erfolgreich geladen.
Die Daten wurden erfolgreich in '/work/eauten2s/ec_criteria_struct/transform_chia/model_output/Llama-3-70B-Instruct_5_shot/Llama-3-70B-Instruct_NCT01064752_inc_5_shot.json' gespeichert.
File: NCT01078051_exc 

Das File: /work/eauten2s/ec_criteria_struct/transform_chia/input/half_clinical_trials/NCT01078051_exc.txt wurde erfolgreich geladen.
Die Daten wurden erfolgreich in '/work/eauten2s/ec_criteria_struct/transform_chia/model_output/Llama-3-70B-Instruct_5_shot/Llama-3-70B-Instruct_NCT01078051_exc_5_shot.json' gespeichert.
File: NCT01078051_inc 

Das File: /work/eauten2s/ec_criteria_struct/transform_chia/input/half_clinical_trials/NCT01078051_inc.txt wurde erfolgreich geladen.
Die Daten wurden erfolgreich in '/work/eauten2s/ec_criteria_struct/transform_chia/model_output/Llama-3-70B-Instruct_5_shot/Llama-3-70B-Instruct_NCT01078051_inc_5_shot.json' gespeichert.
File: NCT01082549_exc 

Das File: /work/eauten2s/ec_criteria_struct/transform_chia/input/half_clinical_trials/NCT01082549_exc.txt wurde erfolgreich geladen.
Die Daten wurden erfolgreich in '/work/eauten2s/ec_criteria_struct/transform_chia/model_output/Llama-3-70B-Instruct_5_shot/Llama-3-70B-Instruct_NCT01082549_exc_5_shot.json' gespeichert.
File: NCT01082549_inc 

Das File: /work/eauten2s/ec_criteria_struct/transform_chia/input/half_clinical_trials/NCT01082549_inc.txt wurde erfolgreich geladen.
Die Daten wurden erfolgreich in '/work/eauten2s/ec_criteria_struct/transform_chia/model_output/Llama-3-70B-Instruct_5_shot/Llama-3-70B-Instruct_NCT01082549_inc_5_shot.json' gespeichert.
File: NCT01084993_exc 

Das File: /work/eauten2s/ec_criteria_struct/transform_chia/input/half_clinical_trials/NCT01084993_exc.txt wurde erfolgreich geladen.
Die Daten wurden erfolgreich in '/work/eauten2s/ec_criteria_struct/transform_chia/model_output/Llama-3-70B-Instruct_5_shot/Llama-3-70B-Instruct_NCT01084993_exc_5_shot.json' gespeichert.
File: NCT01084993_inc 

Das File: /work/eauten2s/ec_criteria_struct/transform_chia/input/half_clinical_trials/NCT01084993_inc.txt wurde erfolgreich geladen.
Die Daten wurden erfolgreich in '/work/eauten2s/ec_criteria_struct/transform_chia/model_output/Llama-3-70B-Instruct_5_shot/Llama-3-70B-Instruct_NCT01084993_inc_5_shot.json' gespeichert.
File: NCT01088750_exc 

Das File: /work/eauten2s/ec_criteria_struct/transform_chia/input/half_clinical_trials/NCT01088750_exc.txt wurde erfolgreich geladen.
Die Daten wurden erfolgreich in '/work/eauten2s/ec_criteria_struct/transform_chia/model_output/Llama-3-70B-Instruct_5_shot/Llama-3-70B-Instruct_NCT01088750_exc_5_shot.json' gespeichert.
File: NCT01088750_inc 

Das File: /work/eauten2s/ec_criteria_struct/transform_chia/input/half_clinical_trials/NCT01088750_inc.txt wurde erfolgreich geladen.
Die Daten wurden erfolgreich in '/work/eauten2s/ec_criteria_struct/transform_chia/model_output/Llama-3-70B-Instruct_5_shot/Llama-3-70B-Instruct_NCT01088750_inc_5_shot.json' gespeichert.
File: NCT01098383_exc 

Das File: /work/eauten2s/ec_criteria_struct/transform_chia/input/half_clinical_trials/NCT01098383_exc.txt wurde erfolgreich geladen.
Die Daten wurden erfolgreich in '/work/eauten2s/ec_criteria_struct/transform_chia/model_output/Llama-3-70B-Instruct_5_shot/Llama-3-70B-Instruct_NCT01098383_exc_5_shot.json' gespeichert.
File: NCT01098383_inc 

Das File: /work/eauten2s/ec_criteria_struct/transform_chia/input/half_clinical_trials/NCT01098383_inc.txt wurde erfolgreich geladen.
Die Daten wurden erfolgreich in '/work/eauten2s/ec_criteria_struct/transform_chia/model_output/Llama-3-70B-Instruct_5_shot/Llama-3-70B-Instruct_NCT01098383_inc_5_shot.json' gespeichert.
File: NCT01116882_exc 

Das File: /work/eauten2s/ec_criteria_struct/transform_chia/input/half_clinical_trials/NCT01116882_exc.txt wurde erfolgreich geladen.
Die Daten wurden erfolgreich in '/work/eauten2s/ec_criteria_struct/transform_chia/model_output/Llama-3-70B-Instruct_5_shot/Llama-3-70B-Instruct_NCT01116882_exc_5_shot.json' gespeichert.
File: NCT01116882_inc 

Das File: /work/eauten2s/ec_criteria_struct/transform_chia/input/half_clinical_trials/NCT01116882_inc.txt wurde erfolgreich geladen.
Die Daten wurden erfolgreich in '/work/eauten2s/ec_criteria_struct/transform_chia/model_output/Llama-3-70B-Instruct_5_shot/Llama-3-70B-Instruct_NCT01116882_inc_5_shot.json' gespeichert.
File: NCT01116973_exc 

Das File: /work/eauten2s/ec_criteria_struct/transform_chia/input/half_clinical_trials/NCT01116973_exc.txt wurde erfolgreich geladen.
Die Daten wurden erfolgreich in '/work/eauten2s/ec_criteria_struct/transform_chia/model_output/Llama-3-70B-Instruct_5_shot/Llama-3-70B-Instruct_NCT01116973_exc_5_shot.json' gespeichert.
File: NCT01116973_inc 

Das File: /work/eauten2s/ec_criteria_struct/transform_chia/input/half_clinical_trials/NCT01116973_inc.txt wurde erfolgreich geladen.
Die Daten wurden erfolgreich in '/work/eauten2s/ec_criteria_struct/transform_chia/model_output/Llama-3-70B-Instruct_5_shot/Llama-3-70B-Instruct_NCT01116973_inc_5_shot.json' gespeichert.
File: NCT01117181_exc 

Das File: /work/eauten2s/ec_criteria_struct/transform_chia/input/half_clinical_trials/NCT01117181_exc.txt wurde erfolgreich geladen.
Die Daten wurden erfolgreich in '/work/eauten2s/ec_criteria_struct/transform_chia/model_output/Llama-3-70B-Instruct_5_shot/Llama-3-70B-Instruct_NCT01117181_exc_5_shot.json' gespeichert.
File: NCT01117181_inc 

Das File: /work/eauten2s/ec_criteria_struct/transform_chia/input/half_clinical_trials/NCT01117181_inc.txt wurde erfolgreich geladen.
Die Daten wurden erfolgreich in '/work/eauten2s/ec_criteria_struct/transform_chia/model_output/Llama-3-70B-Instruct_5_shot/Llama-3-70B-Instruct_NCT01117181_inc_5_shot.json' gespeichert.
File: NCT01118871_exc 

Das File: /work/eauten2s/ec_criteria_struct/transform_chia/input/half_clinical_trials/NCT01118871_exc.txt wurde erfolgreich geladen.
Die Daten wurden erfolgreich in '/work/eauten2s/ec_criteria_struct/transform_chia/model_output/Llama-3-70B-Instruct_5_shot/Llama-3-70B-Instruct_NCT01118871_exc_5_shot.json' gespeichert.
File: NCT01118871_inc 

Das File: /work/eauten2s/ec_criteria_struct/transform_chia/input/half_clinical_trials/NCT01118871_inc.txt wurde erfolgreich geladen.
Die Daten wurden erfolgreich in '/work/eauten2s/ec_criteria_struct/transform_chia/model_output/Llama-3-70B-Instruct_5_shot/Llama-3-70B-Instruct_NCT01118871_inc_5_shot.json' gespeichert.
File: NCT01175044_exc 

Das File: /work/eauten2s/ec_criteria_struct/transform_chia/input/half_clinical_trials/NCT01175044_exc.txt wurde erfolgreich geladen.
Die Daten wurden erfolgreich in '/work/eauten2s/ec_criteria_struct/transform_chia/model_output/Llama-3-70B-Instruct_5_shot/Llama-3-70B-Instruct_NCT01175044_exc_5_shot.json' gespeichert.
File: NCT01175044_inc 

Das File: /work/eauten2s/ec_criteria_struct/transform_chia/input/half_clinical_trials/NCT01175044_inc.txt wurde erfolgreich geladen.
Die Daten wurden erfolgreich in '/work/eauten2s/ec_criteria_struct/transform_chia/model_output/Llama-3-70B-Instruct_5_shot/Llama-3-70B-Instruct_NCT01175044_inc_5_shot.json' gespeichert.
File: NCT01177891_exc 

Das File: /work/eauten2s/ec_criteria_struct/transform_chia/input/half_clinical_trials/NCT01177891_exc.txt wurde erfolgreich geladen.
Die Daten wurden erfolgreich in '/work/eauten2s/ec_criteria_struct/transform_chia/model_output/Llama-3-70B-Instruct_5_shot/Llama-3-70B-Instruct_NCT01177891_exc_5_shot.json' gespeichert.
File: NCT01177891_inc 

Das File: /work/eauten2s/ec_criteria_struct/transform_chia/input/half_clinical_trials/NCT01177891_inc.txt wurde erfolgreich geladen.
Die Daten wurden erfolgreich in '/work/eauten2s/ec_criteria_struct/transform_chia/model_output/Llama-3-70B-Instruct_5_shot/Llama-3-70B-Instruct_NCT01177891_inc_5_shot.json' gespeichert.
File: NCT01184638_exc 

Das File: /work/eauten2s/ec_criteria_struct/transform_chia/input/half_clinical_trials/NCT01184638_exc.txt wurde erfolgreich geladen.
Die Daten wurden erfolgreich in '/work/eauten2s/ec_criteria_struct/transform_chia/model_output/Llama-3-70B-Instruct_5_shot/Llama-3-70B-Instruct_NCT01184638_exc_5_shot.json' gespeichert.
File: NCT01184638_inc 

Das File: /work/eauten2s/ec_criteria_struct/transform_chia/input/half_clinical_trials/NCT01184638_inc.txt wurde erfolgreich geladen.
Die Daten wurden erfolgreich in '/work/eauten2s/ec_criteria_struct/transform_chia/model_output/Llama-3-70B-Instruct_5_shot/Llama-3-70B-Instruct_NCT01184638_inc_5_shot.json' gespeichert.
File: NCT01205334_exc 

Das File: /work/eauten2s/ec_criteria_struct/transform_chia/input/half_clinical_trials/NCT01205334_exc.txt wurde erfolgreich geladen.
Die Daten wurden erfolgreich in '/work/eauten2s/ec_criteria_struct/transform_chia/model_output/Llama-3-70B-Instruct_5_shot/Llama-3-70B-Instruct_NCT01205334_exc_5_shot.json' gespeichert.
File: NCT01205334_inc 

Das File: /work/eauten2s/ec_criteria_struct/transform_chia/input/half_clinical_trials/NCT01205334_inc.txt wurde erfolgreich geladen.
Die Daten wurden erfolgreich in '/work/eauten2s/ec_criteria_struct/transform_chia/model_output/Llama-3-70B-Instruct_5_shot/Llama-3-70B-Instruct_NCT01205334_inc_5_shot.json' gespeichert.
File: NCT01214096_exc 

Das File: /work/eauten2s/ec_criteria_struct/transform_chia/input/half_clinical_trials/NCT01214096_exc.txt wurde erfolgreich geladen.
Die Daten wurden erfolgreich in '/work/eauten2s/ec_criteria_struct/transform_chia/model_output/Llama-3-70B-Instruct_5_shot/Llama-3-70B-Instruct_NCT01214096_exc_5_shot.json' gespeichert.
File: NCT01214096_inc 

Das File: /work/eauten2s/ec_criteria_struct/transform_chia/input/half_clinical_trials/NCT01214096_inc.txt wurde erfolgreich geladen.
Die Daten wurden erfolgreich in '/work/eauten2s/ec_criteria_struct/transform_chia/model_output/Llama-3-70B-Instruct_5_shot/Llama-3-70B-Instruct_NCT01214096_inc_5_shot.json' gespeichert.
File: NCT01217671_exc 

Das File: /work/eauten2s/ec_criteria_struct/transform_chia/input/half_clinical_trials/NCT01217671_exc.txt wurde erfolgreich geladen.
Die Daten wurden erfolgreich in '/work/eauten2s/ec_criteria_struct/transform_chia/model_output/Llama-3-70B-Instruct_5_shot/Llama-3-70B-Instruct_NCT01217671_exc_5_shot.json' gespeichert.
File: NCT01217671_inc 

Das File: /work/eauten2s/ec_criteria_struct/transform_chia/input/half_clinical_trials/NCT01217671_inc.txt wurde erfolgreich geladen.
Die Daten wurden erfolgreich in '/work/eauten2s/ec_criteria_struct/transform_chia/model_output/Llama-3-70B-Instruct_5_shot/Llama-3-70B-Instruct_NCT01217671_inc_5_shot.json' gespeichert.
File: NCT01218737_exc 

Das File: /work/eauten2s/ec_criteria_struct/transform_chia/input/half_clinical_trials/NCT01218737_exc.txt wurde erfolgreich geladen.
Die Daten wurden erfolgreich in '/work/eauten2s/ec_criteria_struct/transform_chia/model_output/Llama-3-70B-Instruct_5_shot/Llama-3-70B-Instruct_NCT01218737_exc_5_shot.json' gespeichert.
File: NCT01218737_inc 

Das File: /work/eauten2s/ec_criteria_struct/transform_chia/input/half_clinical_trials/NCT01218737_inc.txt wurde erfolgreich geladen.
Die Daten wurden erfolgreich in '/work/eauten2s/ec_criteria_struct/transform_chia/model_output/Llama-3-70B-Instruct_5_shot/Llama-3-70B-Instruct_NCT01218737_inc_5_shot.json' gespeichert.
File: NCT01228279_exc 

Das File: /work/eauten2s/ec_criteria_struct/transform_chia/input/half_clinical_trials/NCT01228279_exc.txt wurde erfolgreich geladen.
Die Daten wurden erfolgreich in '/work/eauten2s/ec_criteria_struct/transform_chia/model_output/Llama-3-70B-Instruct_5_shot/Llama-3-70B-Instruct_NCT01228279_exc_5_shot.json' gespeichert.
File: NCT01228279_inc 

Das File: /work/eauten2s/ec_criteria_struct/transform_chia/input/half_clinical_trials/NCT01228279_inc.txt wurde erfolgreich geladen.
Die Daten wurden erfolgreich in '/work/eauten2s/ec_criteria_struct/transform_chia/model_output/Llama-3-70B-Instruct_5_shot/Llama-3-70B-Instruct_NCT01228279_inc_5_shot.json' gespeichert.
File: NCT01236417_exc 

Das File: /work/eauten2s/ec_criteria_struct/transform_chia/input/half_clinical_trials/NCT01236417_exc.txt wurde erfolgreich geladen.
Die Daten wurden erfolgreich in '/work/eauten2s/ec_criteria_struct/transform_chia/model_output/Llama-3-70B-Instruct_5_shot/Llama-3-70B-Instruct_NCT01236417_exc_5_shot.json' gespeichert.
File: NCT01236417_inc 

Das File: /work/eauten2s/ec_criteria_struct/transform_chia/input/half_clinical_trials/NCT01236417_inc.txt wurde erfolgreich geladen.
Die Daten wurden erfolgreich in '/work/eauten2s/ec_criteria_struct/transform_chia/model_output/Llama-3-70B-Instruct_5_shot/Llama-3-70B-Instruct_NCT01236417_inc_5_shot.json' gespeichert.
File: NCT01261832_exc 

Das File: /work/eauten2s/ec_criteria_struct/transform_chia/input/half_clinical_trials/NCT01261832_exc.txt wurde erfolgreich geladen.
Die Daten wurden erfolgreich in '/work/eauten2s/ec_criteria_struct/transform_chia/model_output/Llama-3-70B-Instruct_5_shot/Llama-3-70B-Instruct_NCT01261832_exc_5_shot.json' gespeichert.
File: NCT01261832_inc 

Das File: /work/eauten2s/ec_criteria_struct/transform_chia/input/half_clinical_trials/NCT01261832_inc.txt wurde erfolgreich geladen.
Die Daten wurden erfolgreich in '/work/eauten2s/ec_criteria_struct/transform_chia/model_output/Llama-3-70B-Instruct_5_shot/Llama-3-70B-Instruct_NCT01261832_inc_5_shot.json' gespeichert.
File: NCT01312012_exc 

Das File: /work/eauten2s/ec_criteria_struct/transform_chia/input/half_clinical_trials/NCT01312012_exc.txt wurde erfolgreich geladen.
Die Daten wurden erfolgreich in '/work/eauten2s/ec_criteria_struct/transform_chia/model_output/Llama-3-70B-Instruct_5_shot/Llama-3-70B-Instruct_NCT01312012_exc_5_shot.json' gespeichert.
File: NCT01312012_inc 

Das File: /work/eauten2s/ec_criteria_struct/transform_chia/input/half_clinical_trials/NCT01312012_inc.txt wurde erfolgreich geladen.
Die Daten wurden erfolgreich in '/work/eauten2s/ec_criteria_struct/transform_chia/model_output/Llama-3-70B-Instruct_5_shot/Llama-3-70B-Instruct_NCT01312012_inc_5_shot.json' gespeichert.
File: NCT01313676_exc 

Das File: /work/eauten2s/ec_criteria_struct/transform_chia/input/half_clinical_trials/NCT01313676_exc.txt wurde erfolgreich geladen.
Die Daten wurden erfolgreich in '/work/eauten2s/ec_criteria_struct/transform_chia/model_output/Llama-3-70B-Instruct_5_shot/Llama-3-70B-Instruct_NCT01313676_exc_5_shot.json' gespeichert.
File: NCT01313676_inc 

Das File: /work/eauten2s/ec_criteria_struct/transform_chia/input/half_clinical_trials/NCT01313676_inc.txt wurde erfolgreich geladen.
Die Daten wurden erfolgreich in '/work/eauten2s/ec_criteria_struct/transform_chia/model_output/Llama-3-70B-Instruct_5_shot/Llama-3-70B-Instruct_NCT01313676_inc_5_shot.json' gespeichert.
File: NCT01314898_exc 

Das File: /work/eauten2s/ec_criteria_struct/transform_chia/input/half_clinical_trials/NCT01314898_exc.txt wurde erfolgreich geladen.
Die Daten wurden erfolgreich in '/work/eauten2s/ec_criteria_struct/transform_chia/model_output/Llama-3-70B-Instruct_5_shot/Llama-3-70B-Instruct_NCT01314898_exc_5_shot.json' gespeichert.
File: NCT01314898_inc 

Das File: /work/eauten2s/ec_criteria_struct/transform_chia/input/half_clinical_trials/NCT01314898_inc.txt wurde erfolgreich geladen.
Die Daten wurden erfolgreich in '/work/eauten2s/ec_criteria_struct/transform_chia/model_output/Llama-3-70B-Instruct_5_shot/Llama-3-70B-Instruct_NCT01314898_inc_5_shot.json' gespeichert.
File: NCT01320579_exc 

Das File: /work/eauten2s/ec_criteria_struct/transform_chia/input/half_clinical_trials/NCT01320579_exc.txt wurde erfolgreich geladen.
Die Daten wurden erfolgreich in '/work/eauten2s/ec_criteria_struct/transform_chia/model_output/Llama-3-70B-Instruct_5_shot/Llama-3-70B-Instruct_NCT01320579_exc_5_shot.json' gespeichert.
File: NCT01320579_inc 

Das File: /work/eauten2s/ec_criteria_struct/transform_chia/input/half_clinical_trials/NCT01320579_inc.txt wurde erfolgreich geladen.
Die Daten wurden erfolgreich in '/work/eauten2s/ec_criteria_struct/transform_chia/model_output/Llama-3-70B-Instruct_5_shot/Llama-3-70B-Instruct_NCT01320579_inc_5_shot.json' gespeichert.
File: NCT01322464_exc 

Das File: /work/eauten2s/ec_criteria_struct/transform_chia/input/half_clinical_trials/NCT01322464_exc.txt wurde erfolgreich geladen.
Die Daten wurden erfolgreich in '/work/eauten2s/ec_criteria_struct/transform_chia/model_output/Llama-3-70B-Instruct_5_shot/Llama-3-70B-Instruct_NCT01322464_exc_5_shot.json' gespeichert.
File: NCT01322464_inc 

Das File: /work/eauten2s/ec_criteria_struct/transform_chia/input/half_clinical_trials/NCT01322464_inc.txt wurde erfolgreich geladen.
Die Daten wurden erfolgreich in '/work/eauten2s/ec_criteria_struct/transform_chia/model_output/Llama-3-70B-Instruct_5_shot/Llama-3-70B-Instruct_NCT01322464_inc_5_shot.json' gespeichert.
File: NCT01346436_exc 

Das File: /work/eauten2s/ec_criteria_struct/transform_chia/input/half_clinical_trials/NCT01346436_exc.txt wurde erfolgreich geladen.
Die Daten wurden erfolgreich in '/work/eauten2s/ec_criteria_struct/transform_chia/model_output/Llama-3-70B-Instruct_5_shot/Llama-3-70B-Instruct_NCT01346436_exc_5_shot.json' gespeichert.
File: NCT01346436_inc 

Das File: /work/eauten2s/ec_criteria_struct/transform_chia/input/half_clinical_trials/NCT01346436_inc.txt wurde erfolgreich geladen.
Die Daten wurden erfolgreich in '/work/eauten2s/ec_criteria_struct/transform_chia/model_output/Llama-3-70B-Instruct_5_shot/Llama-3-70B-Instruct_NCT01346436_inc_5_shot.json' gespeichert.
File: NCT01349413_exc 

Das File: /work/eauten2s/ec_criteria_struct/transform_chia/input/half_clinical_trials/NCT01349413_exc.txt wurde erfolgreich geladen.
Die Daten wurden erfolgreich in '/work/eauten2s/ec_criteria_struct/transform_chia/model_output/Llama-3-70B-Instruct_5_shot/Llama-3-70B-Instruct_NCT01349413_exc_5_shot.json' gespeichert.
File: NCT01349413_inc 

Das File: /work/eauten2s/ec_criteria_struct/transform_chia/input/half_clinical_trials/NCT01349413_inc.txt wurde erfolgreich geladen.
Die Daten wurden erfolgreich in '/work/eauten2s/ec_criteria_struct/transform_chia/model_output/Llama-3-70B-Instruct_5_shot/Llama-3-70B-Instruct_NCT01349413_inc_5_shot.json' gespeichert.
File: NCT01352598_exc 

Das File: /work/eauten2s/ec_criteria_struct/transform_chia/input/half_clinical_trials/NCT01352598_exc.txt wurde erfolgreich geladen.
Die Daten wurden erfolgreich in '/work/eauten2s/ec_criteria_struct/transform_chia/model_output/Llama-3-70B-Instruct_5_shot/Llama-3-70B-Instruct_NCT01352598_exc_5_shot.json' gespeichert.
File: NCT01352598_inc 

Das File: /work/eauten2s/ec_criteria_struct/transform_chia/input/half_clinical_trials/NCT01352598_inc.txt wurde erfolgreich geladen.
Die Daten wurden erfolgreich in '/work/eauten2s/ec_criteria_struct/transform_chia/model_output/Llama-3-70B-Instruct_5_shot/Llama-3-70B-Instruct_NCT01352598_inc_5_shot.json' gespeichert.
File: NCT01373684_exc 

Das File: /work/eauten2s/ec_criteria_struct/transform_chia/input/half_clinical_trials/NCT01373684_exc.txt wurde erfolgreich geladen.
Die Daten wurden erfolgreich in '/work/eauten2s/ec_criteria_struct/transform_chia/model_output/Llama-3-70B-Instruct_5_shot/Llama-3-70B-Instruct_NCT01373684_exc_5_shot.json' gespeichert.
File: NCT01373684_inc 

Das File: /work/eauten2s/ec_criteria_struct/transform_chia/input/half_clinical_trials/NCT01373684_inc.txt wurde erfolgreich geladen.
Die Daten wurden erfolgreich in '/work/eauten2s/ec_criteria_struct/transform_chia/model_output/Llama-3-70B-Instruct_5_shot/Llama-3-70B-Instruct_NCT01373684_inc_5_shot.json' gespeichert.
File: NCT01391780_exc 

Das File: /work/eauten2s/ec_criteria_struct/transform_chia/input/half_clinical_trials/NCT01391780_exc.txt wurde erfolgreich geladen.
Die Daten wurden erfolgreich in '/work/eauten2s/ec_criteria_struct/transform_chia/model_output/Llama-3-70B-Instruct_5_shot/Llama-3-70B-Instruct_NCT01391780_exc_5_shot.json' gespeichert.
File: NCT01391780_inc 

Das File: /work/eauten2s/ec_criteria_struct/transform_chia/input/half_clinical_trials/NCT01391780_inc.txt wurde erfolgreich geladen.
Die Daten wurden erfolgreich in '/work/eauten2s/ec_criteria_struct/transform_chia/model_output/Llama-3-70B-Instruct_5_shot/Llama-3-70B-Instruct_NCT01391780_inc_5_shot.json' gespeichert.
File: NCT01401335_exc 

Das File: /work/eauten2s/ec_criteria_struct/transform_chia/input/half_clinical_trials/NCT01401335_exc.txt wurde erfolgreich geladen.
Die Daten wurden erfolgreich in '/work/eauten2s/ec_criteria_struct/transform_chia/model_output/Llama-3-70B-Instruct_5_shot/Llama-3-70B-Instruct_NCT01401335_exc_5_shot.json' gespeichert.
File: NCT01401335_inc 

Das File: /work/eauten2s/ec_criteria_struct/transform_chia/input/half_clinical_trials/NCT01401335_inc.txt wurde erfolgreich geladen.
Die Daten wurden erfolgreich in '/work/eauten2s/ec_criteria_struct/transform_chia/model_output/Llama-3-70B-Instruct_5_shot/Llama-3-70B-Instruct_NCT01401335_inc_5_shot.json' gespeichert.
File: NCT01410890_exc 

Das File: /work/eauten2s/ec_criteria_struct/transform_chia/input/half_clinical_trials/NCT01410890_exc.txt wurde erfolgreich geladen.
Die Daten wurden erfolgreich in '/work/eauten2s/ec_criteria_struct/transform_chia/model_output/Llama-3-70B-Instruct_5_shot/Llama-3-70B-Instruct_NCT01410890_exc_5_shot.json' gespeichert.
File: NCT01410890_inc 

Das File: /work/eauten2s/ec_criteria_struct/transform_chia/input/half_clinical_trials/NCT01410890_inc.txt wurde erfolgreich geladen.
Die Daten wurden erfolgreich in '/work/eauten2s/ec_criteria_struct/transform_chia/model_output/Llama-3-70B-Instruct_5_shot/Llama-3-70B-Instruct_NCT01410890_inc_5_shot.json' gespeichert.
File: NCT01424020_exc 

Das File: /work/eauten2s/ec_criteria_struct/transform_chia/input/half_clinical_trials/NCT01424020_exc.txt wurde erfolgreich geladen.
Die Daten wurden erfolgreich in '/work/eauten2s/ec_criteria_struct/transform_chia/model_output/Llama-3-70B-Instruct_5_shot/Llama-3-70B-Instruct_NCT01424020_exc_5_shot.json' gespeichert.
File: NCT01424020_inc 

Das File: /work/eauten2s/ec_criteria_struct/transform_chia/input/half_clinical_trials/NCT01424020_inc.txt wurde erfolgreich geladen.
Die Daten wurden erfolgreich in '/work/eauten2s/ec_criteria_struct/transform_chia/model_output/Llama-3-70B-Instruct_5_shot/Llama-3-70B-Instruct_NCT01424020_inc_5_shot.json' gespeichert.
File: NCT01440296_exc 

Das File: /work/eauten2s/ec_criteria_struct/transform_chia/input/half_clinical_trials/NCT01440296_exc.txt wurde erfolgreich geladen.
Die Daten wurden erfolgreich in '/work/eauten2s/ec_criteria_struct/transform_chia/model_output/Llama-3-70B-Instruct_5_shot/Llama-3-70B-Instruct_NCT01440296_exc_5_shot.json' gespeichert.
File: NCT01440296_inc 

Das File: /work/eauten2s/ec_criteria_struct/transform_chia/input/half_clinical_trials/NCT01440296_inc.txt wurde erfolgreich geladen.
Die Daten wurden erfolgreich in '/work/eauten2s/ec_criteria_struct/transform_chia/model_output/Llama-3-70B-Instruct_5_shot/Llama-3-70B-Instruct_NCT01440296_inc_5_shot.json' gespeichert.
File: NCT01446094_exc 

Das File: /work/eauten2s/ec_criteria_struct/transform_chia/input/half_clinical_trials/NCT01446094_exc.txt wurde erfolgreich geladen.
Die Daten wurden erfolgreich in '/work/eauten2s/ec_criteria_struct/transform_chia/model_output/Llama-3-70B-Instruct_5_shot/Llama-3-70B-Instruct_NCT01446094_exc_5_shot.json' gespeichert.
File: NCT01446094_inc 

Das File: /work/eauten2s/ec_criteria_struct/transform_chia/input/half_clinical_trials/NCT01446094_inc.txt wurde erfolgreich geladen.
Die Daten wurden erfolgreich in '/work/eauten2s/ec_criteria_struct/transform_chia/model_output/Llama-3-70B-Instruct_5_shot/Llama-3-70B-Instruct_NCT01446094_inc_5_shot.json' gespeichert.
File: NCT01483118_exc 

Das File: /work/eauten2s/ec_criteria_struct/transform_chia/input/half_clinical_trials/NCT01483118_exc.txt wurde erfolgreich geladen.
Die Daten wurden erfolgreich in '/work/eauten2s/ec_criteria_struct/transform_chia/model_output/Llama-3-70B-Instruct_5_shot/Llama-3-70B-Instruct_NCT01483118_exc_5_shot.json' gespeichert.
File: NCT01483118_inc 

Das File: /work/eauten2s/ec_criteria_struct/transform_chia/input/half_clinical_trials/NCT01483118_inc.txt wurde erfolgreich geladen.
Die Daten wurden erfolgreich in '/work/eauten2s/ec_criteria_struct/transform_chia/model_output/Llama-3-70B-Instruct_5_shot/Llama-3-70B-Instruct_NCT01483118_inc_5_shot.json' gespeichert.
File: NCT01490034_exc 

Das File: /work/eauten2s/ec_criteria_struct/transform_chia/input/half_clinical_trials/NCT01490034_exc.txt wurde erfolgreich geladen.
Die Daten wurden erfolgreich in '/work/eauten2s/ec_criteria_struct/transform_chia/model_output/Llama-3-70B-Instruct_5_shot/Llama-3-70B-Instruct_NCT01490034_exc_5_shot.json' gespeichert.
File: NCT01490034_inc 

Das File: /work/eauten2s/ec_criteria_struct/transform_chia/input/half_clinical_trials/NCT01490034_inc.txt wurde erfolgreich geladen.
Die Daten wurden erfolgreich in '/work/eauten2s/ec_criteria_struct/transform_chia/model_output/Llama-3-70B-Instruct_5_shot/Llama-3-70B-Instruct_NCT01490034_inc_5_shot.json' gespeichert.
File: NCT01491295_exc 

Das File: /work/eauten2s/ec_criteria_struct/transform_chia/input/half_clinical_trials/NCT01491295_exc.txt wurde erfolgreich geladen.
Die Daten wurden erfolgreich in '/work/eauten2s/ec_criteria_struct/transform_chia/model_output/Llama-3-70B-Instruct_5_shot/Llama-3-70B-Instruct_NCT01491295_exc_5_shot.json' gespeichert.
File: NCT01491295_inc 

Das File: /work/eauten2s/ec_criteria_struct/transform_chia/input/half_clinical_trials/NCT01491295_inc.txt wurde erfolgreich geladen.
Die Daten wurden erfolgreich in '/work/eauten2s/ec_criteria_struct/transform_chia/model_output/Llama-3-70B-Instruct_5_shot/Llama-3-70B-Instruct_NCT01491295_inc_5_shot.json' gespeichert.
File: NCT01491763_exc 

Das File: /work/eauten2s/ec_criteria_struct/transform_chia/input/half_clinical_trials/NCT01491763_exc.txt wurde erfolgreich geladen.
Die Daten wurden erfolgreich in '/work/eauten2s/ec_criteria_struct/transform_chia/model_output/Llama-3-70B-Instruct_5_shot/Llama-3-70B-Instruct_NCT01491763_exc_5_shot.json' gespeichert.
File: NCT01491763_inc 

Das File: /work/eauten2s/ec_criteria_struct/transform_chia/input/half_clinical_trials/NCT01491763_inc.txt wurde erfolgreich geladen.
Die Daten wurden erfolgreich in '/work/eauten2s/ec_criteria_struct/transform_chia/model_output/Llama-3-70B-Instruct_5_shot/Llama-3-70B-Instruct_NCT01491763_inc_5_shot.json' gespeichert.
File: NCT01497639_exc 

Das File: /work/eauten2s/ec_criteria_struct/transform_chia/input/half_clinical_trials/NCT01497639_exc.txt wurde erfolgreich geladen.
Die Daten wurden erfolgreich in '/work/eauten2s/ec_criteria_struct/transform_chia/model_output/Llama-3-70B-Instruct_5_shot/Llama-3-70B-Instruct_NCT01497639_exc_5_shot.json' gespeichert.
File: NCT01497639_inc 

Das File: /work/eauten2s/ec_criteria_struct/transform_chia/input/half_clinical_trials/NCT01497639_inc.txt wurde erfolgreich geladen.
Die Daten wurden erfolgreich in '/work/eauten2s/ec_criteria_struct/transform_chia/model_output/Llama-3-70B-Instruct_5_shot/Llama-3-70B-Instruct_NCT01497639_inc_5_shot.json' gespeichert.
File: NCT01501201_exc 

Das File: /work/eauten2s/ec_criteria_struct/transform_chia/input/half_clinical_trials/NCT01501201_exc.txt wurde erfolgreich geladen.
Die Daten wurden erfolgreich in '/work/eauten2s/ec_criteria_struct/transform_chia/model_output/Llama-3-70B-Instruct_5_shot/Llama-3-70B-Instruct_NCT01501201_exc_5_shot.json' gespeichert.
File: NCT01501201_inc 

Das File: /work/eauten2s/ec_criteria_struct/transform_chia/input/half_clinical_trials/NCT01501201_inc.txt wurde erfolgreich geladen.
Die Daten wurden erfolgreich in '/work/eauten2s/ec_criteria_struct/transform_chia/model_output/Llama-3-70B-Instruct_5_shot/Llama-3-70B-Instruct_NCT01501201_inc_5_shot.json' gespeichert.
File: NCT01518946_exc 

Das File: /work/eauten2s/ec_criteria_struct/transform_chia/input/half_clinical_trials/NCT01518946_exc.txt wurde erfolgreich geladen.
Die Daten wurden erfolgreich in '/work/eauten2s/ec_criteria_struct/transform_chia/model_output/Llama-3-70B-Instruct_5_shot/Llama-3-70B-Instruct_NCT01518946_exc_5_shot.json' gespeichert.
File: NCT01518946_inc 

Das File: /work/eauten2s/ec_criteria_struct/transform_chia/input/half_clinical_trials/NCT01518946_inc.txt wurde erfolgreich geladen.
Die Daten wurden erfolgreich in '/work/eauten2s/ec_criteria_struct/transform_chia/model_output/Llama-3-70B-Instruct_5_shot/Llama-3-70B-Instruct_NCT01518946_inc_5_shot.json' gespeichert.
File: NCT01531257_exc 

Das File: /work/eauten2s/ec_criteria_struct/transform_chia/input/half_clinical_trials/NCT01531257_exc.txt wurde erfolgreich geladen.
Die Daten wurden erfolgreich in '/work/eauten2s/ec_criteria_struct/transform_chia/model_output/Llama-3-70B-Instruct_5_shot/Llama-3-70B-Instruct_NCT01531257_exc_5_shot.json' gespeichert.
File: NCT01531257_inc 

Das File: /work/eauten2s/ec_criteria_struct/transform_chia/input/half_clinical_trials/NCT01531257_inc.txt wurde erfolgreich geladen.
Die Daten wurden erfolgreich in '/work/eauten2s/ec_criteria_struct/transform_chia/model_output/Llama-3-70B-Instruct_5_shot/Llama-3-70B-Instruct_NCT01531257_inc_5_shot.json' gespeichert.
File: NCT01567605_exc 

Das File: /work/eauten2s/ec_criteria_struct/transform_chia/input/half_clinical_trials/NCT01567605_exc.txt wurde erfolgreich geladen.
Die Daten wurden erfolgreich in '/work/eauten2s/ec_criteria_struct/transform_chia/model_output/Llama-3-70B-Instruct_5_shot/Llama-3-70B-Instruct_NCT01567605_exc_5_shot.json' gespeichert.
File: NCT01567605_inc 

Das File: /work/eauten2s/ec_criteria_struct/transform_chia/input/half_clinical_trials/NCT01567605_inc.txt wurde erfolgreich geladen.
Die Daten wurden erfolgreich in '/work/eauten2s/ec_criteria_struct/transform_chia/model_output/Llama-3-70B-Instruct_5_shot/Llama-3-70B-Instruct_NCT01567605_inc_5_shot.json' gespeichert.
File: NCT01579604_exc 

Das File: /work/eauten2s/ec_criteria_struct/transform_chia/input/half_clinical_trials/NCT01579604_exc.txt wurde erfolgreich geladen.
Die Daten wurden erfolgreich in '/work/eauten2s/ec_criteria_struct/transform_chia/model_output/Llama-3-70B-Instruct_5_shot/Llama-3-70B-Instruct_NCT01579604_exc_5_shot.json' gespeichert.
File: NCT01579604_inc 

Das File: /work/eauten2s/ec_criteria_struct/transform_chia/input/half_clinical_trials/NCT01579604_inc.txt wurde erfolgreich geladen.
Die Daten wurden erfolgreich in '/work/eauten2s/ec_criteria_struct/transform_chia/model_output/Llama-3-70B-Instruct_5_shot/Llama-3-70B-Instruct_NCT01579604_inc_5_shot.json' gespeichert.
File: NCT01581749_exc 

Das File: /work/eauten2s/ec_criteria_struct/transform_chia/input/half_clinical_trials/NCT01581749_exc.txt wurde erfolgreich geladen.
Die Daten wurden erfolgreich in '/work/eauten2s/ec_criteria_struct/transform_chia/model_output/Llama-3-70B-Instruct_5_shot/Llama-3-70B-Instruct_NCT01581749_exc_5_shot.json' gespeichert.
File: NCT01581749_inc 

Das File: /work/eauten2s/ec_criteria_struct/transform_chia/input/half_clinical_trials/NCT01581749_inc.txt wurde erfolgreich geladen.
Die Daten wurden erfolgreich in '/work/eauten2s/ec_criteria_struct/transform_chia/model_output/Llama-3-70B-Instruct_5_shot/Llama-3-70B-Instruct_NCT01581749_inc_5_shot.json' gespeichert.
File: NCT01602081_exc 

Das File: /work/eauten2s/ec_criteria_struct/transform_chia/input/half_clinical_trials/NCT01602081_exc.txt wurde erfolgreich geladen.
Die Daten wurden erfolgreich in '/work/eauten2s/ec_criteria_struct/transform_chia/model_output/Llama-3-70B-Instruct_5_shot/Llama-3-70B-Instruct_NCT01602081_exc_5_shot.json' gespeichert.
File: NCT01602081_inc 

Das File: /work/eauten2s/ec_criteria_struct/transform_chia/input/half_clinical_trials/NCT01602081_inc.txt wurde erfolgreich geladen.
Die Daten wurden erfolgreich in '/work/eauten2s/ec_criteria_struct/transform_chia/model_output/Llama-3-70B-Instruct_5_shot/Llama-3-70B-Instruct_NCT01602081_inc_5_shot.json' gespeichert.
File: NCT01604187_exc 

Das File: /work/eauten2s/ec_criteria_struct/transform_chia/input/half_clinical_trials/NCT01604187_exc.txt wurde erfolgreich geladen.
Die Daten wurden erfolgreich in '/work/eauten2s/ec_criteria_struct/transform_chia/model_output/Llama-3-70B-Instruct_5_shot/Llama-3-70B-Instruct_NCT01604187_exc_5_shot.json' gespeichert.
File: NCT01604187_inc 

Das File: /work/eauten2s/ec_criteria_struct/transform_chia/input/half_clinical_trials/NCT01604187_inc.txt wurde erfolgreich geladen.
Die Daten wurden erfolgreich in '/work/eauten2s/ec_criteria_struct/transform_chia/model_output/Llama-3-70B-Instruct_5_shot/Llama-3-70B-Instruct_NCT01604187_inc_5_shot.json' gespeichert.
File: NCT01614041_exc 

Das File: /work/eauten2s/ec_criteria_struct/transform_chia/input/half_clinical_trials/NCT01614041_exc.txt wurde erfolgreich geladen.
Die Daten wurden erfolgreich in '/work/eauten2s/ec_criteria_struct/transform_chia/model_output/Llama-3-70B-Instruct_5_shot/Llama-3-70B-Instruct_NCT01614041_exc_5_shot.json' gespeichert.
File: NCT01614041_inc 

Das File: /work/eauten2s/ec_criteria_struct/transform_chia/input/half_clinical_trials/NCT01614041_inc.txt wurde erfolgreich geladen.
Die Daten wurden erfolgreich in '/work/eauten2s/ec_criteria_struct/transform_chia/model_output/Llama-3-70B-Instruct_5_shot/Llama-3-70B-Instruct_NCT01614041_inc_5_shot.json' gespeichert.
File: NCT01630954_exc 

Das File: /work/eauten2s/ec_criteria_struct/transform_chia/input/half_clinical_trials/NCT01630954_exc.txt wurde erfolgreich geladen.
Die Daten wurden erfolgreich in '/work/eauten2s/ec_criteria_struct/transform_chia/model_output/Llama-3-70B-Instruct_5_shot/Llama-3-70B-Instruct_NCT01630954_exc_5_shot.json' gespeichert.
File: NCT01630954_inc 

Das File: /work/eauten2s/ec_criteria_struct/transform_chia/input/half_clinical_trials/NCT01630954_inc.txt wurde erfolgreich geladen.
Die Daten wurden erfolgreich in '/work/eauten2s/ec_criteria_struct/transform_chia/model_output/Llama-3-70B-Instruct_5_shot/Llama-3-70B-Instruct_NCT01630954_inc_5_shot.json' gespeichert.
File: NCT01631058_exc 

Das File: /work/eauten2s/ec_criteria_struct/transform_chia/input/half_clinical_trials/NCT01631058_exc.txt wurde erfolgreich geladen.
Die Daten wurden erfolgreich in '/work/eauten2s/ec_criteria_struct/transform_chia/model_output/Llama-3-70B-Instruct_5_shot/Llama-3-70B-Instruct_NCT01631058_exc_5_shot.json' gespeichert.
File: NCT01631058_inc 

Das File: /work/eauten2s/ec_criteria_struct/transform_chia/input/half_clinical_trials/NCT01631058_inc.txt wurde erfolgreich geladen.
Die Daten wurden erfolgreich in '/work/eauten2s/ec_criteria_struct/transform_chia/model_output/Llama-3-70B-Instruct_5_shot/Llama-3-70B-Instruct_NCT01631058_inc_5_shot.json' gespeichert.
File: NCT01639664_exc 

Das File: /work/eauten2s/ec_criteria_struct/transform_chia/input/half_clinical_trials/NCT01639664_exc.txt wurde erfolgreich geladen.
Die Daten wurden erfolgreich in '/work/eauten2s/ec_criteria_struct/transform_chia/model_output/Llama-3-70B-Instruct_5_shot/Llama-3-70B-Instruct_NCT01639664_exc_5_shot.json' gespeichert.
File: NCT01639664_inc 

Das File: /work/eauten2s/ec_criteria_struct/transform_chia/input/half_clinical_trials/NCT01639664_inc.txt wurde erfolgreich geladen.
Die Daten wurden erfolgreich in '/work/eauten2s/ec_criteria_struct/transform_chia/model_output/Llama-3-70B-Instruct_5_shot/Llama-3-70B-Instruct_NCT01639664_inc_5_shot.json' gespeichert.
File: NCT01642875_exc 

Das File: /work/eauten2s/ec_criteria_struct/transform_chia/input/half_clinical_trials/NCT01642875_exc.txt wurde erfolgreich geladen.
Die Daten wurden erfolgreich in '/work/eauten2s/ec_criteria_struct/transform_chia/model_output/Llama-3-70B-Instruct_5_shot/Llama-3-70B-Instruct_NCT01642875_exc_5_shot.json' gespeichert.
File: NCT01642875_inc 

Das File: /work/eauten2s/ec_criteria_struct/transform_chia/input/half_clinical_trials/NCT01642875_inc.txt wurde erfolgreich geladen.
Die Daten wurden erfolgreich in '/work/eauten2s/ec_criteria_struct/transform_chia/model_output/Llama-3-70B-Instruct_5_shot/Llama-3-70B-Instruct_NCT01642875_inc_5_shot.json' gespeichert.
File: NCT01650792_exc 

Das File: /work/eauten2s/ec_criteria_struct/transform_chia/input/half_clinical_trials/NCT01650792_exc.txt wurde erfolgreich geladen.
Die Daten wurden erfolgreich in '/work/eauten2s/ec_criteria_struct/transform_chia/model_output/Llama-3-70B-Instruct_5_shot/Llama-3-70B-Instruct_NCT01650792_exc_5_shot.json' gespeichert.
File: NCT01650792_inc 

Das File: /work/eauten2s/ec_criteria_struct/transform_chia/input/half_clinical_trials/NCT01650792_inc.txt wurde erfolgreich geladen.
Die Daten wurden erfolgreich in '/work/eauten2s/ec_criteria_struct/transform_chia/model_output/Llama-3-70B-Instruct_5_shot/Llama-3-70B-Instruct_NCT01650792_inc_5_shot.json' gespeichert.
File: NCT01664507_exc 

Das File: /work/eauten2s/ec_criteria_struct/transform_chia/input/half_clinical_trials/NCT01664507_exc.txt wurde erfolgreich geladen.
Die Daten wurden erfolgreich in '/work/eauten2s/ec_criteria_struct/transform_chia/model_output/Llama-3-70B-Instruct_5_shot/Llama-3-70B-Instruct_NCT01664507_exc_5_shot.json' gespeichert.
File: NCT01664507_inc 

Das File: /work/eauten2s/ec_criteria_struct/transform_chia/input/half_clinical_trials/NCT01664507_inc.txt wurde erfolgreich geladen.
Die Daten wurden erfolgreich in '/work/eauten2s/ec_criteria_struct/transform_chia/model_output/Llama-3-70B-Instruct_5_shot/Llama-3-70B-Instruct_NCT01664507_inc_5_shot.json' gespeichert.
File: NCT01665417_exc 

Das File: /work/eauten2s/ec_criteria_struct/transform_chia/input/half_clinical_trials/NCT01665417_exc.txt wurde erfolgreich geladen.
Die Daten wurden erfolgreich in '/work/eauten2s/ec_criteria_struct/transform_chia/model_output/Llama-3-70B-Instruct_5_shot/Llama-3-70B-Instruct_NCT01665417_exc_5_shot.json' gespeichert.
File: NCT01665417_inc 

Das File: /work/eauten2s/ec_criteria_struct/transform_chia/input/half_clinical_trials/NCT01665417_inc.txt wurde erfolgreich geladen.
Die Daten wurden erfolgreich in '/work/eauten2s/ec_criteria_struct/transform_chia/model_output/Llama-3-70B-Instruct_5_shot/Llama-3-70B-Instruct_NCT01665417_inc_5_shot.json' gespeichert.
File: NCT01669369_exc 

Das File: /work/eauten2s/ec_criteria_struct/transform_chia/input/half_clinical_trials/NCT01669369_exc.txt wurde erfolgreich geladen.
Die Daten wurden erfolgreich in '/work/eauten2s/ec_criteria_struct/transform_chia/model_output/Llama-3-70B-Instruct_5_shot/Llama-3-70B-Instruct_NCT01669369_exc_5_shot.json' gespeichert.
File: NCT01669369_inc 

Das File: /work/eauten2s/ec_criteria_struct/transform_chia/input/half_clinical_trials/NCT01669369_inc.txt wurde erfolgreich geladen.
Die Daten wurden erfolgreich in '/work/eauten2s/ec_criteria_struct/transform_chia/model_output/Llama-3-70B-Instruct_5_shot/Llama-3-70B-Instruct_NCT01669369_inc_5_shot.json' gespeichert.
File: NCT01680081_exc 

Das File: /work/eauten2s/ec_criteria_struct/transform_chia/input/half_clinical_trials/NCT01680081_exc.txt wurde erfolgreich geladen.
Die Daten wurden erfolgreich in '/work/eauten2s/ec_criteria_struct/transform_chia/model_output/Llama-3-70B-Instruct_5_shot/Llama-3-70B-Instruct_NCT01680081_exc_5_shot.json' gespeichert.
File: NCT01680081_inc 

Das File: /work/eauten2s/ec_criteria_struct/transform_chia/input/half_clinical_trials/NCT01680081_inc.txt wurde erfolgreich geladen.
Die Daten wurden erfolgreich in '/work/eauten2s/ec_criteria_struct/transform_chia/model_output/Llama-3-70B-Instruct_5_shot/Llama-3-70B-Instruct_NCT01680081_inc_5_shot.json' gespeichert.
File: NCT01684501_exc 

Das File: /work/eauten2s/ec_criteria_struct/transform_chia/input/half_clinical_trials/NCT01684501_exc.txt wurde erfolgreich geladen.
Die Daten wurden erfolgreich in '/work/eauten2s/ec_criteria_struct/transform_chia/model_output/Llama-3-70B-Instruct_5_shot/Llama-3-70B-Instruct_NCT01684501_exc_5_shot.json' gespeichert.
File: NCT01684501_inc 

Das File: /work/eauten2s/ec_criteria_struct/transform_chia/input/half_clinical_trials/NCT01684501_inc.txt wurde erfolgreich geladen.
Die Daten wurden erfolgreich in '/work/eauten2s/ec_criteria_struct/transform_chia/model_output/Llama-3-70B-Instruct_5_shot/Llama-3-70B-Instruct_NCT01684501_inc_5_shot.json' gespeichert.
File: NCT01696617_exc 

Das File: /work/eauten2s/ec_criteria_struct/transform_chia/input/half_clinical_trials/NCT01696617_exc.txt wurde erfolgreich geladen.
Die Daten wurden erfolgreich in '/work/eauten2s/ec_criteria_struct/transform_chia/model_output/Llama-3-70B-Instruct_5_shot/Llama-3-70B-Instruct_NCT01696617_exc_5_shot.json' gespeichert.
File: NCT01696617_inc 

Das File: /work/eauten2s/ec_criteria_struct/transform_chia/input/half_clinical_trials/NCT01696617_inc.txt wurde erfolgreich geladen.
Die Daten wurden erfolgreich in '/work/eauten2s/ec_criteria_struct/transform_chia/model_output/Llama-3-70B-Instruct_5_shot/Llama-3-70B-Instruct_NCT01696617_inc_5_shot.json' gespeichert.
File: NCT01700790_exc 

Das File: /work/eauten2s/ec_criteria_struct/transform_chia/input/half_clinical_trials/NCT01700790_exc.txt wurde erfolgreich geladen.
Die Daten wurden erfolgreich in '/work/eauten2s/ec_criteria_struct/transform_chia/model_output/Llama-3-70B-Instruct_5_shot/Llama-3-70B-Instruct_NCT01700790_exc_5_shot.json' gespeichert.
File: NCT01700790_inc 

Das File: /work/eauten2s/ec_criteria_struct/transform_chia/input/half_clinical_trials/NCT01700790_inc.txt wurde erfolgreich geladen.
Die Daten wurden erfolgreich in '/work/eauten2s/ec_criteria_struct/transform_chia/model_output/Llama-3-70B-Instruct_5_shot/Llama-3-70B-Instruct_NCT01700790_inc_5_shot.json' gespeichert.
File: NCT01701219_exc 

Das File: /work/eauten2s/ec_criteria_struct/transform_chia/input/half_clinical_trials/NCT01701219_exc.txt wurde erfolgreich geladen.
Die Daten wurden erfolgreich in '/work/eauten2s/ec_criteria_struct/transform_chia/model_output/Llama-3-70B-Instruct_5_shot/Llama-3-70B-Instruct_NCT01701219_exc_5_shot.json' gespeichert.
File: NCT01701219_inc 

Das File: /work/eauten2s/ec_criteria_struct/transform_chia/input/half_clinical_trials/NCT01701219_inc.txt wurde erfolgreich geladen.
Die Daten wurden erfolgreich in '/work/eauten2s/ec_criteria_struct/transform_chia/model_output/Llama-3-70B-Instruct_5_shot/Llama-3-70B-Instruct_NCT01701219_inc_5_shot.json' gespeichert.
File: NCT01709981_exc 

Das File: /work/eauten2s/ec_criteria_struct/transform_chia/input/half_clinical_trials/NCT01709981_exc.txt wurde erfolgreich geladen.
Die Daten wurden erfolgreich in '/work/eauten2s/ec_criteria_struct/transform_chia/model_output/Llama-3-70B-Instruct_5_shot/Llama-3-70B-Instruct_NCT01709981_exc_5_shot.json' gespeichert.
File: NCT01709981_inc 

Das File: /work/eauten2s/ec_criteria_struct/transform_chia/input/half_clinical_trials/NCT01709981_inc.txt wurde erfolgreich geladen.
Die Daten wurden erfolgreich in '/work/eauten2s/ec_criteria_struct/transform_chia/model_output/Llama-3-70B-Instruct_5_shot/Llama-3-70B-Instruct_NCT01709981_inc_5_shot.json' gespeichert.
File: NCT01711801_exc 

Das File: /work/eauten2s/ec_criteria_struct/transform_chia/input/half_clinical_trials/NCT01711801_exc.txt wurde erfolgreich geladen.
Die Daten wurden erfolgreich in '/work/eauten2s/ec_criteria_struct/transform_chia/model_output/Llama-3-70B-Instruct_5_shot/Llama-3-70B-Instruct_NCT01711801_exc_5_shot.json' gespeichert.
File: NCT01711801_inc 

Das File: /work/eauten2s/ec_criteria_struct/transform_chia/input/half_clinical_trials/NCT01711801_inc.txt wurde erfolgreich geladen.
Die Daten wurden erfolgreich in '/work/eauten2s/ec_criteria_struct/transform_chia/model_output/Llama-3-70B-Instruct_5_shot/Llama-3-70B-Instruct_NCT01711801_inc_5_shot.json' gespeichert.
File: NCT01715584_exc 

Das File: /work/eauten2s/ec_criteria_struct/transform_chia/input/half_clinical_trials/NCT01715584_exc.txt wurde erfolgreich geladen.
Die Daten wurden erfolgreich in '/work/eauten2s/ec_criteria_struct/transform_chia/model_output/Llama-3-70B-Instruct_5_shot/Llama-3-70B-Instruct_NCT01715584_exc_5_shot.json' gespeichert.
File: NCT01715584_inc 

Das File: /work/eauten2s/ec_criteria_struct/transform_chia/input/half_clinical_trials/NCT01715584_inc.txt wurde erfolgreich geladen.
Die Daten wurden erfolgreich in '/work/eauten2s/ec_criteria_struct/transform_chia/model_output/Llama-3-70B-Instruct_5_shot/Llama-3-70B-Instruct_NCT01715584_inc_5_shot.json' gespeichert.
File: NCT01715714_exc 

Das File: /work/eauten2s/ec_criteria_struct/transform_chia/input/half_clinical_trials/NCT01715714_exc.txt wurde erfolgreich geladen.
Die Daten wurden erfolgreich in '/work/eauten2s/ec_criteria_struct/transform_chia/model_output/Llama-3-70B-Instruct_5_shot/Llama-3-70B-Instruct_NCT01715714_exc_5_shot.json' gespeichert.
File: NCT01715714_inc 

Das File: /work/eauten2s/ec_criteria_struct/transform_chia/input/half_clinical_trials/NCT01715714_inc.txt wurde erfolgreich geladen.
Die Daten wurden erfolgreich in '/work/eauten2s/ec_criteria_struct/transform_chia/model_output/Llama-3-70B-Instruct_5_shot/Llama-3-70B-Instruct_NCT01715714_inc_5_shot.json' gespeichert.
File: NCT01717911_exc 

Das File: /work/eauten2s/ec_criteria_struct/transform_chia/input/half_clinical_trials/NCT01717911_exc.txt wurde erfolgreich geladen.
Die Daten wurden erfolgreich in '/work/eauten2s/ec_criteria_struct/transform_chia/model_output/Llama-3-70B-Instruct_5_shot/Llama-3-70B-Instruct_NCT01717911_exc_5_shot.json' gespeichert.
File: NCT01717911_inc 

Das File: /work/eauten2s/ec_criteria_struct/transform_chia/input/half_clinical_trials/NCT01717911_inc.txt wurde erfolgreich geladen.
Die Daten wurden erfolgreich in '/work/eauten2s/ec_criteria_struct/transform_chia/model_output/Llama-3-70B-Instruct_5_shot/Llama-3-70B-Instruct_NCT01717911_inc_5_shot.json' gespeichert.
File: NCT01720394_exc 

Das File: /work/eauten2s/ec_criteria_struct/transform_chia/input/half_clinical_trials/NCT01720394_exc.txt wurde erfolgreich geladen.
Die Daten wurden erfolgreich in '/work/eauten2s/ec_criteria_struct/transform_chia/model_output/Llama-3-70B-Instruct_5_shot/Llama-3-70B-Instruct_NCT01720394_exc_5_shot.json' gespeichert.
File: NCT01720394_inc 

Das File: /work/eauten2s/ec_criteria_struct/transform_chia/input/half_clinical_trials/NCT01720394_inc.txt wurde erfolgreich geladen.
Die Daten wurden erfolgreich in '/work/eauten2s/ec_criteria_struct/transform_chia/model_output/Llama-3-70B-Instruct_5_shot/Llama-3-70B-Instruct_NCT01720394_inc_5_shot.json' gespeichert.
File: NCT01728194_exc 

Das File: /work/eauten2s/ec_criteria_struct/transform_chia/input/half_clinical_trials/NCT01728194_exc.txt wurde erfolgreich geladen.
Die Daten wurden erfolgreich in '/work/eauten2s/ec_criteria_struct/transform_chia/model_output/Llama-3-70B-Instruct_5_shot/Llama-3-70B-Instruct_NCT01728194_exc_5_shot.json' gespeichert.
File: NCT01728194_inc 

Das File: /work/eauten2s/ec_criteria_struct/transform_chia/input/half_clinical_trials/NCT01728194_inc.txt wurde erfolgreich geladen.
Die Daten wurden erfolgreich in '/work/eauten2s/ec_criteria_struct/transform_chia/model_output/Llama-3-70B-Instruct_5_shot/Llama-3-70B-Instruct_NCT01728194_inc_5_shot.json' gespeichert.
File: NCT01735955_exc 

Das File: /work/eauten2s/ec_criteria_struct/transform_chia/input/half_clinical_trials/NCT01735955_exc.txt wurde erfolgreich geladen.
Die Daten wurden erfolgreich in '/work/eauten2s/ec_criteria_struct/transform_chia/model_output/Llama-3-70B-Instruct_5_shot/Llama-3-70B-Instruct_NCT01735955_exc_5_shot.json' gespeichert.
File: NCT01735955_inc 

Das File: /work/eauten2s/ec_criteria_struct/transform_chia/input/half_clinical_trials/NCT01735955_inc.txt wurde erfolgreich geladen.
Die Daten wurden erfolgreich in '/work/eauten2s/ec_criteria_struct/transform_chia/model_output/Llama-3-70B-Instruct_5_shot/Llama-3-70B-Instruct_NCT01735955_inc_5_shot.json' gespeichert.
File: NCT01742117_exc 

Das File: /work/eauten2s/ec_criteria_struct/transform_chia/input/half_clinical_trials/NCT01742117_exc.txt wurde erfolgreich geladen.
Die Daten wurden erfolgreich in '/work/eauten2s/ec_criteria_struct/transform_chia/model_output/Llama-3-70B-Instruct_5_shot/Llama-3-70B-Instruct_NCT01742117_exc_5_shot.json' gespeichert.
File: NCT01742117_inc 

Das File: /work/eauten2s/ec_criteria_struct/transform_chia/input/half_clinical_trials/NCT01742117_inc.txt wurde erfolgreich geladen.
Die Daten wurden erfolgreich in '/work/eauten2s/ec_criteria_struct/transform_chia/model_output/Llama-3-70B-Instruct_5_shot/Llama-3-70B-Instruct_NCT01742117_inc_5_shot.json' gespeichert.
File: NCT01743755_exc 

Das File: /work/eauten2s/ec_criteria_struct/transform_chia/input/half_clinical_trials/NCT01743755_exc.txt wurde erfolgreich geladen.
Die Daten wurden erfolgreich in '/work/eauten2s/ec_criteria_struct/transform_chia/model_output/Llama-3-70B-Instruct_5_shot/Llama-3-70B-Instruct_NCT01743755_exc_5_shot.json' gespeichert.
File: NCT01743755_inc 

Das File: /work/eauten2s/ec_criteria_struct/transform_chia/input/half_clinical_trials/NCT01743755_inc.txt wurde erfolgreich geladen.
Die Daten wurden erfolgreich in '/work/eauten2s/ec_criteria_struct/transform_chia/model_output/Llama-3-70B-Instruct_5_shot/Llama-3-70B-Instruct_NCT01743755_inc_5_shot.json' gespeichert.
File: NCT01757717_exc 

Das File: /work/eauten2s/ec_criteria_struct/transform_chia/input/half_clinical_trials/NCT01757717_exc.txt wurde erfolgreich geladen.
Die Daten wurden erfolgreich in '/work/eauten2s/ec_criteria_struct/transform_chia/model_output/Llama-3-70B-Instruct_5_shot/Llama-3-70B-Instruct_NCT01757717_exc_5_shot.json' gespeichert.
File: NCT01757717_inc 

Das File: /work/eauten2s/ec_criteria_struct/transform_chia/input/half_clinical_trials/NCT01757717_inc.txt wurde erfolgreich geladen.
Die Daten wurden erfolgreich in '/work/eauten2s/ec_criteria_struct/transform_chia/model_output/Llama-3-70B-Instruct_5_shot/Llama-3-70B-Instruct_NCT01757717_inc_5_shot.json' gespeichert.
File: NCT01765231_exc 

Das File: /work/eauten2s/ec_criteria_struct/transform_chia/input/half_clinical_trials/NCT01765231_exc.txt wurde erfolgreich geladen.
Die Daten wurden erfolgreich in '/work/eauten2s/ec_criteria_struct/transform_chia/model_output/Llama-3-70B-Instruct_5_shot/Llama-3-70B-Instruct_NCT01765231_exc_5_shot.json' gespeichert.
