Hier fängt die Pipeline an
Pipeline fertig
File: NCT00050349_exc 

Das File: /work/eauten2s/ec_criteria_struct/transform_chia/input/half_clinical_trials/NCT00050349_exc.txt wurde erfolgreich geladen.

 Llama-3-8B-Instruct Output: 
  "{\n  \"AND\": {\n    \"left\": {\n      \"OR\": {\n        \"left\": {\n          \"raw_text\": \"Patients with symptomatic CNS metastases\",\n          \"Condition\": [\n            \"CNS metastases\"\n          ],\n          \"Qualifier\": [\n            \"symptomatic\"\n          ]\n        },\n        \"right\": {\n          \"raw_text\": \"or leptomeningeal involvement\",\n          \"Condition\": [\n            \"leptomeningeal involvement\"\n          ]\n        }\n      }\n    },\n    \"right\": {\n      \"AND\": {\n        \"left\": {\n          \"OR\": {\n            \"left\": {\n              \"raw_text\": \"Patients with known brain metastases\",\n              \"Condition\": [\n                \"brain metastases\"\n              ]\n            },\n            \"right\": {\n              \"NOT\": {\n                \"left\": {\n                  \"AND\": {\n                    \"left\": {\n                      \"raw_text\": \"unless these metastases have been treated\",\n                      \"Procedure\": [\n                        \"treated\"\n                      ]\n                    },\n                    \"right\": {\n                      \"AND\": {\n                        \"left\": {\n                          \"raw_text\": \"and/or have been stable for at least six months prior to study start.\",\n                          \"Temporal\": [\n                            \"at least six months prior to study start\"\n                          ],\n                          \"Qualifier\": [\n                            \"stable\"\n                          ]\n                        }\n                      }\n                    }\n                  }\n                }\n              }\n            }\n          },\n          \"right\": {\n            \"AND\": {\n              \"left\": {\n                \"raw_text\": \"Subjects with a history of brain metastases must have a head CT with contrast\",\n                \"Procedure\": [\n                  \"head CT with contrast\"\n                ],\n                \"Condition\": [\n                  \"brain metastases\"\n                ],\n                \"Temporal\": [\n                  \"must have\"\n                ]\n              },\n              \"right\": {\n                \"raw_text\": \"to document either response or progression.\",\n                \"Measurement\": [\n                  \"response or progression\"\n                ],\n                \"Reference_point\": [\n                  \"head CT with contrast\"\n                ]\n              }\n            }\n          }\n        }\n      }\n    }\n  }\n}" 

Die Daten wurden erfolgreich in '/work/eauten2s/ec_criteria_struct/transform_chia/model_output/p3_output/Llama-3-8B-Instruct_4_shot/Llama-3-8B-Instruct_NCT00050349_exc_4_shot.json' gespeichert.
File: NCT00050349_inc 

Das File: /work/eauten2s/ec_criteria_struct/transform_chia/input/half_clinical_trials/NCT00050349_inc.txt wurde erfolgreich geladen.

 Llama-3-8B-Instruct Output: 
  Here is the study in JSON format with logical operators:

```
{
  "AND": {
    "left": {
      "AND": {
        "left": {
          "raw_text": "Patients with biopsy-proven metastatic carcinoid tumors",
          "Procedure": ["biopsy"],
          "Condition": ["metastatic carcinoid tumors", "other neuroendocrine tumors"],
          "Value": ["biopsy-proven"]
        },
        "right": {
          "OR": {
            "left": {
              "raw_text": "or other neuroendocrine tumors (Islet cell, Gastrinomas and VIPomas)"
            }
          }
        }
      }
    },
    "right": {
      "AND": {
        "left": {
          "raw_text": "with at least one measurable lesion (other than bone) that has either not been previously irradiated or if previously irradiated has demonstrated progression since the radiation therapy"
        }
      }
    }
  },
  "AND": {
    "left": {
      "raw_text": "The patient has no major impairment of renal or hepatic function, as defined by the following laboratory parameters: total bilirubin <1.5 X ULN; AST, ALT<2.5X ULN (<5 X ULN if liver metastases are present)"
    }
  },
  "AND": {
    "left": {
      "raw_text": "Patients on Sandostatin Lar (long acting somatostatin analogue) must be on a stable dose for 30 days prior to study entry and short acting somatostatin analogues must be judged to be on a clinically stable dose by the investigator prior to study entry"
    }
  },
  "AND": {
    "left": {
      "raw_text": "Must have a life expectancy of greater than three (3) months"
    }
  },
  "AND": {
    "left": {
      "raw_text": "Karnofsky Performance Status > 60"
    }
  },
  "AND": {
    "left": {
      "OR": {
        "left": {
          "raw_text": "Female patients must have a negative serum pregnancy test at screening. (Not applicable to patients with bilateral oophorectomy and/or hysterectomy or to those patients who are postmenopausal.)"
        }
      }
    }
  }
}
```

Entities:

* Patients
* Biopsy-proven metastatic carcinoid tumors
* Other neuroendocrine tumors
* Islet cell
* Gastrinomas
* VIPomas
* Sandostatin Lar
* Long acting somatostatin analogue
* Short acting somatostatin analogues
* Karnofsky Performance Status
* Serum pregnancy test
* Bilateral oophorectomy
* Hysterectomy
* Postmenopausal

Relations:

* Patients have biopsy-proven metastatic carcinoid tumors or other neuroendocrine tumors
* Patients have at least one measurable lesion (other than bone)
* Patients have no major impairment of renal or hepatic function
* Patients on Sandostatin Lar must be on a stable dose for 30 days prior to study entry
* Patients must have a life expectancy of greater than three (3) months
* Patients must have a Karnofsky Performance Status > 60
* Female patients must have a negative serum pregnancy test at screening 

Die Daten wurden erfolgreich in '/work/eauten2s/ec_criteria_struct/transform_chia/model_output/p3_output/Llama-3-8B-Instruct_4_shot/Llama-3-8B-Instruct_NCT00050349_inc_4_shot.json' gespeichert.
File: NCT00061308_exc 

Das File: /work/eauten2s/ec_criteria_struct/transform_chia/input/half_clinical_trials/NCT00061308_exc.txt wurde erfolgreich geladen.

 Llama-3-8B-Instruct Output: 
  Here is the study in JSON format with logical operators:

```
{
  "AND": {
    "left": {
      "AND": {
        "left": {
          "raw_text": "Women of child-bearing potential",
          "Person": ["Women"],
          "Condition": ["child-bearing potential"]
        },
        "right": {
          "NOT": {
            "left": {
              "raw_text": "that do not practice adequate contraception.",
              "Negation": ["do not"],
              "Procedure": ["adequate contraception"]
            }
          }
        }
      }
    },
    "right": {
      "OR": {
        "left": {
          "raw_text": "Pregnant",
          "Condition": ["Pregnant"]
        },
        "right": {
          "raw_text": "or lactating."
        }
      }
    }
  },
  "AND": {
    "left": {
      "raw_text": "Received more than one primary chemotherapy regimen."
    },
    "right": {
      "AND": {
        "left": {
          "OR": {
            "left": {
              "raw_text": "Concomitant"
            },
            "right": {
              "raw_text": "or previous malignancies"
            }
          }
        },
        "right": {
          "NOT": {
            "left": {
              "OR": {
                "left": {
                  "raw_text": "with the exception of adequately treated basal cell"
                },
                "right": {
                  "OR": {
                    "left": {
                      "raw_text": "or squamous cell skin cancer"
                    },
                    "right": {
                      "OR": {
                        "left": {
                          "raw_text": ", in situ cervical cancer"
                        },
                        "right": {
                          "OR": {
                            "left": {
                              "raw_text": ", incidental carcinoid"
                            },
                            "right": {
                              "raw_text": ", or other cancer from which the patient has been disease free for 5 years."
                            }
                          }
                        }
                      }
                    }
                  }
                }
              }
            }
          }
        }
      }
    }
  },
  "AND": {
    "left": {
      "raw_text": "Active uncontrolled infection requiring antibiotics."
    },
    "right": {
      "AND": {
        "left": {
          "raw_text": "Concurrent severe medical problems unrelated to the malignancy which would limit full compliance with the study."
        },
        "right": {
          "AND": {
            "left": {
              "raw_text": "Received radiation to more than 10% of bone."
            },
            "right": {
              "AND": {
                "left": {
                  "OR": {
                    "left": {
                      "raw_text": "Prior treatment with topotecan"
                    },
                    "right": {
                      "raw_text": "or gemcitabine."
                    }
                  }
                },
                "right": {
                  "AND": {
                    "left": {
                      "OR": {
                        "left": {
                          "raw_text": "Hypersensitivity to camptothecin"
                        },
                        "right": {
                          "raw_text": "or nucleoside analogues."
                        }
                      }
                    },
                    "right": {
                      "raw_text": "Use of an investigational agent within 30 days."
                    }
                  }
                }
              }
            }
          }
        }
      }
    }
  }
}
```

Entities:

* Women
* Child-bearing potential
* Pregnancy
* Lactation
* Chemotherapy regimen
* Malignancy
* Basal cell skin cancer
* Squamous cell skin cancer
* In situ cervical cancer
* Incidental carcinoid
* Other cancer
* Antibiotics
* Radiation
* Topotecan
* Gemcitabine
* Camptothecin
* Nucleoside analogues
* Investigational agent
* Medical problems
* Study

Relations:

* Women of child-bearing potential -> do not practice adequate contraception
* Pregnant or lactating -> do not practice adequate contraception
* Received more than one primary chemotherapy regimen -> received radiation to more than 10% of bone
* Concomitant or previous malignancies -> with the exception of adequately treated basal cell or squamous cell skin cancer
* Active uncontrolled infection -> requiring antibiotics
* Concurrent severe medical problems -> unrelated to the malignancy
* Received radiation -> to more than 10% of bone
* Prior treatment -> with topotecan or gemcitabine
* Hypersensitivity -> to camptothecin or nucleoside analogues
* Use of investigational agent -> within 30 days 

Die Daten wurden erfolgreich in '/work/eauten2s/ec_criteria_struct/transform_chia/model_output/p3_output/Llama-3-8B-Instruct_4_shot/Llama-3-8B-Instruct_NCT00061308_exc_4_shot.json' gespeichert.
File: NCT00061308_inc 

Das File: /work/eauten2s/ec_criteria_struct/transform_chia/input/half_clinical_trials/NCT00061308_inc.txt wurde erfolgreich geladen.

 Llama-3-8B-Instruct Output: 
  Here is the JSON representation of the study:

```
{
  "AND": {
    "left": {
      "AND": {
        "left": {
          "raw_text": "Have had one prior platinum-based chemotherapy regimen",
          "Drug": ["platinum-based chemotherapy regimen", "platinum"],
          "Temporal": ["prior"]
        },
        "right": {
          "raw_text": "for the treatment of primary disease.",
          "Condition": ["primary disease"],
          "Value": [""]
        }
      }
    },
    "right": {
      "AND": {
        "left": {
          "OR": {
            "left": {
              "raw_text": "At least 4 weeks since last surgery",
              "Reference_point": ["last surgery"]
            },
            "right": {
              "raw_text": "or radiation therapy.",
              "Reference_point": ["radiation therapy"],
              "Value": [""]
            }
          }
        },
        "right": {
          "AND": {
            "left": {
              "raw_text": "Must have had a treatment-free interval of greater than 6 months following response to platinum.",
              "Condition": ["a treatment-free interval"],
              "Temporal": ["greater than 6 months following response to platinum"],
              "Reference_point": ["response to platinum"],
              "Drug": ["platinum"],
              "Value": [""]
            },
            "right": {
              "AND": {
                "left": {
                  "OR": {
                    "left": {
                      "raw_text": "ECOG performance status of 0",
                      "Measurement": ["ECOG performance status"],
                      "Value": ["0"]
                    },
                    "right": {
                      "OR": {
                        "left": {
                          "raw_text": ",1"
                        },
                        "right": {
                          "raw_text": ", or 2.",
                          "Value": [""]
                        }
                      }
                    }
                  }
                }
              }
            }
          }
        }
      }
    }
  }
}
```

Entities:

* Platinum-based chemotherapy regimen
* Primary disease
* Surgery
* Radiation therapy
* Treatment-free interval
* Response to platinum
* ECOG performance status

Relations:

* "Have had one prior platinum-based chemotherapy regimen" is related to "for the treatment of primary disease."
* "At least 4 weeks since last surgery or radiation therapy" is related to the timing of the surgery or radiation therapy.
* "Must have had a treatment-free interval of greater than 6 months following response to platinum" is related to the treatment-free interval and the response to platinum.
* "ECOG performance status of 0,1, or 2" is related to the ECOG performance status. 

Die Daten wurden erfolgreich in '/work/eauten2s/ec_criteria_struct/transform_chia/model_output/p3_output/Llama-3-8B-Instruct_4_shot/Llama-3-8B-Instruct_NCT00061308_inc_4_shot.json' gespeichert.
File: NCT00094861_exc 

Das File: /work/eauten2s/ec_criteria_struct/transform_chia/input/half_clinical_trials/NCT00094861_exc.txt wurde erfolgreich geladen.

 Llama-3-8B-Instruct Output: 
  Here is the study in JSON format with logical operators:

```
{
  "AND": {
    "left": {
      "OR": {
        "left": {
          "raw_text": "Metastatic disease (M1)/stage 4 NSCLC",
          "Condition": [
            "Metastatic disease",
            "stage 4 NSCLC"
          ]
        }
      }
    },
    "right": {
      "AND": {
        "left": {
          "OR": {
            "left": {
              "raw_text": "Pleural or pericardial effusion greater than 100 ml in volume as documented by appropriate imaging",
              "Condition": [
                "Pleural effusion",
                "pericardial effusion"
              ]
            },
            "right": {
              "raw_text": "as documented by positron emission tomography [PET], computed tomography [CT] scan or ultrasound",
              "Procedure": [
                "PET",
                "CT scan",
                "ultrasound"
              ]
            }
          }
        },
        "right": {
          "AND": {
            "left": {
              "raw_text": "If an effusion greater than 100 ml is documented by cytology to be free from malignancy and the investigator feels the patient is capable of receiving chemo/radiotherapy for their primary disease/NSCLC",
              "Condition": [
                "effusion",
                "malignancy"
              ]
            },
            "right": {
              "raw_text": "the investigator should discuss the patient with the study physician at Amgen",
              "Person": [
                "study physician",
                "Amgen"
              ]
            }
          }
        }
      }
    }
  }
}
```

And here are the extracted entities and relationships:

**Entities:**

* Metastatic disease
* Stage 4 NSCLC
* Pleural effusion
* Pericardial effusion
* PET
* CT scan
* Ultrasound
* Cytology
* Chemo/radiotherapy
* Primary disease
* NSCLC
* Amgen
* Study physician
* Patient
* Investigator
* HIV
* HCV
* HBV
* E. coli
* PRO questionnaires
* Hospital information release form

**Relationships:**

* Metastatic disease (M1) is a type of Stage 4 NSCLC
* Pleural effusion and Pericardial effusion are types of effusions
* PET, CT scan, and Ultrasound are used to document effusions
* Cytology is used to determine if an effusion is free from malignancy
* Chemo/radiotherapy is used to treat primary disease
* Primary disease is treated with Chemo/radiotherapy
* Amgen is a company
* Study physician is a person
* Patient is treated by Investigator
* HIV, HCV, and HBV are viruses
* E. coli is a bacteria
* PRO questionnaires are used to collect patient-reported outcomes
* Hospital information release form is a document 

Die Daten wurden erfolgreich in '/work/eauten2s/ec_criteria_struct/transform_chia/model_output/p3_output/Llama-3-8B-Instruct_4_shot/Llama-3-8B-Instruct_NCT00094861_exc_4_shot.json' gespeichert.
File: NCT00094861_inc 

Das File: /work/eauten2s/ec_criteria_struct/transform_chia/input/half_clinical_trials/NCT00094861_inc.txt wurde erfolgreich geladen.

 Llama-3-8B-Instruct Output: 
  "{\n  \"AND\": {\n    \"left\": {\n      \"AND\": {\n        \"left\": {\n          \"raw_text\": \"Patients with a histologically or cytologically proven diagnosis of NSCLC\",\n          \"Condition\": [\n            \"NSCLC\"\n          ],\n          \"Procedure\": [\n            \"histologically or cytologically proven diagnosis\"\n          ]\n        },\n        \"right\": {\n          \"AND\": {\n            \"left\": {\n              \"raw_text\": \"Unresectable (locally advanced) stage IIIa or IIIb disease\",\n              \"Condition\": [\n                \"stage IIIa or IIIb disease\"\n              ],\n              \"Qualifier\": [\n                \"unresectable\",\n                \"locally advanced\"\n              ]\n            },\n            \"right\": {\n              \"AND\": {\n                \"left\": {\n                  \"raw_text\": \"Initial radiotherapy field of treatment to encompass greater than or equal to 30% of the esophagus\",\n                  \"Procedure\": [\n                    \"radiotherapy field of treatment\"\n                  ],\n                  \"Value\": [\n                    \"greater than or equal to 30%\"\n                  ],\n                  \"Reference_point\": [\n                    \"esophagus\"\n                  ]\n                },\n                \"right\": {\n                  \"AND\": {\n                    \"left\": {\n                      \"raw_text\": \"Life expectancy greater than or equal to 6 months\",\n                      \"Temporal\": [\n                        \"greater than or equal to 6 months\"\n                      ]\n                    },\n                    \"right\": {\n                      \"AND\": {\n                        \"left\": {\n                          \"raw_text\": \"Estimated weight loss less than or equal to 10% in the 3 months before study randomization\",\n                          \"Value\": [\n                            \"less than or equal to 10%\"\n                          ],\n                          \"Temporal\": [\n                            \"in the 3 months before study randomization\"\n                          ]\n                        },\n                        \"right\": {\n                          \"AND\": {\n                            \"left\": {\n                              \"raw_text\": \"Measurable disease\",\n                              \"Condition\": [\n                                \"measurable disease\"\n                              ]\n                            },\n                            \"right\": {\n                              \"AND\": {\n                                \"left\": {\n                                  \"raw_text\": \"18 years of age or older\",\n                                  \"Age\": [\n                                    \"18 years of age or older\"\n                                  ]\n                                },\n                                \"right\": {\n                                  \"AND\": {\n                                    \"left\": {\n                                      \"raw_text\": \"Eastern Cooperative Oncology Group (ECOG) performance status of 0 - 2\",\n                                      \"Measurement\": [\n                                        \"ECOG performance status\"\n                                      ],\n                                      \"Value\": [\n                                        \"0 - 2\"\n                                      ]\n                                    },\n                                    \"right\": {\n                                      \"AND\": {\n                                        \"left\": {\n                                          \"raw_text\": \"Hemoglobin (hgb) greater than or equal to 10 g/dL without transfusional support or growth factor use in the 4 weeks before study randomization\",\n                                          \"Measurement\": [\n                                            \"hgb\"\n                                          ],\n                                          \"Value\": [\n                                            \"greater than or equal to 10 g/dL\"\n                                          ],\n                                          \"Qualifier\": [\n                                            \"without transfusional support or growth factor use in the 4 weeks before study randomization\"\n                                          ]\n                                        },\n                                        \"right\": {\n                                          \"AND\": {\n                                            \"left\": {\n                                              \"raw_text\": \"Absolute neutrophil count (ANC) greater than or equal to 1.5 x 10^9/L without growth factor use in the 2 weeks before study randomization\",\n                                              \"Measurement\": [\n                                                \"ANC\"\n                                              ],\n                                              \"Value\": [\n                                                \"greater than or equal to 1.5 x 10^9/L\"\n                                              ],\n                                              \"Qualifier\": [\n                                                \"without growth factor use in the 2 weeks before study randomization\"\n                                              ]\n                                            },\n                                            \"right\": {\n                                              \"AND\": {\n                                                \"left\": {\n                                                  \"raw_text\": \"Platelet count greater than or equal to 100 x 10^9/L\",\n                                                  \"Measurement\": [\n                                                    \"Platelet count\"\n                                                  ],\n                                                  \"Value\": [\n                                                    \"greater than or equal to 100 x 10^9/L\"\n                                                  \"Qualifier\": [\n                                                    \"without growth factor use in the 2 weeks before study randomization\"\n                                                  ]\n                                            }\n                                          ]\n                                        } 

Die Daten wurden erfolgreich in '/work/eauten2s/ec_criteria_struct/transform_chia/model_output/p3_output/Llama-3-8B-Instruct_4_shot/Llama-3-8B-Instruct_NCT00094861_inc_4_shot.json' gespeichert.
File: NCT00122070_exc 

Das File: /work/eauten2s/ec_criteria_struct/transform_chia/input/half_clinical_trials/NCT00122070_exc.txt wurde erfolgreich geladen.

 Llama-3-8B-Instruct Output: 
  "{\n  \"AND\": {\n    \"left\": {\n      \"OR\": {\n        \"left\": {\n          \"raw_text\": \"Are pregnant\",\n          \"Condition\": [\n            \"pregnant\"\n          ]\n        },\n        \"right\": {\n          \"raw_text\": \"or lactating.\",\n          \"Condition\": [\n            \"lactating\"\n          ]\n        }\n      }\n    },\n    \"right\": {\n      \"AND\": {\n        \"left\": {\n          \"OR\": {\n            \"left\": {\n              \"raw_text\": \"Have participated in any other studies\",\n              \"Procedure\": [\n                \"participated in any other studies\"\n              ]\n            },\n            \"right\": {\n              \"raw_text\": \"involving investigational products within 30 days prior to entry into this study.\",\n              \"Drug\": [\n                \"investigational products\"\n              ],\n              \"Temporal\": [\n                \"within 30 days prior to entry into this study\"\n              ]\n            }\n          }\n        },\n        \"right\": {\n          \"AND\": {\n            \"left\": {\n              \"raw_text\": \"Are undergoing an acute withdrawal syndrome\",\n              \"Condition\": [\n                \"acute withdrawal syndrome\"\n              ],\n              \"Reference_point\": [\n                \"from drugs or alcohol\"\n              ]\n            },\n            \"right\": {\n              \"raw_text\": \".\",\n              \"Value\": [\n                \".\"\n              ]\n            }\n          }\n        }\n      }\n    },\n    \"right\": {\n      \"AND\": {\n        \"left\": {\n          \"AND\": {\n            \"left\": {\n              \"OR\": {\n                \"left\": {\n                  \"raw_text\": \"Have an Axis I diagnosis of Schizophrenia\",\n                  \"Condition\": [\n                    \"Axis I diagnosis of Schizophrenia\"\n                  ]\n                },\n                \"right\": {\n                  \"OR\": {\n                    \"left\": {\n                      \"raw_text\": \", Schizoaffective Disorder\",\n                      \"Condition\": [\n                        \"Schizoaffective Disorder\"\n                      ]\n                    },\n                    \"right\": {\n                      \"OR\": {\n                        \"left\": {\n                          \"raw_text\": \", Schizophreniform Disorder\",\n                          \"Condition\": [\n                            \"Schizophreniform Disorder\"\n                          ]\n                        },\n                        \"right\": {\n                          \"OR\": {\n                            \"left\": {\n                              \"raw_text\": \", or Bipolar I Disorder\",\n                              \"Condition\": [\n                                \"Bipolar I Disorder\"\n                              ]\n                            },\n                            \"right\": {\n                              \"raw_text\": \" as diagnosed by the Structured Clinical Interview for DSM-IV Axis I Disorders (SCID-I), and pertinent subsequent for ruling out exclusionary diagnoses.\",\n                              \"Procedure\": [\n                                \"diagnosed by the Structured Clinical Interview for DSM-IV Axis I Disorders (SCID-I)\"\n                              ],\n                              \"Condition\": [\n                                \"DSM-IV Axis I Disorders (SCID-I)\"\n                              ],\n                              \"Reference_point\": [\n                                \"pertinent subsequent for ruling out exclusionary diagnoses\"\n                              ]\n                            }\n                          }\n                        }\n                      }\n                    }\n                  }\n                }\n              },\n              \"right\": {\n                \"raw_text\": \".\",\n                \"Value\": [\n                  \".\"\n                ]\n              }\n            }\n          }\n        },\n        \"right\": {\n          \"AND\": {\n            \"left\": {\n              \"raw_text\": \"Have an unstable medical disorder\",\n              \"Condition\": [\n                \"unstable medical disorder\"\n              ],\n              \"Qualifier\": [\n                \"unstable medical disorder\"\n              ],\n              \"Reference_point\": [\n                \"as determined by physical examination or laboratory testing\"\n              ]\n            },\n            \"right\": {\n              \"raw_text\": \"The primary investigator will be responsible for making this judgment based on the above.\",\n              \"Person\": [\n                \"primary investigator\"\n              ],\n              \"Qualifier\": [\n                \"responsible for making this judgment based on the above\"\n              ],\n              \"Reference_point\": [\n                \"based on the above\"\n              ]\n            }\n          }\n        }\n      }\n    }\n  }\n}" 

Die Daten wurden erfolgreich in '/work/eauten2s/ec_criteria_struct/transform_chia/model_output/p3_output/Llama-3-8B-Instruct_4_shot/Llama-3-8B-Instruct_NCT00122070_exc_4_shot.json' gespeichert.
File: NCT00122070_inc 

Das File: /work/eauten2s/ec_criteria_struct/transform_chia/input/half_clinical_trials/NCT00122070_inc.txt wurde erfolgreich geladen.

 Llama-3-8B-Instruct Output: 
  "{\n  \"AND\": {\n    \"left\": {\n      \"AND\": {\n        \"left\": {\n          \"raw_text\": \"Provide written informed consent\",\n          \"Procedure\": [\n            \"written informed consent\"\n          ],\n          \"Temporal\": [\n            \"before beginning any study related activities\"\n          ]\n        },\n        \"right\": {\n          \"raw_text\": \"before beginning any study related activities.\",\n          \"Temporal\": [\n            \"before beginning any study related activities\"\n          ]\n        }\n      }\n    },\n    \"right\": {\n      \"AND\": {\n        \"left\": {\n          \"AND\": {\n            \"left\": {\n              \"raw_text\": \"Be between age 18\",\n              \"Measurement\": [\n                \"age\"\n              ],\n              \"Value\": [\n                \"18\"\n              ]\n            },\n            \"right\": {\n              \"raw_text\": \"and 55 years\",\n              \"Value\": [\n                \"55\"\n              ]\n            }\n          }\n        },\n        \"right\": {\n          \"AND\": {\n            \"left\": {\n              \"AND\": {\n                \"left\": {\n                  \"raw_text\": \"Be able to speak\",\n                  \"Qualifier\": [\n                    \"able to\"\n                  ]\n                },\n                \"right\": {\n                  \"raw_text\": \"read and write English\",\n                  \"Language\": [\n                    \"English\"\n                  ],\n                  \"Qualifier\": [\n                    \"read and write\"\n                  ]\n                }\n              },\n              \"right\": {\n                \"raw_text\": \"and follow simple instructions for completing self-rated scales.\",\n                \"Procedure\": [\n                  \"self-rated scales\"\n                ],\n                \"Qualifier\": [\n                  \"simple instructions\"\n                ],\n                \"Temporal\": [\n                  \"for completing\"\n                ]\n              }\n            }\n          }\n        },\n        \"right\": {\n          \"AND\": {\n            \"left\": {\n              \"raw_text\": \"Meet DSM-IV criteria for BPD\",\n              \"Condition\": [\n                \"BPD\"\n              ],\n              \"Qualifier\": [\n                \"DSM-IV criteria\"\n              ]\n            },\n            \"right\": {\n              \"raw_text\": \"as assessed by the Structured Clinical Interview for DSM-IV Personality Disorders (SCID-II).\",\n              \"Procedure\": [\n                \"Structured Clinical Interview for DSM-IV Personality Disorders (SCID-II)\"\n              ],\n              \"Qualifier\": [\n                \"as assessed by\"\n              ],\n              \"Condition\": [\n                \"DSM-IV Personality Disorders\"\n              ]\n            }\n          }\n        }\n      }\n    }\n  }\n}" 

Die Daten wurden erfolgreich in '/work/eauten2s/ec_criteria_struct/transform_chia/model_output/p3_output/Llama-3-8B-Instruct_4_shot/Llama-3-8B-Instruct_NCT00122070_inc_4_shot.json' gespeichert.
File: NCT00182520_exc 

Das File: /work/eauten2s/ec_criteria_struct/transform_chia/input/half_clinical_trials/NCT00182520_exc.txt wurde erfolgreich geladen.

 Llama-3-8B-Instruct Output: 
  "{\n  \"AND\": {\n    \"left\": {\n      \"OR\": {\n        \"left\": {\n          \"raw_text\": \"Any other primary DSM-IV diagnosis;\",\n          \"Condition\": [\n            \"DSM-IV diagnosis\"\n          ],\n          \"Qualifier\": [\n            \"primary\",\n            \"other\"\n          ]\n        },\n        \"right\": {\n          \"OR\": {\n            \"left\": {\n              \"raw_text\": \"DSM-IV criteria for body dysmorphic disorder\",\n              \"Condition\": [\n                \"body dysmorphic disorder\"\n              ],\n              \"Qualifier\": [\n                \"DSM-IV criteria\"\n              ]\n            },\n            \"right\": {\n              \"OR\": {\n                \"left\": {\n                  \"raw_text\": \", bipolar affective disorder\",\n                  \"Condition\": [\n                    \"bipolar affective disorder\"\n                  ]\n                },\n                \"right\": {\n                  \"OR\": {\n                    \"left\": {\n                      \"raw_text\": \", schizophrenia\",\n                      \"Condition\": [\n                        \"schizophrenia\"\n                      ]\n                    },\n                    \"right\": {\n                      \"OR\": {\n                        \"left\": {\n                          \"raw_text\": \", psychotic disorder\",\n                          \"Condition\": [\n                            \"psychotic disorder\"\n                          ]\n                        },\n                        \"right\": {\n                          \"raw_text\": \", current alcohol/substance abuse.\",\n                          \"Condition\": [\n                            \"alcohol/substance abuse\"\n                          ],\n                          \"Qualifier\": [\n                            \"current\"\n                          ]\n                        }\n                      }\n                    }\n                  }\n                }\n              }\n            }\n          }\n        }\n      }\n    },\n    \"right\": {\n      \"AND\": {\n        \"left\": {\n          \"raw_text\": \"A previous adequate trial of topiramate\",\n          \"Drug\": [\n            \"topiramate\"\n          ],\n          \"Qualifier\": [\n            \"adequate trial\"\n          ]\n        },\n        \"right\": {\n          \"AND\": {\n            \"left\": {\n              \"raw_text\": \"Comorbid major depressive disorder diagnosis\",\n              \"Condition\": [\n                \"major depressive disorder diagnosis\"\n              ],\n              \"Qualifier\": [\n                \"comorbid\"\n              ]\n            },\n            \"right\": {\n              \"raw_text\": \"which predates OCD diagnosis.\",\n              \"Condition\": [\n                \"OCD diagnosis\"\n              ],\n              \"Qualifier\": [\n                \"predates\"\n              ]\n            }\n          }\n        },\n        \"right\": {\n          \"AND\": {\n            \"left\": {\n              \"raw_text\": \"Cognitive behavioural therapy or additional psychotherapy in past four months\",\n              \"Procedure\": [\n                \"cognitive behavioural therapy\",\n                \"additional psychotherapy\"\n              ],\n              \"Temporal\": [\n                \"past four months\"\n              ]\n            },\n            \"right\": {\n              \"AND\": {\n                \"left\": {\n                  \"raw_text\": \"Allergy or hypersensitivity to topiramate\",\n                  \"Condition\": [\n                    \"allergy or hypersensitivity\"\n                  ],\n                  \"Drug\": [\n                    \"topiramate\"\n                  ],\n                  \"Qualifier\": [\n                    \"allergy or hypersensitivity\"\n                  ]\n                },\n                \"right\": {\n                  \"AND\": {\n                    \"left\": {\n                      \"raw_text\": \"BMI < 20\",\n                      \"Measurement\": [\n                        \"BMI\"\n                      ],\n                      \"Value\": [\n                        \"< 20\"\n                      ]\n                    },\n                    \"right\": {\n                      \"raw_text\": \"History of kidney stones.\",\n                      \"Condition\": [\n                        \"kidney stones\"\n                      ],\n                      \"Qualifier\": [\n                        \"history of\"\n                      ]\n                    }\n                  }\n                }\n              }\n            }\n          }\n        }\n      }\n    }\n  }\n}" 

Die Daten wurden erfolgreich in '/work/eauten2s/ec_criteria_struct/transform_chia/model_output/p3_output/Llama-3-8B-Instruct_4_shot/Llama-3-8B-Instruct_NCT00182520_exc_4_shot.json' gespeichert.
File: NCT00182520_inc 

Das File: /work/eauten2s/ec_criteria_struct/transform_chia/input/half_clinical_trials/NCT00182520_inc.txt wurde erfolgreich geladen.

 Llama-3-8B-Instruct Output: 
  "{\n  \"AND\": {\n    \"left\": {\n      \"AND\": {\n        \"left\": {\n          \"raw_text\": \"Outpatient\",\n          \"Condition\": [\n            \"Outpatient\"\n          ]\n        },\n        \"right\": {\n          \"raw_text\": \"with primary DSM- IV OCD\",\n          \"Condition\": [\n            \"DSM- IV OCD\"\n          ],\n          \"Qualifier\": [\n            \"primary\"\n          ]\n        }\n      }\n    },\n    \"right\": {\n      \"AND\": {\n        \"left\": {\n          \"AND\": {\n            \"left\": {\n              \"raw_text\": \"Completion of a 14-week open label trial\",\n              \"Temporal\": [\n                \"14-week open label trial\"\n              ]\n            },\n            \"right\": {\n              \"OR\": {\n                \"left\": {\n                  \"raw_text\": \"of one the following SRI's\",\n                  \"Qualifier\": [\n                    \"one the following\"\n                  ],\n                  \"Drug\": [\n                    \"SRI's\",\n                    \"fluoxetine\",\n                    \"paroxetine\",\n                    \"fluvoxamine\",\n                    \"clomipramine\",\n                    \"sertraline\",\n                    \"citalopram\",\n                    \"escitalopram\"\n                  ]\n                },\n                \"right\": {\n                  \"AND\": {\n                    \"left\": {\n                      \"raw_text\": \"and demonstrating a non or partial responses to SRI treatment\",\n                      \"Qualifier\": [\n                        \"non or partial responses to SRI treatment\"\n                      ],\n                      \"Condition\": [\n                        \"non or partial responses to SRI treatment\"\n                      ],\n                      \"Drug\": [\n                        \"SRI treatment\"\n                      ]\n                    },\n                    \"right\": {\n                      \"AND\": {\n                        \"left\": {\n                          \"OR\": {\n                            \"left\": {\n                              \"raw_text\": \"CGI-I of 3\",\n                              \"Measurement\": [\n                                \"CGI-I\"\n                              ],\n                              \"Value\": [\n                                \"3\"\n                              ]\n                            },\n                            \"right\": {\n                              \"OR\": {\n                                \"left\": {\n                                  \"raw_text\": \", or 4\",\n                                  \"Value\": [\n                                    \", or 4\"\n                                  ]\n                                },\n                                \"right\": {\n                                  \"raw_text\": \", Y-BOCS reduction of < 35%\",\n                                  \"Measurement\": [\n                                    \"Y-BOCS reduction\"\n                                  ],\n                                  \"Value\": [\n                                    \"< 35%\"\n                                  ]\n                                }\n                              }\n                            }\n                          }\n                        }\n                      }\n                    }\n                  }\n                }\n              }\n            }\n          }\n        },\n        \"right\": {\n          \"AND\": {\n            \"left\": {\n              \"raw_text\": \"Stable (8 wks or longer) concurrent medications\",\n              \"Temporal\": [\n                \"8 wks or longer\"\n              ]\n            },\n            \"right\": {\n              \"OR\": {\n                \"left\": {\n                  \"raw_text\": \"including benzodiazepines\",\n                  \"Drug\": [\n                    \"benzodiazepines\"\n                  ]\n                },\n                \"right\": {\n                  \"OR\": {\n                    \"left\": {\n                      \"raw_text\": \", sedative hypnotics\",\n                      \"Drug\": [\n                        \"sedative hypnotics\"\n                      ]\n                    },\n                    \"right\": {\n                      \"OR\": {\n                        \"left\": {\n                          \"raw_text\": \", antipsychotics\",\n                          \"Drug\": [\n                            \"antipsychotics\"\n                          ]\n                        },\n                        \"right\": {\n                          \"OR\": {\n                            \"left\": {\n                              \"raw_text\": \", antidepressants\",\n                              \"Drug\": [\n                                \"antidepressants\"\n                              ]\n                            },\n                            \"right\": {\n                              \"raw_text\": \".\",\n                              \"Value\": [\n                                \".\"\n                              ]\n                            }\n                          }\n                        }\n                      }\n                    }\n                  }\n                }\n              }\n            }\n          }\n        }\n      }\n    }\n  }\n}" 

Die Daten wurden erfolgreich in '/work/eauten2s/ec_criteria_struct/transform_chia/model_output/p3_output/Llama-3-8B-Instruct_4_shot/Llama-3-8B-Instruct_NCT00182520_inc_4_shot.json' gespeichert.
File: NCT00183885_exc 

Das File: /work/eauten2s/ec_criteria_struct/transform_chia/input/half_clinical_trials/NCT00183885_exc.txt wurde erfolgreich geladen.

 Llama-3-8B-Instruct Output: 
  "{\n  \"AND\": {\n    \"left\": {\n      \"OR\": {\n        \"left\": {\n          \"raw_text\": \"Patients who have received prior chemotherapy\",\n          \"Procedure\": [\n            \"prior chemotherapy\"\n          ],\n          \"Condition\": [\n            \"unresectable disease\"\n          ]\n        },\n        \"right\": {\n          \"raw_text\": \"for unresectable disease.\",\n          \"Condition\": [\n            \"unresectable disease\"\n          ],\n          \"Value\": [\n            \".\"\n          ]\n        }\n      }\n    },\n    \"right\": {\n      \"AND\": {\n        \"left\": {\n          \"OR\": {\n            \"left\": {\n              \"raw_text\": \"Patients with any active or uncontrolled infection\",\n              \"Condition\": [\n                \"infection\"\n              ],\n              \"Qualifier\": [\n                \"active or uncontrolled\"\n              ]\n            },\n            \"right\": {\n              \"raw_text\": \", including known HIV infection.\",\n              \"Condition\": [\n                \"HIV infection\"\n              ],\n              \"Qualifier\": [\n                \"known\"\n              ]\n            }\n          },\n          \"right\": {\n            \"AND\": {\n              \"left\": {\n                \"OR\": {\n                  \"left\": {\n                    \"raw_text\": \"Patients with active hepatitis B\",\n                    \"Condition\": [\n                      \"hepatitis B\"\n                    ],\n                    \"Qualifier\": [\n                      \"active\"\n                    ]\n                  },\n                  \"right\": {\n                    \"raw_text\": \", will be placed on lamivudine.\",\n                    \"Drug\": [\n                      \"lamivudine\"\n                    ]\n                  }\n                },\n                \"right\": {\n                  \"OR\": {\n                    \"left\": {\n                      \"raw_text\": \"Patients with active hepatitis C\",\n                      \"Condition\": [\n                        \"hepatitis C\"\n                      ],\n                      \"Qualifier\": [\n                        \"active\"\n                      ]\n                    },\n                    \"right\": {\n                      \"raw_text\": \", will be eligible if liver tests qualify (5.1.9)\"\n                    }\n                  }\n                }\n              }\n            }\n          }\n        },\n        \"right\": {\n          \"AND\": {\n            \"left\": {\n              \"OR\": {\n                \"left\": {\n                  \"raw_text\": \"Patients with psychiatric disorders\",\n                  \"Condition\": [\n                    \"psychiatric disorders\"\n                  ],\n                  \"Qualifier\": [\n                    \"would interfere with consent or follow-up\"\n                  ]\n                },\n                \"right\": {\n                  \"raw_text\": \"that would interfere with consent or follow-up.\",\n                  \"Qualifier\": [\n                    \"would interfere with consent or follow-up\"\n                  ]\n                }\n              },\n              \"right\": {\n                \"OR\": {\n                  \"left\": {\n                    \"raw_text\": \"Pregnant or lactating women.\",\n                    \"Condition\": [\n                      \"Pregnant\",\n                      \"lactating women\"\n                    ]\n                  },\n                  \"right\": {\n                    \"raw_text\": \"Men and women of reproductive potential may not participate unless they have agreed to use an effective contraceptive method.\",\n                    \"Person\": [\n                      \"Men\",\n                      \"women\"\n                    ],\n                    \"Qualifier\": [\n                      \"of reproductive potential\",\n                      \"may not participate unless they have agreed to use an effective contraceptive method\"\n                    ]\n                  }\n                }\n              }\n            }\n          }\n        }\n      }\n    },\n    \"right\": {\n      \"AND\": {\n        \"left\": {\n          \"OR\": {\n            \"left\": {\n              \"raw_text\": \"Patients with any other severe concurrent disease\",\n              \"Condition\": [\n                \"severe concurrent disease\"\n              ],\n              \"Qualifier\": [\n                \"would make the patient inappropriate for entry into this study\"\n              ]\n            },\n            \"right\": {\n              \"raw_text\": \"which in the judgment of the investigator, would make the patient inappropriate for entry into this study.\",\n              \"Qualifier\": [\n                \"would make the patient inappropriate for entry into this study\"\n              ]\n            }\n          }\n        }\n      }\n    }\n  }\n}" 

Die Daten wurden erfolgreich in '/work/eauten2s/ec_criteria_struct/transform_chia/model_output/p3_output/Llama-3-8B-Instruct_4_shot/Llama-3-8B-Instruct_NCT00183885_exc_4_shot.json' gespeichert.
File: NCT00183885_inc 

Das File: /work/eauten2s/ec_criteria_struct/transform_chia/input/half_clinical_trials/NCT00183885_inc.txt wurde erfolgreich geladen.

 Llama-3-8B-Instruct Output: 
  "{\n  \"AND\": {\n    \"left\": {\n      \"AND\": {\n        \"left\": {\n          \"raw_text\": \"Unresectable, histologically confirmed hepatocellular carcinoma\",\n          \"Condition\": [\n            \"hepatocellular carcinoma\"\n          ],\n          \"Qualifier\": [\n            \"histologically confirmed\",\n            \"Unresectable\"\n          ]\n        },\n        \"right\": {\n          \"raw_text\": \"with evident disease limited to liver.\",\n          \"Condition\": [\n            \"liver\"\n          ],\n          \"Value\": [\n            \".\"\n          ]\n        }\n      }\n    },\n    \"right\": {\n      \"AND\": {\n        \"left\": {\n          \"raw_text\": \"Tissue from tumor must be available.\",\n          \"Condition\": [\n            \"tumor\"\n          ],\n          \"Qualifier\": [\n            \"available\"\n          ]\n        },\n        \"right\": {\n          \"OR\": {\n            \"left\": {\n              \"raw_text\": \"This may be paraffin embedded tissue from previous biopsy/resection\",\n              \"Procedure\": [\n                \"biopsy\",\n                \"resection\"\n              ],\n              \"Qualifier\": [\n                \"paraffin embedded\"\n              ]\n            },\n            \"right\": {\n              \"raw_text\": \"or if it is not available, a repeat biopsy must be performed.\",\n              \"Procedure\": [\n                \"biopsy\"\n              ],\n              \"Qualifier\": [\n                \"repeat\"\n              ]\n            }\n          }\n        },\n        \"right\": {\n          \"OR\": {\n            \"left\": {\n              \"raw_text\": \"The requirement for biopsy may be waived if alpha-fetoprotein is greater than 500 ng/mL\",\n              \"Measurement\": [\n                \"alpha-fetoprotein\"\n              ],\n              \"Value\": [\n                \"> 500 ng/mL\"\n              ]\n            },\n            \"right\": {\n              \"raw_text\": \"and in the investigators opinion not explained by a concurrent hepatic inflammatory process.\",\n              \"Qualifier\": [\n                \"investigators opinion\",\n                \"concurrent hepatic inflammatory process\"\n              ]\n            }\n          }\n        }\n      }\n    },\n    \"right\": {\n      \"AND\": {\n        \"left\": {\n          \"raw_text\": \"Patients must agree to have a 20 cc blood sample drawn in addition to routine labs with each cycle of chemotherapy.\",\n          \"Procedure\": [\n            \"blood sample drawn\",\n            \"routine labs\",\n            \"cycle of chemotherapy\"\n          ],\n          \"Qualifier\": [\n            \"20 cc\"\n          ]\n        },\n        \"right\": {\n          \"AND\": {\n            \"left\": {\n              \"raw_text\": \"Patients must have measurable disease.\",\n              \"Condition\": [\n                \"measurable disease\"\n              ],\n              \"Qualifier\": [\n                \"measurable\"\n              ]\n            },\n            \"right\": {\n              \"OR\": {\n                \"left\": {\n                  \"raw_text\": \"If prior radiation therapy was administered, measurable disease must be outside the radiation field.\",\n                  \"Procedure\": [\n                    \"radiation therapy\"\n                  ],\n                  \"Qualifier\": [\n                    \"outside the radiation field\"\n                  ]\n                },\n                \"right\": {\n                  \"raw_text\": \"Patients must have a Zubrod performance status of 0-2.\",\n                  \"Measurement\": [\n                    \"Zubrod performance status\"\n                  ],\n                  \"Value\": [\n                    \"0-2\"\n                  ]\n                }\n              }\n            }\n          }\n        }\n      }\n    }\n  }\n}" 

Die Daten wurden erfolgreich in '/work/eauten2s/ec_criteria_struct/transform_chia/model_output/p3_output/Llama-3-8B-Instruct_4_shot/Llama-3-8B-Instruct_NCT00183885_inc_4_shot.json' gespeichert.
File: NCT00198913_exc 

Das File: /work/eauten2s/ec_criteria_struct/transform_chia/input/half_clinical_trials/NCT00198913_exc.txt wurde erfolgreich geladen.

 Llama-3-8B-Instruct Output: 
  "{\n  \"OR\": {\n    \"left\": {\n      \"raw_text\": \"type 1 diabetic\",\n      \"Condition\": [\n        \"type 1 diabetic\"\n      ]\n    },\n    \"right\": {\n      \"raw_text\": \"or non-diabetic\",\n      \"Condition\": [\n        \"non-diabetic\"\n      ]\n    }\n  }\n}" 

Die Daten wurden erfolgreich in '/work/eauten2s/ec_criteria_struct/transform_chia/model_output/p3_output/Llama-3-8B-Instruct_4_shot/Llama-3-8B-Instruct_NCT00198913_exc_4_shot.json' gespeichert.
File: NCT00198913_inc 

Das File: /work/eauten2s/ec_criteria_struct/transform_chia/input/half_clinical_trials/NCT00198913_inc.txt wurde erfolgreich geladen.

 Llama-3-8B-Instruct Output: 
  "{\n  \"AND\": {\n    \"left\": {\n      \"AND\": {\n        \"left\": {\n          \"raw_text\": \"type 2 diabetic\",\n          \"Condition\": [\n            \"type 2 diabetic\"\n          ]\n        },\n        \"right\": {\n          \"raw_text\": \"\",\n          \"Qualifier\": [\n            \"type 2 diabetic\"\n          ]\n        }\n      }\n    },\n    \"right\": {\n      \"AND\": {\n        \"left\": {\n          \"raw_text\": \"age 18 and over\",\n          \"Measurement\": [\n            \"age\"\n          ],\n          \"Value\": [\n            \"18 and over\"\n          ]\n        },\n        \"right\": {\n          \"raw_text\": \"\",\n          \"Qualifier\": [\n            \"age 18 and over\"\n          ]\n        }\n      }\n    }\n  },\n  \"AND\": {\n    \"left\": {\n      \"raw_text\": \"informed consent\",\n      \"Procedure\": [\n        \"informed consent\"\n      ]\n    },\n    \"right\": {\n      \"raw_text\": \"\",\n      \"Qualifier\": [\n        \"informed consent\"\n      ]\n    }\n  }\n}" 

Die Daten wurden erfolgreich in '/work/eauten2s/ec_criteria_struct/transform_chia/model_output/p3_output/Llama-3-8B-Instruct_4_shot/Llama-3-8B-Instruct_NCT00198913_inc_4_shot.json' gespeichert.
File: NCT00235170_exc 

Das File: /work/eauten2s/ec_criteria_struct/transform_chia/input/half_clinical_trials/NCT00235170_exc.txt wurde erfolgreich geladen.

 Llama-3-8B-Instruct Output: 
  "{\n  \"OR\": {\n    \"left\": {\n      \"AND\": {\n        \"left\": {\n          \"raw_text\": \"1. Congestive heart failure;\",\n          \"Condition\": [\n            \"Congestive heart failure\"\n          ],\n          \"Value\": [\n            \".\"\n          ]\n        }\n      }\n    },\n    \"right\": {\n      \"AND\": {\n        \"left\": {\n          \"OR\": {\n            \"left\": {\n              \"raw_text\": \"2. CABG or Percutaneous Coronary Intervention (PCI) procedure;\",\n              \"Procedure\": [\n                \"CABG\",\n                \"PCI procedure\"\n              ],\n              \"Value\": [\n                \".\"\n              ]\n            },\n            \"right\": {\n              \"OR\": {\n                \"left\": {\n                  \"raw_text\": \"3. Planned need for major surgery (e.g. valve surgery or resection of aortic or left ventricular aneurysm, carotid end-arterectomy, abdominal aortic aneurysm surgery etc.);\",\n                  \"Procedure\": [\n                    \"valve surgery\",\n                    \"resection of aortic or left ventricular aneurysm\",\n                    \"carotid end-arterectomy\",\n                    \"abdominal aortic aneurysm surgery\"\n                  ],\n                  \"Value\": [\n                    \".\"\n                  ]\n                },\n                \"right\": {\n                  \"OR\": {\n                    \"left\": {\n                      \"raw_text\": \"4. Congenital heart disease;\",\n                      \"Condition\": [\n                        \"Congenital heart disease\"\n                      ],\n                      \"Value\": [\n                        \".\"\n                      ]\n                    },\n                    \"right\": {\n                      \"OR\": {\n                        \"left\": {\n                          \"raw_text\": \"5. Transmural myocardial infarction within the previous seven days and CK has not returned to normal;\",\n                          \"Condition\": [\n                            \"Transmural myocardial infarction\"\n                          ],\n                          \"Temporal\": [\n                            \"within the previous seven days\"\n                          ],\n                          \"Measurement\": [\n                            \"CK\"\n                          ],\n                          \"Value\": [\n                            \"not returned to normal\"\n                          ]\n                        },\n                        \"right\": {\n                          \"OR\": {\n                            \"left\": {\n                              \"raw_text\": \"6. Chest pain lasting longer than 30 minutes within 12 hours pre-procedure, if CK enzymes positive (≥ 2x the normal upper limit).\",\n                              \"Condition\": [\n                                \"Chest pain\"\n                              ],\n                              \"Temporal\": [\n                                \"within 12 hours pre-procedure\"\n                              ],\n                              \"Measurement\": [\n                                \"CK enzymes\"\n                              ],\n                              \"Value\": [\n                                \"≥ 2x the normal upper limit\"\n                              ]\n                            },\n                            \"right\": {\n                              \"OR\": {\n                                \"left\": {\n                                  \"raw_text\": \"7. History of any cerebrovascular accident;\",\n                                  \"Condition\": [\n                                    \"cerebrovascular accident\"\n                                  ],\n                                  \"Value\": [\n                                    \".\"\n                                  ]\n                                },\n                                \"right\": {\n                                  \"OR\": {\n                                    \"left\": {\n                                      \"raw_text\": \"8. Left main stenosis of 50% or more;\",\n                                      \"Condition\": [\n                                        \"Left main stenosis\"\n                                      ],\n                                      \"Value\": [\n                                        \"50% or more\"\n                                      ]\n                                    },\n                                    \"right\": {\n                                      \"OR\": {\n                                        \"left\": {\n                                          \"raw_text\": \"9. Intention to treat more than 1 totally occluded major epicardial vessel;\",\n                                          \"Procedure\": [\n                                            \"totally occluded major epicardial vessel\"\n                                          ],\n                                          \"Value\": [\n                                            \".\"\n                                          ]\n                                        },\n                                        \"right\": {\n                                          \"OR\": {\n                                            \"left\": {\n                                              \"raw_text\": \"10. Single vessel (single territory) disease.\", 

Die Daten wurden erfolgreich in '/work/eauten2s/ec_criteria_struct/transform_chia/model_output/p3_output/Llama-3-8B-Instruct_4_shot/Llama-3-8B-Instruct_NCT00235170_exc_4_shot.json' gespeichert.
File: NCT00235170_inc 

Das File: /work/eauten2s/ec_criteria_struct/transform_chia/input/half_clinical_trials/NCT00235170_inc.txt wurde erfolgreich geladen.

 Llama-3-8B-Instruct Output: 
  Here is the study in JSON format with logical operators and extracted entities and relations:

```
{
  "AND": [
    {
      "OR": [
        {
          "AND": [
            {
              "raw_text": "Patients with stable (Canadian Cardiovascular Society 1, 2, 3 or 4) or unstable (Braunwald class IB, IC, IIB, IIC, IIIB, IIIC) angina pectoris and ischemia",
              "Condition": ["angina pectoris", "ischemia"],
              "Qualifier": ["stable", "unstable"],
              "Value": ["1", "2", "3", "4", "IB", "IC", "IIB", "IIC", "IIIB", "IIIC"]
            },
            {
              "raw_text": "or patients with atypical chest pain or even those who are asymptomatic provided they have documented myocardial ischaemia (e.g. treadmill exercise test, radionuclide scintigraphy, stress echocardiography, Holter tape)",
              "Condition": ["atypical chest pain", "asymptomatic"],
              "Qualifier": ["documented myocardial ischaemia"],
              "Value": ["treadmill exercise test", "radionuclide scintigraphy", "stress echocardiography", "Holter tape"]
            }
          ]
        },
        {
          "raw_text": "Patients who are eligible for coronary revascularization (angioplasty or CABG)",
          "Condition": ["coronary revascularization"],
          "Qualifier": ["eligible"],
          "Value": ["angioplasty", "CABG"]
        }
      ]
    },
    {
      "AND": [
        {
          "raw_text": "At least 2 lesions (located in different vessels and in different territories) potentially amenable to stent implantation",
          "Condition": ["lesions"],
          "Qualifier": ["at least 2", "potentially amenable to stent implantation"],
          "Value": ["different vessels", "different territories"]
        },
        {
          "raw_text": "de novo native vessels",
          "Condition": ["native vessels"],
          "Qualifier": ["de novo"]
        }
      ]
    },
    {
      "AND": [
        {
          "raw_text": "Multivessel disease with at least one significant stenosis in LAD and with treatment of the lesion in another major epicardial coronary artery",
          "Condition": ["multivessel disease", "LAD"],
          "Qualifier": ["significant stenosis", "treatment of the lesion"],
          "Value": ["LAD", "major epicardial coronary artery"]
        },
        {
          "raw_text": "A two-vessel disease or a three-vessel disease may be viewed as a combination of a side branch and a main epicardial vessel provided they supply different territories",
          "Condition": ["two-vessel disease", "three-vessel disease"],
          "Qualifier": ["combination", "supply different territories"]
        }
      ]
    },
    {
      "AND": [
        {
          "raw_text": "Total occluded vessels. One total occluded major epicardial vessel or side branch can be included and targeted as long as one other major vessel has a significant stenosis amenable for SA, provided the age of occlusion is less than one month e.g. recent instability, infarction with ECG changes in the area subtended by the occluded vessel",
          "Condition": ["total occluded vessels"],
          "Qualifier": ["one total occluded major epicardial vessel", "one other major vessel", "significant stenosis amenable for SA", "recent instability", "infarction with ECG changes"]
        },
        {
          "raw_text": "Patients with total occluded vessels of unknown duration or existing longer than one month and a reference over 1.50 mm should not be included, not even as a third or fourth vessel to be dilated",
          "Condition": ["total occluded vessels"],
          "Qualifier": ["unknown duration", "existing longer than one month", "reference over 1.50 mm"]
        }
      ]
    },
    {
      "AND": [
        {
          "raw_text": "Significant stenosis has been defined as a stenosis of more than 50% in luminal diameter (in at least one view, on visual interpretation or preferably by QCA",
          "Condition": ["significant stenosis"],
          "Qualifier": ["50% in luminal diameter", "at least one view", "on visual interpretation", "preferably by QCA"]
        }
      ]
    }
  ]
  ]
  ]
  ]
  ]
  ]
  ]
  ]
  ]
  ]
  ]
  ]
  ]
  ]
  ]
  ]
  ]
  ]
  ]
  ]
  ]
  ]
  ]
  ]
  ]
  ]
  ]
  ]
  ]
  ]
  ]
  ]
  ]
  ]
  ]
  ]
  ]
  ]
  ]
  ]
  ]
  ]
  ]
  ]
  ]
  ]
  ]
  ]
  ]
  ]
  ]
  ]
  ]
  ]
  ]
  ]
  ]
  ]
  ]
  ]
  ]
  ]
  ]
  ]
  ]
  ]
  ]
  ]
  ]
  ]
  ]
  ]
  ]
  ]
  ]
  ]
  ]
  ]
  ]
  ]
  ]
  ]
  ]
  ]
  ]
  ]
  ]
  ]
  ]
  ]
  ]
  ]
  ]
  ]
  ]
  ]
  ]
  ]
  ]
  ]
  ]
  ]
  ]
  ]
  ]
  ]
  ]
  ]
  ]
  ]
  ]
  ]
  ]
  ]
  ]
  ]
  ]
  ]
  ]
  ]
  ]
  ]
  ]
  ]
  ]
  ]
  ]
  ]
  ]
  ]
  ]
  ]
  ]
  ]
  ]
  ]
  ]
  ]
  ]
  ]
  ]
  ]
  ]
  ]
  ]
  ]
  ]
  ]
  ]
  ]
  ]
  ]
  ]
  ]
  ]
  ]
  ]
  ]
  ]
  ]
  ]
  ]
  ]
  ]
  ]
  ]
  ]
  ]
  ]
  ]
  ]
  ]
  ]
  ]
  ]
  ]
  ]
  ]
  ]
  ]
  ]
  ]
  ]
  ]
  ]
  ]
  ]
  ]
  ]
  ]
  ]
  ]
  ]
  ]
  ]
  ]
  ]
  ]
  ]
  ]
  ]
  ]
  ]
  ]
  ]
  ]
  ]
  ]
  ]
  ]
  ]
  ]
  ]
  ]
  ]
  ]
  ]
  ]
  ]
  ]
  ]
  ]
  ]
  ]
  ]
  ]
  ]
  ]
  ]
  ]
  ]
  ]
  ]
  ]
  ]
 1  ]
  ]
  ]
  ]
  ]
  ]
  ]
  ]
  ]
  ]
  ]
  ]
  ]
  ]
  ]
  ]
  ]
  ]
  ]
  ]
  ]
  ]
  ]
  ]
  ]
  ]
  ]
  ] 

Die Daten wurden erfolgreich in '/work/eauten2s/ec_criteria_struct/transform_chia/model_output/p3_output/Llama-3-8B-Instruct_4_shot/Llama-3-8B-Instruct_NCT00235170_inc_4_shot.json' gespeichert.
File: NCT00236340_exc 

Das File: /work/eauten2s/ec_criteria_struct/transform_chia/input/half_clinical_trials/NCT00236340_exc.txt wurde erfolgreich geladen.

 Llama-3-8B-Instruct Output: 
  "{\n  \"AND\": {\n    \"left\": {\n      \"OR\": {\n        \"left\": {\n          \"raw_text\": \"Multiple pregnancy\",\n          \"Condition\": [\n            \"multiple pregnancy\"\n          ],\n          \"Value\": [\n            \"more than 3 fetuses\"\n          ]\n        },\n        \"right\": {\n          \"raw_text\": \"(more than 3 fetuses)\"\n        }\n      }\n    },\n    \"right\": {\n      \"AND\": {\n        \"left\": {\n          \"OR\": {\n            \"left\": {\n              \"raw_text\": \"Maternal history of placental abruptio\",\n              \"Condition\": [\n                \"placental abruptio\"\n              ],\n              \"Temporal\": [\n                \"maternal history\"\n              ]\n            },\n            \"right\": {\n              \"raw_text\": \"or\"\n            }\n          }\n        },\n        \"right\": {\n          \"OR\": {\n            \"left\": {\n              \"raw_text\": \"Fetus with IUGR\",\n              \"Condition\": [\n                \"IUGR\"\n              ],\n              \"Qualifier\": [\n                \"fetus with\"\n              ]\n            },\n            \"right\": {\n              \"OR\": {\n                \"left\": {\n                  \"raw_text\": \"Pregnancy complicated with pre-eclampsia\",\n                  \"Condition\": [\n                    \"pre-eclampsia\"\n                  ],\n                  \"Qualifier\": [\n                    \"complicated with\"\n                  ]\n                },\n                \"right\": {\n                  \"raw_text\": \"or\"\n                }\n              }\n            }\n          }\n        },\n        \"right\": {\n          \"OR\": {\n            \"left\": {\n              \"raw_text\": \"Unability to give informed consent\",\n              \"Qualifier\": [\n                \"unability to give informed consent\"\n              ]\n            }\n          }\n        }\n      }\n    }\n  }\n}" 

Die Daten wurden erfolgreich in '/work/eauten2s/ec_criteria_struct/transform_chia/model_output/p3_output/Llama-3-8B-Instruct_4_shot/Llama-3-8B-Instruct_NCT00236340_exc_4_shot.json' gespeichert.
File: NCT00236340_inc 

Das File: /work/eauten2s/ec_criteria_struct/transform_chia/input/half_clinical_trials/NCT00236340_inc.txt wurde erfolgreich geladen.

 Llama-3-8B-Instruct Output: 
  "{\n  \"AND\": {\n    \"left\": {\n      \"AND\": {\n        \"left\": {\n          \"OR\": {\n            \"left\": {\n              \"raw_text\": \"Pregnant women\",\n              \"Condition\": [\n                \"Pregnant women\"\n              ],\n              \"Person\": [\n                \"women\"\n              ]\n            },\n            \"right\": {\n              \"raw_text\": \"with abdomen discumfort\",\n              \"Condition\": [\n                \"abdomen discumfort\"\n              ]\n            }\n          }\n        },\n        \"right\": {\n          \"AND\": {\n            \"left\": {\n              \"raw_text\": \"and ultrasound diagnosis of polyhydramnios\",\n              \"Procedure\": [\n                \"ultrasound diagnosis\"\n              ],\n              \"Condition\": [\n                \"polyhydramnios\"\n              ],\n              \"Measurement\": [\n                \"AFI>25cm\"\n              ]\n            }\n          }\n        }\n      }\n    },\n    \"right\": {\n      \"AND\": {\n        \"left\": {\n          \"OR\": {\n            \"left\": {\n              \"raw_text\": \"Single\",\n              \"Qualifier\": [\n                \"Single\"\n              ]\n            },\n            \"right\": {\n              \"raw_text\": \"or twin pregnancies\",\n              \"Qualifier\": [\n                \"twin pregnancies\"\n              ]\n            }\n          }\n        }\n      }\n    }\n  }\n}" 

Die Daten wurden erfolgreich in '/work/eauten2s/ec_criteria_struct/transform_chia/model_output/p3_output/Llama-3-8B-Instruct_4_shot/Llama-3-8B-Instruct_NCT00236340_inc_4_shot.json' gespeichert.
File: NCT00250640_exc 

Das File: /work/eauten2s/ec_criteria_struct/transform_chia/input/half_clinical_trials/NCT00250640_exc.txt wurde erfolgreich geladen.

 Llama-3-8B-Instruct Output: 
  "{\n  \"AND\": {\n    \"left\": {\n      \"OR\": {\n        \"left\": {\n          \"raw_text\": \"Any condition that prevents participation in the study\",\n          \"Condition\": [\n            \"condition that prevents participation in the study\"\n          ]\n        },\n        \"right\": {\n          \"OR\": {\n            \"left\": {\n              \"raw_text\": \"including\",\n              \"Qualifier\": [\n                \"including\"\n              ]\n            },\n            \"right\": {\n              \"OR\": {\n                \"left\": {\n                  \"raw_text\": \"pregnancy\",\n                  \"Condition\": [\n                    \"pregnancy\"\n                  ]\n                },\n                \"right\": {\n                  \"OR\": {\n                    \"left\": {\n                      \"raw_text\": \"and\",\n                      \"Qualifier\": [\n                        \"and\"\n                      ]\n                    },\n                    \"right\": {\n                      \"OR\": {\n                        \"left\": {\n                          \"raw_text\": \"other contraindications for Ventavis treatment\",\n                          \"Drug\": [\n                            \"Ventavis treatment\"\n                          ],\n                          \"Qualifier\": [\n                            \"contraindications\"\n                          ]\n                        },\n                        \"right\": {\n                          \"raw_text\": \"(as listed in the current Ventavis Summary of Product Characteristics and patient package insert)\",\n                          \"Reference_point\": [\n                            \"current Ventavis Summary of Product Characteristics\",\n                            \"patient package insert\"\n                          ]\n                        }\n                      }\n                    }\n                  }\n                }\n              }\n            }\n          }\n        }\n      }\n    }\n  }\n}" 

Die Daten wurden erfolgreich in '/work/eauten2s/ec_criteria_struct/transform_chia/model_output/p3_output/Llama-3-8B-Instruct_4_shot/Llama-3-8B-Instruct_NCT00250640_exc_4_shot.json' gespeichert.
File: NCT00250640_inc 

Das File: /work/eauten2s/ec_criteria_struct/transform_chia/input/half_clinical_trials/NCT00250640_inc.txt wurde erfolgreich geladen.

 Llama-3-8B-Instruct Output: 
  "{\n  \"AND\": {\n    \"left\": {\n      \"AND\": {\n        \"left\": {\n          \"raw_text\": \"The treating physician has chosen Ventavis as a suitable long-term treatment for the patient\",\n          \"Qualifier\": [\n            \"treating physician\",\n            \"chosen\",\n            \"suitable long-term treatment\"\n          ],\n          \"Entity\": [\n            \"Ventavis\",\n            \"patient\"\n          ]\n        },\n        \"right\": {\n          \"raw_text\": \"for the patient.\",\n          \"Value\": [\n            \".\"\n          ]\n        }\n      }\n    },\n    \"right\": {\n      \"AND\": {\n        \"left\": {\n          \"OR\": {\n            \"left\": {\n              \"raw_text\": \"Patient with primary pulmonary hypertension\",\n              \"Condition\": [\n                \"primary pulmonary hypertension\"\n              ],\n              \"Qualifier\": [\n                \"Patient with\"\n              ]\n            },\n            \"right\": {\n              \"AND\": {\n                \"left\": {\n                  \"OR\": {\n                    \"left\": {\n                      \"raw_text\": \"Idiopathic Pulmonary Arterial Hypertension\",\n                      \"Condition\": [\n                        \"Idiopathic Pulmonary Arterial Hypertension\"\n                      ]\n                    },\n                    \"right\": {\n                      \"OR\": {\n                        \"left\": {\n                          \"raw_text\": \"or Familial Pulmonary Arterial Hypertension\",\n                          \"Condition\": [\n                            \"Familial Pulmonary Arterial Hypertension\"\n                          ]\n                        }\n                      }\n                    }\n                  }\n                },\n                \"right\": {\n                  \"raw_text\": \"and classified as NYHA functional class III\",\n                  \"Measurement\": [\n                    \"NYHA functional class III\"\n                  ],\n                  \"Value\": [\n                    \"III\"\n                  ],\n                  \"Qualifier\": [\n                    \"NYHA functional class\"\n                  ]\n                }\n              }\n            }\n          }\n        },\n        \"right\": {\n          \"NOT\": {\n            \"left\": {\n              \"OR\": {\n                \"left\": {\n                  \"raw_text\": \"No prior treatment with Ventavis\",\n                  \"Procedure\": [\n                    \"Ventavis\"\n                  ],\n                  \"Qualifier\": [\n                    \"prior treatment\"\n                  ]\n                },\n                \"right\": {\n                  \"OR\": {\n                    \"left\": {\n                      \"raw_text\": \"or other active treatments for primary pulmonary hypertension\",\n                      \"Condition\": [\n                        \"primary pulmonary hypertension\"\n                      ],\n                      \"Qualifier\": [\n                        \"other active treatments\"\n                      ]\n                    },\n                    \"right\": {\n                      \"raw_text\": \"within 6 weeks of date of study inclusion\",\n                      \"Temporal\": [\n                        \"within 6 weeks of date of study inclusion\"\n                      ],\n                      \"Reference_point\": [\n                        \"date of study inclusion\"\n                      ]\n                    }\n                  }\n                }\n              }\n            }\n          }\n        }\n      }\n    }\n  }\n}" 

Die Daten wurden erfolgreich in '/work/eauten2s/ec_criteria_struct/transform_chia/model_output/p3_output/Llama-3-8B-Instruct_4_shot/Llama-3-8B-Instruct_NCT00250640_inc_4_shot.json' gespeichert.
File: NCT00279552_exc 

Das File: /work/eauten2s/ec_criteria_struct/transform_chia/input/half_clinical_trials/NCT00279552_exc.txt wurde erfolgreich geladen.

 Llama-3-8B-Instruct Output: 
  "{\n  \"AND\": {\n    \"left\": {\n      \"NOT\": {\n        \"left\": {\n          \"OR\": {\n            \"left\": {\n              \"raw_text\": \"Patients who were pregnant\",\n              \"Condition\": [\n                \"pregnant\"\n              ]\n            },\n            \"right\": {\n              \"OR\": {\n                \"left\": {\n                  \"raw_text\": \"or nursing\",\n                  \"Condition\": [\n                    \"nursing\"\n                  ]\n                },\n                \"right\": {\n                  \"raw_text\": \"or not able to give written informed consent were excluded.\",\n                  \"Qualifier\": [\n                    \"not able to give written informed consent\"\n                  ],\n                  \"Procedure\": [\n                    \"written informed consent\"\n                  ],\n                  \"Value\": [\n                    \".\"\n                  ]\n                }\n              }\n            }\n          }\n        }\n      }\n    }\n  }\n}" 

Die Daten wurden erfolgreich in '/work/eauten2s/ec_criteria_struct/transform_chia/model_output/p3_output/Llama-3-8B-Instruct_4_shot/Llama-3-8B-Instruct_NCT00279552_exc_4_shot.json' gespeichert.
File: NCT00279552_inc 

Das File: /work/eauten2s/ec_criteria_struct/transform_chia/input/half_clinical_trials/NCT00279552_inc.txt wurde erfolgreich geladen.

 Llama-3-8B-Instruct Output: 
  "{\n  \"AND\": {\n    \"left\": {\n      \"raw_text\": \"Patients suspected to have vitamin B12 deficiency\",\n      \"Condition\": [\n        \"vitamin B12 deficiency\"\n      ],\n      \"Qualifier\": [\n        \"suspected\"\n      ]\n    },\n    \"right\": {\n      \"AND\": {\n        \"left\": {\n          \"raw_text\": \"defined as a plasma vitamin B12\",\n          \"Measurement\": [\n            \"plasma vitamin B12\"\n          ]\n        },\n        \"right\": {\n          \"raw_text\": \"below the reference interval (<200 pmol/L).\",\n          \"Value\": [\n            \".\"\n          ],\n          \"Reference_point\": [\n            \"reference interval\"\n          ],\n          \"Value_range\": [\n            \"<200 pmol/L\"\n          ]\n        }\n      }\n    }\n  }\n}" 

Die Daten wurden erfolgreich in '/work/eauten2s/ec_criteria_struct/transform_chia/model_output/p3_output/Llama-3-8B-Instruct_4_shot/Llama-3-8B-Instruct_NCT00279552_inc_4_shot.json' gespeichert.
File: NCT00305097_exc 

Das File: /work/eauten2s/ec_criteria_struct/transform_chia/input/half_clinical_trials/NCT00305097_exc.txt wurde erfolgreich geladen.

 Llama-3-8B-Instruct Output: 
  "{\n  \"AND\": {\n    \"left\": {\n      \"AND\": {\n        \"left\": {\n          \"raw_text\": \"Any condition/illness that may affect the study outcomes or would make participation potentially harmful\",\n          \"Condition\": [\n            \"condition/illness\"\n          ],\n          \"Qualifier\": [\n            \"may affect the study outcomes\",\n            \"potentially harmful\"\n          ],\n          \"Temporal\": [\n            \"may affect the study outcomes or would make participation potentially harmful\"\n          ]\n        },\n        \"right\": {\n          \"OR\": {\n            \"left\": {\n              \"raw_text\": \"such as pregnancy or breastfeeding\",\n              \"Condition\": [\n                \"pregnancy\",\n                \"breastfeeding\"\n              ],\n              \"Qualifier\": [\n                \"such as\"\n              ]\n            },\n            \"right\": {\n              \"OR\": {\n                \"left\": {\n                  \"raw_text\": \"diabetes mellitus\",\n                  \"Condition\": [\n                    \"diabetes mellitus\"\n                  ]\n                },\n                \"right\": {\n                  \"OR\": {\n                    \"left\": {\n                      \"raw_text\": \"heart disease\",\n                      \"Condition\": [\n                        \"heart disease\"\n                      ]\n                    },\n                    \"right\": {\n                      \"OR\": {\n                        \"left\": {\n                          \"raw_text\": \"stroke\",\n                          \"Condition\": [\n                            \"stroke\"\n                          ]\n                        },\n                        \"right\": {\n                          \"OR\": {\n                            \"left\": {\n                              \"raw_text\": \"hypertension\",\n                              \"Condition\": [\n                                \"hypertension\"\n                              ]\n                            },\n                            \"right\": {\n                              \"OR\": {\n                                \"left\": {\n                                  \"raw_text\": \"malabsorption syndromes\",\n                                  \"Condition\": [\n                                    \"malabsorption syndromes\"\n                                  ]\n                                },\n                                \"right\": {\n                                  \"OR\": {\n                                    \"left\": {\n                                      \"raw_text\": \"GERD\",\n                                      \"Condition\": [\n                                        \"GERD\"\n                                      ]\n                                    },\n                                    \"right\": {\n                                      \"OR\": {\n                                        \"left\": {\n                                          \"raw_text\": \"a history of ulcer\",\n                                          \"Condition\": [\n                                            \"ulcer\"\n                                          ],\n                                          \"Qualifier\": [\n                                            \"history of\"\n                                          ]\n                                        },\n                                        \"right\": {\n                                          \"raw_text\": \"according to a detailed medical history.\",\n                                          \"Reference_point\": [\n                                            \"detailed medical history\"\n                                          ],\n                                          \"Qualifier\": [\n                                            \"according to\"\n                                          ]\n                                        }\n                                      }\n                                    }\n                                  }\n                                }\n                              }\n                            }\n                          }\n                        }\n                      }\n                    }\n                  }\n                }\n              }\n            }\n          }\n        }\n      }\n    },\n    \"right\": {\n      \"AND\": {\n        \"left\": {\n          \"OR\": {\n            \"left\": {\n              \"raw_text\": \"Abnormal hepatic function\",\n              \"Condition\": [\n                \"Abnormal hepatic function\"\n              ],\n              \"Qualifier\": [\n                \"Abnormal hepatic function\"\n              ]\n            },\n            \"right\": {\n              \"raw_text\": \"(liver function test > twice the normal range)\",\n              \"Measurement\": [\n                \"liver function test\"\n              ],\n              \"Value\": [\n                \"> twice the normal range\"\n              ]\n            }\n          },\n          \"right\": {\n            \"OR\": {\n              \"left\": {\n                \"raw_text\": \"Abnormal renal function\",\n                \"Condition\": [\n                  \"Abnormal renal function\"\n                ],\n                \"Qualifier\": [\n                  \"Abnormal renal function\"\n                ]\n              },\n              \"right\": {\n                \"raw_text\": \"(creatinine > 1.1 mg/dl)\",\n                \"Measurement\": [\n                  \"creatinine\"\n                ],\n                \"Value\": [\n                  \"> 1.1 mg/dl\"\n                ]\n              }\n            }\n          }\n        },\n        \"right\": {\n          \"OR\": {\n            \"left\": {\n              \"raw_text\": \"Fasting plasma glucose in the diabetic range\",\n              \"Measurement\": [\n                \"Fasting plasma glucose\"\n              ],\n              \"Qualifier\": [\n                \"diabetic range\"\n              ]\n            },\n            \"right\": {\n              \"raw_text\": \"(>/= 126 mg/dl)\",\n              \"Measurement\": [\n                \"> 126 mg/dl\"\n              ]\n            }\n          }\n        }\n      }\n    }\n  }\n}" 

Die Daten wurden erfolgreich in '/work/eauten2s/ec_criteria_struct/transform_chia/model_output/p3_output/Llama-3-8B-Instruct_4_shot/Llama-3-8B-Instruct_NCT00305097_exc_4_shot.json' gespeichert.
File: NCT00305097_inc 

Das File: /work/eauten2s/ec_criteria_struct/transform_chia/input/half_clinical_trials/NCT00305097_inc.txt wurde erfolgreich geladen.

 Llama-3-8B-Instruct Output: 
  "{\n  \"AND\": {\n    \"left\": {\n      \"AND\": {\n        \"left\": {\n          \"raw_text\": \"Aged at least 18 years\",\n          \"Condition\": [\n            \"age\"\n          ],\n          \"Value\": [\n            \"18 years\"\n          ]\n        },\n        \"right\": {\n          \"AND\": {\n            \"left\": {\n              \"raw_text\": \"with an ability\",\n              \"Qualifier\": [\n                \"ability\"\n              ]\n            },\n            \"right\": {\n              \"AND\": {\n                \"left\": {\n                  \"raw_text\": \"and willingness\",\n                  \"Qualifier\": [\n                    \"willingness\"\n                  ]\n                },\n                \"right\": {\n                  \"raw_text\": \"to give written informed consent.\",\n                  \"Procedure\": [\n                    \"written informed consent\"\n                  ]\n                }\n              }\n            }\n          }\n        }\n      },\n      \"right\": {\n        \"AND\": {\n          \"left\": {\n            \"raw_text\": \"Body mass index\",\n            \"Measurement\": [\n              \"Body mass index\"\n            ]\n          },\n          \"right\": {\n            \"AND\": {\n              \"left\": {\n                \"raw_text\": \"25-35 kg/m2\",\n                \"Value\": [\n                  \"25-35 kg/m2\"\n                ]\n              }\n            }\n          }\n        }\n      }\n    },\n    \"right\": {\n      \"AND\": {\n        \"left\": {\n          \"OR\": {\n            \"left\": {\n              \"raw_text\": \"Users of at least 2 cups of caffeinated coffee per day\",\n              \"Condition\": [\n                \"caffeinated coffee\"\n              ],\n              \"Value\": [\n                \"2 cups\"\n              ]\n            },\n            \"right\": {\n              \"AND\": {\n                \"left\": {\n                  \"raw_text\": \"who are willing\",\n                  \"Qualifier\": [\n                    \"willing\"\n                  ]\n                },\n                \"right\": {\n                  \"raw_text\": \"to be randomized to any of the interventions.\",\n                  \"Procedure\": [\n                    \"randomized to any of the interventions\"\n                  ]\n                }\n              }\n            }\n          }\n        },\n        \"right\": {\n          \"raw_text\": \"Non-smoking.\",\n          \"Condition\": [\n            \"Non-smoking\"\n          ]\n        }\n      }\n    }\n  }\n}" 

Die Daten wurden erfolgreich in '/work/eauten2s/ec_criteria_struct/transform_chia/model_output/p3_output/Llama-3-8B-Instruct_4_shot/Llama-3-8B-Instruct_NCT00305097_inc_4_shot.json' gespeichert.
File: NCT00312429_exc 

Das File: /work/eauten2s/ec_criteria_struct/transform_chia/input/half_clinical_trials/NCT00312429_exc.txt wurde erfolgreich geladen.

 Llama-3-8B-Instruct Output: 
  "{\n  \"AND\": {\n    \"left\": {\n      \"NOT\": {\n        \"left\": {\n          \"OR\": {\n            \"left\": {\n              \"raw_text\": \"Undergoing Interleukin-2 (IL-2) therapy\",\n              \"Drug\": [\n                \"Interleukin-2 (IL-2) therapy\"\n              ],\n              \"Temporal\": [\n                \"within 8 weeks of study entry\"\n              ]\n            },\n            \"right\": {\n              \"raw_text\": \"within 8 weeks of study entry.\",\n              \"Temporal\": [\n                \"within 8 weeks of study entry\"\n              ]\n            }\n          }\n        }\n      }\n    },\n    \"right\": {\n      \"AND\": {\n        \"left\": {\n          \"OR\": {\n            \"left\": {\n              \"raw_text\": \"Diagnosed with a medical or psychiatric illness\",\n              \"Condition\": [\n                \"medical or psychiatric illness\"\n              ],\n              \"Qualifier\": [\n                \"Diagnosed with\"\n              ]\n            },\n            \"right\": {\n              \"raw_text\": \"that may interfere with study participation.\",\n              \"Qualifier\": [\n                \"may interfere with study participation\"\n              ]\n            }\n          }\n        },\n        \"right\": {\n          \"AND\": {\n            \"left\": {\n              \"raw_text\": \"Pregnant.\",\n              \"Condition\": [\n                \"Pregnant\"\n              ]\n            }\n          }\n        }\n      }\n    }\n  }\n}" 

Die Daten wurden erfolgreich in '/work/eauten2s/ec_criteria_struct/transform_chia/model_output/p3_output/Llama-3-8B-Instruct_4_shot/Llama-3-8B-Instruct_NCT00312429_exc_4_shot.json' gespeichert.
File: NCT00312429_inc 

Das File: /work/eauten2s/ec_criteria_struct/transform_chia/input/half_clinical_trials/NCT00312429_inc.txt wurde erfolgreich geladen.

 Llama-3-8B-Instruct Output: 
  "{\n  \"AND\": {\n    \"left\": {\n      \"AND\": {\n        \"left\": {\n          \"raw_text\": \"Diagnosis reviewed at transplant center\",\n          \"Procedure\": [\n            \"diagnosis reviewed\"\n          ],\n          \"Reference_point\": [\n            \"transplant center\"\n          ]\n        },\n        \"right\": {\n          \"raw_text\": \"and confirmed to fit the criterion for high risk blood disease or cancer, as defined for the study.\",\n          \"Condition\": [\n            \"high risk blood disease\",\n            \"cancer\"\n          ],\n          \"Reference_point\": [\n            \"study\"\n          ]\n        }\n      }\n    },\n    \"right\": {\n      \"AND\": {\n        \"left\": {\n          \"raw_text\": \"Estimated life expectancy of at least 6 weeks following study entry\",\n          \"Temporal\": [\n            \"following study entry\"\n          ],\n          \"Value\": [\n            \"at least 6 weeks\"\n          ]\n        },\n        \"right\": {\n          \"AND\": {\n            \"left\": {\n              \"raw_text\": \"Cancer and Leukemia Group B (CALGB) performance status\",\n              \"Measurement\": [\n                \"CALGB performance status\"\n              ],\n              \"Value\": [\n                \"less than or equal to 2\"\n              ]\n            },\n            \"right\": {\n              \"AND\": {\n                \"left\": {\n                  \"OR\": {\n                    \"left\": {\n                      \"raw_text\": \"White blood cell count\",\n                      \"Measurement\": [\n                        \"White blood cell count\"\n                      ]\n                    },\n                    \"right\": {\n                      \"OR\": {\n                        \"left\": {\n                          \"raw_text\": \", platelet\",\n                          \"Measurement\": [\n                            \"platelet\"\n                          ]\n                        },\n                        \"right\": {\n                          \"OR\": {\n                            \"left\": {\n                              \"raw_text\": \", hematocrit\",\n                              \"Measurement\": [\n                                \"hematocrit\"\n                              ]\n                            },\n                            \"right\": {\n                              \"OR\": {\n                                \"left\": {\n                                  \"raw_text\": \", tuberculosis\",\n                                  \"Condition\": [\n                                    \"tuberculosis\"\n                                  ]\n                                },\n                                \"right\": {\n                                  \"OR\": {\n                                    \"left\": {\n                                      \"raw_text\": \", aspartate aminotransferase (AST)\"\n                                    },\n                                    \"right\": {\n                                      \"OR\": {\n                                        \"left\": {\n                                          \"raw_text\": \", alanine aminotransferase (ALT)\"\n                                        },\n                                        \"right\": {\n                                          \"OR\": {\n                                            \"left\": {\n                                              \"raw_text\": \", alkaline phosphatase\",\n                                              \"Measurement\": [\n                                                \"alkaline phosphatase\"\n                                              ]\n                                            },\n                                            \"right\": {\n                                              \"OR\": {\n                                                \"left\": {\n                                                  \"raw_text\": \", creatinine\",\n                                                  \"Measurement\": [\n                                                    \"creatinine\"\n                                                  ]\n                                                },\n                                                \"right\": {\n                                                  \"OR\": {\n                                                    \"left\": {\n                                                      \"raw_text\": \", HIV test results\",\n                                                      \"Measurement\": [\n                                                        \"HIV test results\"\n                                                      ]\n                                                    },\n                                                    \"right\": {\n                                                      \"raw_text\": \"reviewed by transplant center.\",\n                                                      \"Procedure\": [\n                                                        \"reviewed by transplant center\"\n                                                      ]\n                                                    }\n                                                  }\n                                                }\n                                              }\n                                            }\n                                          }\n                                        }\n                                      }\n                                    }\n                                  }\n                                }\n                              }\n                            }\n                          }\n                        }\n                      }\n                    }\n                  }\n                }\n              }\n            }\n          }\n        }\n      }\n    }\n  }\n}" 

Die Daten wurden erfolgreich in '/work/eauten2s/ec_criteria_struct/transform_chia/model_output/p3_output/Llama-3-8B-Instruct_4_shot/Llama-3-8B-Instruct_NCT00312429_inc_4_shot.json' gespeichert.
File: NCT00317148_exc 

Das File: /work/eauten2s/ec_criteria_struct/transform_chia/input/half_clinical_trials/NCT00317148_exc.txt wurde erfolgreich geladen.

 Llama-3-8B-Instruct Output: 
  "{\n  \"AND\": {\n    \"left\": {\n      \"OR\": {\n        \"left\": {\n          \"raw_text\": \"Body mass index (BMI) of 35 kg/m2 or more.\",\n          \"Measurement\": [\n            \"Body mass index\"\n          ],\n          \"Value\": [\n            \"35 kg/m2 or more\"\n          ]\n        }\n      }\n    },\n    \"right\": {\n      \"AND\": {\n        \"left\": {\n          \"OR\": {\n            \"left\": {\n              \"raw_text\": \"Significant metabolic and endocrine diseases.\",\n              \"Condition\": [\n                \"metabolic and endocrine diseases\"\n              ],\n              \"Qualifier\": [\n                \"significant\"\n              ]\n            }\n          }\n        },\n        \"right\": {\n          \"AND\": {\n            \"left\": {\n              \"raw_text\": \"Diagnosis of cancer.\",\n              \"Condition\": [\n                \"cancer\"\n              ],\n              \"Value\": [\n                \".\"\n              ]\n            }\n          }\n        }\n      }\n    }\n  }\n}" 

Die Daten wurden erfolgreich in '/work/eauten2s/ec_criteria_struct/transform_chia/model_output/p3_output/Llama-3-8B-Instruct_4_shot/Llama-3-8B-Instruct_NCT00317148_exc_4_shot.json' gespeichert.
File: NCT00317148_inc 

Das File: /work/eauten2s/ec_criteria_struct/transform_chia/input/half_clinical_trials/NCT00317148_inc.txt wurde erfolgreich geladen.

 Llama-3-8B-Instruct Output: 
  "{\n  \"AND\": {\n    \"left\": {\n      \"AND\": {\n        \"left\": {\n          \"raw_text\": \"Healthy postmenopausal women\",\n          \"Person\": [\n            \"women\"\n          ],\n          \"Condition\": [\n            \"postmenopausal\"\n          ],\n          \"Qualifier\": [\n            \"Healthy\"\n          ]\n        },\n        \"right\": {\n          \"AND\": {\n            \"left\": {\n              \"raw_text\": \"with\",\n              \"Qualifier\": [\n                \"with\"\n              ]\n            },\n            \"right\": {\n              \"raw_text\": \"50 or more moderate to severe hot flushes.\",\n              \"Measurement\": [\n                \"hot flushes\"\n              ],\n              \"Value\": [\n                \"50 or more\"\n              ],\n              \"Qualifier\": [\n                \"moderate to severe\"\n              ]\n            }\n          }\n        }\n      },\n    \"right\": {\n      \"AND\": {\n        \"left\": {\n          \"OR\": {\n            \"left\": {\n              \"raw_text\": \"Women\",\n              \"Person\": [\n                \"women\"\n              ]\n            },\n            \"right\": {\n              \"AND\": {\n                \"left\": {\n                  \"raw_text\": \"between\",\n                  \"Qualifier**: [\n                    \"between\"\n                  ]\n                },\n                \"right\": {\n                  \"raw_text\": \"40 to 70 years of age.\",\n                  \"Measurement\": [\n                    \"years of age\"\n                  ],\n                  \"Value\": [\n                    \"40 to 70\"\n                  ]\n                }\n              }\n            }\n          }\n        }\n      }\n    }\n  }\n}" 

Die Daten wurden erfolgreich in '/work/eauten2s/ec_criteria_struct/transform_chia/model_output/p3_output/Llama-3-8B-Instruct_4_shot/Llama-3-8B-Instruct_NCT00317148_inc_4_shot.json' gespeichert.
File: NCT00319748_exc 

Das File: /work/eauten2s/ec_criteria_struct/transform_chia/input/half_clinical_trials/NCT00319748_exc.txt wurde erfolgreich geladen.

 Llama-3-8B-Instruct Output: 
  "{\n  \"AND\": {\n    \"left\": {\n      \"AND\": {\n        \"left\": {\n          \"raw_text\": \"Had/have the following prior/concurrent therapy:\",\n          \"Condition\": [\n            \"prior/concurrent therapy\"\n          ]\n        },\n        \"right\": {\n          \"OR\": {\n            \"left\": {\n              \"raw_text\": \"Systemic corticosteroids (oral or injectable) within 7 days of first dose of 852A\",\n              \"Drug\": [\n                \"Systemic corticosteroids\",\n                \"oral or injectable\"\n              ],\n              \"Temporal\": [\n                \"within 7 days of first dose of 852A\"\n              ],\n              \"Qualifier\": [\n                \"topical or inhaled steroids are allowed\"\n              ]\n            },\n            \"right\": {\n              \"OR\": {\n                \"left\": {\n                  \"raw_text\": \"Investigational drugs/agents within 14 days of first dose of 852A\",\n                  \"Drug\": [\n                    \"Investigational drugs/agents\"\n                  ],\n                  \"Temporal\": [\n                    \"within 14 days of first dose of 852A\"\n                  ]\n                },\n                \"right\": {\n                  \"OR\": {\n                    \"left\": {\n                      \"raw_text\": \"Immunosuppressive therapy, including cytotoxic agents within 14 days of first dose of 852A\",\n                      \"Procedure\": [\n                        \"Immunosuppressive therapy\",\n                        \"cytotoxic agents\"\n                      ],\n                      \"Temporal\": [\n                        \"within 14 days of first dose of 852A\"\n                      ],\n                      \"Qualifier\": [\n                        \"nitrosoureas within 30 days of first dose\"\n                      ]\n                    },\n                    \"right\": {\n                      \"OR\": {\n                        \"left\": {\n                          \"raw_text\": \"Drugs known to induce QT interval prolongation and/or induce Torsades de pointes unless best available drug required to treat life-threatening conditions\",\n                          \"Condition\": [\n                            \"Drugs known to induce QT interval prolongation and/or induce Torsades de pointes\"\n                          ],\n                          \"Qualifier\": [\n                            \"unless best available drug required to treat life-threatening conditions\"\n                          ]\n                        },\n                        \"right\": {\n                          \"OR\": {\n                            \"left\": {\n                              \"raw_text\": \"Radiotherapy within 3 weeks of the first dose of 852A\",\n                              \"Procedure\": [\n                                \"Radiotherapy\"\n                              ],\n                              \"Temporal\": [\n                                \"within 3 weeks of the first dose of 852A\"\n                              ]\n                            },\n                            \"right\": {\n                              \"OR\": {\n                                \"left\": {\n                                  \"raw_text\": \"Hematopoietic cell transplantation within 4 weeks of first dose of 852A\",\n                                  \"Procedure\": [\n                                    \"Hematopoietic cell transplantation\"\n                                  ],\n                                  \"Temporal\": [\n                                    \"within 4 weeks of first dose of 852A\"\n                                  ]\n                                },\n                                \"right\": {\n                                  \"OR\": {\n                                    \"left\": {\n                                      \"raw_text\": \"Evidence of active infection within 3 days of first dose of 852A\",\n                                      \"Condition\": [\n                                        \"active infection\"\n                                      ],\n                                      \"Temporal\": [\n                                        \"within 3 days of first dose of 852A\"\n                                      ]\n                                    },\n                                    \"right\": {\n                                      \"OR\": {\n                                        \"left\": {\n                                          \"raw_text\": \"Active fungal infection or pulmonary infiltrates (prior treated disease stable for 2 weeks is allowable)\",\n                                          \"Condition\": [\n                                            \"fungal infection\",\n                                            \"pulmonary infiltrates\"\n                                          ],\n                                          \"Qualifier\": [\n                                            \"prior treated disease stable for 2 weeks is allowable\"\n                                          ]\n                                        },\n                                        \"right\": {\n                                          \"OR\": {\n                                            \"left\": {\n                                              \"raw_text\": \"Cardiac ischemia, cardiac arrhythmias or congestive heart failure uncontrolled by medication\",\n                                              \"Condition\": [\n                                                \"cardiac ischemia\",\n                                                \"cardiac arrhythmias\",\n                                                \"congestive heart failure\"\n                                              ],\n                                              \"right\": {\n                                                \"OR\": {\n                                                  \"left\": {\n                                                    \"raw_text\": \"History of, or clinical evidence of, a condition which, in the opinion of the investigator, could confound the results of the study or put the subject at undue risk\",\n                                                    \"Condition\": [\n                                                      \"History of, or clinical evidence of, a condition which, in the opinion of the investigator, could confound the results of the study or put the subject at undue risk\"\n                                                    \"right\": {\n                                                      \"OR\": {\n                                                        \"left\": {\n                                                          \"Condition\": [\n                                                           \"right\": {\n                                                         \"Condition\": [\n                                                          \"right\": {\n                                                         \"Condition\": [\n                                                           \"right\": {\n                                                         \"Condition\": [ 

Die Daten wurden erfolgreich in '/work/eauten2s/ec_criteria_struct/transform_chia/model_output/p3_output/Llama-3-8B-Instruct_4_shot/Llama-3-8B-Instruct_NCT00319748_exc_4_shot.json' gespeichert.
File: NCT00319748_inc 

Das File: /work/eauten2s/ec_criteria_struct/transform_chia/input/half_clinical_trials/NCT00319748_inc.txt wurde erfolgreich geladen.

 Llama-3-8B-Instruct Output: 
  Here is the study in JSON format with logical operators:

```
{
  "AND": {
    "left": {
      "AND": {
        "left": {
          "raw_text": "Adequate performance status: ",
          "Condition": ["Adequate performance status"]
        },
        "right": {
          "OR": {
            "left": {
              "raw_text": "Breast - Karnofsky score > 50;",
              "Measurement": ["Karnofsky score"],
              "Value": ["> 50"]
            },
            "right": {
              "raw_text": "Ovarian, endometrial or cervical - Gynecologic Oncology Group (GOG) performance score ≤2",
              "Measurement": ["GOG performance score"],
              "Value": ["≤2"]
            }
          }
        }
      }
    },
    "right": {
      "AND": {
        "left": {
          "raw_text": "If female and of childbearing potential, are willing to use adequate contraception (hormonal, barrier method, abstinence) prior to study entry and for the duration of study participation.",
          "Condition": ["female", "of childbearing potential"],
          "Procedure": ["adequate contraception"]
        },
        "right": {
          "AND": {
            "left": {
              "raw_text": "Normal organ function within 14 days of study entry",
              "Condition": ["normal organ function"],
              "Temporal": ["within 14 days of study entry"]
            },
            "right": {
              "AND": {
                "left": {
                  "OR": {
                    "left": {
                      "raw_text": "Diagnosis of one of the following malignancies: ",
                      "Condition": ["malignancies"]
                    },
                    "right": {
                      "OR": {
                        "left": {
                          "raw_text": "Metastatic breast cancer (BR)",
                          "Condition": ["Metastatic breast cancer"]
                        },
                        "right": {
                          "OR": {
                            "left": {
                              "raw_text": "Metastatic ovarian cancer (OV)",
                              "Condition": ["Metastatic ovarian cancer"]
                            },
                            "right": {
                              "OR": {
                                "left": {
                                  "raw_text": "Metastatic endometrial cancer (EM)",
                                  "Condition": ["Metastatic endometrial cancer"]
                                },
                                "right": {
                                  "OR": {
                                    "left": {
                                      "raw_text": "Metastatic cervical cancer (CX)",
                                      "Condition": ["Metastatic cervical cancer"]
                                    }
                                  }
                                }
                              }
                            }
                          }
                        }
                      }
                    }
                  }
                },
                "right": {
                  "AND": {
                    "left": {
                      "raw_text": "Measurable metastatic disease (>1cm) in at least one site other than bone-only",
                      "Condition": ["measurable metastatic disease"],
                      "Value": ["> 1cm"],
                      "Qualifier": ["at least one site other than bone-only"]
                    },
                    "right": {
                      "AND": {
                        "left": {
                          "raw_text": "Progression on or failure to respond to at least one previous chemotherapy regimen for metastatic disease",
                          "Condition": ["progression", "failure to respond"],
                          "Procedure": ["chemotherapy regimen"]
                        },
                        "right": {
                          "AND": {
                            "left": {
                              "OR": {
                                "left": {
                                  "raw_text": "Progression on prior therapy with a hormonal agent if estrogen receptor or progesterone receptor positive, and/or with trastuzumab if HER2-neu positive. If patient has progressed through hormone or trastuzumab therapy only, must have received one chemotherapy regimen.",
                                  "Condition": ["progression"],
                                  "Qualifier": ["prior therapy"],
                                  "Drug": ["hormonal agent", "trastuzumab"]
                                },
                                "right": {
                                  "OR": {
                                    "left": {
                                      "raw_text": "Measurable metastatic disease as defined by Response Evaluation Criteria in Solid Tumors (RECIST)",
                                      "Condition": ["measurable metastatic disease"],
                                      "Procedure": ["Response Evaluation Criteria in Solid Tumors"]
                                    }
                                  }
                                }
                              }
                            }
                          }
                        }
                      }
                    }
                  }
                }
              }
            }
          }
        }
      }
    }
  }
  }
    }
  }
  }
    }
  }
    }
  }
  }
    }
  }
    }
  }
  }
    }
  }
    }
  }
  }
    }
  }
  }
  }
  }
  }
  }
  }
  }
  }
  }
  }
  }
  }
  }
  }
  }
  }
  }
  }
  }
  }
  }
  }
  }
  }
  }
  }
  }
  }
  }
  }
  }
  }
  }
  }
  }
  }
  }
  }
  }
  }
  }
  }
  }
  }
  }
  }
  }
  }
  }
  }
  }
  }
  }
  }
  }
  }
  }
  }
  }
  }
  }
  }
  }
  }
  }
  }
  }
  }
  }
  }
  }
  }
  }
  }
  }
  }
  }
  }
  }
  }
  }
  }
  }
  }
  }
  }
  }
  }
  }
  }
  }
  }
  }
  }
  }
  }
  }
  }
  }
  }
  }
  }
  }
  }
  }
  }
  }
  }
  }
  }
  }
  }
  }
  }
  }
  }
  }
  }
  }
  }
  }
  }
  }
  }
  }
  }
  }
  }
  }
  }
  }
  }
  }
  }
  }
  }
  }
  }
  }
  }
  }
  }
  }
  }
  }
  }
  }
  }
  }
  }
  }
  }
  }
  }
  }
  }
  }
  }
  }
  }
  }
  }
  }
  }
 

Die Daten wurden erfolgreich in '/work/eauten2s/ec_criteria_struct/transform_chia/model_output/p3_output/Llama-3-8B-Instruct_4_shot/Llama-3-8B-Instruct_NCT00319748_inc_4_shot.json' gespeichert.
File: NCT00324363_exc 

Das File: /work/eauten2s/ec_criteria_struct/transform_chia/input/half_clinical_trials/NCT00324363_exc.txt wurde erfolgreich geladen.

 Llama-3-8B-Instruct Output: 
  "{\n  \"AND\": {\n    \"left\": {\n      \"OR\": {\n        \"left\": {\n          \"raw_text\": \"Have participated in this study previously\",\n          \"Qualifier\": [\n            \"previously\"\n          ]\n        },\n        \"right\": {\n          \"OR\": {\n            \"left\": {\n              \"raw_text\": \"or any other study using exenatide\",\n              \"Drug\": [\n                \"exenatide\"\n              ],\n              \"Qualifier\": [\n                \"using\"\n              ]\n            },\n            \"right\": {\n              \"raw_text\": \"or GLP-1 analogs.\",\n              \"Drug\": [\n                \"GLP-1 analogs\"\n              ]\n            }\n          }\n        }\n      }\n    },\n    \"right\": {\n      \"AND\": {\n        \"left\": {\n          \"OR\": {\n            \"left\": {\n              \"raw_text\": \"Have participated in an interventional\",\n              \"Qualifier\": [\n                \"interventional\"\n              ]\n            },\n            \"right\": {\n              \"OR\": {\n                \"left\": {\n                  \"raw_text\": \"medical\",\n                  \"Qualifier\": [\n                    \"medical\"\n                  ]\n                },\n                \"right\": {\n                  \"OR\": {\n                    \"left\": {\n                      \"raw_text\": \"surgical\",\n                      \"Qualifier\": [\n                        \"surgical\"\n                      ]\n                    },\n                    \"right\": {\n                      \"OR\": {\n                        \"left\": {\n                          \"raw_text\": \"or pharmaceutical study\",\n                          \"Qualifier\": [\n                            \"pharmaceutical study\"\n                          ]\n                        }\n                      }\n                    }\n                  }\n                }\n              }\n            }\n          },\n          \"right\": {\n            \"raw_text\": \"within 30 days of screening.\",\n            \"Temporal\": [\n              \"within 30 days of screening\"\n            ]\n          }\n        },\n        \"right\": {\n          \"AND\": {\n            \"left\": {\n              \"OR\": {\n                \"left\": {\n                  \"raw_text\": \"Have characteristics contraindicating metformin\",\n                  \"Qualifier\": [\n                    \"contraindicating\"\n                  ]\n                },\n                \"right\": {\n                  \"raw_text\": \"or sulfonylurea use.\",\n                  \"Drug\": [\n                    \"sulfonylurea\"\n                  ],\n                  \"Qualifier\": [\n                    \"use\"\n                  ]\n                }\n              }\n            },\n            \"right\": {\n              \"AND\": {\n                \"left\": {\n                  \"raw_text\": \"Have been treated with exogenous insulin\",\n                  \"Qualifier\": [\n                    \"exogenous insulin\"\n                  ]\n                },\n                \"right\": {\n                  \"raw_text\": \"for more than 1 week within the 3 months prior to screening.\",\n                  \"Temporal\": [\n                    \"more than 1 week within the 3 months prior to screening\"\n                  ],\n                  \"Qualifier\": [\n                    \"prior to screening\"\n                  ]\n                }\n              }\n            }\n          }\n        }\n      }\n    },\n    \"right\": {\n      \"AND\": {\n        \"left\": {\n          \"OR\": {\n            \"left\": {\n              \"raw_text\": \"Have used drugs for weight loss\",\n              \"Qualifier\": [\n                \"used\"\n              ]\n            },\n            \"right\": {\n              \"raw_text\": \"within 1 month of screening.\",\n              \"Temporal\": [\n                \"within 1 month of screening\"\n              ]\n            }\n          }\n        }\n      }\n    }\n  }\n}" 

Die Daten wurden erfolgreich in '/work/eauten2s/ec_criteria_struct/transform_chia/model_output/p3_output/Llama-3-8B-Instruct_4_shot/Llama-3-8B-Instruct_NCT00324363_exc_4_shot.json' gespeichert.
File: NCT00324363_inc 

Das File: /work/eauten2s/ec_criteria_struct/transform_chia/input/half_clinical_trials/NCT00324363_inc.txt wurde erfolgreich geladen.

 Llama-3-8B-Instruct Output: 
  "{\n  \"AND\": {\n    \"left\": {\n      \"AND\": {\n        \"left\": {\n          \"raw_text\": \"Treated with a stable dose of one of the following\",\n          \"Qualifier\": [\n            \"stable dose\"\n          ],\n          \"Temporal\": [\n            \"at least 3 months prior to screening\"\n          ]\n        },\n        \"right\": {\n          \"OR\": {\n            \"left\": {\n              \"raw_text\": \"* >=1000 mg/day immediate-release metformin;\",\n              \"Drug\": [\n                \"metformin\"\n              ],\n              \"Value\": [\n                \">=1000 mg/day\"\n              ],\n              \"Qualifier\": [\n                \"immediate-release\"\n              ]\n            },\n            \"right\": {\n              \"OR\": {\n                \"left\": {\n                  \"raw_text\": \"or metformin >=1000 mg/day and sulfonylurea;\",\n                  \"Drug\": [\n                    \"metformin\",\n                    \"sulfonylurea\"\n                  ],\n                  \"Value\": [\n                    \">=1000 mg/day\"\n                  ],\n                  \"Qualifier\": [\n                    \"and\"\n                  ]\n                },\n                \"right\": {\n                  \"raw_text\": \"or sulfonylurea/metformin combination therapy.\",\n                  \"Drug\": [\n                    \"sulfonylurea\",\n                    \"metformin\"\n                  ],\n                  \"Qualifier\": [\n                    \"combination therapy\"\n                  ]\n                }\n              }\n            }\n          }\n        }\n      }\n    },\n    \"right\": {\n      \"AND\": {\n        \"left\": {\n          \"raw_text\": \"HbA1c between 7.1% and 11.0%, inclusive.\",\n          \"Measurement\": [\n            \"HbA1c\"\n          ],\n          \"Value\": [\n            \"between 7.1% and 11.0%\"\n          ],\n          \"Qualifier\": [\n            \"inclusive\"\n          ]\n        },\n        \"right\": {\n          \"AND\": {\n            \"left\": {\n              \"raw_text\": \"Body Mass Index (BMI) >21 kg/m^2\",\n              \"Measurement\": [\n                \"BMI\"\n              ],\n              \"Value\": [\n                \">21 kg/m^2\"\n              ]\n            },\n            \"right\": {\n              \"raw_text\": \"and <35 kg/m^2.\",\n              \"Value\": [\n                \"<35 kg/m^2\"\n              ]\n            }\n          }\n        }\n      }\n    }\n  }\n}" 

Die Daten wurden erfolgreich in '/work/eauten2s/ec_criteria_struct/transform_chia/model_output/p3_output/Llama-3-8B-Instruct_4_shot/Llama-3-8B-Instruct_NCT00324363_inc_4_shot.json' gespeichert.
File: NCT00343668_exc 

Das File: /work/eauten2s/ec_criteria_struct/transform_chia/input/half_clinical_trials/NCT00343668_exc.txt wurde erfolgreich geladen.

 Llama-3-8B-Instruct Output: 
  "{\n  \"AND\": {\n    \"left\": {\n      \"NOT\": {\n        \"left\": {\n          \"raw_text\": \"Adenocarcinoma\",\n          \"Condition\": [\n            \"adenocarcinoma\"\n          ],\n          \"Negation\": [\n            \"not\"\n          ]\n        }\n      }\n    },\n    \"right\": {\n      \"AND\": {\n        \"left\": {\n          \"OR\": {\n            \"left\": {\n              \"raw_text\": \"Central nervous system (CNS) metastases\",\n              \"Condition\": [\n                \"CNS metastases\"\n              ]\n            },\n            \"right\": {\n              \"raw_text\": \"or prior radiation for CNS metastases.\",\n              \"Procedure\": [\n                \"prior radiation\"\n              ],\n              \"Reference_point\": [\n                \"CNS metastases\"\n              ]\n            }\n          }\n        },\n        \"right\": {\n          \"AND\": {\n            \"left\": {\n              \"OR\": {\n                \"left\": {\n                  \"raw_text\": \"Gastric outlet obstruction\",\n                  \"Condition\": [\n                    \"Gastric outlet obstruction\"\n                  ]\n                },\n                \"right\": {\n                  \"raw_text\": \"or intestinal obstruction.\",\n                  \"Condition\": [\n                    \"intestinal obstruction\"\n                  ]\n                }\n              }\n            },\n            \"right\": {\n              \"AND\": {\n                \"left\": {\n                  \"raw_text\": \"Evidence of gastrointestinal bleeding.\",\n                  \"Condition\": [\n                    \"gastrointestinal bleeding\"\n                  ]\n                }\n              }\n            }\n          }\n        },\n        \"right\": {\n          \"AND\": {\n            \"left\": {\n              \"raw_text\": \"The patient has bony lesions as the sole evaluable disease.\",\n              \"Condition\": [\n                \"bony lesions\"\n              ],\n              \"Qualifier\": [\n                \"sole evaluable disease\"\n              ]\n            },\n            \"right\": {\n              \"AND\": {\n                \"left\": {\n                  \"OR\": {\n                    \"left\": {\n                      \"raw_text\": \"Past or concurrent history of neoplasm\",\n                      \"Condition\": [\n                        \"neoplasm\"\n                      ],\n                      \"Qualifier\": [\n                        \"past or concurrent history\"\n                      ]\n                    },\n                    \"right\": {\n                      \"NOT\": {\n                        \"left\": {\n                          \"OR\": {\n                            \"left\": {\n                              \"raw_text\": \"other than stomach cancer\",\n                              \"Condition\": [\n                                \"other than stomach cancer\"\n                              ],\n                              \"Negation\": [\n                                \"not\"\n                              ]\n                            },\n                            \"right\": {\n                              \"OR\": {\n                                \"left\": {\n                                  \"raw_text\": \"except for curatively treated non-melanoma skin cancer\",\n                                  \"Condition\": [\n                                    \"non-melanoma skin cancer\"\n                                  ],\n                                  \"Qualifier\": [\n                                    \"curatively treated\"\n                                  ]\n                                },\n                                \"right\": {\n                                  \"raw_text\": \"or in situ carcinoma of the cervix uteri.\",\n                                  \"Condition\": [\n                                    \"in situ carcinoma of the cervix uteri\"\n                                  ],\n                                  \"Qualifier\": [\n                                    \"in situ carcinoma of the cervix uteri\"\n                                  ]\n                                }\n                              }\n                            }\n                          }\n                        }\n                      }\n                    }\n                  }\n                },\n                \"right\": {\n                  \"AND\": {\n                    \"left\": {\n                      \"OR\": {\n                        \"left\": {\n                          \"raw_text\": \"Pregnant or lactating women\",\n                          \"Condition\": [\n                            \"Pregnant\",\n                            \"lactating women\"\n                          ]\n                        },\n                        \"right\": {\n                          \"raw_text\": \"women of childbearing potential not employing adequate contraception.\",\n                          \"Condition\": [\n                            \"women of childbearing potential\"\n                          ],\n                          \"Qualifier\": [\n                            \"not employing adequate contraception\"\n                          ]\n                        }\n                      }\n                    },\n                    \"right\": {\n                      \"AND\": {\n                        \"left\": {\n                          \"OR\": {\n                            \"left\": {\n                              \"raw_text\": \"Other serious illness or medical conditions\",\n                              \"Condition\": [\n                                \"Other serious illness or medical conditions\"\n                              ],\n                              \"Qualifier\": [\n                                \"serious illness or medical conditions\"\n                              ]\n                            },\n                            \"right\": {\n                              \"raw_text\": \"Unstable cardiac disease despite treatment\",\n                              \"Condition\": [\n                                \"Unstable cardiac disease despite treatment\"\n                              ],\n                              \"Qualifier\": [\n                                \"unstable cardiac disease despite treatment\"\n                              ]\n                            }\n                          }\n                        }\n                    }\n                    }\n                    }\n                    }\n                    }\n                    }\n                    }\n                    }\n                    }\n                    }\n                    }\n                    }\n                    }\n                    }\n                    }\n                    }\n                    }\n                    }\n                    }\n                    }\n                    }\n                    }\n                    }\n                    }\n                    }\n                    }\n                    }\n                    }\n                    }\n                    }\n                    }\n                    }\n                    }\n                    }\n                    }\n                    }\n                    }\n                    }\n                    }\n                    }\n                    }\n                    }\n                    }\n                    }\n                    }\n                    }\n                    }\n                    }\n                    }\n                    }\n                    }\n                    }\n                    }\n                    }\n                    }\n                    }\n                    }\n                    }\n                    }\n                    }\n                    }\n                    }\n                    }\n                    }\n                    }\n                    }\n                    }\n                    }\n                    }\n                    }\n                    }\n                    }\n                    }\n                    }\n                    }\n                    }\n                    }\n                    }\n                    }\n                    }\n                    }\n                    }\n                    }\n                    }\n                    }\n                    }\n                    }\n                    }\n                    }\n                    }\n                    }\n                    }\n                    }\n                    }\n                    }\n                    }\n                    }\n                    }\n                    }\n                    }\n                    }\n                    }\n                    }\n                    }\n                    }\n                    }\n                    }\n                    }\n                    }\n                    }\n                    }\n                    }\n                    }\n                    }\n                    }\n                    }\n                    }\n                    }\n                    }\n                    }\n                    }\n                    }\n                    }\n                    }\n                    }\n                    }\n                    }\n                    }\n                    }\n                    }\n                    }\n                    }\n                    }\n                    }\n                    }\n                    }\n                    }\n                    }\n                    }\n                    }\n                    }\n                    }\n                    }\n                    }\n                    }\n                    }\n                    }\n                    }\n                    }\n                    }\n                    }\n                    }\n                    }\n                    }\n                    }\n                    }\n                    }\n                    }\n                    }\n                    }\n                    }\n                    }\n                    }\n                    }\n                    }\n                    }\n                    }\n                    }\n                    }\n                    }\n                    }\n                    }\n                    }\n                    }\n                    }\n                    }\n                    }\n                    }\n                    }\n                    }\n                    }\n                    }\n                    }\n                    }\n                    }\n                    }\n                    }\n                    }\n                    }\n                    }\n                    }\n                    }\n                    }\n                    }\n                    }\n                    }\n                    }\n                    }\n                    }\n                    }\n                    }\n                    }\n                    }\n                    }\n                    }\n                    }\n                    }\n                    }\n                    }\n                    }\n                    }\n                    }\n                    }\n                    }\n                    }\n                    }\n                    }\n                    }\n                    }\n                    }\n                    }\n                    }\n                    }\n                    }\n                    }\n                    }\n                    }\n                    }\n                    }\n                    }\n                    }\n                    }\n                    }\n                    }\n                    }\n                    }\n                    }\n                    }\n                    }\n                    }\n                    }\n                    }\n                    }\n                    }\n                    }\n                    }\n                    }\n                    }\n                    }\n                    }\n                    }\n                    }\n                    }\n                    }\n                    }\n                    }\n                    }\n                    }\n                    }\n                    }\n                    }\n                    }\n                    }\n                    }\n                    }\n                    }\n                    }\n                    }\n                    }\n                    }\n                    }\n                    }\n                    }\n                    }\n                    }\n                    }\n                    }\n                    }\n                    }\n                    }\n                    }\n                    }\n                    }\n                    }\n                    }\n                    }\n                    }\n                    }\n                    }\n                    }\n                    }\n                    }\n 

Die Daten wurden erfolgreich in '/work/eauten2s/ec_criteria_struct/transform_chia/model_output/p3_output/Llama-3-8B-Instruct_4_shot/Llama-3-8B-Instruct_NCT00343668_exc_4_shot.json' gespeichert.
File: NCT00343668_inc 

Das File: /work/eauten2s/ec_criteria_struct/transform_chia/input/half_clinical_trials/NCT00343668_inc.txt wurde erfolgreich geladen.

 Llama-3-8B-Instruct Output: 
  "{\n  \"AND\": {\n    \"left\": {\n      \"AND\": {\n        \"left\": {\n          \"raw_text\": \"Pathologically proven unresectable adenocarcinoma of stomach\",\n          \"Condition\": [\n            \"adenocarcinoma of stomach\"\n          ],\n          \"Procedure\": [\n            \"pathologically proven\",\n            \"unresectable\"\n          ]\n        },\n        \"right\": {\n          \"raw_text\": \".\"\n        }\n      }\n    },\n    \"right\": {\n      \"AND\": {\n        \"left\": {\n          \"AND\": {\n            \"left\": {\n              \"raw_text\": \"With uni-dimensionally measurable disease\",\n              \"Condition\": [\n                \"uni-dimensionally measurable disease\"\n              ],\n              \"Qualifier\": [\n                \"measurable disease\"\n              ]\n            },\n            \"right\": {\n              \"AND\": {\n                \"left\": {\n                  \"raw_text\": \"(at least longest diameter 2 cm on conventional CT scan, x-ray or physical examination, or 1cm on spiral CT scan)\"\n                },\n                \"right\": {\n                  \"raw_text\": \".\"\n                }\n              }\n            }\n          }\n        },\n        \"right\": {\n          \"AND\": {\n            \"left\": {\n              \"AND\": {\n                \"left\": {\n                  \"raw_text\": \"Age\",\n                  \"Person\": [\n                    \"Age\"\n                  ]\n                },\n                \"right\": {\n                  \"raw_text\": \"18 to 70 years old\",\n                  \"Value\": [\n                    \"18 to 70 years old\"\n                  ]\n                }\n              }\n            },\n            \"right\": {\n              \"AND\": {\n                \"left\": {\n                  \"raw_text\": \"Estimated life expectancy of more than 3 months\",\n                  \"Temporal\": [\n                    \"more than 3 months\"\n                  ],\n                  \"Qualifier\": [\n                    \"estimated life expectancy\"\n                  ]\n                },\n                \"right\": {\n                  \"raw_text\": \".\"\n                }\n              }\n            }\n          }\n        }\n      }\n    }\n  }\n}" 

Die Daten wurden erfolgreich in '/work/eauten2s/ec_criteria_struct/transform_chia/model_output/p3_output/Llama-3-8B-Instruct_4_shot/Llama-3-8B-Instruct_NCT00343668_inc_4_shot.json' gespeichert.
File: NCT00344318_exc 

Das File: /work/eauten2s/ec_criteria_struct/transform_chia/input/half_clinical_trials/NCT00344318_exc.txt wurde erfolgreich geladen.

 Llama-3-8B-Instruct Output: 
  "{\n  \"AND\": {\n    \"left\": {\n      \"OR\": {\n        \"left\": {\n          \"raw_text\": \"Use of any investigational or non-registered product\",\n          \"Drug\": [\n            \"investigational or non-registered product\"\n          ],\n          \"Qualifier\": [\n            \"any\"\n          ],\n          \"Temporal\": [\n            \"within 30 days preceding the first dose of study vaccine\"\n          ],\n          \"Reference_point\": [\n            \"first dose of study vaccine\"\n          ],\n          \"Value\": [\n            \".\"\n          ]\n        },\n        \"right\": {\n          \"raw_text\": \"or planned use during the study period.\",\n          \"Qualifier\": [\n            \"planned use\"\n          ],\n          \"Temporal\": [\n            \"during the study period\"\n          ],\n          \"Value\": [\n            \".\"\n          ]\n        }\n      }\n    },\n    \"right\": {\n      \"AND\": {\n        \"left\": {\n          \"OR\": {\n            \"left\": {\n              \"raw_text\": \"Chronic administration of immunosuppressants\",\n              \"Drug\": [\n                \"immunosuppressants\"\n              ],\n              \"Qualifier\": [\n                \"chronic administration\"\n              ],\n              \"Temporal\": [\n                \"within six months prior to the first vaccine dose\"\n              ],\n              \"Reference_point\": [\n                \"first vaccine dose\"\n              ],\n              \"Value\": [\n                \".\"\n              ]\n            },\n            \"right\": {\n              \"raw_text\": \"or other immune-modifying drugs.\",\n              \"Drug\": [\n                \"other immune-modifying drugs\"\n              ],\n              \"Qualifier\": [\n                \"or other immune-modifying drugs\"\n              ],\n              \"Value\": [\n                \".\"\n              ]\n            }\n          }\n        },\n        \"right\": {\n          \"AND\": {\n            \"left\": {\n              \"OR\": {\n                \"left\": {\n                  \"raw_text\": \"Planned administration/administration of a vaccine\",\n                  \"Drug\": [\n                    \"vaccine\"\n                  ],\n                  \"Qualifier\": [\n                    \"planned administration/administration\"\n                  ],\n                  \"Temporal\": [\n                    \"during the period starting one month before each dose of vaccine(s) and ending 7 days after dose 1 and dose 2 or 1 month after dose 3.\",\n                    \"Reference_point\": [\n                      \"dose 1 and dose 2 or 1 month after dose 3\"\n                    ],\n                    \"Value\": [\n                      \".\"\n                    ]\n                  }\n                },\n                \"right\": {\n                  \"raw_text\": \"not foreseen by the study protocol.\",\n                  \"Qualifier\": [\n                    \"not foreseen by the study protocol\"\n                  ],\n                  \"Value\": [\n                    \".\"\n                  ]\n                }\n              }\n            }\n          }\n        }\n      }\n    }\n  }\n}" 

Die Daten wurden erfolgreich in '/work/eauten2s/ec_criteria_struct/transform_chia/model_output/p3_output/Llama-3-8B-Instruct_4_shot/Llama-3-8B-Instruct_NCT00344318_exc_4_shot.json' gespeichert.
File: NCT00344318_inc 

Das File: /work/eauten2s/ec_criteria_struct/transform_chia/input/half_clinical_trials/NCT00344318_inc.txt wurde erfolgreich geladen.

 Llama-3-8B-Instruct Output: 
  "{\n  \"AND\": {\n    \"left\": {\n      \"AND\": {\n        \"left\": {\n          \"OR\": {\n            \"left\": {\n              \"raw_text\": \"Male\",\n              \"Person\": [\n                \"Male\"\n              ]\n            },\n            \"right\": {\n              \"raw_text\": \"or female\",\n              \"Person\": [\n                \"Female\"\n              ]\n            }\n          },\n          \"right\": {\n            \"AND\": {\n              \"left\": {\n                \"raw_text\": \"between\",\n                \"Qualifier\": [\n                  \"between\"\n                ]\n              },\n              \"right\": {\n                \"raw_text\": \"and including\",\n                \"Qualifier\": [\n                  \"and including\"\n                ]\n              }\n            }\n          }\n        },\n        \"right\": {\n          \"raw_text\": \"6-12 weeks (42 to 90 days) of age at the time of the first vaccination.\",\n          \"Measurement\": [\n            \"age\"\n          ],\n          \"Value\": [\n            \"6-12 weeks (42 to 90 days)\"\n          ],\n          \"Temporal\": [\n            \"at the time of the first vaccination\"\n          ]\n        }\n      }\n    },\n    \"right\": {\n      \"AND\": {\n        \"left\": {\n          \"raw_text\": \"Subjects for whom the investigator believes that their parents/guardians can and will comply with the requirements of the protocol.\",\n          \"Qualifier\": [\n            \"can and will comply with the requirements of the protocol\"\n          ],\n          \"Condition\": [\n            \"parents/guardians\"\n          ],\n          \"Investigator\": [\n            \"investigator\"\n          ]\n        },\n        \"right\": {\n          \"AND\": {\n            \"left\": {\n              \"raw_text\": \"Written informed consent obtained from the parent or guardian of the subject.\",\n              \"Procedure\": [\n                \"Written informed consent\"\n              ],\n              \"Temporal\": [\n                \"obtained from the parent or guardian of the subject\"\n              ]\n            },\n            \"right\": {\n              \"AND\": {\n                \"left\": {\n                  \"raw_text\": \"Free of obvious health problems as established by medical history and clinical examination before entering into the study.\",\n                  \"Condition\": [\n                    \"health problems\"\n                  ],\n                  \"Procedure\": [\n                    \"medical history\",\n                    \"clinical examination\"\n                  ],\n                  \"Temporal\": [\n                    \"before entering into the study\"\n                  ]\n                },\n                \"right\": {\n                  \"AND\": {\n                    \"left\": {\n                      \"raw_text\": \"Born after a gestation period between 36 and 42 weeks.\",\n                      \"Condition\": [\n                        \"gestation period\"\n                      ],\n                      \"Value\": [\n                        \"36 and 42 weeks\"\n                      ],\n                      \"Temporal\": [\n                        \"after\"\n                      ]\n                    }\n                  }\n                }\n              }\n            }\n          }\n        }\n      }\n    }\n  }\n}" 

Die Daten wurden erfolgreich in '/work/eauten2s/ec_criteria_struct/transform_chia/model_output/p3_output/Llama-3-8B-Instruct_4_shot/Llama-3-8B-Instruct_NCT00344318_inc_4_shot.json' gespeichert.
File: NCT00351611_exc 

Das File: /work/eauten2s/ec_criteria_struct/transform_chia/input/half_clinical_trials/NCT00351611_exc.txt wurde erfolgreich geladen.

 Llama-3-8B-Instruct Output: 
  "{\n  \"AND\": {\n    \"left\": {\n      \"OR\": {\n        \"left\": {\n          \"raw_text\": \"Pre-existing eye diseases\",\n          \"Condition\": [\n            \"eye diseases\"\n          ],\n          \"Qualifier\": [\n            \"pre-existing\"\n          ]\n        },\n        \"right\": {\n          \"raw_text\": \"(glaucoma).\",\n          \"Condition\": [\n            \"glaucoma\"\n          ]\n        }\n      }\n    },\n    \"right\": {\n      \"AND\": {\n        \"left\": {\n          \"OR\": {\n            \"left\": {\n              \"raw_text\": \"Insufficient response to pregabalin\",\n              \"Drug\": [\n                \"pregabalin\"\n              ],\n              \"Qualifier\": [\n                \"insufficient response\"\n              ]\n            },\n            \"right\": {\n              \"raw_text\": \"in the treatment of partial seizure,\",\n              \"Condition\": [\n                \"partial seizure\"\n              ],\n              \"Qualifier\": [\n                \"in the treatment of\"\n              ]\n            }\n          },\n          \"right\": {\n            \"raw_text\": \"or patients currently receiving pregabalin treatment.\",\n            \"Drug\": [\n              \"pregabalin\"\n            ],\n            \"Qualifier\": [\n              \"currently receiving treatment\"\n            ]\n          }\n        }\n      }\n    }\n  }\n}" 

Die Daten wurden erfolgreich in '/work/eauten2s/ec_criteria_struct/transform_chia/model_output/p3_output/Llama-3-8B-Instruct_4_shot/Llama-3-8B-Instruct_NCT00351611_exc_4_shot.json' gespeichert.
File: NCT00351611_inc 

Das File: /work/eauten2s/ec_criteria_struct/transform_chia/input/half_clinical_trials/NCT00351611_inc.txt wurde erfolgreich geladen.

 Llama-3-8B-Instruct Output: 
  "{\n  \"AND\": {\n    \"left\": {\n      \"AND\": {\n        \"left\": {\n          \"raw_text\": \"Epilepsy partial seizure subjects.\",\n          \"Condition\": [\n            \"Epilepsy\",\n            \"partial seizure\"\n          ],\n          \"Value\": [\n            \".\"\n          ]\n        }\n      }\n    },\n    \"right\": {\n      \"AND\": {\n        \"left\": {\n          \"raw_text\": \"Currently taking\",\n          \"Procedure\": [\n            \"taking\"\n          ]\n        },\n        \"right\": {\n          \"OR\": {\n            \"left\": {\n              \"raw_text\": \"1 to 3 antiepileptic drugs.\",\n              \"Drug\": [\n                \"antiepileptic drugs\"\n              ],\n              \"Value\": [\n                \"1 to 3\"\n              ]\n            }\n          }\n        }\n      }\n    }\n  }\n}" 

Die Daten wurden erfolgreich in '/work/eauten2s/ec_criteria_struct/transform_chia/model_output/p3_output/Llama-3-8B-Instruct_4_shot/Llama-3-8B-Instruct_NCT00351611_inc_4_shot.json' gespeichert.
File: NCT00356148_exc 

Das File: /work/eauten2s/ec_criteria_struct/transform_chia/input/half_clinical_trials/NCT00356148_exc.txt wurde erfolgreich geladen.

 Llama-3-8B-Instruct Output: 
  "{\n  \"AND\": {\n    \"left\": {\n      \"OR\": {\n        \"left\": {\n          \"raw_text\": \"Ductal carcinoma in situ (DCIS; stage 0 cancer)\"\n        },\n        \"right\": {\n          \"OR\": {\n            \"left\": {\n              \"raw_text\": \"Advanced or distant metastatic stage\"\n            },\n            \"right\": {\n              \"raw_text\": \"stage\"\n            }\n          }\n        }\n      }\n    },\n    \"right\": {\n      \"AND\": {\n        \"left\": {\n          \"raw_text\": \"Receiving any neoadjuvant therapy\"\n        },\n        \"right\": {\n          \"AND\": {\n            \"left\": {\n              \"OR\": {\n                \"left\": {\n                  \"raw_text\": \"History of receiving any antibiotics within prior 3 months\"\n                },\n                \"right\": {\n                  \"raw_text\": \"History of immunodeficiency\"\n                }\n              }\n            },\n            \"right\": {\n              \"OR\": {\n                \"left\": {\n                  \"raw_text\": \"Having a remote infection\"\n                },\n                \"right\": {\n                  \"raw_text\": \"History of reaction to study antibiotics\"\n                }\n              }\n            }\n          }\n        },\n        \"right\": {\n          \"AND\": {\n            \"left\": {\n              \"raw_text\": \"Denial of signing the consent form\"\n            }\n          }\n        }\n      }\n    }\n  }\n}" 

Die Daten wurden erfolgreich in '/work/eauten2s/ec_criteria_struct/transform_chia/model_output/p3_output/Llama-3-8B-Instruct_4_shot/Llama-3-8B-Instruct_NCT00356148_exc_4_shot.json' gespeichert.
File: NCT00356148_inc 

Das File: /work/eauten2s/ec_criteria_struct/transform_chia/input/half_clinical_trials/NCT00356148_inc.txt wurde erfolgreich geladen.

 Llama-3-8B-Instruct Output: 
  "{\n  \"AND\": {\n    \"left\": {\n      \"AND\": {\n        \"left\": {\n          \"raw_text\": \"Women\",\n          \"Person\": [\n            \"Women\"\n          ]\n        },\n        \"right\": {\n          \"OR\": {\n            \"left\": {\n              \"raw_text\": \"at any age\",\n              \"Qualifier\": [\n                \"any age\"\n              ]\n            },\n            \"right\": {\n              \"raw_text\": \"with early stage breast cancer\",\n              \"Condition\": [\n                \"early stage breast cancer\"\n              ],\n              \"Value\": [\n                \".\"\n              ]\n            }\n          }\n        }\n      },\n      \"right\": {\n        \"AND\": {\n          \"left\": {\n            \"raw_text\": \"and\",\n            \"Qualifier\": [\n              \"and\"\n            ]\n          },\n          \"right\": {\n            \"AND\": {\n              \"left\": {\n                \"raw_text\": \"American Society of Anesthesiologists\",\n                \"Organization\": [\n                  \"American Society of Anesthesiologists\"\n                ]\n              },\n              \"right\": {\n                \"OR\": {\n                  \"left\": {\n                    \"raw_text\": \"score of I\",\n                    \"Measurement\": [\n                      \"score\"\n                    ],\n                    \"Value\": [\n                      \"I\"\n                    ]\n                  },\n                  \"right\": {\n                    \"raw_text\": \"or II.\",\n                    \"Value\": [\n                      \"II\"\n                    ]\n                  }\n                }\n              }\n            }\n          }\n        }\n      }\n    }\n  }\n}" 

Die Daten wurden erfolgreich in '/work/eauten2s/ec_criteria_struct/transform_chia/model_output/p3_output/Llama-3-8B-Instruct_4_shot/Llama-3-8B-Instruct_NCT00356148_inc_4_shot.json' gespeichert.
File: NCT00379366_exc 

Das File: /work/eauten2s/ec_criteria_struct/transform_chia/input/half_clinical_trials/NCT00379366_exc.txt wurde erfolgreich geladen.

 Llama-3-8B-Instruct Output: 
  Here is the study in JSON format with logical operators:

```
{
  "AND": {
    "left": {
      "NOT": {
        "left": {
          "OR": {
            "left": {
              "raw_text": "contra-indications of radiotherapy",
              "Condition": ["contra-indications of radiotherapy"]
            },
            "right": {
              "raw_text": "angioplasty with stenting"
            }
          }
        }
      }
    }
  }
}
```

Entitys:

* contra-indications of radiotherapy
* angioplasty with stenting

Relations:

* contra-indications of radiotherapy is NOT angioplasty with stenting 

Die Daten wurden erfolgreich in '/work/eauten2s/ec_criteria_struct/transform_chia/model_output/p3_output/Llama-3-8B-Instruct_4_shot/Llama-3-8B-Instruct_NCT00379366_exc_4_shot.json' gespeichert.
File: NCT00379366_inc 

Das File: /work/eauten2s/ec_criteria_struct/transform_chia/input/half_clinical_trials/NCT00379366_inc.txt wurde erfolgreich geladen.

 Llama-3-8B-Instruct Output: 
  "{\n  \"AND\": {\n    \"left\": {\n      \"AND\": {\n        \"left\": {\n          \"raw_text\": \"over 18 years\",\n          \"Condition\": [\n            \"over 18 years\"\n          ]\n        },\n        \"right\": {\n          \"raw_text\": \"\",\n          \"Value\": [\n            \"\"\n          ]\n        }\n      }\n    },\n    \"right\": {\n      \"AND\": {\n        \"left\": {\n          \"AND\": {\n            \"left\": {\n              \"raw_text\": \"successful angioplasty\",\n              \"Procedure\": [\n                \"angioplasty\"\n              ]\n            },\n            \"right\": {\n              \"AND\": {\n                \"left\": {\n                  \"raw_text\": \"(residual stenosis < 30%)\",\n                  \"Measurement\": [\n                    \"residual stenosis\"\n                  ],\n                  \"Value\": [\n                    \"< 30%\"\n                  ]\n                },\n                \"right\": {\n                  \"AND\": {\n                    \"left\": {\n                      \"raw_text\": \"on a significant stenosis\",\n                      \"Condition\": [\n                        \"significant stenosis\"\n                      ]\n                    },\n                    \"right\": {\n                      \"AND\": {\n                        \"left\": {\n                          \"raw_text\": \"(maximal systolic speed 3 times > from basal maximal systolic speed\",\n                          \"Measurement\": [\n                            \"maximal systolic speed\"\n                          ],\n                          \"Qualifier\": [\n                            \"3 times > from basal\"\n                          ]\n                        },\n                        \"right\": {\n                          \"AND\": {\n                            \"left\": {\n                              \"raw_text\": \", stenosis > 70% on angiography)\"\n                            },\n                            \"Condition\": [\n                              \"stenosis\",\n                              \"angiography\"\n                            ],\n                            \"Value\": [\n                              \"> 70%\"\n                            ]\n                          }\n                        }\n                      }\n                    }\n                  }\n                }\n              }\n            },\n            \"right\": {\n              \"raw_text\": \"on the venous-prosthesis anastomosis or on the venous segment 5 cm after the anastomosis of a prosthetic haemodialysis vascular access (at least 1 month old)\"\n            }\n          }\n        },\n        \"right\": {\n          \"OR\": {\n            \"left\": {\n              \"raw_text\": \"social security affiliation\",\n              \"Condition\": [\n                \"social security affiliation\"\n              ]\n            },\n            \"right\": {\n              \"raw_text\": \"signed informed consent\"\n            }\n          }\n        }\n      }\n    }\n  }\n}" 

Die Daten wurden erfolgreich in '/work/eauten2s/ec_criteria_struct/transform_chia/model_output/p3_output/Llama-3-8B-Instruct_4_shot/Llama-3-8B-Instruct_NCT00379366_inc_4_shot.json' gespeichert.
File: NCT00391690_exc 

Das File: /work/eauten2s/ec_criteria_struct/transform_chia/input/half_clinical_trials/NCT00391690_exc.txt wurde erfolgreich geladen.

 Llama-3-8B-Instruct Output: 
  "{\n  \"AND\": {\n    \"left\": {\n      \"OR\": {\n        \"left\": {\n          \"raw_text\": \"Prior treatment with a bisphosphonate\",\n          \"Drug\": [\n            \"bisphosphonate\"\n          ],\n          \"Temporal\": [\n            \"prior\"\n          ]\n        }\n      }\n    },\n    \"right\": {\n      \"AND\": {\n        \"left\": {\n          \"AND\": {\n            \"left\": {\n              \"raw_text\": \"Abnormal renal function\",\n              \"Condition\": [\n                \"renal function\"\n              ],\n              \"Qualifier\": [\n                \"Abnormal\"\n              ]\n            },\n            \"right\": {\n              \"raw_text\": \"as evidenced by a calculated creatinine clearance < 30 ml/minute.\",\n              \"Measurement\": [\n                \"calculated creatinine clearance\"\n              ],\n              \"Value\": [\n                \".\"\n              ]\n            }\n          }\n        },\n        \"right\": {\n          \"AND\": {\n            \"left\": {\n              \"OR\": {\n                \"left\": {\n                  \"raw_text\": \"Corrected (adjusted for serum albumin) serum calcium concentration < 8.0 mg/dl\",\n                  \"Measurement\": [\n                    \"serum calcium concentration\"\n                  ],\n                  \"Value\": [\n                    \".\"\n                  ],\n                  \"Qualifier\": [\n                    \"Corrected\",\n                    \"adjusted for serum albumin\"\n                  ]\n                },\n                \"right\": {\n                  \"raw_text\": \"(2.00 mmol/L) or ≥ 12.0 mg/dl (3.00 mmol/L).\",\n                  \"Value\": [\n                    \".\"\n                  ]\n                }\n              }\n            },\n            \"right\": {\n              \"AND\": {\n                \"left\": {\n                  \"OR\": {\n                    \"left\": {\n                      \"raw_text\": \"Patients with clinically symptomatic brain metastases\",\n                      \"Condition\": [\n                        \"brain metastases\"\n                      ],\n                      \"Qualifier\": [\n                        \"clinically symptomatic\"\n                      ]\n                    },\n                    \"right\": {\n                      \"raw_text\": \"or\",\n                      \"Qualifier\": [\n                        \"or\"\n                      ]\n                    }\n                  }\n                },\n                \"right\": {\n                  \"OR\": {\n                    \"left\": {\n                      \"raw_text\": \"History of diseases with influence on bone metabolism\",\n                      \"Condition\": [\n                        \"diseases with influence on bone metabolism\"\n                      ],\n                      \"Qualifier\": [\n                        \"History of\",\n                        \"influence on bone metabolism\"\n                      ]\n                    },\n                    \"right\": {\n                      \"OR\": {\n                        \"left\": {\n                          \"raw_text\": \"such as Paget's disease\",\n                          \"Condition\": [\n                            \"Paget's disease\"\n                          ],\n                          \"Qualifier\": [\n                            \"such as\"\n                          ]\n                        },\n                        \"right\": {\n                          \"raw_text\": \"and primary hyperparathyroidism\",\n                          \"Condition\": [\n                            \"primary hyperparathyroidism\"\n                          ],\n                          \"Qualifier\": [\n                            \"and\"\n                          ]\n                        }\n                      }\n                    }\n                  }\n                }\n              }\n            }\n          }\n        }\n      }\n    }\n  }\n}" 

Die Daten wurden erfolgreich in '/work/eauten2s/ec_criteria_struct/transform_chia/model_output/p3_output/Llama-3-8B-Instruct_4_shot/Llama-3-8B-Instruct_NCT00391690_exc_4_shot.json' gespeichert.
File: NCT00391690_inc 

Das File: /work/eauten2s/ec_criteria_struct/transform_chia/input/half_clinical_trials/NCT00391690_inc.txt wurde erfolgreich geladen.

 Llama-3-8B-Instruct Output: 
  "{\n  \"AND\": {\n    \"left\": {\n      \"AND\": {\n        \"left\": {\n          \"OR\": {\n            \"left\": {\n              \"raw_text\": \"Patients with histologically confirmed diagnosis of prostate cancer\",\n              \"Condition\": [\n                \"prostate cancer\"\n              ],\n              \"Procedure\": [\n                \"histologically confirmed diagnosis\"\n              ]\n            },\n            \"right\": {\n              \"raw_text\": \"who have not yet developed bone metastases\",\n              \"Condition\": [\n                \"bone metastases\"\n              ],\n              \"Negation\": [\n                \"not yet developed\"\n              ]\n            }\n          }\n        },\n        \"right\": {\n          \"OR\": {\n            \"left\": {\n              \"raw_text\": \"Prostate cancer patients with a rise in PSA under hormone therapy.\",\n              \"Condition\": [\n                \"prostate cancer\"\n              ],\n              \"Measurement\": [\n                \"PSA\"\n              ],\n              \"Qualifier\": [\n                \"rise\",\n                \"under hormone therapy\"\n              ]\n            }\n          }\n        }\n      }\n    },\n    \"right\": {\n      \"AND\": {\n        \"left\": {\n          \"AND\": {\n            \"left\": {\n              \"OR\": {\n                \"left\": {\n                  \"raw_text\": \"PSA criteria: Patients who have undergone prostatectomy\",\n                  \"Condition\": [\n                    \"prostatectomy\"\n                  ],\n                  \"Qualifier\": [\n                    \"PSA criteria\"\n                  ]\n                },\n                \"right\": {\n                  \"OR\": {\n                    \"left\": {\n                      \"raw_text\": \": any rise in PSA or\",\n                      \"Measurement\": [\n                        \"PSA\"\n                      ],\n                      \"Qualifier\": [\n                        \"any rise\"\n                      ]\n                    },\n                    \"right\": {\n                      \"raw_text\": \"Patients without prostatectomy: 2 consecutive rises in PSA levels relative to a previous reference value, separated by one month.\",\n                      \"Condition\": [\n                        \"prostatectomy\"\n                      ],\n                      \"Qualifier\": [\n                        \"without prostatectomy\"\n                      ],\n                      \"Measurement\": [\n                        \"PSA levels\"\n                      ],\n                      \"Temporal\": [\n                        \"2 consecutive rises\",\n                        \"separated by one month\"\n                      ],\n                      \"Reference_point\": [\n                        \"previous reference value\"\n                      ],\n                      \"Value\": [\n                        \".\"\n                      ]\n                    }\n                  }\n                }\n              }\n            },\n            \"right\": {\n              \"AND\": {\n                \"left\": {\n                  \"raw_text\": \"The first measurement must occur one month after the reference value and must be above the reference value.\",\n                  \"Temporal\": [\n                    \"one month after the reference value\"\n                  ],\n                  \"Qualifier\": [\n                    \"must be above the reference value\"\n                  ]\n                },\n                \"right\": {\n                  \"raw_text\": \"The second confirmatory measurement taken one month after the first measurement must be greater than the first measurement.\",\n                  \"Temporal\": [\n                    \"one month after the first measurement\"\n                  ],\n                  \"Qualifier\": [\n                    \"greater than the first measurement\"\n                  ]\n                }\n              }\n            }\n          }\n        },\n        \"right\": {\n          \"AND\": {\n            \"left\": {\n              \"raw_text\": \"Previous chemotherapy or radiotherapy must have been performed ≥ 8 weeks prior to study entry.\",\n              \"Procedure\": [\n                \"chemotherapy\",\n                \"radiotherapy\"\n              ],\n              \"Temporal\": [\n                \"≥ 8 weeks prior to study entry\"\n              ]\n            },\n            \"right\": {\n              \"AND\": {\n                \"left\": {\n                  \"raw_text\": \"Eastern Cooperative Oncology Group (ECOG) score of 0, 1 or 2\",\n                  \"Measurement\": [\n                    \"ECOG score\"\n                  ],\n                  \"Value\": [\n                    \"0, 1 or 2\"\n                  ],\n                  \"Qualifier\": [\n                    \"ECOG score of 0, 1 or 2\"\n                  ],\n                  \"Condition\": [\n                    \"ECOG score of 0, 1 or 2\"\n                  ],\n                  \"Qualifier\": [\n                    \"ECOG score of 0, 1 or 2\"\n                  ]\n                },\n                \"right\": {\n                  \"raw_text\": \"(patients that spend less than 50% of time in bed during the day)\"\n                }\n              }\n            }\n          }\n        }\n      }\n    }\n  }\n}" 

Die Daten wurden erfolgreich in '/work/eauten2s/ec_criteria_struct/transform_chia/model_output/p3_output/Llama-3-8B-Instruct_4_shot/Llama-3-8B-Instruct_NCT00391690_inc_4_shot.json' gespeichert.
File: NCT00396734_exc 

Das File: /work/eauten2s/ec_criteria_struct/transform_chia/input/half_clinical_trials/NCT00396734_exc.txt wurde erfolgreich geladen.

 Llama-3-8B-Instruct Output: 
  "{\n  \"AND\": {\n    \"left\": {\n      \"AND\": {\n        \"left\": {\n          \"OR\": {\n            \"left\": {\n              \"raw_text\": \"use more than 2g a day\",\n              \"Value\": [\n                \"more than 2g\"\n              ],\n              \"Qualifier\": [\n                \"a day\"\n              ]\n            },\n            \"right\": {\n              \"raw_text\": \"5 times a week to everyday\",\n              \"Qualifier\": [\n                \"times a week\",\n                \"everyday\"\n              ],\n              \"Temporal\": [\n                \"5 times a week to everyday\"\n              ]\n            }\n          }\n        },\n        \"right\": {\n          \"AND\": {\n            \"left\": {\n              \"OR\": {\n                \"left\": {\n                  \"raw_text\": \"Subjects who are diagnosed as suffering from psychotic illness\",\n                  \"Condition\": [\n                    \"psychotic illness\"\n                  ],\n                  \"Qualifier\": [\n                    \"suffering from\"\n                  ],\n                  \"Reference_point\": [\n                    \"DSM-IV (Axis 1)22\"\n                  ]\n                },\n                \"right\": {\n                  \"OR\": {\n                    \"left\": {\n                      \"raw_text\": \"or with a history of CNS disease\",\n                      \"Condition\": [\n                        \"CNS disease\"\n                      ],\n                      \"Qualifier\": [\n                        \"history of\"\n                      ]\n                    },\n                    \"right\": {\n                      \"OR\": {\n                        \"left\": {\n                          \"raw_text\": \", a history of infection that might affect CNS\",\n                          \"Condition\": [\n                            \"infection\"\n                          ],\n                          \"Qualifier\": [\n                            \"history of\",\n                            \"might affect CNS\"\n                          ]\n                        },\n                        \"right\": {\n                          \"OR\": {\n                            \"left\": {\n                              \"raw_text\": \", HIV\",\n                              \"Condition\": [\n                                \"HIV\"\n                              ]\n                            },\n                            \"right\": {\n                              \"OR\": {\n                                \"left\": {\n                                  \"raw_text\": \", syphilis\",\n                                  \"Condition\": [\n                                    \"syphilis\"\n                                  ]\n                                },\n                                \"right\": {\n                                  \"OR\": {\n                                    \"left\": {\n                                      \"raw_text\": \", cytomegalovirus\",\n                                      \"Condition\": [\n                                        \"cytomegalovirus\"\n                                      ]\n                                    },\n                                    \"right\": {\n                                      \"OR\": {\n                                        \"left\": {\n                                          \"raw_text\": \", herpes\",\n                                          \"Condition\": [\n                                            \"herpes\"\n                                          ]\n                                        },\n                                        \"right\": {\n                                          \"raw_text\": \", or a history of head injury with loss of consciousness\",\n                                          \"Condition\": [\n                                            \"head injury\"\n                                          ],\n                                          \"Qualifier\": [\n                                            \"history of\",\n                                            \"with loss of consciousness\"\n                                          ]\n                                        }\n                                      }\n                                    }\n                                  }\n                                }\n                              }\n                            }\n                          }\n                        }\n                      }\n                    }\n                  }\n                }\n              }\n            }\n          }\n        }\n      }\n    },\n    \"right\": {\n      \"AND\": {\n        \"left\": {\n          \"raw_text\": \"pregnant women.\",\n          \"Condition\": [\n            \"pregnant women\"\n          ],\n          \"Value\": [\n            \".\"\n          ]\n        }\n      }\n    }\n  }\n}" 

Die Daten wurden erfolgreich in '/work/eauten2s/ec_criteria_struct/transform_chia/model_output/p3_output/Llama-3-8B-Instruct_4_shot/Llama-3-8B-Instruct_NCT00396734_exc_4_shot.json' gespeichert.
File: NCT00396734_inc 

Das File: /work/eauten2s/ec_criteria_struct/transform_chia/input/half_clinical_trials/NCT00396734_inc.txt wurde erfolgreich geladen.

 Llama-3-8B-Instruct Output: 
  "{\n  \"AND\": {\n    \"left\": {\n      \"AND\": {\n        \"left\": {\n          \"raw_text\": \"Methadone-maintained cocaine-dependent patients\",\n          \"Condition\": [\n            \"cocaine-dependent patients\"\n          ],\n          \"Qualifier\": [\n            \"Methadone-maintained\"\n          ]\n        },\n        \"right\": {\n          \"AND\": {\n            \"left\": {\n              \"raw_text\": \"use between 1g to 2g a day\",\n              \"Measurement\": [\n                \"1g to 2g\"\n              ],\n              \"Temporal\": [\n                \"a day\"\n              ]\n            },\n            \"right\": {\n              \"raw_text\": \"; 1 to 3 times a week\",\n              \"Qualifier\": [\n                \";\"\n              ],\n              \"Temporal\": [\n                \"1 to 3 times a week\"\n              ]\n            }\n          }\n        }\n      }\n    }\n  }\n}" 

Die Daten wurden erfolgreich in '/work/eauten2s/ec_criteria_struct/transform_chia/model_output/p3_output/Llama-3-8B-Instruct_4_shot/Llama-3-8B-Instruct_NCT00396734_inc_4_shot.json' gespeichert.
File: NCT00397215_exc 

Das File: /work/eauten2s/ec_criteria_struct/transform_chia/input/half_clinical_trials/NCT00397215_exc.txt wurde erfolgreich geladen.

 Llama-3-8B-Instruct Output: 
  "{\n  \"AND\": {\n    \"left\": {\n      \"AND\": {\n        \"left\": {\n          \"OR\": {\n            \"left\": {\n              \"raw_text\": \"Administration of the licensed MF59-containing vaccines\",\n              \"Drug\": [\n                \"MF59-containing vaccines\"\n              ],\n              \"Qualifier\": [\n                \"licensed\"\n              ],\n              \"Temporal\": [\n                \"during the 2006-2007 influenza season\"\n              ],\n              \"Value\": [\n                \"e.g. Fluad™ or Addigrip™ or virosome-based influenza vaccines such as Inflexal V™, InfectoVac Flu™ or Invivac™\"\n              ]\n            },\n            \"right\": {\n              \"raw_text\": \"or vaccines such as Inflexal V™, InfectoVac Flu™ or Invivac™.\",\n              \"Value\": [\n                \"e.g. Inflexal V™, InfectoVac Flu™ or Invivac™\"\n              ]\n            }\n          }\n        },\n        \"right\": {\n          \"AND\": {\n            \"left\": {\n              \"OR\": {\n                \"left\": {\n                  \"raw_text\": \"Administration of licensed vaccines\",\n                  \"Drug\": [\n                    \"licensed vaccines\"\n                  ],\n                  \"Qualifier\": [\n                    \"within 2 weeks (for inactivated vaccines) or 4 weeks (for live vaccines) prior to enrolment in this study.\",\n                    \"Temporal\": [\n                      \"within 2 weeks (for inactivated vaccines) or 4 weeks (for live vaccines) prior to enrolment in this study\"\n                    ]\n                  }\n                },\n                \"right\": {\n                  \"raw_text\": \"or planned administration of a vaccine not foreseen by the study protocol up to 30 days after the second vaccination with H5N1 vaccine.\",\n                  \"Temporal\": [\n                    \"up to 30 days after the second vaccination with H5N1 vaccine\"\n                  ]\n                }\n              }\n            },\n            \"right\": {\n              \"AND\": {\n                \"left\": {\n                  \"OR\": {\n                    \"left\": {\n                      \"raw_text\": \"Chronic administration of immunosuppressants\",\n                      \"Drug\": [\n                        \"immunosuppressants\"\n                      ],\n                      \"Qualifier\": [\n                        \"chronic\"\n                      ],\n                      \"Temporal\": [\n                        \"within six months prior to the first administration of the study vaccine.\",\n                        \"within 14 days\"\n                      ]\n                    },\n                    \"right\": {\n                      \"raw_text\": \"or other immune-modifying drugs within six months prior to the first administration of the study vaccine.\",\n                      \"Drug\": [\n                        \"other immune-modifying drugs\"\n                      ],\n                      \"Temporal\": [\n                        \"within six months prior to the first administration of the study vaccine.\",\n                        \"within 14 days\"\n                      ]\n                    }\n                  }\n                },\n                \"right\": {\n                  \"AND\": {\n                    \"left\": {\n                      \"OR\": {\n                        \"left\": {\n                          \"raw_text\": \"Any confirmed or suspected immunosuppressive or immunodeficient condition\",\n                          \"Condition\": [\n                            \"immunosuppressive or immunodeficient condition\"\n                          ],\n                          \"Qualifier\": [\n                            \"confirmed or suspected\"\n                          ],\n                          \"Temporal\": [\n                            \"based on medical history and physical examination (no laboratory testing required).\",\n                            \"within six months prior to the first administration of the study vaccine.\",\n                            \"within 14 days\"\n                          ]\n                        },\n                        \"right\": {\n                          \"raw_text\": \"History of chronic alcohol consumption and/or drug abuse.\",\n                          \"Condition\": [\n                            \"chronic alcohol consumption and/or drug abuse\"\n                          ],\n                          \"Qualifier\": [\n                            \"chronic\"\n                          ],\n                          \"Temporal\": [\n                            \"within six months prior to the first administration of the study vaccine.\",\n                            \"within 14 days\"\n                          ]\n                        }\n                      }\n                    }\n                  }\n                }\n              }\n            }\n        }\n      }\n  }\n  }\n    }\n  }\n  }\n  }\n  }\n  }\n  }\n  }\n  }\n  }\n  }\n  }\n  }\n  }\n  }\n  }\n  }\n  }\n  }\n  }\n  }\n  }\n  }\n  }\n  }\n  }\n  }\n  }\n  }\n  }\n  }\n  }\n  }\n  }\n  }\n  }\n  }\n  }\n  }\n  }\n  }\n  }\n  }\n  }\n  }\n 

Die Daten wurden erfolgreich in '/work/eauten2s/ec_criteria_struct/transform_chia/model_output/p3_output/Llama-3-8B-Instruct_4_shot/Llama-3-8B-Instruct_NCT00397215_exc_4_shot.json' gespeichert.
File: NCT00397215_inc 

Das File: /work/eauten2s/ec_criteria_struct/transform_chia/input/half_clinical_trials/NCT00397215_inc.txt wurde erfolgreich geladen.

 Llama-3-8B-Instruct Output: 
  "{\n  \"AND\": {\n    \"left\": {\n      \"raw_text\": \"Subjects who the investigator believes that they can and will comply with the requirements of the protocol should be enrolled in the study.\",\n      \"Qualifier\": [\n        \"investigator believes\",\n        \"can and will comply with the requirements of the protocol\",\n        \"should be enrolled in the study\"\n      ],\n      \"Condition\": [\n        \"Subjects\"\n      ]\n    },\n    \"right\": {\n      \"AND\": {\n        \"left\": {\n          \"OR\": {\n            \"left\": {\n              \"raw_text\": \"A male\",\n              \"Person\": [\n                \"male\"\n              ]\n            },\n            \"right\": {\n              \"OR\": {\n                \"left\": {\n                  \"raw_text\": \"or female\",\n                  \"Person\": [\n                    \"female\"\n                  ]\n                }\n              }\n            }\n          },\n          \"right\": {\n            \"raw_text\": \"aged 61 years or above at the time of the first vaccination.\",\n            \"Measurement\": [\n              \"aged\"\n            ],\n            \"Value\": [\n              \"61 years or above\"\n            ],\n            \"Temporal\": [\n              \"at the time of the first vaccination\"\n            ],\n            \"Condition\": [\n              \"first vaccination\"\n            ]\n          }\n        },\n        \"right\": {\n          \"AND\": {\n            \"left\": {\n              \"raw_text\": \"Written informed consent obtained from the subject.\",\n              \"Procedure\": [\n                \"written informed consent\"\n              ],\n              \"Temporal\": [\n                \"obtained from the subject\"\n              ],\n              \"Condition\": [\n                \"subject\"\n              ]\n            },\n            \"right\": {\n              \"AND\": {\n                \"left\": {\n                  \"OR\": {\n                    \"left\": {\n                      \"raw_text\": \"Healthy subjects\",\n                      \"Condition\": [\n                        \"healthy subjects\"\n                      ]\n                    },\n                    \"right\": {\n                      \"OR\": {\n                        \"left\": {\n                          \"raw_text\": \"or subjects with well controlled underlying disease.\",\n                          \"Condition\": [\n                            \"well controlled underlying disease\"\n                          ],\n                          \"Qualifier\": [\n                            \"well controlled\"\n                          ]\n                        }\n                      }\n                    }\n                  }\n                }\n              }\n            }\n          }\n        }\n      }\n    }\n  }\n}" 

Die Daten wurden erfolgreich in '/work/eauten2s/ec_criteria_struct/transform_chia/model_output/p3_output/Llama-3-8B-Instruct_4_shot/Llama-3-8B-Instruct_NCT00397215_inc_4_shot.json' gespeichert.
File: NCT00401245_exc 

Das File: /work/eauten2s/ec_criteria_struct/transform_chia/input/half_clinical_trials/NCT00401245_exc.txt wurde erfolgreich geladen.

 Llama-3-8B-Instruct Output: 
  "{\n  \"AND\": {\n    \"left\": {\n      \"AND\": {\n        \"left\": {\n          \"OR\": {\n            \"left\": {\n              \"raw_text\": \"History of a seizure disorder\",\n              \"Condition\": [\n                \"seizure disorder\"\n              ],\n              \"Qualifier\": [\n                \"History of\"\n              ],\n              \"Negation\": [\n                \"other than a single childhood febrile seizure\"\n              ]\n            },\n            \"right\": {\n              \"raw_text\": \"other than a single childhood febrile seizure.\",\n              \"Condition\": [\n                \"childhood febrile seizure\"\n              ],\n              \"Qualifier\": [\n                \"single\"\n              ],\n              \"Negation\": [\n                \"other than\"\n              ]\n            }\n          }\n        },\n        \"right\": {\n          \"AND\": {\n            \"left\": {\n              \"OR\": {\n                \"left\": {\n                  \"raw_text\": \"History or presence of clinically important hepatic\",\n                  \"Condition\": [\n                    \"hepatic\"\n                  ],\n                  \"Qualifier\": [\n                    \"clinically important\"\n                  ],\n                  \"Negation\": [\n                    \"or presence of\"\n                  ]\n                },\n                \"right\": {\n                  \"OR\": {\n                    \"left\": {\n                      \"raw_text\": \"or renal disease\",\n                      \"Condition\": [\n                        \"renal disease\"\n                      ],\n                      \"Qualifier\": [\n                        \"or\"\n                      ]\n                    },\n                    \"right\": {\n                      \"OR\": {\n                        \"left\": {\n                          \"raw_text\": \"or other medical disease.\",\n                          \"Condition\": [\n                            \"medical disease\"\n                          ],\n                          \"Qualifier\": [\n                            \"or other\"\n                          ],\n                          \"Negation\": [\n                            \".\"\n                          ]\n                        }\n                      }\n                    }\n                  }\n                }\n              }\n            },\n            \"right\": {\n              \"AND\": {\n                \"left\": {\n                  \"OR\": {\n                    \"left\": {\n                      \"raw_text\": \"Presence or recent history of major depressive disorder\",\n                      \"Condition\": [\n                        \"major depressive disorder\"\n                      ],\n                      \"Qualifier\": [\n                        \"Presence or recent history of\"\n                      ],\n                      \"Negation\": [\n                        \"or\"\n                      ]\n                    },\n                    \"right\": {\n                      \"OR\": {\n                        \"left\": {\n                          \"raw_text\": \", bipolar disorder\",\n                          \"Condition\": [\n                            \"bipolar disorder\"\n                          ],\n                          \"Qualifier\": [\n                            \",\"\n                          ]\n                        },\n                        \"right\": {\n                          \"OR\": {\n                            \"left\": {\n                              \"raw_text\": \", psychotic disorder\",\n                              \"Condition\": [\n                                \"psychotic disorder\"\n                              ],\n                              \"Qualifier\": [\n                                \",\"\n                              ]\n                            },\n                            \"right\": {\n                              \"raw_text\": \", or generalized anxiety disorder requiring therapy.\",\n                              \"Condition\": [\n                                \"generalized anxiety disorder\"\n                              ],\n                              \"Qualifier\": [\n                                \", or requiring therapy\"\n                              ],\n                              \"Negation\": [\n                                \".\"\n                              ]\n                            }\n                          }\n                        }\n                      }\n                    }\n                  }\n                }\n              }\n            }\n          }\n        }\n      }\n    }\n  }\n}" 

Die Daten wurden erfolgreich in '/work/eauten2s/ec_criteria_struct/transform_chia/model_output/p3_output/Llama-3-8B-Instruct_4_shot/Llama-3-8B-Instruct_NCT00401245_exc_4_shot.json' gespeichert.
File: NCT00401245_inc 

Das File: /work/eauten2s/ec_criteria_struct/transform_chia/input/half_clinical_trials/NCT00401245_inc.txt wurde erfolgreich geladen.

 Llama-3-8B-Instruct Output: 
  "{\n  \"AND\": {\n    \"left\": {\n      \"AND\": {\n        \"left\": {\n          \"raw_text\": \"Generally healthy\",\n          \"Condition\": [\n            \"healthy\"\n          ]\n        },\n        \"right\": {\n          \"AND\": {\n            \"left\": {\n              \"raw_text\": \"postmenopausal woman\",\n              \"Condition\": [\n                \"postmenopausal woman\"\n              ]\n            },\n            \"right\": {\n              \"raw_text\": \"who seeks treatment for hot flushes.\",\n              \"Condition\": [\n                \"hot flushes\"\n              ],\n              \"Value\": [\n                \".\"\n              ]\n            }\n          }\n        }\n      }\n    },\n    \"right\": {\n      \"AND\": {\n        \"left\": {\n          \"OR\": {\n            \"left\": {\n              \"AND\": {\n                \"left\": {\n                  \"raw_text\": \"At least 12 months of spontaneous amenorrhea\",\n                  \"Temporal\": [\n                    \"At least 12 months\"\n                  ],\n                  \"Condition\": [\n                    \"amenorrhea\"\n                  ]\n                }\n              }\n            },\n            \"right\": {\n              \"OR\": {\n                \"left\": {\n                  \"AND\": {\n                    \"left\": {\n                      \"raw_text\": \"At least 6 months of spontaneous amenorrhea\",\n                      \"Temporal\": [\n                        \"At least 6 months\"\n                      ],\n                      \"Condition\": [\n                        \"amenorrhea\"\n                      ]\n                    },\n                    \"right\": {\n                      \"AND\": {\n                        \"left\": {\n                          \"raw_text\": \"with serum follicle-stimulating hormone (FSH) levels > 40 mIU/mL\",\n                          \"Measurement\": [\n                            \"serum FSH levels\"\n                          ],\n                          \"Value\": [\n                            \"> 40 mIU/mL\"\n                          ],\n                          \"Condition\": [\n                            \"FSH\"\n                          ]\n                        }\n                      }\n                    }\n                  },\n                  \"right\": {\n                    \"AND\": {\n                      \"left\": {\n                        \"raw_text\": \"At least 6 weeks postsurgical bilateral oophorectomy\",\n                        \"Temporal\": [\n                          \"At least 6 weeks\"\n                        ],\n                        \"Procedure\": [\n                          \"bilateral oophorectomy\"\n                        ],\n                        \"Value\": [\n                          \".\"\n                        ]\n                      },\n                      \"right\": {\n                        \"raw_text\": \"(with or without hysterectomy).\",\n                        \"Procedure\": [\n                          \"hysterectomy\"\n                        ],\n                        \"Value\": [\n                          \".\"\n                        ]\n                      }\n                    }\n                  }\n                }\n              },\n              \"right\": {\n                \"AND\": {\n                  \"left\": {\n                    \"raw_text\": \"Hysterectomized without bilateral oophorectomy\",\n                    \"Procedure\": [\n                      \"hysterectomy\"\n                    ],\n                    \"Negation\": [\n                      \"without\"\n                    ]\n                  },\n                  \"right\": {\n                    \"AND\": {\n                      \"left\": {\n                        \"raw_text\": \"and with serum FSH levels >40 mIU/mL\",\n                        \"Measurement\": [\n                          \"serum FSH levels\"\n                        ],\n                        \"Value\": [\n                          \"> 40 mIU/mL\"\n                        ],\n                        \"Condition\": [\n                          \"FSH\"\n                        ]\n                      }\n                    }\n                  }\n                }\n              }\n            }\n          }\n        }\n      }\n    }\n  }\n}" 

Die Daten wurden erfolgreich in '/work/eauten2s/ec_criteria_struct/transform_chia/model_output/p3_output/Llama-3-8B-Instruct_4_shot/Llama-3-8B-Instruct_NCT00401245_inc_4_shot.json' gespeichert.
File: NCT00404495_exc 

Das File: /work/eauten2s/ec_criteria_struct/transform_chia/input/half_clinical_trials/NCT00404495_exc.txt wurde erfolgreich geladen.

 Llama-3-8B-Instruct Output: 
  "{\n  \"AND\": {\n    \"left\": {\n      \"AND\": {\n        \"left\": {\n          \"raw_text\": \"Diagnosis of brainstem glioma\",\n          \"Condition\": [\n            \"brainstem glioma\"\n          ]\n        },\n        \"right\": {\n          \"NOT\": {\n            \"left\": {\n              \"OR\": {\n                \"left\": {\n                  \"raw_text\": \"Concurrent administration of any other anti-tumor therapy\",\n                  \"Procedure\": [\n                    \"anti-tumor therapy\"\n                  ],\n                  \"Qualifier\": [\n                    \"concurrent\"\n                  ]\n                },\n                \"right\": {\n                  \"NOT\": {\n                    \"left\": {\n                      \"raw_text\": \"Pre-existing uncontrolled diarrhea\",\n                      \"Condition\": [\n                        \"uncontrolled diarrhea\"\n                      ],\n                      \"Qualifier**: 

Die Daten wurden erfolgreich in '/work/eauten2s/ec_criteria_struct/transform_chia/model_output/p3_output/Llama-3-8B-Instruct_4_shot/Llama-3-8B-Instruct_NCT00404495_exc_4_shot.json' gespeichert.
File: NCT00404495_inc 

Das File: /work/eauten2s/ec_criteria_struct/transform_chia/input/half_clinical_trials/NCT00404495_inc.txt wurde erfolgreich geladen.

 Llama-3-8B-Instruct Output: 
  "{\n  \"AND\": {\n    \"left\": {\n      \"OR\": {\n        \"left\": {\n          \"raw_text\": \"Cohort 1: Recurrent or refractory medulloblastoma\",\n          \"Condition\": [\n            \"medulloblastoma\"\n          ],\n          \"Qualifier\": [\n            \"Recurrent or refractory\"\n          ]\n        },\n        \"right\": {\n          \"raw_text\": \"in which current standard treatment approaches have failed; biopsy is not required for recurrent disease.\",\n          \"Procedure\": [\n            \"biopsy\"\n          ],\n          \"Temporal\": [\n            \"not required for recurrent disease\"\n          ]\n        }\n      }\n    },\n    \"right\": {\n      \"OR\": {\n        \"left\": {\n          \"raw_text\": \"Cohort 2: Newly-diagnosed high-grade glioma\",\n          \"Condition\": [\n            \"glioma\"\n          ],\n          \"Qualifier\": [\n            \"Newly-diagnosed high-grade\"\n          ]\n        },\n        \"right\": {\n          \"raw_text\": \"(World Health Organization [WHO] grade 3 or 4)\"\n        }\n      }\n    },\n    \"right\": {\n      \"AND\": {\n        \"left\": {\n          \"raw_text\": \"Life expectancy ≥ 3 months\",\n          \"Measurement\": [\n            \"Life expectancy\"\n          ],\n          \"Value\": [\n            \"≥ 3 months\"\n          ]\n        }\n      }\n    }\n  }\n}" 

Die Daten wurden erfolgreich in '/work/eauten2s/ec_criteria_struct/transform_chia/model_output/p3_output/Llama-3-8B-Instruct_4_shot/Llama-3-8B-Instruct_NCT00404495_inc_4_shot.json' gespeichert.
File: NCT00425789_exc 

Das File: /work/eauten2s/ec_criteria_struct/transform_chia/input/half_clinical_trials/NCT00425789_exc.txt wurde erfolgreich geladen.

 Llama-3-8B-Instruct Output: 
  "{\n  \"AND\": {\n    \"left\": {\n      \"NOT\": {\n        \"left\": {\n          \"OR\": {\n            \"left\": {\n              \"raw_text\": \"Patients will be excluded if they have known middle ear disease\",\n              \"Condition\": [\n                \"middle ear disease\"\n              ],\n              \"Negation\": [\n                \"excluded if they have known\"\n              ]\n            },\n            \"right\": {\n              \"OR\": {\n                \"left\": {\n                  \"raw_text\": \"chronic lung disease\",\n                  \"Condition\": [\n                    \"chronic lung disease\"\n                  ]\n                },\n                \"right\": {\n                  \"raw_text\": \"or claustrophobia\",\n                  \"Condition\": [\n                    \"claustrophobia\"\n                  ]\n                }\n              }\n            }\n          }\n        }\n      }\n    }\n  }\n}" 

Die Daten wurden erfolgreich in '/work/eauten2s/ec_criteria_struct/transform_chia/model_output/p3_output/Llama-3-8B-Instruct_4_shot/Llama-3-8B-Instruct_NCT00425789_exc_4_shot.json' gespeichert.
File: NCT00425789_inc 

Das File: /work/eauten2s/ec_criteria_struct/transform_chia/input/half_clinical_trials/NCT00425789_inc.txt wurde erfolgreich geladen.

 Llama-3-8B-Instruct Output: 
  "{\n  \"AND\": {\n    \"left\": {\n      \"AND\": {\n        \"left\": {\n          \"raw_text\": \"The study will include\",\n          \"Entity\": [\n            \"study\"\n          ]\n        },\n        \"right\": {\n          \"raw_text\": \"40 post-deep peel women\",\n          \"Condition\": [\n            \"post-deep peel women\"\n          ],\n          \"Value\": [\n            \"40\"\n          ]\n        }\n      },\n      \"right\": {\n        \"AND\": {\n          \"left\": {\n            \"raw_text\": \"(exoderm)\",\n            \"Qualifier\": [\n              \"exoderm\"\n            ]\n          },\n          \"right\": {\n            \"AND\": {\n              \"left\": {\n                \"raw_text\": \"older than 18 years old\",\n                \"Condition\": [\n                  \"older than 18 years old\"\n                ],\n                \"Value\": [\n                  \"18 years old\"\n                ]\n              },\n              \"right\": {\n                \"AND\": {\n                  \"left\": {\n                    \"raw_text\": \"treated by the same dermatologist\",\n                    \"Entity\": [\n                      \"dermatologist\"\n                    ],\n                    \"Value\": [\n                      \"Dr. Landau\"\n                    ]\n                  },\n                  \"right\": {\n                    \"raw_text\": \"(dr. Landau).\",\n                    \"Entity\": [\n                      \"Dr. Landau\"\n                    ],\n                    \"Qualifier\": [\n                      \"dr.\"\n                    ]\n                  }\n                }\n              }\n            }\n          }\n        }\n      }\n    },\n    \"right\": {\n      \"AND\": {\n        \"left\": {\n          \"raw_text\": \"The treatment group will receive\",\n          \"Entity\": [\n            \"treatment group\"\n          ]\n        },\n        \"right\": {\n          \"AND\": {\n            \"left\": {\n              \"raw_text\": \"5 consecutive daily hyperbaric treatments\",\n              \"Procedure\": [\n                \"hyperbaric treatments\"\n              ],\n              \"Multiplier\": [\n                \"5 consecutive daily\"\n              ]\n            },\n            \"right\": {\n              \"AND\": {\n                \"left\": {\n                  \"raw_text\": \"1 hours long each\",\n                  \"Value\": [\n                    \"1 hours long each\"\n                  ]\n                },\n                \"right\": {\n                  \"raw_text\": \"at 2 ATF\",\n                  \"Value\": [\n                    \"2 ATF\"\n                  ]\n                }\n              }\n            }\n          }\n        },\n        \"right\": {\n          \"raw_text\": \"starting from day 7 to peel.\",\n          \"Temporal\": [\n            \"starting from day 7 to peel\"\n          ]\n        }\n      },\n      \"right\": {\n        \"AND\": {\n          \"left\": {\n            \"raw_text\": \"Prior to treatment\",\n            \"Entity\": [\n              \"treatment\"\n            ]\n          },\n          \"right\": {\n            \"AND\": {\n              \"left\": {\n                \"raw_text\": \"each patient will be signed on informed consent\",\n                \"Procedure\": [\n                  \"informed consent\"\n                ]\n              },\n              \"right\": {\n                \"raw_text\": \"and will have complete physical examination.\",\n                \"Procedure\": [\n                  \"physical examination\"\n                ]\n              }\n            }\n          }\n        }\n      }\n    },\n    \"right\": {\n      \"AND\": {\n        \"left\": {\n          \"raw_text\": \"The control group will be matched\",\n          \"Entity\": [\n            \"control group\"\n          ]\n        },\n        \"right\": {\n          \"AND\": {\n            \"left\": {\n              \"raw_text\": \"by the following parameters\",\n              \"Condition\": [\n                \"parameters\"\n              ]\n            },\n            \"right\": {\n              \"AND\": {\n                \"left\": {\n                  \"raw_text\": \"age\",\n                  \"Condition\": [\n                    \"age\"\n                  ]\n                },\n                \"right\": {\n                  \"AND\": {\n                    \"left\": {\n                      \"raw_text\": \"skin color and type\",\n                      \"Condition\": [\n                        \"skin color and type\"\n                      ]\n                    },\n                    \"right\": {\n                      \"raw_text\": \"and indication for peeling\",\n                      \"Condition\": [\n                        \"indication for peeling\"\n                      ]\n                    }\n                  }\n                }\n              }\n            }\n          }\n        },\n        \"right\": {\n          \"raw_text\": \"and will be picked up by the dermatologist.\",\n          \"Entity\": [\n            \"dermatologist\"\n          ],\n          \"Qualifier\": [\n            \"picked up by the dermatologist\"\n          ]\n        }\n      }\n    }\n  }\n}" 

Die Daten wurden erfolgreich in '/work/eauten2s/ec_criteria_struct/transform_chia/model_output/p3_output/Llama-3-8B-Instruct_4_shot/Llama-3-8B-Instruct_NCT00425789_inc_4_shot.json' gespeichert.
File: NCT00426751_exc 

Das File: /work/eauten2s/ec_criteria_struct/transform_chia/input/half_clinical_trials/NCT00426751_exc.txt wurde erfolgreich geladen.

 Llama-3-8B-Instruct Output: 
  "{\n  \"AND\": {\n    \"left\": {\n      \"AND\": {\n        \"left\": {\n          \"NOT\": {\n            \"left\": {\n              \"raw_text\": \"Subjects able to give informed consent\",\n              \"Negation\": [\n                \"not able\"\n              ],\n              \"Procedure\": [\n                \"give informed consent\"\n              ]\n            }\n          }\n        },\n        \"right\": {\n          \"OR\": {\n            \"left\": {\n              \"raw_text\": \"Left Bundle Branch Block\",\n              \"Condition\": [\n                \"Left Bundle Branch Block\"\n              ]\n            },\n            \"right\": {\n              \"OR\": {\n                \"left\": {\n                  \"raw_text\": \"Thrombolytic therapy within 24 hours before randomization\",\n                  \"Procedure\": [\n                    \"Thrombolytic therapy\"\n                  ],\n                  \"Temporal\": [\n                    \"within 24 hours before randomization\"\n                  ]\n                },\n                \"right\": {\n                  \"OR\": {\n                    \"left\": {\n                      \"raw_text\": \"Oral anticoagulation with International Normalized Ratio (INR) > 2\",\n                      \"Procedure\": [\n                        \"Oral anticoagulation\"\n                      ],\n                      \"Measurement\": [\n                        \"International Normalized Ratio (INR)\"\n                      ],\n                      \"Value\": [\n                        \"> 2\"\n                      ]\n                    },\n                    \"right\": {\n                      \"OR\": {\n                        \"left\": {\n                          \"raw_text\": \"Known platelets < 100.000/µl or known hemorrhagic diathesis\",\n                          \"Condition\": [\n                            \"platelets\",\n                            \"hemorrhagic diathesis\"\n                          ],\n                          \"Value\": [\n                            \"< 100.000/µl\"\n                          ],\n                          \"Qualifier\": [\n                            \"known\"\n                          ]\n                        },\n                        \"right\": {\n                          \"OR\": {\n                            \"left\": {\n                              \"raw_text\": \"Stroke or Transient Ischemic Attack (TIA) within the past 6 months or any permanent residual neurological defect\",\n                              \"Condition\": [\n                                \"Stroke\",\n                                \"Transient Ischemic Attack (TIA)\"\n                              ],\n                              \"Temporal\": [\n                                \"within the past 6 months\"\n                              ],\n                              \"Qualifier\": [\n                                \"permanent residual neurological defect\"\n                              ]\n                            },\n                            \"right\": {\n                              \"OR\": {\n                                \"left\": {\n                                  \"raw_text\": \"Evidence of an active gastrointestinal or urogenital bleeding\",\n                                  \"Condition\": [\n                                    \"gastrointestinal bleeding\",\n                                    \"urogenital bleeding\"\n                                  ],\n                                  \"Qualifier\": [\n                                    \"active\"\n                                  ]\n                                },\n                                \"right\": {\n                                  \"OR\": {\n                                    \"left\": {\n                                      \"raw_text\": \"Major surgery within 6 weeks\",\n                                      \"Procedure\": [\n                                        \"Major surgery\"\n                                      ],\n                                      \"Temporal\": [\n                                        \"within 6 weeks\"\n                                      ]\n                                    },\n                                    \"right\": {\n                                      \"OR\": {\n                                        \"left\": {\n                                          \"raw_text\": \"History of allergic reaction to abciximab or eptifibatide or any component used in the study (including contrast media)\",\n                                          \"Condition\": [\n                                            \"allergic reaction\",\n                                            \"abciximab\",\n                                            \"eptifibatide\",\n                                            \"contrast media\"\n                                          ],\n                                          \"Qualifier\": [\n                                            \"History of\"\n                                          ]\n                                        },\n                                        \"right\": {\n                                          \"OR\": {\n                                            \"left\": {\n                                              \"raw_text\": \"Known severe renal (creatinine clearance <30ml/min) or hepatic insufficiency as well as Alanine transaminase (ALT)/aspartate transaminase (AST) elevations = 3xUpper limit normal (ULN); isolated AST-elevation is not considered an exclusion criteria from study participation\",\n                                              \"Condition\": [\n                                                \"severe renal\",\n                                                \"hepatic insufficiency\",\n                                                \"Alanine transaminase (ALT) elevations\",\n                                                \"aspartate transaminase (AST) elevations\",\n                                                \"3xUpper limit normal (ULN)\"\n                                              ],\n                                              \"Qualifier\": [\n                                                \"known\"\n                                              ]\n                                            }\n                                          }\n                                        }\n                                      }\n                                    }\n                                  }\n                                }\n                              }\n                            }\n                          }\n                        }\n                      }\n                    }\n                  }\n                }\n              }\n                }\n  

Die Daten wurden erfolgreich in '/work/eauten2s/ec_criteria_struct/transform_chia/model_output/p3_output/Llama-3-8B-Instruct_4_shot/Llama-3-8B-Instruct_NCT00426751_exc_4_shot.json' gespeichert.
File: NCT00426751_inc 

Das File: /work/eauten2s/ec_criteria_struct/transform_chia/input/half_clinical_trials/NCT00426751_inc.txt wurde erfolgreich geladen.

 Llama-3-8B-Instruct Output: 
  "{\n  \"AND\": {\n    \"left\": {\n      \"OR\": {\n        \"left\": {\n          \"raw_text\": \"Women must be postmenopausal\",\n          \"Condition\": [\n            \"postmenopausal\"\n          ],\n          \"Qualifier\": [\n            \"12 months without menstrual period\"\n          ]\n        },\n        \"right\": {\n          \"OR\": {\n            \"left\": {\n              \"raw_text\": \"or surgically sterile\",\n              \"Procedure\": [\n                \"surgically sterile\"\n              ]\n            },\n            \"right\": {\n              \"raw_text\": \", i.e. women of child bearing potential are not allowed to be included into the study.\",\n              \"Condition\": [\n                \"women of child bearing potential\"\n              ],\n              \"Negation\": [\n                \"not allowed\"\n              ]\n            }\n          }\n        }\n      },\n      \"right\": {\n        \"AND\": {\n          \"left\": {\n            \"raw_text\": \"In cases of doubt a pregnancy test should be performed.\",\n            \"Procedure\": [\n              \"pregnancy test\"\n            ],\n            \"Qualifier\": [\n              \"in doubt\"\n            ]\n          },\n          \"right\": {\n            \"AND\": {\n              \"left\": {\n                \"OR\": {\n                  \"left\": {\n                    \"raw_text\": \"Acute myocardial infarction\",\n                    \"Condition\": [\n                      \"myocardial infarction\"\n                    ],\n                    \"Qualifier\": [\n                      \"acute\"\n                    ]\n                  },\n                  \"right\": {\n                    \"raw_text\": \"< 12 h defined as\",\n                    \"Value\": [\n                      \"< 12 h\"\n                    ],\n                    \"Qualifier\": [\n                      \"defined as\"\n                    ]\n                  }\n                }\n              },\n              \"right\": {\n                \"AND\": {\n                  \"left\": {\n                    \"raw_text\": \"1. Angina or equivalent symptoms\",\n                    \"Condition\": [\n                      \"Angina\"\n                    ],\n                    \"Qualifier\": [\n                      \"or equivalent symptoms\"\n                    ]\n                  },\n                  \"right\": {\n                    \"raw_text\": \"> 20 min and\",\n                    \"Value\": [\n                      \"> 20 min\"\n                    ],\n                    \"Qualifier\": [\n                      \"and\"\n                    ]\n                  }\n                },\n                \"right\": {\n                  \"AND\": {\n                    \"left\": {\n                      \"raw_text\": \"2. ST elevation in 2 contiguous ECG leads\",\n                      \"Condition\": [\n                        \"ST elevation\"\n                      ],\n                      \"Qualifier\": [\n                        \"in 2 contiguous ECG leads\"\n                      ]\n                    },\n                    \"right\": {\n                      \"raw_text\": \"(= 2 mm precordial lead, = 1 mm limb lead).\",\n                      \"Value\": [\n                        \"= 2 mm precordial lead\",\n                        \"= 1 mm limb lead\"\n                      ],\n                      \"Qualifier\": [\n                        \"precorial lead\",\n                        \"limb lead\"\n                      ]\n                    }\n                  }\n                }\n              }\n            }\n          }\n        }\n      }\n    },\n    \"right\": {\n      \"AND\": {\n        \"left\": {\n          \"raw_text\": \"Planned primary percutaneous coronary intervention\",\n          \"Procedure\": [\n            \"primary percutaneous coronary intervention\"\n          ],\n          \"Qualifier\": [\n            \"planned\"\n          ]\n        },\n        \"right\": {\n          \"raw_text\": \"The subject has given written informed, dated consent to participate in the study\",\n          \"Procedure\": [\n            \"written informed, dated consent\"\n          ],\n          \"Qualifier\": [\n            \"to participate in the study\"\n          ]\n        }\n      }\n    }\n  }\n}" 

Die Daten wurden erfolgreich in '/work/eauten2s/ec_criteria_struct/transform_chia/model_output/p3_output/Llama-3-8B-Instruct_4_shot/Llama-3-8B-Instruct_NCT00426751_inc_4_shot.json' gespeichert.
File: NCT00440245_exc 

Das File: /work/eauten2s/ec_criteria_struct/transform_chia/input/half_clinical_trials/NCT00440245_exc.txt wurde erfolgreich geladen.

 Llama-3-8B-Instruct Output: 
  Here is the study in JSON format with logical operators:

```
{
  "AND": {
    "left": {
      "OR": {
        "left": {
          "raw_text": "asthma"
        },
        "right": {
          "raw_text": "COPD"
        }
      }
    }
  }
}
```

Entities:

* Asthma
* COPD

Relationships:

* Asthma and COPD are related by the logical operator "OR", indicating that a patient can have either asthma or COPD. 

Die Daten wurden erfolgreich in '/work/eauten2s/ec_criteria_struct/transform_chia/model_output/p3_output/Llama-3-8B-Instruct_4_shot/Llama-3-8B-Instruct_NCT00440245_exc_4_shot.json' gespeichert.
File: NCT00440245_inc 

Das File: /work/eauten2s/ec_criteria_struct/transform_chia/input/half_clinical_trials/NCT00440245_inc.txt wurde erfolgreich geladen.

 Llama-3-8B-Instruct Output: 
  Here is the JSON representation of the study:

"{\n  \"OR\": {\n    \"left\": {\n      \"raw_text\": \"asthma\",\n      \"Condition\": [\n        \"asthma\"\n      ]\n    },\n    \"right\": {\n      \"raw_text\": \"or COPD\",\n      \"Condition\": [\n        \"COPD\"\n      ]\n    }\n  }\n}"

Entity extraction:

* Entity: asthma
* Entity: COPD

Relationship extraction:

* The two entities are related by an OR relationship, indicating that either asthma or COPD is a possible condition. 

Die Daten wurden erfolgreich in '/work/eauten2s/ec_criteria_struct/transform_chia/model_output/p3_output/Llama-3-8B-Instruct_4_shot/Llama-3-8B-Instruct_NCT00440245_inc_4_shot.json' gespeichert.
File: NCT00445029_exc 

Das File: /work/eauten2s/ec_criteria_struct/transform_chia/input/half_clinical_trials/NCT00445029_exc.txt wurde erfolgreich geladen.

 Llama-3-8B-Instruct Output: 
  "{\n  \"AND\": {\n    \"left\": {\n      \"OR\": {\n        \"left\": {\n          \"raw_text\": \"Pregnant\",\n          \"Condition\": [\n            \"Pregnant\"\n          ]\n        },\n        \"right\": {\n          \"raw_text\": \"or lactating women.\",\n          \"Condition\": [\n            \"lactating\"\n          ]\n        }\n      }\n    },\n    \"right\": {\n      \"AND\": {\n        \"left\": {\n          \"raw_text\": \"Evolutive skin disease\",\n          \"Condition\": [\n            \"skin disease\"\n          ],\n          \"Qualifier\": [\n            \"Evolutive\"\n          ],\n          \"Reference_point\": [\n            \"testing zone (lower back)\"\n          ]\n        },\n        \"right\": {\n          \"AND\": {\n            \"left\": {\n              \"OR\": {\n                \"left\": {\n                  \"raw_text\": \"Patients with a clinically significant disease\",\n                  \"Condition\": [\n                    \"disease\"\n                  ],\n                  \"Qualifier\": [\n                    \"clinically significant\",\n                    \"chronic\",\n                    \"recurrent\",\n                    \"active\"\n                  ]\n                },\n                \"right\": {\n                  \"raw_text\": \"(chronic, recurrent or active).\",\n                  \"Qualifier\": [\n                    \"chronic\",\n                    \"recurrent\",\n                    \"active\"\n                  ]\n                }\n              }\n            },\n            \"right\": {\n              \"AND\": {\n                \"left\": {\n                  \"OR\": {\n                    \"left\": {\n                      \"raw_text\": \"Systemic corticotherapy\",\n                      \"Drug\": [\n                        \"corticotherapy\"\n                      ],\n                      \"Qualifier\": [\n                        \"Systemic\"\n                      ]\n                    },\n                    \"right\": {\n                      \"OR\": {\n                        \"left\": {\n                          \"raw_text\": \"or immunosuppressive treatment\",\n                          \"Drug\": [\n                            \"immunosuppressive treatment\"\n                          ]\n                        },\n                        \"right\": {\n                          \"raw_text\": \"during the previous month,\",\n                          \"Temporal\": [\n                            \"during the previous month\"\n                          ]\n                        }\n                      }\n                    }\n                  },\n                  \"right\": {\n                    \"OR\": {\n                      \"left\": {\n                        \"raw_text\": \"or local corticoid treatment\",\n                        \"Drug\": [\n                          \"corticoid treatment\"\n                        ],\n                        \"Qualifier\": [\n                          \"local\"\n                        ]\n                      },\n                      \"right\": {\n                        \"raw_text\": \"the week before the patch testing.\",\n                        \"Temporal\": [\n                          \"the week before the patch testing\"\n                        ]\n                      }\n                    }\n                  }\n                }\n              }\n            }\n          }\n        }\n      }\n    }\n  }\n}" 

Die Daten wurden erfolgreich in '/work/eauten2s/ec_criteria_struct/transform_chia/model_output/p3_output/Llama-3-8B-Instruct_4_shot/Llama-3-8B-Instruct_NCT00445029_exc_4_shot.json' gespeichert.
File: NCT00445029_inc 

Das File: /work/eauten2s/ec_criteria_struct/transform_chia/input/half_clinical_trials/NCT00445029_inc.txt wurde erfolgreich geladen.

 Llama-3-8B-Instruct Output: 
  Here is the study in JSON format with logical operators:

```
{
  "AND": {
    "left": {
      "AND": {
        "left": {
          "raw_text": "Patients aged from 18 to 65 years old.",
          "Condition": ["Patients"],
          "Value": ["18", "65"],
          "Qualifier": ["years old"]
        },
        "right": {
          "AND": {
            "left": {
              "raw_text": "Both genders eligible for study.",
              "Qualifier": ["both", "genders", "eligible", "study"]
            },
            "right": {
              "AND": {
                "left": {
                  "raw_text": "Female participants must use a contraceptive method.",
                  "Qualifier": ["female", "participants", "must", "use", "contraceptive", "method"]
                },
                "right": {
                  "AND": {
                    "left": {
                      "raw_text": "Feasibility of patch testing.",
                      "Procedure": ["patch testing"],
                      "Qualifier": ["feasibility"]
                    },
                    "right": {
                      "AND": {
                        "left": {
                          "raw_text": "Participants must be able to understand and sign the Informed Consent, and comply with all aspects of the protocol.",
                          "Qualifier": ["participants", "must", "be able", "understand", "sign", "Informed Consent", "comply", "protocol"]
                        },
                        "right": {
                          "AND": {
                            "left": {
                              "raw_text": "Patients must be registered in a social security system or with a health insurance coverage",
                              "Qualifier": ["patients", "must", "be registered", "social security system", "health insurance coverage"]
                            }
                          }
                        }
                      }
                    }
                  }
                }
              }
            }
          }
        }
      }
    },
    "right": {
      "OR": {
        "left": {
          "raw_text": "First group: allergic patients",
          "Qualifier": ["first", "group", "allergic", "patients"]
        },
        "right": {
          "AND": {
            "left": {
              "raw_text": "Patients with allergic contact dermatitis to para-phenylenediamine (PPD) based on a history of PPD contact dermatitis and positive PPD patch tests.",
              "Condition": ["allergic contact dermatitis"],
              "Drug": ["para-phenylenediamine", "PPD"],
              "Qualifier": ["based on", "history", "PPD contact dermatitis", "positive", "PPD patch tests"]
            }
          }
        },
        "right": {
          "raw_text": "Second group: healthy volunteers",
          "Qualifier": ["second", "group", "healthy", "volunteers"]
        },
        "right": {
          "AND": {
            "left": {
              "raw_text": "No history of PPD allergic contact dermatitis, with a negative PPD patch test.",
              "Qualifier": ["no", "history", "PPD allergic contact dermatitis", "negative", "PPD patch test"]
            }
          }
        }
      }
    }
  }
}
```

Entities:

* Patients
* Genders
* Female participants
* Contraceptive method
* Patch testing
* Informed Consent
* Protocol
* Social security system
* Health insurance coverage
* Allergic contact dermatitis
* Para-phenylenediamine (PPD)
* PPD contact dermatitis
* PPD patch tests
* Healthy volunteers

Relationships:

* Patients are eligible for study
* Female participants must use a contraceptive method
* Patients must be able to understand and sign the Informed Consent
* Patients must be registered in a social security system or with a health insurance coverage
* Allergic patients have allergic contact dermatitis to PPD
* Healthy volunteers do not have a history of PPD allergic contact dermatitis
* PPD patch tests are used to diagnose allergic contact dermatitis 

Die Daten wurden erfolgreich in '/work/eauten2s/ec_criteria_struct/transform_chia/model_output/p3_output/Llama-3-8B-Instruct_4_shot/Llama-3-8B-Instruct_NCT00445029_inc_4_shot.json' gespeichert.
File: NCT00455663_exc 

Das File: /work/eauten2s/ec_criteria_struct/transform_chia/input/half_clinical_trials/NCT00455663_exc.txt wurde erfolgreich geladen.

 Llama-3-8B-Instruct Output: 
  "{\n  \"AND\": {\n    \"left\": {\n      \"OR\": {\n        \"left\": {\n          \"raw_text\": \"History of significant head trauma\",\n          \"Condition\": [\n            \"head trauma\"\n          ],\n          \"Qualifier\": [\n            \"significant\"\n          ]\n        },\n        \"right\": {\n          \"OR\": {\n            \"left\": {\n              \"raw_text\": \"or seizure disorder\",\n              \"Condition\": [\n                \"seizure disorder\"\n              ]\n            },\n            \"right\": {\n              \"OR\": {\n                \"left\": {\n                  \"raw_text\": \"or mental retardation\",\n                  \"Condition\": [\n                    \"mental retardation\"\n                  ]\n                }\n              }\n            }\n          }\n        }\n      }\n    },\n    \"right\": {\n      \"AND\": {\n        \"left\": {\n          \"OR\": {\n            \"left\": {\n              \"raw_text\": \"History of alcohol\",\n              \"Condition\": [\n                \"alcohol\"\n              ]\n            },\n            \"right\": {\n              \"OR\": {\n                \"left\": {\n                  \"raw_text\": \"or drug abuse\",\n                  \"Condition\": [\n                    \"drug abuse\"\n                  ]\n                },\n                \"right\": {\n                  \"OR\": {\n                    \"left\": {\n                      \"raw_text\": \"or dependence\",\n                      \"Condition\": [\n                        \"dependence\"\n                      ]\n                    }\n                  }\n                }\n              }\n            }\n          },\n          \"Temporal\": [\n            \"within 1 month prior to study entry\"\n          ]\n        },\n        \"right\": {\n          \"OR\": {\n            \"left\": {\n              \"raw_text\": \"History of violence\",\n              \"Condition\": [\n                \"violence\"\n              ]\n            },\n            \"right\": {\n              \"Temporal\": [\n                \"within 6 months prior to study entry\"\n              ]\n            }\n          }\n        }\n      }\n    }\n  }\n}" 

Die Daten wurden erfolgreich in '/work/eauten2s/ec_criteria_struct/transform_chia/model_output/p3_output/Llama-3-8B-Instruct_4_shot/Llama-3-8B-Instruct_NCT00455663_exc_4_shot.json' gespeichert.
File: NCT00455663_inc 

Das File: /work/eauten2s/ec_criteria_struct/transform_chia/input/half_clinical_trials/NCT00455663_inc.txt wurde erfolgreich geladen.

 Llama-3-8B-Instruct Output: 
  "{\n  \"AND\": {\n    \"left\": {\n      \"AND\": {\n        \"left\": {\n          \"OR\": {\n            \"left\": {\n              \"raw_text\": \"Diagnosis of schizophrenia\",\n              \"Condition\": [\n                \"schizophrenia\"\n              ]\n            },\n            \"right\": {\n              \"raw_text\": \"or schizoaffective disorder\",\n              \"Condition\": [\n                \"schizoaffective disorder\"\n              ]\n            }\n          }\n        },\n        \"right\": {\n          \"AND\": {\n            \"left\": {\n              \"OR\": {\n                \"left\": {\n                  \"raw_text\": \"If entering the study as an inpatient\",\n                  \"Condition\": [\n                    \"inpatient\"\n                  ]\n                },\n                \"right\": {\n                  \"raw_text\": \"hospitalization was recent\",\n                  \"Temporal\": [\n                    \"recent\"\n                  ]\n                }\n              }\n            },\n            \"right\": {\n              \"AND\": {\n                \"left\": {\n                  \"raw_text\": \"Currently receiving treatment with an atypical antipsychotic\",\n                  \"Drug\": [\n                    \"atypical antipsychotic\"\n                  ],\n                  \"Temporal\": [\n                    \"currently\"\n                  ]\n                },\n                \"right\": {\n                  \"raw_text\": \"and continuation on the medication has been recommended\",\n                  \"Qualifier\": [\n                    \"continuation on the medication has been recommended\"\n                  ]\n                }\n              }\n            }\n          }\n        }\n      }\n    },\n    \"right\": {\n      \"AND\": {\n        \"left\": {\n          \"AND\": {\n            \"left\": {\n              \"raw_text\": \"Assumes primary responsibility for taking medication\",\n              \"Qualifier\": [\n                \"primary responsibility\"\n              ]\n            },\n            \"right\": {\n              \"raw_text\": \"Currently living in a stable environment\",\n              \"Condition\": [\n                \"stable environment\"\n              ],\n              \"Temporal\": [\n                \"currently\"\n              ]\n            }\n          }\n        }\n      }\n    }\n  }\n}" 

Die Daten wurden erfolgreich in '/work/eauten2s/ec_criteria_struct/transform_chia/model_output/p3_output/Llama-3-8B-Instruct_4_shot/Llama-3-8B-Instruct_NCT00455663_inc_4_shot.json' gespeichert.
File: NCT00461136_exc 

Das File: /work/eauten2s/ec_criteria_struct/transform_chia/input/half_clinical_trials/NCT00461136_exc.txt wurde erfolgreich geladen.

 Llama-3-8B-Instruct Output: 
  Here is the study in JSON format with logical operators and extracted entities and relationships:

```
{
  "AND": {
    "left": {
      "OR": {
        "left": {
          "raw_text": "Severe Hypertension Grade 3 WHO classification",
          "Condition": ["Severe Hypertension"],
          "Value": ["Grade 3 WHO classification"],
          "Qualifier": ["Mean Sitting Diastolic Blood Pressure (MSDBP) 110 mmHg and/or Mean Sitting Systolic Blood Pressure (MSSBP) 180 mmHg"]
        }
      }
    },
    "right": {
      "AND": {
        "left": {
          "OR": {
            "left": {
              "raw_text": "Acetylsalicyclic acid (ASA) treatment >1g/day",
              "Drug": ["Acetylsalicyclic acid (ASA)"],
              "Value": [">1g/day"]
            },
            "right": {
              "raw_text": "or regular use of Non steroidal anti-inflammatory drug (NSAIDs)",
              "Drug": ["Non steroidal anti-inflammatory drug (NSAIDs)"],
              "Qualifier": ["regular use"]
            }
          }
        }
      }
    }
  }
}
```

Entities:

* Severe Hypertension
* Mean Sitting Diastolic Blood Pressure (MSDBP)
* Mean Sitting Systolic Blood Pressure (MSSBP)
* Acetylsalicyclic acid (ASA)
* Non steroidal anti-inflammatory drug (NSAIDs)

Relationships:

* Severe Hypertension is a condition
* Acetylsalicyclic acid (ASA) is a treatment
* Non steroidal anti-inflammatory drug (NSAIDs) is a treatment 

Die Daten wurden erfolgreich in '/work/eauten2s/ec_criteria_struct/transform_chia/model_output/p3_output/Llama-3-8B-Instruct_4_shot/Llama-3-8B-Instruct_NCT00461136_exc_4_shot.json' gespeichert.
File: NCT00461136_inc 

Das File: /work/eauten2s/ec_criteria_struct/transform_chia/input/half_clinical_trials/NCT00461136_inc.txt wurde erfolgreich geladen.

 Llama-3-8B-Instruct Output: 
  "{\n  \"AND\": {\n    \"left\": {\n      \"OR\": {\n        \"left\": {\n          \"raw_text\": \"Male\",\n          \"Person\": [\n            \"Male\"\n          ]\n        },\n        \"right\": {\n          \"OR\": {\n            \"left\": {\n              \"raw_text\": \"and/or female\",\n              \"Person\": [\n                \"Female\"\n              ]\n            }\n          }\n        }\n      }\n    },\n    \"right\": {\n      \"AND\": {\n        \"left\": {\n          \"AND\": {\n            \"left\": {\n              \"raw_text\": \"from 30-80 years of age\",\n              \"Temporal\": [\n                \"from 30-80 years of age\"\n              ]\n            },\n            \"right\": {\n              \"raw_text\": \"with a diagnosis of Type 2 diabetes (WHO criteria).\",\n              \"Condition\": [\n                \"Type 2 diabetes\"\n              ],\n              \"Reference_point\": [\n                \"WHO criteria\"\n              ]\n            }\n          }\n        },\n        \"right\": {\n          \"AND\": {\n            \"left\": {\n              \"AND\": {\n                \"left\": {\n                  \"raw_text\": \"Incipient and established diabetic nephropathy\",\n                  \"Condition\": [\n                    \"diabetic nephropathy\"\n                  ],\n                  \"Qualifier\": [\n                    \"incipient\",\n                    \"established\"\n                  ]\n                },\n                \"right\": {\n                  \"raw_text\": \"(urinary albumin excretion ≥ 100 mg/day but ≤ 2000 mg/day).\",\n                  \"Measurement\": [\n                    \"urinary albumin excretion\"\n                  ],\n                  \"Value\": [\n                    \"≥ 100 mg/day\",\n                    \"≤ 2000 mg/day\"\n                  ]\n                }\n              }\n            },\n            \"right\": {\n              \"AND\": {\n                \"left\": {\n                  \"raw_text\": \"Glomerular filtration rate (GFR) ≥ 40 ml/min\",\n                  \"Measurement\": [\n                    \"Glomerular filtration rate (GFR)\"\n                  ],\n                  \"Value\": [\n                    \"≥ 40 ml/min\"\n                  ]\n                },\n                \"right\": {\n                  \"raw_text\": \"(estimated using Modification of Diet in Renal Disease (MDRD) formula) in the last 4 months.\",\n                  \"Procedure\": [\n                    \"Modification of Diet in Renal Disease (MDRD) formula\"\n                  ],\n                  \"Temporal\": [\n                    \"in the last 4 months\"\n                  ],\n                  \"Reference_point\": [\n                    \"last 4 months\"\n                  ]\n                }\n              }\n            }\n          }\n        }\n      }\n    },\n    \"right\": {\n      \"AND\": {\n        \"left\": {\n          \"raw_text\": \"Female patients must be postmenopausal or must have had a bilateral oophorectomy or must have been surgically sterilized or hysterectomized at least 6 months prior to screening.\",\n          \"Condition\": [\n            \"postmenopausal\"\n          ],\n          \"Procedure\": [\n            \"bilateral oophorectomy\",\n            \"surgically sterilized\",\n            \"hysterectomized\"\n          ],\n          \"Temporal\": [\n            \"at least 6 months prior to screening\"\n          ],\n          \"Reference_point\": [\n            \"screening\"\n          ]\n        },\n        \"right\": {\n          \"AND\": {\n            \"left\": {\n              \"raw_text\": \"To be eligible patients must fulfill the following criteria: Patients on ongoing hypertensive therapy must have a blood pressure ≥ 135/85 mm Hg but lower than 170/105 mm Hg at baseline (Day -1) AND patients must be on stable antihypertensive medications for at least 8 weeks prior to baseline (Day -1).; Newly diagnosed hypertensive patients must have a blood pressure ≥ 135/85 mm Hg but lower than 170/105 mm Hg at baseline (Day -1).\",\n              \"Condition\": [\n                \"hypertensive therapy\"\n              \"Measurement\": [\n                \"blood pressure\"\n              \"Qualifier\": [\n                \"≥ 135/85 mm Hg\",\n                \"lower than 170/105 mm Hg at baseline (Day -1).\",\ndiabetes for at least 8 weeks prior to Visit 2 (Day -1).\n              \"Newly diagnosed hypertensive patients must have a blood pressure ≥ 135/85 mm Hg at baseline (Day -1).\",\ndiabetes for at least 8 weeks prior to Visit 2 (Day -1).\n              \"Patients must be on stable hypogly diagnosed hypertensive patients must have a blood pressure ≥ 135/85 mm Hg at baseline (Day -1).\n              \"Patients must be on stable hypogly diagnosed hypertensive patients must have a blood pressure ≥ 135/85 mm Hg at baseline (Day -1).\n              \"Patients must have a blood pressure ≥ 135/85 mm Hg at baseline (Day -1).\n              \"Patients must have a blood pressure ≥ 135/85 mm Hg at baseline (Day -1).\n              \"Patients must have a blood pressure ≥ 135/85 mm Hg at baseline (Day -1).\n              \"Patients must have a blood pressure ≥ 135/85 mm Hg at baseline (Day -1).\n              \"Patients must have a blood pressure ≥ 135/85 mm Hg at baseline (Day -1).\n              \"Patients must have a blood pressure ≥ 135/85 mm Hg at baseline (Day -1).\n              \"Patients must have a blood pressure ≥ 135/85 mm Hg at baseline (Day -1).\n              \"Patients must have a blood pressure ≥ 135/85 mm Hg at baseline (Day -1).\n              \"Patients must have a blood pressure ≥ 135/85 mm Hg at baseline (Day -1).\n              \"Patients must have a blood pressure ≥ 135/85 mm Hg at baseline (Day -1).\n              \"Patients must have a blood pressure ≥ 135/85 mm Hg at baseline (Day -1).\n              \"Patients must have a blood pressure ≥ 135/85 mm Hg at baseline (Day -1).\n              \"Patients must have a blood pressure ≥ 135/85 mm Hg at baseline (Day -1).\n              \"Patients must have a blood pressure ≥ 135/85 mm Hg at baseline (Day -1).\n              \"Patients must have a blood pressure ≥ 135/85 mm Hg at baseline (Day -1).\n              \"Patients must have a blood pressure ≥ 135/85 mm Hg at baseline (Day -1).\n              \"Patients must have a blood pressure ≥ 135/85 mm Hg at baseline (Day -1).\n              \"Patients must have a blood pressure ≥ 135/85 mm Hg at baseline (Day -1).\n              \"Patients must have a blood pressure ≥ 135/85 mm Hg at baseline (Day -1).\n              \"Patients must have a blood pressure ≥ 135/85 mm Hg at baseline (Day -1).\n              \"Patients must have a blood pressure ≥ 135/85 mm Hg at baseline (Day -1).\n              \"Patients must have a blood pressure ≥ 135/85 mm Hg at baseline (Day -1).\n              \"Patients must have a blood pressure ≥ 135/85 mm Hg at baseline (Day -1).\n              \"Patients must have a blood pressure ≥ 135/85 mm Hg at baseline (Day -1).\n              \"Patients must have a blood pressure ≥ 135/85 mm Hg at baseline (Day -1).\n              \"Patients must have a blood pressure ≥ 135/85 mm Hg at baseline (Day -1).\n              \"Patients must have a blood pressure ≥ 135/85 mm Hg at baseline (Day -1).\n              \"Patients must have a blood pressure ≥ 135/85 mm Hg at baseline (Day -1).\n              \"Patients must have a blood pressure ≥ 135/85 mm Hg at baseline (Day -1).\n              \"Patients must have a blood pressure ≥ 135/85 mm Hg at baseline (Day -1).\n              \"Patients must have a blood pressure ≥ 135/85 mm Hg at baseline (Day -1).\n              \"Patients must have a blood pressure ≥ 135/85 mm Hg at baseline (Day -1).\n              \"Patients must have a blood pressure ≥ 135/85 mm Hg at baseline (Day -1).\n              \"Patients must have a blood pressure ≥ 135/85 mm Hg at baseline (Day -1).\n              \"Patients must have a blood pressure ≥ 135/85 mm Hg at baseline (Day -1).\ 

Die Daten wurden erfolgreich in '/work/eauten2s/ec_criteria_struct/transform_chia/model_output/p3_output/Llama-3-8B-Instruct_4_shot/Llama-3-8B-Instruct_NCT00461136_inc_4_shot.json' gespeichert.
File: NCT00480129_exc 

Das File: /work/eauten2s/ec_criteria_struct/transform_chia/input/half_clinical_trials/NCT00480129_exc.txt wurde erfolgreich geladen.

 Llama-3-8B-Instruct Output: 
  "{\n  \"AND\": {\n    \"left\": {\n      \"OR\": {\n        \"left\": {\n          \"raw_text\": \"Ongoing allergen immunotherapy\",\n          \"Procedure\": [\n            \"allergen immunotherapy\"\n          ],\n          \"Qualifier\": [\n            \"Ongoing\"\n          ]\n        },\n        \"right\": {\n          \"OR\": {\n            \"left\": {\n              \"raw_text\": \"upper respiratory tract infection\",\n              \"Condition\": [\n                \"upper respiratory tract infection\"\n              ]\n            },\n            \"right\": {\n              \"OR\": {\n                \"left\": {\n                  \"raw_text\": \"Pregnancy\",\n                  \"Condition\": [\n                    \"Pregnancy\"\n                  ]\n                },\n                \"right\": {\n                  \"raw_text\": \"or lactose-intolerance\",\n                  \"Condition\": [\n                    \"lactose-intolerance\"\n                  ]\n                }\n              }\n            }\n          }\n        }\n      },\n      \"right\": {\n        \"OR\": {\n          \"left\": {\n            \"raw_text\": \"or allergies to cow-milk\",\n            \"Condition\": [\n              \"allergies to cow-milk\"\n            ]\n          }\n        }\n      }\n    }\n  }\n}" 

Die Daten wurden erfolgreich in '/work/eauten2s/ec_criteria_struct/transform_chia/model_output/p3_output/Llama-3-8B-Instruct_4_shot/Llama-3-8B-Instruct_NCT00480129_exc_4_shot.json' gespeichert.
File: NCT00480129_inc 

Das File: /work/eauten2s/ec_criteria_struct/transform_chia/input/half_clinical_trials/NCT00480129_inc.txt wurde erfolgreich geladen.

 Llama-3-8B-Instruct Output: 
  "{\n  \"AND\": {\n    \"left\": {\n      \"AND\": {\n        \"left\": {\n          \"raw_text\": \"Clinical diagnosis of allergic rhinitis\",\n          \"Condition\": [\n            \"allergic rhinitis\"\n          ],\n          \"Qualifier\": [\n            \"Clinical diagnosis\"\n          ]\n        },\n        \"right\": {\n          \"AND\": {\n            \"left\": {\n              \"OR\": {\n                \"left\": {\n                  \"raw_text\": \"based on sneeze attacks\",\n                  \"Condition\": [\n                    \"sneeze attacks\"\n                  ]\n                },\n                \"right\": {\n                  \"OR\": {\n                    \"left\": {\n                      \"raw_text\": \"runny/blocked/itchy nose\"\n                    },\n                    \"right\": {\n                      \"raw_text\": \"in the absence of a common cold during the previous 12 months.\",\n                      \"Temporal\": [\n                        \"previous 12 months\"\n                      ],\n                      \"Condition\": [\n                        \"common cold\"\n                      ],\n                      \"Negation\": [\n                        \"absence of\"\n                      ]\n                    }\n                  }\n                }\n              }\n            },\n            \"right\": {\n              \"AND\": {\n                \"left\": {\n                  \"OR\": {\n                    \"left\": {\n                      \"raw_text\": \"History of positive skin prick test\",\n                      \"Procedure\": [\n                        \"skin prick test\"\n                      ],\n                      \"Qualifier\": [\n                        \"positive\"\n                      ]\n                    },\n                    \"right\": {\n                      \"raw_text\": \"or blood radio-allergosorbent test (RAST) to grass and/or ragweed pollen\",\n                      \"Procedure\": [\n                        \"blood radio-allergosorbent test (RAST)\"\n                      ],\n                      \"Qualifier\": [\n                        \"positive\"\n                      ],\n                      \"Condition\": [\n                        \"grass\",\n                        \"ragweed pollen\"\n                      ],\n                      \"Qualifier\": [\n                        \"and/or\"\n                      ]\n                    }\n                  }\n                }\n              }\n            }\n          }\n        }\n      }\n    }\n  }\n}" 

Die Daten wurden erfolgreich in '/work/eauten2s/ec_criteria_struct/transform_chia/model_output/p3_output/Llama-3-8B-Instruct_4_shot/Llama-3-8B-Instruct_NCT00480129_inc_4_shot.json' gespeichert.
File: NCT00483106_exc 

Das File: /work/eauten2s/ec_criteria_struct/transform_chia/input/half_clinical_trials/NCT00483106_exc.txt wurde erfolgreich geladen.

 Llama-3-8B-Instruct Output: 
  "{\n  \"OR\": {\n    \"left\": {\n      \"raw_text\": \"Psychosis\",\n      \"Condition\": [\n        \"Psychosis\"\n      ]\n    },\n    \"right\": {\n      \"OR\": {\n        \"left\": {\n          \"raw_text\": \"Tourette syndrome\",\n          \"Condition\": [\n            \"Tourette syndrome\"\n          ]\n        },\n        \"right\": {\n          \"OR\": {\n            \"left\": {\n              \"raw_text\": \"Intelligence quotient (IQ) < 70\",\n              \"Measurement\": [\n                \"Intelligence quotient (IQ)\"\n              ],\n              \"Value\": [\n                \"< 70\"\n              ]\n            },\n            \"right\": {\n              \"raw_text\": \"Pervasive developmental disorder (PDD)\"\n            }\n          }\n        }\n      }\n    }\n  }\n}" 

Die Daten wurden erfolgreich in '/work/eauten2s/ec_criteria_struct/transform_chia/model_output/p3_output/Llama-3-8B-Instruct_4_shot/Llama-3-8B-Instruct_NCT00483106_exc_4_shot.json' gespeichert.
File: NCT00483106_inc 

Das File: /work/eauten2s/ec_criteria_struct/transform_chia/input/half_clinical_trials/NCT00483106_inc.txt wurde erfolgreich geladen.

 Llama-3-8B-Instruct Output: 
  Here is the study in JSON format with logical operators:

```
{
  "AND": {
    "left": {
      "AND": {
        "left": {
          "raw_text": "ADHD"
        }
      }
    }
  }
}
```

Entities:

* ADHD (Attention Deficit Hyperactivity Disorder)

Relationships:

* None (this is a single entity, not a relationship between entities)

Note: Since ADHD is a single entity, there are no relationships to extract. 

Die Daten wurden erfolgreich in '/work/eauten2s/ec_criteria_struct/transform_chia/model_output/p3_output/Llama-3-8B-Instruct_4_shot/Llama-3-8B-Instruct_NCT00483106_inc_4_shot.json' gespeichert.
File: NCT00500500_exc 

Das File: /work/eauten2s/ec_criteria_struct/transform_chia/input/half_clinical_trials/NCT00500500_exc.txt wurde erfolgreich geladen.

 Llama-3-8B-Instruct Output: 
  "{\n  \"AND\": {\n    \"left\": {\n      \"AND\": {\n        \"left\": {\n          \"raw_text\": \"patient already treated by medicines\",\n          \"Procedure\": [\n            \"treated by medicines\"\n          ],\n          \"Qualifier\": [\n            \"already\"\n          ],\n          \"Negation\": [\n            \"which could interfere with the study\"\n          ]\n        }\n      }\n    },\n    \"right\": {\n      \"AND\": {\n        \"left\": {\n          \"OR\": {\n            \"left\": {\n              \"raw_text\": \"low level of vitamin B12\",\n              \"Measurement\": [\n                \"vitamin B12\"\n              ],\n              \"Value\": [\n                \"low level\"\n              ]\n            },\n            \"right\": {\n              \"raw_text\": \"and folate\",\n              \"Measurement\": [\n                \"folate\"\n              ]\n            },\n            \"right\": {\n              \"raw_text\": \"which are considered as clinically relevant.\",\n              \"Qualifier\": [\n                \"clinically relevant\"\n              ]\n            }\n          }\n        },\n        \"right\": {\n          \"AND\": {\n            \"left\": {\n              \"raw_text\": \"clinically relevant pathologies\",\n              \"Condition\": [\n                \"clinically relevant pathologies\"\n              ]\n            },\n            \"right\": {\n              \"OR\": {\n                \"left\": {\n                  \"raw_text\": \"(eg: pulmonary illness\",\n                  \"Condition\": [\n                    \"pulmonary illness\"\n                  ],\n                  \"Qualifier\": [\n                    \"eg\"\n                  ]\n                },\n                \"right\": {\n                  \"OR\": {\n                    \"left\": {\n                      \"raw_text\": \", cardiovascular illness\",\n                      \"Condition\": [\n                        \"cardiovascular illness\"\n                      ]\n                    },\n                    \"right\": {\n                      \"OR\": {\n                        \"left\": {\n                          \"raw_text\": \", evolutive cancer\",\n                          \"Condition\": [\n                            \"evolutive cancer\"\n                          ]\n                        },\n                        \"right\": {\n                          \"OR\": {\n                            \"left\": {\n                              \"raw_text\": \", neurological illness\",\n                              \"Condition\": [\n                                \"neurological illness\"\n                              ]\n                            },\n                            \"right\": {\n                              \"OR\": {\n                                \"left\": {\n                                  \"raw_text\": \", blood illness….)\",\n                                  \"Condition\": [\n                                    \"blood illness\"\n                                  ],\n                                  \"Qualifier\": [\n                                    \"…\"\n                                  ]\n                                }\n                              }\n                            }\n                          }\n                        }\n                      }\n                    }\n                  }\n                }\n              }\n            }\n          }\n        }\n      }\n    }\n  }\n}" 

Die Daten wurden erfolgreich in '/work/eauten2s/ec_criteria_struct/transform_chia/model_output/p3_output/Llama-3-8B-Instruct_4_shot/Llama-3-8B-Instruct_NCT00500500_exc_4_shot.json' gespeichert.
File: NCT00500500_inc 

Das File: /work/eauten2s/ec_criteria_struct/transform_chia/input/half_clinical_trials/NCT00500500_inc.txt wurde erfolgreich geladen.

 Llama-3-8B-Instruct Output: 
  "{\n  \"AND\": {\n    \"left\": {\n      \"OR\": {\n        \"left\": {\n          \"raw_text\": \"female\",\n          \"Person\": [\n            \"female\"\n          ]\n        },\n        \"right\": {\n          \"raw_text\": \"or male\",\n          \"Person\": [\n            \"male\"\n          ]\n        }\n      }\n    },\n    \"right\": {\n      \"AND\": {\n        \"left\": {\n          \"AND\": {\n            \"left\": {\n              \"raw_text\": \"of 50 to 85 years old\",\n              \"Age\": [\n                \"50\",\n                \"85\"\n              ],\n              \"Qualifier\": [\n                \"to\"\n              ]\n            },\n            \"right\": {\n              \"raw_text\": \"with a care giver\",\n              \"Person\": [\n                \"care giver\"\n              ]\n            }\n          }\n        },\n        \"right\": {\n          \"AND\": {\n            \"left\": {\n              \"AND\": {\n                \"left\": {\n                  \"raw_text\": \"Mini Mental Status (MMS) test\",\n                  \"Procedure\": [\n                    \"Mini Mental Status (MMS) test\"\n                  ],\n                  \"Measurement\": [\n                    \"MMS\"\n                  ],\n                  \"Value\": [\n                    \"between 16 to 26 inclusive\"\n                  ]\n                },\n                \"right\": {\n                  \"AND\": {\n                    \"left\": {\n                      \"raw_text\": \"Clinical Dementia Rating (CDR) test\",\n                      \"Procedure\": [\n                        \"Clinical Dementia Rating (CDR) test\"\n                      ],\n                      \"Measurement\": [\n                        \"CDR\"\n                      ],\n                      \"Value\": [\n                        \"inferior or equal to 1\"\n                      ]\n                    }\n                  }\n                }\n              }\n            },\n            \"right\": {\n              \"AND\": {\n                \"left\": {\n                  \"raw_text\": \"National Institute of Neurological and Communicative Disorders and Stroke / Alzheimer's Disease and Related Disorders Association (NINCDS/ADRDA) test\",\n                  \"Procedure\": [\n                    \"National Institute of Neurological and Communicative Disorders and Stroke / Alzheimer's Disease and Related Disorders Association (NINCDS/ADRDA) test\"\n                  ],\n                  \"Measurement\": [\n                    \"NINCDS/ADRDA test\"\n                  ],\n                  \"Value\": [\n                    \"positive for an Alzheimer's disease\"\n                  ]\n                },\n                \"right\": {\n                  \"AND\": {\n                    \"left\": {\n                      \"raw_text\": \"Diagnostic and Statistical Manual of Mental Disorders, 4th Edition (DSM IV) test\",\n                      \"Procedure\": [\n                        \"Diagnostic and Statistical Manual of Mental Disorders, 4th Edition (DSM IV) test\"\n                      ],\n                      \"Measurement\": [\n                        \"DSM IV test\"\n                      ],\n                      \"Value\": [\n                        \"positive for dementia\"\n                      ]\n                    }\n                  }\n                }\n              }\n            }\n          }\n        }\n      }\n    }\n  }\n}" 

Die Daten wurden erfolgreich in '/work/eauten2s/ec_criteria_struct/transform_chia/model_output/p3_output/Llama-3-8B-Instruct_4_shot/Llama-3-8B-Instruct_NCT00500500_inc_4_shot.json' gespeichert.
File: NCT00502567_exc 

Das File: /work/eauten2s/ec_criteria_struct/transform_chia/input/half_clinical_trials/NCT00502567_exc.txt wurde erfolgreich geladen.

 Llama-3-8B-Instruct Output: 
  "{\n  \"AND\": {\n    \"left\": {\n      \"OR\": {\n        \"left\": {\n          \"raw_text\": \"Inadequate bone marrow reserve\",\n          \"Condition\": [\n            \"bone marrow reserve\"\n          ],\n          \"Qualifier\": [\n            \"inadequate\"\n          ]\n        },\n        \"right\": {\n          \"raw_text\": \"history of poorly controlled hypertension\",\n          \"Condition\": [\n            \"hypertension\"\n          ],\n          \"Qualifier\": [\n            \"poorly controlled\"\n          ],\n          \"Temporal\": [\n            \"history of\"\n          ]\n        }\n      }\n    }\n  }\n}" 

Die Daten wurden erfolgreich in '/work/eauten2s/ec_criteria_struct/transform_chia/model_output/p3_output/Llama-3-8B-Instruct_4_shot/Llama-3-8B-Instruct_NCT00502567_exc_4_shot.json' gespeichert.
File: NCT00502567_inc 

Das File: /work/eauten2s/ec_criteria_struct/transform_chia/input/half_clinical_trials/NCT00502567_inc.txt wurde erfolgreich geladen.

 Llama-3-8B-Instruct Output: 
  "{\n  \"AND\": {\n    \"left\": {\n      \"AND\": {\n        \"left\": {\n          \"raw_text\": \"histologically confirmed metastatic cancer\",\n          \"Condition\": [\n            \"metastatic cancer\"\n          ],\n          \"Procedure\": [\n            \"histologically confirmed\"\n          ]\n        },\n        \"right\": {\n          \"NOT\": {\n            \"left\": {\n              \"OR\": {\n                \"left\": {\n                  \"raw_text\": \"amenable to surgery\",\n                  \"Procedure\": [\n                    \"surgery\"\n                  ],\n                  \"Qualifier\": [\n                    \"amenable to\"\n                  ]\n                },\n                \"right\": {\n                  \"raw_text\": \"or radiation therapy with curative intent.\",\n                  \"Procedure\": [\n                    \"radiation therapy\"\n                  ],\n                  \"Qualifier\": [\n                    \"curative intent\"\n                  ]\n                }\n              }\n            }\n          }\n        }\n      }\n    },\n    \"right\": {\n      \"AND\": {\n        \"left\": {\n          \"raw_text\": \"measurable lesion\",\n          \"Condition\": [\n            \"measurable lesion\"\n          ]\n        },\n        \"right\": {\n          \"OR\": {\n            \"left\": {\n              \"raw_text\": \"by CT\",\n              \"Procedure\": [\n                \"CT\"\n              ]\n            },\n            \"right\": {\n              \"raw_text\": \"or other techniques according to RECIST.\",\n              \"Procedure\": [\n                \"other techniques\"\n              ],\n              \"Reference_point\": [\n                \"RECIST\"\n              ]\n            }\n          }\n        }\n      }\n    }\n  }\n}" 

Die Daten wurden erfolgreich in '/work/eauten2s/ec_criteria_struct/transform_chia/model_output/p3_output/Llama-3-8B-Instruct_4_shot/Llama-3-8B-Instruct_NCT00502567_inc_4_shot.json' gespeichert.
File: NCT00527826_exc 

Das File: /work/eauten2s/ec_criteria_struct/transform_chia/input/half_clinical_trials/NCT00527826_exc.txt wurde erfolgreich geladen.

 Llama-3-8B-Instruct Output: 
  "{\n  \"AND\": {\n    \"left\": {\n      \"OR\": {\n        \"left\": {\n          \"raw_text\": \"Known other respiratory disorders\",\n          \"Condition\": [\n            \"respiratory disorders\"\n          ],\n          \"Qualifier\": [\n            \"Known\"\n          ],\n          \"Value\": [\n            \"other\"\n          ]\n        },\n        \"right\": {\n          \"OR\": {\n            \"left\": {\n              \"raw_text\": \"or signs for other respiratory disorders\",\n              \"Condition\": [\n                \"respiratory disorders\"\n              ],\n              \"Qualifier\": [\n                \"signs for\"\n              ],\n              \"Value\": [\n                \"other\"\n              ]\n            },\n            \"right\": {\n              \"OR\": {\n                \"left\": {\n                  \"raw_text\": \"(e.g. asthma, lung cancer, sarcoidosis, tuberculosis, lung fibrosis, cystic fibrosis, bronchoectasis).\",\n                  \"Condition\": [\n                    \"asthma\",\n                    \"lung cancer\",\n                    \"sarcoidosis\",\n                    \"tuberculosis\",\n                    \"lung fibrosis\",\n                    \"cystic fibrosis\",\n                    \"bronchoectasis\"\n                  ]\n                }\n              }\n            }\n          }\n        }\n      }\n    },\n    \"right\": {\n      \"AND\": {\n        \"left\": {\n          \"OR\": {\n            \"left\": {\n              \"raw_text\": \"Known history of significant inflammatory disease\",\n              \"Condition\": [\n                \"inflammatory disease\"\n              ],\n              \"Qualifier\": [\n                \"Known\"\n              ],\n              \"Value\": [\n                \"significant\"\n              ]\n            },\n            \"right\": {\n              \"raw_text\": \"other than COPD\",\n              \"Condition\": [\n                \"COPD\"\n              ],\n              \"Qualifier\": [\n                \"other than\"\n              ]\n            }\n          },\n          \"right\": {\n            \"OR\": {\n              \"left\": {\n                \"raw_text\": \"(e.g. rheumatoid arthritis and systemic lupus erythematosus).\",\n                \"Condition\": [\n                  \"rheumatoid arthritis\",\n                  \"systemic lupus erythematosus\"\n                ]\n              }\n            }\n          }\n        },\n        \"right\": {\n          \"AND\": {\n            \"left\": {\n              \"raw_text\": \"Known to be severely alpha-1-antitrypsin deficient\",\n              \"Condition\": [\n                \"alpha-1-antitrypsin deficient\"\n              ],\n              \"Qualifier\": [\n                \"Known\"\n              ],\n              \"Value\": [\n                \"severely\"\n              ]\n            },\n            \"right\": {\n              \"raw_text\": \"(PI SZ or ZZ).\",\n              \"Condition\": [\n                \"PI SZ\",\n                \"PI ZZ\"\n              ]\n            }\n          }\n        }\n      }\n    }\n  }\n}" 

Die Daten wurden erfolgreich in '/work/eauten2s/ec_criteria_struct/transform_chia/model_output/p3_output/Llama-3-8B-Instruct_4_shot/Llama-3-8B-Instruct_NCT00527826_exc_4_shot.json' gespeichert.
File: NCT00527826_inc 

Das File: /work/eauten2s/ec_criteria_struct/transform_chia/input/half_clinical_trials/NCT00527826_inc.txt wurde erfolgreich geladen.

 Llama-3-8B-Instruct Output: 
  Here is the study in JSON format with logical operators and extracted entities and relationships:

```
{
  "AND": {
    "left": {
      "AND": {
        "left": {
          "raw_text": "Subject must have a diagnosis of COPD based on the American Thoracic Society (ATS)/ European Respiratory Society (ERS) criteria.",
          "Condition": ["COPD"],
          "Reference_point": ["American Thoracic Society", "European Respiratory Society"]
        }
      }
    },
    "right": {
      "AND": {
        "left": {
          "OR": {
            "left": {
              "raw_text": "Male or female subjects, aged >=40 years."
            },
            "right": {
              "AND": {
                "left": {
                  "raw_text": "Females must be of Non Child Bearing Potential."
                },
                "right": {
                  "raw_text": "The definition of Non Child Bearing Potential is as following: Females, regardless of their age, with functioning ovaries and who have a current documented tubal ligation or hysterectomy, or females who are post-menopausal."
                }
              }
            }
          }
        }
      }
    }
  }
}
```

Entities:

* COPD (Chronic Obstructive Pulmonary Disease)
* American Thoracic Society (ATS)
* European Respiratory Society (ERS)
* Females
* Males
* Non Child Bearing Potential
* Tubal ligation
* Hysterectomy
* Post-menopausal

Relationships:

* A subject must have a diagnosis of COPD based on the ATS/ERS criteria.
* A subject must be either male or female, aged 40 years or older.
* A female subject must be of Non Child Bearing Potential.
* A female subject is of Non Child Bearing Potential if she has functioning ovaries and a current documented tubal ligation or hysterectomy, or if she is post-menopausal. 

Die Daten wurden erfolgreich in '/work/eauten2s/ec_criteria_struct/transform_chia/model_output/p3_output/Llama-3-8B-Instruct_4_shot/Llama-3-8B-Instruct_NCT00527826_inc_4_shot.json' gespeichert.
File: NCT00543712_exc 

Das File: /work/eauten2s/ec_criteria_struct/transform_chia/input/half_clinical_trials/NCT00543712_exc.txt wurde erfolgreich geladen.

 Llama-3-8B-Instruct Output: 
  "{\n  \"AND\": {\n    \"left\": {\n      \"AND\": {\n        \"left\": {\n          \"raw_text\": \"Systemic therapy or radiotherapy within 4 weeks prior to Day 1\",\n          \"Procedure\": [\n            \"systemic therapy\",\n            \"radiotherapy\"\n          ],\n          \"Temporal\": [\n            \"within 4 weeks prior to Day 1\"\n          ]\n        },\n        \"right\": {\n          \"NOT\": {\n            \"left\": {\n              \"raw_text\": \"or\",\n              \"Negation\": [\n                \"or\"\n              ]\n            }\n          }\n        }\n      }\n    },\n    \"right\": {\n      \"AND\": {\n        \"left\": {\n          \"OR\": {\n            \"left\": {\n              \"raw_text\": \"Prior therapy with agents targeting the DR5 apoptosis pathway\",\n              \"Drug\": [\n                \"agents targeting the DR5 apoptosis pathway\"\n              ],\n              \"Temporal\": [\n                \"prior\"\n              ]\n            },\n            \"right\": {\n              \"raw_text\": \"or\",\n              \"Negation\": [\n                \"or\"\n              ]\n            }\n          }\n        },\n        \"right\": {\n          \"AND\": {\n            \"left\": {\n              \"OR\": {\n                \"left\": {\n                  \"raw_text\": \"Major surgical procedure\",\n                  \"Procedure\": [\n                    \"major surgical procedure\"\n                  ],\n                  \"Temporal\": [\n                    \"within 4 weeks prior to Day 1\"\n                  ]\n                },\n                \"right\": {\n                  \"OR\": {\n                    \"left\": {\n                      \"raw_text\": \", open biopsy\",\n                      \"Procedure\": [\n                        \"open biopsy\"\n                      ]\n                    },\n                    \"right\": {\n                      \"OR\": {\n                        \"left\": {\n                          \"raw_text\": \", or significant traumatic injury\",\n                          \"Procedure\": [\n                            \"significant traumatic injury\"\n                          ],\n                          \"Temporal\": [\n                            \"within 4 weeks prior to Day 1\"\n                          ]\n                        },\n                        \"right\": {\n                          \"raw_text\": \", or anticipation of need for major surgical procedure during the course of the study\",\n                          \"Temporal\": [\n                            \"during the course of the study\"\n                          ]\n                        }\n                      }\n                    }\n                  }\n                }\n              }\n            },\n            \"right\": {\n              \"AND\": {\n                \"left\": {\n                  \"OR\": {\n                    \"left\": {\n                      \"raw_text\": \"Other invasive malignancies\",\n                      \"Condition\": [\n                        \"invasive malignancies\"\n                      ],\n                      \"Temporal\": [\n                        \"within 5 years prior to Day 1\"\n                      ]\n                    },\n                    \"right\": {\n                      \"raw_text\": \"or\",\n                      \"Negation\": [\n                        \"or\"\n                      ]\n                    }\n                  }\n                },\n                \"right\": {\n                  \"AND\": {\n                    \"left\": {\n                      \"OR\": {\n                        \"left\": {\n                          \"raw_text\": \"Known active brain metastases\",\n                          \"Condition\": [\n                            \"brain metastases\"\n                          ],\n                          \"Qualifier\": [\n                            \"active\"\n                          ]\n                        },\n                        \"right\": {\n                          \"raw_text\": \"or\",\n                          \"Negation\": [\n                            \"or\"\n                          ]\n                        }\n                      }\n                    },\n                    \"right\": {\n                      \"AND\": {\n                        \"left\": {\n                          \"OR\": {\n                            \"left\": {\n                              \"raw_text\": \"Uncontrolled intercurrent illness\",\n                              \"Condition\": [\n                                \"intercurrent illness\"\n                              ],\n                              \"Qualifier\": [\n                                \"uncontrolled\"\n                              ]\n                            },\n                            \"right\": {\n                              \"raw_text\": \"including but not limited to\",\n                              \"Condition\": [\n                                \"intercurrent illness\"\n                              ],\n                              \"Qualifier\": [\n                                \"including but not limited to\"\n                              ]\n                            }\n                          },\n                          \"right\": {\n                            \"raw_text\": \"ongoing or active infection requiring parenteral antibiotics at enrollment\",\n                            \"Condition\": [\n                              \"infection\"\n                            ],\n                            \"Procedure\": [\n                              \"parenteral antibiotics\"\n                            ],\n                            \"Temporal\": [\n                              \"at enrollment\"\n                            ]\n                          }\n                        }\n                      }\n                    }\n                  }\n                }\n              }\n            }\n              }\n            }\n          }\n        }\n          }\n            }\n              }\n          }\n          }\n            }\n          }\n          }\n            }\n          }\n          }\n          }\n          }\n          }\n          }\n          }\n          }\n          }\n          }\n          }\n          }\n          }\n          }\n          }\n          }\n          }\n          }\n          }\n          }\n          }\n          }\n          }\n          }\n          }\n          }\n          }\n          }\n          }\n          }\n          }\n          }\n          }\n          }\n          }\n          }\n          }\n          }\n          }\n          }\n          }\n          }\n          }\n          }\n          }\n          }\n          }\n          }\n          }\n          }\n          }\n          }\n          }\n          }\n          }\n          }\n          }\n          }\n          }\n          }\n          }\n          }\n          }\n          }\n          }\n          }\n          }\n          }\n          }\n          }\n          }\n          }\n          }\n          }\n          }\n          }\n          }\n          }\n          }\n          }\n          }\n          }\n          }\n          }\n          }\n          }\n          }\n          }\n          }\n          }\n          }\n          }\n          }\n          }\n          }\n          }\n          }\n          }\n          }\n          }\n          }\n          }\n          }\n          }\n          }\n          }\n          }\n          }\n          }\n          }\n          }\n          }\n          }\n          }\n          }\n          }\n          }\n          }\n          }\n          }\n          }\n          }\n          }\n          }\n          }\n          }\n          }\n          }\n          }\n          }\n          }\n          }\n          }\n          }\n          }\n          }\n          }\n          }\n          }\n          }\n          }\n          }\n          }\n          }\n          }\n          }\n          }\n          }\n          }\n          }\n          }\n          }\n          }\n          }\n          }\n          }\n          }\n          }\n          }\n          }\n          }\n          }\n          }\n          }\n          }\n          }\n          }\n          }\n          }\n          }\n          }\n          }\n          }\n          }\n          }\n          }\n          }\n          }\n          }\n          }\n          }\n          }\n          }\n          }\n          }\n          }\n          }\n          }\n          }\n          }\n          }\n          }\n          }\n          }\n          }\n          }\n          }\n          }\n          }\n          }\n          }\n          }\n          }\n          }\n          }\n          }\n          }\n          }\n          }\n          }\n          }\n          }\n          }\n          }\n          }\n          }\n          }\n          }\n          }\n          }\n          }\n          }\n          }\n          }\n          }\n          }\n          }\n          }\n          }\n          }\n          }\n          }\n          }\n          }\n          }\n          }\n          }\n          }\n          }\n          }\n          }\n          }\n          }\n          }\n          }\n          }\n          }\n          }\n          }\n          }\n          }\n          }\n          }\n          }\n          }\n          }\n          }\n          }\n          }\n          }\n          }\n          }\n          }\n          }\n          }\n          }\n          }\n          }\n          }\n          }\n          }\n          }\n          }\n          }\n          }\n          }\n          }\n          }\n          }\n          }\n          }\n          }\n          }\n          }\n          }\n          }\n          }\n          }\n          }\n          }\n          }\n          }\n          }\n          }\n          }\n          }\n          }\n          }\n          }\n          }\n          }\n          }\ 

Die Daten wurden erfolgreich in '/work/eauten2s/ec_criteria_struct/transform_chia/model_output/p3_output/Llama-3-8B-Instruct_4_shot/Llama-3-8B-Instruct_NCT00543712_exc_4_shot.json' gespeichert.
File: NCT00543712_inc 

Das File: /work/eauten2s/ec_criteria_struct/transform_chia/input/half_clinical_trials/NCT00543712_inc.txt wurde erfolgreich geladen.

 Llama-3-8B-Instruct Output: 
  "{\n  \"AND\": {\n    \"left\": {\n      \"AND\": {\n        \"left\": {\n          \"raw_text\": \"Ability to understand and willingness to sign a written informed consent document\",\n          \"Qualifier\": [\n            \"Ability\",\n            \"willingness\"\n          ],\n          \"Procedure\": [\n            \"sign a written informed consent document\"\n          ]\n        },\n        \"right\": {\n          \"raw_text\": \"\",\n          \"Value\": [\n            \".\"\n          ]\n        }\n      }\n    },\n    \"right\": {\n      \"AND\": {\n        \"left\": {\n          \"OR\": {\n            \"left\": {\n              \"raw_text\": \"Age\",\n              \"Measurement\": [\n                \"Age\"\n              ]\n            },\n            \"right\": {\n              \"raw_text\": \"≥ 18 years\",\n              \"Value\": [\n                \"≥ 18 years\"\n              ]\n            }\n          }\n        },\n        \"right\": {\n          \"AND\": {\n            \"left\": {\n              \"raw_text\": \"Histologic diagnosis of chondrosarcoma\",\n              \"Condition\": [\n                \"chondrosarcoma\"\n              ],\n              \"Procedure\": [\n                \"Histologic diagnosis\"\n              ]\n            },\n            \"right\": {\n              \"raw_text\": \", verifiable after enrollment\",\n              \"Temporal\": [\n                \"after enrollment\"\n              ],\n              \"Reference_point\": [\n                \"enrollment\"\n              ]\n            }\n          }\n        }\n      }\n    }\n  }\n}" 

Die Daten wurden erfolgreich in '/work/eauten2s/ec_criteria_struct/transform_chia/model_output/p3_output/Llama-3-8B-Instruct_4_shot/Llama-3-8B-Instruct_NCT00543712_inc_4_shot.json' gespeichert.
File: NCT00576173_exc 

Das File: /work/eauten2s/ec_criteria_struct/transform_chia/input/half_clinical_trials/NCT00576173_exc.txt wurde erfolgreich geladen.

 Llama-3-8B-Instruct Output: 
  "{\n  \"AND\": {\n    \"left\": {\n      \"OR\": {\n        \"left\": {\n          \"AND\": {\n            \"left\": {\n              \"raw_text\": \"Patients who have taken either morphine\",\n              \"Drug\": [\n                \"morphine\"\n              ],\n              \"Qualifier\": [\n                \"taken\"\n              ]\n            },\n            \"right\": {\n              \"raw_text\": \"with daily dose more than 120mg\",\n              \"Measurement\": [\n                \"daily dose\"\n              ],\n              \"Value\": [\n                \"> 120mg\"\n              ]\n            }\n          }\n        },\n        \"right\": {\n          \"AND\": {\n            \"left\": {\n              \"raw_text\": \"or Fentanyl\",\n              \"Drug\": [\n                \"Fentanyl\"\n              ],\n              \"Qualifier\": [\n                \"taken\"\n              ]\n            },\n            \"right\": {\n              \"raw_text\": \"with daily dose more than 50ug/hr\",\n              \"Measurement\": [\n                \"daily dose\"\n              ],\n              \"Value\": [\n                \"> 50ug/hr\"\n              ]\n            }\n          }\n        }\n      }\n    },\n    \"right\": {\n      \"AND\": {\n        \"left\": {\n          \"OR\": {\n            \"left\": {\n              \"raw_text\": \"Patients with significant abnormalities\",\n              \"Condition\": [\n                \"significant abnormalities\"\n              ]\n            },\n            \"right\": {\n              \"AND\": {\n                \"left\": {\n                  \"raw_text\": \"in hepatic or renal function\",\n                  \"Condition\": [\n                    \"hepatic or renal function\"\n                  ]\n                },\n                \"right\": {\n                  \"raw_text\": \"which would, in the opinion of the investigator, prevent the patients involvement in the study.\",\n                  \"Qualifier\": [\n                    \"prevent the patients involvement in the study\"\n                  ],\n                  \"Reference_point\": [\n                    \"investigator\"\n                  ]\n                }\n              }\n            }\n          },\n          \"right\": {\n            \"OR\": {\n              \"left\": {\n                \"raw_text\": \"Patients with significant clinical abnormalities\",\n                \"Condition\": [\n                  \"significant clinical abnormalities\"\n                ]\n              },\n              \"right\": {\n                \"AND\": {\n                  \"left\": {\n                    \"raw_text\": \"in CNS, respiratory or cardiovascular function\",\n                    \"Condition\": [\n                      \"CNS, respiratory or cardiovascular function\"\n                    ]\n                  },\n                  \"right\": {\n                    \"raw_text\": \"which in the investigators judgement prevents participation in the study.\",\n                    \"Qualifier\": [\n                      \"prevents participation in the study\"\n                    ],\n                    \"Reference_point\": [\n                      \"investigators judgement\"\n                    ]\n                  }\n                }\n              }\n            }\n          }\n        }\n      },\n      \"right\": {\n        \"AND\": {\n          \"left\": {\n            \"raw_text\": \"Patients who have taken\",\n            \"Qualifier\": [\n              \"taken\"\n            ]\n          },\n          \"right\": {\n            \"OR\": {\n              \"left\": {\n                \"raw_text\": \"antidepressants or anti-epileptic drugs\",\n                \"Drug\": [\n                  \"antidepressants\",\n                  \"anti-epileptic drugs\"\n                ],\n                \"Qualifier\": [\n                  \"taken\"\n                ]\n              },\n              \"right\": {\n                \"OR\": {\n                  \"left\": {\n                    \"raw_text\": \"sedative hypnotics\",\n                    \"Drug\": [\n                      \"sedative hypnotics\"\n                    ],\n                    \"Qualifier\": [\n                      \"taken\"\n                    ]\n                  },\n                  \"right\": {\n                    \"OR\": {\n                      \"left\": {\n                        \"raw_text\": \"selective serotonin reuptake inhibitor\",\n                        \"Drug\": [\n                          \"selective serotonin reuptake inhibitor\"\n                        ],\n                        \"Qualifier\": [\n                          \"taken\"\n                        ]\n                      },\n                      \"right\": {\n                        \"OR\": {\n                          \"left\": {\n                            \"raw_text\": \"short-acting analgesics\",\n                            \"Drug\": [\n                              \"short-acting analgesics\"\n                            ],\n                            \"Qualifier\": [\n                              \"taken\"\n                            ]\n                          },\n                          \"right\": {\n                            \"OR\": {\n                              \"left\": {\n                                \"raw_text\": \"topical medications and anesthetics and/or muscle relaxants\",\n                                \"Drug\": [\n                                  \"topical medications and anesthetics and/or muscle relaxants\"\n                                ],\n                                \"Qualifier\": [\n                                  \"taken\"\n                                ]\n                              },\n                              \"right\": {\n                                \"raw_text\": \"when taking Tramadol/Acetaminophen\",\n                                \"Condition\": [\n                                  \"Tramadol/Acetaminophen\"\n                                ],\n                                \"Qualifier\": [\n                                  \"taken\"\n                                ]\n                              }\n                            }\n                          }\n                        }\n                      }\n                    }\n                  }\n                }\n              }\n            }\n          }\n        }\n      }\n    }\n  }\n  }\n    }\n  }\n  }\n  }\n  }\n  }\n  }\n  }\n  }\n  }\n  }\n  }\n  }\n  }\n  }\n  }\n  }\n  }\n  }\n  }\n  }\n  }\n  }\n  }\n  }\n  }\n  }\n  }\n  }\n  }\n  }\n  }\n  }\n  }\n  }\n  }\n  }\n  }\n  }\n  }\n  }\n  }\n  }\n  }\n  }\n  }\n  }\n  }\n  }\n  }\n  }\n  }\n  }\n  }\n  }\n  }\n  }\n  }\n  }\n  }\n  }\n  }\n  }\n  }\n  }\n  }\n  }\n  }\n  }\n  }\n  }\n  }\n  }\n  }\n  }\n  }\n  }\n  }\n  }\n  }\n  }\n  }\n  }\n  }\n  }\n  }\n  }\n  }\n  }\n  }\n  }\n  }\n  }\n  }\n  }\n  }\n  }\n  }\n  }\n  }\n  }\n  }\n  }\n  }\n  }\n  }\n  }\n  }\n  }\n  }\n  }\n  }\n  }\n  }\n  }\n  }\n  }\n  }\n  }\n  }\n  }\n  }\n  }\n  }\n  }\n  }\n  }\n  }\n  }\n  }\n  }\n  }\n  }\n  }\n  }\n  }\n  }\n  }\n  }\n  }\n  }\n  }\n  }\n  }\n  }\n  }\n  }\n  }\n  }\n  }\n  }\n  }\n  }\n  }\n  }\n  }\n  }\n  }\n  }\n  }\n  }\n  }\n  }\n  }\n  }\n  }\n  }\n  }\n  }\n  }\n  }\n  }\n  }\n  }\n  }\n  }\n  }\n  }\n  }\n  }\n  }\n  }\n  }\n  }\n  }\n  }\n  }\n  }\n  }\n  }\n  }\n  }\n  }\n  }\n  }\n  }\n  }\n  }\n  }\n  }\n  }\n  }\n  }\n  }\n  }\n  }\n  }\n  }\n  }\n  }\n  }\n  }\n  }\n  }\n  }\n  }\n  }\n  }\n  }\n  }\n  }\n  }\n  }\n  }\n  }\n  }\n  }\n  }\n  }\n  }\n  }\n  }\n  }\n  }\n  }\n  }\n  }\n  }\n  }\n  }\n  }\n  }\n  }\n  }\n  }\n  }\n  }\n  }\n  }\n  }\n  }\n  }\n  }\n  }\n  }\n  }\n  }\n  }\ 

Die Daten wurden erfolgreich in '/work/eauten2s/ec_criteria_struct/transform_chia/model_output/p3_output/Llama-3-8B-Instruct_4_shot/Llama-3-8B-Instruct_NCT00576173_exc_4_shot.json' gespeichert.
File: NCT00576173_inc 

Das File: /work/eauten2s/ec_criteria_struct/transform_chia/input/half_clinical_trials/NCT00576173_inc.txt wurde erfolgreich geladen.

 Llama-3-8B-Instruct Output: 
  "{\n  \"AND\": {\n    \"left\": {\n      \"AND\": {\n        \"left\": {\n          \"raw_text\": \"Patients with a histologically\",\n          \"Condition\": [\n            \"malignancy\"\n          ],\n          \"Qualifier\": [\n            \"histologically\",\n            \"radiologically\",\n            \"haematologically\"\n          ]\n        },\n        \"right\": {\n          \"raw_text\": \"confirmed malignancy whose pain is judged by the investigator to be caused by the malignancy.\",\n          \"Condition\": [\n            \"pain\"\n          ],\n          \"Qualifier\": [\n            \"caused by the malignancy\"\n          ],\n          \"Reference_point\": [\n            \"investigator\"\n          ]\n        }\n      }\n    },\n    \"right\": {\n      \"AND\": {\n        \"left\": {\n          \"AND\": {\n            \"left\": {\n              \"raw_text\": \"Patients must have been on a stable daily dose\",\n              \"Procedure\": [\n                \"stable daily dose\"\n              ]\n            },\n            \"right\": {\n              \"raw_text\": \"of weak opioids or strong opioids for at least 72 hours prior to the start the study\",\n              \"Drug\": [\n                \"weak opioids\",\n                \"strong opioids\"\n              ],\n              \"Temporal\": [\n                \"at least 72 hours prior to the start the study\"\n              ]\n            }\n          },\n          \"right\": {\n            \"AND\": {\n              \"left\": {\n                \"raw_text\": \"and must remain at the same dosage for the duration of the study\",\n                \"Qualifier\": [\n                  \"same dosage\"\n                ],\n                \"Temporal\": [\n                  \"for the duration of the study\"\n                ]\n              }\n            }\n          }\n        }\n      },\n      \"right\": {\n        \"AND\": {\n          \"left\": {\n            \"raw_text\": \"Patients must have a VAS (Visual analog scale) >=40mm\",\n            \"Measurement\": [\n              \"VAS (Visual analog scale)\"\n            ],\n            \"Value\": [\n              \">=40mm\"\n            ]\n          }\n        }\n      }\n    }\n  }\n}" 

Die Daten wurden erfolgreich in '/work/eauten2s/ec_criteria_struct/transform_chia/model_output/p3_output/Llama-3-8B-Instruct_4_shot/Llama-3-8B-Instruct_NCT00576173_inc_4_shot.json' gespeichert.
File: NCT00586898_exc 

Das File: /work/eauten2s/ec_criteria_struct/transform_chia/input/half_clinical_trials/NCT00586898_exc.txt wurde erfolgreich geladen.

 Llama-3-8B-Instruct Output: 
  "{\n  \"AND\": {\n    \"left\": {\n      \"OR\": {\n        \"left\": {\n          \"raw_text\": \"Clinically significant cardiac disease\",\n          \"Condition\": [\n            \"cardiac disease\"\n          ],\n          \"Qualifier\": [\n            \"clinically significant\"\n          ],\n          \"Value\": [\n            \"New York Heart Association Class III/IV\"\n          ]\n        },\n        \"right\": {\n          \"raw_text\": \"or severe debilitating pulmonary disease.\",\n          \"Condition\": [\n            \"pulmonary disease\"\n          ],\n          \"Qualifier\": [\n            \"severe debilitating\"\n          ],\n          \"Value\": [\n            \".\"\n          ]\n        }\n      }\n    },\n    \"right\": {\n      \"AND\": {\n        \"left\": {\n          \"raw_text\": \"Uncontrolled serious active infection.\",\n          \"Condition\": [\n            \"infection\"\n          ],\n          \"Qualifier\": [\n            \"uncontrolled serious active\"\n          ],\n          \"Value\": [\n            \".\"\n          ]\n        },\n        \"right\": {\n          \"AND\": {\n            \"left\": {\n              \"raw_text\": \"Anticipated survival of less than 3 months.\",\n              \"Temporal\": [\n                \"less than 3 months\"\n              ],\n              \"Value\": [\n                \".\"\n              ]\n            },\n            \"right\": {\n              \"AND\": {\n                \"left\": {\n                  \"raw_text\": \"Active CNS or epidural tumor\",\n                  \"Condition\": [\n                    \"CNS tumor\",\n                    \"epidural tumor\"\n                  ],\n                  \"Qualifier\": [\n                    \"Active\"\n                  ],\n                  \"Value\": [\n                    \".\"\n                  ]\n                },\n                \"right\": {\n                  \"AND\": {\n                    \"left\": {\n                      \"raw_text\": \"Inability or unwillingness to comply\",\n                      \"Qualifier\": [\n                        \"inability\",\n                        \"unwillingness\"\n                      ],\n                      \"Value\": [\n                        \"with the treatment protocol, follow-up, or research tests.\",\n                        \".\"\n                      ]\n                    }\n                  }\n                }\n              }\n            }\n          }\n        }\n      }\n    }\n  }\n}" 

Die Daten wurden erfolgreich in '/work/eauten2s/ec_criteria_struct/transform_chia/model_output/p3_output/Llama-3-8B-Instruct_4_shot/Llama-3-8B-Instruct_NCT00586898_exc_4_shot.json' gespeichert.
File: NCT00586898_inc 

Das File: /work/eauten2s/ec_criteria_struct/transform_chia/input/half_clinical_trials/NCT00586898_inc.txt wurde erfolgreich geladen.

 Llama-3-8B-Instruct Output: 
  "{\n  \"AND\": {\n    \"left\": {\n      \"OR\": {\n        \"left\": {\n          \"raw_text\": \"Patients residing in the following clinical states\",\n          \"Condition\": [\n            \"clinical states\"\n          ],\n          \"Value\": [\n            \".\"\n          ]\n        },\n        \"right\": {\n          \"AND\": {\n            \"left\": {\n              \"A\": {\n                \"raw_text\": \"A. Rising PSA\",\n                \"Condition\": [\n                  \"Rising PSA\"\n                ]\n              },\n              \"right\": {\n                \"AND\": {\n                  \"left\": {\n                    \"raw_text\": \"Patients with a history of localized disease\",\n                    \"Condition\": [\n                      \"localized disease\"\n                    ]\n                  },\n                  \"right\": {\n                    \"AND\": {\n                      \"left\": {\n                        \"raw_text\": \"who have undergone definitive radiation or surgery\",\n                        \"Procedure\": [\n                          \"definitive radiation\",\n                          \"surgery\"\n                        ]\n                      },\n                      \"right\": {\n                        \"AND\": {\n                          \"left\": {\n                            \"raw_text\": \"These patients must demonstrate progression of disease biochemically as outlined below.\",\n                            \"Condition\": [\n                              \"progression of disease\"\n                            ],\n                            \"Value\": [\n                              \".\"\n                            ]\n                          },\n                          \"right\": {\n                            \"raw_text\": \"Patients in this group may not have radiographically evident disease.\",\n                            \"Condition\": [\n                              \"radiographically evident disease\"\n                            ],\n                            \"Value\": [\n                              \".\"\n                            ]\n                          }\n                        }\n                      }\n                    }\n                  }\n                }\n              }\n            },\n            \"B\": {\n              \"raw_text\": \"B. Non-castrate metastatic\",\n              \"Condition\": [\n                \"Non-castrate metastatic\"\n              ]\n            }\n          }\n        }\n      }\n    },\n    \"right\": {\n      \"AND\": {\n        \"left\": {\n          \"raw_text\": \"Diagnosis of prostate adenocarcinoma histologically confirmed at MSKCC.\",\n          \"Condition\": [\n            \"prostate adenocarcinoma\"\n          ],\n          \"Location\": [\n            \"MSKCC\"\n          ],\n          \"Value\": [\n            \".\"\n          ]\n        },\n        \"right\": {\n          \"AND\": {\n            \"left\": {\n              \"raw_text\": \"Patient must have level of serum testosterone above the lower limit of normal.\",\n              \"Measurement\": [\n                \"serum testosterone\"\n              ],\n              \"Value\": [\n                \".\"\n              ]\n            },\n            \"right\": {\n              \"AND\": {\n                \"left\": {\n                  \"raw_text\": \"Karnofskcy performance status (KPS) >_70%.\",\n                  \"Measurement\": [\n                    \"Karnofskcy performance status (KPS)\"\n                  ],\n                  \"Value\": [\n                    \"> 70%\n" 

Die Daten wurden erfolgreich in '/work/eauten2s/ec_criteria_struct/transform_chia/model_output/p3_output/Llama-3-8B-Instruct_4_shot/Llama-3-8B-Instruct_NCT00586898_inc_4_shot.json' gespeichert.
File: NCT00599924_exc 

Das File: /work/eauten2s/ec_criteria_struct/transform_chia/input/half_clinical_trials/NCT00599924_exc.txt wurde erfolgreich geladen.

 Llama-3-8B-Instruct Output: 
  "{\n  \"AND\": {\n    \"left\": {\n      \"OR\": {\n        \"left\": {\n          \"raw_text\": \"Prior treatment with more than 6 cycles of traditional alkylating agent-based chemotherapy regimens\",\n          \"Drug\": [\n            \"traditional alkylating agent-based chemotherapy regimens\",\n            \"alkylating agent-based chemotherapy regimens\"\n          ],\n          \"Multiplier\": [\n            \"more than 6 cycles\"\n          ]\n        },\n        \"right\": {\n          \"raw_text\": \"Prior treatment with more than 2 cycles of carboplating-based chemotherapy regimens\",\n          \"Drug\": [\n            \"carboplating-based chemotherapy regimens\",\n            \"carboplating\"\n          ],\n          \"Multiplier\": [\n            \"more than 2 cycles\"\n          ]\n        }\n      }\n    },\n    \"right\": {\n      \"AND\": {\n        \"left\": {\n          \"raw_text\": \"For colorectal cancer patients in the expanded cohorts\",\n          \"Condition\": [\n            \"colorectal cancer patients\"\n          ],\n          \"Qualifier\": [\n            \"expanded cohorts\"\n          ]\n        },\n        \"right\": {\n          \"raw_text\": \"prior treatment with more than 2 systemic chemotherapy regimens in the metastatic setting\",\n          \"Drug\": [\n            \"systemic chemotherapy regimens\"\n          ],\n          \"Qualifier\": [\n            \"metastatic setting\"\n          ],\n          \"Multiplier\": [\n            \"more than 2\"\n          ]\n        }\n      }\n    }\n  }\n}" 

Die Daten wurden erfolgreich in '/work/eauten2s/ec_criteria_struct/transform_chia/model_output/p3_output/Llama-3-8B-Instruct_4_shot/Llama-3-8B-Instruct_NCT00599924_exc_4_shot.json' gespeichert.
File: NCT00599924_inc 

Das File: /work/eauten2s/ec_criteria_struct/transform_chia/input/half_clinical_trials/NCT00599924_inc.txt wurde erfolgreich geladen.

 Llama-3-8B-Instruct Output: 
  "{\n  \"AND\": {\n    \"left\": {\n      \"raw_text\": \"Advanced solid tumor malignancy\",\n      \"Condition\": [\n        \"solid tumor malignancy\"\n      ],\n      \"Qualifier\": [\n        \"Advanced\"\n      ]\n    },\n    \"right\": {\n      \"AND\": {\n        \"left\": {\n          \"raw_text\": \"(during expansion at the maximum tolerated dose\",\n          \"Temporal\": [\n            \"during expansion at the maximum tolerated dose\"\n          ]\n        },\n        \"right\": {\n          \"raw_text\": \"entry will be limited to patients with adenocarcinoma of the colon or rectum)\",\n          \"Condition\": [\n            \"adenocarcinoma of the colon or rectum\"\n          ],\n          \"Qualifier\": [\n            \"limited to patients with\"\n          ]\n        }\n      }\n    }\n  },\n  \"AND\": {\n    \"left\": {\n      \"raw_text\": \"Eastern Cooperative Oncology Group (ECOG) 0\",\n      \"Measurement\": [\n        \"ECOG performance status\"\n      ],\n      \"Value\": [\n        \"0\"\n      ]\n    },\n    \"right\": {\n      \"OR\": {\n        \"left\": {\n          \"raw_text\": \"or 1\",\n          \"Value\": [\n            \"1\"\n          ]\n        }\n      }\n    }\n  }\n}" 

Die Daten wurden erfolgreich in '/work/eauten2s/ec_criteria_struct/transform_chia/model_output/p3_output/Llama-3-8B-Instruct_4_shot/Llama-3-8B-Instruct_NCT00599924_inc_4_shot.json' gespeichert.
File: NCT00609531_exc 

Das File: /work/eauten2s/ec_criteria_struct/transform_chia/input/half_clinical_trials/NCT00609531_exc.txt wurde erfolgreich geladen.

 Llama-3-8B-Instruct Output: 
  "{\n  \"AND\": {\n    \"left\": {\n      \"OR\": {\n        \"left\": {\n          \"raw_text\": \"Age less than 10 years\",\n          \"Measurement\": [\n            \"Age\"\n          ],\n          \"Value\": [\n            \"less than 10 years\"\n          ]\n        },\n        \"right\": {\n          \"raw_text\": \"or greater than 55 years\",\n          \"Measurement\": [\n            \"Age\"\n          ],\n          \"Value\": [\n            \"greater than 55 years\"\n          ],\n          \"Temporal\": [\n            \"at time of consent\"\n          ]\n        }\n      }\n    },\n    \"right\": {\n      \"AND\": {\n        \"left\": {\n          \"raw_text\": \"Estimated IQ < 70\",\n          \"Measurement\": [\n            \"Estimated IQ\"\n          ],\n          \"Value\": [\n            \"< 70\"\n          ]\n        },\n        \"right\": {\n          \"AND\": {\n            \"left\": {\n              \"raw_text\": \"Uncontrolled epilepsy\",\n              \"Condition\": [\n                \"epilepsy\"\n              ],\n              \"Qualifier\": [\n                \"uncontrolled\"\n              ],\n              \"Temporal\": [\n                \"within 6 months prior to consent\"\n              ]\n            },\n            \"right\": {\n              \"AND\": {\n                \"left\": {\n                  \"raw_text\": \"4. Presence of medical conditions\",\n                  \"Condition\": [\n                    \"medical conditions\"\n                  ],\n                  \"Qualifier\": [\n                    \"presence of\"\n                  ],\n                  \"Temporal\": [\n                    \"that might interfere with participation, or where participation would be contraindicated\"\n                  ]\n                },\n                \"right\": {\n                  \"AND\": {\n                    \"left\": {\n                      \"raw_text\": \"History of neurological injury\",\n                      \"Condition\": [\n                        \"neurological injury\"\n                      ],\n                      \"Qualifier\": [\n                        \"history of\"\n                      ],\n                      \"Temporal\": [\n                        \"head trauma, poorly-controlled seizure disorder (seizure within the preceding six months), stroke, prior neurosurgery, or under the care of a neurologist or neurosurgeon as determined by interview\"\n                      ]\n                    },\n                    \"right\": {\n                      \"AND\": {\n                        \"left\": {\n                          \"raw_text\": \"History of claustrophobia\",\n                          \"Condition\": [\n                            \"claustrophobia\"\n                          ],\n                          \"Qualifier\": [\n                            \"history of\"\n                          ]\n                        },\n                        \"right\": {\n                          \"AND\": {\n                            \"left\": {\n                              \"raw_text\": \"Implanted or irremovable metal in the body\",\n                              \"Condition\": [\n                                \"metal in the body\"\n                              ],\n                              \"Qualifier\": [\n                                \"implanted or irremovable\"\n                              ],\n                              \"Temporal\": [\n                                \"including certain tattoos and permanent make-up\"\n                              ]\n                            },\n                            \"right\": {\n                              \"AND\": {\n                                \"left\": {\n                                  \"raw_text\": \"Current pregnancy\",\n                                  \"Condition\": [\n                                    \"pregnancy\"\n                                  ],\n                                  \"Qualifier\": [\n                                    \"current\"\n                                  ],\n                                  \"Temporal\": [\n                                    \"as verified by testing prior to both initial dose administration of citalopram or placebo and prior to magnetic resonance imaging due to the risk that may be associated with SSRI treatment and magnetic resonance imaging on fetal health\"\n                                  ]\n                                },\n                                \"right\": {\n                                  \"AND\": {\n                                    \"left\": {\n                                      \"raw_text\": \"Medical contraindications to SSRI therapy\",\n                                      \"Condition\": [\n                                        \"medical contraindications to SSRI therapy\"\n                                      ],\n                                      \"Qualifier\": [\n                                        \"medical contraindications to SSRI therapy\"\n                                      ]\n                                    },\n                                    \"right\": {\n                                      \"AND\": {\n                                        \"left\": {\n                                          \"raw_text\": \"Concomitant medication that would interfere with study participation\",\n                                          \"Condition\": [\n                                            \"concomitant medication\"\n                                          ],\n                                          \"Qualifier\": [\n                                            \"would interfere with study participation\"\n                                          ]\n                                        },\n                                        \"right\": {\n                                          \"AND\": {\n                                            \"left\": {\n                                              \"raw_text\": \"Prior history of citalopram treatment failure at appropriate doses and duration\",\n                                              \"Condition\": [\n                                                \"citalopram treatment failure at appropriate doses and duration\"\n                                            },\n                                            \"right\": {\n                                              \"AND\": {\n                                                \"left\": {\n                                                  \"raw_text\": \"Prior history of treatment failure at appropriate doses and duration\",\n                                                  \"Condition\": [\n                                                    \"Prior history of treatment failure at appropriate doses and duration\"\n                                                  \"right\": {\n                                                    \"AND\": {\n                                                      \"left\": {\n                                                        \"raw_text\": \"Prior history of treatment failure at appropriate doses and duration\"\n                                                      \"right\": {\n                                                        \"AND\": {\n                                                          \"left\": {\n                                                            \"raw_text\": \"Prior history of treatment failure at appropriate doses and duration\"\n                                                      \"right\": {\n\" 

Die Daten wurden erfolgreich in '/work/eauten2s/ec_criteria_struct/transform_chia/model_output/p3_output/Llama-3-8B-Instruct_4_shot/Llama-3-8B-Instruct_NCT00609531_exc_4_shot.json' gespeichert.
File: NCT00609531_inc 

Das File: /work/eauten2s/ec_criteria_struct/transform_chia/input/half_clinical_trials/NCT00609531_inc.txt wurde erfolgreich geladen.

 Llama-3-8B-Instruct Output: 
  "{\n  \"AND\": {\n    \"left\": {\n      \"AND\": {\n        \"left\": {\n          \"raw_text\": \"Ambulatory status (outpatient) at time of consent\",\n          \"Condition\": [\n            \"Ambulatory status\",\n            \"outpatient\"\n          ],\n          \"Temporal\": [\n            \"at time of consent\"\n          ]\n        },\n        \"right\": {\n          \"AND\": {\n            \"left\": {\n              \"AND\": {\n                \"left\": {\n                  \"raw_text\": \"Age\",\n                  \"Measurement\": [\n                    \"Age\"\n                  ]\n                },\n                \"right\": {\n                  \"OR\": {\n                    \"left\": {\n                      \"raw_text\": \"10-55 years\",\n                      \"Value\": [\n                        \"10-55 years\"\n                      ]\n                    }\n                  }\n                }\n              }\n            },\n            \"right\": {\n              \"AND\": {\n                \"left\": {\n                  \"raw_text\": \"Clinical diagnosis of Autism Spectrum Disorder\",\n                  \"Condition\": [\n                    \"Autism Spectrum Disorder\"\n                  ],\n                  \"Qualifier\": [\n                    \"Clinical diagnosis\"\n                  ]\n                },\n                \"right\": {\n                  \"AND\": {\n                    \"left\": {\n                      \"raw_text\": \"IQ greater than or equal to 70\",\n                      \"Measurement\": [\n                        \"IQ\"\n                      ],\n                      \"Value\": [\n                        \"greater than or equal to 70\"\n                      ]\n                    },\n                    \"right\": {\n                      \"AND\": {\n                        \"left\": {\n                          \"raw_text\": \"Score greater than 8 on Children's Yale-Brown Obsessive Compulsive Scale\",\n                          \"Measurement\": [\n                            \"Score\"\n                          ],\n                          \"Value\": [\n                            \"greater than 8\"\n                          ],\n                          \"Reference_point\": [\n                            \"Children's Yale-Brown Obsessive Compulsive Scale\"\n                          ]\n                        },\n                        \"right\": {\n                          \"AND\": {\n                            \"left\": {\n                              \"raw_text\": \"Free of psychoactive medication for at least\",\n                              \"Qualifier\": [\n                                \"Free of psychoactive medication\"\n                              ]\n                            },\n                            \"right\": {\n                              \"OR\": {\n                                \"left\": {\n                                  \"raw_text\": \"one month for fluoxetine\",\n                                  \"Value\": [\n                                    \"one month\"\n                                  ],\n                                  \"Drug\": [\n                                    \"fluoxetine\"\n                                  ]\n                                },\n                                \"right\": {\n                                  \"OR\": {\n                                    \"left\": {\n                                      \"raw_text\": \"two weeks for other SSRIs and neuroleptics\",\n                                      \"Value\": [\n                                        \"two weeks\"\n                                      ],\n                                      \"Drug\": [\n                                        \"SSRIs\",\n                                        \"neuroleptics\"\n                                      ]\n                                    },\n                                    \"right\": {\n                                      \"raw_text\": \"and five days for stimulants prior to MRI scanning [excepting stable doses (greater than three months duration) of anticonvulsant medication for seizure disorder]\",\n                                      \"Drug\": [\n                                        \"stimulants\"\n                                      ],\n                                      \"Temporal\": [\n                                        \"prior to MRI scanning\"\n                                      ],\n                                      \"Qualifier\": [\n                                        \"stable doses\",\n                                        \"excepting\"\n                                      ],\n                                      \"Condition\": [\n                                        \"anticonvulsant medication\",\n                                        \"seizure disorder\"\n                                      ]\n                                    }\n                                  }\n                                }\n                              }\n                            }\n                          }\n                        }\n                      }\n                    }\n                  }\n                }\n              }\n            }\n          }\n        }\n      }\n    }\n  }\n}" 

Die Daten wurden erfolgreich in '/work/eauten2s/ec_criteria_struct/transform_chia/model_output/p3_output/Llama-3-8B-Instruct_4_shot/Llama-3-8B-Instruct_NCT00609531_inc_4_shot.json' gespeichert.
File: NCT00625742_exc 

Das File: /work/eauten2s/ec_criteria_struct/transform_chia/input/half_clinical_trials/NCT00625742_exc.txt wurde erfolgreich geladen.

 Llama-3-8B-Instruct Output: 
  "{\n  \"AND\": {\n    \"left\": {\n      \"OR\": {\n        \"left\": {\n          \"raw_text\": \"1. Have dementia or delirium\",\n          \"Condition\": [\n            \"dementia\",\n            \"delirium\"\n          ],\n          \"Qualifier\": [\n            \"as determined by the palliative care specialist\"\n          ],\n          \"Temporal\": [\n            \"at study entry\"\n          ]\n        },\n        \"right\": {\n          \"OR\": {\n            \"left\": {\n              \"raw_text\": \"2. Are pregnant\",\n              \"Condition\": [\n                \"pregnant\"\n              ]\n            },\n            \"right\": {\n              \"raw_text\": \"3. Have been taking corticosteroids for longer than 48 hours.\",\n              \"Drug\": [\n                \"corticosteroids\"\n              ],\n              \"Temporal\": [\n                \"for longer than 48 hours\"\n              ]\n            }\n          }\n        }\n      },\n      \"right\": {\n        \"AND\": {\n          \"left\": {\n            \"OR\": {\n              \"left\": {\n                \"raw_text\": \"4. Have pulmonary edema, ascites or pitting edema on clinical examination.\",\n                \"Condition\": [\n                  \"pulmonary edema\",\n                  \"ascites\",\n                  \"pitting edema\"\n                ],\n                \"Qualifier\": [\n                  \"on clinical examination\"\n                ]\n              },\n              \"right\": {\n                \"OR\": {\n                  \"left\": {\n                    \"raw_text\": \"5. Are unable to walk.\",\n                    \"Condition\": [\n                      \"unable to walk\"\n                    ]\n                  },\n                  \"right\": {\n                    \"OR\": {\n                      \"left\": {\n                        \"raw_text\": \"6. Have a history of serious adverse gastrointestinal events\",\n                        \"Condition\": [\n                          \"serious adverse gastrointestinal events\"\n                        ],\n                        \"Qualifier\": [\n                          \"history of\"\n                        ],\n                        \"Temporal\": [\n                          \"i.e., bleeding or perforation\",\n                          \"history of a coagulopathy\",\n                          \"current anti-coagulant use\"\n                        ]\n                      },\n                      \"right\": {\n                        \"OR\": {\n                          \"left\": {\n                            \"raw_text\": \"7. Have an ALT/AST>3x upper limit of normal.\",\n                            \"Measurement\": [\n                              \"ALT/AST\"\n                            ],\n                            \"Value\": [\n                              \"> 3x upper limit of normal\"\n                            ]\n                          },\n                          \"right\": {\n                            \"OR\": {\n                              \"left\": {\n                                \"raw_text\": \"8. Patients on methotrexate.\",\n                                \"Drug\": [\n                                  \"methotrexate\"\n                                ]\n                              },\n                              \"right\": {\n                                \"OR\": {\n                                  \"left\": {\n                                    \"raw_text\": \"9. Patients taking melatonin receptor agonists\",\n                                    \"Drug\": [\n                                      \"melatonin receptor agonists\"\n                                    ],\n                                    \"Qualifier\": [\n                                      \"such as Rozerem [ramelteon]\"\n                                    ]\n                                  }\n                                }\n                              }\n                            }\n                          }\n                        }\n                      }\n                    }\n                  }\n                }\n              }\n            }\n          }\n        }\n      }\n    }\n  }\n}" 

Die Daten wurden erfolgreich in '/work/eauten2s/ec_criteria_struct/transform_chia/model_output/p3_output/Llama-3-8B-Instruct_4_shot/Llama-3-8B-Instruct_NCT00625742_exc_4_shot.json' gespeichert.
File: NCT00625742_inc 

Das File: /work/eauten2s/ec_criteria_struct/transform_chia/input/half_clinical_trials/NCT00625742_inc.txt wurde erfolgreich geladen.

 Llama-3-8B-Instruct Output: 
  "{\n  \"AND\": {\n    \"left\": {\n      \"OR\": {\n        \"left\": {\n          \"raw_text\": \"1. Are referred to the Cachexia Clinic\",\n          \"Reference_point\": [\n            \"Cachexia Clinic\"\n          ],\n          \"Condition\": [\n            \"referred\"\n          ],\n          \"Temporal\": [\n            \"within the previous 6 months\"\n          ],\n          \"Value\": [\n            \">5% of their premorbid weight\"\n          ],\n          \"Measurement\": [\n            \"weight loss\"\n          ]\n        },\n        \"right\": {\n          \"raw_text\": \"with involuntary weight loss\",\n          \"Condition\": [\n            \"involuntary weight loss\"\n          ],\n          \"Value\": [\n            \">5% of their premorbid weight\"\n          ],\n          \"Measurement**: 

Die Daten wurden erfolgreich in '/work/eauten2s/ec_criteria_struct/transform_chia/model_output/p3_output/Llama-3-8B-Instruct_4_shot/Llama-3-8B-Instruct_NCT00625742_inc_4_shot.json' gespeichert.
File: NCT00639795_exc 

Das File: /work/eauten2s/ec_criteria_struct/transform_chia/input/half_clinical_trials/NCT00639795_exc.txt wurde erfolgreich geladen.

 Llama-3-8B-Instruct Output: 
  "{\n  \"AND\": {\n    \"left\": {\n      \"AND\": {\n        \"left\": {\n          \"raw_text\": \"Age less than 18\",\n          \"Measurement\": [\n            \"Age\"\n          ],\n          \"Value\": [\n            \"less than 18\"\n          ]\n        }\n      },\n      \"right\": {\n        \"OR\": {\n          \"left\": {\n            \"raw_text\": \"Clinical or laboratory evidence of systemic infection\",\n            \"Condition\": [\n              \"systemic infection\"\n            ],\n            \"Measurement\": [\n              \"Clinical or laboratory evidence\"\n            ]\n          },\n          \"right\": {\n            \"OR\": {\n              \"left\": {\n                \"raw_text\": \"Current pregnancy as assessed by preoperative urine HCG test\",\n                \"Condition\": [\n                  \"pregnancy\"\n                ],\n                \"Procedure\": [\n                  \"preoperative urine HCG test\"\n                ]\n              },\n              \"right\": {\n                \"OR\": {\n                  \"left\": {\n                    \"raw_text\": \"Serious, uncontrolled, non-malignant illness\",\n                    \"Condition\": [\n                      \"serious, uncontrolled, non-malignant illness\"\n                    ],\n                    \"Qualifier\": [\n                      \"serious\",\n                      \"uncontrolled\",\n                      \"non-malignant illness\"\n                    ]\n                  },\n                  \"right\": {\n                    \"OR\": {\n                      \"left\": {\n                        \"raw_text\": \"Malignant illness requiring systemic chemotherapy in the last 6 months\",\n                        \"Condition\": [\n                          \"malignant illness\"\n                        ],\n                        \"Procedure\": [\n                          \"systemic chemotherapy\"\n                        ],\n                        \"Temporal\": [\n                          \"last 6 months\"\n                        ]\n                      },\n                      \"right\": {\n                        \"OR\": {\n                          \"left\": {\n                            \"raw_text\": \"Documented allergy to oxycodone, morphine sulfate or acetaminophen\",\n                            \"Condition\": [\n                              \"allergy\"\n                            ],\n                            \"Drug\": [\n                              \"oxycodone\",\n                              \"morphine sulfate\",\n                              \"acetaminophen\"\n                            ]\n                          },\n                          \"right\": {\n                            \"OR\": {\n                              \"left\": {\n                                \"raw_text\": \"Contraindication to peripheral nerve blockade or general anesthesia including:\",\n                                \"Condition\": [\n                                  \"contraindication\"\n                                ],\n                                \"Qualifier\": [\n                                  \"peripheral nerve blockade\",\n                                  \"general anesthesia\"\n                                ]\n                              },\n                              \"right\": {\n                                \"OR\": {\n                                  \"left\": {\n                                    \"raw_text\": \"1. patient refusal\",\n                                    \"Condition\": [\n                                      \"patient refusal\"\n                                    ]\n                                  },\n                                  \"right\": {\n                                    \"OR\": {\n                                      \"left\": {\n                                        \"raw_text\": \"2. active infection at site of planned block\",\n                                        \"Condition\": [\n                                          \"active infection\"\n                                        ],\n                                        \"Procedure\": [\n                                          \"planned block\"\n                                        ]\n                                      },\n                                      \"right\": {\n                                        \"OR\": {\n                                          \"left\": {\n                                            \"raw_text\": \"3. documented allergy to any local or general anesthetic medications\",\n                                            \"Condition\": [\n                                              \"allergy\"\n                                            ],\n                                            \"Drug\": [\n                                              \"local or general anesthetic medications\"\n                                            ]\n                                          },\n                                          \"right\": {\n                                            \"OR\": {\n                                              \"left\": {\n                                                \"raw_text\": \"4. significant coagulopathy( prothrombin time >15 seconds, INR>1.5\",\n                                                \"Condition\": [\n                                                  \"significant coagulopathy\"\n                                                ],\n                                                \"Measurement\": [\n                                                  \"prothrombin time\",\n                                                  \"INR\"\n                                                ],\n                                                \"Value\": [\n                                                  \".\"\n                                                ]\n                                              },\n                                              \"right\": {\n                                                \"OR\": {\n                                                  \"left\": {\n                                                    \"raw_text\": \"5. pre-existing neuropathy and medical conditions or deformities which would compromise block or anesthetic safety\",\n                                                    \"Condition\": [\n                                                      \"neuropathy\"\n                                                    ],\n                                                    \"Condition\": [\n                                                      \"medical conditions or deformities\"\n                                                    ],\n                                                    \"Qualifier\": [\n                                                      \"pre-existing neuropathy\",\n                                                      \"medical conditions or deformities\"\n                                                    ]\n                                                  }\n                                            }\n                                          }\n                                        }\n                                      }\n                                    }\n                                  }\n                                }\n                              }\n                            }\n                          }\n                        }\n                      }\n                    }\n                  }\n                }\n              }\n            }\n          }\n        }\n      }\n    }\n  }\n  }\n}\n" 

Die Daten wurden erfolgreich in '/work/eauten2s/ec_criteria_struct/transform_chia/model_output/p3_output/Llama-3-8B-Instruct_4_shot/Llama-3-8B-Instruct_NCT00639795_exc_4_shot.json' gespeichert.
File: NCT00639795_inc 

Das File: /work/eauten2s/ec_criteria_struct/transform_chia/input/half_clinical_trials/NCT00639795_inc.txt wurde erfolgreich geladen.

 Llama-3-8B-Instruct Output: 
  "{\n  \"AND\": {\n    \"left\": {\n      \"raw_text\": \"Age greater than 18\",\n      \"Measurement\": [\n        \"Age\"\n      ],\n      \"Value\": [\n        \"> 18\"\n      ]\n    },\n    \"right\": {\n      \"raw_text\": \"Planned thoracoscopy with low probability(by surgeon estimate) of conversion to open procedure\",\n      \"Procedure\": [\n        \"thoracoscopy\",\n        \"conversion to open procedure\"\n      ],\n      \"Qualifier\": [\n        \"low probability\",\n        \"by surgeon estimate\"\n      ],\n      \"Reference_point\": [\n        \"surgeon estimate\"\n      ],\n      \"Condition\": [\n        \"conversion to open procedure\"\n      ],\n      \"Value\": [\n        \".\"\n      ]\n    }\n  }\n}" 

Die Daten wurden erfolgreich in '/work/eauten2s/ec_criteria_struct/transform_chia/model_output/p3_output/Llama-3-8B-Instruct_4_shot/Llama-3-8B-Instruct_NCT00639795_inc_4_shot.json' gespeichert.
File: NCT00650312_exc 

Das File: /work/eauten2s/ec_criteria_struct/transform_chia/input/half_clinical_trials/NCT00650312_exc.txt wurde erfolgreich geladen.

 Llama-3-8B-Instruct Output: 
  Here is the study in JSON format with logical operators and extracted entities and relationships:

```
{
  "AND": {
    "left": {
      "NOT": {
        "left": {
          "raw_text": "Institutionalized subjects will not be used.",
          "Condition": ["Institutionalized subjects"]
        }
      }
    },
    "right": {
      "AND": {
        "left": {
          "OR": {
            "left": {
              "raw_text": "Use of any tobacco products.",
              "Condition": ["tobacco products"]
            },
            "right": {
              "OR": {
                "left": {
                  "raw_text": "Ingestion of any alcoholic, caffeine- or xanthine-containing food or beverage within the 48 hours prior to the initial dose of study medication.",
                  "Condition": ["alcoholic", "caffeine", "xanthine-containing food or beverage"]
                },
                "right": {
                  "OR": {
                    "left": {
                      "raw_text": "Ingestion of any vitamins or herbal products within the 48 hours prior to the initial dose of the study medication.",
                      "Condition": ["vitamins", "herbal products"]
                    },
                    "right": {
                      "OR": {
                        "left": {
                          "raw_text": "Any recent, significant change in dietary or exercise habits.",
                          "Condition": ["dietary habits", "exercise habits"]
                        },
                        "right": {
                          "OR": {
                            "left": {
                              "raw_text": "Positive test for any drug included in the urine drug screen.",
                              "Condition": ["urine drug screen"]
                            },
                            "right": {
                              "raw_text": "Any other exclusion criteria not listed above."
                            }
                          }
                        }
                      }
                    }
                  }
                }
              }
            }
          }
        }
      }
    }
  }
}
```

Entities:

* Institutionalized subjects
* Tobacco products
* Alcoholic food or beverage
* Caffeine-containing food or beverage
* Xanthine-containing food or beverage
* Vitamins
* Herbal products
* Dietary habits
* Exercise habits
* Urine drug screen
* Metformin hydrochloride

Relationships:

* Institutionalized subjects are excluded
* Use of tobacco products is excluded
* Ingestion of certain food or beverages is excluded
* Ingestion of vitamins or herbal products is excluded
* Recent changes in dietary or exercise habits are excluded
* Positive test for drugs in the urine drug screen is excluded
* Use of certain medications is excluded
* History of certain diseases is excluded
* Abnormal laboratory test results are excluded
* Donation or loss of a significant volume of blood or plasma is excluded
* Use of investigational drugs is excluded
* Allergy or hypersensitivity to metformin hydrochloride is excluded 

Die Daten wurden erfolgreich in '/work/eauten2s/ec_criteria_struct/transform_chia/model_output/p3_output/Llama-3-8B-Instruct_4_shot/Llama-3-8B-Instruct_NCT00650312_exc_4_shot.json' gespeichert.
File: NCT00650312_inc 

Das File: /work/eauten2s/ec_criteria_struct/transform_chia/input/half_clinical_trials/NCT00650312_inc.txt wurde erfolgreich geladen.

 Llama-3-8B-Instruct Output: 
  Here is the study in JSON format with logical operators:

```
{
  "AND": {
    "left": {
      "OR": {
        "left": {
          "raw_text": "Age: 18 years and older.",
          "Measurement": ["Age"],
          "Value": ["18 years and older"]
        }
      }
    },
    "right": {
      "AND": {
        "left": {
          "OR": {
            "left": {
              "raw_text": "Sex: Male and non-pregnant, non-lactating female",
              "Measurement": ["Sex"],
              "Value": ["Male", "non-pregnant", "non-lactating female"]
            }
          }
        }
      }
    }
  }
}
```

And here are the extracted entities and relationships:

* Entities:
	+ Age
	+ Sex
	+ Women of childbearing potential
	+ Serum (Beta HCG) pregnancy tests
	+ Intrauterine device
	+ Barrier methods
	+ Spermicidal agent
	+ Postmenopausal course
	+ Surgical sterility
	+ Ideal Body Weight (IBW)
	+ Table of "Desirable Weights of Adults"
	+ Metropolitan Life Insurance Company
	+ Pre-study medical evaluation
	+ Physical examination
	+ Laboratory evaluation
	+ 12-lead ECG
	+ Hepatitis B test
	+ Hepatitis C test
	+ HIV test
	+ Urine drug screen
* Relationships:
	+ Age is a measurement of the subject's age.
	+ Sex is a characteristic of the subject.
	+ Women of childbearing potential must have negative serum (Beta HCG) pregnancy tests.
	+ Women of childbearing potential must practice abstinence or use an acceptable form of contraception.
	+ Intrauterine device is a method of contraception.
	+ Barrier methods are a type of contraception.
	+ Spermicidal agent is a component of barrier methods.
	+ Postmenopausal course is a characteristic of women of childbearing potential.
	+ Surgical sterility is a characteristic of women of childbearing potential.
	+ Ideal Body Weight (IBW) is a measurement of the subject's weight.
	+ Table of "Desirable Weights of Adults" is a reference for calculating IBW.
	+ Metropolitan Life Insurance Company is the publisher of the Table of "Desirable Weights of Adults".
	+ Pre-study medical evaluation is a process of evaluating the subject's health.
	+ Physical examination is a part of the pre-study medical evaluation.
	+ Laboratory evaluation is a part of the pre-study medical evaluation.
	+ 12-lead ECG is a part of the pre-study medical evaluation.
	+ Hepatitis B test is a part of the pre-study medical evaluation.
	+ Hepatitis C test is a part of the pre-study medical evaluation.
	+ HIV test is a part of the pre-study medical evaluation.
	+ Urine drug screen is a part of the pre-study medical evaluation. 

Die Daten wurden erfolgreich in '/work/eauten2s/ec_criteria_struct/transform_chia/model_output/p3_output/Llama-3-8B-Instruct_4_shot/Llama-3-8B-Instruct_NCT00650312_inc_4_shot.json' gespeichert.
File: NCT00676273_exc 

Das File: /work/eauten2s/ec_criteria_struct/transform_chia/input/half_clinical_trials/NCT00676273_exc.txt wurde erfolgreich geladen.

 Llama-3-8B-Instruct Output: 
  "{\n  \"AND\": {\n    \"left\": {\n      \"OR\": {\n        \"left\": {\n          \"raw_text\": \"Who are pregnant\",\n          \"Condition\": [\n            \"pregnant\"\n          ]\n        },\n        \"right\": {\n          \"raw_text\": \"or planning to become pregnant during the study or in the future.\",\n          \"Condition\": [\n            \"planning to become pregnant\"\n          ],\n          \"Temporal\": [\n            \"during the study or in the future\"\n          ]\n        }\n      }\n    },\n    \"right\": {\n      \"AND\": {\n        \"left\": {\n          \"OR\": {\n            \"left\": {\n              \"raw_text\": \"With a elevated post-void residual\",\n              \"Condition\": [\n                \"elevated post-void residual\"\n              ],\n              \"Value\": [\n                \"> 100cc\"\n              ],\n              \"Measurement\": [\n                \"post-void residual\"\n              ]\n            },\n            \"right\": {\n              \"raw_text\": \"(defined as PVR > 100cc).\",\n              \"Condition\": [\n                \"PVR\"\n              ],\n              \"Value\": [\n                \"> 100cc\"\n              ],\n              \"Measurement\": [\n                \"PVR\"\n              ],\n              \"Definition\": [\n                \"defined as\"\n              ]\n            }\n          }\n        },\n        \"right\": {\n          \"AND\": {\n            \"left\": {\n              \"OR\": {\n                \"left\": {\n                  \"raw_text\": \"With a bleeding condition\",\n                  \"Condition\": [\n                    \"bleeding condition\"\n                  ]\n                },\n                \"right\": {\n                  \"raw_text\": \"or on anti-coagulant therapy.\",\n                  \"Condition\": [\n                    \"anti-coagulant therapy\"\n                  ]\n                }\n              }\n            },\n            \"right\": {\n              \"AND\": {\n                \"left\": {\n                  \"OR\": {\n                    \"left\": {\n                      \"raw_text\": \"With immunosuppression\",\n                      \"Condition\": [\n                        \"immunosuppression\"\n                      ]\n                    },\n                    \"right\": {\n                      \"raw_text\": \"(i.e. HIV, lymphoma).\",\n                      \"Condition\": [\n                        \"HIV\",\n                        \"lymphoma\"\n                      ],\n                      \"Definition\": [\n                        \"i.e.\"\n                      ]\n                    }\n                  }\n                },\n                \"right\": {\n                  \"AND\": {\n                    \"left\": {\n                      \"OR\": {\n                        \"left\": {\n                          \"raw_text\": \"With multiple sclerosis\",\n                          \"Condition\": [\n                            \"multiple sclerosis\"\n                          ]\n                        },\n                        \"right\": {\n                          \"raw_text\": \" or other progressive neurological disease.\",\n                          \"Condition\": [\n                            \"other progressive neurological disease\"\n                          ]\n                        }\n                      }\n                    },\n                    \"right\": {\n                      \"AND\": {\n                        \"left\": {\n                          \"OR\": {\n                            \"left\": {\n                              \"raw_text\": \"With evidence of a local or systemic infection\",\n                              \"Condition\": [\n                                \"local or systemic infection\"\n                              ]\n                            },\n                            \"right\": {\n                              \"raw_text\": \", including urinary tract infection.\",\n                              \"Condition\": [\n                                \"urinary tract infection\"\n                              ],\n                              \"Inclusion\": [\n                                \"including\"\n                              ]\n                            }\n                          }\n                        },\n                        \"right\": {\n                          \"AND\": {\n                            \"left\": {\n                              \"OR\": {\n                                \"left\": {\n                                  \"raw_text\": \"With evidence of intrinsic sphincter deficiency\",\n                                  \"Condition\": [\n                                    \"intrinsic sphincter deficiency\"\n                                  ]\n                                },\n                                \"right\": {\n                                  \"raw_text\": \"as defined by a maximal urethral closure pressure of <20 cm H2O.\",\n                                  \"Measurement\": [\n                                    \"maximal urethral closure pressure\"\n                                  ],\n                                  \"Value\": [\n                                    \"> 20 cm H2O\"\n                                  ]\n                                }\n                              }\n                            },\n                            \"right\": {\n                              \"OR\": {\n                                \"left\": {\n                                  \"raw_text\": \"Previous sub-urethral sling\",\n                                  \"Procedure\": [\n                                    \"sub-urethral sling\"\n                                  ]\n                                },\n                                \"right\": {\n                                  \"raw_text\": \"Predominant overactive bladder symptoms.\",\n                                  \"Condition\": [\n                                    \"overactive bladder symptoms\"\n                                  ]\n                                }\n                              }\n                            }\n                          }\n                        }\n                      }\n                    }\n                  }\n                }\n              }\n            }\n          }\n        }\n      }\n  }\n}" 

Die Daten wurden erfolgreich in '/work/eauten2s/ec_criteria_struct/transform_chia/model_output/p3_output/Llama-3-8B-Instruct_4_shot/Llama-3-8B-Instruct_NCT00676273_exc_4_shot.json' gespeichert.
File: NCT00676273_inc 

Das File: /work/eauten2s/ec_criteria_struct/transform_chia/input/half_clinical_trials/NCT00676273_inc.txt wurde erfolgreich geladen.

 Llama-3-8B-Instruct Output: 
  "{\n  \"AND\": {\n    \"left\": {\n      \"AND\": {\n        \"left\": {\n          \"raw_text\": \"Are at least 18 years of age\",\n          \"Condition\": [\n            \"age\"\n          ],\n          \"Value\": [\n            \"18 years of age\"\n          ]\n        }\n      }\n    },\n    \"right\": {\n      \"AND\": {\n        \"left\": {\n          \"OR\": {\n            \"left\": {\n              \"raw_text\": \"Demonstrate a positive cough stress test\",\n              \"Procedure\": [\n                \"cough stress test\"\n              ],\n              \"Qualifier\": [\n                \"positive\"\n              ]\n            },\n            \"right\": {\n              \"raw_text\": \"during complex multi-channel urodynamic testing\",\n              \"Procedure\": [\n                \"complex multi-channel urodynamic testing\"\n              ]\n            }\n          }\n        },\n        \"right\": {\n          \"AND\": {\n            \"left\": {\n              \"OR\": {\n                \"left\": {\n                  \"raw_text\": \"Demonstrate impact of stress urinary incontinence\",\n                  \"Condition\": [\n                    \"stress urinary incontinence\"\n                  ],\n                  \"Qualifier\": [\n                    \"impact\"\n                  ]\n                },\n                \"right\": {\n                  \"raw_text\": \"on quality of life questionnaire\",\n                  \"Procedure\": [\n                    \"quality of life questionnaire\"\n                  ]\n                }\n              }\n            },\n            \"right\": {\n              \"AND\": {\n                \"left\": {\n                  \"OR\": {\n                    \"left\": {\n                      \"raw_text\": \"Are able to comprehend\",\n                      \"Qualifier\": [\n                        \"able to comprehend\"\n                      ]\n                    },\n                    \"right\": {\n                      \"raw_text\": \"and sign a written informed consent\",\n                      \"Procedure\": [\n                        \"written informed consent\"\n                      ],\n                      \"Qualifier\": [\n                        \"sign\"\n                      ]\n                    }\n                  }\n                },\n                \"right\": {\n                  \"AND\": {\n                    \"left\": {\n                      \"OR\": {\n                        \"left\": {\n                          \"raw_text\": \"Understand\",\n                          \"Qualifier\": [\n                            \"understand\"\n                          ]\n                        },\n                        \"right\": {\n                          \"raw_text\": \"and are willing to comply\",\n                          \"Qualifier\": [\n                            \"willing to comply\"\n                          ]\n                        }\n                      }\n                    },\n                    \"right\": {\n                      \"raw_text\": \"with the study requirements, including agreeing to be available for the follow-up evaluations\",\n                      \"Procedure\": [\n                        \"study requirements\"\n                      ],\n                      \"Qualifier\": [\n                        \"agree to be available for the follow-up evaluations\"\n                      ]\n                    }\n                  }\n                }\n              }\n            }\n          }\n        }\n      }\n    }\n  }\n}" 

Die Daten wurden erfolgreich in '/work/eauten2s/ec_criteria_struct/transform_chia/model_output/p3_output/Llama-3-8B-Instruct_4_shot/Llama-3-8B-Instruct_NCT00676273_inc_4_shot.json' gespeichert.
File: NCT00679341_exc 

Das File: /work/eauten2s/ec_criteria_struct/transform_chia/input/half_clinical_trials/NCT00679341_exc.txt wurde erfolgreich geladen.

 Llama-3-8B-Instruct Output: 
  Here is the study in JSON format with logical operators and extracted entities and relations:

```
{
  "AND": {
    "left": {
      "AND": {
        "left": {
          "raw_text": "History of any chemotherapy for MBC",
          "Condition": ["MBC"],
          "Procedure": ["chemotherapy"]
        },
        "right": {
          "raw_text": "."
        }
      }
    },
    "right": {
      "AND": {
        "left": {
          "OR": {
            "left": {
              "raw_text": "An interval of < 6 months from the completion of cytotoxic chemotherapy in the neo-adjuvant or adjuvant setting until the time of metastatic diagnosis",
              "Temporal": ["< 6 months"],
              "Reference_point": ["completion of cytotoxic chemotherapy"],
              "Condition": ["neo-adjuvant", "adjuvant", "metastatic diagnosis"]
            },
            "right": {
              "raw_text": "."
            }
          }
        },
        "right": {
          "AND": {
            "left": {
              "raw_text": "Trastuzumab ≤ 21 days prior to randomization",
              "Drug": ["Trastuzumab"],
              "Temporal": ["≤ 21 days prior to randomization"]
            },
            "right": {
              "AND": {
                "left": {
                  "OR": {
                    "left": {
                      "raw_text": "Hormone therapy < 7 days prior to randomization",
                      "Drug": ["Hormone therapy"],
                      "Temporal": ["< 7 days prior to randomization"]
                    },
                    "right": {
                      "raw_text": "."
                    }
                  }
                }
              }
            }
          }
        }
      }
    }
  }
}
```

Entities:

* MBC (Metastatic Breast Cancer)
* Chemotherapy
* Trastuzumab
* Hormone therapy
* Cytotoxic chemotherapy
* Neo-adjuvant
* Adjuvant
* Metastatic diagnosis
* Anthracyclines
* Doxorubicin
* Liposomal doxorubicin
* Epirubicin
* Mitoxantrone
* Idarubicin
* Cardiac troponin I
* Left ventricular ejection fraction (LVEF)
* Congestive heart failure (CHF)
* Ventricular arrhythmia
* Myocardial infarction
* Human immunodeficiency virus (HIV)
* Hepatitis B
* Hepatitis C
* Polysorbate 80
* Docetaxel

Relations:

* History of chemotherapy for MBC → MBC
* Interval of < 6 months → cytotoxic chemotherapy
* Trastuzumab ≤ 21 days prior to randomization → Trastuzumab
* Hormone therapy < 7 days prior to randomization → Hormone therapy
* Current peripheral neuropathy of Grade ≥ 3 → peripheral neuropathy
* History of other malignancy within the last 5 years → other malignancy
* Previous radiotherapy for the treatment of unresectable, locally advanced or metastatic breast cancer → radiotherapy
* Brain metastases that are untreated, symptomatic, or require therapy to control symptoms → brain metastases
* History of exposure to the following cumulative doses of anthracyclines → anthracyclines
* Current unstable angina → unstable angina
* History of symptomatic congestive heart failure → congestive heart failure
* History of myocardial infarction → myocardial infarction
* History of intolerance → intolerance
* Known hypersensitivity → hypersensitivity
* Known hypersensitivity → hypersensitivity
* Assessed by the investigator → investigator 

Die Daten wurden erfolgreich in '/work/eauten2s/ec_criteria_struct/transform_chia/model_output/p3_output/Llama-3-8B-Instruct_4_shot/Llama-3-8B-Instruct_NCT00679341_exc_4_shot.json' gespeichert.
File: NCT00679341_inc 

Das File: /work/eauten2s/ec_criteria_struct/transform_chia/input/half_clinical_trials/NCT00679341_inc.txt wurde erfolgreich geladen.

 Llama-3-8B-Instruct Output: 
  "{\n  \"AND\": {\n    \"left\": {\n      \"AND\": {\n        \"left\": {\n          \"raw_text\": \"Histologically or cytologically confirmed adenocarcinoma of the breast\",\n          \"Condition\": [\n            \"adenocarcinoma of the breast\"\n          ],\n          \"Procedure\": [\n            \"histologically or cytologically confirmed\"\n          ]\n        },\n        \"right\": {\n          \"OR\": {\n            \"left\": {\n              \"raw_text\": \"with locally advanced\",\n              \"Qualifier\": [\n                \"locally advanced\"\n              ]\n            },\n            \"right\": {\n              \"raw_text\": \"or metastatic disease\",\n              \"Condition\": [\n                \"metastatic disease\"\n              ]\n            }\n          }\n        }\n      },\n      \"right\": {\n        \"AND\": {\n          \"left\": {\n            \"raw_text\": \"and a candidate for chemotherapy.\",\n            \"Procedure\": [\n              \"chemotherapy\"\n            ],\n            \"Qualifier\": [\n              \"candidate for\"\n            ]\n          }\n        }\n      }\n    },\n    \"right\": {\n      \"AND\": {\n        \"left\": {\n          \"OR\": {\n            \"left\": {\n              \"raw_text\": \"Human epidermal growth factor receptor 2 (HER2)-positive.\",\n              \"Condition\": [\n                \"HER2-positive\"\n              ],\n              \"Qualifier\": [\n                \"Human epidermal growth factor receptor 2\"\n              ]\n            }\n          }\n        },\n        \"right\": {\n          \"AND\": {\n            \"left\": {\n              \"raw_text\": \"No prior chemotherapy for their metastatic breast cancer (MBC).\",\n              \"Procedure\": [\n                \"prior chemotherapy\"\n              ],\n              \"Condition\": [\n                \"metastatic breast cancer (MBC)\"\n              ],\n              \"Negation\": [\n                \"no\"\n              ]\n            }\n          }\n        }\n      },\n      \"right\": {\n        \"AND\": {\n          \"left\": {\n            \"raw_text\": \"Measurable disease.\",\n            \"Condition\": [\n              \"Measurable disease\"\n            ]\n          },\n          \"right\": {\n            \"AND\": {\n              \"left\": {\n                \"raw_text\": \"Age ≥ 18 years.\",\n                \"Measurement\": [\n                  \"Age\"\n                ],\n                \"Value\": [\n                  \"≥ 18 years\"\n                ]\n              }\n            }\n          }\n        }\n      },\n      \"right\": {\n        \"AND\": {\n          \"left\": {\n            \"OR\": {\n              \"left\": {\n                \"raw_text\": \"For women of childbearing potential and men with partners of childbearing potential\",\n                \"Person\": [\n                  \"women of childbearing potential\",\n                  \"men with partners of childbearing potential\"\n                ]\n              },\n              \"right\": {\n                \"raw_text\": \", agreement to use a highly effective, non-hormonal form of contraception or 2 effective forms of non-hormonal contraception by the patient and/or partner.\",\n                \"Procedure\": [\n                  \"agreement to use a highly effective, non-hormonal form of contraception or 2 effective forms of non-hormonal contraception\"\n                ],\n                \"Qualifier\": [\n                  \"highly effective\",\n                  \"non-hormonal form of contraception\",\n                  \"2 effective forms of non-hormonal contraception\"\n                ],\n                \"Scope\": [\n                  \"patient and/or partner\"\n                ]\n              }\n            }\n          },\n          \"right\": {\n            \"raw_text\": \"Contraception use must continue for the duration of study treatment and for at least 6 months after the last dose of study treatment. Male patients whose partners are pregnant should use condoms for the duration of the study.\",\n            \"Procedure\": [\n              \"Contraception use\"\n            ],\n            \"Qualifier\": [\n              \"duration of study treatment\",\n              \"at least 6 months after the last dose of study treatment\"\n            ],\n            \"Scope\": [\n              \"male patients whose partners are pregnant should use condoms for the duration of the study\"\n            ]\n          }\n        }\n      }\n  }\n}" 

Die Daten wurden erfolgreich in '/work/eauten2s/ec_criteria_struct/transform_chia/model_output/p3_output/Llama-3-8B-Instruct_4_shot/Llama-3-8B-Instruct_NCT00679341_inc_4_shot.json' gespeichert.
File: NCT00718952_exc 

Das File: /work/eauten2s/ec_criteria_struct/transform_chia/input/half_clinical_trials/NCT00718952_exc.txt wurde erfolgreich geladen.

 Llama-3-8B-Instruct Output: 
  "{\n  \"AND\": {\n    \"left\": {\n      \"NOT\": {\n        \"left\": {\n          \"raw_text\": \"The other types of pulmonary hypertension.\",\n          \"Condition\": [\n            \"pulmonary hypertension\"\n          ],\n          \"Qualifier\": [\n            \"other\"\n          ]\n        }\n      }\n    },\n    \"right\": {\n      \"AND\": {\n        \"left\": {\n          \"OR\": {\n            \"left\": {\n              \"raw_text\": \"Subjects who refuse to subscribe written informed consents\",\n              \"Procedure\": [\n                \"subscribe written informed consents\"\n              ],\n              \"Negation\": [\n                \"refuse\"\n              ]\n            },\n            \"right\": {\n              \"raw_text\": \"or can't cooperate with the trial well.\",\n              \"Negation\": [\n                \"can't\"\n              ],\n              \"Qualifier\": [\n                \"cooperate with the trial well\"\n              ]\n            }\n          }\n        },\n        \"right\": {\n          \"AND\": {\n            \"left\": {\n              \"OR\": {\n                \"left\": {\n                  \"raw_text\": \"Subjects with serious acute or chronic disease\",\n                  \"Condition\": [\n                    \"disease\"\n                  ],\n                  \"Qualifier\": [\n                    \"serious acute or chronic\"\n                  ]\n                },\n                \"right\": {\n                  \"OR\": {\n                    \"left\": {\n                      \"raw_text\": \"involved liver\",\n                      \"Condition\": [\n                        \"liver\"\n                      ]\n                    },\n                    \"right\": {\n                      \"OR\": {\n                        \"left\": {\n                          \"raw_text\": \", kidney\",\n                          \"Condition\": [\n                            \"kidney\"\n                          ]\n                        },\n                        \"right\": {\n                          \"raw_text\": \", and brain\",\n                          \"Condition\": [\n                            \"brain\"\n                          ]\n                        }\n                      }\n                    }\n                  }\n                }\n              },\n              \"right\": {\n                \"raw_text\": \"or have to use potent CYP3A4-inhibitor or nitrate to treat the underlying diseases.\",\n                \"Procedure\": [\n                  \"use potent CYP3A4-inhibitor or nitrate\"\n                ],\n                \"Qualifier\": [\n                  \"potent CYP3A4-inhibitor or nitrate\"\n                ],\n                \"Temporal\": [\n                  \"to treat the underlying diseases\"\n                ]\n              }\n            }\n          }\n        },\n        \"right\": {\n          \"AND\": {\n            \"left\": {\n              \"OR\": {\n                \"left\": {\n                  \"raw_text\": \"Subjects who are currently treated with sildenafil\",\n                  \"Drug\": [\n                    \"sildenafil\"\n                  ],\n                  \"Temporal\": [\n                    \"currently treated\"\n                  ]\n                },\n                \"right\": {\n                  \"OR\": {\n                    \"left\": {\n                      \"raw_text\": \"for PAH\",\n                      \"Condition\": [\n                        \"PAH\"\n                      ]\n                    },\n                    \"right\": {\n                      \"raw_text\": \"or taking sildenafil or tadalafil.\",\n                      \"Drug\": [\n                        \"sildenafil\",\n                        \"tadalafil\"\n                      ],\n                      \"Temporal\": [\n                        \"taking\"\n                      ]\n                    }\n                  }\n                }\n              }\n            },\n            \"right\": {\n              \"raw_text\": \"Other contraindications in package insert.\",\n              \"Reference_point\": [\n                \"package insert\"\n              ],\n              \"Qualifier\": [\n                \"contraindications\"\n              ]\n            }\n          }\n        }\n      }\n    }\n  }\n}" 

Die Daten wurden erfolgreich in '/work/eauten2s/ec_criteria_struct/transform_chia/model_output/p3_output/Llama-3-8B-Instruct_4_shot/Llama-3-8B-Instruct_NCT00718952_exc_4_shot.json' gespeichert.
File: NCT00718952_inc 

Das File: /work/eauten2s/ec_criteria_struct/transform_chia/input/half_clinical_trials/NCT00718952_inc.txt wurde erfolgreich geladen.

 Llama-3-8B-Instruct Output: 
  "{\n  \"AND\": {\n    \"left\": {\n      \"AND\": {\n        \"left\": {\n          \"raw_text\": \"Subjects aged\",\n          \"Person\": [\n            \"Subjects\"\n          ],\n          \"Condition\": [\n            \"aged\"\n          ],\n          \"Value\": [\n            \"12-65\"\n          ]\n        },\n        \"right\": {\n          \"raw_text\": \".\",\n          \"Value\": [\n            \".\"\n          ]\n        }\n      }\n    },\n    \"right\": {\n      \"AND\": {\n        \"left\": {\n          \"OR\": {\n            \"left\": {\n              \"raw_text\": \"Confirmed idiopathic pulmonary hypertension\",\n              \"Condition\": [\n                \"idiopathic pulmonary hypertension\"\n              ],\n              \"Qualifier\": [\n                \"Confirmed\"\n              ]\n            },\n            \"right\": {\n              \"OR\": {\n                \"left\": {\n                  \"raw_text\": \", connective tissue disease associated pulmonary hypertension\",\n                  \"Condition\": [\n                    \"connective tissue disease associated pulmonary hypertension\"\n                  ],\n                  \"Qualifier\": [\n                    \"associated pulmonary hypertension\"\n                  ]\n                },\n                \"right\": {\n                  \"OR\": {\n                    \"left\": {\n                      \"raw_text\": \", congenital heart disease(with Eisenmenger syndrome) associated pulmonary hypertension.\",\n                      \"Condition\": [\n                        \"congenital heart disease\",\n                        \"Eisenmenger syndrome\"\n                      ],\n                      \"Qualifier\": [\n                        \"associated pulmonary hypertension\"\n                      ]\n                    }\n                  }\n                }\n              }\n            }\n          }\n        },\n        \"right\": {\n          \"AND\": {\n            \"left\": {\n              \"raw_text\": \"Baseline 6-minutes walking distance\",\n              \"Procedure\": [\n                \"6-minutes walking distance\"\n              ],\n              \"Value\": [\n                \"150m-550m\"\n              ]\n            },\n            \"right\": {\n              \"raw_text\": \".\",\n              \"Value\": [\n                \".\"\n              ]\n            }\n          }\n        }\n      }\n    },\n    \"right\": {\n      \"AND\": {\n        \"left\": {\n          \"OR\": {\n            \"left\": {\n              \"raw_text\": \"WHO pulmonary hypertension function II\",\n              \"Condition\": [\n                \"WHO pulmonary hypertension function II\"\n              ],\n              \"Qualifier\": [\n                \"II\"\n              ]\n            },\n            \"right\": {\n              \"raw_text\": \"-III\",\n              \"Condition\": [\n                \"WHO pulmonary hypertension function III\"\n              ],\n              \"Qualifier\": [\n                \"III\"\n              ]\n            }\n          },\n          \"right\": {\n            \"raw_text\": \"with non-responder to calcium channel blockers.\",\n            \"Condition\": [\n              \"non-responder to calcium channel blockers\"\n            ],\n            \"Drug\": [\n              \"calcium channel blockers\"\n            ],\n            \"Qualifier\": [\n              \"non-responder\"\n            ]\n          }\n        }\n      }\n    },\n    \"right\": {\n      \"AND\": {\n        \"left\": {\n          \"raw_text\": \"Documented written informed consent.\",\n          \"Document\": [\n            \"written informed consent\"\n          ],\n          \"Qualifier\": [\n            \"Documented\"\n          ]\n        }\n      }\n    }\n  }\n}" 

Die Daten wurden erfolgreich in '/work/eauten2s/ec_criteria_struct/transform_chia/model_output/p3_output/Llama-3-8B-Instruct_4_shot/Llama-3-8B-Instruct_NCT00718952_inc_4_shot.json' gespeichert.
File: NCT00720031_exc 

Das File: /work/eauten2s/ec_criteria_struct/transform_chia/input/half_clinical_trials/NCT00720031_exc.txt wurde erfolgreich geladen.

 Llama-3-8B-Instruct Output: 
  "{\n  \"AND\": {\n    \"left\": {\n      \"OR\": {\n        \"left\": {\n          \"raw_text\": \"Cardio-vascular pathologies\",\n          \"Condition\": [\n            \"cardio-vascular pathologies\"\n          ],\n          \"Qualifier\": [\n            \"evoluting and uncontrolled\",\n            \"severe HTA\",\n            \"cardiac deficiency\",\n            \"severe angor\",\n            \"severe arrhythmia\"\n          ]\n        },\n        \"right\": {\n          \"OR\": {\n            \"left\": {\n              \"raw_text\": \"Infectious pathologies\",\n              \"Condition\": [\n                \"infectious pathologies\"\n              ],\n              \"Qualifier\": [\n                \"evoluting and requiring antibiotherapy\"\n              ]\n            },\n            \"right\": {\n              \"raw_text\": \"Patients HIV+.\",\n              \"Condition\": [\n                \"HIV+\"\n              ],\n              \"Value\": [\n                \".\"\n              ]\n            }\n          }\n        }\n      }\n    },\n    \"right\": {\n      \"OR\": {\n        \"left\": {\n          \"raw_text\": \"Transplanted patients\",\n          \"Procedure\": [\n            \"transplanted\"\n          ],\n          \"Condition\": [\n            \"transplanted patients\"\n          ],\n          \"Qualifier\": [\n            \"or patients suffering from severe auto-immune disease\"\n          ]\n        },\n        \"right\": {\n          \"OR\": {\n            \"left\": {\n              \"raw_text\": \"Psychiatric troubles\",\n              \"Condition\": [\n                \"psychiatric troubles\"\n              ],\n              \"Qualifier\": [\n                \"that do not allow the protocol follow-up\"\n              ]\n            },\n            \"right\": {\n              \"OR\": {\n                \"left\": {\n                  \"raw_text\": \"Pregnant\",\n                  \"Condition\": [\n                    \"Pregnant\"\n                  ]\n                },\n                \"right\": {\n                  \"raw_text\": \"or breast-feeding women.\",\n                  \"Condition\": [\n                    \"breast-feeding women\"\n                  ],\n                  \"Value\": [\n                    \".\"\n                  ]\n                }\n              },\n              \"OR\": {\n                \"left\": {\n                  \"raw_text\": \"No contraception.\",\n                  \"Procedure\": [\n                    \"contraception\"\n                  ],\n                  \"Negation\": [\n                    \"no\"\n                  ]\n                }\n              }\n            }\n          }\n        }\n      }\n    }\n  }\n}" 

Die Daten wurden erfolgreich in '/work/eauten2s/ec_criteria_struct/transform_chia/model_output/p3_output/Llama-3-8B-Instruct_4_shot/Llama-3-8B-Instruct_NCT00720031_exc_4_shot.json' gespeichert.
File: NCT00720031_inc 

Das File: /work/eauten2s/ec_criteria_struct/transform_chia/input/half_clinical_trials/NCT00720031_inc.txt wurde erfolgreich geladen.

 Llama-3-8B-Instruct Output: 
  "{\n  \"AND\": {\n    \"left\": {\n      \"AND\": {\n        \"left\": {\n          \"raw_text\": \"HLA-A2 melanoma patients\",\n          \"Condition\": [\n            \"melanoma\",\n            \"HLA-A2\"\n          ],\n          \"Qualifier\": [\n            \"patients\"\n          ]\n        },\n        \"right\": {\n          \"OR\": {\n            \"left\": {\n              \"raw_text\": \"with :\",\n              \"Qualifier\": [\n                \"with\"\n              ]\n            },\n            \"right\": {\n              \"AND\": {\n                \"left\": {\n                  \"OR\": {\n                    \"left\": {\n                      \"raw_text\": \"either loco-regional\",\n                      \"Qualifier\": [\n                        \"either\"\n                      ]\n                    },\n                    \"right\": {\n                      \"OR\": {\n                        \"left\": {\n                          \"raw_text\": \"or lymph node metastasis\",\n                          \"Condition\": [\n                            \"lymph node metastasis\"\n                          ]\n                        }\n                      }\n                    }\n                  }\n                },\n                \"right\": {\n                  \"OR\": {\n                    \"left\": {\n                      \"raw_text\": \"transit nodules not surgically resectable\",\n                      \"Qualifier\": [\n                        \"not surgically resectable\"\n                      ]\n                    },\n                    \"right\": {\n                      \"OR\": {\n                        \"left\": {\n                          \"raw_text\": \"measurable cutaneous or visceral metastasis\",\n                          \"Condition\": [\n                            \"measurable cutaneous metastasis\",\n                            \"measurable visceral metastasis\"\n                          ]\n                        }\n                      }\n                    }\n                  }\n                }\n              }\n            }\n          }\n        }\n      }\n    },\n    \"right\": {\n      \"AND\": {\n        \"left\": {\n          \"raw_text\": \"Patients' tumor express Melan-A/MART-1 antigen.\",\n          \"Condition\": [\n            \"Patients' tumor\",\n            \"Melan-A/MART-1 antigen\"\n          ],\n          \"Qualifier\": [\n            \"express\"\n          ]\n        },\n        \"right\": {\n          \"AND\": {\n            \"left\": {\n              \"NOT\": {\n                \"left\": {\n                  \"OR\": {\n                    \"left\": {\n                      \"raw_text\": \"No chemotherapy treatment\",\n                      \"Qualifier\": [\n                        \"No\"\n                      ]\n                    },\n                    \"right\": {\n                      \"OR\": {\n                        \"left\": {\n                          \"raw_text\": \"(except for Deticene used before the first T cell clones infusion) or radiotherapy or immunotherapy\",\n                          \"Qualifier\": [\n                            \"except for\",\n                            \"No\"\n                          ]\n                        },\n                        \"right\": {\n                          \"OR\": {\n                            \"left\": {\n                              \"raw_text\": \"in the last 4 weeks before infusion.\",\n                              \"Temporal\": [\n                                \"last 4 weeks before infusion\"\n                              ]\n                            }\n                          }\n                        }\n                      }\n                    }\n                  }\n                }\n              }\n            },\n            \"right\": {\n              \"AND\": {\n                \"left\": {\n                  \"raw_text\": \"No other melanoma treatment during the protocol.\",\n                  \"Qualifier\": [\n                    \"No\"\n                  ],\n                  \"Condition\": [\n                    \"melanoma treatment\"\n                  ],\n                  \"Temporal\": [\n                    \"during the protocol\"\n                  ]\n                },\n                \"right\": {\n                  \"AND\": {\n                    \"left\": {\n                      \"raw_text\": \"Life expectancy should be greater than 6 months.\",\n                      \"Condition\": [\n                        \"Life expectancy\"\n                      ],\n                      \"Value\": [\n                        \"> 6 months\"\n                      ]\n                    },\n                    \"right\": {\n                      \"AND\": {\n                        \"left\": {\n                          \"raw_text\": \"General state with Karnowsky greater than 80, ECOG = 0, 1 or 2.\",\n                          \"Measurement\": [\n                            \"Karnowsky\"\n                          ],\n                          \"Value\": [\n                            \"> 80\"\n                          ],\n                          \"Qualifier\": [\n                            \"greater than 80\"\n                          ],\n                          \"Condition\": [\n                            \"General state\",\n                            \"ECOG = 0, 1 or 2\"\n                          ]\n                        },\n                        \"right\": {\n                          \"AND\": {\n                            \"left\": {\n                              \"raw_text\": \"Patient should be negative for HIV and B and C hepatitis.\",\n                              \"Condition\": [\n                                \"Patient\",\n                                \"HIV\",\n                                \"B and C hepatitis\"\n                              ],\n                              \"Qualifier\": [\n                                \"negative\"\n                              ]\n                            },\n                            \"right\": {\n                              \"AND\": {\n                                \"Biological parameters at the beginning of the study: leucocytes ³ 2000 elements per mm3, hemoglobin ³ 10.5g/dl, platelets ³ 100 000 elements per mm3, hemoglobin ³ 10.5g/dl, platelets ³ 100 000 elements per mm3, hemoglobin ³ 10.5g/dl, platelets ³ 100 000 elements per mm3, hemoglobin ³ 10.5g/dl, platelets ³ 100 000 elements per mm3, hemoglobin ³ 10.5g/dl, platelets ³ 100 000 elements per mm3, hemoglobin ³ 100 000 elements per mm3, hemoglobin ³ 10.5g/dl, platelets ³ 100 000 elements per mm3, hemoglobin ³ 10.5g/dl, platelets ³ 10.5g/dl, platelets ³ 10.5g/dl, platelets ³ 10.5g/dl, platelets ³ 10.5g/dl, platelets ³ 10.5g/dl, platelets ³ 10.5g/dl, platelets ³ 10.5g/dl, platelets ³ 10.5g/dl, platelets ³ 10.5g/dl, platelets ³ 10.5g/dl, platelets ³ 10.5g/dl, platelets ³ 10.5g/dl, platelets ³ 10.5g/dl, platelets ³ 10.5g/dl, platelets ³ 10.5g/dl, platelets ³ 10.5g/dl, platelets ³ 10.5g/dl, platelets ³ 10.5g/dl, platelets ³ 10.5g/dl, platelets ³ 10.5g/dl, platelets ³ 10.5g/dl, platelets ³ 10.5g/dl, platelets ³ 10.5g/dl, platelets ³ 10.5g/dl, platelets ³ 10.5g/dl, platelets ³ 10.5g/dl, platelets ³ 10.5g/dl, platelets 10.5g/dl, platelets 10.5g/dl, platelets ³ 10.5g/dl, platelets ³ 10.5g/dl, platelets ³ 10. 

Die Daten wurden erfolgreich in '/work/eauten2s/ec_criteria_struct/transform_chia/model_output/p3_output/Llama-3-8B-Instruct_4_shot/Llama-3-8B-Instruct_NCT00720031_inc_4_shot.json' gespeichert.
File: NCT00728156_exc 

Das File: /work/eauten2s/ec_criteria_struct/transform_chia/input/half_clinical_trials/NCT00728156_exc.txt wurde erfolgreich geladen.

 Llama-3-8B-Instruct Output: 
  "{\n  \"AND\": {\n    \"left\": {\n      \"OR\": {\n        \"left\": {\n          \"raw_text\": \"Contraindication to Clopidogrel\",\n          \"Drug\": [\n            \"Clopidogrel\"\n          ],\n          \"Negation\": [\n            \"contraindication\"\n          ]\n        },\n        \"right\": {\n          \"OR\": {\n            \"left\": {\n              \"raw_text\": \"Smoking\",\n              \"Condition\": [\n                \"Smoking\"\n              ],\n              \"Qualifier\": [\n                \"current smokers\",\n                \"quit smoking less than six months\"\n              ]\n            },\n            \"right\": {\n              \"OR\": {\n                \"left\": {\n                  \"raw_text\": \"Malignancy\",\n                  \"Condition\": [\n                    \"Malignancy\"\n                  ],\n                  \"Qualifier\": [\n                    \"diagnosed or under investigation\"\n                  ]\n                },\n                \"right\": {\n                  \"OR\": {\n                    \"left\": {\n                      \"raw_text\": \"Haematological disorders\",\n                      \"Condition\": [\n                        \"Haematological disorders\"\n                      ],\n                      \"Qualifier\": [\n                        \"Anaemia\",\n                        \"malignancy\",\n                        \"bleeding disorders\"\n                      ]\n                    },\n                    \"right\": {\n                      \"OR\": {\n                        \"left\": {\n                          \"raw_text\": \"Women of child-bearing potential\",\n                          \"Person\": [\n                            \"Women\"\n                          ],\n                          \"Condition\": [\n                            \"child-bearing potential\"\n                          ]\n                        },\n                        \"right\": {\n                          \"OR\": {\n                            \"left\": {\n                              \"raw_text\": \"Use of corticosteroids/other antithrombotic agents\",\n                              \"Drug\": [\n                                \"corticosteroids\",\n                                \"antithrombotic agents\",\n                                \"warfarin\"\n                              ]\n                            },\n                            \"right\": {\n                              \"OR\": {\n                                \"left\": {\n                                  \"raw_text\": \"Chronic liver disease\",\n                                  \"Condition\": [\n                                    \"Chronic liver disease\"\n                                  ],\n                                  \"Qualifier\": [\n                                    \"Cirrhosis\",\n                                    \"malignancy\",\n                                    \"patients with more than twice the upper limit of liver function tests\"\n                                  ]\n                                },\n                                \"right\": {\n                                  \"OR\": {\n                                    \"left\": {\n                                      \"raw_text\": \"Unable to consent\",\n                                      \"Negation\": [\n                                        \"able to\"\n                                      ]\n                                    },\n                                    \"right\": {\n                                      \"OR\": {\n                                        \"left\": {\n                                          \"raw_text\": \"Use of other investigational study drugs\",\n                                          \"Drug\": [\n                                            \"other investigational study drugs\"\n                                          ],\n                                          \"Temporal\": [\n                                            \"within 1 year prior to study entry\"\n                                          ]\n                                        },\n                                        \"right\": {\n                                          \"OR\": {\n                                            \"left\": {\n                                              \"raw_text\": \"Previous participation in this study\",\n                                              \"Condition\": [\n                                                \"Previous participation in this study\"\n                                              ]\n                                            }\n                                          }\n                                        }\n                                      }\n                                    }\n                                  }\n                                }\n                              }\n                            }\n                          }\n                        }\n                      }\n                    }\n                  }\n                }\n              }\n            }\n          }\n        }\n      }\n    }\n  }\n}" 

Die Daten wurden erfolgreich in '/work/eauten2s/ec_criteria_struct/transform_chia/model_output/p3_output/Llama-3-8B-Instruct_4_shot/Llama-3-8B-Instruct_NCT00728156_exc_4_shot.json' gespeichert.
File: NCT00728156_inc 

Das File: /work/eauten2s/ec_criteria_struct/transform_chia/input/half_clinical_trials/NCT00728156_inc.txt wurde erfolgreich geladen.

 Llama-3-8B-Instruct Output: 
  "{\n  \"AND\": {\n    \"left\": {\n      \"AND\": {\n        \"left\": {\n          \"raw_text\": \"Patients with T2DM and CAS\",\n          \"Condition\": [\n            \"T2DM\",\n            \"CAS\"\n          ]\n        },\n        \"right\": {\n          \"AND\": {\n            \"left\": {\n              \"raw_text\": \"as defined below\",\n              \"Qualifier\": [\n                \"defined below\"\n              ]\n            },\n            \"right\": {\n              \"AND\": {\n                \"left\": {\n                  \"AND\": {\n                    \"left\": {\n                      \"raw_text\": \"Clinical definitions\",\n                      \"Qualifier\": [\n                        \"Clinical definitions\"\n                      ]\n                    },\n                    \"right\": {\n                      \"AND\": {\n                        \"left\": {\n                          \"raw_text\": \"T2DM\",\n                          \"Condition\": [\n                            \"T2DM\"\n                          ]\n                        },\n                        \"right\": {\n                          \"raw_text\": \": Diagnosed according to the WHO criteria [53].\",\n                          \"Reference_point\": [\n                            \"WHO criteria\"\n                          ],\n                          \"Value\": [\n                            \".\"\n                          ]\n                        }\n                      }\n                    }\n                  },\n                  \"right\": {\n                    \"AND\": {\n                      \"left\": {\n                        \"raw_text\": \"CAD\",\n                        \"Condition\": [\n                          \"CAD\"\n                        ]\n                      },\n                      \"right\": {\n                        \"OR\": {\n                          \"left\": {\n                            \"raw_text\": \"Presence of any one of the following\",\n                            \"Qualifier\": [\n                              \"Presence of any one of the following\"\n                            ]\n                          },\n                          \"right\": {\n                            \"OR\": {\n                              \"left\": {\n                                \"raw_text\": \"Angina plus positive exercise tolerance test\",\n                                \"Condition\": [\n                                  \"Angina\",\n                                  \"exercise tolerance test\"\n                                ]\n                              },\n                              \"right\": {\n                                \"OR\": {\n                                  \"left\": {\n                                    \"raw_text\": \", enzyme and/or Q wave positive myocardial infarction\",\n                                    \"Condition\": [\n                                      \"myocardial infarction\"\n                                    ]\n                                  },\n                                  \"right\": {\n                                    \"OR\": {\n                                      \"left\": {\n                                        \"raw_text\": \", angiographic evidence ( >50% stenosis of one vessel)\",\n                                        \"Procedure\": [\n                                          \"angiographic evidence\"\n                                        ],\n                                        \"Value\": [\n                                          \">50% stenosis of one vessel\"\n                                        ]\n                                      },\n                                      \"right\": {\n                                        \"OR\": {\n                                          \"left\": {\n                                            \"raw_text\": \", percutaneous or surgical coronary revascularisation.\",\n                                            \"Procedure\": [\n                                              \"percutaneous or surgical coronary revascularisation\"\n                                            ]\n                                          }\n                                        }\n                                      }\n                                    }\n                                  }\n                                }\n                              }\n                            }\n                          }\n                        }\n                      }\n                    }\n                  }\n                }\n              }\n            }\n          }\n        }\n      }\n    },\n    \"right\": {\n      \"AND\": {\n        \"left\": {\n          \"raw_text\": \"Aged between 18 and 75\",\n          \"Temporal\": [\n            \"between 18 and 75\"\n          ]\n        },\n        \"right\": {\n          \"raw_text\": \"Provided written consent for participation in the trial prior to any study-specific procedures or requirements.\",\n          \"Procedure\": [\n            \"written consent\"\n          ],\n          \"Temporal\": [\n            \"prior to any study-specific procedures or requirements\"\n          ]\n        }\n      }\n    }\n  }\n}" 

Die Daten wurden erfolgreich in '/work/eauten2s/ec_criteria_struct/transform_chia/model_output/p3_output/Llama-3-8B-Instruct_4_shot/Llama-3-8B-Instruct_NCT00728156_inc_4_shot.json' gespeichert.
