Das File: /work/eauten2s/ec_criteria_struct/transform_chia/chia_label/prompts/model_desc_p2.txt wurde erfolgreich geladen.
Hier fängt die Pipeline an
File: NCT00050349_exc 

Das File: /work/eauten2s/ec_criteria_struct/transform_chia/input/half_clinical_trials/NCT00050349_exc.txt wurde erfolgreich geladen.
NCT00050349_exc Done 

Die Daten wurden erfolgreich in '/work/eauten2s/ec_criteria_struct/transform_chia/model_output/Llama-3-70B-Instruct_5_shot/Llama-3-70B-Instruct_NCT00050349_exc_5_shot.json' gespeichert.
File: NCT00050349_inc 

Das File: /work/eauten2s/ec_criteria_struct/transform_chia/input/half_clinical_trials/NCT00050349_inc.txt wurde erfolgreich geladen.
NCT00050349_inc Done 

Die Daten wurden erfolgreich in '/work/eauten2s/ec_criteria_struct/transform_chia/model_output/Llama-3-70B-Instruct_5_shot/Llama-3-70B-Instruct_NCT00050349_inc_5_shot.json' gespeichert.
File: NCT00061308_exc 

Das File: /work/eauten2s/ec_criteria_struct/transform_chia/input/half_clinical_trials/NCT00061308_exc.txt wurde erfolgreich geladen.
NCT00061308_exc Done 

Die Daten wurden erfolgreich in '/work/eauten2s/ec_criteria_struct/transform_chia/model_output/Llama-3-70B-Instruct_5_shot/Llama-3-70B-Instruct_NCT00061308_exc_5_shot.json' gespeichert.
File: NCT00061308_inc 

Das File: /work/eauten2s/ec_criteria_struct/transform_chia/input/half_clinical_trials/NCT00061308_inc.txt wurde erfolgreich geladen.
NCT00061308_inc Done 

Die Daten wurden erfolgreich in '/work/eauten2s/ec_criteria_struct/transform_chia/model_output/Llama-3-70B-Instruct_5_shot/Llama-3-70B-Instruct_NCT00061308_inc_5_shot.json' gespeichert.
File: NCT00094861_exc 

Das File: /work/eauten2s/ec_criteria_struct/transform_chia/input/half_clinical_trials/NCT00094861_exc.txt wurde erfolgreich geladen.
NCT00094861_exc Done 

Die Daten wurden erfolgreich in '/work/eauten2s/ec_criteria_struct/transform_chia/model_output/Llama-3-70B-Instruct_5_shot/Llama-3-70B-Instruct_NCT00094861_exc_5_shot.json' gespeichert.
File: NCT00094861_inc 

Das File: /work/eauten2s/ec_criteria_struct/transform_chia/input/half_clinical_trials/NCT00094861_inc.txt wurde erfolgreich geladen.
NCT00094861_inc Done 

Die Daten wurden erfolgreich in '/work/eauten2s/ec_criteria_struct/transform_chia/model_output/Llama-3-70B-Instruct_5_shot/Llama-3-70B-Instruct_NCT00094861_inc_5_shot.json' gespeichert.
File: NCT00122070_exc 

Das File: /work/eauten2s/ec_criteria_struct/transform_chia/input/half_clinical_trials/NCT00122070_exc.txt wurde erfolgreich geladen.
NCT00122070_exc Done 

Die Daten wurden erfolgreich in '/work/eauten2s/ec_criteria_struct/transform_chia/model_output/Llama-3-70B-Instruct_5_shot/Llama-3-70B-Instruct_NCT00122070_exc_5_shot.json' gespeichert.
File: NCT00122070_inc 

Das File: /work/eauten2s/ec_criteria_struct/transform_chia/input/half_clinical_trials/NCT00122070_inc.txt wurde erfolgreich geladen.
NCT00122070_inc Done 

Die Daten wurden erfolgreich in '/work/eauten2s/ec_criteria_struct/transform_chia/model_output/Llama-3-70B-Instruct_5_shot/Llama-3-70B-Instruct_NCT00122070_inc_5_shot.json' gespeichert.
File: NCT00182520_exc 

Das File: /work/eauten2s/ec_criteria_struct/transform_chia/input/half_clinical_trials/NCT00182520_exc.txt wurde erfolgreich geladen.
NCT00182520_exc Done 

Die Daten wurden erfolgreich in '/work/eauten2s/ec_criteria_struct/transform_chia/model_output/Llama-3-70B-Instruct_5_shot/Llama-3-70B-Instruct_NCT00182520_exc_5_shot.json' gespeichert.
File: NCT00182520_inc 

Das File: /work/eauten2s/ec_criteria_struct/transform_chia/input/half_clinical_trials/NCT00182520_inc.txt wurde erfolgreich geladen.
NCT00182520_inc Done 

Die Daten wurden erfolgreich in '/work/eauten2s/ec_criteria_struct/transform_chia/model_output/Llama-3-70B-Instruct_5_shot/Llama-3-70B-Instruct_NCT00182520_inc_5_shot.json' gespeichert.
File: NCT00183885_exc 

Das File: /work/eauten2s/ec_criteria_struct/transform_chia/input/half_clinical_trials/NCT00183885_exc.txt wurde erfolgreich geladen.
NCT00183885_exc Done 

Die Daten wurden erfolgreich in '/work/eauten2s/ec_criteria_struct/transform_chia/model_output/Llama-3-70B-Instruct_5_shot/Llama-3-70B-Instruct_NCT00183885_exc_5_shot.json' gespeichert.
File: NCT00183885_inc 

Das File: /work/eauten2s/ec_criteria_struct/transform_chia/input/half_clinical_trials/NCT00183885_inc.txt wurde erfolgreich geladen.
NCT00183885_inc Done 

Die Daten wurden erfolgreich in '/work/eauten2s/ec_criteria_struct/transform_chia/model_output/Llama-3-70B-Instruct_5_shot/Llama-3-70B-Instruct_NCT00183885_inc_5_shot.json' gespeichert.
File: NCT00198913_exc 

Das File: /work/eauten2s/ec_criteria_struct/transform_chia/input/half_clinical_trials/NCT00198913_exc.txt wurde erfolgreich geladen.
NCT00198913_exc Done 

Die Daten wurden erfolgreich in '/work/eauten2s/ec_criteria_struct/transform_chia/model_output/Llama-3-70B-Instruct_5_shot/Llama-3-70B-Instruct_NCT00198913_exc_5_shot.json' gespeichert.
File: NCT00198913_inc 

Das File: /work/eauten2s/ec_criteria_struct/transform_chia/input/half_clinical_trials/NCT00198913_inc.txt wurde erfolgreich geladen.
NCT00198913_inc Done 

Die Daten wurden erfolgreich in '/work/eauten2s/ec_criteria_struct/transform_chia/model_output/Llama-3-70B-Instruct_5_shot/Llama-3-70B-Instruct_NCT00198913_inc_5_shot.json' gespeichert.
File: NCT00235170_exc 

Das File: /work/eauten2s/ec_criteria_struct/transform_chia/input/half_clinical_trials/NCT00235170_exc.txt wurde erfolgreich geladen.
NCT00235170_exc Done 

Die Daten wurden erfolgreich in '/work/eauten2s/ec_criteria_struct/transform_chia/model_output/Llama-3-70B-Instruct_5_shot/Llama-3-70B-Instruct_NCT00235170_exc_5_shot.json' gespeichert.
File: NCT00235170_inc 

Das File: /work/eauten2s/ec_criteria_struct/transform_chia/input/half_clinical_trials/NCT00235170_inc.txt wurde erfolgreich geladen.
NCT00235170_inc Done 

Die Daten wurden erfolgreich in '/work/eauten2s/ec_criteria_struct/transform_chia/model_output/Llama-3-70B-Instruct_5_shot/Llama-3-70B-Instruct_NCT00235170_inc_5_shot.json' gespeichert.
File: NCT00236340_exc 

Das File: /work/eauten2s/ec_criteria_struct/transform_chia/input/half_clinical_trials/NCT00236340_exc.txt wurde erfolgreich geladen.
NCT00236340_exc Done 

Die Daten wurden erfolgreich in '/work/eauten2s/ec_criteria_struct/transform_chia/model_output/Llama-3-70B-Instruct_5_shot/Llama-3-70B-Instruct_NCT00236340_exc_5_shot.json' gespeichert.
File: NCT00236340_inc 

Das File: /work/eauten2s/ec_criteria_struct/transform_chia/input/half_clinical_trials/NCT00236340_inc.txt wurde erfolgreich geladen.
NCT00236340_inc Done 

Die Daten wurden erfolgreich in '/work/eauten2s/ec_criteria_struct/transform_chia/model_output/Llama-3-70B-Instruct_5_shot/Llama-3-70B-Instruct_NCT00236340_inc_5_shot.json' gespeichert.
File: NCT00250640_exc 

Das File: /work/eauten2s/ec_criteria_struct/transform_chia/input/half_clinical_trials/NCT00250640_exc.txt wurde erfolgreich geladen.
NCT00250640_exc Done 

Die Daten wurden erfolgreich in '/work/eauten2s/ec_criteria_struct/transform_chia/model_output/Llama-3-70B-Instruct_5_shot/Llama-3-70B-Instruct_NCT00250640_exc_5_shot.json' gespeichert.
File: NCT00250640_inc 

Das File: /work/eauten2s/ec_criteria_struct/transform_chia/input/half_clinical_trials/NCT00250640_inc.txt wurde erfolgreich geladen.
NCT00250640_inc Done 

Die Daten wurden erfolgreich in '/work/eauten2s/ec_criteria_struct/transform_chia/model_output/Llama-3-70B-Instruct_5_shot/Llama-3-70B-Instruct_NCT00250640_inc_5_shot.json' gespeichert.
File: NCT00279552_exc 

Das File: /work/eauten2s/ec_criteria_struct/transform_chia/input/half_clinical_trials/NCT00279552_exc.txt wurde erfolgreich geladen.
NCT00279552_exc Done 

Die Daten wurden erfolgreich in '/work/eauten2s/ec_criteria_struct/transform_chia/model_output/Llama-3-70B-Instruct_5_shot/Llama-3-70B-Instruct_NCT00279552_exc_5_shot.json' gespeichert.
File: NCT00279552_inc 

Das File: /work/eauten2s/ec_criteria_struct/transform_chia/input/half_clinical_trials/NCT00279552_inc.txt wurde erfolgreich geladen.
NCT00279552_inc Done 

Die Daten wurden erfolgreich in '/work/eauten2s/ec_criteria_struct/transform_chia/model_output/Llama-3-70B-Instruct_5_shot/Llama-3-70B-Instruct_NCT00279552_inc_5_shot.json' gespeichert.
File: NCT00305097_exc 

Das File: /work/eauten2s/ec_criteria_struct/transform_chia/input/half_clinical_trials/NCT00305097_exc.txt wurde erfolgreich geladen.
NCT00305097_exc Done 

Die Daten wurden erfolgreich in '/work/eauten2s/ec_criteria_struct/transform_chia/model_output/Llama-3-70B-Instruct_5_shot/Llama-3-70B-Instruct_NCT00305097_exc_5_shot.json' gespeichert.
File: NCT00305097_inc 

Das File: /work/eauten2s/ec_criteria_struct/transform_chia/input/half_clinical_trials/NCT00305097_inc.txt wurde erfolgreich geladen.
NCT00305097_inc Done 

Die Daten wurden erfolgreich in '/work/eauten2s/ec_criteria_struct/transform_chia/model_output/Llama-3-70B-Instruct_5_shot/Llama-3-70B-Instruct_NCT00305097_inc_5_shot.json' gespeichert.
File: NCT00312429_exc 

Das File: /work/eauten2s/ec_criteria_struct/transform_chia/input/half_clinical_trials/NCT00312429_exc.txt wurde erfolgreich geladen.
NCT00312429_exc Done 

Die Daten wurden erfolgreich in '/work/eauten2s/ec_criteria_struct/transform_chia/model_output/Llama-3-70B-Instruct_5_shot/Llama-3-70B-Instruct_NCT00312429_exc_5_shot.json' gespeichert.
File: NCT00312429_inc 

Das File: /work/eauten2s/ec_criteria_struct/transform_chia/input/half_clinical_trials/NCT00312429_inc.txt wurde erfolgreich geladen.
NCT00312429_inc Done 

Die Daten wurden erfolgreich in '/work/eauten2s/ec_criteria_struct/transform_chia/model_output/Llama-3-70B-Instruct_5_shot/Llama-3-70B-Instruct_NCT00312429_inc_5_shot.json' gespeichert.
File: NCT00317148_exc 

Das File: /work/eauten2s/ec_criteria_struct/transform_chia/input/half_clinical_trials/NCT00317148_exc.txt wurde erfolgreich geladen.
NCT00317148_exc Done 

Die Daten wurden erfolgreich in '/work/eauten2s/ec_criteria_struct/transform_chia/model_output/Llama-3-70B-Instruct_5_shot/Llama-3-70B-Instruct_NCT00317148_exc_5_shot.json' gespeichert.
File: NCT00317148_inc 

Das File: /work/eauten2s/ec_criteria_struct/transform_chia/input/half_clinical_trials/NCT00317148_inc.txt wurde erfolgreich geladen.
NCT00317148_inc Done 

Die Daten wurden erfolgreich in '/work/eauten2s/ec_criteria_struct/transform_chia/model_output/Llama-3-70B-Instruct_5_shot/Llama-3-70B-Instruct_NCT00317148_inc_5_shot.json' gespeichert.
File: NCT00319748_exc 

Das File: /work/eauten2s/ec_criteria_struct/transform_chia/input/half_clinical_trials/NCT00319748_exc.txt wurde erfolgreich geladen.
NCT00319748_exc Done 

Die Daten wurden erfolgreich in '/work/eauten2s/ec_criteria_struct/transform_chia/model_output/Llama-3-70B-Instruct_5_shot/Llama-3-70B-Instruct_NCT00319748_exc_5_shot.json' gespeichert.
File: NCT00319748_inc 

Das File: /work/eauten2s/ec_criteria_struct/transform_chia/input/half_clinical_trials/NCT00319748_inc.txt wurde erfolgreich geladen.
NCT00319748_inc Done 

Die Daten wurden erfolgreich in '/work/eauten2s/ec_criteria_struct/transform_chia/model_output/Llama-3-70B-Instruct_5_shot/Llama-3-70B-Instruct_NCT00319748_inc_5_shot.json' gespeichert.
File: NCT00324363_exc 

Das File: /work/eauten2s/ec_criteria_struct/transform_chia/input/half_clinical_trials/NCT00324363_exc.txt wurde erfolgreich geladen.
NCT00324363_exc Done 

Die Daten wurden erfolgreich in '/work/eauten2s/ec_criteria_struct/transform_chia/model_output/Llama-3-70B-Instruct_5_shot/Llama-3-70B-Instruct_NCT00324363_exc_5_shot.json' gespeichert.
File: NCT00324363_inc 

Das File: /work/eauten2s/ec_criteria_struct/transform_chia/input/half_clinical_trials/NCT00324363_inc.txt wurde erfolgreich geladen.
NCT00324363_inc Done 

Die Daten wurden erfolgreich in '/work/eauten2s/ec_criteria_struct/transform_chia/model_output/Llama-3-70B-Instruct_5_shot/Llama-3-70B-Instruct_NCT00324363_inc_5_shot.json' gespeichert.
File: NCT00343668_exc 

Das File: /work/eauten2s/ec_criteria_struct/transform_chia/input/half_clinical_trials/NCT00343668_exc.txt wurde erfolgreich geladen.
NCT00343668_exc Done 

Die Daten wurden erfolgreich in '/work/eauten2s/ec_criteria_struct/transform_chia/model_output/Llama-3-70B-Instruct_5_shot/Llama-3-70B-Instruct_NCT00343668_exc_5_shot.json' gespeichert.
File: NCT00343668_inc 

Das File: /work/eauten2s/ec_criteria_struct/transform_chia/input/half_clinical_trials/NCT00343668_inc.txt wurde erfolgreich geladen.
NCT00343668_inc Done 

Die Daten wurden erfolgreich in '/work/eauten2s/ec_criteria_struct/transform_chia/model_output/Llama-3-70B-Instruct_5_shot/Llama-3-70B-Instruct_NCT00343668_inc_5_shot.json' gespeichert.
File: NCT00344318_exc 

Das File: /work/eauten2s/ec_criteria_struct/transform_chia/input/half_clinical_trials/NCT00344318_exc.txt wurde erfolgreich geladen.
NCT00344318_exc Done 

Die Daten wurden erfolgreich in '/work/eauten2s/ec_criteria_struct/transform_chia/model_output/Llama-3-70B-Instruct_5_shot/Llama-3-70B-Instruct_NCT00344318_exc_5_shot.json' gespeichert.
File: NCT00344318_inc 

Das File: /work/eauten2s/ec_criteria_struct/transform_chia/input/half_clinical_trials/NCT00344318_inc.txt wurde erfolgreich geladen.
NCT00344318_inc Done 

Die Daten wurden erfolgreich in '/work/eauten2s/ec_criteria_struct/transform_chia/model_output/Llama-3-70B-Instruct_5_shot/Llama-3-70B-Instruct_NCT00344318_inc_5_shot.json' gespeichert.
File: NCT00351611_exc 

Das File: /work/eauten2s/ec_criteria_struct/transform_chia/input/half_clinical_trials/NCT00351611_exc.txt wurde erfolgreich geladen.
NCT00351611_exc Done 

Die Daten wurden erfolgreich in '/work/eauten2s/ec_criteria_struct/transform_chia/model_output/Llama-3-70B-Instruct_5_shot/Llama-3-70B-Instruct_NCT00351611_exc_5_shot.json' gespeichert.
File: NCT00351611_inc 

Das File: /work/eauten2s/ec_criteria_struct/transform_chia/input/half_clinical_trials/NCT00351611_inc.txt wurde erfolgreich geladen.
NCT00351611_inc Done 

Die Daten wurden erfolgreich in '/work/eauten2s/ec_criteria_struct/transform_chia/model_output/Llama-3-70B-Instruct_5_shot/Llama-3-70B-Instruct_NCT00351611_inc_5_shot.json' gespeichert.
File: NCT00356148_exc 

Das File: /work/eauten2s/ec_criteria_struct/transform_chia/input/half_clinical_trials/NCT00356148_exc.txt wurde erfolgreich geladen.
NCT00356148_exc Done 

Die Daten wurden erfolgreich in '/work/eauten2s/ec_criteria_struct/transform_chia/model_output/Llama-3-70B-Instruct_5_shot/Llama-3-70B-Instruct_NCT00356148_exc_5_shot.json' gespeichert.
File: NCT00356148_inc 

Das File: /work/eauten2s/ec_criteria_struct/transform_chia/input/half_clinical_trials/NCT00356148_inc.txt wurde erfolgreich geladen.
NCT00356148_inc Done 

Die Daten wurden erfolgreich in '/work/eauten2s/ec_criteria_struct/transform_chia/model_output/Llama-3-70B-Instruct_5_shot/Llama-3-70B-Instruct_NCT00356148_inc_5_shot.json' gespeichert.
File: NCT00379366_exc 

Das File: /work/eauten2s/ec_criteria_struct/transform_chia/input/half_clinical_trials/NCT00379366_exc.txt wurde erfolgreich geladen.
NCT00379366_exc Done 

Die Daten wurden erfolgreich in '/work/eauten2s/ec_criteria_struct/transform_chia/model_output/Llama-3-70B-Instruct_5_shot/Llama-3-70B-Instruct_NCT00379366_exc_5_shot.json' gespeichert.
File: NCT00379366_inc 

Das File: /work/eauten2s/ec_criteria_struct/transform_chia/input/half_clinical_trials/NCT00379366_inc.txt wurde erfolgreich geladen.
NCT00379366_inc Done 

Die Daten wurden erfolgreich in '/work/eauten2s/ec_criteria_struct/transform_chia/model_output/Llama-3-70B-Instruct_5_shot/Llama-3-70B-Instruct_NCT00379366_inc_5_shot.json' gespeichert.
File: NCT00391690_exc 

Das File: /work/eauten2s/ec_criteria_struct/transform_chia/input/half_clinical_trials/NCT00391690_exc.txt wurde erfolgreich geladen.
NCT00391690_exc Done 

Die Daten wurden erfolgreich in '/work/eauten2s/ec_criteria_struct/transform_chia/model_output/Llama-3-70B-Instruct_5_shot/Llama-3-70B-Instruct_NCT00391690_exc_5_shot.json' gespeichert.
File: NCT00391690_inc 

Das File: /work/eauten2s/ec_criteria_struct/transform_chia/input/half_clinical_trials/NCT00391690_inc.txt wurde erfolgreich geladen.
NCT00391690_inc Done 

Die Daten wurden erfolgreich in '/work/eauten2s/ec_criteria_struct/transform_chia/model_output/Llama-3-70B-Instruct_5_shot/Llama-3-70B-Instruct_NCT00391690_inc_5_shot.json' gespeichert.
File: NCT00396734_exc 

Das File: /work/eauten2s/ec_criteria_struct/transform_chia/input/half_clinical_trials/NCT00396734_exc.txt wurde erfolgreich geladen.
NCT00396734_exc Done 

Die Daten wurden erfolgreich in '/work/eauten2s/ec_criteria_struct/transform_chia/model_output/Llama-3-70B-Instruct_5_shot/Llama-3-70B-Instruct_NCT00396734_exc_5_shot.json' gespeichert.
File: NCT00396734_inc 

Das File: /work/eauten2s/ec_criteria_struct/transform_chia/input/half_clinical_trials/NCT00396734_inc.txt wurde erfolgreich geladen.
NCT00396734_inc Done 

Die Daten wurden erfolgreich in '/work/eauten2s/ec_criteria_struct/transform_chia/model_output/Llama-3-70B-Instruct_5_shot/Llama-3-70B-Instruct_NCT00396734_inc_5_shot.json' gespeichert.
File: NCT00397215_exc 

Das File: /work/eauten2s/ec_criteria_struct/transform_chia/input/half_clinical_trials/NCT00397215_exc.txt wurde erfolgreich geladen.
NCT00397215_exc Done 

Die Daten wurden erfolgreich in '/work/eauten2s/ec_criteria_struct/transform_chia/model_output/Llama-3-70B-Instruct_5_shot/Llama-3-70B-Instruct_NCT00397215_exc_5_shot.json' gespeichert.
File: NCT00397215_inc 

Das File: /work/eauten2s/ec_criteria_struct/transform_chia/input/half_clinical_trials/NCT00397215_inc.txt wurde erfolgreich geladen.
NCT00397215_inc Done 

Die Daten wurden erfolgreich in '/work/eauten2s/ec_criteria_struct/transform_chia/model_output/Llama-3-70B-Instruct_5_shot/Llama-3-70B-Instruct_NCT00397215_inc_5_shot.json' gespeichert.
File: NCT00401245_exc 

Das File: /work/eauten2s/ec_criteria_struct/transform_chia/input/half_clinical_trials/NCT00401245_exc.txt wurde erfolgreich geladen.
NCT00401245_exc Done 

Die Daten wurden erfolgreich in '/work/eauten2s/ec_criteria_struct/transform_chia/model_output/Llama-3-70B-Instruct_5_shot/Llama-3-70B-Instruct_NCT00401245_exc_5_shot.json' gespeichert.
File: NCT00401245_inc 

Das File: /work/eauten2s/ec_criteria_struct/transform_chia/input/half_clinical_trials/NCT00401245_inc.txt wurde erfolgreich geladen.
NCT00401245_inc Done 

Die Daten wurden erfolgreich in '/work/eauten2s/ec_criteria_struct/transform_chia/model_output/Llama-3-70B-Instruct_5_shot/Llama-3-70B-Instruct_NCT00401245_inc_5_shot.json' gespeichert.
File: NCT00404495_exc 

Das File: /work/eauten2s/ec_criteria_struct/transform_chia/input/half_clinical_trials/NCT00404495_exc.txt wurde erfolgreich geladen.
NCT00404495_exc Done 

Die Daten wurden erfolgreich in '/work/eauten2s/ec_criteria_struct/transform_chia/model_output/Llama-3-70B-Instruct_5_shot/Llama-3-70B-Instruct_NCT00404495_exc_5_shot.json' gespeichert.
File: NCT00404495_inc 

Das File: /work/eauten2s/ec_criteria_struct/transform_chia/input/half_clinical_trials/NCT00404495_inc.txt wurde erfolgreich geladen.
NCT00404495_inc Done 

Die Daten wurden erfolgreich in '/work/eauten2s/ec_criteria_struct/transform_chia/model_output/Llama-3-70B-Instruct_5_shot/Llama-3-70B-Instruct_NCT00404495_inc_5_shot.json' gespeichert.
File: NCT00425789_exc 

Das File: /work/eauten2s/ec_criteria_struct/transform_chia/input/half_clinical_trials/NCT00425789_exc.txt wurde erfolgreich geladen.
NCT00425789_exc Done 

Die Daten wurden erfolgreich in '/work/eauten2s/ec_criteria_struct/transform_chia/model_output/Llama-3-70B-Instruct_5_shot/Llama-3-70B-Instruct_NCT00425789_exc_5_shot.json' gespeichert.
File: NCT00425789_inc 

Das File: /work/eauten2s/ec_criteria_struct/transform_chia/input/half_clinical_trials/NCT00425789_inc.txt wurde erfolgreich geladen.
NCT00425789_inc Done 

Die Daten wurden erfolgreich in '/work/eauten2s/ec_criteria_struct/transform_chia/model_output/Llama-3-70B-Instruct_5_shot/Llama-3-70B-Instruct_NCT00425789_inc_5_shot.json' gespeichert.
File: NCT00426751_exc 

Das File: /work/eauten2s/ec_criteria_struct/transform_chia/input/half_clinical_trials/NCT00426751_exc.txt wurde erfolgreich geladen.
NCT00426751_exc Done 

Die Daten wurden erfolgreich in '/work/eauten2s/ec_criteria_struct/transform_chia/model_output/Llama-3-70B-Instruct_5_shot/Llama-3-70B-Instruct_NCT00426751_exc_5_shot.json' gespeichert.
File: NCT00426751_inc 

Das File: /work/eauten2s/ec_criteria_struct/transform_chia/input/half_clinical_trials/NCT00426751_inc.txt wurde erfolgreich geladen.
NCT00426751_inc Done 

Die Daten wurden erfolgreich in '/work/eauten2s/ec_criteria_struct/transform_chia/model_output/Llama-3-70B-Instruct_5_shot/Llama-3-70B-Instruct_NCT00426751_inc_5_shot.json' gespeichert.
File: NCT00440245_exc 

Das File: /work/eauten2s/ec_criteria_struct/transform_chia/input/half_clinical_trials/NCT00440245_exc.txt wurde erfolgreich geladen.
NCT00440245_exc Done 

Die Daten wurden erfolgreich in '/work/eauten2s/ec_criteria_struct/transform_chia/model_output/Llama-3-70B-Instruct_5_shot/Llama-3-70B-Instruct_NCT00440245_exc_5_shot.json' gespeichert.
File: NCT00440245_inc 

Das File: /work/eauten2s/ec_criteria_struct/transform_chia/input/half_clinical_trials/NCT00440245_inc.txt wurde erfolgreich geladen.
NCT00440245_inc Done 

Die Daten wurden erfolgreich in '/work/eauten2s/ec_criteria_struct/transform_chia/model_output/Llama-3-70B-Instruct_5_shot/Llama-3-70B-Instruct_NCT00440245_inc_5_shot.json' gespeichert.
File: NCT00445029_exc 

Das File: /work/eauten2s/ec_criteria_struct/transform_chia/input/half_clinical_trials/NCT00445029_exc.txt wurde erfolgreich geladen.
NCT00445029_exc Done 

Die Daten wurden erfolgreich in '/work/eauten2s/ec_criteria_struct/transform_chia/model_output/Llama-3-70B-Instruct_5_shot/Llama-3-70B-Instruct_NCT00445029_exc_5_shot.json' gespeichert.
File: NCT00445029_inc 

Das File: /work/eauten2s/ec_criteria_struct/transform_chia/input/half_clinical_trials/NCT00445029_inc.txt wurde erfolgreich geladen.
NCT00445029_inc Done 

Die Daten wurden erfolgreich in '/work/eauten2s/ec_criteria_struct/transform_chia/model_output/Llama-3-70B-Instruct_5_shot/Llama-3-70B-Instruct_NCT00445029_inc_5_shot.json' gespeichert.
File: NCT00455663_exc 

Das File: /work/eauten2s/ec_criteria_struct/transform_chia/input/half_clinical_trials/NCT00455663_exc.txt wurde erfolgreich geladen.
NCT00455663_exc Done 

Die Daten wurden erfolgreich in '/work/eauten2s/ec_criteria_struct/transform_chia/model_output/Llama-3-70B-Instruct_5_shot/Llama-3-70B-Instruct_NCT00455663_exc_5_shot.json' gespeichert.
File: NCT00455663_inc 

Das File: /work/eauten2s/ec_criteria_struct/transform_chia/input/half_clinical_trials/NCT00455663_inc.txt wurde erfolgreich geladen.
NCT00455663_inc Done 

Die Daten wurden erfolgreich in '/work/eauten2s/ec_criteria_struct/transform_chia/model_output/Llama-3-70B-Instruct_5_shot/Llama-3-70B-Instruct_NCT00455663_inc_5_shot.json' gespeichert.
File: NCT00461136_exc 

Das File: /work/eauten2s/ec_criteria_struct/transform_chia/input/half_clinical_trials/NCT00461136_exc.txt wurde erfolgreich geladen.
NCT00461136_exc Done 

Die Daten wurden erfolgreich in '/work/eauten2s/ec_criteria_struct/transform_chia/model_output/Llama-3-70B-Instruct_5_shot/Llama-3-70B-Instruct_NCT00461136_exc_5_shot.json' gespeichert.
File: NCT00461136_inc 

Das File: /work/eauten2s/ec_criteria_struct/transform_chia/input/half_clinical_trials/NCT00461136_inc.txt wurde erfolgreich geladen.
NCT00461136_inc Done 

Die Daten wurden erfolgreich in '/work/eauten2s/ec_criteria_struct/transform_chia/model_output/Llama-3-70B-Instruct_5_shot/Llama-3-70B-Instruct_NCT00461136_inc_5_shot.json' gespeichert.
File: NCT00480129_exc 

Das File: /work/eauten2s/ec_criteria_struct/transform_chia/input/half_clinical_trials/NCT00480129_exc.txt wurde erfolgreich geladen.
NCT00480129_exc Done 

Die Daten wurden erfolgreich in '/work/eauten2s/ec_criteria_struct/transform_chia/model_output/Llama-3-70B-Instruct_5_shot/Llama-3-70B-Instruct_NCT00480129_exc_5_shot.json' gespeichert.
File: NCT00480129_inc 

Das File: /work/eauten2s/ec_criteria_struct/transform_chia/input/half_clinical_trials/NCT00480129_inc.txt wurde erfolgreich geladen.
NCT00480129_inc Done 

Die Daten wurden erfolgreich in '/work/eauten2s/ec_criteria_struct/transform_chia/model_output/Llama-3-70B-Instruct_5_shot/Llama-3-70B-Instruct_NCT00480129_inc_5_shot.json' gespeichert.
File: NCT00483106_exc 

Das File: /work/eauten2s/ec_criteria_struct/transform_chia/input/half_clinical_trials/NCT00483106_exc.txt wurde erfolgreich geladen.
NCT00483106_exc Done 

Die Daten wurden erfolgreich in '/work/eauten2s/ec_criteria_struct/transform_chia/model_output/Llama-3-70B-Instruct_5_shot/Llama-3-70B-Instruct_NCT00483106_exc_5_shot.json' gespeichert.
File: NCT00483106_inc 

Das File: /work/eauten2s/ec_criteria_struct/transform_chia/input/half_clinical_trials/NCT00483106_inc.txt wurde erfolgreich geladen.
NCT00483106_inc Done 

Die Daten wurden erfolgreich in '/work/eauten2s/ec_criteria_struct/transform_chia/model_output/Llama-3-70B-Instruct_5_shot/Llama-3-70B-Instruct_NCT00483106_inc_5_shot.json' gespeichert.
File: NCT00500500_exc 

Das File: /work/eauten2s/ec_criteria_struct/transform_chia/input/half_clinical_trials/NCT00500500_exc.txt wurde erfolgreich geladen.
NCT00500500_exc Done 

Die Daten wurden erfolgreich in '/work/eauten2s/ec_criteria_struct/transform_chia/model_output/Llama-3-70B-Instruct_5_shot/Llama-3-70B-Instruct_NCT00500500_exc_5_shot.json' gespeichert.
File: NCT00500500_inc 

Das File: /work/eauten2s/ec_criteria_struct/transform_chia/input/half_clinical_trials/NCT00500500_inc.txt wurde erfolgreich geladen.
NCT00500500_inc Done 

Die Daten wurden erfolgreich in '/work/eauten2s/ec_criteria_struct/transform_chia/model_output/Llama-3-70B-Instruct_5_shot/Llama-3-70B-Instruct_NCT00500500_inc_5_shot.json' gespeichert.
File: NCT00502567_exc 

Das File: /work/eauten2s/ec_criteria_struct/transform_chia/input/half_clinical_trials/NCT00502567_exc.txt wurde erfolgreich geladen.
NCT00502567_exc Done 

Die Daten wurden erfolgreich in '/work/eauten2s/ec_criteria_struct/transform_chia/model_output/Llama-3-70B-Instruct_5_shot/Llama-3-70B-Instruct_NCT00502567_exc_5_shot.json' gespeichert.
File: NCT00502567_inc 

Das File: /work/eauten2s/ec_criteria_struct/transform_chia/input/half_clinical_trials/NCT00502567_inc.txt wurde erfolgreich geladen.
NCT00502567_inc Done 

Die Daten wurden erfolgreich in '/work/eauten2s/ec_criteria_struct/transform_chia/model_output/Llama-3-70B-Instruct_5_shot/Llama-3-70B-Instruct_NCT00502567_inc_5_shot.json' gespeichert.
File: NCT00527826_exc 

Das File: /work/eauten2s/ec_criteria_struct/transform_chia/input/half_clinical_trials/NCT00527826_exc.txt wurde erfolgreich geladen.
NCT00527826_exc Done 

Die Daten wurden erfolgreich in '/work/eauten2s/ec_criteria_struct/transform_chia/model_output/Llama-3-70B-Instruct_5_shot/Llama-3-70B-Instruct_NCT00527826_exc_5_shot.json' gespeichert.
File: NCT00527826_inc 

Das File: /work/eauten2s/ec_criteria_struct/transform_chia/input/half_clinical_trials/NCT00527826_inc.txt wurde erfolgreich geladen.
NCT00527826_inc Done 

Die Daten wurden erfolgreich in '/work/eauten2s/ec_criteria_struct/transform_chia/model_output/Llama-3-70B-Instruct_5_shot/Llama-3-70B-Instruct_NCT00527826_inc_5_shot.json' gespeichert.
File: NCT00543712_exc 

Das File: /work/eauten2s/ec_criteria_struct/transform_chia/input/half_clinical_trials/NCT00543712_exc.txt wurde erfolgreich geladen.
NCT00543712_exc Done 

Die Daten wurden erfolgreich in '/work/eauten2s/ec_criteria_struct/transform_chia/model_output/Llama-3-70B-Instruct_5_shot/Llama-3-70B-Instruct_NCT00543712_exc_5_shot.json' gespeichert.
File: NCT00543712_inc 

Das File: /work/eauten2s/ec_criteria_struct/transform_chia/input/half_clinical_trials/NCT00543712_inc.txt wurde erfolgreich geladen.
NCT00543712_inc Done 

Die Daten wurden erfolgreich in '/work/eauten2s/ec_criteria_struct/transform_chia/model_output/Llama-3-70B-Instruct_5_shot/Llama-3-70B-Instruct_NCT00543712_inc_5_shot.json' gespeichert.
File: NCT00576173_exc 

Das File: /work/eauten2s/ec_criteria_struct/transform_chia/input/half_clinical_trials/NCT00576173_exc.txt wurde erfolgreich geladen.
NCT00576173_exc Done 

Die Daten wurden erfolgreich in '/work/eauten2s/ec_criteria_struct/transform_chia/model_output/Llama-3-70B-Instruct_5_shot/Llama-3-70B-Instruct_NCT00576173_exc_5_shot.json' gespeichert.
File: NCT00576173_inc 

Das File: /work/eauten2s/ec_criteria_struct/transform_chia/input/half_clinical_trials/NCT00576173_inc.txt wurde erfolgreich geladen.
NCT00576173_inc Done 

Die Daten wurden erfolgreich in '/work/eauten2s/ec_criteria_struct/transform_chia/model_output/Llama-3-70B-Instruct_5_shot/Llama-3-70B-Instruct_NCT00576173_inc_5_shot.json' gespeichert.
File: NCT00586898_exc 

Das File: /work/eauten2s/ec_criteria_struct/transform_chia/input/half_clinical_trials/NCT00586898_exc.txt wurde erfolgreich geladen.
NCT00586898_exc Done 

Die Daten wurden erfolgreich in '/work/eauten2s/ec_criteria_struct/transform_chia/model_output/Llama-3-70B-Instruct_5_shot/Llama-3-70B-Instruct_NCT00586898_exc_5_shot.json' gespeichert.
File: NCT00586898_inc 

Das File: /work/eauten2s/ec_criteria_struct/transform_chia/input/half_clinical_trials/NCT00586898_inc.txt wurde erfolgreich geladen.
NCT00586898_inc Done 

Die Daten wurden erfolgreich in '/work/eauten2s/ec_criteria_struct/transform_chia/model_output/Llama-3-70B-Instruct_5_shot/Llama-3-70B-Instruct_NCT00586898_inc_5_shot.json' gespeichert.
File: NCT00599924_exc 

Das File: /work/eauten2s/ec_criteria_struct/transform_chia/input/half_clinical_trials/NCT00599924_exc.txt wurde erfolgreich geladen.
NCT00599924_exc Done 

Die Daten wurden erfolgreich in '/work/eauten2s/ec_criteria_struct/transform_chia/model_output/Llama-3-70B-Instruct_5_shot/Llama-3-70B-Instruct_NCT00599924_exc_5_shot.json' gespeichert.
File: NCT00599924_inc 

Das File: /work/eauten2s/ec_criteria_struct/transform_chia/input/half_clinical_trials/NCT00599924_inc.txt wurde erfolgreich geladen.
NCT00599924_inc Done 

Die Daten wurden erfolgreich in '/work/eauten2s/ec_criteria_struct/transform_chia/model_output/Llama-3-70B-Instruct_5_shot/Llama-3-70B-Instruct_NCT00599924_inc_5_shot.json' gespeichert.
File: NCT00609531_exc 

Das File: /work/eauten2s/ec_criteria_struct/transform_chia/input/half_clinical_trials/NCT00609531_exc.txt wurde erfolgreich geladen.
NCT00609531_exc Done 

Die Daten wurden erfolgreich in '/work/eauten2s/ec_criteria_struct/transform_chia/model_output/Llama-3-70B-Instruct_5_shot/Llama-3-70B-Instruct_NCT00609531_exc_5_shot.json' gespeichert.
File: NCT00609531_inc 

Das File: /work/eauten2s/ec_criteria_struct/transform_chia/input/half_clinical_trials/NCT00609531_inc.txt wurde erfolgreich geladen.
NCT00609531_inc Done 

Die Daten wurden erfolgreich in '/work/eauten2s/ec_criteria_struct/transform_chia/model_output/Llama-3-70B-Instruct_5_shot/Llama-3-70B-Instruct_NCT00609531_inc_5_shot.json' gespeichert.
File: NCT00625742_exc 

Das File: /work/eauten2s/ec_criteria_struct/transform_chia/input/half_clinical_trials/NCT00625742_exc.txt wurde erfolgreich geladen.
NCT00625742_exc Done 

Die Daten wurden erfolgreich in '/work/eauten2s/ec_criteria_struct/transform_chia/model_output/Llama-3-70B-Instruct_5_shot/Llama-3-70B-Instruct_NCT00625742_exc_5_shot.json' gespeichert.
File: NCT00625742_inc 

Das File: /work/eauten2s/ec_criteria_struct/transform_chia/input/half_clinical_trials/NCT00625742_inc.txt wurde erfolgreich geladen.
NCT00625742_inc Done 

Die Daten wurden erfolgreich in '/work/eauten2s/ec_criteria_struct/transform_chia/model_output/Llama-3-70B-Instruct_5_shot/Llama-3-70B-Instruct_NCT00625742_inc_5_shot.json' gespeichert.
File: NCT00639795_exc 

Das File: /work/eauten2s/ec_criteria_struct/transform_chia/input/half_clinical_trials/NCT00639795_exc.txt wurde erfolgreich geladen.
NCT00639795_exc Done 

Die Daten wurden erfolgreich in '/work/eauten2s/ec_criteria_struct/transform_chia/model_output/Llama-3-70B-Instruct_5_shot/Llama-3-70B-Instruct_NCT00639795_exc_5_shot.json' gespeichert.
File: NCT00639795_inc 

Das File: /work/eauten2s/ec_criteria_struct/transform_chia/input/half_clinical_trials/NCT00639795_inc.txt wurde erfolgreich geladen.
NCT00639795_inc Done 

Die Daten wurden erfolgreich in '/work/eauten2s/ec_criteria_struct/transform_chia/model_output/Llama-3-70B-Instruct_5_shot/Llama-3-70B-Instruct_NCT00639795_inc_5_shot.json' gespeichert.
File: NCT00650312_exc 

Das File: /work/eauten2s/ec_criteria_struct/transform_chia/input/half_clinical_trials/NCT00650312_exc.txt wurde erfolgreich geladen.
NCT00650312_exc Done 

Die Daten wurden erfolgreich in '/work/eauten2s/ec_criteria_struct/transform_chia/model_output/Llama-3-70B-Instruct_5_shot/Llama-3-70B-Instruct_NCT00650312_exc_5_shot.json' gespeichert.
File: NCT00650312_inc 

Das File: /work/eauten2s/ec_criteria_struct/transform_chia/input/half_clinical_trials/NCT00650312_inc.txt wurde erfolgreich geladen.
NCT00650312_inc Done 

Die Daten wurden erfolgreich in '/work/eauten2s/ec_criteria_struct/transform_chia/model_output/Llama-3-70B-Instruct_5_shot/Llama-3-70B-Instruct_NCT00650312_inc_5_shot.json' gespeichert.
File: NCT00676273_exc 

Das File: /work/eauten2s/ec_criteria_struct/transform_chia/input/half_clinical_trials/NCT00676273_exc.txt wurde erfolgreich geladen.
NCT00676273_exc Done 

Die Daten wurden erfolgreich in '/work/eauten2s/ec_criteria_struct/transform_chia/model_output/Llama-3-70B-Instruct_5_shot/Llama-3-70B-Instruct_NCT00676273_exc_5_shot.json' gespeichert.
File: NCT00676273_inc 

Das File: /work/eauten2s/ec_criteria_struct/transform_chia/input/half_clinical_trials/NCT00676273_inc.txt wurde erfolgreich geladen.
NCT00676273_inc Done 

Die Daten wurden erfolgreich in '/work/eauten2s/ec_criteria_struct/transform_chia/model_output/Llama-3-70B-Instruct_5_shot/Llama-3-70B-Instruct_NCT00676273_inc_5_shot.json' gespeichert.
File: NCT00679341_exc 

Das File: /work/eauten2s/ec_criteria_struct/transform_chia/input/half_clinical_trials/NCT00679341_exc.txt wurde erfolgreich geladen.
NCT00679341_exc Done 

Die Daten wurden erfolgreich in '/work/eauten2s/ec_criteria_struct/transform_chia/model_output/Llama-3-70B-Instruct_5_shot/Llama-3-70B-Instruct_NCT00679341_exc_5_shot.json' gespeichert.
File: NCT00679341_inc 

Das File: /work/eauten2s/ec_criteria_struct/transform_chia/input/half_clinical_trials/NCT00679341_inc.txt wurde erfolgreich geladen.
NCT00679341_inc Done 

Die Daten wurden erfolgreich in '/work/eauten2s/ec_criteria_struct/transform_chia/model_output/Llama-3-70B-Instruct_5_shot/Llama-3-70B-Instruct_NCT00679341_inc_5_shot.json' gespeichert.
File: NCT00718952_exc 

Das File: /work/eauten2s/ec_criteria_struct/transform_chia/input/half_clinical_trials/NCT00718952_exc.txt wurde erfolgreich geladen.
NCT00718952_exc Done 

Die Daten wurden erfolgreich in '/work/eauten2s/ec_criteria_struct/transform_chia/model_output/Llama-3-70B-Instruct_5_shot/Llama-3-70B-Instruct_NCT00718952_exc_5_shot.json' gespeichert.
File: NCT00718952_inc 

Das File: /work/eauten2s/ec_criteria_struct/transform_chia/input/half_clinical_trials/NCT00718952_inc.txt wurde erfolgreich geladen.
NCT00718952_inc Done 

Die Daten wurden erfolgreich in '/work/eauten2s/ec_criteria_struct/transform_chia/model_output/Llama-3-70B-Instruct_5_shot/Llama-3-70B-Instruct_NCT00718952_inc_5_shot.json' gespeichert.
File: NCT00720031_exc 

Das File: /work/eauten2s/ec_criteria_struct/transform_chia/input/half_clinical_trials/NCT00720031_exc.txt wurde erfolgreich geladen.
NCT00720031_exc Done 

Die Daten wurden erfolgreich in '/work/eauten2s/ec_criteria_struct/transform_chia/model_output/Llama-3-70B-Instruct_5_shot/Llama-3-70B-Instruct_NCT00720031_exc_5_shot.json' gespeichert.
File: NCT00720031_inc 

Das File: /work/eauten2s/ec_criteria_struct/transform_chia/input/half_clinical_trials/NCT00720031_inc.txt wurde erfolgreich geladen.
NCT00720031_inc Done 

Die Daten wurden erfolgreich in '/work/eauten2s/ec_criteria_struct/transform_chia/model_output/Llama-3-70B-Instruct_5_shot/Llama-3-70B-Instruct_NCT00720031_inc_5_shot.json' gespeichert.
File: NCT00728156_exc 

Das File: /work/eauten2s/ec_criteria_struct/transform_chia/input/half_clinical_trials/NCT00728156_exc.txt wurde erfolgreich geladen.
NCT00728156_exc Done 

Die Daten wurden erfolgreich in '/work/eauten2s/ec_criteria_struct/transform_chia/model_output/Llama-3-70B-Instruct_5_shot/Llama-3-70B-Instruct_NCT00728156_exc_5_shot.json' gespeichert.
File: NCT00728156_inc 

Das File: /work/eauten2s/ec_criteria_struct/transform_chia/input/half_clinical_trials/NCT00728156_inc.txt wurde erfolgreich geladen.
NCT00728156_inc Done 

Die Daten wurden erfolgreich in '/work/eauten2s/ec_criteria_struct/transform_chia/model_output/Llama-3-70B-Instruct_5_shot/Llama-3-70B-Instruct_NCT00728156_inc_5_shot.json' gespeichert.
File: NCT00730301_exc 

Das File: /work/eauten2s/ec_criteria_struct/transform_chia/input/half_clinical_trials/NCT00730301_exc.txt wurde erfolgreich geladen.
NCT00730301_exc Done 

Die Daten wurden erfolgreich in '/work/eauten2s/ec_criteria_struct/transform_chia/model_output/Llama-3-70B-Instruct_5_shot/Llama-3-70B-Instruct_NCT00730301_exc_5_shot.json' gespeichert.
File: NCT00730301_inc 

Das File: /work/eauten2s/ec_criteria_struct/transform_chia/input/half_clinical_trials/NCT00730301_inc.txt wurde erfolgreich geladen.
NCT00730301_inc Done 

Die Daten wurden erfolgreich in '/work/eauten2s/ec_criteria_struct/transform_chia/model_output/Llama-3-70B-Instruct_5_shot/Llama-3-70B-Instruct_NCT00730301_inc_5_shot.json' gespeichert.
File: NCT00749112_exc 

Das File: /work/eauten2s/ec_criteria_struct/transform_chia/input/half_clinical_trials/NCT00749112_exc.txt wurde erfolgreich geladen.
NCT00749112_exc Done 

Die Daten wurden erfolgreich in '/work/eauten2s/ec_criteria_struct/transform_chia/model_output/Llama-3-70B-Instruct_5_shot/Llama-3-70B-Instruct_NCT00749112_exc_5_shot.json' gespeichert.
File: NCT00749112_inc 

Das File: /work/eauten2s/ec_criteria_struct/transform_chia/input/half_clinical_trials/NCT00749112_inc.txt wurde erfolgreich geladen.
NCT00749112_inc Done 

Die Daten wurden erfolgreich in '/work/eauten2s/ec_criteria_struct/transform_chia/model_output/Llama-3-70B-Instruct_5_shot/Llama-3-70B-Instruct_NCT00749112_inc_5_shot.json' gespeichert.
File: NCT00752310_exc 

Das File: /work/eauten2s/ec_criteria_struct/transform_chia/input/half_clinical_trials/NCT00752310_exc.txt wurde erfolgreich geladen.
NCT00752310_exc Done 

Die Daten wurden erfolgreich in '/work/eauten2s/ec_criteria_struct/transform_chia/model_output/Llama-3-70B-Instruct_5_shot/Llama-3-70B-Instruct_NCT00752310_exc_5_shot.json' gespeichert.
File: NCT00752310_inc 

Das File: /work/eauten2s/ec_criteria_struct/transform_chia/input/half_clinical_trials/NCT00752310_inc.txt wurde erfolgreich geladen.
NCT00752310_inc Done 

Die Daten wurden erfolgreich in '/work/eauten2s/ec_criteria_struct/transform_chia/model_output/Llama-3-70B-Instruct_5_shot/Llama-3-70B-Instruct_NCT00752310_inc_5_shot.json' gespeichert.
File: NCT00785213_exc 

Das File: /work/eauten2s/ec_criteria_struct/transform_chia/input/half_clinical_trials/NCT00785213_exc.txt wurde erfolgreich geladen.
NCT00785213_exc Done 

Die Daten wurden erfolgreich in '/work/eauten2s/ec_criteria_struct/transform_chia/model_output/Llama-3-70B-Instruct_5_shot/Llama-3-70B-Instruct_NCT00785213_exc_5_shot.json' gespeichert.
File: NCT00785213_inc 

Das File: /work/eauten2s/ec_criteria_struct/transform_chia/input/half_clinical_trials/NCT00785213_inc.txt wurde erfolgreich geladen.
NCT00785213_inc Done 

Die Daten wurden erfolgreich in '/work/eauten2s/ec_criteria_struct/transform_chia/model_output/Llama-3-70B-Instruct_5_shot/Llama-3-70B-Instruct_NCT00785213_inc_5_shot.json' gespeichert.
File: NCT00787254_exc 

Das File: /work/eauten2s/ec_criteria_struct/transform_chia/input/half_clinical_trials/NCT00787254_exc.txt wurde erfolgreich geladen.
NCT00787254_exc Done 

Die Daten wurden erfolgreich in '/work/eauten2s/ec_criteria_struct/transform_chia/model_output/Llama-3-70B-Instruct_5_shot/Llama-3-70B-Instruct_NCT00787254_exc_5_shot.json' gespeichert.
File: NCT00787254_inc 

Das File: /work/eauten2s/ec_criteria_struct/transform_chia/input/half_clinical_trials/NCT00787254_inc.txt wurde erfolgreich geladen.
NCT00787254_inc Done 

Die Daten wurden erfolgreich in '/work/eauten2s/ec_criteria_struct/transform_chia/model_output/Llama-3-70B-Instruct_5_shot/Llama-3-70B-Instruct_NCT00787254_inc_5_shot.json' gespeichert.
File: NCT00806273_exc 

Das File: /work/eauten2s/ec_criteria_struct/transform_chia/input/half_clinical_trials/NCT00806273_exc.txt wurde erfolgreich geladen.
NCT00806273_exc Done 

Die Daten wurden erfolgreich in '/work/eauten2s/ec_criteria_struct/transform_chia/model_output/Llama-3-70B-Instruct_5_shot/Llama-3-70B-Instruct_NCT00806273_exc_5_shot.json' gespeichert.
File: NCT00806273_inc 

Das File: /work/eauten2s/ec_criteria_struct/transform_chia/input/half_clinical_trials/NCT00806273_inc.txt wurde erfolgreich geladen.
NCT00806273_inc Done 

Die Daten wurden erfolgreich in '/work/eauten2s/ec_criteria_struct/transform_chia/model_output/Llama-3-70B-Instruct_5_shot/Llama-3-70B-Instruct_NCT00806273_inc_5_shot.json' gespeichert.
File: NCT00806936_exc 

Das File: /work/eauten2s/ec_criteria_struct/transform_chia/input/half_clinical_trials/NCT00806936_exc.txt wurde erfolgreich geladen.
NCT00806936_exc Done 

Die Daten wurden erfolgreich in '/work/eauten2s/ec_criteria_struct/transform_chia/model_output/Llama-3-70B-Instruct_5_shot/Llama-3-70B-Instruct_NCT00806936_exc_5_shot.json' gespeichert.
File: NCT00806936_inc 

Das File: /work/eauten2s/ec_criteria_struct/transform_chia/input/half_clinical_trials/NCT00806936_inc.txt wurde erfolgreich geladen.
NCT00806936_inc Done 

Die Daten wurden erfolgreich in '/work/eauten2s/ec_criteria_struct/transform_chia/model_output/Llama-3-70B-Instruct_5_shot/Llama-3-70B-Instruct_NCT00806936_inc_5_shot.json' gespeichert.
File: NCT00812344_exc 

Das File: /work/eauten2s/ec_criteria_struct/transform_chia/input/half_clinical_trials/NCT00812344_exc.txt wurde erfolgreich geladen.
NCT00812344_exc Done 

Die Daten wurden erfolgreich in '/work/eauten2s/ec_criteria_struct/transform_chia/model_output/Llama-3-70B-Instruct_5_shot/Llama-3-70B-Instruct_NCT00812344_exc_5_shot.json' gespeichert.
File: NCT00812344_inc 

Das File: /work/eauten2s/ec_criteria_struct/transform_chia/input/half_clinical_trials/NCT00812344_inc.txt wurde erfolgreich geladen.
NCT00812344_inc Done 

Die Daten wurden erfolgreich in '/work/eauten2s/ec_criteria_struct/transform_chia/model_output/Llama-3-70B-Instruct_5_shot/Llama-3-70B-Instruct_NCT00812344_inc_5_shot.json' gespeichert.
File: NCT00846703_exc 

Das File: /work/eauten2s/ec_criteria_struct/transform_chia/input/half_clinical_trials/NCT00846703_exc.txt wurde erfolgreich geladen.
NCT00846703_exc Done 

Die Daten wurden erfolgreich in '/work/eauten2s/ec_criteria_struct/transform_chia/model_output/Llama-3-70B-Instruct_5_shot/Llama-3-70B-Instruct_NCT00846703_exc_5_shot.json' gespeichert.
File: NCT00846703_inc 

Das File: /work/eauten2s/ec_criteria_struct/transform_chia/input/half_clinical_trials/NCT00846703_inc.txt wurde erfolgreich geladen.
NCT00846703_inc Done 

Die Daten wurden erfolgreich in '/work/eauten2s/ec_criteria_struct/transform_chia/model_output/Llama-3-70B-Instruct_5_shot/Llama-3-70B-Instruct_NCT00846703_inc_5_shot.json' gespeichert.
File: NCT00862446_exc 

Das File: /work/eauten2s/ec_criteria_struct/transform_chia/input/half_clinical_trials/NCT00862446_exc.txt wurde erfolgreich geladen.
NCT00862446_exc Done 

Die Daten wurden erfolgreich in '/work/eauten2s/ec_criteria_struct/transform_chia/model_output/Llama-3-70B-Instruct_5_shot/Llama-3-70B-Instruct_NCT00862446_exc_5_shot.json' gespeichert.
File: NCT00862446_inc 

Das File: /work/eauten2s/ec_criteria_struct/transform_chia/input/half_clinical_trials/NCT00862446_inc.txt wurde erfolgreich geladen.
NCT00862446_inc Done 

Die Daten wurden erfolgreich in '/work/eauten2s/ec_criteria_struct/transform_chia/model_output/Llama-3-70B-Instruct_5_shot/Llama-3-70B-Instruct_NCT00862446_inc_5_shot.json' gespeichert.
File: NCT00867958_exc 

Das File: /work/eauten2s/ec_criteria_struct/transform_chia/input/half_clinical_trials/NCT00867958_exc.txt wurde erfolgreich geladen.
NCT00867958_exc Done 

Die Daten wurden erfolgreich in '/work/eauten2s/ec_criteria_struct/transform_chia/model_output/Llama-3-70B-Instruct_5_shot/Llama-3-70B-Instruct_NCT00867958_exc_5_shot.json' gespeichert.
File: NCT00867958_inc 

Das File: /work/eauten2s/ec_criteria_struct/transform_chia/input/half_clinical_trials/NCT00867958_inc.txt wurde erfolgreich geladen.
NCT00867958_inc Done 

Die Daten wurden erfolgreich in '/work/eauten2s/ec_criteria_struct/transform_chia/model_output/Llama-3-70B-Instruct_5_shot/Llama-3-70B-Instruct_NCT00867958_inc_5_shot.json' gespeichert.
File: NCT00886158_exc 

Das File: /work/eauten2s/ec_criteria_struct/transform_chia/input/half_clinical_trials/NCT00886158_exc.txt wurde erfolgreich geladen.
NCT00886158_exc Done 

Die Daten wurden erfolgreich in '/work/eauten2s/ec_criteria_struct/transform_chia/model_output/Llama-3-70B-Instruct_5_shot/Llama-3-70B-Instruct_NCT00886158_exc_5_shot.json' gespeichert.
File: NCT00886158_inc 

Das File: /work/eauten2s/ec_criteria_struct/transform_chia/input/half_clinical_trials/NCT00886158_inc.txt wurde erfolgreich geladen.
NCT00886158_inc Done 

Die Daten wurden erfolgreich in '/work/eauten2s/ec_criteria_struct/transform_chia/model_output/Llama-3-70B-Instruct_5_shot/Llama-3-70B-Instruct_NCT00886158_inc_5_shot.json' gespeichert.
File: NCT00894712_exc 

Das File: /work/eauten2s/ec_criteria_struct/transform_chia/input/half_clinical_trials/NCT00894712_exc.txt wurde erfolgreich geladen.
NCT00894712_exc Done 

Die Daten wurden erfolgreich in '/work/eauten2s/ec_criteria_struct/transform_chia/model_output/Llama-3-70B-Instruct_5_shot/Llama-3-70B-Instruct_NCT00894712_exc_5_shot.json' gespeichert.
File: NCT00894712_inc 

Das File: /work/eauten2s/ec_criteria_struct/transform_chia/input/half_clinical_trials/NCT00894712_inc.txt wurde erfolgreich geladen.
NCT00894712_inc Done 

Die Daten wurden erfolgreich in '/work/eauten2s/ec_criteria_struct/transform_chia/model_output/Llama-3-70B-Instruct_5_shot/Llama-3-70B-Instruct_NCT00894712_inc_5_shot.json' gespeichert.
File: NCT00904202_exc 

Das File: /work/eauten2s/ec_criteria_struct/transform_chia/input/half_clinical_trials/NCT00904202_exc.txt wurde erfolgreich geladen.
NCT00904202_exc Done 

Die Daten wurden erfolgreich in '/work/eauten2s/ec_criteria_struct/transform_chia/model_output/Llama-3-70B-Instruct_5_shot/Llama-3-70B-Instruct_NCT00904202_exc_5_shot.json' gespeichert.
File: NCT00904202_inc 

Das File: /work/eauten2s/ec_criteria_struct/transform_chia/input/half_clinical_trials/NCT00904202_inc.txt wurde erfolgreich geladen.
NCT00904202_inc Done 

Die Daten wurden erfolgreich in '/work/eauten2s/ec_criteria_struct/transform_chia/model_output/Llama-3-70B-Instruct_5_shot/Llama-3-70B-Instruct_NCT00904202_inc_5_shot.json' gespeichert.
File: NCT00917891_exc 

Das File: /work/eauten2s/ec_criteria_struct/transform_chia/input/half_clinical_trials/NCT00917891_exc.txt wurde erfolgreich geladen.
NCT00917891_exc Done 

Die Daten wurden erfolgreich in '/work/eauten2s/ec_criteria_struct/transform_chia/model_output/Llama-3-70B-Instruct_5_shot/Llama-3-70B-Instruct_NCT00917891_exc_5_shot.json' gespeichert.
File: NCT00917891_inc 

Das File: /work/eauten2s/ec_criteria_struct/transform_chia/input/half_clinical_trials/NCT00917891_inc.txt wurde erfolgreich geladen.
NCT00917891_inc Done 

Die Daten wurden erfolgreich in '/work/eauten2s/ec_criteria_struct/transform_chia/model_output/Llama-3-70B-Instruct_5_shot/Llama-3-70B-Instruct_NCT00917891_inc_5_shot.json' gespeichert.
File: NCT00926523_exc 

Das File: /work/eauten2s/ec_criteria_struct/transform_chia/input/half_clinical_trials/NCT00926523_exc.txt wurde erfolgreich geladen.
NCT00926523_exc Done 

Die Daten wurden erfolgreich in '/work/eauten2s/ec_criteria_struct/transform_chia/model_output/Llama-3-70B-Instruct_5_shot/Llama-3-70B-Instruct_NCT00926523_exc_5_shot.json' gespeichert.
File: NCT00926523_inc 

Das File: /work/eauten2s/ec_criteria_struct/transform_chia/input/half_clinical_trials/NCT00926523_inc.txt wurde erfolgreich geladen.
NCT00926523_inc Done 

Die Daten wurden erfolgreich in '/work/eauten2s/ec_criteria_struct/transform_chia/model_output/Llama-3-70B-Instruct_5_shot/Llama-3-70B-Instruct_NCT00926523_inc_5_shot.json' gespeichert.
File: NCT00931983_exc 

Das File: /work/eauten2s/ec_criteria_struct/transform_chia/input/half_clinical_trials/NCT00931983_exc.txt wurde erfolgreich geladen.
NCT00931983_exc Done 

Die Daten wurden erfolgreich in '/work/eauten2s/ec_criteria_struct/transform_chia/model_output/Llama-3-70B-Instruct_5_shot/Llama-3-70B-Instruct_NCT00931983_exc_5_shot.json' gespeichert.
File: NCT00931983_inc 

Das File: /work/eauten2s/ec_criteria_struct/transform_chia/input/half_clinical_trials/NCT00931983_inc.txt wurde erfolgreich geladen.
NCT00931983_inc Done 

Die Daten wurden erfolgreich in '/work/eauten2s/ec_criteria_struct/transform_chia/model_output/Llama-3-70B-Instruct_5_shot/Llama-3-70B-Instruct_NCT00931983_inc_5_shot.json' gespeichert.
File: NCT00943865_exc 

Das File: /work/eauten2s/ec_criteria_struct/transform_chia/input/half_clinical_trials/NCT00943865_exc.txt wurde erfolgreich geladen.
NCT00943865_exc Done 

Die Daten wurden erfolgreich in '/work/eauten2s/ec_criteria_struct/transform_chia/model_output/Llama-3-70B-Instruct_5_shot/Llama-3-70B-Instruct_NCT00943865_exc_5_shot.json' gespeichert.
File: NCT00943865_inc 

Das File: /work/eauten2s/ec_criteria_struct/transform_chia/input/half_clinical_trials/NCT00943865_inc.txt wurde erfolgreich geladen.
NCT00943865_inc Done 

Die Daten wurden erfolgreich in '/work/eauten2s/ec_criteria_struct/transform_chia/model_output/Llama-3-70B-Instruct_5_shot/Llama-3-70B-Instruct_NCT00943865_inc_5_shot.json' gespeichert.
File: NCT00954850_exc 

Das File: /work/eauten2s/ec_criteria_struct/transform_chia/input/half_clinical_trials/NCT00954850_exc.txt wurde erfolgreich geladen.
NCT00954850_exc Done 

Die Daten wurden erfolgreich in '/work/eauten2s/ec_criteria_struct/transform_chia/model_output/Llama-3-70B-Instruct_5_shot/Llama-3-70B-Instruct_NCT00954850_exc_5_shot.json' gespeichert.
File: NCT00954850_inc 

Das File: /work/eauten2s/ec_criteria_struct/transform_chia/input/half_clinical_trials/NCT00954850_inc.txt wurde erfolgreich geladen.
NCT00954850_inc Done 

Die Daten wurden erfolgreich in '/work/eauten2s/ec_criteria_struct/transform_chia/model_output/Llama-3-70B-Instruct_5_shot/Llama-3-70B-Instruct_NCT00954850_inc_5_shot.json' gespeichert.
File: NCT00959569_exc 

Das File: /work/eauten2s/ec_criteria_struct/transform_chia/input/half_clinical_trials/NCT00959569_exc.txt wurde erfolgreich geladen.
NCT00959569_exc Done 

Die Daten wurden erfolgreich in '/work/eauten2s/ec_criteria_struct/transform_chia/model_output/Llama-3-70B-Instruct_5_shot/Llama-3-70B-Instruct_NCT00959569_exc_5_shot.json' gespeichert.
File: NCT00959569_inc 

Das File: /work/eauten2s/ec_criteria_struct/transform_chia/input/half_clinical_trials/NCT00959569_inc.txt wurde erfolgreich geladen.
NCT00959569_inc Done 

Die Daten wurden erfolgreich in '/work/eauten2s/ec_criteria_struct/transform_chia/model_output/Llama-3-70B-Instruct_5_shot/Llama-3-70B-Instruct_NCT00959569_inc_5_shot.json' gespeichert.
File: NCT00962364_exc 

Das File: /work/eauten2s/ec_criteria_struct/transform_chia/input/half_clinical_trials/NCT00962364_exc.txt wurde erfolgreich geladen.
NCT00962364_exc Done 

Die Daten wurden erfolgreich in '/work/eauten2s/ec_criteria_struct/transform_chia/model_output/Llama-3-70B-Instruct_5_shot/Llama-3-70B-Instruct_NCT00962364_exc_5_shot.json' gespeichert.
File: NCT00962364_inc 

Das File: /work/eauten2s/ec_criteria_struct/transform_chia/input/half_clinical_trials/NCT00962364_inc.txt wurde erfolgreich geladen.
NCT00962364_inc Done 

Die Daten wurden erfolgreich in '/work/eauten2s/ec_criteria_struct/transform_chia/model_output/Llama-3-70B-Instruct_5_shot/Llama-3-70B-Instruct_NCT00962364_inc_5_shot.json' gespeichert.
File: NCT00965900_exc 

Das File: /work/eauten2s/ec_criteria_struct/transform_chia/input/half_clinical_trials/NCT00965900_exc.txt wurde erfolgreich geladen.
NCT00965900_exc Done 

Die Daten wurden erfolgreich in '/work/eauten2s/ec_criteria_struct/transform_chia/model_output/Llama-3-70B-Instruct_5_shot/Llama-3-70B-Instruct_NCT00965900_exc_5_shot.json' gespeichert.
File: NCT00965900_inc 

Das File: /work/eauten2s/ec_criteria_struct/transform_chia/input/half_clinical_trials/NCT00965900_inc.txt wurde erfolgreich geladen.
NCT00965900_inc Done 

Die Daten wurden erfolgreich in '/work/eauten2s/ec_criteria_struct/transform_chia/model_output/Llama-3-70B-Instruct_5_shot/Llama-3-70B-Instruct_NCT00965900_inc_5_shot.json' gespeichert.
File: NCT00970866_exc 

Das File: /work/eauten2s/ec_criteria_struct/transform_chia/input/half_clinical_trials/NCT00970866_exc.txt wurde erfolgreich geladen.
NCT00970866_exc Done 

Die Daten wurden erfolgreich in '/work/eauten2s/ec_criteria_struct/transform_chia/model_output/Llama-3-70B-Instruct_5_shot/Llama-3-70B-Instruct_NCT00970866_exc_5_shot.json' gespeichert.
File: NCT00970866_inc 

Das File: /work/eauten2s/ec_criteria_struct/transform_chia/input/half_clinical_trials/NCT00970866_inc.txt wurde erfolgreich geladen.
NCT00970866_inc Done 

Die Daten wurden erfolgreich in '/work/eauten2s/ec_criteria_struct/transform_chia/model_output/Llama-3-70B-Instruct_5_shot/Llama-3-70B-Instruct_NCT00970866_inc_5_shot.json' gespeichert.
File: NCT00989261_exc 

Das File: /work/eauten2s/ec_criteria_struct/transform_chia/input/half_clinical_trials/NCT00989261_exc.txt wurde erfolgreich geladen.
NCT00989261_exc Done 

Die Daten wurden erfolgreich in '/work/eauten2s/ec_criteria_struct/transform_chia/model_output/Llama-3-70B-Instruct_5_shot/Llama-3-70B-Instruct_NCT00989261_exc_5_shot.json' gespeichert.
File: NCT00989261_inc 

Das File: /work/eauten2s/ec_criteria_struct/transform_chia/input/half_clinical_trials/NCT00989261_inc.txt wurde erfolgreich geladen.
NCT00989261_inc Done 

Die Daten wurden erfolgreich in '/work/eauten2s/ec_criteria_struct/transform_chia/model_output/Llama-3-70B-Instruct_5_shot/Llama-3-70B-Instruct_NCT00989261_inc_5_shot.json' gespeichert.
File: NCT00994786_exc 

Das File: /work/eauten2s/ec_criteria_struct/transform_chia/input/half_clinical_trials/NCT00994786_exc.txt wurde erfolgreich geladen.
NCT00994786_exc Done 

Die Daten wurden erfolgreich in '/work/eauten2s/ec_criteria_struct/transform_chia/model_output/Llama-3-70B-Instruct_5_shot/Llama-3-70B-Instruct_NCT00994786_exc_5_shot.json' gespeichert.
File: NCT00994786_inc 

Das File: /work/eauten2s/ec_criteria_struct/transform_chia/input/half_clinical_trials/NCT00994786_inc.txt wurde erfolgreich geladen.
NCT00994786_inc Done 

Die Daten wurden erfolgreich in '/work/eauten2s/ec_criteria_struct/transform_chia/model_output/Llama-3-70B-Instruct_5_shot/Llama-3-70B-Instruct_NCT00994786_inc_5_shot.json' gespeichert.
File: NCT01000155_exc 

Das File: /work/eauten2s/ec_criteria_struct/transform_chia/input/half_clinical_trials/NCT01000155_exc.txt wurde erfolgreich geladen.
NCT01000155_exc Done 

Die Daten wurden erfolgreich in '/work/eauten2s/ec_criteria_struct/transform_chia/model_output/Llama-3-70B-Instruct_5_shot/Llama-3-70B-Instruct_NCT01000155_exc_5_shot.json' gespeichert.
File: NCT01000155_inc 

Das File: /work/eauten2s/ec_criteria_struct/transform_chia/input/half_clinical_trials/NCT01000155_inc.txt wurde erfolgreich geladen.
NCT01000155_inc Done 

Die Daten wurden erfolgreich in '/work/eauten2s/ec_criteria_struct/transform_chia/model_output/Llama-3-70B-Instruct_5_shot/Llama-3-70B-Instruct_NCT01000155_inc_5_shot.json' gespeichert.
File: NCT01009359_exc 

Das File: /work/eauten2s/ec_criteria_struct/transform_chia/input/half_clinical_trials/NCT01009359_exc.txt wurde erfolgreich geladen.
NCT01009359_exc Done 

Die Daten wurden erfolgreich in '/work/eauten2s/ec_criteria_struct/transform_chia/model_output/Llama-3-70B-Instruct_5_shot/Llama-3-70B-Instruct_NCT01009359_exc_5_shot.json' gespeichert.
File: NCT01009359_inc 

Das File: /work/eauten2s/ec_criteria_struct/transform_chia/input/half_clinical_trials/NCT01009359_inc.txt wurde erfolgreich geladen.
NCT01009359_inc Done 

Die Daten wurden erfolgreich in '/work/eauten2s/ec_criteria_struct/transform_chia/model_output/Llama-3-70B-Instruct_5_shot/Llama-3-70B-Instruct_NCT01009359_inc_5_shot.json' gespeichert.
File: NCT01032109_exc 

Das File: /work/eauten2s/ec_criteria_struct/transform_chia/input/half_clinical_trials/NCT01032109_exc.txt wurde erfolgreich geladen.
NCT01032109_exc Done 

Die Daten wurden erfolgreich in '/work/eauten2s/ec_criteria_struct/transform_chia/model_output/Llama-3-70B-Instruct_5_shot/Llama-3-70B-Instruct_NCT01032109_exc_5_shot.json' gespeichert.
File: NCT01032109_inc 

Das File: /work/eauten2s/ec_criteria_struct/transform_chia/input/half_clinical_trials/NCT01032109_inc.txt wurde erfolgreich geladen.
NCT01032109_inc Done 

Die Daten wurden erfolgreich in '/work/eauten2s/ec_criteria_struct/transform_chia/model_output/Llama-3-70B-Instruct_5_shot/Llama-3-70B-Instruct_NCT01032109_inc_5_shot.json' gespeichert.
File: NCT01051414_exc 

Das File: /work/eauten2s/ec_criteria_struct/transform_chia/input/half_clinical_trials/NCT01051414_exc.txt wurde erfolgreich geladen.
NCT01051414_exc Done 

Die Daten wurden erfolgreich in '/work/eauten2s/ec_criteria_struct/transform_chia/model_output/Llama-3-70B-Instruct_5_shot/Llama-3-70B-Instruct_NCT01051414_exc_5_shot.json' gespeichert.
File: NCT01051414_inc 

Das File: /work/eauten2s/ec_criteria_struct/transform_chia/input/half_clinical_trials/NCT01051414_inc.txt wurde erfolgreich geladen.
NCT01051414_inc Done 

Die Daten wurden erfolgreich in '/work/eauten2s/ec_criteria_struct/transform_chia/model_output/Llama-3-70B-Instruct_5_shot/Llama-3-70B-Instruct_NCT01051414_inc_5_shot.json' gespeichert.
File: NCT01064752_exc 

Das File: /work/eauten2s/ec_criteria_struct/transform_chia/input/half_clinical_trials/NCT01064752_exc.txt wurde erfolgreich geladen.
NCT01064752_exc Done 

Die Daten wurden erfolgreich in '/work/eauten2s/ec_criteria_struct/transform_chia/model_output/Llama-3-70B-Instruct_5_shot/Llama-3-70B-Instruct_NCT01064752_exc_5_shot.json' gespeichert.
File: NCT01064752_inc 

Das File: /work/eauten2s/ec_criteria_struct/transform_chia/input/half_clinical_trials/NCT01064752_inc.txt wurde erfolgreich geladen.
NCT01064752_inc Done 

Die Daten wurden erfolgreich in '/work/eauten2s/ec_criteria_struct/transform_chia/model_output/Llama-3-70B-Instruct_5_shot/Llama-3-70B-Instruct_NCT01064752_inc_5_shot.json' gespeichert.
File: NCT01078051_exc 

Das File: /work/eauten2s/ec_criteria_struct/transform_chia/input/half_clinical_trials/NCT01078051_exc.txt wurde erfolgreich geladen.
NCT01078051_exc Done 

Die Daten wurden erfolgreich in '/work/eauten2s/ec_criteria_struct/transform_chia/model_output/Llama-3-70B-Instruct_5_shot/Llama-3-70B-Instruct_NCT01078051_exc_5_shot.json' gespeichert.
File: NCT01078051_inc 

Das File: /work/eauten2s/ec_criteria_struct/transform_chia/input/half_clinical_trials/NCT01078051_inc.txt wurde erfolgreich geladen.
NCT01078051_inc Done 

Die Daten wurden erfolgreich in '/work/eauten2s/ec_criteria_struct/transform_chia/model_output/Llama-3-70B-Instruct_5_shot/Llama-3-70B-Instruct_NCT01078051_inc_5_shot.json' gespeichert.
File: NCT01082549_exc 

Das File: /work/eauten2s/ec_criteria_struct/transform_chia/input/half_clinical_trials/NCT01082549_exc.txt wurde erfolgreich geladen.
NCT01082549_exc Done 

Die Daten wurden erfolgreich in '/work/eauten2s/ec_criteria_struct/transform_chia/model_output/Llama-3-70B-Instruct_5_shot/Llama-3-70B-Instruct_NCT01082549_exc_5_shot.json' gespeichert.
File: NCT01082549_inc 

Das File: /work/eauten2s/ec_criteria_struct/transform_chia/input/half_clinical_trials/NCT01082549_inc.txt wurde erfolgreich geladen.
NCT01082549_inc Done 

Die Daten wurden erfolgreich in '/work/eauten2s/ec_criteria_struct/transform_chia/model_output/Llama-3-70B-Instruct_5_shot/Llama-3-70B-Instruct_NCT01082549_inc_5_shot.json' gespeichert.
File: NCT01084993_exc 

Das File: /work/eauten2s/ec_criteria_struct/transform_chia/input/half_clinical_trials/NCT01084993_exc.txt wurde erfolgreich geladen.
NCT01084993_exc Done 

Die Daten wurden erfolgreich in '/work/eauten2s/ec_criteria_struct/transform_chia/model_output/Llama-3-70B-Instruct_5_shot/Llama-3-70B-Instruct_NCT01084993_exc_5_shot.json' gespeichert.
File: NCT01084993_inc 

Das File: /work/eauten2s/ec_criteria_struct/transform_chia/input/half_clinical_trials/NCT01084993_inc.txt wurde erfolgreich geladen.
NCT01084993_inc Done 

Die Daten wurden erfolgreich in '/work/eauten2s/ec_criteria_struct/transform_chia/model_output/Llama-3-70B-Instruct_5_shot/Llama-3-70B-Instruct_NCT01084993_inc_5_shot.json' gespeichert.
File: NCT01088750_exc 

Das File: /work/eauten2s/ec_criteria_struct/transform_chia/input/half_clinical_trials/NCT01088750_exc.txt wurde erfolgreich geladen.
NCT01088750_exc Done 

Die Daten wurden erfolgreich in '/work/eauten2s/ec_criteria_struct/transform_chia/model_output/Llama-3-70B-Instruct_5_shot/Llama-3-70B-Instruct_NCT01088750_exc_5_shot.json' gespeichert.
File: NCT01088750_inc 

Das File: /work/eauten2s/ec_criteria_struct/transform_chia/input/half_clinical_trials/NCT01088750_inc.txt wurde erfolgreich geladen.
NCT01088750_inc Done 

Die Daten wurden erfolgreich in '/work/eauten2s/ec_criteria_struct/transform_chia/model_output/Llama-3-70B-Instruct_5_shot/Llama-3-70B-Instruct_NCT01088750_inc_5_shot.json' gespeichert.
File: NCT01098383_exc 

Das File: /work/eauten2s/ec_criteria_struct/transform_chia/input/half_clinical_trials/NCT01098383_exc.txt wurde erfolgreich geladen.
NCT01098383_exc Done 

Die Daten wurden erfolgreich in '/work/eauten2s/ec_criteria_struct/transform_chia/model_output/Llama-3-70B-Instruct_5_shot/Llama-3-70B-Instruct_NCT01098383_exc_5_shot.json' gespeichert.
File: NCT01098383_inc 

Das File: /work/eauten2s/ec_criteria_struct/transform_chia/input/half_clinical_trials/NCT01098383_inc.txt wurde erfolgreich geladen.
NCT01098383_inc Done 

Die Daten wurden erfolgreich in '/work/eauten2s/ec_criteria_struct/transform_chia/model_output/Llama-3-70B-Instruct_5_shot/Llama-3-70B-Instruct_NCT01098383_inc_5_shot.json' gespeichert.
File: NCT01116882_exc 

Das File: /work/eauten2s/ec_criteria_struct/transform_chia/input/half_clinical_trials/NCT01116882_exc.txt wurde erfolgreich geladen.
NCT01116882_exc Done 

Die Daten wurden erfolgreich in '/work/eauten2s/ec_criteria_struct/transform_chia/model_output/Llama-3-70B-Instruct_5_shot/Llama-3-70B-Instruct_NCT01116882_exc_5_shot.json' gespeichert.
File: NCT01116882_inc 

Das File: /work/eauten2s/ec_criteria_struct/transform_chia/input/half_clinical_trials/NCT01116882_inc.txt wurde erfolgreich geladen.
NCT01116882_inc Done 

Die Daten wurden erfolgreich in '/work/eauten2s/ec_criteria_struct/transform_chia/model_output/Llama-3-70B-Instruct_5_shot/Llama-3-70B-Instruct_NCT01116882_inc_5_shot.json' gespeichert.
File: NCT01116973_exc 

Das File: /work/eauten2s/ec_criteria_struct/transform_chia/input/half_clinical_trials/NCT01116973_exc.txt wurde erfolgreich geladen.
NCT01116973_exc Done 

Die Daten wurden erfolgreich in '/work/eauten2s/ec_criteria_struct/transform_chia/model_output/Llama-3-70B-Instruct_5_shot/Llama-3-70B-Instruct_NCT01116973_exc_5_shot.json' gespeichert.
File: NCT01116973_inc 

Das File: /work/eauten2s/ec_criteria_struct/transform_chia/input/half_clinical_trials/NCT01116973_inc.txt wurde erfolgreich geladen.
NCT01116973_inc Done 

Die Daten wurden erfolgreich in '/work/eauten2s/ec_criteria_struct/transform_chia/model_output/Llama-3-70B-Instruct_5_shot/Llama-3-70B-Instruct_NCT01116973_inc_5_shot.json' gespeichert.
File: NCT01117181_exc 

Das File: /work/eauten2s/ec_criteria_struct/transform_chia/input/half_clinical_trials/NCT01117181_exc.txt wurde erfolgreich geladen.
NCT01117181_exc Done 

Die Daten wurden erfolgreich in '/work/eauten2s/ec_criteria_struct/transform_chia/model_output/Llama-3-70B-Instruct_5_shot/Llama-3-70B-Instruct_NCT01117181_exc_5_shot.json' gespeichert.
File: NCT01117181_inc 

Das File: /work/eauten2s/ec_criteria_struct/transform_chia/input/half_clinical_trials/NCT01117181_inc.txt wurde erfolgreich geladen.
NCT01117181_inc Done 

Die Daten wurden erfolgreich in '/work/eauten2s/ec_criteria_struct/transform_chia/model_output/Llama-3-70B-Instruct_5_shot/Llama-3-70B-Instruct_NCT01117181_inc_5_shot.json' gespeichert.
File: NCT01118871_exc 

Das File: /work/eauten2s/ec_criteria_struct/transform_chia/input/half_clinical_trials/NCT01118871_exc.txt wurde erfolgreich geladen.
NCT01118871_exc Done 

Die Daten wurden erfolgreich in '/work/eauten2s/ec_criteria_struct/transform_chia/model_output/Llama-3-70B-Instruct_5_shot/Llama-3-70B-Instruct_NCT01118871_exc_5_shot.json' gespeichert.
File: NCT01118871_inc 

Das File: /work/eauten2s/ec_criteria_struct/transform_chia/input/half_clinical_trials/NCT01118871_inc.txt wurde erfolgreich geladen.
NCT01118871_inc Done 

Die Daten wurden erfolgreich in '/work/eauten2s/ec_criteria_struct/transform_chia/model_output/Llama-3-70B-Instruct_5_shot/Llama-3-70B-Instruct_NCT01118871_inc_5_shot.json' gespeichert.
File: NCT01175044_exc 

Das File: /work/eauten2s/ec_criteria_struct/transform_chia/input/half_clinical_trials/NCT01175044_exc.txt wurde erfolgreich geladen.
NCT01175044_exc Done 

Die Daten wurden erfolgreich in '/work/eauten2s/ec_criteria_struct/transform_chia/model_output/Llama-3-70B-Instruct_5_shot/Llama-3-70B-Instruct_NCT01175044_exc_5_shot.json' gespeichert.
File: NCT01175044_inc 

Das File: /work/eauten2s/ec_criteria_struct/transform_chia/input/half_clinical_trials/NCT01175044_inc.txt wurde erfolgreich geladen.
NCT01175044_inc Done 

Die Daten wurden erfolgreich in '/work/eauten2s/ec_criteria_struct/transform_chia/model_output/Llama-3-70B-Instruct_5_shot/Llama-3-70B-Instruct_NCT01175044_inc_5_shot.json' gespeichert.
File: NCT01177891_exc 

Das File: /work/eauten2s/ec_criteria_struct/transform_chia/input/half_clinical_trials/NCT01177891_exc.txt wurde erfolgreich geladen.
NCT01177891_exc Done 

Die Daten wurden erfolgreich in '/work/eauten2s/ec_criteria_struct/transform_chia/model_output/Llama-3-70B-Instruct_5_shot/Llama-3-70B-Instruct_NCT01177891_exc_5_shot.json' gespeichert.
File: NCT01177891_inc 

Das File: /work/eauten2s/ec_criteria_struct/transform_chia/input/half_clinical_trials/NCT01177891_inc.txt wurde erfolgreich geladen.
NCT01177891_inc Done 

Die Daten wurden erfolgreich in '/work/eauten2s/ec_criteria_struct/transform_chia/model_output/Llama-3-70B-Instruct_5_shot/Llama-3-70B-Instruct_NCT01177891_inc_5_shot.json' gespeichert.
File: NCT01184638_exc 

Das File: /work/eauten2s/ec_criteria_struct/transform_chia/input/half_clinical_trials/NCT01184638_exc.txt wurde erfolgreich geladen.
NCT01184638_exc Done 

Die Daten wurden erfolgreich in '/work/eauten2s/ec_criteria_struct/transform_chia/model_output/Llama-3-70B-Instruct_5_shot/Llama-3-70B-Instruct_NCT01184638_exc_5_shot.json' gespeichert.
File: NCT01184638_inc 

Das File: /work/eauten2s/ec_criteria_struct/transform_chia/input/half_clinical_trials/NCT01184638_inc.txt wurde erfolgreich geladen.
NCT01184638_inc Done 

Die Daten wurden erfolgreich in '/work/eauten2s/ec_criteria_struct/transform_chia/model_output/Llama-3-70B-Instruct_5_shot/Llama-3-70B-Instruct_NCT01184638_inc_5_shot.json' gespeichert.
File: NCT01205334_exc 

Das File: /work/eauten2s/ec_criteria_struct/transform_chia/input/half_clinical_trials/NCT01205334_exc.txt wurde erfolgreich geladen.
NCT01205334_exc Done 

Die Daten wurden erfolgreich in '/work/eauten2s/ec_criteria_struct/transform_chia/model_output/Llama-3-70B-Instruct_5_shot/Llama-3-70B-Instruct_NCT01205334_exc_5_shot.json' gespeichert.
File: NCT01205334_inc 

Das File: /work/eauten2s/ec_criteria_struct/transform_chia/input/half_clinical_trials/NCT01205334_inc.txt wurde erfolgreich geladen.
NCT01205334_inc Done 

Die Daten wurden erfolgreich in '/work/eauten2s/ec_criteria_struct/transform_chia/model_output/Llama-3-70B-Instruct_5_shot/Llama-3-70B-Instruct_NCT01205334_inc_5_shot.json' gespeichert.
File: NCT01214096_exc 

Das File: /work/eauten2s/ec_criteria_struct/transform_chia/input/half_clinical_trials/NCT01214096_exc.txt wurde erfolgreich geladen.
NCT01214096_exc Done 

Die Daten wurden erfolgreich in '/work/eauten2s/ec_criteria_struct/transform_chia/model_output/Llama-3-70B-Instruct_5_shot/Llama-3-70B-Instruct_NCT01214096_exc_5_shot.json' gespeichert.
File: NCT01214096_inc 

Das File: /work/eauten2s/ec_criteria_struct/transform_chia/input/half_clinical_trials/NCT01214096_inc.txt wurde erfolgreich geladen.
NCT01214096_inc Done 

Die Daten wurden erfolgreich in '/work/eauten2s/ec_criteria_struct/transform_chia/model_output/Llama-3-70B-Instruct_5_shot/Llama-3-70B-Instruct_NCT01214096_inc_5_shot.json' gespeichert.
File: NCT01217671_exc 

Das File: /work/eauten2s/ec_criteria_struct/transform_chia/input/half_clinical_trials/NCT01217671_exc.txt wurde erfolgreich geladen.
NCT01217671_exc Done 

Die Daten wurden erfolgreich in '/work/eauten2s/ec_criteria_struct/transform_chia/model_output/Llama-3-70B-Instruct_5_shot/Llama-3-70B-Instruct_NCT01217671_exc_5_shot.json' gespeichert.
File: NCT01217671_inc 

Das File: /work/eauten2s/ec_criteria_struct/transform_chia/input/half_clinical_trials/NCT01217671_inc.txt wurde erfolgreich geladen.
NCT01217671_inc Done 

Die Daten wurden erfolgreich in '/work/eauten2s/ec_criteria_struct/transform_chia/model_output/Llama-3-70B-Instruct_5_shot/Llama-3-70B-Instruct_NCT01217671_inc_5_shot.json' gespeichert.
File: NCT01218737_exc 

Das File: /work/eauten2s/ec_criteria_struct/transform_chia/input/half_clinical_trials/NCT01218737_exc.txt wurde erfolgreich geladen.
NCT01218737_exc Done 

Die Daten wurden erfolgreich in '/work/eauten2s/ec_criteria_struct/transform_chia/model_output/Llama-3-70B-Instruct_5_shot/Llama-3-70B-Instruct_NCT01218737_exc_5_shot.json' gespeichert.
File: NCT01218737_inc 

Das File: /work/eauten2s/ec_criteria_struct/transform_chia/input/half_clinical_trials/NCT01218737_inc.txt wurde erfolgreich geladen.
NCT01218737_inc Done 

Die Daten wurden erfolgreich in '/work/eauten2s/ec_criteria_struct/transform_chia/model_output/Llama-3-70B-Instruct_5_shot/Llama-3-70B-Instruct_NCT01218737_inc_5_shot.json' gespeichert.
File: NCT01228279_exc 

Das File: /work/eauten2s/ec_criteria_struct/transform_chia/input/half_clinical_trials/NCT01228279_exc.txt wurde erfolgreich geladen.
NCT01228279_exc Done 

Die Daten wurden erfolgreich in '/work/eauten2s/ec_criteria_struct/transform_chia/model_output/Llama-3-70B-Instruct_5_shot/Llama-3-70B-Instruct_NCT01228279_exc_5_shot.json' gespeichert.
File: NCT01228279_inc 

Das File: /work/eauten2s/ec_criteria_struct/transform_chia/input/half_clinical_trials/NCT01228279_inc.txt wurde erfolgreich geladen.
NCT01228279_inc Done 

Die Daten wurden erfolgreich in '/work/eauten2s/ec_criteria_struct/transform_chia/model_output/Llama-3-70B-Instruct_5_shot/Llama-3-70B-Instruct_NCT01228279_inc_5_shot.json' gespeichert.
File: NCT01236417_exc 

Das File: /work/eauten2s/ec_criteria_struct/transform_chia/input/half_clinical_trials/NCT01236417_exc.txt wurde erfolgreich geladen.
NCT01236417_exc Done 

Die Daten wurden erfolgreich in '/work/eauten2s/ec_criteria_struct/transform_chia/model_output/Llama-3-70B-Instruct_5_shot/Llama-3-70B-Instruct_NCT01236417_exc_5_shot.json' gespeichert.
File: NCT01236417_inc 

Das File: /work/eauten2s/ec_criteria_struct/transform_chia/input/half_clinical_trials/NCT01236417_inc.txt wurde erfolgreich geladen.
NCT01236417_inc Done 

Die Daten wurden erfolgreich in '/work/eauten2s/ec_criteria_struct/transform_chia/model_output/Llama-3-70B-Instruct_5_shot/Llama-3-70B-Instruct_NCT01236417_inc_5_shot.json' gespeichert.
File: NCT01261832_exc 

Das File: /work/eauten2s/ec_criteria_struct/transform_chia/input/half_clinical_trials/NCT01261832_exc.txt wurde erfolgreich geladen.
NCT01261832_exc Done 

Die Daten wurden erfolgreich in '/work/eauten2s/ec_criteria_struct/transform_chia/model_output/Llama-3-70B-Instruct_5_shot/Llama-3-70B-Instruct_NCT01261832_exc_5_shot.json' gespeichert.
File: NCT01261832_inc 

Das File: /work/eauten2s/ec_criteria_struct/transform_chia/input/half_clinical_trials/NCT01261832_inc.txt wurde erfolgreich geladen.
NCT01261832_inc Done 

Die Daten wurden erfolgreich in '/work/eauten2s/ec_criteria_struct/transform_chia/model_output/Llama-3-70B-Instruct_5_shot/Llama-3-70B-Instruct_NCT01261832_inc_5_shot.json' gespeichert.
File: NCT01312012_exc 

Das File: /work/eauten2s/ec_criteria_struct/transform_chia/input/half_clinical_trials/NCT01312012_exc.txt wurde erfolgreich geladen.
NCT01312012_exc Done 

Die Daten wurden erfolgreich in '/work/eauten2s/ec_criteria_struct/transform_chia/model_output/Llama-3-70B-Instruct_5_shot/Llama-3-70B-Instruct_NCT01312012_exc_5_shot.json' gespeichert.
File: NCT01312012_inc 

Das File: /work/eauten2s/ec_criteria_struct/transform_chia/input/half_clinical_trials/NCT01312012_inc.txt wurde erfolgreich geladen.
NCT01312012_inc Done 

Die Daten wurden erfolgreich in '/work/eauten2s/ec_criteria_struct/transform_chia/model_output/Llama-3-70B-Instruct_5_shot/Llama-3-70B-Instruct_NCT01312012_inc_5_shot.json' gespeichert.
File: NCT01313676_exc 

Das File: /work/eauten2s/ec_criteria_struct/transform_chia/input/half_clinical_trials/NCT01313676_exc.txt wurde erfolgreich geladen.
NCT01313676_exc Done 

Die Daten wurden erfolgreich in '/work/eauten2s/ec_criteria_struct/transform_chia/model_output/Llama-3-70B-Instruct_5_shot/Llama-3-70B-Instruct_NCT01313676_exc_5_shot.json' gespeichert.
File: NCT01313676_inc 

Das File: /work/eauten2s/ec_criteria_struct/transform_chia/input/half_clinical_trials/NCT01313676_inc.txt wurde erfolgreich geladen.
NCT01313676_inc Done 

Die Daten wurden erfolgreich in '/work/eauten2s/ec_criteria_struct/transform_chia/model_output/Llama-3-70B-Instruct_5_shot/Llama-3-70B-Instruct_NCT01313676_inc_5_shot.json' gespeichert.
File: NCT01314898_exc 

Das File: /work/eauten2s/ec_criteria_struct/transform_chia/input/half_clinical_trials/NCT01314898_exc.txt wurde erfolgreich geladen.
NCT01314898_exc Done 

Die Daten wurden erfolgreich in '/work/eauten2s/ec_criteria_struct/transform_chia/model_output/Llama-3-70B-Instruct_5_shot/Llama-3-70B-Instruct_NCT01314898_exc_5_shot.json' gespeichert.
File: NCT01314898_inc 

Das File: /work/eauten2s/ec_criteria_struct/transform_chia/input/half_clinical_trials/NCT01314898_inc.txt wurde erfolgreich geladen.
NCT01314898_inc Done 

Die Daten wurden erfolgreich in '/work/eauten2s/ec_criteria_struct/transform_chia/model_output/Llama-3-70B-Instruct_5_shot/Llama-3-70B-Instruct_NCT01314898_inc_5_shot.json' gespeichert.
File: NCT01320579_exc 

Das File: /work/eauten2s/ec_criteria_struct/transform_chia/input/half_clinical_trials/NCT01320579_exc.txt wurde erfolgreich geladen.
NCT01320579_exc Done 

Die Daten wurden erfolgreich in '/work/eauten2s/ec_criteria_struct/transform_chia/model_output/Llama-3-70B-Instruct_5_shot/Llama-3-70B-Instruct_NCT01320579_exc_5_shot.json' gespeichert.
File: NCT01320579_inc 

Das File: /work/eauten2s/ec_criteria_struct/transform_chia/input/half_clinical_trials/NCT01320579_inc.txt wurde erfolgreich geladen.
NCT01320579_inc Done 

Die Daten wurden erfolgreich in '/work/eauten2s/ec_criteria_struct/transform_chia/model_output/Llama-3-70B-Instruct_5_shot/Llama-3-70B-Instruct_NCT01320579_inc_5_shot.json' gespeichert.
File: NCT01322464_exc 

Das File: /work/eauten2s/ec_criteria_struct/transform_chia/input/half_clinical_trials/NCT01322464_exc.txt wurde erfolgreich geladen.
NCT01322464_exc Done 

Die Daten wurden erfolgreich in '/work/eauten2s/ec_criteria_struct/transform_chia/model_output/Llama-3-70B-Instruct_5_shot/Llama-3-70B-Instruct_NCT01322464_exc_5_shot.json' gespeichert.
File: NCT01322464_inc 

Das File: /work/eauten2s/ec_criteria_struct/transform_chia/input/half_clinical_trials/NCT01322464_inc.txt wurde erfolgreich geladen.
NCT01322464_inc Done 

Die Daten wurden erfolgreich in '/work/eauten2s/ec_criteria_struct/transform_chia/model_output/Llama-3-70B-Instruct_5_shot/Llama-3-70B-Instruct_NCT01322464_inc_5_shot.json' gespeichert.
File: NCT01346436_exc 

Das File: /work/eauten2s/ec_criteria_struct/transform_chia/input/half_clinical_trials/NCT01346436_exc.txt wurde erfolgreich geladen.
NCT01346436_exc Done 

Die Daten wurden erfolgreich in '/work/eauten2s/ec_criteria_struct/transform_chia/model_output/Llama-3-70B-Instruct_5_shot/Llama-3-70B-Instruct_NCT01346436_exc_5_shot.json' gespeichert.
File: NCT01346436_inc 

Das File: /work/eauten2s/ec_criteria_struct/transform_chia/input/half_clinical_trials/NCT01346436_inc.txt wurde erfolgreich geladen.
NCT01346436_inc Done 

Die Daten wurden erfolgreich in '/work/eauten2s/ec_criteria_struct/transform_chia/model_output/Llama-3-70B-Instruct_5_shot/Llama-3-70B-Instruct_NCT01346436_inc_5_shot.json' gespeichert.
File: NCT01349413_exc 

Das File: /work/eauten2s/ec_criteria_struct/transform_chia/input/half_clinical_trials/NCT01349413_exc.txt wurde erfolgreich geladen.
NCT01349413_exc Done 

Die Daten wurden erfolgreich in '/work/eauten2s/ec_criteria_struct/transform_chia/model_output/Llama-3-70B-Instruct_5_shot/Llama-3-70B-Instruct_NCT01349413_exc_5_shot.json' gespeichert.
File: NCT01349413_inc 

Das File: /work/eauten2s/ec_criteria_struct/transform_chia/input/half_clinical_trials/NCT01349413_inc.txt wurde erfolgreich geladen.
NCT01349413_inc Done 

Die Daten wurden erfolgreich in '/work/eauten2s/ec_criteria_struct/transform_chia/model_output/Llama-3-70B-Instruct_5_shot/Llama-3-70B-Instruct_NCT01349413_inc_5_shot.json' gespeichert.
File: NCT01352598_exc 

Das File: /work/eauten2s/ec_criteria_struct/transform_chia/input/half_clinical_trials/NCT01352598_exc.txt wurde erfolgreich geladen.
NCT01352598_exc Done 

Die Daten wurden erfolgreich in '/work/eauten2s/ec_criteria_struct/transform_chia/model_output/Llama-3-70B-Instruct_5_shot/Llama-3-70B-Instruct_NCT01352598_exc_5_shot.json' gespeichert.
File: NCT01352598_inc 

Das File: /work/eauten2s/ec_criteria_struct/transform_chia/input/half_clinical_trials/NCT01352598_inc.txt wurde erfolgreich geladen.
NCT01352598_inc Done 

Die Daten wurden erfolgreich in '/work/eauten2s/ec_criteria_struct/transform_chia/model_output/Llama-3-70B-Instruct_5_shot/Llama-3-70B-Instruct_NCT01352598_inc_5_shot.json' gespeichert.
File: NCT01373684_exc 

Das File: /work/eauten2s/ec_criteria_struct/transform_chia/input/half_clinical_trials/NCT01373684_exc.txt wurde erfolgreich geladen.
NCT01373684_exc Done 

Die Daten wurden erfolgreich in '/work/eauten2s/ec_criteria_struct/transform_chia/model_output/Llama-3-70B-Instruct_5_shot/Llama-3-70B-Instruct_NCT01373684_exc_5_shot.json' gespeichert.
File: NCT01373684_inc 

Das File: /work/eauten2s/ec_criteria_struct/transform_chia/input/half_clinical_trials/NCT01373684_inc.txt wurde erfolgreich geladen.
NCT01373684_inc Done 

Die Daten wurden erfolgreich in '/work/eauten2s/ec_criteria_struct/transform_chia/model_output/Llama-3-70B-Instruct_5_shot/Llama-3-70B-Instruct_NCT01373684_inc_5_shot.json' gespeichert.
File: NCT01391780_exc 

Das File: /work/eauten2s/ec_criteria_struct/transform_chia/input/half_clinical_trials/NCT01391780_exc.txt wurde erfolgreich geladen.
NCT01391780_exc Done 

Die Daten wurden erfolgreich in '/work/eauten2s/ec_criteria_struct/transform_chia/model_output/Llama-3-70B-Instruct_5_shot/Llama-3-70B-Instruct_NCT01391780_exc_5_shot.json' gespeichert.
File: NCT01391780_inc 

Das File: /work/eauten2s/ec_criteria_struct/transform_chia/input/half_clinical_trials/NCT01391780_inc.txt wurde erfolgreich geladen.
NCT01391780_inc Done 

Die Daten wurden erfolgreich in '/work/eauten2s/ec_criteria_struct/transform_chia/model_output/Llama-3-70B-Instruct_5_shot/Llama-3-70B-Instruct_NCT01391780_inc_5_shot.json' gespeichert.
File: NCT01401335_exc 

Das File: /work/eauten2s/ec_criteria_struct/transform_chia/input/half_clinical_trials/NCT01401335_exc.txt wurde erfolgreich geladen.
NCT01401335_exc Done 

Die Daten wurden erfolgreich in '/work/eauten2s/ec_criteria_struct/transform_chia/model_output/Llama-3-70B-Instruct_5_shot/Llama-3-70B-Instruct_NCT01401335_exc_5_shot.json' gespeichert.
File: NCT01401335_inc 

Das File: /work/eauten2s/ec_criteria_struct/transform_chia/input/half_clinical_trials/NCT01401335_inc.txt wurde erfolgreich geladen.
NCT01401335_inc Done 

Die Daten wurden erfolgreich in '/work/eauten2s/ec_criteria_struct/transform_chia/model_output/Llama-3-70B-Instruct_5_shot/Llama-3-70B-Instruct_NCT01401335_inc_5_shot.json' gespeichert.
File: NCT01410890_exc 

Das File: /work/eauten2s/ec_criteria_struct/transform_chia/input/half_clinical_trials/NCT01410890_exc.txt wurde erfolgreich geladen.
NCT01410890_exc Done 

Die Daten wurden erfolgreich in '/work/eauten2s/ec_criteria_struct/transform_chia/model_output/Llama-3-70B-Instruct_5_shot/Llama-3-70B-Instruct_NCT01410890_exc_5_shot.json' gespeichert.
File: NCT01410890_inc 

Das File: /work/eauten2s/ec_criteria_struct/transform_chia/input/half_clinical_trials/NCT01410890_inc.txt wurde erfolgreich geladen.
NCT01410890_inc Done 

Die Daten wurden erfolgreich in '/work/eauten2s/ec_criteria_struct/transform_chia/model_output/Llama-3-70B-Instruct_5_shot/Llama-3-70B-Instruct_NCT01410890_inc_5_shot.json' gespeichert.
File: NCT01424020_exc 

Das File: /work/eauten2s/ec_criteria_struct/transform_chia/input/half_clinical_trials/NCT01424020_exc.txt wurde erfolgreich geladen.
NCT01424020_exc Done 

Die Daten wurden erfolgreich in '/work/eauten2s/ec_criteria_struct/transform_chia/model_output/Llama-3-70B-Instruct_5_shot/Llama-3-70B-Instruct_NCT01424020_exc_5_shot.json' gespeichert.
File: NCT01424020_inc 

Das File: /work/eauten2s/ec_criteria_struct/transform_chia/input/half_clinical_trials/NCT01424020_inc.txt wurde erfolgreich geladen.
NCT01424020_inc Done 

Die Daten wurden erfolgreich in '/work/eauten2s/ec_criteria_struct/transform_chia/model_output/Llama-3-70B-Instruct_5_shot/Llama-3-70B-Instruct_NCT01424020_inc_5_shot.json' gespeichert.
File: NCT01440296_exc 

Das File: /work/eauten2s/ec_criteria_struct/transform_chia/input/half_clinical_trials/NCT01440296_exc.txt wurde erfolgreich geladen.
NCT01440296_exc Done 

Die Daten wurden erfolgreich in '/work/eauten2s/ec_criteria_struct/transform_chia/model_output/Llama-3-70B-Instruct_5_shot/Llama-3-70B-Instruct_NCT01440296_exc_5_shot.json' gespeichert.
File: NCT01440296_inc 

Das File: /work/eauten2s/ec_criteria_struct/transform_chia/input/half_clinical_trials/NCT01440296_inc.txt wurde erfolgreich geladen.
NCT01440296_inc Done 

Die Daten wurden erfolgreich in '/work/eauten2s/ec_criteria_struct/transform_chia/model_output/Llama-3-70B-Instruct_5_shot/Llama-3-70B-Instruct_NCT01440296_inc_5_shot.json' gespeichert.
File: NCT01446094_exc 

Das File: /work/eauten2s/ec_criteria_struct/transform_chia/input/half_clinical_trials/NCT01446094_exc.txt wurde erfolgreich geladen.
NCT01446094_exc Done 

Die Daten wurden erfolgreich in '/work/eauten2s/ec_criteria_struct/transform_chia/model_output/Llama-3-70B-Instruct_5_shot/Llama-3-70B-Instruct_NCT01446094_exc_5_shot.json' gespeichert.
File: NCT01446094_inc 

Das File: /work/eauten2s/ec_criteria_struct/transform_chia/input/half_clinical_trials/NCT01446094_inc.txt wurde erfolgreich geladen.
NCT01446094_inc Done 

Die Daten wurden erfolgreich in '/work/eauten2s/ec_criteria_struct/transform_chia/model_output/Llama-3-70B-Instruct_5_shot/Llama-3-70B-Instruct_NCT01446094_inc_5_shot.json' gespeichert.
File: NCT01483118_exc 

Das File: /work/eauten2s/ec_criteria_struct/transform_chia/input/half_clinical_trials/NCT01483118_exc.txt wurde erfolgreich geladen.
NCT01483118_exc Done 

Die Daten wurden erfolgreich in '/work/eauten2s/ec_criteria_struct/transform_chia/model_output/Llama-3-70B-Instruct_5_shot/Llama-3-70B-Instruct_NCT01483118_exc_5_shot.json' gespeichert.
File: NCT01483118_inc 

Das File: /work/eauten2s/ec_criteria_struct/transform_chia/input/half_clinical_trials/NCT01483118_inc.txt wurde erfolgreich geladen.
NCT01483118_inc Done 

Die Daten wurden erfolgreich in '/work/eauten2s/ec_criteria_struct/transform_chia/model_output/Llama-3-70B-Instruct_5_shot/Llama-3-70B-Instruct_NCT01483118_inc_5_shot.json' gespeichert.
File: NCT01490034_exc 

Das File: /work/eauten2s/ec_criteria_struct/transform_chia/input/half_clinical_trials/NCT01490034_exc.txt wurde erfolgreich geladen.
NCT01490034_exc Done 

Die Daten wurden erfolgreich in '/work/eauten2s/ec_criteria_struct/transform_chia/model_output/Llama-3-70B-Instruct_5_shot/Llama-3-70B-Instruct_NCT01490034_exc_5_shot.json' gespeichert.
File: NCT01490034_inc 

Das File: /work/eauten2s/ec_criteria_struct/transform_chia/input/half_clinical_trials/NCT01490034_inc.txt wurde erfolgreich geladen.
NCT01490034_inc Done 

Die Daten wurden erfolgreich in '/work/eauten2s/ec_criteria_struct/transform_chia/model_output/Llama-3-70B-Instruct_5_shot/Llama-3-70B-Instruct_NCT01490034_inc_5_shot.json' gespeichert.
File: NCT01491295_exc 

Das File: /work/eauten2s/ec_criteria_struct/transform_chia/input/half_clinical_trials/NCT01491295_exc.txt wurde erfolgreich geladen.
NCT01491295_exc Done 

Die Daten wurden erfolgreich in '/work/eauten2s/ec_criteria_struct/transform_chia/model_output/Llama-3-70B-Instruct_5_shot/Llama-3-70B-Instruct_NCT01491295_exc_5_shot.json' gespeichert.
File: NCT01491295_inc 

Das File: /work/eauten2s/ec_criteria_struct/transform_chia/input/half_clinical_trials/NCT01491295_inc.txt wurde erfolgreich geladen.
NCT01491295_inc Done 

Die Daten wurden erfolgreich in '/work/eauten2s/ec_criteria_struct/transform_chia/model_output/Llama-3-70B-Instruct_5_shot/Llama-3-70B-Instruct_NCT01491295_inc_5_shot.json' gespeichert.
File: NCT01491763_exc 

Das File: /work/eauten2s/ec_criteria_struct/transform_chia/input/half_clinical_trials/NCT01491763_exc.txt wurde erfolgreich geladen.
NCT01491763_exc Done 

Die Daten wurden erfolgreich in '/work/eauten2s/ec_criteria_struct/transform_chia/model_output/Llama-3-70B-Instruct_5_shot/Llama-3-70B-Instruct_NCT01491763_exc_5_shot.json' gespeichert.
File: NCT01491763_inc 

Das File: /work/eauten2s/ec_criteria_struct/transform_chia/input/half_clinical_trials/NCT01491763_inc.txt wurde erfolgreich geladen.
NCT01491763_inc Done 

Die Daten wurden erfolgreich in '/work/eauten2s/ec_criteria_struct/transform_chia/model_output/Llama-3-70B-Instruct_5_shot/Llama-3-70B-Instruct_NCT01491763_inc_5_shot.json' gespeichert.
File: NCT01497639_exc 

Das File: /work/eauten2s/ec_criteria_struct/transform_chia/input/half_clinical_trials/NCT01497639_exc.txt wurde erfolgreich geladen.
NCT01497639_exc Done 

Die Daten wurden erfolgreich in '/work/eauten2s/ec_criteria_struct/transform_chia/model_output/Llama-3-70B-Instruct_5_shot/Llama-3-70B-Instruct_NCT01497639_exc_5_shot.json' gespeichert.
File: NCT01497639_inc 

Das File: /work/eauten2s/ec_criteria_struct/transform_chia/input/half_clinical_trials/NCT01497639_inc.txt wurde erfolgreich geladen.
NCT01497639_inc Done 

Die Daten wurden erfolgreich in '/work/eauten2s/ec_criteria_struct/transform_chia/model_output/Llama-3-70B-Instruct_5_shot/Llama-3-70B-Instruct_NCT01497639_inc_5_shot.json' gespeichert.
File: NCT01501201_exc 

Das File: /work/eauten2s/ec_criteria_struct/transform_chia/input/half_clinical_trials/NCT01501201_exc.txt wurde erfolgreich geladen.
NCT01501201_exc Done 

Die Daten wurden erfolgreich in '/work/eauten2s/ec_criteria_struct/transform_chia/model_output/Llama-3-70B-Instruct_5_shot/Llama-3-70B-Instruct_NCT01501201_exc_5_shot.json' gespeichert.
File: NCT01501201_inc 

Das File: /work/eauten2s/ec_criteria_struct/transform_chia/input/half_clinical_trials/NCT01501201_inc.txt wurde erfolgreich geladen.
NCT01501201_inc Done 

Die Daten wurden erfolgreich in '/work/eauten2s/ec_criteria_struct/transform_chia/model_output/Llama-3-70B-Instruct_5_shot/Llama-3-70B-Instruct_NCT01501201_inc_5_shot.json' gespeichert.
File: NCT01518946_exc 

Das File: /work/eauten2s/ec_criteria_struct/transform_chia/input/half_clinical_trials/NCT01518946_exc.txt wurde erfolgreich geladen.
NCT01518946_exc Done 

Die Daten wurden erfolgreich in '/work/eauten2s/ec_criteria_struct/transform_chia/model_output/Llama-3-70B-Instruct_5_shot/Llama-3-70B-Instruct_NCT01518946_exc_5_shot.json' gespeichert.
File: NCT01518946_inc 

Das File: /work/eauten2s/ec_criteria_struct/transform_chia/input/half_clinical_trials/NCT01518946_inc.txt wurde erfolgreich geladen.
NCT01518946_inc Done 

Die Daten wurden erfolgreich in '/work/eauten2s/ec_criteria_struct/transform_chia/model_output/Llama-3-70B-Instruct_5_shot/Llama-3-70B-Instruct_NCT01518946_inc_5_shot.json' gespeichert.
File: NCT01531257_exc 

Das File: /work/eauten2s/ec_criteria_struct/transform_chia/input/half_clinical_trials/NCT01531257_exc.txt wurde erfolgreich geladen.
NCT01531257_exc Done 

Die Daten wurden erfolgreich in '/work/eauten2s/ec_criteria_struct/transform_chia/model_output/Llama-3-70B-Instruct_5_shot/Llama-3-70B-Instruct_NCT01531257_exc_5_shot.json' gespeichert.
File: NCT01531257_inc 

Das File: /work/eauten2s/ec_criteria_struct/transform_chia/input/half_clinical_trials/NCT01531257_inc.txt wurde erfolgreich geladen.
NCT01531257_inc Done 

Die Daten wurden erfolgreich in '/work/eauten2s/ec_criteria_struct/transform_chia/model_output/Llama-3-70B-Instruct_5_shot/Llama-3-70B-Instruct_NCT01531257_inc_5_shot.json' gespeichert.
File: NCT01567605_exc 

Das File: /work/eauten2s/ec_criteria_struct/transform_chia/input/half_clinical_trials/NCT01567605_exc.txt wurde erfolgreich geladen.
NCT01567605_exc Done 

Die Daten wurden erfolgreich in '/work/eauten2s/ec_criteria_struct/transform_chia/model_output/Llama-3-70B-Instruct_5_shot/Llama-3-70B-Instruct_NCT01567605_exc_5_shot.json' gespeichert.
File: NCT01567605_inc 

Das File: /work/eauten2s/ec_criteria_struct/transform_chia/input/half_clinical_trials/NCT01567605_inc.txt wurde erfolgreich geladen.
NCT01567605_inc Done 

Die Daten wurden erfolgreich in '/work/eauten2s/ec_criteria_struct/transform_chia/model_output/Llama-3-70B-Instruct_5_shot/Llama-3-70B-Instruct_NCT01567605_inc_5_shot.json' gespeichert.
File: NCT01579604_exc 

Das File: /work/eauten2s/ec_criteria_struct/transform_chia/input/half_clinical_trials/NCT01579604_exc.txt wurde erfolgreich geladen.
NCT01579604_exc Done 

Die Daten wurden erfolgreich in '/work/eauten2s/ec_criteria_struct/transform_chia/model_output/Llama-3-70B-Instruct_5_shot/Llama-3-70B-Instruct_NCT01579604_exc_5_shot.json' gespeichert.
File: NCT01579604_inc 

Das File: /work/eauten2s/ec_criteria_struct/transform_chia/input/half_clinical_trials/NCT01579604_inc.txt wurde erfolgreich geladen.
NCT01579604_inc Done 

Die Daten wurden erfolgreich in '/work/eauten2s/ec_criteria_struct/transform_chia/model_output/Llama-3-70B-Instruct_5_shot/Llama-3-70B-Instruct_NCT01579604_inc_5_shot.json' gespeichert.
File: NCT01581749_exc 

Das File: /work/eauten2s/ec_criteria_struct/transform_chia/input/half_clinical_trials/NCT01581749_exc.txt wurde erfolgreich geladen.
NCT01581749_exc Done 

Die Daten wurden erfolgreich in '/work/eauten2s/ec_criteria_struct/transform_chia/model_output/Llama-3-70B-Instruct_5_shot/Llama-3-70B-Instruct_NCT01581749_exc_5_shot.json' gespeichert.
File: NCT01581749_inc 

Das File: /work/eauten2s/ec_criteria_struct/transform_chia/input/half_clinical_trials/NCT01581749_inc.txt wurde erfolgreich geladen.
NCT01581749_inc Done 

Die Daten wurden erfolgreich in '/work/eauten2s/ec_criteria_struct/transform_chia/model_output/Llama-3-70B-Instruct_5_shot/Llama-3-70B-Instruct_NCT01581749_inc_5_shot.json' gespeichert.
File: NCT01602081_exc 

Das File: /work/eauten2s/ec_criteria_struct/transform_chia/input/half_clinical_trials/NCT01602081_exc.txt wurde erfolgreich geladen.
NCT01602081_exc Done 

Die Daten wurden erfolgreich in '/work/eauten2s/ec_criteria_struct/transform_chia/model_output/Llama-3-70B-Instruct_5_shot/Llama-3-70B-Instruct_NCT01602081_exc_5_shot.json' gespeichert.
File: NCT01602081_inc 

Das File: /work/eauten2s/ec_criteria_struct/transform_chia/input/half_clinical_trials/NCT01602081_inc.txt wurde erfolgreich geladen.
NCT01602081_inc Done 

Die Daten wurden erfolgreich in '/work/eauten2s/ec_criteria_struct/transform_chia/model_output/Llama-3-70B-Instruct_5_shot/Llama-3-70B-Instruct_NCT01602081_inc_5_shot.json' gespeichert.
File: NCT01604187_exc 

Das File: /work/eauten2s/ec_criteria_struct/transform_chia/input/half_clinical_trials/NCT01604187_exc.txt wurde erfolgreich geladen.
NCT01604187_exc Done 

Die Daten wurden erfolgreich in '/work/eauten2s/ec_criteria_struct/transform_chia/model_output/Llama-3-70B-Instruct_5_shot/Llama-3-70B-Instruct_NCT01604187_exc_5_shot.json' gespeichert.
File: NCT01604187_inc 

Das File: /work/eauten2s/ec_criteria_struct/transform_chia/input/half_clinical_trials/NCT01604187_inc.txt wurde erfolgreich geladen.
NCT01604187_inc Done 

Die Daten wurden erfolgreich in '/work/eauten2s/ec_criteria_struct/transform_chia/model_output/Llama-3-70B-Instruct_5_shot/Llama-3-70B-Instruct_NCT01604187_inc_5_shot.json' gespeichert.
File: NCT01614041_exc 

Das File: /work/eauten2s/ec_criteria_struct/transform_chia/input/half_clinical_trials/NCT01614041_exc.txt wurde erfolgreich geladen.
NCT01614041_exc Done 

Die Daten wurden erfolgreich in '/work/eauten2s/ec_criteria_struct/transform_chia/model_output/Llama-3-70B-Instruct_5_shot/Llama-3-70B-Instruct_NCT01614041_exc_5_shot.json' gespeichert.
File: NCT01614041_inc 

Das File: /work/eauten2s/ec_criteria_struct/transform_chia/input/half_clinical_trials/NCT01614041_inc.txt wurde erfolgreich geladen.
NCT01614041_inc Done 

Die Daten wurden erfolgreich in '/work/eauten2s/ec_criteria_struct/transform_chia/model_output/Llama-3-70B-Instruct_5_shot/Llama-3-70B-Instruct_NCT01614041_inc_5_shot.json' gespeichert.
File: NCT01630954_exc 

Das File: /work/eauten2s/ec_criteria_struct/transform_chia/input/half_clinical_trials/NCT01630954_exc.txt wurde erfolgreich geladen.
NCT01630954_exc Done 

Die Daten wurden erfolgreich in '/work/eauten2s/ec_criteria_struct/transform_chia/model_output/Llama-3-70B-Instruct_5_shot/Llama-3-70B-Instruct_NCT01630954_exc_5_shot.json' gespeichert.
File: NCT01630954_inc 

Das File: /work/eauten2s/ec_criteria_struct/transform_chia/input/half_clinical_trials/NCT01630954_inc.txt wurde erfolgreich geladen.
NCT01630954_inc Done 

Die Daten wurden erfolgreich in '/work/eauten2s/ec_criteria_struct/transform_chia/model_output/Llama-3-70B-Instruct_5_shot/Llama-3-70B-Instruct_NCT01630954_inc_5_shot.json' gespeichert.
File: NCT01631058_exc 

Das File: /work/eauten2s/ec_criteria_struct/transform_chia/input/half_clinical_trials/NCT01631058_exc.txt wurde erfolgreich geladen.
NCT01631058_exc Done 

Die Daten wurden erfolgreich in '/work/eauten2s/ec_criteria_struct/transform_chia/model_output/Llama-3-70B-Instruct_5_shot/Llama-3-70B-Instruct_NCT01631058_exc_5_shot.json' gespeichert.
File: NCT01631058_inc 

Das File: /work/eauten2s/ec_criteria_struct/transform_chia/input/half_clinical_trials/NCT01631058_inc.txt wurde erfolgreich geladen.
NCT01631058_inc Done 

Die Daten wurden erfolgreich in '/work/eauten2s/ec_criteria_struct/transform_chia/model_output/Llama-3-70B-Instruct_5_shot/Llama-3-70B-Instruct_NCT01631058_inc_5_shot.json' gespeichert.
File: NCT01639664_exc 

Das File: /work/eauten2s/ec_criteria_struct/transform_chia/input/half_clinical_trials/NCT01639664_exc.txt wurde erfolgreich geladen.
NCT01639664_exc Done 

Die Daten wurden erfolgreich in '/work/eauten2s/ec_criteria_struct/transform_chia/model_output/Llama-3-70B-Instruct_5_shot/Llama-3-70B-Instruct_NCT01639664_exc_5_shot.json' gespeichert.
File: NCT01639664_inc 

Das File: /work/eauten2s/ec_criteria_struct/transform_chia/input/half_clinical_trials/NCT01639664_inc.txt wurde erfolgreich geladen.
NCT01639664_inc Done 

Die Daten wurden erfolgreich in '/work/eauten2s/ec_criteria_struct/transform_chia/model_output/Llama-3-70B-Instruct_5_shot/Llama-3-70B-Instruct_NCT01639664_inc_5_shot.json' gespeichert.
File: NCT01642875_exc 

Das File: /work/eauten2s/ec_criteria_struct/transform_chia/input/half_clinical_trials/NCT01642875_exc.txt wurde erfolgreich geladen.
NCT01642875_exc Done 

Die Daten wurden erfolgreich in '/work/eauten2s/ec_criteria_struct/transform_chia/model_output/Llama-3-70B-Instruct_5_shot/Llama-3-70B-Instruct_NCT01642875_exc_5_shot.json' gespeichert.
File: NCT01642875_inc 

Das File: /work/eauten2s/ec_criteria_struct/transform_chia/input/half_clinical_trials/NCT01642875_inc.txt wurde erfolgreich geladen.
NCT01642875_inc Done 

Die Daten wurden erfolgreich in '/work/eauten2s/ec_criteria_struct/transform_chia/model_output/Llama-3-70B-Instruct_5_shot/Llama-3-70B-Instruct_NCT01642875_inc_5_shot.json' gespeichert.
File: NCT01650792_exc 

Das File: /work/eauten2s/ec_criteria_struct/transform_chia/input/half_clinical_trials/NCT01650792_exc.txt wurde erfolgreich geladen.
NCT01650792_exc Done 

Die Daten wurden erfolgreich in '/work/eauten2s/ec_criteria_struct/transform_chia/model_output/Llama-3-70B-Instruct_5_shot/Llama-3-70B-Instruct_NCT01650792_exc_5_shot.json' gespeichert.
File: NCT01650792_inc 

Das File: /work/eauten2s/ec_criteria_struct/transform_chia/input/half_clinical_trials/NCT01650792_inc.txt wurde erfolgreich geladen.
NCT01650792_inc Done 

Die Daten wurden erfolgreich in '/work/eauten2s/ec_criteria_struct/transform_chia/model_output/Llama-3-70B-Instruct_5_shot/Llama-3-70B-Instruct_NCT01650792_inc_5_shot.json' gespeichert.
File: NCT01664507_exc 

Das File: /work/eauten2s/ec_criteria_struct/transform_chia/input/half_clinical_trials/NCT01664507_exc.txt wurde erfolgreich geladen.
NCT01664507_exc Done 

Die Daten wurden erfolgreich in '/work/eauten2s/ec_criteria_struct/transform_chia/model_output/Llama-3-70B-Instruct_5_shot/Llama-3-70B-Instruct_NCT01664507_exc_5_shot.json' gespeichert.
File: NCT01664507_inc 

Das File: /work/eauten2s/ec_criteria_struct/transform_chia/input/half_clinical_trials/NCT01664507_inc.txt wurde erfolgreich geladen.
NCT01664507_inc Done 

Die Daten wurden erfolgreich in '/work/eauten2s/ec_criteria_struct/transform_chia/model_output/Llama-3-70B-Instruct_5_shot/Llama-3-70B-Instruct_NCT01664507_inc_5_shot.json' gespeichert.
File: NCT01665417_exc 

Das File: /work/eauten2s/ec_criteria_struct/transform_chia/input/half_clinical_trials/NCT01665417_exc.txt wurde erfolgreich geladen.
NCT01665417_exc Done 

Die Daten wurden erfolgreich in '/work/eauten2s/ec_criteria_struct/transform_chia/model_output/Llama-3-70B-Instruct_5_shot/Llama-3-70B-Instruct_NCT01665417_exc_5_shot.json' gespeichert.
File: NCT01665417_inc 

Das File: /work/eauten2s/ec_criteria_struct/transform_chia/input/half_clinical_trials/NCT01665417_inc.txt wurde erfolgreich geladen.
NCT01665417_inc Done 

Die Daten wurden erfolgreich in '/work/eauten2s/ec_criteria_struct/transform_chia/model_output/Llama-3-70B-Instruct_5_shot/Llama-3-70B-Instruct_NCT01665417_inc_5_shot.json' gespeichert.
File: NCT01669369_exc 

Das File: /work/eauten2s/ec_criteria_struct/transform_chia/input/half_clinical_trials/NCT01669369_exc.txt wurde erfolgreich geladen.
NCT01669369_exc Done 

Die Daten wurden erfolgreich in '/work/eauten2s/ec_criteria_struct/transform_chia/model_output/Llama-3-70B-Instruct_5_shot/Llama-3-70B-Instruct_NCT01669369_exc_5_shot.json' gespeichert.
File: NCT01669369_inc 

Das File: /work/eauten2s/ec_criteria_struct/transform_chia/input/half_clinical_trials/NCT01669369_inc.txt wurde erfolgreich geladen.
NCT01669369_inc Done 

Die Daten wurden erfolgreich in '/work/eauten2s/ec_criteria_struct/transform_chia/model_output/Llama-3-70B-Instruct_5_shot/Llama-3-70B-Instruct_NCT01669369_inc_5_shot.json' gespeichert.
File: NCT01680081_exc 

Das File: /work/eauten2s/ec_criteria_struct/transform_chia/input/half_clinical_trials/NCT01680081_exc.txt wurde erfolgreich geladen.
NCT01680081_exc Done 

Die Daten wurden erfolgreich in '/work/eauten2s/ec_criteria_struct/transform_chia/model_output/Llama-3-70B-Instruct_5_shot/Llama-3-70B-Instruct_NCT01680081_exc_5_shot.json' gespeichert.
File: NCT01680081_inc 

Das File: /work/eauten2s/ec_criteria_struct/transform_chia/input/half_clinical_trials/NCT01680081_inc.txt wurde erfolgreich geladen.
NCT01680081_inc Done 

Die Daten wurden erfolgreich in '/work/eauten2s/ec_criteria_struct/transform_chia/model_output/Llama-3-70B-Instruct_5_shot/Llama-3-70B-Instruct_NCT01680081_inc_5_shot.json' gespeichert.
File: NCT01684501_exc 

Das File: /work/eauten2s/ec_criteria_struct/transform_chia/input/half_clinical_trials/NCT01684501_exc.txt wurde erfolgreich geladen.
NCT01684501_exc Done 

Die Daten wurden erfolgreich in '/work/eauten2s/ec_criteria_struct/transform_chia/model_output/Llama-3-70B-Instruct_5_shot/Llama-3-70B-Instruct_NCT01684501_exc_5_shot.json' gespeichert.
File: NCT01684501_inc 

Das File: /work/eauten2s/ec_criteria_struct/transform_chia/input/half_clinical_trials/NCT01684501_inc.txt wurde erfolgreich geladen.
NCT01684501_inc Done 

Die Daten wurden erfolgreich in '/work/eauten2s/ec_criteria_struct/transform_chia/model_output/Llama-3-70B-Instruct_5_shot/Llama-3-70B-Instruct_NCT01684501_inc_5_shot.json' gespeichert.
File: NCT01696617_exc 

Das File: /work/eauten2s/ec_criteria_struct/transform_chia/input/half_clinical_trials/NCT01696617_exc.txt wurde erfolgreich geladen.
NCT01696617_exc Done 

Die Daten wurden erfolgreich in '/work/eauten2s/ec_criteria_struct/transform_chia/model_output/Llama-3-70B-Instruct_5_shot/Llama-3-70B-Instruct_NCT01696617_exc_5_shot.json' gespeichert.
File: NCT01696617_inc 

Das File: /work/eauten2s/ec_criteria_struct/transform_chia/input/half_clinical_trials/NCT01696617_inc.txt wurde erfolgreich geladen.
NCT01696617_inc Done 

Die Daten wurden erfolgreich in '/work/eauten2s/ec_criteria_struct/transform_chia/model_output/Llama-3-70B-Instruct_5_shot/Llama-3-70B-Instruct_NCT01696617_inc_5_shot.json' gespeichert.
File: NCT01700790_exc 

Das File: /work/eauten2s/ec_criteria_struct/transform_chia/input/half_clinical_trials/NCT01700790_exc.txt wurde erfolgreich geladen.
NCT01700790_exc Done 

Die Daten wurden erfolgreich in '/work/eauten2s/ec_criteria_struct/transform_chia/model_output/Llama-3-70B-Instruct_5_shot/Llama-3-70B-Instruct_NCT01700790_exc_5_shot.json' gespeichert.
File: NCT01700790_inc 

Das File: /work/eauten2s/ec_criteria_struct/transform_chia/input/half_clinical_trials/NCT01700790_inc.txt wurde erfolgreich geladen.
NCT01700790_inc Done 

Die Daten wurden erfolgreich in '/work/eauten2s/ec_criteria_struct/transform_chia/model_output/Llama-3-70B-Instruct_5_shot/Llama-3-70B-Instruct_NCT01700790_inc_5_shot.json' gespeichert.
File: NCT01701219_exc 

Das File: /work/eauten2s/ec_criteria_struct/transform_chia/input/half_clinical_trials/NCT01701219_exc.txt wurde erfolgreich geladen.
NCT01701219_exc Done 

Die Daten wurden erfolgreich in '/work/eauten2s/ec_criteria_struct/transform_chia/model_output/Llama-3-70B-Instruct_5_shot/Llama-3-70B-Instruct_NCT01701219_exc_5_shot.json' gespeichert.
File: NCT01701219_inc 

Das File: /work/eauten2s/ec_criteria_struct/transform_chia/input/half_clinical_trials/NCT01701219_inc.txt wurde erfolgreich geladen.
NCT01701219_inc Done 

Die Daten wurden erfolgreich in '/work/eauten2s/ec_criteria_struct/transform_chia/model_output/Llama-3-70B-Instruct_5_shot/Llama-3-70B-Instruct_NCT01701219_inc_5_shot.json' gespeichert.
File: NCT01709981_exc 

Das File: /work/eauten2s/ec_criteria_struct/transform_chia/input/half_clinical_trials/NCT01709981_exc.txt wurde erfolgreich geladen.
NCT01709981_exc Done 

Die Daten wurden erfolgreich in '/work/eauten2s/ec_criteria_struct/transform_chia/model_output/Llama-3-70B-Instruct_5_shot/Llama-3-70B-Instruct_NCT01709981_exc_5_shot.json' gespeichert.
File: NCT01709981_inc 

Das File: /work/eauten2s/ec_criteria_struct/transform_chia/input/half_clinical_trials/NCT01709981_inc.txt wurde erfolgreich geladen.
NCT01709981_inc Done 

Die Daten wurden erfolgreich in '/work/eauten2s/ec_criteria_struct/transform_chia/model_output/Llama-3-70B-Instruct_5_shot/Llama-3-70B-Instruct_NCT01709981_inc_5_shot.json' gespeichert.
File: NCT01711801_exc 

Das File: /work/eauten2s/ec_criteria_struct/transform_chia/input/half_clinical_trials/NCT01711801_exc.txt wurde erfolgreich geladen.
NCT01711801_exc Done 

Die Daten wurden erfolgreich in '/work/eauten2s/ec_criteria_struct/transform_chia/model_output/Llama-3-70B-Instruct_5_shot/Llama-3-70B-Instruct_NCT01711801_exc_5_shot.json' gespeichert.
File: NCT01711801_inc 

Das File: /work/eauten2s/ec_criteria_struct/transform_chia/input/half_clinical_trials/NCT01711801_inc.txt wurde erfolgreich geladen.
NCT01711801_inc Done 

Die Daten wurden erfolgreich in '/work/eauten2s/ec_criteria_struct/transform_chia/model_output/Llama-3-70B-Instruct_5_shot/Llama-3-70B-Instruct_NCT01711801_inc_5_shot.json' gespeichert.
File: NCT01715584_exc 

Das File: /work/eauten2s/ec_criteria_struct/transform_chia/input/half_clinical_trials/NCT01715584_exc.txt wurde erfolgreich geladen.
NCT01715584_exc Done 

Die Daten wurden erfolgreich in '/work/eauten2s/ec_criteria_struct/transform_chia/model_output/Llama-3-70B-Instruct_5_shot/Llama-3-70B-Instruct_NCT01715584_exc_5_shot.json' gespeichert.
File: NCT01715584_inc 

Das File: /work/eauten2s/ec_criteria_struct/transform_chia/input/half_clinical_trials/NCT01715584_inc.txt wurde erfolgreich geladen.
NCT01715584_inc Done 

Die Daten wurden erfolgreich in '/work/eauten2s/ec_criteria_struct/transform_chia/model_output/Llama-3-70B-Instruct_5_shot/Llama-3-70B-Instruct_NCT01715584_inc_5_shot.json' gespeichert.
File: NCT01715714_exc 

Das File: /work/eauten2s/ec_criteria_struct/transform_chia/input/half_clinical_trials/NCT01715714_exc.txt wurde erfolgreich geladen.
NCT01715714_exc Done 

Die Daten wurden erfolgreich in '/work/eauten2s/ec_criteria_struct/transform_chia/model_output/Llama-3-70B-Instruct_5_shot/Llama-3-70B-Instruct_NCT01715714_exc_5_shot.json' gespeichert.
File: NCT01715714_inc 

Das File: /work/eauten2s/ec_criteria_struct/transform_chia/input/half_clinical_trials/NCT01715714_inc.txt wurde erfolgreich geladen.
NCT01715714_inc Done 

Die Daten wurden erfolgreich in '/work/eauten2s/ec_criteria_struct/transform_chia/model_output/Llama-3-70B-Instruct_5_shot/Llama-3-70B-Instruct_NCT01715714_inc_5_shot.json' gespeichert.
File: NCT01717911_exc 

Das File: /work/eauten2s/ec_criteria_struct/transform_chia/input/half_clinical_trials/NCT01717911_exc.txt wurde erfolgreich geladen.
NCT01717911_exc Done 

Die Daten wurden erfolgreich in '/work/eauten2s/ec_criteria_struct/transform_chia/model_output/Llama-3-70B-Instruct_5_shot/Llama-3-70B-Instruct_NCT01717911_exc_5_shot.json' gespeichert.
File: NCT01717911_inc 

Das File: /work/eauten2s/ec_criteria_struct/transform_chia/input/half_clinical_trials/NCT01717911_inc.txt wurde erfolgreich geladen.
NCT01717911_inc Done 

Die Daten wurden erfolgreich in '/work/eauten2s/ec_criteria_struct/transform_chia/model_output/Llama-3-70B-Instruct_5_shot/Llama-3-70B-Instruct_NCT01717911_inc_5_shot.json' gespeichert.
File: NCT01720394_exc 

Das File: /work/eauten2s/ec_criteria_struct/transform_chia/input/half_clinical_trials/NCT01720394_exc.txt wurde erfolgreich geladen.
NCT01720394_exc Done 

Die Daten wurden erfolgreich in '/work/eauten2s/ec_criteria_struct/transform_chia/model_output/Llama-3-70B-Instruct_5_shot/Llama-3-70B-Instruct_NCT01720394_exc_5_shot.json' gespeichert.
File: NCT01720394_inc 

Das File: /work/eauten2s/ec_criteria_struct/transform_chia/input/half_clinical_trials/NCT01720394_inc.txt wurde erfolgreich geladen.
NCT01720394_inc Done 

Die Daten wurden erfolgreich in '/work/eauten2s/ec_criteria_struct/transform_chia/model_output/Llama-3-70B-Instruct_5_shot/Llama-3-70B-Instruct_NCT01720394_inc_5_shot.json' gespeichert.
File: NCT01728194_exc 

Das File: /work/eauten2s/ec_criteria_struct/transform_chia/input/half_clinical_trials/NCT01728194_exc.txt wurde erfolgreich geladen.
NCT01728194_exc Done 

Die Daten wurden erfolgreich in '/work/eauten2s/ec_criteria_struct/transform_chia/model_output/Llama-3-70B-Instruct_5_shot/Llama-3-70B-Instruct_NCT01728194_exc_5_shot.json' gespeichert.
File: NCT01728194_inc 

Das File: /work/eauten2s/ec_criteria_struct/transform_chia/input/half_clinical_trials/NCT01728194_inc.txt wurde erfolgreich geladen.
NCT01728194_inc Done 

Die Daten wurden erfolgreich in '/work/eauten2s/ec_criteria_struct/transform_chia/model_output/Llama-3-70B-Instruct_5_shot/Llama-3-70B-Instruct_NCT01728194_inc_5_shot.json' gespeichert.
File: NCT01735955_exc 

Das File: /work/eauten2s/ec_criteria_struct/transform_chia/input/half_clinical_trials/NCT01735955_exc.txt wurde erfolgreich geladen.
NCT01735955_exc Done 

Die Daten wurden erfolgreich in '/work/eauten2s/ec_criteria_struct/transform_chia/model_output/Llama-3-70B-Instruct_5_shot/Llama-3-70B-Instruct_NCT01735955_exc_5_shot.json' gespeichert.
File: NCT01735955_inc 

Das File: /work/eauten2s/ec_criteria_struct/transform_chia/input/half_clinical_trials/NCT01735955_inc.txt wurde erfolgreich geladen.
NCT01735955_inc Done 

Die Daten wurden erfolgreich in '/work/eauten2s/ec_criteria_struct/transform_chia/model_output/Llama-3-70B-Instruct_5_shot/Llama-3-70B-Instruct_NCT01735955_inc_5_shot.json' gespeichert.
File: NCT01742117_exc 

Das File: /work/eauten2s/ec_criteria_struct/transform_chia/input/half_clinical_trials/NCT01742117_exc.txt wurde erfolgreich geladen.
NCT01742117_exc Done 

Die Daten wurden erfolgreich in '/work/eauten2s/ec_criteria_struct/transform_chia/model_output/Llama-3-70B-Instruct_5_shot/Llama-3-70B-Instruct_NCT01742117_exc_5_shot.json' gespeichert.
File: NCT01742117_inc 

Das File: /work/eauten2s/ec_criteria_struct/transform_chia/input/half_clinical_trials/NCT01742117_inc.txt wurde erfolgreich geladen.
NCT01742117_inc Done 

Die Daten wurden erfolgreich in '/work/eauten2s/ec_criteria_struct/transform_chia/model_output/Llama-3-70B-Instruct_5_shot/Llama-3-70B-Instruct_NCT01742117_inc_5_shot.json' gespeichert.
File: NCT01743755_exc 

Das File: /work/eauten2s/ec_criteria_struct/transform_chia/input/half_clinical_trials/NCT01743755_exc.txt wurde erfolgreich geladen.
NCT01743755_exc Done 

Die Daten wurden erfolgreich in '/work/eauten2s/ec_criteria_struct/transform_chia/model_output/Llama-3-70B-Instruct_5_shot/Llama-3-70B-Instruct_NCT01743755_exc_5_shot.json' gespeichert.
File: NCT01743755_inc 

Das File: /work/eauten2s/ec_criteria_struct/transform_chia/input/half_clinical_trials/NCT01743755_inc.txt wurde erfolgreich geladen.
NCT01743755_inc Done 

Die Daten wurden erfolgreich in '/work/eauten2s/ec_criteria_struct/transform_chia/model_output/Llama-3-70B-Instruct_5_shot/Llama-3-70B-Instruct_NCT01743755_inc_5_shot.json' gespeichert.
File: NCT01757717_exc 

Das File: /work/eauten2s/ec_criteria_struct/transform_chia/input/half_clinical_trials/NCT01757717_exc.txt wurde erfolgreich geladen.
NCT01757717_exc Done 

Die Daten wurden erfolgreich in '/work/eauten2s/ec_criteria_struct/transform_chia/model_output/Llama-3-70B-Instruct_5_shot/Llama-3-70B-Instruct_NCT01757717_exc_5_shot.json' gespeichert.
File: NCT01757717_inc 

Das File: /work/eauten2s/ec_criteria_struct/transform_chia/input/half_clinical_trials/NCT01757717_inc.txt wurde erfolgreich geladen.
NCT01757717_inc Done 

Die Daten wurden erfolgreich in '/work/eauten2s/ec_criteria_struct/transform_chia/model_output/Llama-3-70B-Instruct_5_shot/Llama-3-70B-Instruct_NCT01757717_inc_5_shot.json' gespeichert.
File: NCT01765231_exc 

Das File: /work/eauten2s/ec_criteria_struct/transform_chia/input/half_clinical_trials/NCT01765231_exc.txt wurde erfolgreich geladen.
NCT01765231_exc Done 

Die Daten wurden erfolgreich in '/work/eauten2s/ec_criteria_struct/transform_chia/model_output/Llama-3-70B-Instruct_5_shot/Llama-3-70B-Instruct_NCT01765231_exc_5_shot.json' gespeichert.
File: NCT01765231_inc 

Das File: /work/eauten2s/ec_criteria_struct/transform_chia/input/half_clinical_trials/NCT01765231_inc.txt wurde erfolgreich geladen.
NCT01765231_inc Done 

Die Daten wurden erfolgreich in '/work/eauten2s/ec_criteria_struct/transform_chia/model_output/Llama-3-70B-Instruct_5_shot/Llama-3-70B-Instruct_NCT01765231_inc_5_shot.json' gespeichert.
File: NCT01768195_exc 

Das File: /work/eauten2s/ec_criteria_struct/transform_chia/input/half_clinical_trials/NCT01768195_exc.txt wurde erfolgreich geladen.
NCT01768195_exc Done 

Die Daten wurden erfolgreich in '/work/eauten2s/ec_criteria_struct/transform_chia/model_output/Llama-3-70B-Instruct_5_shot/Llama-3-70B-Instruct_NCT01768195_exc_5_shot.json' gespeichert.
File: NCT01768195_inc 

Das File: /work/eauten2s/ec_criteria_struct/transform_chia/input/half_clinical_trials/NCT01768195_inc.txt wurde erfolgreich geladen.
NCT01768195_inc Done 

Die Daten wurden erfolgreich in '/work/eauten2s/ec_criteria_struct/transform_chia/model_output/Llama-3-70B-Instruct_5_shot/Llama-3-70B-Instruct_NCT01768195_inc_5_shot.json' gespeichert.
File: NCT01770340_exc 

Das File: /work/eauten2s/ec_criteria_struct/transform_chia/input/half_clinical_trials/NCT01770340_exc.txt wurde erfolgreich geladen.
NCT01770340_exc Done 

Die Daten wurden erfolgreich in '/work/eauten2s/ec_criteria_struct/transform_chia/model_output/Llama-3-70B-Instruct_5_shot/Llama-3-70B-Instruct_NCT01770340_exc_5_shot.json' gespeichert.
File: NCT01770340_inc 

Das File: /work/eauten2s/ec_criteria_struct/transform_chia/input/half_clinical_trials/NCT01770340_inc.txt wurde erfolgreich geladen.
NCT01770340_inc Done 

Die Daten wurden erfolgreich in '/work/eauten2s/ec_criteria_struct/transform_chia/model_output/Llama-3-70B-Instruct_5_shot/Llama-3-70B-Instruct_NCT01770340_inc_5_shot.json' gespeichert.
File: NCT01774019_exc 

Das File: /work/eauten2s/ec_criteria_struct/transform_chia/input/half_clinical_trials/NCT01774019_exc.txt wurde erfolgreich geladen.
NCT01774019_exc Done 

Die Daten wurden erfolgreich in '/work/eauten2s/ec_criteria_struct/transform_chia/model_output/Llama-3-70B-Instruct_5_shot/Llama-3-70B-Instruct_NCT01774019_exc_5_shot.json' gespeichert.
File: NCT01774019_inc 

Das File: /work/eauten2s/ec_criteria_struct/transform_chia/input/half_clinical_trials/NCT01774019_inc.txt wurde erfolgreich geladen.
NCT01774019_inc Done 

Die Daten wurden erfolgreich in '/work/eauten2s/ec_criteria_struct/transform_chia/model_output/Llama-3-70B-Instruct_5_shot/Llama-3-70B-Instruct_NCT01774019_inc_5_shot.json' gespeichert.
File: NCT01793519_exc 

Das File: /work/eauten2s/ec_criteria_struct/transform_chia/input/half_clinical_trials/NCT01793519_exc.txt wurde erfolgreich geladen.
NCT01793519_exc Done 

Die Daten wurden erfolgreich in '/work/eauten2s/ec_criteria_struct/transform_chia/model_output/Llama-3-70B-Instruct_5_shot/Llama-3-70B-Instruct_NCT01793519_exc_5_shot.json' gespeichert.
File: NCT01793519_inc 

Das File: /work/eauten2s/ec_criteria_struct/transform_chia/input/half_clinical_trials/NCT01793519_inc.txt wurde erfolgreich geladen.
NCT01793519_inc Done 

Die Daten wurden erfolgreich in '/work/eauten2s/ec_criteria_struct/transform_chia/model_output/Llama-3-70B-Instruct_5_shot/Llama-3-70B-Instruct_NCT01793519_inc_5_shot.json' gespeichert.
File: NCT01793831_exc 

Das File: /work/eauten2s/ec_criteria_struct/transform_chia/input/half_clinical_trials/NCT01793831_exc.txt wurde erfolgreich geladen.
NCT01793831_exc Done 

Die Daten wurden erfolgreich in '/work/eauten2s/ec_criteria_struct/transform_chia/model_output/Llama-3-70B-Instruct_5_shot/Llama-3-70B-Instruct_NCT01793831_exc_5_shot.json' gespeichert.
File: NCT01793831_inc 

Das File: /work/eauten2s/ec_criteria_struct/transform_chia/input/half_clinical_trials/NCT01793831_inc.txt wurde erfolgreich geladen.
NCT01793831_inc Done 

Die Daten wurden erfolgreich in '/work/eauten2s/ec_criteria_struct/transform_chia/model_output/Llama-3-70B-Instruct_5_shot/Llama-3-70B-Instruct_NCT01793831_inc_5_shot.json' gespeichert.
File: NCT01794793_exc 

Das File: /work/eauten2s/ec_criteria_struct/transform_chia/input/half_clinical_trials/NCT01794793_exc.txt wurde erfolgreich geladen.
NCT01794793_exc Done 

Die Daten wurden erfolgreich in '/work/eauten2s/ec_criteria_struct/transform_chia/model_output/Llama-3-70B-Instruct_5_shot/Llama-3-70B-Instruct_NCT01794793_exc_5_shot.json' gespeichert.
File: NCT01794793_inc 

Das File: /work/eauten2s/ec_criteria_struct/transform_chia/input/half_clinical_trials/NCT01794793_inc.txt wurde erfolgreich geladen.
NCT01794793_inc Done 

Die Daten wurden erfolgreich in '/work/eauten2s/ec_criteria_struct/transform_chia/model_output/Llama-3-70B-Instruct_5_shot/Llama-3-70B-Instruct_NCT01794793_inc_5_shot.json' gespeichert.
File: NCT01799681_exc 

Das File: /work/eauten2s/ec_criteria_struct/transform_chia/input/half_clinical_trials/NCT01799681_exc.txt wurde erfolgreich geladen.
NCT01799681_exc Done 

Die Daten wurden erfolgreich in '/work/eauten2s/ec_criteria_struct/transform_chia/model_output/Llama-3-70B-Instruct_5_shot/Llama-3-70B-Instruct_NCT01799681_exc_5_shot.json' gespeichert.
File: NCT01799681_inc 

Das File: /work/eauten2s/ec_criteria_struct/transform_chia/input/half_clinical_trials/NCT01799681_inc.txt wurde erfolgreich geladen.
NCT01799681_inc Done 

Die Daten wurden erfolgreich in '/work/eauten2s/ec_criteria_struct/transform_chia/model_output/Llama-3-70B-Instruct_5_shot/Llama-3-70B-Instruct_NCT01799681_inc_5_shot.json' gespeichert.
File: NCT01801072_exc 

Das File: /work/eauten2s/ec_criteria_struct/transform_chia/input/half_clinical_trials/NCT01801072_exc.txt wurde erfolgreich geladen.
NCT01801072_exc Done 

Die Daten wurden erfolgreich in '/work/eauten2s/ec_criteria_struct/transform_chia/model_output/Llama-3-70B-Instruct_5_shot/Llama-3-70B-Instruct_NCT01801072_exc_5_shot.json' gespeichert.
File: NCT01801072_inc 

Das File: /work/eauten2s/ec_criteria_struct/transform_chia/input/half_clinical_trials/NCT01801072_inc.txt wurde erfolgreich geladen.
NCT01801072_inc Done 

Die Daten wurden erfolgreich in '/work/eauten2s/ec_criteria_struct/transform_chia/model_output/Llama-3-70B-Instruct_5_shot/Llama-3-70B-Instruct_NCT01801072_inc_5_shot.json' gespeichert.
File: NCT01803438_exc 

Das File: /work/eauten2s/ec_criteria_struct/transform_chia/input/half_clinical_trials/NCT01803438_exc.txt wurde erfolgreich geladen.
NCT01803438_exc Done 

Die Daten wurden erfolgreich in '/work/eauten2s/ec_criteria_struct/transform_chia/model_output/Llama-3-70B-Instruct_5_shot/Llama-3-70B-Instruct_NCT01803438_exc_5_shot.json' gespeichert.
File: NCT01803438_inc 

Das File: /work/eauten2s/ec_criteria_struct/transform_chia/input/half_clinical_trials/NCT01803438_inc.txt wurde erfolgreich geladen.
NCT01803438_inc Done 

Die Daten wurden erfolgreich in '/work/eauten2s/ec_criteria_struct/transform_chia/model_output/Llama-3-70B-Instruct_5_shot/Llama-3-70B-Instruct_NCT01803438_inc_5_shot.json' gespeichert.
File: NCT01803828_exc 

Das File: /work/eauten2s/ec_criteria_struct/transform_chia/input/half_clinical_trials/NCT01803828_exc.txt wurde erfolgreich geladen.
NCT01803828_exc Done 

Die Daten wurden erfolgreich in '/work/eauten2s/ec_criteria_struct/transform_chia/model_output/Llama-3-70B-Instruct_5_shot/Llama-3-70B-Instruct_NCT01803828_exc_5_shot.json' gespeichert.
File: NCT01803828_inc 

Das File: /work/eauten2s/ec_criteria_struct/transform_chia/input/half_clinical_trials/NCT01803828_inc.txt wurde erfolgreich geladen.
NCT01803828_inc Done 

Die Daten wurden erfolgreich in '/work/eauten2s/ec_criteria_struct/transform_chia/model_output/Llama-3-70B-Instruct_5_shot/Llama-3-70B-Instruct_NCT01803828_inc_5_shot.json' gespeichert.
File: NCT01806558_exc 

Das File: /work/eauten2s/ec_criteria_struct/transform_chia/input/half_clinical_trials/NCT01806558_exc.txt wurde erfolgreich geladen.
NCT01806558_exc Done 

Die Daten wurden erfolgreich in '/work/eauten2s/ec_criteria_struct/transform_chia/model_output/Llama-3-70B-Instruct_5_shot/Llama-3-70B-Instruct_NCT01806558_exc_5_shot.json' gespeichert.
File: NCT01806558_inc 

Das File: /work/eauten2s/ec_criteria_struct/transform_chia/input/half_clinical_trials/NCT01806558_inc.txt wurde erfolgreich geladen.
NCT01806558_inc Done 

Die Daten wurden erfolgreich in '/work/eauten2s/ec_criteria_struct/transform_chia/model_output/Llama-3-70B-Instruct_5_shot/Llama-3-70B-Instruct_NCT01806558_inc_5_shot.json' gespeichert.
File: NCT01807897_exc 

Das File: /work/eauten2s/ec_criteria_struct/transform_chia/input/half_clinical_trials/NCT01807897_exc.txt wurde erfolgreich geladen.
NCT01807897_exc Done 

Die Daten wurden erfolgreich in '/work/eauten2s/ec_criteria_struct/transform_chia/model_output/Llama-3-70B-Instruct_5_shot/Llama-3-70B-Instruct_NCT01807897_exc_5_shot.json' gespeichert.
File: NCT01807897_inc 

Das File: /work/eauten2s/ec_criteria_struct/transform_chia/input/half_clinical_trials/NCT01807897_inc.txt wurde erfolgreich geladen.
NCT01807897_inc Done 

Die Daten wurden erfolgreich in '/work/eauten2s/ec_criteria_struct/transform_chia/model_output/Llama-3-70B-Instruct_5_shot/Llama-3-70B-Instruct_NCT01807897_inc_5_shot.json' gespeichert.
File: NCT01809041_exc 

Das File: /work/eauten2s/ec_criteria_struct/transform_chia/input/half_clinical_trials/NCT01809041_exc.txt wurde erfolgreich geladen.
NCT01809041_exc Done 

Die Daten wurden erfolgreich in '/work/eauten2s/ec_criteria_struct/transform_chia/model_output/Llama-3-70B-Instruct_5_shot/Llama-3-70B-Instruct_NCT01809041_exc_5_shot.json' gespeichert.
File: NCT01809041_inc 

Das File: /work/eauten2s/ec_criteria_struct/transform_chia/input/half_clinical_trials/NCT01809041_inc.txt wurde erfolgreich geladen.
NCT01809041_inc Done 

Die Daten wurden erfolgreich in '/work/eauten2s/ec_criteria_struct/transform_chia/model_output/Llama-3-70B-Instruct_5_shot/Llama-3-70B-Instruct_NCT01809041_inc_5_shot.json' gespeichert.
File: NCT01815580_exc 

Das File: /work/eauten2s/ec_criteria_struct/transform_chia/input/half_clinical_trials/NCT01815580_exc.txt wurde erfolgreich geladen.
NCT01815580_exc Done 

Die Daten wurden erfolgreich in '/work/eauten2s/ec_criteria_struct/transform_chia/model_output/Llama-3-70B-Instruct_5_shot/Llama-3-70B-Instruct_NCT01815580_exc_5_shot.json' gespeichert.
File: NCT01815580_inc 

Das File: /work/eauten2s/ec_criteria_struct/transform_chia/input/half_clinical_trials/NCT01815580_inc.txt wurde erfolgreich geladen.
NCT01815580_inc Done 

Die Daten wurden erfolgreich in '/work/eauten2s/ec_criteria_struct/transform_chia/model_output/Llama-3-70B-Instruct_5_shot/Llama-3-70B-Instruct_NCT01815580_inc_5_shot.json' gespeichert.
File: NCT01816997_exc 

Das File: /work/eauten2s/ec_criteria_struct/transform_chia/input/half_clinical_trials/NCT01816997_exc.txt wurde erfolgreich geladen.
NCT01816997_exc Done 

Die Daten wurden erfolgreich in '/work/eauten2s/ec_criteria_struct/transform_chia/model_output/Llama-3-70B-Instruct_5_shot/Llama-3-70B-Instruct_NCT01816997_exc_5_shot.json' gespeichert.
File: NCT01816997_inc 

Das File: /work/eauten2s/ec_criteria_struct/transform_chia/input/half_clinical_trials/NCT01816997_inc.txt wurde erfolgreich geladen.
NCT01816997_inc Done 

Die Daten wurden erfolgreich in '/work/eauten2s/ec_criteria_struct/transform_chia/model_output/Llama-3-70B-Instruct_5_shot/Llama-3-70B-Instruct_NCT01816997_inc_5_shot.json' gespeichert.
File: NCT01822262_exc 

Das File: /work/eauten2s/ec_criteria_struct/transform_chia/input/half_clinical_trials/NCT01822262_exc.txt wurde erfolgreich geladen.
NCT01822262_exc Done 

Die Daten wurden erfolgreich in '/work/eauten2s/ec_criteria_struct/transform_chia/model_output/Llama-3-70B-Instruct_5_shot/Llama-3-70B-Instruct_NCT01822262_exc_5_shot.json' gespeichert.
File: NCT01822262_inc 

Das File: /work/eauten2s/ec_criteria_struct/transform_chia/input/half_clinical_trials/NCT01822262_inc.txt wurde erfolgreich geladen.
NCT01822262_inc Done 

Die Daten wurden erfolgreich in '/work/eauten2s/ec_criteria_struct/transform_chia/model_output/Llama-3-70B-Instruct_5_shot/Llama-3-70B-Instruct_NCT01822262_inc_5_shot.json' gespeichert.
File: NCT01824537_exc 

Das File: /work/eauten2s/ec_criteria_struct/transform_chia/input/half_clinical_trials/NCT01824537_exc.txt wurde erfolgreich geladen.
NCT01824537_exc Done 

Die Daten wurden erfolgreich in '/work/eauten2s/ec_criteria_struct/transform_chia/model_output/Llama-3-70B-Instruct_5_shot/Llama-3-70B-Instruct_NCT01824537_exc_5_shot.json' gespeichert.
File: NCT01824537_inc 

Das File: /work/eauten2s/ec_criteria_struct/transform_chia/input/half_clinical_trials/NCT01824537_inc.txt wurde erfolgreich geladen.
NCT01824537_inc Done 

Die Daten wurden erfolgreich in '/work/eauten2s/ec_criteria_struct/transform_chia/model_output/Llama-3-70B-Instruct_5_shot/Llama-3-70B-Instruct_NCT01824537_inc_5_shot.json' gespeichert.
File: NCT01846507_exc 

Das File: /work/eauten2s/ec_criteria_struct/transform_chia/input/half_clinical_trials/NCT01846507_exc.txt wurde erfolgreich geladen.
NCT01846507_exc Done 

Die Daten wurden erfolgreich in '/work/eauten2s/ec_criteria_struct/transform_chia/model_output/Llama-3-70B-Instruct_5_shot/Llama-3-70B-Instruct_NCT01846507_exc_5_shot.json' gespeichert.
File: NCT01846507_inc 

Das File: /work/eauten2s/ec_criteria_struct/transform_chia/input/half_clinical_trials/NCT01846507_inc.txt wurde erfolgreich geladen.
NCT01846507_inc Done 

Die Daten wurden erfolgreich in '/work/eauten2s/ec_criteria_struct/transform_chia/model_output/Llama-3-70B-Instruct_5_shot/Llama-3-70B-Instruct_NCT01846507_inc_5_shot.json' gespeichert.
File: NCT01850147_exc 

Das File: /work/eauten2s/ec_criteria_struct/transform_chia/input/half_clinical_trials/NCT01850147_exc.txt wurde erfolgreich geladen.
NCT01850147_exc Done 

Die Daten wurden erfolgreich in '/work/eauten2s/ec_criteria_struct/transform_chia/model_output/Llama-3-70B-Instruct_5_shot/Llama-3-70B-Instruct_NCT01850147_exc_5_shot.json' gespeichert.
File: NCT01850147_inc 

Das File: /work/eauten2s/ec_criteria_struct/transform_chia/input/half_clinical_trials/NCT01850147_inc.txt wurde erfolgreich geladen.
NCT01850147_inc Done 

Die Daten wurden erfolgreich in '/work/eauten2s/ec_criteria_struct/transform_chia/model_output/Llama-3-70B-Instruct_5_shot/Llama-3-70B-Instruct_NCT01850147_inc_5_shot.json' gespeichert.
File: NCT01856491_exc 

Das File: /work/eauten2s/ec_criteria_struct/transform_chia/input/half_clinical_trials/NCT01856491_exc.txt wurde erfolgreich geladen.
NCT01856491_exc Done 

Die Daten wurden erfolgreich in '/work/eauten2s/ec_criteria_struct/transform_chia/model_output/Llama-3-70B-Instruct_5_shot/Llama-3-70B-Instruct_NCT01856491_exc_5_shot.json' gespeichert.
File: NCT01856491_inc 

Das File: /work/eauten2s/ec_criteria_struct/transform_chia/input/half_clinical_trials/NCT01856491_inc.txt wurde erfolgreich geladen.
NCT01856491_inc Done 

Die Daten wurden erfolgreich in '/work/eauten2s/ec_criteria_struct/transform_chia/model_output/Llama-3-70B-Instruct_5_shot/Llama-3-70B-Instruct_NCT01856491_inc_5_shot.json' gespeichert.
File: NCT01857167_exc 

Das File: /work/eauten2s/ec_criteria_struct/transform_chia/input/half_clinical_trials/NCT01857167_exc.txt wurde erfolgreich geladen.
NCT01857167_exc Done 

Die Daten wurden erfolgreich in '/work/eauten2s/ec_criteria_struct/transform_chia/model_output/Llama-3-70B-Instruct_5_shot/Llama-3-70B-Instruct_NCT01857167_exc_5_shot.json' gespeichert.
File: NCT01857167_inc 

Das File: /work/eauten2s/ec_criteria_struct/transform_chia/input/half_clinical_trials/NCT01857167_inc.txt wurde erfolgreich geladen.
NCT01857167_inc Done 

Die Daten wurden erfolgreich in '/work/eauten2s/ec_criteria_struct/transform_chia/model_output/Llama-3-70B-Instruct_5_shot/Llama-3-70B-Instruct_NCT01857167_inc_5_shot.json' gespeichert.
File: NCT01866800_exc 

Das File: /work/eauten2s/ec_criteria_struct/transform_chia/input/half_clinical_trials/NCT01866800_exc.txt wurde erfolgreich geladen.
NCT01866800_exc Done 

Die Daten wurden erfolgreich in '/work/eauten2s/ec_criteria_struct/transform_chia/model_output/Llama-3-70B-Instruct_5_shot/Llama-3-70B-Instruct_NCT01866800_exc_5_shot.json' gespeichert.
File: NCT01866800_inc 

Das File: /work/eauten2s/ec_criteria_struct/transform_chia/input/half_clinical_trials/NCT01866800_inc.txt wurde erfolgreich geladen.
NCT01866800_inc Done 

Die Daten wurden erfolgreich in '/work/eauten2s/ec_criteria_struct/transform_chia/model_output/Llama-3-70B-Instruct_5_shot/Llama-3-70B-Instruct_NCT01866800_inc_5_shot.json' gespeichert.
File: NCT01884337_exc 

Das File: /work/eauten2s/ec_criteria_struct/transform_chia/input/half_clinical_trials/NCT01884337_exc.txt wurde erfolgreich geladen.
NCT01884337_exc Done 

Die Daten wurden erfolgreich in '/work/eauten2s/ec_criteria_struct/transform_chia/model_output/Llama-3-70B-Instruct_5_shot/Llama-3-70B-Instruct_NCT01884337_exc_5_shot.json' gespeichert.
File: NCT01884337_inc 

Das File: /work/eauten2s/ec_criteria_struct/transform_chia/input/half_clinical_trials/NCT01884337_inc.txt wurde erfolgreich geladen.
NCT01884337_inc Done 

Die Daten wurden erfolgreich in '/work/eauten2s/ec_criteria_struct/transform_chia/model_output/Llama-3-70B-Instruct_5_shot/Llama-3-70B-Instruct_NCT01884337_inc_5_shot.json' gespeichert.
File: NCT01888965_exc 

Das File: /work/eauten2s/ec_criteria_struct/transform_chia/input/half_clinical_trials/NCT01888965_exc.txt wurde erfolgreich geladen.
NCT01888965_exc Done 

Die Daten wurden erfolgreich in '/work/eauten2s/ec_criteria_struct/transform_chia/model_output/Llama-3-70B-Instruct_5_shot/Llama-3-70B-Instruct_NCT01888965_exc_5_shot.json' gespeichert.
File: NCT01888965_inc 

Das File: /work/eauten2s/ec_criteria_struct/transform_chia/input/half_clinical_trials/NCT01888965_inc.txt wurde erfolgreich geladen.
NCT01888965_inc Done 

Die Daten wurden erfolgreich in '/work/eauten2s/ec_criteria_struct/transform_chia/model_output/Llama-3-70B-Instruct_5_shot/Llama-3-70B-Instruct_NCT01888965_inc_5_shot.json' gespeichert.
File: NCT01890759_exc 

Das File: /work/eauten2s/ec_criteria_struct/transform_chia/input/half_clinical_trials/NCT01890759_exc.txt wurde erfolgreich geladen.
NCT01890759_exc Done 

Die Daten wurden erfolgreich in '/work/eauten2s/ec_criteria_struct/transform_chia/model_output/Llama-3-70B-Instruct_5_shot/Llama-3-70B-Instruct_NCT01890759_exc_5_shot.json' gespeichert.
File: NCT01890759_inc 

Das File: /work/eauten2s/ec_criteria_struct/transform_chia/input/half_clinical_trials/NCT01890759_inc.txt wurde erfolgreich geladen.
NCT01890759_inc Done 

Die Daten wurden erfolgreich in '/work/eauten2s/ec_criteria_struct/transform_chia/model_output/Llama-3-70B-Instruct_5_shot/Llama-3-70B-Instruct_NCT01890759_inc_5_shot.json' gespeichert.
File: NCT01891383_exc 

Das File: /work/eauten2s/ec_criteria_struct/transform_chia/input/half_clinical_trials/NCT01891383_exc.txt wurde erfolgreich geladen.
NCT01891383_exc Done 

Die Daten wurden erfolgreich in '/work/eauten2s/ec_criteria_struct/transform_chia/model_output/Llama-3-70B-Instruct_5_shot/Llama-3-70B-Instruct_NCT01891383_exc_5_shot.json' gespeichert.
File: NCT01891383_inc 

Das File: /work/eauten2s/ec_criteria_struct/transform_chia/input/half_clinical_trials/NCT01891383_inc.txt wurde erfolgreich geladen.
NCT01891383_inc Done 

Die Daten wurden erfolgreich in '/work/eauten2s/ec_criteria_struct/transform_chia/model_output/Llama-3-70B-Instruct_5_shot/Llama-3-70B-Instruct_NCT01891383_inc_5_shot.json' gespeichert.
File: NCT01891513_exc 

Das File: /work/eauten2s/ec_criteria_struct/transform_chia/input/half_clinical_trials/NCT01891513_exc.txt wurde erfolgreich geladen.
NCT01891513_exc Done 

Die Daten wurden erfolgreich in '/work/eauten2s/ec_criteria_struct/transform_chia/model_output/Llama-3-70B-Instruct_5_shot/Llama-3-70B-Instruct_NCT01891513_exc_5_shot.json' gespeichert.
File: NCT01891513_inc 

Das File: /work/eauten2s/ec_criteria_struct/transform_chia/input/half_clinical_trials/NCT01891513_inc.txt wurde erfolgreich geladen.
NCT01891513_inc Done 

Die Daten wurden erfolgreich in '/work/eauten2s/ec_criteria_struct/transform_chia/model_output/Llama-3-70B-Instruct_5_shot/Llama-3-70B-Instruct_NCT01891513_inc_5_shot.json' gespeichert.
File: NCT01895946_exc 

Das File: /work/eauten2s/ec_criteria_struct/transform_chia/input/half_clinical_trials/NCT01895946_exc.txt wurde erfolgreich geladen.
NCT01895946_exc Done 

Die Daten wurden erfolgreich in '/work/eauten2s/ec_criteria_struct/transform_chia/model_output/Llama-3-70B-Instruct_5_shot/Llama-3-70B-Instruct_NCT01895946_exc_5_shot.json' gespeichert.
File: NCT01895946_inc 

Das File: /work/eauten2s/ec_criteria_struct/transform_chia/input/half_clinical_trials/NCT01895946_inc.txt wurde erfolgreich geladen.
NCT01895946_inc Done 

Die Daten wurden erfolgreich in '/work/eauten2s/ec_criteria_struct/transform_chia/model_output/Llama-3-70B-Instruct_5_shot/Llama-3-70B-Instruct_NCT01895946_inc_5_shot.json' gespeichert.
File: NCT01907230_exc 

Das File: /work/eauten2s/ec_criteria_struct/transform_chia/input/half_clinical_trials/NCT01907230_exc.txt wurde erfolgreich geladen.
NCT01907230_exc Done 

Die Daten wurden erfolgreich in '/work/eauten2s/ec_criteria_struct/transform_chia/model_output/Llama-3-70B-Instruct_5_shot/Llama-3-70B-Instruct_NCT01907230_exc_5_shot.json' gespeichert.
File: NCT01907230_inc 

Das File: /work/eauten2s/ec_criteria_struct/transform_chia/input/half_clinical_trials/NCT01907230_inc.txt wurde erfolgreich geladen.
NCT01907230_inc Done 

Die Daten wurden erfolgreich in '/work/eauten2s/ec_criteria_struct/transform_chia/model_output/Llama-3-70B-Instruct_5_shot/Llama-3-70B-Instruct_NCT01907230_inc_5_shot.json' gespeichert.
File: NCT01908465_exc 

Das File: /work/eauten2s/ec_criteria_struct/transform_chia/input/half_clinical_trials/NCT01908465_exc.txt wurde erfolgreich geladen.
NCT01908465_exc Done 

Die Daten wurden erfolgreich in '/work/eauten2s/ec_criteria_struct/transform_chia/model_output/Llama-3-70B-Instruct_5_shot/Llama-3-70B-Instruct_NCT01908465_exc_5_shot.json' gespeichert.
File: NCT01908465_inc 

Das File: /work/eauten2s/ec_criteria_struct/transform_chia/input/half_clinical_trials/NCT01908465_inc.txt wurde erfolgreich geladen.
NCT01908465_inc Done 

Die Daten wurden erfolgreich in '/work/eauten2s/ec_criteria_struct/transform_chia/model_output/Llama-3-70B-Instruct_5_shot/Llama-3-70B-Instruct_NCT01908465_inc_5_shot.json' gespeichert.
File: NCT01909934_exc 

Das File: /work/eauten2s/ec_criteria_struct/transform_chia/input/half_clinical_trials/NCT01909934_exc.txt wurde erfolgreich geladen.
NCT01909934_exc Done 

Die Daten wurden erfolgreich in '/work/eauten2s/ec_criteria_struct/transform_chia/model_output/Llama-3-70B-Instruct_5_shot/Llama-3-70B-Instruct_NCT01909934_exc_5_shot.json' gespeichert.
File: NCT01909934_inc 

Das File: /work/eauten2s/ec_criteria_struct/transform_chia/input/half_clinical_trials/NCT01909934_inc.txt wurde erfolgreich geladen.
NCT01909934_inc Done 

Die Daten wurden erfolgreich in '/work/eauten2s/ec_criteria_struct/transform_chia/model_output/Llama-3-70B-Instruct_5_shot/Llama-3-70B-Instruct_NCT01909934_inc_5_shot.json' gespeichert.
File: NCT01911650_exc 

Das File: /work/eauten2s/ec_criteria_struct/transform_chia/input/half_clinical_trials/NCT01911650_exc.txt wurde erfolgreich geladen.
NCT01911650_exc Done 

Die Daten wurden erfolgreich in '/work/eauten2s/ec_criteria_struct/transform_chia/model_output/Llama-3-70B-Instruct_5_shot/Llama-3-70B-Instruct_NCT01911650_exc_5_shot.json' gespeichert.
File: NCT01911650_inc 

Das File: /work/eauten2s/ec_criteria_struct/transform_chia/input/half_clinical_trials/NCT01911650_inc.txt wurde erfolgreich geladen.
NCT01911650_inc Done 

Die Daten wurden erfolgreich in '/work/eauten2s/ec_criteria_struct/transform_chia/model_output/Llama-3-70B-Instruct_5_shot/Llama-3-70B-Instruct_NCT01911650_inc_5_shot.json' gespeichert.
File: NCT01912651_exc 

Das File: /work/eauten2s/ec_criteria_struct/transform_chia/input/half_clinical_trials/NCT01912651_exc.txt wurde erfolgreich geladen.
NCT01912651_exc Done 

Die Daten wurden erfolgreich in '/work/eauten2s/ec_criteria_struct/transform_chia/model_output/Llama-3-70B-Instruct_5_shot/Llama-3-70B-Instruct_NCT01912651_exc_5_shot.json' gespeichert.
File: NCT01912651_inc 

Das File: /work/eauten2s/ec_criteria_struct/transform_chia/input/half_clinical_trials/NCT01912651_inc.txt wurde erfolgreich geladen.
NCT01912651_inc Done 

Die Daten wurden erfolgreich in '/work/eauten2s/ec_criteria_struct/transform_chia/model_output/Llama-3-70B-Instruct_5_shot/Llama-3-70B-Instruct_NCT01912651_inc_5_shot.json' gespeichert.
File: NCT01912677_exc 

Das File: /work/eauten2s/ec_criteria_struct/transform_chia/input/half_clinical_trials/NCT01912677_exc.txt wurde erfolgreich geladen.
NCT01912677_exc Done 

Die Daten wurden erfolgreich in '/work/eauten2s/ec_criteria_struct/transform_chia/model_output/Llama-3-70B-Instruct_5_shot/Llama-3-70B-Instruct_NCT01912677_exc_5_shot.json' gespeichert.
File: NCT01912677_inc 

Das File: /work/eauten2s/ec_criteria_struct/transform_chia/input/half_clinical_trials/NCT01912677_inc.txt wurde erfolgreich geladen.
NCT01912677_inc Done 

Die Daten wurden erfolgreich in '/work/eauten2s/ec_criteria_struct/transform_chia/model_output/Llama-3-70B-Instruct_5_shot/Llama-3-70B-Instruct_NCT01912677_inc_5_shot.json' gespeichert.
File: NCT01929434_exc 

Das File: /work/eauten2s/ec_criteria_struct/transform_chia/input/half_clinical_trials/NCT01929434_exc.txt wurde erfolgreich geladen.
NCT01929434_exc Done 

Die Daten wurden erfolgreich in '/work/eauten2s/ec_criteria_struct/transform_chia/model_output/Llama-3-70B-Instruct_5_shot/Llama-3-70B-Instruct_NCT01929434_exc_5_shot.json' gespeichert.
File: NCT01929434_inc 

Das File: /work/eauten2s/ec_criteria_struct/transform_chia/input/half_clinical_trials/NCT01929434_inc.txt wurde erfolgreich geladen.
NCT01929434_inc Done 

Die Daten wurden erfolgreich in '/work/eauten2s/ec_criteria_struct/transform_chia/model_output/Llama-3-70B-Instruct_5_shot/Llama-3-70B-Instruct_NCT01929434_inc_5_shot.json' gespeichert.
File: NCT01932996_exc 

Das File: /work/eauten2s/ec_criteria_struct/transform_chia/input/half_clinical_trials/NCT01932996_exc.txt wurde erfolgreich geladen.
NCT01932996_exc Done 

Die Daten wurden erfolgreich in '/work/eauten2s/ec_criteria_struct/transform_chia/model_output/Llama-3-70B-Instruct_5_shot/Llama-3-70B-Instruct_NCT01932996_exc_5_shot.json' gespeichert.
File: NCT01932996_inc 

Das File: /work/eauten2s/ec_criteria_struct/transform_chia/input/half_clinical_trials/NCT01932996_inc.txt wurde erfolgreich geladen.
NCT01932996_inc Done 

Die Daten wurden erfolgreich in '/work/eauten2s/ec_criteria_struct/transform_chia/model_output/Llama-3-70B-Instruct_5_shot/Llama-3-70B-Instruct_NCT01932996_inc_5_shot.json' gespeichert.
File: NCT01942109_exc 

Das File: /work/eauten2s/ec_criteria_struct/transform_chia/input/half_clinical_trials/NCT01942109_exc.txt wurde erfolgreich geladen.
NCT01942109_exc Done 

Die Daten wurden erfolgreich in '/work/eauten2s/ec_criteria_struct/transform_chia/model_output/Llama-3-70B-Instruct_5_shot/Llama-3-70B-Instruct_NCT01942109_exc_5_shot.json' gespeichert.
File: NCT01942109_inc 

Das File: /work/eauten2s/ec_criteria_struct/transform_chia/input/half_clinical_trials/NCT01942109_inc.txt wurde erfolgreich geladen.
NCT01942109_inc Done 

Die Daten wurden erfolgreich in '/work/eauten2s/ec_criteria_struct/transform_chia/model_output/Llama-3-70B-Instruct_5_shot/Llama-3-70B-Instruct_NCT01942109_inc_5_shot.json' gespeichert.
File: NCT01942915_exc 

Das File: /work/eauten2s/ec_criteria_struct/transform_chia/input/half_clinical_trials/NCT01942915_exc.txt wurde erfolgreich geladen.
NCT01942915_exc Done 

Die Daten wurden erfolgreich in '/work/eauten2s/ec_criteria_struct/transform_chia/model_output/Llama-3-70B-Instruct_5_shot/Llama-3-70B-Instruct_NCT01942915_exc_5_shot.json' gespeichert.
File: NCT01942915_inc 

Das File: /work/eauten2s/ec_criteria_struct/transform_chia/input/half_clinical_trials/NCT01942915_inc.txt wurde erfolgreich geladen.
NCT01942915_inc Done 

Die Daten wurden erfolgreich in '/work/eauten2s/ec_criteria_struct/transform_chia/model_output/Llama-3-70B-Instruct_5_shot/Llama-3-70B-Instruct_NCT01942915_inc_5_shot.json' gespeichert.
File: NCT01943409_exc 

Das File: /work/eauten2s/ec_criteria_struct/transform_chia/input/half_clinical_trials/NCT01943409_exc.txt wurde erfolgreich geladen.
NCT01943409_exc Done 

Die Daten wurden erfolgreich in '/work/eauten2s/ec_criteria_struct/transform_chia/model_output/Llama-3-70B-Instruct_5_shot/Llama-3-70B-Instruct_NCT01943409_exc_5_shot.json' gespeichert.
File: NCT01943409_inc 

Das File: /work/eauten2s/ec_criteria_struct/transform_chia/input/half_clinical_trials/NCT01943409_inc.txt wurde erfolgreich geladen.
NCT01943409_inc Done 

Die Daten wurden erfolgreich in '/work/eauten2s/ec_criteria_struct/transform_chia/model_output/Llama-3-70B-Instruct_5_shot/Llama-3-70B-Instruct_NCT01943409_inc_5_shot.json' gespeichert.
File: NCT01943812_exc 

Das File: /work/eauten2s/ec_criteria_struct/transform_chia/input/half_clinical_trials/NCT01943812_exc.txt wurde erfolgreich geladen.
NCT01943812_exc Done 

Die Daten wurden erfolgreich in '/work/eauten2s/ec_criteria_struct/transform_chia/model_output/Llama-3-70B-Instruct_5_shot/Llama-3-70B-Instruct_NCT01943812_exc_5_shot.json' gespeichert.
File: NCT01943812_inc 

Das File: /work/eauten2s/ec_criteria_struct/transform_chia/input/half_clinical_trials/NCT01943812_inc.txt wurde erfolgreich geladen.
NCT01943812_inc Done 

Die Daten wurden erfolgreich in '/work/eauten2s/ec_criteria_struct/transform_chia/model_output/Llama-3-70B-Instruct_5_shot/Llama-3-70B-Instruct_NCT01943812_inc_5_shot.json' gespeichert.
File: NCT01944800_exc 

Das File: /work/eauten2s/ec_criteria_struct/transform_chia/input/half_clinical_trials/NCT01944800_exc.txt wurde erfolgreich geladen.
NCT01944800_exc Done 

Die Daten wurden erfolgreich in '/work/eauten2s/ec_criteria_struct/transform_chia/model_output/Llama-3-70B-Instruct_5_shot/Llama-3-70B-Instruct_NCT01944800_exc_5_shot.json' gespeichert.
File: NCT01944800_inc 

Das File: /work/eauten2s/ec_criteria_struct/transform_chia/input/half_clinical_trials/NCT01944800_inc.txt wurde erfolgreich geladen.
NCT01944800_inc Done 

Die Daten wurden erfolgreich in '/work/eauten2s/ec_criteria_struct/transform_chia/model_output/Llama-3-70B-Instruct_5_shot/Llama-3-70B-Instruct_NCT01944800_inc_5_shot.json' gespeichert.
File: NCT01959061_exc 

Das File: /work/eauten2s/ec_criteria_struct/transform_chia/input/half_clinical_trials/NCT01959061_exc.txt wurde erfolgreich geladen.
NCT01959061_exc Done 

Die Daten wurden erfolgreich in '/work/eauten2s/ec_criteria_struct/transform_chia/model_output/Llama-3-70B-Instruct_5_shot/Llama-3-70B-Instruct_NCT01959061_exc_5_shot.json' gespeichert.
File: NCT01959061_inc 

Das File: /work/eauten2s/ec_criteria_struct/transform_chia/input/half_clinical_trials/NCT01959061_inc.txt wurde erfolgreich geladen.
NCT01959061_inc Done 

Die Daten wurden erfolgreich in '/work/eauten2s/ec_criteria_struct/transform_chia/model_output/Llama-3-70B-Instruct_5_shot/Llama-3-70B-Instruct_NCT01959061_inc_5_shot.json' gespeichert.
File: NCT01959425_exc 

Das File: /work/eauten2s/ec_criteria_struct/transform_chia/input/half_clinical_trials/NCT01959425_exc.txt wurde erfolgreich geladen.
NCT01959425_exc Done 

Die Daten wurden erfolgreich in '/work/eauten2s/ec_criteria_struct/transform_chia/model_output/Llama-3-70B-Instruct_5_shot/Llama-3-70B-Instruct_NCT01959425_exc_5_shot.json' gespeichert.
File: NCT01959425_inc 

Das File: /work/eauten2s/ec_criteria_struct/transform_chia/input/half_clinical_trials/NCT01959425_inc.txt wurde erfolgreich geladen.
NCT01959425_inc Done 

Die Daten wurden erfolgreich in '/work/eauten2s/ec_criteria_struct/transform_chia/model_output/Llama-3-70B-Instruct_5_shot/Llama-3-70B-Instruct_NCT01959425_inc_5_shot.json' gespeichert.
File: NCT01963754_exc 

Das File: /work/eauten2s/ec_criteria_struct/transform_chia/input/half_clinical_trials/NCT01963754_exc.txt wurde erfolgreich geladen.
NCT01963754_exc Done 

Die Daten wurden erfolgreich in '/work/eauten2s/ec_criteria_struct/transform_chia/model_output/Llama-3-70B-Instruct_5_shot/Llama-3-70B-Instruct_NCT01963754_exc_5_shot.json' gespeichert.
File: NCT01963754_inc 

Das File: /work/eauten2s/ec_criteria_struct/transform_chia/input/half_clinical_trials/NCT01963754_inc.txt wurde erfolgreich geladen.
NCT01963754_inc Done 

Die Daten wurden erfolgreich in '/work/eauten2s/ec_criteria_struct/transform_chia/model_output/Llama-3-70B-Instruct_5_shot/Llama-3-70B-Instruct_NCT01963754_inc_5_shot.json' gespeichert.
File: NCT01967420_exc 

Das File: /work/eauten2s/ec_criteria_struct/transform_chia/input/half_clinical_trials/NCT01967420_exc.txt wurde erfolgreich geladen.
NCT01967420_exc Done 

Die Daten wurden erfolgreich in '/work/eauten2s/ec_criteria_struct/transform_chia/model_output/Llama-3-70B-Instruct_5_shot/Llama-3-70B-Instruct_NCT01967420_exc_5_shot.json' gespeichert.
File: NCT01967420_inc 

Das File: /work/eauten2s/ec_criteria_struct/transform_chia/input/half_clinical_trials/NCT01967420_inc.txt wurde erfolgreich geladen.
NCT01967420_inc Done 

Die Daten wurden erfolgreich in '/work/eauten2s/ec_criteria_struct/transform_chia/model_output/Llama-3-70B-Instruct_5_shot/Llama-3-70B-Instruct_NCT01967420_inc_5_shot.json' gespeichert.
File: NCT01978028_exc 

Das File: /work/eauten2s/ec_criteria_struct/transform_chia/input/half_clinical_trials/NCT01978028_exc.txt wurde erfolgreich geladen.
NCT01978028_exc Done 

Die Daten wurden erfolgreich in '/work/eauten2s/ec_criteria_struct/transform_chia/model_output/Llama-3-70B-Instruct_5_shot/Llama-3-70B-Instruct_NCT01978028_exc_5_shot.json' gespeichert.
File: NCT01978028_inc 

Das File: /work/eauten2s/ec_criteria_struct/transform_chia/input/half_clinical_trials/NCT01978028_inc.txt wurde erfolgreich geladen.
NCT01978028_inc Done 

Die Daten wurden erfolgreich in '/work/eauten2s/ec_criteria_struct/transform_chia/model_output/Llama-3-70B-Instruct_5_shot/Llama-3-70B-Instruct_NCT01978028_inc_5_shot.json' gespeichert.
File: NCT01980680_exc 

Das File: /work/eauten2s/ec_criteria_struct/transform_chia/input/half_clinical_trials/NCT01980680_exc.txt wurde erfolgreich geladen.
NCT01980680_exc Done 

Die Daten wurden erfolgreich in '/work/eauten2s/ec_criteria_struct/transform_chia/model_output/Llama-3-70B-Instruct_5_shot/Llama-3-70B-Instruct_NCT01980680_exc_5_shot.json' gespeichert.
File: NCT01980680_inc 

Das File: /work/eauten2s/ec_criteria_struct/transform_chia/input/half_clinical_trials/NCT01980680_inc.txt wurde erfolgreich geladen.
NCT01980680_inc Done 

Die Daten wurden erfolgreich in '/work/eauten2s/ec_criteria_struct/transform_chia/model_output/Llama-3-70B-Instruct_5_shot/Llama-3-70B-Instruct_NCT01980680_inc_5_shot.json' gespeichert.
File: NCT01991743_exc 

Das File: /work/eauten2s/ec_criteria_struct/transform_chia/input/half_clinical_trials/NCT01991743_exc.txt wurde erfolgreich geladen.
NCT01991743_exc Done 

Die Daten wurden erfolgreich in '/work/eauten2s/ec_criteria_struct/transform_chia/model_output/Llama-3-70B-Instruct_5_shot/Llama-3-70B-Instruct_NCT01991743_exc_5_shot.json' gespeichert.
File: NCT01991743_inc 

Das File: /work/eauten2s/ec_criteria_struct/transform_chia/input/half_clinical_trials/NCT01991743_inc.txt wurde erfolgreich geladen.
NCT01991743_inc Done 

Die Daten wurden erfolgreich in '/work/eauten2s/ec_criteria_struct/transform_chia/model_output/Llama-3-70B-Instruct_5_shot/Llama-3-70B-Instruct_NCT01991743_inc_5_shot.json' gespeichert.
File: NCT01993836_exc 

Das File: /work/eauten2s/ec_criteria_struct/transform_chia/input/half_clinical_trials/NCT01993836_exc.txt wurde erfolgreich geladen.
NCT01993836_exc Done 

Die Daten wurden erfolgreich in '/work/eauten2s/ec_criteria_struct/transform_chia/model_output/Llama-3-70B-Instruct_5_shot/Llama-3-70B-Instruct_NCT01993836_exc_5_shot.json' gespeichert.
File: NCT01993836_inc 

Das File: /work/eauten2s/ec_criteria_struct/transform_chia/input/half_clinical_trials/NCT01993836_inc.txt wurde erfolgreich geladen.
NCT01993836_inc Done 

Die Daten wurden erfolgreich in '/work/eauten2s/ec_criteria_struct/transform_chia/model_output/Llama-3-70B-Instruct_5_shot/Llama-3-70B-Instruct_NCT01993836_inc_5_shot.json' gespeichert.
File: NCT01994382_exc 

Das File: /work/eauten2s/ec_criteria_struct/transform_chia/input/half_clinical_trials/NCT01994382_exc.txt wurde erfolgreich geladen.
NCT01994382_exc Done 

Die Daten wurden erfolgreich in '/work/eauten2s/ec_criteria_struct/transform_chia/model_output/Llama-3-70B-Instruct_5_shot/Llama-3-70B-Instruct_NCT01994382_exc_5_shot.json' gespeichert.
File: NCT01994382_inc 

Das File: /work/eauten2s/ec_criteria_struct/transform_chia/input/half_clinical_trials/NCT01994382_inc.txt wurde erfolgreich geladen.
NCT01994382_inc Done 

Die Daten wurden erfolgreich in '/work/eauten2s/ec_criteria_struct/transform_chia/model_output/Llama-3-70B-Instruct_5_shot/Llama-3-70B-Instruct_NCT01994382_inc_5_shot.json' gespeichert.
File: NCT01996436_exc 

Das File: /work/eauten2s/ec_criteria_struct/transform_chia/input/half_clinical_trials/NCT01996436_exc.txt wurde erfolgreich geladen.
NCT01996436_exc Done 

Die Daten wurden erfolgreich in '/work/eauten2s/ec_criteria_struct/transform_chia/model_output/Llama-3-70B-Instruct_5_shot/Llama-3-70B-Instruct_NCT01996436_exc_5_shot.json' gespeichert.
File: NCT01996436_inc 

Das File: /work/eauten2s/ec_criteria_struct/transform_chia/input/half_clinical_trials/NCT01996436_inc.txt wurde erfolgreich geladen.
NCT01996436_inc Done 

Die Daten wurden erfolgreich in '/work/eauten2s/ec_criteria_struct/transform_chia/model_output/Llama-3-70B-Instruct_5_shot/Llama-3-70B-Instruct_NCT01996436_inc_5_shot.json' gespeichert.
File: NCT01997112_exc 

Das File: /work/eauten2s/ec_criteria_struct/transform_chia/input/half_clinical_trials/NCT01997112_exc.txt wurde erfolgreich geladen.
NCT01997112_exc Done 

Die Daten wurden erfolgreich in '/work/eauten2s/ec_criteria_struct/transform_chia/model_output/Llama-3-70B-Instruct_5_shot/Llama-3-70B-Instruct_NCT01997112_exc_5_shot.json' gespeichert.
File: NCT01997112_inc 

Das File: /work/eauten2s/ec_criteria_struct/transform_chia/input/half_clinical_trials/NCT01997112_inc.txt wurde erfolgreich geladen.
NCT01997112_inc Done 

Die Daten wurden erfolgreich in '/work/eauten2s/ec_criteria_struct/transform_chia/model_output/Llama-3-70B-Instruct_5_shot/Llama-3-70B-Instruct_NCT01997112_inc_5_shot.json' gespeichert.
File: NCT01997580_exc 

Das File: /work/eauten2s/ec_criteria_struct/transform_chia/input/half_clinical_trials/NCT01997580_exc.txt wurde erfolgreich geladen.
NCT01997580_exc Done 

Die Daten wurden erfolgreich in '/work/eauten2s/ec_criteria_struct/transform_chia/model_output/Llama-3-70B-Instruct_5_shot/Llama-3-70B-Instruct_NCT01997580_exc_5_shot.json' gespeichert.
File: NCT01997580_inc 

Das File: /work/eauten2s/ec_criteria_struct/transform_chia/input/half_clinical_trials/NCT01997580_inc.txt wurde erfolgreich geladen.
NCT01997580_inc Done 

Die Daten wurden erfolgreich in '/work/eauten2s/ec_criteria_struct/transform_chia/model_output/Llama-3-70B-Instruct_5_shot/Llama-3-70B-Instruct_NCT01997580_inc_5_shot.json' gespeichert.
File: NCT02003339_exc 

Das File: /work/eauten2s/ec_criteria_struct/transform_chia/input/half_clinical_trials/NCT02003339_exc.txt wurde erfolgreich geladen.
NCT02003339_exc Done 

Die Daten wurden erfolgreich in '/work/eauten2s/ec_criteria_struct/transform_chia/model_output/Llama-3-70B-Instruct_5_shot/Llama-3-70B-Instruct_NCT02003339_exc_5_shot.json' gespeichert.
File: NCT02003339_inc 

Das File: /work/eauten2s/ec_criteria_struct/transform_chia/input/half_clinical_trials/NCT02003339_inc.txt wurde erfolgreich geladen.
NCT02003339_inc Done 

Die Daten wurden erfolgreich in '/work/eauten2s/ec_criteria_struct/transform_chia/model_output/Llama-3-70B-Instruct_5_shot/Llama-3-70B-Instruct_NCT02003339_inc_5_shot.json' gespeichert.
File: NCT02015494_exc 

Das File: /work/eauten2s/ec_criteria_struct/transform_chia/input/half_clinical_trials/NCT02015494_exc.txt wurde erfolgreich geladen.
NCT02015494_exc Done 

Die Daten wurden erfolgreich in '/work/eauten2s/ec_criteria_struct/transform_chia/model_output/Llama-3-70B-Instruct_5_shot/Llama-3-70B-Instruct_NCT02015494_exc_5_shot.json' gespeichert.
File: NCT02015494_inc 

Das File: /work/eauten2s/ec_criteria_struct/transform_chia/input/half_clinical_trials/NCT02015494_inc.txt wurde erfolgreich geladen.
NCT02015494_inc Done 

Die Daten wurden erfolgreich in '/work/eauten2s/ec_criteria_struct/transform_chia/model_output/Llama-3-70B-Instruct_5_shot/Llama-3-70B-Instruct_NCT02015494_inc_5_shot.json' gespeichert.
File: NCT02015923_exc 

Das File: /work/eauten2s/ec_criteria_struct/transform_chia/input/half_clinical_trials/NCT02015923_exc.txt wurde erfolgreich geladen.
NCT02015923_exc Done 

Die Daten wurden erfolgreich in '/work/eauten2s/ec_criteria_struct/transform_chia/model_output/Llama-3-70B-Instruct_5_shot/Llama-3-70B-Instruct_NCT02015923_exc_5_shot.json' gespeichert.
File: NCT02015923_inc 

Das File: /work/eauten2s/ec_criteria_struct/transform_chia/input/half_clinical_trials/NCT02015923_inc.txt wurde erfolgreich geladen.
NCT02015923_inc Done 

Die Daten wurden erfolgreich in '/work/eauten2s/ec_criteria_struct/transform_chia/model_output/Llama-3-70B-Instruct_5_shot/Llama-3-70B-Instruct_NCT02015923_inc_5_shot.json' gespeichert.
File: NCT02019160_exc 

Das File: /work/eauten2s/ec_criteria_struct/transform_chia/input/half_clinical_trials/NCT02019160_exc.txt wurde erfolgreich geladen.
NCT02019160_exc Done 

Die Daten wurden erfolgreich in '/work/eauten2s/ec_criteria_struct/transform_chia/model_output/Llama-3-70B-Instruct_5_shot/Llama-3-70B-Instruct_NCT02019160_exc_5_shot.json' gespeichert.
File: NCT02019160_inc 

Das File: /work/eauten2s/ec_criteria_struct/transform_chia/input/half_clinical_trials/NCT02019160_inc.txt wurde erfolgreich geladen.
NCT02019160_inc Done 

Die Daten wurden erfolgreich in '/work/eauten2s/ec_criteria_struct/transform_chia/model_output/Llama-3-70B-Instruct_5_shot/Llama-3-70B-Instruct_NCT02019160_inc_5_shot.json' gespeichert.
File: NCT02019628_exc 

Das File: /work/eauten2s/ec_criteria_struct/transform_chia/input/half_clinical_trials/NCT02019628_exc.txt wurde erfolgreich geladen.
NCT02019628_exc Done 

Die Daten wurden erfolgreich in '/work/eauten2s/ec_criteria_struct/transform_chia/model_output/Llama-3-70B-Instruct_5_shot/Llama-3-70B-Instruct_NCT02019628_exc_5_shot.json' gespeichert.
File: NCT02019628_inc 

Das File: /work/eauten2s/ec_criteria_struct/transform_chia/input/half_clinical_trials/NCT02019628_inc.txt wurde erfolgreich geladen.
NCT02019628_inc Done 

Die Daten wurden erfolgreich in '/work/eauten2s/ec_criteria_struct/transform_chia/model_output/Llama-3-70B-Instruct_5_shot/Llama-3-70B-Instruct_NCT02019628_inc_5_shot.json' gespeichert.
File: NCT02022709_exc 

Das File: /work/eauten2s/ec_criteria_struct/transform_chia/input/half_clinical_trials/NCT02022709_exc.txt wurde erfolgreich geladen.
NCT02022709_exc Done 

Die Daten wurden erfolgreich in '/work/eauten2s/ec_criteria_struct/transform_chia/model_output/Llama-3-70B-Instruct_5_shot/Llama-3-70B-Instruct_NCT02022709_exc_5_shot.json' gespeichert.
File: NCT02022709_inc 

Das File: /work/eauten2s/ec_criteria_struct/transform_chia/input/half_clinical_trials/NCT02022709_inc.txt wurde erfolgreich geladen.
NCT02022709_inc Done 

Die Daten wurden erfolgreich in '/work/eauten2s/ec_criteria_struct/transform_chia/model_output/Llama-3-70B-Instruct_5_shot/Llama-3-70B-Instruct_NCT02022709_inc_5_shot.json' gespeichert.
File: NCT02034019_exc 

Das File: /work/eauten2s/ec_criteria_struct/transform_chia/input/half_clinical_trials/NCT02034019_exc.txt wurde erfolgreich geladen.
NCT02034019_exc Done 

Die Daten wurden erfolgreich in '/work/eauten2s/ec_criteria_struct/transform_chia/model_output/Llama-3-70B-Instruct_5_shot/Llama-3-70B-Instruct_NCT02034019_exc_5_shot.json' gespeichert.
File: NCT02034019_inc 

Das File: /work/eauten2s/ec_criteria_struct/transform_chia/input/half_clinical_trials/NCT02034019_inc.txt wurde erfolgreich geladen.
NCT02034019_inc Done 

Die Daten wurden erfolgreich in '/work/eauten2s/ec_criteria_struct/transform_chia/model_output/Llama-3-70B-Instruct_5_shot/Llama-3-70B-Instruct_NCT02034019_inc_5_shot.json' gespeichert.
File: NCT02035800_exc 

Das File: /work/eauten2s/ec_criteria_struct/transform_chia/input/half_clinical_trials/NCT02035800_exc.txt wurde erfolgreich geladen.
NCT02035800_exc Done 

Die Daten wurden erfolgreich in '/work/eauten2s/ec_criteria_struct/transform_chia/model_output/Llama-3-70B-Instruct_5_shot/Llama-3-70B-Instruct_NCT02035800_exc_5_shot.json' gespeichert.
File: NCT02035800_inc 

Das File: /work/eauten2s/ec_criteria_struct/transform_chia/input/half_clinical_trials/NCT02035800_inc.txt wurde erfolgreich geladen.
NCT02035800_inc Done 

Die Daten wurden erfolgreich in '/work/eauten2s/ec_criteria_struct/transform_chia/model_output/Llama-3-70B-Instruct_5_shot/Llama-3-70B-Instruct_NCT02035800_inc_5_shot.json' gespeichert.
File: NCT02035904_exc 

Das File: /work/eauten2s/ec_criteria_struct/transform_chia/input/half_clinical_trials/NCT02035904_exc.txt wurde erfolgreich geladen.
NCT02035904_exc Done 

Die Daten wurden erfolgreich in '/work/eauten2s/ec_criteria_struct/transform_chia/model_output/Llama-3-70B-Instruct_5_shot/Llama-3-70B-Instruct_NCT02035904_exc_5_shot.json' gespeichert.
File: NCT02035904_inc 

Das File: /work/eauten2s/ec_criteria_struct/transform_chia/input/half_clinical_trials/NCT02035904_inc.txt wurde erfolgreich geladen.
NCT02035904_inc Done 

Die Daten wurden erfolgreich in '/work/eauten2s/ec_criteria_struct/transform_chia/model_output/Llama-3-70B-Instruct_5_shot/Llama-3-70B-Instruct_NCT02035904_inc_5_shot.json' gespeichert.
File: NCT02041299_exc 

Das File: /work/eauten2s/ec_criteria_struct/transform_chia/input/half_clinical_trials/NCT02041299_exc.txt wurde erfolgreich geladen.
NCT02041299_exc Done 

Die Daten wurden erfolgreich in '/work/eauten2s/ec_criteria_struct/transform_chia/model_output/Llama-3-70B-Instruct_5_shot/Llama-3-70B-Instruct_NCT02041299_exc_5_shot.json' gespeichert.
File: NCT02041299_inc 

Das File: /work/eauten2s/ec_criteria_struct/transform_chia/input/half_clinical_trials/NCT02041299_inc.txt wurde erfolgreich geladen.
NCT02041299_inc Done 

Die Daten wurden erfolgreich in '/work/eauten2s/ec_criteria_struct/transform_chia/model_output/Llama-3-70B-Instruct_5_shot/Llama-3-70B-Instruct_NCT02041299_inc_5_shot.json' gespeichert.
File: NCT02042287_exc 

Das File: /work/eauten2s/ec_criteria_struct/transform_chia/input/half_clinical_trials/NCT02042287_exc.txt wurde erfolgreich geladen.
NCT02042287_exc Done 

Die Daten wurden erfolgreich in '/work/eauten2s/ec_criteria_struct/transform_chia/model_output/Llama-3-70B-Instruct_5_shot/Llama-3-70B-Instruct_NCT02042287_exc_5_shot.json' gespeichert.
File: NCT02042287_inc 

Das File: /work/eauten2s/ec_criteria_struct/transform_chia/input/half_clinical_trials/NCT02042287_inc.txt wurde erfolgreich geladen.
NCT02042287_inc Done 

Die Daten wurden erfolgreich in '/work/eauten2s/ec_criteria_struct/transform_chia/model_output/Llama-3-70B-Instruct_5_shot/Llama-3-70B-Instruct_NCT02042287_inc_5_shot.json' gespeichert.
File: NCT02046395_exc 

Das File: /work/eauten2s/ec_criteria_struct/transform_chia/input/half_clinical_trials/NCT02046395_exc.txt wurde erfolgreich geladen.
NCT02046395_exc Done 

Die Daten wurden erfolgreich in '/work/eauten2s/ec_criteria_struct/transform_chia/model_output/Llama-3-70B-Instruct_5_shot/Llama-3-70B-Instruct_NCT02046395_exc_5_shot.json' gespeichert.
File: NCT02046395_inc 

Das File: /work/eauten2s/ec_criteria_struct/transform_chia/input/half_clinical_trials/NCT02046395_inc.txt wurde erfolgreich geladen.
NCT02046395_inc Done 

Die Daten wurden erfolgreich in '/work/eauten2s/ec_criteria_struct/transform_chia/model_output/Llama-3-70B-Instruct_5_shot/Llama-3-70B-Instruct_NCT02046395_inc_5_shot.json' gespeichert.
File: NCT02053246_exc 

Das File: /work/eauten2s/ec_criteria_struct/transform_chia/input/half_clinical_trials/NCT02053246_exc.txt wurde erfolgreich geladen.
NCT02053246_exc Done 

Die Daten wurden erfolgreich in '/work/eauten2s/ec_criteria_struct/transform_chia/model_output/Llama-3-70B-Instruct_5_shot/Llama-3-70B-Instruct_NCT02053246_exc_5_shot.json' gespeichert.
File: NCT02053246_inc 

Das File: /work/eauten2s/ec_criteria_struct/transform_chia/input/half_clinical_trials/NCT02053246_inc.txt wurde erfolgreich geladen.
NCT02053246_inc Done 

Die Daten wurden erfolgreich in '/work/eauten2s/ec_criteria_struct/transform_chia/model_output/Llama-3-70B-Instruct_5_shot/Llama-3-70B-Instruct_NCT02053246_inc_5_shot.json' gespeichert.
File: NCT02055053_exc 

Das File: /work/eauten2s/ec_criteria_struct/transform_chia/input/half_clinical_trials/NCT02055053_exc.txt wurde erfolgreich geladen.
NCT02055053_exc Done 

Die Daten wurden erfolgreich in '/work/eauten2s/ec_criteria_struct/transform_chia/model_output/Llama-3-70B-Instruct_5_shot/Llama-3-70B-Instruct_NCT02055053_exc_5_shot.json' gespeichert.
File: NCT02055053_inc 

Das File: /work/eauten2s/ec_criteria_struct/transform_chia/input/half_clinical_trials/NCT02055053_inc.txt wurde erfolgreich geladen.
NCT02055053_inc Done 

Die Daten wurden erfolgreich in '/work/eauten2s/ec_criteria_struct/transform_chia/model_output/Llama-3-70B-Instruct_5_shot/Llama-3-70B-Instruct_NCT02055053_inc_5_shot.json' gespeichert.
File: NCT02056288_exc 

Das File: /work/eauten2s/ec_criteria_struct/transform_chia/input/half_clinical_trials/NCT02056288_exc.txt wurde erfolgreich geladen.
NCT02056288_exc Done 

Die Daten wurden erfolgreich in '/work/eauten2s/ec_criteria_struct/transform_chia/model_output/Llama-3-70B-Instruct_5_shot/Llama-3-70B-Instruct_NCT02056288_exc_5_shot.json' gespeichert.
File: NCT02056288_inc 

Das File: /work/eauten2s/ec_criteria_struct/transform_chia/input/half_clinical_trials/NCT02056288_inc.txt wurde erfolgreich geladen.
NCT02056288_inc Done 

Die Daten wurden erfolgreich in '/work/eauten2s/ec_criteria_struct/transform_chia/model_output/Llama-3-70B-Instruct_5_shot/Llama-3-70B-Instruct_NCT02056288_inc_5_shot.json' gespeichert.
File: NCT02056301_exc 

Das File: /work/eauten2s/ec_criteria_struct/transform_chia/input/half_clinical_trials/NCT02056301_exc.txt wurde erfolgreich geladen.
NCT02056301_exc Done 

Die Daten wurden erfolgreich in '/work/eauten2s/ec_criteria_struct/transform_chia/model_output/Llama-3-70B-Instruct_5_shot/Llama-3-70B-Instruct_NCT02056301_exc_5_shot.json' gespeichert.
File: NCT02056301_inc 

Das File: /work/eauten2s/ec_criteria_struct/transform_chia/input/half_clinical_trials/NCT02056301_inc.txt wurde erfolgreich geladen.
NCT02056301_inc Done 

Die Daten wurden erfolgreich in '/work/eauten2s/ec_criteria_struct/transform_chia/model_output/Llama-3-70B-Instruct_5_shot/Llama-3-70B-Instruct_NCT02056301_inc_5_shot.json' gespeichert.
File: NCT02056626_exc 

Das File: /work/eauten2s/ec_criteria_struct/transform_chia/input/half_clinical_trials/NCT02056626_exc.txt wurde erfolgreich geladen.
NCT02056626_exc Done 

Die Daten wurden erfolgreich in '/work/eauten2s/ec_criteria_struct/transform_chia/model_output/Llama-3-70B-Instruct_5_shot/Llama-3-70B-Instruct_NCT02056626_exc_5_shot.json' gespeichert.
File: NCT02056626_inc 

Das File: /work/eauten2s/ec_criteria_struct/transform_chia/input/half_clinical_trials/NCT02056626_inc.txt wurde erfolgreich geladen.
NCT02056626_inc Done 

Die Daten wurden erfolgreich in '/work/eauten2s/ec_criteria_struct/transform_chia/model_output/Llama-3-70B-Instruct_5_shot/Llama-3-70B-Instruct_NCT02056626_inc_5_shot.json' gespeichert.
File: NCT02062489_exc 

Das File: /work/eauten2s/ec_criteria_struct/transform_chia/input/half_clinical_trials/NCT02062489_exc.txt wurde erfolgreich geladen.
NCT02062489_exc Done 

Die Daten wurden erfolgreich in '/work/eauten2s/ec_criteria_struct/transform_chia/model_output/Llama-3-70B-Instruct_5_shot/Llama-3-70B-Instruct_NCT02062489_exc_5_shot.json' gespeichert.
File: NCT02062489_inc 

Das File: /work/eauten2s/ec_criteria_struct/transform_chia/input/half_clinical_trials/NCT02062489_inc.txt wurde erfolgreich geladen.
NCT02062489_inc Done 

Die Daten wurden erfolgreich in '/work/eauten2s/ec_criteria_struct/transform_chia/model_output/Llama-3-70B-Instruct_5_shot/Llama-3-70B-Instruct_NCT02062489_inc_5_shot.json' gespeichert.
File: NCT02068365_exc 

Das File: /work/eauten2s/ec_criteria_struct/transform_chia/input/half_clinical_trials/NCT02068365_exc.txt wurde erfolgreich geladen.
NCT02068365_exc Done 

Die Daten wurden erfolgreich in '/work/eauten2s/ec_criteria_struct/transform_chia/model_output/Llama-3-70B-Instruct_5_shot/Llama-3-70B-Instruct_NCT02068365_exc_5_shot.json' gespeichert.
File: NCT02068365_inc 

Das File: /work/eauten2s/ec_criteria_struct/transform_chia/input/half_clinical_trials/NCT02068365_inc.txt wurde erfolgreich geladen.
NCT02068365_inc Done 

Die Daten wurden erfolgreich in '/work/eauten2s/ec_criteria_struct/transform_chia/model_output/Llama-3-70B-Instruct_5_shot/Llama-3-70B-Instruct_NCT02068365_inc_5_shot.json' gespeichert.
File: NCT02072811_exc 

Das File: /work/eauten2s/ec_criteria_struct/transform_chia/input/half_clinical_trials/NCT02072811_exc.txt wurde erfolgreich geladen.
NCT02072811_exc Done 

Die Daten wurden erfolgreich in '/work/eauten2s/ec_criteria_struct/transform_chia/model_output/Llama-3-70B-Instruct_5_shot/Llama-3-70B-Instruct_NCT02072811_exc_5_shot.json' gespeichert.
File: NCT02072811_inc 

Das File: /work/eauten2s/ec_criteria_struct/transform_chia/input/half_clinical_trials/NCT02072811_inc.txt wurde erfolgreich geladen.
NCT02072811_inc Done 

Die Daten wurden erfolgreich in '/work/eauten2s/ec_criteria_struct/transform_chia/model_output/Llama-3-70B-Instruct_5_shot/Llama-3-70B-Instruct_NCT02072811_inc_5_shot.json' gespeichert.
File: NCT02077556_exc 

Das File: /work/eauten2s/ec_criteria_struct/transform_chia/input/half_clinical_trials/NCT02077556_exc.txt wurde erfolgreich geladen.
NCT02077556_exc Done 

Die Daten wurden erfolgreich in '/work/eauten2s/ec_criteria_struct/transform_chia/model_output/Llama-3-70B-Instruct_5_shot/Llama-3-70B-Instruct_NCT02077556_exc_5_shot.json' gespeichert.
File: NCT02077556_inc 

Das File: /work/eauten2s/ec_criteria_struct/transform_chia/input/half_clinical_trials/NCT02077556_inc.txt wurde erfolgreich geladen.
NCT02077556_inc Done 

Die Daten wurden erfolgreich in '/work/eauten2s/ec_criteria_struct/transform_chia/model_output/Llama-3-70B-Instruct_5_shot/Llama-3-70B-Instruct_NCT02077556_inc_5_shot.json' gespeichert.
File: NCT02083991_exc 

Das File: /work/eauten2s/ec_criteria_struct/transform_chia/input/half_clinical_trials/NCT02083991_exc.txt wurde erfolgreich geladen.
NCT02083991_exc Done 

Die Daten wurden erfolgreich in '/work/eauten2s/ec_criteria_struct/transform_chia/model_output/Llama-3-70B-Instruct_5_shot/Llama-3-70B-Instruct_NCT02083991_exc_5_shot.json' gespeichert.
File: NCT02083991_inc 

Das File: /work/eauten2s/ec_criteria_struct/transform_chia/input/half_clinical_trials/NCT02083991_inc.txt wurde erfolgreich geladen.
NCT02083991_inc Done 

Die Daten wurden erfolgreich in '/work/eauten2s/ec_criteria_struct/transform_chia/model_output/Llama-3-70B-Instruct_5_shot/Llama-3-70B-Instruct_NCT02083991_inc_5_shot.json' gespeichert.
File: NCT02092467_exc 

Das File: /work/eauten2s/ec_criteria_struct/transform_chia/input/half_clinical_trials/NCT02092467_exc.txt wurde erfolgreich geladen.
NCT02092467_exc Done 

Die Daten wurden erfolgreich in '/work/eauten2s/ec_criteria_struct/transform_chia/model_output/Llama-3-70B-Instruct_5_shot/Llama-3-70B-Instruct_NCT02092467_exc_5_shot.json' gespeichert.
File: NCT02092467_inc 

Das File: /work/eauten2s/ec_criteria_struct/transform_chia/input/half_clinical_trials/NCT02092467_inc.txt wurde erfolgreich geladen.
NCT02092467_inc Done 

Die Daten wurden erfolgreich in '/work/eauten2s/ec_criteria_struct/transform_chia/model_output/Llama-3-70B-Instruct_5_shot/Llama-3-70B-Instruct_NCT02092467_inc_5_shot.json' gespeichert.
File: NCT02101554_exc 

Das File: /work/eauten2s/ec_criteria_struct/transform_chia/input/half_clinical_trials/NCT02101554_exc.txt wurde erfolgreich geladen.
NCT02101554_exc Done 

Die Daten wurden erfolgreich in '/work/eauten2s/ec_criteria_struct/transform_chia/model_output/Llama-3-70B-Instruct_5_shot/Llama-3-70B-Instruct_NCT02101554_exc_5_shot.json' gespeichert.
File: NCT02101554_inc 

Das File: /work/eauten2s/ec_criteria_struct/transform_chia/input/half_clinical_trials/NCT02101554_inc.txt wurde erfolgreich geladen.
NCT02101554_inc Done 

Die Daten wurden erfolgreich in '/work/eauten2s/ec_criteria_struct/transform_chia/model_output/Llama-3-70B-Instruct_5_shot/Llama-3-70B-Instruct_NCT02101554_inc_5_shot.json' gespeichert.
File: NCT02102243_exc 

Das File: /work/eauten2s/ec_criteria_struct/transform_chia/input/half_clinical_trials/NCT02102243_exc.txt wurde erfolgreich geladen.
NCT02102243_exc Done 

Die Daten wurden erfolgreich in '/work/eauten2s/ec_criteria_struct/transform_chia/model_output/Llama-3-70B-Instruct_5_shot/Llama-3-70B-Instruct_NCT02102243_exc_5_shot.json' gespeichert.
File: NCT02102243_inc 

Das File: /work/eauten2s/ec_criteria_struct/transform_chia/input/half_clinical_trials/NCT02102243_inc.txt wurde erfolgreich geladen.
NCT02102243_inc Done 

Die Daten wurden erfolgreich in '/work/eauten2s/ec_criteria_struct/transform_chia/model_output/Llama-3-70B-Instruct_5_shot/Llama-3-70B-Instruct_NCT02102243_inc_5_shot.json' gespeichert.
File: NCT02105090_exc 

Das File: /work/eauten2s/ec_criteria_struct/transform_chia/input/half_clinical_trials/NCT02105090_exc.txt wurde erfolgreich geladen.
NCT02105090_exc Done 

Die Daten wurden erfolgreich in '/work/eauten2s/ec_criteria_struct/transform_chia/model_output/Llama-3-70B-Instruct_5_shot/Llama-3-70B-Instruct_NCT02105090_exc_5_shot.json' gespeichert.
File: NCT02105090_inc 

Das File: /work/eauten2s/ec_criteria_struct/transform_chia/input/half_clinical_trials/NCT02105090_inc.txt wurde erfolgreich geladen.
NCT02105090_inc Done 

Die Daten wurden erfolgreich in '/work/eauten2s/ec_criteria_struct/transform_chia/model_output/Llama-3-70B-Instruct_5_shot/Llama-3-70B-Instruct_NCT02105090_inc_5_shot.json' gespeichert.
File: NCT02106598_exc 

Das File: /work/eauten2s/ec_criteria_struct/transform_chia/input/half_clinical_trials/NCT02106598_exc.txt wurde erfolgreich geladen.
NCT02106598_exc Done 

Die Daten wurden erfolgreich in '/work/eauten2s/ec_criteria_struct/transform_chia/model_output/Llama-3-70B-Instruct_5_shot/Llama-3-70B-Instruct_NCT02106598_exc_5_shot.json' gespeichert.
File: NCT02106598_inc 

Das File: /work/eauten2s/ec_criteria_struct/transform_chia/input/half_clinical_trials/NCT02106598_inc.txt wurde erfolgreich geladen.
NCT02106598_inc Done 

Die Daten wurden erfolgreich in '/work/eauten2s/ec_criteria_struct/transform_chia/model_output/Llama-3-70B-Instruct_5_shot/Llama-3-70B-Instruct_NCT02106598_inc_5_shot.json' gespeichert.
File: NCT02106624_exc 

Das File: /work/eauten2s/ec_criteria_struct/transform_chia/input/half_clinical_trials/NCT02106624_exc.txt wurde erfolgreich geladen.
NCT02106624_exc Done 

Die Daten wurden erfolgreich in '/work/eauten2s/ec_criteria_struct/transform_chia/model_output/Llama-3-70B-Instruct_5_shot/Llama-3-70B-Instruct_NCT02106624_exc_5_shot.json' gespeichert.
File: NCT02106624_inc 

Das File: /work/eauten2s/ec_criteria_struct/transform_chia/input/half_clinical_trials/NCT02106624_inc.txt wurde erfolgreich geladen.
NCT02106624_inc Done 

Die Daten wurden erfolgreich in '/work/eauten2s/ec_criteria_struct/transform_chia/model_output/Llama-3-70B-Instruct_5_shot/Llama-3-70B-Instruct_NCT02106624_inc_5_shot.json' gespeichert.
File: NCT02109081_exc 

Das File: /work/eauten2s/ec_criteria_struct/transform_chia/input/half_clinical_trials/NCT02109081_exc.txt wurde erfolgreich geladen.
NCT02109081_exc Done 

Die Daten wurden erfolgreich in '/work/eauten2s/ec_criteria_struct/transform_chia/model_output/Llama-3-70B-Instruct_5_shot/Llama-3-70B-Instruct_NCT02109081_exc_5_shot.json' gespeichert.
File: NCT02109081_inc 

Das File: /work/eauten2s/ec_criteria_struct/transform_chia/input/half_clinical_trials/NCT02109081_inc.txt wurde erfolgreich geladen.
NCT02109081_inc Done 

Die Daten wurden erfolgreich in '/work/eauten2s/ec_criteria_struct/transform_chia/model_output/Llama-3-70B-Instruct_5_shot/Llama-3-70B-Instruct_NCT02109081_inc_5_shot.json' gespeichert.
File: NCT02112734_exc 

Das File: /work/eauten2s/ec_criteria_struct/transform_chia/input/half_clinical_trials/NCT02112734_exc.txt wurde erfolgreich geladen.
NCT02112734_exc Done 

Die Daten wurden erfolgreich in '/work/eauten2s/ec_criteria_struct/transform_chia/model_output/Llama-3-70B-Instruct_5_shot/Llama-3-70B-Instruct_NCT02112734_exc_5_shot.json' gespeichert.
File: NCT02112734_inc 

Das File: /work/eauten2s/ec_criteria_struct/transform_chia/input/half_clinical_trials/NCT02112734_inc.txt wurde erfolgreich geladen.
NCT02112734_inc Done 

Die Daten wurden erfolgreich in '/work/eauten2s/ec_criteria_struct/transform_chia/model_output/Llama-3-70B-Instruct_5_shot/Llama-3-70B-Instruct_NCT02112734_inc_5_shot.json' gespeichert.
File: NCT02117986_exc 

Das File: /work/eauten2s/ec_criteria_struct/transform_chia/input/half_clinical_trials/NCT02117986_exc.txt wurde erfolgreich geladen.
NCT02117986_exc Done 

Die Daten wurden erfolgreich in '/work/eauten2s/ec_criteria_struct/transform_chia/model_output/Llama-3-70B-Instruct_5_shot/Llama-3-70B-Instruct_NCT02117986_exc_5_shot.json' gespeichert.
File: NCT02117986_inc 

Das File: /work/eauten2s/ec_criteria_struct/transform_chia/input/half_clinical_trials/NCT02117986_inc.txt wurde erfolgreich geladen.
NCT02117986_inc Done 

Die Daten wurden erfolgreich in '/work/eauten2s/ec_criteria_struct/transform_chia/model_output/Llama-3-70B-Instruct_5_shot/Llama-3-70B-Instruct_NCT02117986_inc_5_shot.json' gespeichert.
File: NCT02118467_exc 

Das File: /work/eauten2s/ec_criteria_struct/transform_chia/input/half_clinical_trials/NCT02118467_exc.txt wurde erfolgreich geladen.
NCT02118467_exc Done 

Die Daten wurden erfolgreich in '/work/eauten2s/ec_criteria_struct/transform_chia/model_output/Llama-3-70B-Instruct_5_shot/Llama-3-70B-Instruct_NCT02118467_exc_5_shot.json' gespeichert.
File: NCT02118467_inc 

Das File: /work/eauten2s/ec_criteria_struct/transform_chia/input/half_clinical_trials/NCT02118467_inc.txt wurde erfolgreich geladen.
NCT02118467_inc Done 

Die Daten wurden erfolgreich in '/work/eauten2s/ec_criteria_struct/transform_chia/model_output/Llama-3-70B-Instruct_5_shot/Llama-3-70B-Instruct_NCT02118467_inc_5_shot.json' gespeichert.
File: NCT02121145_exc 

Das File: /work/eauten2s/ec_criteria_struct/transform_chia/input/half_clinical_trials/NCT02121145_exc.txt wurde erfolgreich geladen.
NCT02121145_exc Done 

Die Daten wurden erfolgreich in '/work/eauten2s/ec_criteria_struct/transform_chia/model_output/Llama-3-70B-Instruct_5_shot/Llama-3-70B-Instruct_NCT02121145_exc_5_shot.json' gespeichert.
File: NCT02121145_inc 

Das File: /work/eauten2s/ec_criteria_struct/transform_chia/input/half_clinical_trials/NCT02121145_inc.txt wurde erfolgreich geladen.
NCT02121145_inc Done 

Die Daten wurden erfolgreich in '/work/eauten2s/ec_criteria_struct/transform_chia/model_output/Llama-3-70B-Instruct_5_shot/Llama-3-70B-Instruct_NCT02121145_inc_5_shot.json' gespeichert.
File: NCT02137369_exc 

Das File: /work/eauten2s/ec_criteria_struct/transform_chia/input/half_clinical_trials/NCT02137369_exc.txt wurde erfolgreich geladen.
NCT02137369_exc Done 

Die Daten wurden erfolgreich in '/work/eauten2s/ec_criteria_struct/transform_chia/model_output/Llama-3-70B-Instruct_5_shot/Llama-3-70B-Instruct_NCT02137369_exc_5_shot.json' gespeichert.
File: NCT02137369_inc 

Das File: /work/eauten2s/ec_criteria_struct/transform_chia/input/half_clinical_trials/NCT02137369_inc.txt wurde erfolgreich geladen.
NCT02137369_inc Done 

Die Daten wurden erfolgreich in '/work/eauten2s/ec_criteria_struct/transform_chia/model_output/Llama-3-70B-Instruct_5_shot/Llama-3-70B-Instruct_NCT02137369_inc_5_shot.json' gespeichert.
File: NCT02137538_exc 

Das File: /work/eauten2s/ec_criteria_struct/transform_chia/input/half_clinical_trials/NCT02137538_exc.txt wurde erfolgreich geladen.
NCT02137538_exc Done 

Die Daten wurden erfolgreich in '/work/eauten2s/ec_criteria_struct/transform_chia/model_output/Llama-3-70B-Instruct_5_shot/Llama-3-70B-Instruct_NCT02137538_exc_5_shot.json' gespeichert.
File: NCT02137538_inc 

Das File: /work/eauten2s/ec_criteria_struct/transform_chia/input/half_clinical_trials/NCT02137538_inc.txt wurde erfolgreich geladen.
NCT02137538_inc Done 

Die Daten wurden erfolgreich in '/work/eauten2s/ec_criteria_struct/transform_chia/model_output/Llama-3-70B-Instruct_5_shot/Llama-3-70B-Instruct_NCT02137538_inc_5_shot.json' gespeichert.
File: NCT02141061_exc 

Das File: /work/eauten2s/ec_criteria_struct/transform_chia/input/half_clinical_trials/NCT02141061_exc.txt wurde erfolgreich geladen.
NCT02141061_exc Done 

Die Daten wurden erfolgreich in '/work/eauten2s/ec_criteria_struct/transform_chia/model_output/Llama-3-70B-Instruct_5_shot/Llama-3-70B-Instruct_NCT02141061_exc_5_shot.json' gespeichert.
File: NCT02141061_inc 

Das File: /work/eauten2s/ec_criteria_struct/transform_chia/input/half_clinical_trials/NCT02141061_inc.txt wurde erfolgreich geladen.
NCT02141061_inc Done 

Die Daten wurden erfolgreich in '/work/eauten2s/ec_criteria_struct/transform_chia/model_output/Llama-3-70B-Instruct_5_shot/Llama-3-70B-Instruct_NCT02141061_inc_5_shot.json' gespeichert.
File: NCT02145026_exc 

Das File: /work/eauten2s/ec_criteria_struct/transform_chia/input/half_clinical_trials/NCT02145026_exc.txt wurde erfolgreich geladen.
NCT02145026_exc Done 

Die Daten wurden erfolgreich in '/work/eauten2s/ec_criteria_struct/transform_chia/model_output/Llama-3-70B-Instruct_5_shot/Llama-3-70B-Instruct_NCT02145026_exc_5_shot.json' gespeichert.
File: NCT02145026_inc 

Das File: /work/eauten2s/ec_criteria_struct/transform_chia/input/half_clinical_trials/NCT02145026_inc.txt wurde erfolgreich geladen.
NCT02145026_inc Done 

Die Daten wurden erfolgreich in '/work/eauten2s/ec_criteria_struct/transform_chia/model_output/Llama-3-70B-Instruct_5_shot/Llama-3-70B-Instruct_NCT02145026_inc_5_shot.json' gespeichert.
File: NCT02150590_exc 

Das File: /work/eauten2s/ec_criteria_struct/transform_chia/input/half_clinical_trials/NCT02150590_exc.txt wurde erfolgreich geladen.
NCT02150590_exc Done 

Die Daten wurden erfolgreich in '/work/eauten2s/ec_criteria_struct/transform_chia/model_output/Llama-3-70B-Instruct_5_shot/Llama-3-70B-Instruct_NCT02150590_exc_5_shot.json' gespeichert.
File: NCT02150590_inc 

Das File: /work/eauten2s/ec_criteria_struct/transform_chia/input/half_clinical_trials/NCT02150590_inc.txt wurde erfolgreich geladen.
NCT02150590_inc Done 

Die Daten wurden erfolgreich in '/work/eauten2s/ec_criteria_struct/transform_chia/model_output/Llama-3-70B-Instruct_5_shot/Llama-3-70B-Instruct_NCT02150590_inc_5_shot.json' gespeichert.
File: NCT02152696_exc 

Das File: /work/eauten2s/ec_criteria_struct/transform_chia/input/half_clinical_trials/NCT02152696_exc.txt wurde erfolgreich geladen.
NCT02152696_exc Done 

Die Daten wurden erfolgreich in '/work/eauten2s/ec_criteria_struct/transform_chia/model_output/Llama-3-70B-Instruct_5_shot/Llama-3-70B-Instruct_NCT02152696_exc_5_shot.json' gespeichert.
File: NCT02152696_inc 

Das File: /work/eauten2s/ec_criteria_struct/transform_chia/input/half_clinical_trials/NCT02152696_inc.txt wurde erfolgreich geladen.
NCT02152696_inc Done 

Die Daten wurden erfolgreich in '/work/eauten2s/ec_criteria_struct/transform_chia/model_output/Llama-3-70B-Instruct_5_shot/Llama-3-70B-Instruct_NCT02152696_inc_5_shot.json' gespeichert.
File: NCT02156999_exc 

Das File: /work/eauten2s/ec_criteria_struct/transform_chia/input/half_clinical_trials/NCT02156999_exc.txt wurde erfolgreich geladen.
NCT02156999_exc Done 

Die Daten wurden erfolgreich in '/work/eauten2s/ec_criteria_struct/transform_chia/model_output/Llama-3-70B-Instruct_5_shot/Llama-3-70B-Instruct_NCT02156999_exc_5_shot.json' gespeichert.
File: NCT02156999_inc 

Das File: /work/eauten2s/ec_criteria_struct/transform_chia/input/half_clinical_trials/NCT02156999_inc.txt wurde erfolgreich geladen.
NCT02156999_inc Done 

Die Daten wurden erfolgreich in '/work/eauten2s/ec_criteria_struct/transform_chia/model_output/Llama-3-70B-Instruct_5_shot/Llama-3-70B-Instruct_NCT02156999_inc_5_shot.json' gespeichert.
File: NCT02162433_exc 

Das File: /work/eauten2s/ec_criteria_struct/transform_chia/input/half_clinical_trials/NCT02162433_exc.txt wurde erfolgreich geladen.
NCT02162433_exc Done 

Die Daten wurden erfolgreich in '/work/eauten2s/ec_criteria_struct/transform_chia/model_output/Llama-3-70B-Instruct_5_shot/Llama-3-70B-Instruct_NCT02162433_exc_5_shot.json' gespeichert.
File: NCT02162433_inc 

Das File: /work/eauten2s/ec_criteria_struct/transform_chia/input/half_clinical_trials/NCT02162433_inc.txt wurde erfolgreich geladen.
NCT02162433_inc Done 

Die Daten wurden erfolgreich in '/work/eauten2s/ec_criteria_struct/transform_chia/model_output/Llama-3-70B-Instruct_5_shot/Llama-3-70B-Instruct_NCT02162433_inc_5_shot.json' gespeichert.
File: NCT02164734_exc 

Das File: /work/eauten2s/ec_criteria_struct/transform_chia/input/half_clinical_trials/NCT02164734_exc.txt wurde erfolgreich geladen.
NCT02164734_exc Done 

Die Daten wurden erfolgreich in '/work/eauten2s/ec_criteria_struct/transform_chia/model_output/Llama-3-70B-Instruct_5_shot/Llama-3-70B-Instruct_NCT02164734_exc_5_shot.json' gespeichert.
File: NCT02164734_inc 

Das File: /work/eauten2s/ec_criteria_struct/transform_chia/input/half_clinical_trials/NCT02164734_inc.txt wurde erfolgreich geladen.
NCT02164734_inc Done 

Die Daten wurden erfolgreich in '/work/eauten2s/ec_criteria_struct/transform_chia/model_output/Llama-3-70B-Instruct_5_shot/Llama-3-70B-Instruct_NCT02164734_inc_5_shot.json' gespeichert.
File: NCT02167022_exc 

Das File: /work/eauten2s/ec_criteria_struct/transform_chia/input/half_clinical_trials/NCT02167022_exc.txt wurde erfolgreich geladen.
NCT02167022_exc Done 

Die Daten wurden erfolgreich in '/work/eauten2s/ec_criteria_struct/transform_chia/model_output/Llama-3-70B-Instruct_5_shot/Llama-3-70B-Instruct_NCT02167022_exc_5_shot.json' gespeichert.
File: NCT02167022_inc 

Das File: /work/eauten2s/ec_criteria_struct/transform_chia/input/half_clinical_trials/NCT02167022_inc.txt wurde erfolgreich geladen.
NCT02167022_inc Done 

Die Daten wurden erfolgreich in '/work/eauten2s/ec_criteria_struct/transform_chia/model_output/Llama-3-70B-Instruct_5_shot/Llama-3-70B-Instruct_NCT02167022_inc_5_shot.json' gespeichert.
File: NCT02175186_exc 

Das File: /work/eauten2s/ec_criteria_struct/transform_chia/input/half_clinical_trials/NCT02175186_exc.txt wurde erfolgreich geladen.
NCT02175186_exc Done 

Die Daten wurden erfolgreich in '/work/eauten2s/ec_criteria_struct/transform_chia/model_output/Llama-3-70B-Instruct_5_shot/Llama-3-70B-Instruct_NCT02175186_exc_5_shot.json' gespeichert.
File: NCT02175186_inc 

Das File: /work/eauten2s/ec_criteria_struct/transform_chia/input/half_clinical_trials/NCT02175186_inc.txt wurde erfolgreich geladen.
NCT02175186_inc Done 

Die Daten wurden erfolgreich in '/work/eauten2s/ec_criteria_struct/transform_chia/model_output/Llama-3-70B-Instruct_5_shot/Llama-3-70B-Instruct_NCT02175186_inc_5_shot.json' gespeichert.
File: NCT02186600_exc 

Das File: /work/eauten2s/ec_criteria_struct/transform_chia/input/half_clinical_trials/NCT02186600_exc.txt wurde erfolgreich geladen.
NCT02186600_exc Done 

Die Daten wurden erfolgreich in '/work/eauten2s/ec_criteria_struct/transform_chia/model_output/Llama-3-70B-Instruct_5_shot/Llama-3-70B-Instruct_NCT02186600_exc_5_shot.json' gespeichert.
File: NCT02186600_inc 

Das File: /work/eauten2s/ec_criteria_struct/transform_chia/input/half_clinical_trials/NCT02186600_inc.txt wurde erfolgreich geladen.
NCT02186600_inc Done 

Die Daten wurden erfolgreich in '/work/eauten2s/ec_criteria_struct/transform_chia/model_output/Llama-3-70B-Instruct_5_shot/Llama-3-70B-Instruct_NCT02186600_inc_5_shot.json' gespeichert.
File: NCT02186782_exc 

Das File: /work/eauten2s/ec_criteria_struct/transform_chia/input/half_clinical_trials/NCT02186782_exc.txt wurde erfolgreich geladen.
NCT02186782_exc Done 

Die Daten wurden erfolgreich in '/work/eauten2s/ec_criteria_struct/transform_chia/model_output/Llama-3-70B-Instruct_5_shot/Llama-3-70B-Instruct_NCT02186782_exc_5_shot.json' gespeichert.
File: NCT02186782_inc 

Das File: /work/eauten2s/ec_criteria_struct/transform_chia/input/half_clinical_trials/NCT02186782_inc.txt wurde erfolgreich geladen.
NCT02186782_inc Done 

Die Daten wurden erfolgreich in '/work/eauten2s/ec_criteria_struct/transform_chia/model_output/Llama-3-70B-Instruct_5_shot/Llama-3-70B-Instruct_NCT02186782_inc_5_shot.json' gespeichert.
File: NCT02195024_exc 

Das File: /work/eauten2s/ec_criteria_struct/transform_chia/input/half_clinical_trials/NCT02195024_exc.txt wurde erfolgreich geladen.
NCT02195024_exc Done 

Die Daten wurden erfolgreich in '/work/eauten2s/ec_criteria_struct/transform_chia/model_output/Llama-3-70B-Instruct_5_shot/Llama-3-70B-Instruct_NCT02195024_exc_5_shot.json' gespeichert.
File: NCT02195024_inc 

Das File: /work/eauten2s/ec_criteria_struct/transform_chia/input/half_clinical_trials/NCT02195024_inc.txt wurde erfolgreich geladen.
NCT02195024_inc Done 

Die Daten wurden erfolgreich in '/work/eauten2s/ec_criteria_struct/transform_chia/model_output/Llama-3-70B-Instruct_5_shot/Llama-3-70B-Instruct_NCT02195024_inc_5_shot.json' gespeichert.
File: NCT02196285_exc 

Das File: /work/eauten2s/ec_criteria_struct/transform_chia/input/half_clinical_trials/NCT02196285_exc.txt wurde erfolgreich geladen.
NCT02196285_exc Done 

Die Daten wurden erfolgreich in '/work/eauten2s/ec_criteria_struct/transform_chia/model_output/Llama-3-70B-Instruct_5_shot/Llama-3-70B-Instruct_NCT02196285_exc_5_shot.json' gespeichert.
File: NCT02196285_inc 

Das File: /work/eauten2s/ec_criteria_struct/transform_chia/input/half_clinical_trials/NCT02196285_inc.txt wurde erfolgreich geladen.
NCT02196285_inc Done 

Die Daten wurden erfolgreich in '/work/eauten2s/ec_criteria_struct/transform_chia/model_output/Llama-3-70B-Instruct_5_shot/Llama-3-70B-Instruct_NCT02196285_inc_5_shot.json' gespeichert.
File: NCT02200978_exc 

Das File: /work/eauten2s/ec_criteria_struct/transform_chia/input/half_clinical_trials/NCT02200978_exc.txt wurde erfolgreich geladen.
NCT02200978_exc Done 

Die Daten wurden erfolgreich in '/work/eauten2s/ec_criteria_struct/transform_chia/model_output/Llama-3-70B-Instruct_5_shot/Llama-3-70B-Instruct_NCT02200978_exc_5_shot.json' gespeichert.
File: NCT02200978_inc 

Das File: /work/eauten2s/ec_criteria_struct/transform_chia/input/half_clinical_trials/NCT02200978_inc.txt wurde erfolgreich geladen.
NCT02200978_inc Done 

Die Daten wurden erfolgreich in '/work/eauten2s/ec_criteria_struct/transform_chia/model_output/Llama-3-70B-Instruct_5_shot/Llama-3-70B-Instruct_NCT02200978_inc_5_shot.json' gespeichert.
File: NCT02201316_exc 

Das File: /work/eauten2s/ec_criteria_struct/transform_chia/input/half_clinical_trials/NCT02201316_exc.txt wurde erfolgreich geladen.
NCT02201316_exc Done 

Die Daten wurden erfolgreich in '/work/eauten2s/ec_criteria_struct/transform_chia/model_output/Llama-3-70B-Instruct_5_shot/Llama-3-70B-Instruct_NCT02201316_exc_5_shot.json' gespeichert.
File: NCT02201316_inc 

Das File: /work/eauten2s/ec_criteria_struct/transform_chia/input/half_clinical_trials/NCT02201316_inc.txt wurde erfolgreich geladen.
NCT02201316_inc Done 

Die Daten wurden erfolgreich in '/work/eauten2s/ec_criteria_struct/transform_chia/model_output/Llama-3-70B-Instruct_5_shot/Llama-3-70B-Instruct_NCT02201316_inc_5_shot.json' gespeichert.
File: NCT02202369_exc 

Das File: /work/eauten2s/ec_criteria_struct/transform_chia/input/half_clinical_trials/NCT02202369_exc.txt wurde erfolgreich geladen.
NCT02202369_exc Done 

Die Daten wurden erfolgreich in '/work/eauten2s/ec_criteria_struct/transform_chia/model_output/Llama-3-70B-Instruct_5_shot/Llama-3-70B-Instruct_NCT02202369_exc_5_shot.json' gespeichert.
File: NCT02202369_inc 

Das File: /work/eauten2s/ec_criteria_struct/transform_chia/input/half_clinical_trials/NCT02202369_inc.txt wurde erfolgreich geladen.
NCT02202369_inc Done 

Die Daten wurden erfolgreich in '/work/eauten2s/ec_criteria_struct/transform_chia/model_output/Llama-3-70B-Instruct_5_shot/Llama-3-70B-Instruct_NCT02202369_inc_5_shot.json' gespeichert.
File: NCT02203019_exc 

Das File: /work/eauten2s/ec_criteria_struct/transform_chia/input/half_clinical_trials/NCT02203019_exc.txt wurde erfolgreich geladen.
NCT02203019_exc Done 

Die Daten wurden erfolgreich in '/work/eauten2s/ec_criteria_struct/transform_chia/model_output/Llama-3-70B-Instruct_5_shot/Llama-3-70B-Instruct_NCT02203019_exc_5_shot.json' gespeichert.
File: NCT02203019_inc 

Das File: /work/eauten2s/ec_criteria_struct/transform_chia/input/half_clinical_trials/NCT02203019_inc.txt wurde erfolgreich geladen.
NCT02203019_inc Done 

Die Daten wurden erfolgreich in '/work/eauten2s/ec_criteria_struct/transform_chia/model_output/Llama-3-70B-Instruct_5_shot/Llama-3-70B-Instruct_NCT02203019_inc_5_shot.json' gespeichert.
File: NCT02205502_exc 

Das File: /work/eauten2s/ec_criteria_struct/transform_chia/input/half_clinical_trials/NCT02205502_exc.txt wurde erfolgreich geladen.
NCT02205502_exc Done 

Die Daten wurden erfolgreich in '/work/eauten2s/ec_criteria_struct/transform_chia/model_output/Llama-3-70B-Instruct_5_shot/Llama-3-70B-Instruct_NCT02205502_exc_5_shot.json' gespeichert.
File: NCT02205502_inc 

Das File: /work/eauten2s/ec_criteria_struct/transform_chia/input/half_clinical_trials/NCT02205502_inc.txt wurde erfolgreich geladen.
NCT02205502_inc Done 

Die Daten wurden erfolgreich in '/work/eauten2s/ec_criteria_struct/transform_chia/model_output/Llama-3-70B-Instruct_5_shot/Llama-3-70B-Instruct_NCT02205502_inc_5_shot.json' gespeichert.
File: NCT02205931_exc 

Das File: /work/eauten2s/ec_criteria_struct/transform_chia/input/half_clinical_trials/NCT02205931_exc.txt wurde erfolgreich geladen.
NCT02205931_exc Done 

Die Daten wurden erfolgreich in '/work/eauten2s/ec_criteria_struct/transform_chia/model_output/Llama-3-70B-Instruct_5_shot/Llama-3-70B-Instruct_NCT02205931_exc_5_shot.json' gespeichert.
File: NCT02205931_inc 

Das File: /work/eauten2s/ec_criteria_struct/transform_chia/input/half_clinical_trials/NCT02205931_inc.txt wurde erfolgreich geladen.
NCT02205931_inc Done 

Die Daten wurden erfolgreich in '/work/eauten2s/ec_criteria_struct/transform_chia/model_output/Llama-3-70B-Instruct_5_shot/Llama-3-70B-Instruct_NCT02205931_inc_5_shot.json' gespeichert.
File: NCT02208739_exc 

Das File: /work/eauten2s/ec_criteria_struct/transform_chia/input/half_clinical_trials/NCT02208739_exc.txt wurde erfolgreich geladen.
NCT02208739_exc Done 

Die Daten wurden erfolgreich in '/work/eauten2s/ec_criteria_struct/transform_chia/model_output/Llama-3-70B-Instruct_5_shot/Llama-3-70B-Instruct_NCT02208739_exc_5_shot.json' gespeichert.
File: NCT02208739_inc 

Das File: /work/eauten2s/ec_criteria_struct/transform_chia/input/half_clinical_trials/NCT02208739_inc.txt wurde erfolgreich geladen.
NCT02208739_inc Done 

Die Daten wurden erfolgreich in '/work/eauten2s/ec_criteria_struct/transform_chia/model_output/Llama-3-70B-Instruct_5_shot/Llama-3-70B-Instruct_NCT02208739_inc_5_shot.json' gespeichert.
File: NCT02209545_exc 

Das File: /work/eauten2s/ec_criteria_struct/transform_chia/input/half_clinical_trials/NCT02209545_exc.txt wurde erfolgreich geladen.
NCT02209545_exc Done 

Die Daten wurden erfolgreich in '/work/eauten2s/ec_criteria_struct/transform_chia/model_output/Llama-3-70B-Instruct_5_shot/Llama-3-70B-Instruct_NCT02209545_exc_5_shot.json' gespeichert.
File: NCT02209545_inc 

Das File: /work/eauten2s/ec_criteria_struct/transform_chia/input/half_clinical_trials/NCT02209545_inc.txt wurde erfolgreich geladen.
NCT02209545_inc Done 

Die Daten wurden erfolgreich in '/work/eauten2s/ec_criteria_struct/transform_chia/model_output/Llama-3-70B-Instruct_5_shot/Llama-3-70B-Instruct_NCT02209545_inc_5_shot.json' gespeichert.
File: NCT02219880_exc 

Das File: /work/eauten2s/ec_criteria_struct/transform_chia/input/half_clinical_trials/NCT02219880_exc.txt wurde erfolgreich geladen.
NCT02219880_exc Done 

Die Daten wurden erfolgreich in '/work/eauten2s/ec_criteria_struct/transform_chia/model_output/Llama-3-70B-Instruct_5_shot/Llama-3-70B-Instruct_NCT02219880_exc_5_shot.json' gespeichert.
File: NCT02219880_inc 

Das File: /work/eauten2s/ec_criteria_struct/transform_chia/input/half_clinical_trials/NCT02219880_inc.txt wurde erfolgreich geladen.
NCT02219880_inc Done 

Die Daten wurden erfolgreich in '/work/eauten2s/ec_criteria_struct/transform_chia/model_output/Llama-3-70B-Instruct_5_shot/Llama-3-70B-Instruct_NCT02219880_inc_5_shot.json' gespeichert.
File: NCT02222272_exc 

Das File: /work/eauten2s/ec_criteria_struct/transform_chia/input/half_clinical_trials/NCT02222272_exc.txt wurde erfolgreich geladen.
NCT02222272_exc Done 

Die Daten wurden erfolgreich in '/work/eauten2s/ec_criteria_struct/transform_chia/model_output/Llama-3-70B-Instruct_5_shot/Llama-3-70B-Instruct_NCT02222272_exc_5_shot.json' gespeichert.
File: NCT02222272_inc 

Das File: /work/eauten2s/ec_criteria_struct/transform_chia/input/half_clinical_trials/NCT02222272_inc.txt wurde erfolgreich geladen.
NCT02222272_inc Done 

Die Daten wurden erfolgreich in '/work/eauten2s/ec_criteria_struct/transform_chia/model_output/Llama-3-70B-Instruct_5_shot/Llama-3-70B-Instruct_NCT02222272_inc_5_shot.json' gespeichert.
File: NCT02224040_exc 

Das File: /work/eauten2s/ec_criteria_struct/transform_chia/input/half_clinical_trials/NCT02224040_exc.txt wurde erfolgreich geladen.
NCT02224040_exc Done 

Die Daten wurden erfolgreich in '/work/eauten2s/ec_criteria_struct/transform_chia/model_output/Llama-3-70B-Instruct_5_shot/Llama-3-70B-Instruct_NCT02224040_exc_5_shot.json' gespeichert.
File: NCT02224040_inc 

Das File: /work/eauten2s/ec_criteria_struct/transform_chia/input/half_clinical_trials/NCT02224040_inc.txt wurde erfolgreich geladen.
NCT02224040_inc Done 

Die Daten wurden erfolgreich in '/work/eauten2s/ec_criteria_struct/transform_chia/model_output/Llama-3-70B-Instruct_5_shot/Llama-3-70B-Instruct_NCT02224040_inc_5_shot.json' gespeichert.
File: NCT02225548_exc 

Das File: /work/eauten2s/ec_criteria_struct/transform_chia/input/half_clinical_trials/NCT02225548_exc.txt wurde erfolgreich geladen.
NCT02225548_exc Done 

Die Daten wurden erfolgreich in '/work/eauten2s/ec_criteria_struct/transform_chia/model_output/Llama-3-70B-Instruct_5_shot/Llama-3-70B-Instruct_NCT02225548_exc_5_shot.json' gespeichert.
File: NCT02225548_inc 

Das File: /work/eauten2s/ec_criteria_struct/transform_chia/input/half_clinical_trials/NCT02225548_inc.txt wurde erfolgreich geladen.
NCT02225548_inc Done 

Die Daten wurden erfolgreich in '/work/eauten2s/ec_criteria_struct/transform_chia/model_output/Llama-3-70B-Instruct_5_shot/Llama-3-70B-Instruct_NCT02225548_inc_5_shot.json' gespeichert.
File: NCT02226887_exc 

Das File: /work/eauten2s/ec_criteria_struct/transform_chia/input/half_clinical_trials/NCT02226887_exc.txt wurde erfolgreich geladen.
NCT02226887_exc Done 

Die Daten wurden erfolgreich in '/work/eauten2s/ec_criteria_struct/transform_chia/model_output/Llama-3-70B-Instruct_5_shot/Llama-3-70B-Instruct_NCT02226887_exc_5_shot.json' gespeichert.
File: NCT02226887_inc 

Das File: /work/eauten2s/ec_criteria_struct/transform_chia/input/half_clinical_trials/NCT02226887_inc.txt wurde erfolgreich geladen.
NCT02226887_inc Done 

Die Daten wurden erfolgreich in '/work/eauten2s/ec_criteria_struct/transform_chia/model_output/Llama-3-70B-Instruct_5_shot/Llama-3-70B-Instruct_NCT02226887_inc_5_shot.json' gespeichert.
File: NCT02227992_exc 

Das File: /work/eauten2s/ec_criteria_struct/transform_chia/input/half_clinical_trials/NCT02227992_exc.txt wurde erfolgreich geladen.
NCT02227992_exc Done 

Die Daten wurden erfolgreich in '/work/eauten2s/ec_criteria_struct/transform_chia/model_output/Llama-3-70B-Instruct_5_shot/Llama-3-70B-Instruct_NCT02227992_exc_5_shot.json' gespeichert.
File: NCT02227992_inc 

Das File: /work/eauten2s/ec_criteria_struct/transform_chia/input/half_clinical_trials/NCT02227992_inc.txt wurde erfolgreich geladen.
NCT02227992_inc Done 

Die Daten wurden erfolgreich in '/work/eauten2s/ec_criteria_struct/transform_chia/model_output/Llama-3-70B-Instruct_5_shot/Llama-3-70B-Instruct_NCT02227992_inc_5_shot.json' gespeichert.
File: NCT02231892_exc 

Das File: /work/eauten2s/ec_criteria_struct/transform_chia/input/half_clinical_trials/NCT02231892_exc.txt wurde erfolgreich geladen.
NCT02231892_exc Done 

Die Daten wurden erfolgreich in '/work/eauten2s/ec_criteria_struct/transform_chia/model_output/Llama-3-70B-Instruct_5_shot/Llama-3-70B-Instruct_NCT02231892_exc_5_shot.json' gespeichert.
File: NCT02231892_inc 

Das File: /work/eauten2s/ec_criteria_struct/transform_chia/input/half_clinical_trials/NCT02231892_inc.txt wurde erfolgreich geladen.
NCT02231892_inc Done 

Die Daten wurden erfolgreich in '/work/eauten2s/ec_criteria_struct/transform_chia/model_output/Llama-3-70B-Instruct_5_shot/Llama-3-70B-Instruct_NCT02231892_inc_5_shot.json' gespeichert.
File: NCT02242188_exc 

Das File: /work/eauten2s/ec_criteria_struct/transform_chia/input/half_clinical_trials/NCT02242188_exc.txt wurde erfolgreich geladen.
NCT02242188_exc Done 

Die Daten wurden erfolgreich in '/work/eauten2s/ec_criteria_struct/transform_chia/model_output/Llama-3-70B-Instruct_5_shot/Llama-3-70B-Instruct_NCT02242188_exc_5_shot.json' gespeichert.
File: NCT02242188_inc 

Das File: /work/eauten2s/ec_criteria_struct/transform_chia/input/half_clinical_trials/NCT02242188_inc.txt wurde erfolgreich geladen.
NCT02242188_inc Done 

Die Daten wurden erfolgreich in '/work/eauten2s/ec_criteria_struct/transform_chia/model_output/Llama-3-70B-Instruct_5_shot/Llama-3-70B-Instruct_NCT02242188_inc_5_shot.json' gespeichert.
File: NCT02243553_exc 

Das File: /work/eauten2s/ec_criteria_struct/transform_chia/input/half_clinical_trials/NCT02243553_exc.txt wurde erfolgreich geladen.
NCT02243553_exc Done 

Die Daten wurden erfolgreich in '/work/eauten2s/ec_criteria_struct/transform_chia/model_output/Llama-3-70B-Instruct_5_shot/Llama-3-70B-Instruct_NCT02243553_exc_5_shot.json' gespeichert.
File: NCT02243553_inc 

Das File: /work/eauten2s/ec_criteria_struct/transform_chia/input/half_clinical_trials/NCT02243553_inc.txt wurde erfolgreich geladen.
NCT02243553_inc Done 

Die Daten wurden erfolgreich in '/work/eauten2s/ec_criteria_struct/transform_chia/model_output/Llama-3-70B-Instruct_5_shot/Llama-3-70B-Instruct_NCT02243553_inc_5_shot.json' gespeichert.
File: NCT02245256_exc 

Das File: /work/eauten2s/ec_criteria_struct/transform_chia/input/half_clinical_trials/NCT02245256_exc.txt wurde erfolgreich geladen.
NCT02245256_exc Done 

Die Daten wurden erfolgreich in '/work/eauten2s/ec_criteria_struct/transform_chia/model_output/Llama-3-70B-Instruct_5_shot/Llama-3-70B-Instruct_NCT02245256_exc_5_shot.json' gespeichert.
File: NCT02245256_inc 

Das File: /work/eauten2s/ec_criteria_struct/transform_chia/input/half_clinical_trials/NCT02245256_inc.txt wurde erfolgreich geladen.
NCT02245256_inc Done 

Die Daten wurden erfolgreich in '/work/eauten2s/ec_criteria_struct/transform_chia/model_output/Llama-3-70B-Instruct_5_shot/Llama-3-70B-Instruct_NCT02245256_inc_5_shot.json' gespeichert.
File: NCT02247128_exc 

Das File: /work/eauten2s/ec_criteria_struct/transform_chia/input/half_clinical_trials/NCT02247128_exc.txt wurde erfolgreich geladen.
NCT02247128_exc Done 

Die Daten wurden erfolgreich in '/work/eauten2s/ec_criteria_struct/transform_chia/model_output/Llama-3-70B-Instruct_5_shot/Llama-3-70B-Instruct_NCT02247128_exc_5_shot.json' gespeichert.
File: NCT02247128_inc 

Das File: /work/eauten2s/ec_criteria_struct/transform_chia/input/half_clinical_trials/NCT02247128_inc.txt wurde erfolgreich geladen.
NCT02247128_inc Done 

Die Daten wurden erfolgreich in '/work/eauten2s/ec_criteria_struct/transform_chia/model_output/Llama-3-70B-Instruct_5_shot/Llama-3-70B-Instruct_NCT02247128_inc_5_shot.json' gespeichert.
File: NCT02251249_exc 

Das File: /work/eauten2s/ec_criteria_struct/transform_chia/input/half_clinical_trials/NCT02251249_exc.txt wurde erfolgreich geladen.
NCT02251249_exc Done 

Die Daten wurden erfolgreich in '/work/eauten2s/ec_criteria_struct/transform_chia/model_output/Llama-3-70B-Instruct_5_shot/Llama-3-70B-Instruct_NCT02251249_exc_5_shot.json' gespeichert.
File: NCT02251249_inc 

Das File: /work/eauten2s/ec_criteria_struct/transform_chia/input/half_clinical_trials/NCT02251249_inc.txt wurde erfolgreich geladen.
NCT02251249_inc Done 

Die Daten wurden erfolgreich in '/work/eauten2s/ec_criteria_struct/transform_chia/model_output/Llama-3-70B-Instruct_5_shot/Llama-3-70B-Instruct_NCT02251249_inc_5_shot.json' gespeichert.
File: NCT02254668_exc 

Das File: /work/eauten2s/ec_criteria_struct/transform_chia/input/half_clinical_trials/NCT02254668_exc.txt wurde erfolgreich geladen.
NCT02254668_exc Done 

Die Daten wurden erfolgreich in '/work/eauten2s/ec_criteria_struct/transform_chia/model_output/Llama-3-70B-Instruct_5_shot/Llama-3-70B-Instruct_NCT02254668_exc_5_shot.json' gespeichert.
File: NCT02254668_inc 

Das File: /work/eauten2s/ec_criteria_struct/transform_chia/input/half_clinical_trials/NCT02254668_inc.txt wurde erfolgreich geladen.
NCT02254668_inc Done 

Die Daten wurden erfolgreich in '/work/eauten2s/ec_criteria_struct/transform_chia/model_output/Llama-3-70B-Instruct_5_shot/Llama-3-70B-Instruct_NCT02254668_inc_5_shot.json' gespeichert.
File: NCT02256943_exc 

Das File: /work/eauten2s/ec_criteria_struct/transform_chia/input/half_clinical_trials/NCT02256943_exc.txt wurde erfolgreich geladen.
NCT02256943_exc Done 

Die Daten wurden erfolgreich in '/work/eauten2s/ec_criteria_struct/transform_chia/model_output/Llama-3-70B-Instruct_5_shot/Llama-3-70B-Instruct_NCT02256943_exc_5_shot.json' gespeichert.
File: NCT02256943_inc 

Das File: /work/eauten2s/ec_criteria_struct/transform_chia/input/half_clinical_trials/NCT02256943_inc.txt wurde erfolgreich geladen.
NCT02256943_inc Done 

Die Daten wurden erfolgreich in '/work/eauten2s/ec_criteria_struct/transform_chia/model_output/Llama-3-70B-Instruct_5_shot/Llama-3-70B-Instruct_NCT02256943_inc_5_shot.json' gespeichert.
File: NCT02256956_exc 

Das File: /work/eauten2s/ec_criteria_struct/transform_chia/input/half_clinical_trials/NCT02256956_exc.txt wurde erfolgreich geladen.
NCT02256956_exc Done 

Die Daten wurden erfolgreich in '/work/eauten2s/ec_criteria_struct/transform_chia/model_output/Llama-3-70B-Instruct_5_shot/Llama-3-70B-Instruct_NCT02256956_exc_5_shot.json' gespeichert.
File: NCT02256956_inc 

Das File: /work/eauten2s/ec_criteria_struct/transform_chia/input/half_clinical_trials/NCT02256956_inc.txt wurde erfolgreich geladen.
NCT02256956_inc Done 

Die Daten wurden erfolgreich in '/work/eauten2s/ec_criteria_struct/transform_chia/model_output/Llama-3-70B-Instruct_5_shot/Llama-3-70B-Instruct_NCT02256956_inc_5_shot.json' gespeichert.
File: NCT02257580_exc 

Das File: /work/eauten2s/ec_criteria_struct/transform_chia/input/half_clinical_trials/NCT02257580_exc.txt wurde erfolgreich geladen.
NCT02257580_exc Done 

Die Daten wurden erfolgreich in '/work/eauten2s/ec_criteria_struct/transform_chia/model_output/Llama-3-70B-Instruct_5_shot/Llama-3-70B-Instruct_NCT02257580_exc_5_shot.json' gespeichert.
File: NCT02257580_inc 

Das File: /work/eauten2s/ec_criteria_struct/transform_chia/input/half_clinical_trials/NCT02257580_inc.txt wurde erfolgreich geladen.
NCT02257580_inc Done 

Die Daten wurden erfolgreich in '/work/eauten2s/ec_criteria_struct/transform_chia/model_output/Llama-3-70B-Instruct_5_shot/Llama-3-70B-Instruct_NCT02257580_inc_5_shot.json' gespeichert.
File: NCT02260206_exc 

Das File: /work/eauten2s/ec_criteria_struct/transform_chia/input/half_clinical_trials/NCT02260206_exc.txt wurde erfolgreich geladen.
NCT02260206_exc Done 

Die Daten wurden erfolgreich in '/work/eauten2s/ec_criteria_struct/transform_chia/model_output/Llama-3-70B-Instruct_5_shot/Llama-3-70B-Instruct_NCT02260206_exc_5_shot.json' gespeichert.
File: NCT02260206_inc 

Das File: /work/eauten2s/ec_criteria_struct/transform_chia/input/half_clinical_trials/NCT02260206_inc.txt wurde erfolgreich geladen.
NCT02260206_inc Done 

Die Daten wurden erfolgreich in '/work/eauten2s/ec_criteria_struct/transform_chia/model_output/Llama-3-70B-Instruct_5_shot/Llama-3-70B-Instruct_NCT02260206_inc_5_shot.json' gespeichert.
File: NCT02260700_exc 

Das File: /work/eauten2s/ec_criteria_struct/transform_chia/input/half_clinical_trials/NCT02260700_exc.txt wurde erfolgreich geladen.
NCT02260700_exc Done 

Die Daten wurden erfolgreich in '/work/eauten2s/ec_criteria_struct/transform_chia/model_output/Llama-3-70B-Instruct_5_shot/Llama-3-70B-Instruct_NCT02260700_exc_5_shot.json' gespeichert.
File: NCT02260700_inc 

Das File: /work/eauten2s/ec_criteria_struct/transform_chia/input/half_clinical_trials/NCT02260700_inc.txt wurde erfolgreich geladen.
NCT02260700_inc Done 

Die Daten wurden erfolgreich in '/work/eauten2s/ec_criteria_struct/transform_chia/model_output/Llama-3-70B-Instruct_5_shot/Llama-3-70B-Instruct_NCT02260700_inc_5_shot.json' gespeichert.
File: NCT02267616_exc 

Das File: /work/eauten2s/ec_criteria_struct/transform_chia/input/half_clinical_trials/NCT02267616_exc.txt wurde erfolgreich geladen.
NCT02267616_exc Done 

Die Daten wurden erfolgreich in '/work/eauten2s/ec_criteria_struct/transform_chia/model_output/Llama-3-70B-Instruct_5_shot/Llama-3-70B-Instruct_NCT02267616_exc_5_shot.json' gespeichert.
File: NCT02267616_inc 

Das File: /work/eauten2s/ec_criteria_struct/transform_chia/input/half_clinical_trials/NCT02267616_inc.txt wurde erfolgreich geladen.
NCT02267616_inc Done 

Die Daten wurden erfolgreich in '/work/eauten2s/ec_criteria_struct/transform_chia/model_output/Llama-3-70B-Instruct_5_shot/Llama-3-70B-Instruct_NCT02267616_inc_5_shot.json' gespeichert.
File: NCT02269137_exc 

Das File: /work/eauten2s/ec_criteria_struct/transform_chia/input/half_clinical_trials/NCT02269137_exc.txt wurde erfolgreich geladen.
NCT02269137_exc Done 

Die Daten wurden erfolgreich in '/work/eauten2s/ec_criteria_struct/transform_chia/model_output/Llama-3-70B-Instruct_5_shot/Llama-3-70B-Instruct_NCT02269137_exc_5_shot.json' gespeichert.
File: NCT02269137_inc 

Das File: /work/eauten2s/ec_criteria_struct/transform_chia/input/half_clinical_trials/NCT02269137_inc.txt wurde erfolgreich geladen.
NCT02269137_inc Done 

Die Daten wurden erfolgreich in '/work/eauten2s/ec_criteria_struct/transform_chia/model_output/Llama-3-70B-Instruct_5_shot/Llama-3-70B-Instruct_NCT02269137_inc_5_shot.json' gespeichert.
File: NCT02270970_exc 

Das File: /work/eauten2s/ec_criteria_struct/transform_chia/input/half_clinical_trials/NCT02270970_exc.txt wurde erfolgreich geladen.
NCT02270970_exc Done 

Die Daten wurden erfolgreich in '/work/eauten2s/ec_criteria_struct/transform_chia/model_output/Llama-3-70B-Instruct_5_shot/Llama-3-70B-Instruct_NCT02270970_exc_5_shot.json' gespeichert.
File: NCT02270970_inc 

Das File: /work/eauten2s/ec_criteria_struct/transform_chia/input/half_clinical_trials/NCT02270970_inc.txt wurde erfolgreich geladen.
NCT02270970_inc Done 

Die Daten wurden erfolgreich in '/work/eauten2s/ec_criteria_struct/transform_chia/model_output/Llama-3-70B-Instruct_5_shot/Llama-3-70B-Instruct_NCT02270970_inc_5_shot.json' gespeichert.
File: NCT02273791_exc 

Das File: /work/eauten2s/ec_criteria_struct/transform_chia/input/half_clinical_trials/NCT02273791_exc.txt wurde erfolgreich geladen.
NCT02273791_exc Done 

Die Daten wurden erfolgreich in '/work/eauten2s/ec_criteria_struct/transform_chia/model_output/Llama-3-70B-Instruct_5_shot/Llama-3-70B-Instruct_NCT02273791_exc_5_shot.json' gespeichert.
File: NCT02273791_inc 

Das File: /work/eauten2s/ec_criteria_struct/transform_chia/input/half_clinical_trials/NCT02273791_inc.txt wurde erfolgreich geladen.
NCT02273791_inc Done 

Die Daten wurden erfolgreich in '/work/eauten2s/ec_criteria_struct/transform_chia/model_output/Llama-3-70B-Instruct_5_shot/Llama-3-70B-Instruct_NCT02273791_inc_5_shot.json' gespeichert.
File: NCT02277041_exc 

Das File: /work/eauten2s/ec_criteria_struct/transform_chia/input/half_clinical_trials/NCT02277041_exc.txt wurde erfolgreich geladen.
NCT02277041_exc Done 

Die Daten wurden erfolgreich in '/work/eauten2s/ec_criteria_struct/transform_chia/model_output/Llama-3-70B-Instruct_5_shot/Llama-3-70B-Instruct_NCT02277041_exc_5_shot.json' gespeichert.
File: NCT02277041_inc 

Das File: /work/eauten2s/ec_criteria_struct/transform_chia/input/half_clinical_trials/NCT02277041_inc.txt wurde erfolgreich geladen.
NCT02277041_inc Done 

Die Daten wurden erfolgreich in '/work/eauten2s/ec_criteria_struct/transform_chia/model_output/Llama-3-70B-Instruct_5_shot/Llama-3-70B-Instruct_NCT02277041_inc_5_shot.json' gespeichert.
File: NCT02277067_exc 

Das File: /work/eauten2s/ec_criteria_struct/transform_chia/input/half_clinical_trials/NCT02277067_exc.txt wurde erfolgreich geladen.
NCT02277067_exc Done 

Die Daten wurden erfolgreich in '/work/eauten2s/ec_criteria_struct/transform_chia/model_output/Llama-3-70B-Instruct_5_shot/Llama-3-70B-Instruct_NCT02277067_exc_5_shot.json' gespeichert.
File: NCT02277067_inc 

Das File: /work/eauten2s/ec_criteria_struct/transform_chia/input/half_clinical_trials/NCT02277067_inc.txt wurde erfolgreich geladen.
NCT02277067_inc Done 

Die Daten wurden erfolgreich in '/work/eauten2s/ec_criteria_struct/transform_chia/model_output/Llama-3-70B-Instruct_5_shot/Llama-3-70B-Instruct_NCT02277067_inc_5_shot.json' gespeichert.
File: NCT02281643_exc 

Das File: /work/eauten2s/ec_criteria_struct/transform_chia/input/half_clinical_trials/NCT02281643_exc.txt wurde erfolgreich geladen.
NCT02281643_exc Done 

Die Daten wurden erfolgreich in '/work/eauten2s/ec_criteria_struct/transform_chia/model_output/Llama-3-70B-Instruct_5_shot/Llama-3-70B-Instruct_NCT02281643_exc_5_shot.json' gespeichert.
File: NCT02281643_inc 

Das File: /work/eauten2s/ec_criteria_struct/transform_chia/input/half_clinical_trials/NCT02281643_inc.txt wurde erfolgreich geladen.
NCT02281643_inc Done 

Die Daten wurden erfolgreich in '/work/eauten2s/ec_criteria_struct/transform_chia/model_output/Llama-3-70B-Instruct_5_shot/Llama-3-70B-Instruct_NCT02281643_inc_5_shot.json' gespeichert.
File: NCT02282319_exc 

Das File: /work/eauten2s/ec_criteria_struct/transform_chia/input/half_clinical_trials/NCT02282319_exc.txt wurde erfolgreich geladen.
NCT02282319_exc Done 

Die Daten wurden erfolgreich in '/work/eauten2s/ec_criteria_struct/transform_chia/model_output/Llama-3-70B-Instruct_5_shot/Llama-3-70B-Instruct_NCT02282319_exc_5_shot.json' gespeichert.
File: NCT02282319_inc 

Das File: /work/eauten2s/ec_criteria_struct/transform_chia/input/half_clinical_trials/NCT02282319_inc.txt wurde erfolgreich geladen.
NCT02282319_inc Done 

Die Daten wurden erfolgreich in '/work/eauten2s/ec_criteria_struct/transform_chia/model_output/Llama-3-70B-Instruct_5_shot/Llama-3-70B-Instruct_NCT02282319_inc_5_shot.json' gespeichert.
File: NCT02283905_exc 

Das File: /work/eauten2s/ec_criteria_struct/transform_chia/input/half_clinical_trials/NCT02283905_exc.txt wurde erfolgreich geladen.
NCT02283905_exc Done 

Die Daten wurden erfolgreich in '/work/eauten2s/ec_criteria_struct/transform_chia/model_output/Llama-3-70B-Instruct_5_shot/Llama-3-70B-Instruct_NCT02283905_exc_5_shot.json' gespeichert.
File: NCT02283905_inc 

Das File: /work/eauten2s/ec_criteria_struct/transform_chia/input/half_clinical_trials/NCT02283905_inc.txt wurde erfolgreich geladen.
NCT02283905_inc Done 

Die Daten wurden erfolgreich in '/work/eauten2s/ec_criteria_struct/transform_chia/model_output/Llama-3-70B-Instruct_5_shot/Llama-3-70B-Instruct_NCT02283905_inc_5_shot.json' gespeichert.
File: NCT02283996_exc 

Das File: /work/eauten2s/ec_criteria_struct/transform_chia/input/half_clinical_trials/NCT02283996_exc.txt wurde erfolgreich geladen.
NCT02283996_exc Done 

Die Daten wurden erfolgreich in '/work/eauten2s/ec_criteria_struct/transform_chia/model_output/Llama-3-70B-Instruct_5_shot/Llama-3-70B-Instruct_NCT02283996_exc_5_shot.json' gespeichert.
File: NCT02283996_inc 

Das File: /work/eauten2s/ec_criteria_struct/transform_chia/input/half_clinical_trials/NCT02283996_inc.txt wurde erfolgreich geladen.
NCT02283996_inc Done 

Die Daten wurden erfolgreich in '/work/eauten2s/ec_criteria_struct/transform_chia/model_output/Llama-3-70B-Instruct_5_shot/Llama-3-70B-Instruct_NCT02283996_inc_5_shot.json' gespeichert.
File: NCT02284737_exc 

Das File: /work/eauten2s/ec_criteria_struct/transform_chia/input/half_clinical_trials/NCT02284737_exc.txt wurde erfolgreich geladen.
NCT02284737_exc Done 

Die Daten wurden erfolgreich in '/work/eauten2s/ec_criteria_struct/transform_chia/model_output/Llama-3-70B-Instruct_5_shot/Llama-3-70B-Instruct_NCT02284737_exc_5_shot.json' gespeichert.
File: NCT02284737_inc 

Das File: /work/eauten2s/ec_criteria_struct/transform_chia/input/half_clinical_trials/NCT02284737_inc.txt wurde erfolgreich geladen.
NCT02284737_inc Done 

Die Daten wurden erfolgreich in '/work/eauten2s/ec_criteria_struct/transform_chia/model_output/Llama-3-70B-Instruct_5_shot/Llama-3-70B-Instruct_NCT02284737_inc_5_shot.json' gespeichert.
File: NCT02287259_exc 

Das File: /work/eauten2s/ec_criteria_struct/transform_chia/input/half_clinical_trials/NCT02287259_exc.txt wurde erfolgreich geladen.
NCT02287259_exc Done 

Die Daten wurden erfolgreich in '/work/eauten2s/ec_criteria_struct/transform_chia/model_output/Llama-3-70B-Instruct_5_shot/Llama-3-70B-Instruct_NCT02287259_exc_5_shot.json' gespeichert.
File: NCT02287259_inc 

Das File: /work/eauten2s/ec_criteria_struct/transform_chia/input/half_clinical_trials/NCT02287259_inc.txt wurde erfolgreich geladen.
NCT02287259_inc Done 

Die Daten wurden erfolgreich in '/work/eauten2s/ec_criteria_struct/transform_chia/model_output/Llama-3-70B-Instruct_5_shot/Llama-3-70B-Instruct_NCT02287259_inc_5_shot.json' gespeichert.
File: NCT02295202_exc 

Das File: /work/eauten2s/ec_criteria_struct/transform_chia/input/half_clinical_trials/NCT02295202_exc.txt wurde erfolgreich geladen.
NCT02295202_exc Done 

Die Daten wurden erfolgreich in '/work/eauten2s/ec_criteria_struct/transform_chia/model_output/Llama-3-70B-Instruct_5_shot/Llama-3-70B-Instruct_NCT02295202_exc_5_shot.json' gespeichert.
File: NCT02295202_inc 

Das File: /work/eauten2s/ec_criteria_struct/transform_chia/input/half_clinical_trials/NCT02295202_inc.txt wurde erfolgreich geladen.
NCT02295202_inc Done 

Die Daten wurden erfolgreich in '/work/eauten2s/ec_criteria_struct/transform_chia/model_output/Llama-3-70B-Instruct_5_shot/Llama-3-70B-Instruct_NCT02295202_inc_5_shot.json' gespeichert.
File: NCT02298504_exc 

Das File: /work/eauten2s/ec_criteria_struct/transform_chia/input/half_clinical_trials/NCT02298504_exc.txt wurde erfolgreich geladen.
NCT02298504_exc Done 

Die Daten wurden erfolgreich in '/work/eauten2s/ec_criteria_struct/transform_chia/model_output/Llama-3-70B-Instruct_5_shot/Llama-3-70B-Instruct_NCT02298504_exc_5_shot.json' gespeichert.
File: NCT02298504_inc 

Das File: /work/eauten2s/ec_criteria_struct/transform_chia/input/half_clinical_trials/NCT02298504_inc.txt wurde erfolgreich geladen.
NCT02298504_inc Done 

Die Daten wurden erfolgreich in '/work/eauten2s/ec_criteria_struct/transform_chia/model_output/Llama-3-70B-Instruct_5_shot/Llama-3-70B-Instruct_NCT02298504_inc_5_shot.json' gespeichert.
File: NCT02299063_exc 

Das File: /work/eauten2s/ec_criteria_struct/transform_chia/input/half_clinical_trials/NCT02299063_exc.txt wurde erfolgreich geladen.
NCT02299063_exc Done 

Die Daten wurden erfolgreich in '/work/eauten2s/ec_criteria_struct/transform_chia/model_output/Llama-3-70B-Instruct_5_shot/Llama-3-70B-Instruct_NCT02299063_exc_5_shot.json' gespeichert.
File: NCT02299063_inc 

Das File: /work/eauten2s/ec_criteria_struct/transform_chia/input/half_clinical_trials/NCT02299063_inc.txt wurde erfolgreich geladen.
NCT02299063_inc Done 

Die Daten wurden erfolgreich in '/work/eauten2s/ec_criteria_struct/transform_chia/model_output/Llama-3-70B-Instruct_5_shot/Llama-3-70B-Instruct_NCT02299063_inc_5_shot.json' gespeichert.
File: NCT02299947_exc 

Das File: /work/eauten2s/ec_criteria_struct/transform_chia/input/half_clinical_trials/NCT02299947_exc.txt wurde erfolgreich geladen.
NCT02299947_exc Done 

Die Daten wurden erfolgreich in '/work/eauten2s/ec_criteria_struct/transform_chia/model_output/Llama-3-70B-Instruct_5_shot/Llama-3-70B-Instruct_NCT02299947_exc_5_shot.json' gespeichert.
File: NCT02299947_inc 

Das File: /work/eauten2s/ec_criteria_struct/transform_chia/input/half_clinical_trials/NCT02299947_inc.txt wurde erfolgreich geladen.
NCT02299947_inc Done 

Die Daten wurden erfolgreich in '/work/eauten2s/ec_criteria_struct/transform_chia/model_output/Llama-3-70B-Instruct_5_shot/Llama-3-70B-Instruct_NCT02299947_inc_5_shot.json' gespeichert.
File: NCT02301039_exc 

Das File: /work/eauten2s/ec_criteria_struct/transform_chia/input/half_clinical_trials/NCT02301039_exc.txt wurde erfolgreich geladen.
NCT02301039_exc Done 

Die Daten wurden erfolgreich in '/work/eauten2s/ec_criteria_struct/transform_chia/model_output/Llama-3-70B-Instruct_5_shot/Llama-3-70B-Instruct_NCT02301039_exc_5_shot.json' gespeichert.
File: NCT02301039_inc 

Das File: /work/eauten2s/ec_criteria_struct/transform_chia/input/half_clinical_trials/NCT02301039_inc.txt wurde erfolgreich geladen.
NCT02301039_inc Done 

Die Daten wurden erfolgreich in '/work/eauten2s/ec_criteria_struct/transform_chia/model_output/Llama-3-70B-Instruct_5_shot/Llama-3-70B-Instruct_NCT02301039_inc_5_shot.json' gespeichert.
File: NCT02301962_exc 

Das File: /work/eauten2s/ec_criteria_struct/transform_chia/input/half_clinical_trials/NCT02301962_exc.txt wurde erfolgreich geladen.
NCT02301962_exc Done 

Die Daten wurden erfolgreich in '/work/eauten2s/ec_criteria_struct/transform_chia/model_output/Llama-3-70B-Instruct_5_shot/Llama-3-70B-Instruct_NCT02301962_exc_5_shot.json' gespeichert.
File: NCT02301962_inc 

Das File: /work/eauten2s/ec_criteria_struct/transform_chia/input/half_clinical_trials/NCT02301962_inc.txt wurde erfolgreich geladen.
NCT02301962_inc Done 

Die Daten wurden erfolgreich in '/work/eauten2s/ec_criteria_struct/transform_chia/model_output/Llama-3-70B-Instruct_5_shot/Llama-3-70B-Instruct_NCT02301962_inc_5_shot.json' gespeichert.
File: NCT02303171_exc 

Das File: /work/eauten2s/ec_criteria_struct/transform_chia/input/half_clinical_trials/NCT02303171_exc.txt wurde erfolgreich geladen.
NCT02303171_exc Done 

Die Daten wurden erfolgreich in '/work/eauten2s/ec_criteria_struct/transform_chia/model_output/Llama-3-70B-Instruct_5_shot/Llama-3-70B-Instruct_NCT02303171_exc_5_shot.json' gespeichert.
File: NCT02303171_inc 

Das File: /work/eauten2s/ec_criteria_struct/transform_chia/input/half_clinical_trials/NCT02303171_inc.txt wurde erfolgreich geladen.
NCT02303171_inc Done 

Die Daten wurden erfolgreich in '/work/eauten2s/ec_criteria_struct/transform_chia/model_output/Llama-3-70B-Instruct_5_shot/Llama-3-70B-Instruct_NCT02303171_inc_5_shot.json' gespeichert.
File: NCT02312076_exc 

Das File: /work/eauten2s/ec_criteria_struct/transform_chia/input/half_clinical_trials/NCT02312076_exc.txt wurde erfolgreich geladen.
NCT02312076_exc Done 

Die Daten wurden erfolgreich in '/work/eauten2s/ec_criteria_struct/transform_chia/model_output/Llama-3-70B-Instruct_5_shot/Llama-3-70B-Instruct_NCT02312076_exc_5_shot.json' gespeichert.
File: NCT02312076_inc 

Das File: /work/eauten2s/ec_criteria_struct/transform_chia/input/half_clinical_trials/NCT02312076_inc.txt wurde erfolgreich geladen.
NCT02312076_inc Done 

Die Daten wurden erfolgreich in '/work/eauten2s/ec_criteria_struct/transform_chia/model_output/Llama-3-70B-Instruct_5_shot/Llama-3-70B-Instruct_NCT02312076_inc_5_shot.json' gespeichert.
File: NCT02312089_exc 

Das File: /work/eauten2s/ec_criteria_struct/transform_chia/input/half_clinical_trials/NCT02312089_exc.txt wurde erfolgreich geladen.
NCT02312089_exc Done 

Die Daten wurden erfolgreich in '/work/eauten2s/ec_criteria_struct/transform_chia/model_output/Llama-3-70B-Instruct_5_shot/Llama-3-70B-Instruct_NCT02312089_exc_5_shot.json' gespeichert.
File: NCT02312089_inc 

Das File: /work/eauten2s/ec_criteria_struct/transform_chia/input/half_clinical_trials/NCT02312089_inc.txt wurde erfolgreich geladen.
NCT02312089_inc Done 

Die Daten wurden erfolgreich in '/work/eauten2s/ec_criteria_struct/transform_chia/model_output/Llama-3-70B-Instruct_5_shot/Llama-3-70B-Instruct_NCT02312089_inc_5_shot.json' gespeichert.
File: NCT02312960_exc 

Das File: /work/eauten2s/ec_criteria_struct/transform_chia/input/half_clinical_trials/NCT02312960_exc.txt wurde erfolgreich geladen.
NCT02312960_exc Done 

Die Daten wurden erfolgreich in '/work/eauten2s/ec_criteria_struct/transform_chia/model_output/Llama-3-70B-Instruct_5_shot/Llama-3-70B-Instruct_NCT02312960_exc_5_shot.json' gespeichert.
File: NCT02312960_inc 

Das File: /work/eauten2s/ec_criteria_struct/transform_chia/input/half_clinical_trials/NCT02312960_inc.txt wurde erfolgreich geladen.
NCT02312960_inc Done 

Die Daten wurden erfolgreich in '/work/eauten2s/ec_criteria_struct/transform_chia/model_output/Llama-3-70B-Instruct_5_shot/Llama-3-70B-Instruct_NCT02312960_inc_5_shot.json' gespeichert.
File: NCT02314559_exc 

Das File: /work/eauten2s/ec_criteria_struct/transform_chia/input/half_clinical_trials/NCT02314559_exc.txt wurde erfolgreich geladen.
NCT02314559_exc Done 

Die Daten wurden erfolgreich in '/work/eauten2s/ec_criteria_struct/transform_chia/model_output/Llama-3-70B-Instruct_5_shot/Llama-3-70B-Instruct_NCT02314559_exc_5_shot.json' gespeichert.
File: NCT02314559_inc 

Das File: /work/eauten2s/ec_criteria_struct/transform_chia/input/half_clinical_trials/NCT02314559_inc.txt wurde erfolgreich geladen.
NCT02314559_inc Done 

Die Daten wurden erfolgreich in '/work/eauten2s/ec_criteria_struct/transform_chia/model_output/Llama-3-70B-Instruct_5_shot/Llama-3-70B-Instruct_NCT02314559_inc_5_shot.json' gespeichert.
File: NCT02315287_exc 

Das File: /work/eauten2s/ec_criteria_struct/transform_chia/input/half_clinical_trials/NCT02315287_exc.txt wurde erfolgreich geladen.
NCT02315287_exc Done 

Die Daten wurden erfolgreich in '/work/eauten2s/ec_criteria_struct/transform_chia/model_output/Llama-3-70B-Instruct_5_shot/Llama-3-70B-Instruct_NCT02315287_exc_5_shot.json' gespeichert.
File: NCT02315287_inc 

Das File: /work/eauten2s/ec_criteria_struct/transform_chia/input/half_clinical_trials/NCT02315287_inc.txt wurde erfolgreich geladen.
NCT02315287_inc Done 

Die Daten wurden erfolgreich in '/work/eauten2s/ec_criteria_struct/transform_chia/model_output/Llama-3-70B-Instruct_5_shot/Llama-3-70B-Instruct_NCT02315287_inc_5_shot.json' gespeichert.
File: NCT02316886_exc 

Das File: /work/eauten2s/ec_criteria_struct/transform_chia/input/half_clinical_trials/NCT02316886_exc.txt wurde erfolgreich geladen.
NCT02316886_exc Done 

Die Daten wurden erfolgreich in '/work/eauten2s/ec_criteria_struct/transform_chia/model_output/Llama-3-70B-Instruct_5_shot/Llama-3-70B-Instruct_NCT02316886_exc_5_shot.json' gespeichert.
File: NCT02316886_inc 

Das File: /work/eauten2s/ec_criteria_struct/transform_chia/input/half_clinical_trials/NCT02316886_inc.txt wurde erfolgreich geladen.
NCT02316886_inc Done 

Die Daten wurden erfolgreich in '/work/eauten2s/ec_criteria_struct/transform_chia/model_output/Llama-3-70B-Instruct_5_shot/Llama-3-70B-Instruct_NCT02316886_inc_5_shot.json' gespeichert.
File: NCT02318446_exc 

Das File: /work/eauten2s/ec_criteria_struct/transform_chia/input/half_clinical_trials/NCT02318446_exc.txt wurde erfolgreich geladen.
NCT02318446_exc Done 

Die Daten wurden erfolgreich in '/work/eauten2s/ec_criteria_struct/transform_chia/model_output/Llama-3-70B-Instruct_5_shot/Llama-3-70B-Instruct_NCT02318446_exc_5_shot.json' gespeichert.
File: NCT02318446_inc 

Das File: /work/eauten2s/ec_criteria_struct/transform_chia/input/half_clinical_trials/NCT02318446_inc.txt wurde erfolgreich geladen.
NCT02318446_inc Done 

Die Daten wurden erfolgreich in '/work/eauten2s/ec_criteria_struct/transform_chia/model_output/Llama-3-70B-Instruct_5_shot/Llama-3-70B-Instruct_NCT02318446_inc_5_shot.json' gespeichert.
File: NCT02321202_exc 

Das File: /work/eauten2s/ec_criteria_struct/transform_chia/input/half_clinical_trials/NCT02321202_exc.txt wurde erfolgreich geladen.
NCT02321202_exc Done 

Die Daten wurden erfolgreich in '/work/eauten2s/ec_criteria_struct/transform_chia/model_output/Llama-3-70B-Instruct_5_shot/Llama-3-70B-Instruct_NCT02321202_exc_5_shot.json' gespeichert.
File: NCT02321202_inc 

Das File: /work/eauten2s/ec_criteria_struct/transform_chia/input/half_clinical_trials/NCT02321202_inc.txt wurde erfolgreich geladen.
NCT02321202_inc Done 

Die Daten wurden erfolgreich in '/work/eauten2s/ec_criteria_struct/transform_chia/model_output/Llama-3-70B-Instruct_5_shot/Llama-3-70B-Instruct_NCT02321202_inc_5_shot.json' gespeichert.
File: NCT02321839_exc 

Das File: /work/eauten2s/ec_criteria_struct/transform_chia/input/half_clinical_trials/NCT02321839_exc.txt wurde erfolgreich geladen.
NCT02321839_exc Done 

Die Daten wurden erfolgreich in '/work/eauten2s/ec_criteria_struct/transform_chia/model_output/Llama-3-70B-Instruct_5_shot/Llama-3-70B-Instruct_NCT02321839_exc_5_shot.json' gespeichert.
File: NCT02321839_inc 

Das File: /work/eauten2s/ec_criteria_struct/transform_chia/input/half_clinical_trials/NCT02321839_inc.txt wurde erfolgreich geladen.
NCT02321839_inc Done 

Die Daten wurden erfolgreich in '/work/eauten2s/ec_criteria_struct/transform_chia/model_output/Llama-3-70B-Instruct_5_shot/Llama-3-70B-Instruct_NCT02321839_inc_5_shot.json' gespeichert.
File: NCT02322203_exc 

Das File: /work/eauten2s/ec_criteria_struct/transform_chia/input/half_clinical_trials/NCT02322203_exc.txt wurde erfolgreich geladen.
NCT02322203_exc Done 

Die Daten wurden erfolgreich in '/work/eauten2s/ec_criteria_struct/transform_chia/model_output/Llama-3-70B-Instruct_5_shot/Llama-3-70B-Instruct_NCT02322203_exc_5_shot.json' gespeichert.
File: NCT02322203_inc 

Das File: /work/eauten2s/ec_criteria_struct/transform_chia/input/half_clinical_trials/NCT02322203_inc.txt wurde erfolgreich geladen.
NCT02322203_inc Done 

Die Daten wurden erfolgreich in '/work/eauten2s/ec_criteria_struct/transform_chia/model_output/Llama-3-70B-Instruct_5_shot/Llama-3-70B-Instruct_NCT02322203_inc_5_shot.json' gespeichert.
File: NCT02323399_exc 

Das File: /work/eauten2s/ec_criteria_struct/transform_chia/input/half_clinical_trials/NCT02323399_exc.txt wurde erfolgreich geladen.
NCT02323399_exc Done 

Die Daten wurden erfolgreich in '/work/eauten2s/ec_criteria_struct/transform_chia/model_output/Llama-3-70B-Instruct_5_shot/Llama-3-70B-Instruct_NCT02323399_exc_5_shot.json' gespeichert.
File: NCT02323399_inc 

Das File: /work/eauten2s/ec_criteria_struct/transform_chia/input/half_clinical_trials/NCT02323399_inc.txt wurde erfolgreich geladen.
NCT02323399_inc Done 

Die Daten wurden erfolgreich in '/work/eauten2s/ec_criteria_struct/transform_chia/model_output/Llama-3-70B-Instruct_5_shot/Llama-3-70B-Instruct_NCT02323399_inc_5_shot.json' gespeichert.
File: NCT02330705_exc 

Das File: /work/eauten2s/ec_criteria_struct/transform_chia/input/half_clinical_trials/NCT02330705_exc.txt wurde erfolgreich geladen.
NCT02330705_exc Done 

Die Daten wurden erfolgreich in '/work/eauten2s/ec_criteria_struct/transform_chia/model_output/Llama-3-70B-Instruct_5_shot/Llama-3-70B-Instruct_NCT02330705_exc_5_shot.json' gespeichert.
File: NCT02330705_inc 

Das File: /work/eauten2s/ec_criteria_struct/transform_chia/input/half_clinical_trials/NCT02330705_inc.txt wurde erfolgreich geladen.
NCT02330705_inc Done 

Die Daten wurden erfolgreich in '/work/eauten2s/ec_criteria_struct/transform_chia/model_output/Llama-3-70B-Instruct_5_shot/Llama-3-70B-Instruct_NCT02330705_inc_5_shot.json' gespeichert.
File: NCT02330757_exc 

Das File: /work/eauten2s/ec_criteria_struct/transform_chia/input/half_clinical_trials/NCT02330757_exc.txt wurde erfolgreich geladen.
NCT02330757_exc Done 

Die Daten wurden erfolgreich in '/work/eauten2s/ec_criteria_struct/transform_chia/model_output/Llama-3-70B-Instruct_5_shot/Llama-3-70B-Instruct_NCT02330757_exc_5_shot.json' gespeichert.
File: NCT02330757_inc 

Das File: /work/eauten2s/ec_criteria_struct/transform_chia/input/half_clinical_trials/NCT02330757_inc.txt wurde erfolgreich geladen.
NCT02330757_inc Done 

Die Daten wurden erfolgreich in '/work/eauten2s/ec_criteria_struct/transform_chia/model_output/Llama-3-70B-Instruct_5_shot/Llama-3-70B-Instruct_NCT02330757_inc_5_shot.json' gespeichert.
File: NCT02332291_exc 

Das File: /work/eauten2s/ec_criteria_struct/transform_chia/input/half_clinical_trials/NCT02332291_exc.txt wurde erfolgreich geladen.
NCT02332291_exc Done 

Die Daten wurden erfolgreich in '/work/eauten2s/ec_criteria_struct/transform_chia/model_output/Llama-3-70B-Instruct_5_shot/Llama-3-70B-Instruct_NCT02332291_exc_5_shot.json' gespeichert.
File: NCT02332291_inc 

Das File: /work/eauten2s/ec_criteria_struct/transform_chia/input/half_clinical_trials/NCT02332291_inc.txt wurde erfolgreich geladen.
NCT02332291_inc Done 

Die Daten wurden erfolgreich in '/work/eauten2s/ec_criteria_struct/transform_chia/model_output/Llama-3-70B-Instruct_5_shot/Llama-3-70B-Instruct_NCT02332291_inc_5_shot.json' gespeichert.
File: NCT02334631_exc 

Das File: /work/eauten2s/ec_criteria_struct/transform_chia/input/half_clinical_trials/NCT02334631_exc.txt wurde erfolgreich geladen.
NCT02334631_exc Done 

Die Daten wurden erfolgreich in '/work/eauten2s/ec_criteria_struct/transform_chia/model_output/Llama-3-70B-Instruct_5_shot/Llama-3-70B-Instruct_NCT02334631_exc_5_shot.json' gespeichert.
File: NCT02334631_inc 

Das File: /work/eauten2s/ec_criteria_struct/transform_chia/input/half_clinical_trials/NCT02334631_inc.txt wurde erfolgreich geladen.
NCT02334631_inc Done 

Die Daten wurden erfolgreich in '/work/eauten2s/ec_criteria_struct/transform_chia/model_output/Llama-3-70B-Instruct_5_shot/Llama-3-70B-Instruct_NCT02334631_inc_5_shot.json' gespeichert.
File: NCT02334722_exc 

Das File: /work/eauten2s/ec_criteria_struct/transform_chia/input/half_clinical_trials/NCT02334722_exc.txt wurde erfolgreich geladen.
NCT02334722_exc Done 

Die Daten wurden erfolgreich in '/work/eauten2s/ec_criteria_struct/transform_chia/model_output/Llama-3-70B-Instruct_5_shot/Llama-3-70B-Instruct_NCT02334722_exc_5_shot.json' gespeichert.
File: NCT02334722_inc 

Das File: /work/eauten2s/ec_criteria_struct/transform_chia/input/half_clinical_trials/NCT02334722_inc.txt wurde erfolgreich geladen.
NCT02334722_inc Done 

Die Daten wurden erfolgreich in '/work/eauten2s/ec_criteria_struct/transform_chia/model_output/Llama-3-70B-Instruct_5_shot/Llama-3-70B-Instruct_NCT02334722_inc_5_shot.json' gespeichert.
File: NCT02337764_exc 

Das File: /work/eauten2s/ec_criteria_struct/transform_chia/input/half_clinical_trials/NCT02337764_exc.txt wurde erfolgreich geladen.
NCT02337764_exc Done 

Die Daten wurden erfolgreich in '/work/eauten2s/ec_criteria_struct/transform_chia/model_output/Llama-3-70B-Instruct_5_shot/Llama-3-70B-Instruct_NCT02337764_exc_5_shot.json' gespeichert.
File: NCT02337764_inc 

Das File: /work/eauten2s/ec_criteria_struct/transform_chia/input/half_clinical_trials/NCT02337764_inc.txt wurde erfolgreich geladen.
NCT02337764_inc Done 

Die Daten wurden erfolgreich in '/work/eauten2s/ec_criteria_struct/transform_chia/model_output/Llama-3-70B-Instruct_5_shot/Llama-3-70B-Instruct_NCT02337764_inc_5_shot.json' gespeichert.
File: NCT02339844_exc 

Das File: /work/eauten2s/ec_criteria_struct/transform_chia/input/half_clinical_trials/NCT02339844_exc.txt wurde erfolgreich geladen.
NCT02339844_exc Done 

Die Daten wurden erfolgreich in '/work/eauten2s/ec_criteria_struct/transform_chia/model_output/Llama-3-70B-Instruct_5_shot/Llama-3-70B-Instruct_NCT02339844_exc_5_shot.json' gespeichert.
File: NCT02339844_inc 

Das File: /work/eauten2s/ec_criteria_struct/transform_chia/input/half_clinical_trials/NCT02339844_inc.txt wurde erfolgreich geladen.
NCT02339844_inc Done 

Die Daten wurden erfolgreich in '/work/eauten2s/ec_criteria_struct/transform_chia/model_output/Llama-3-70B-Instruct_5_shot/Llama-3-70B-Instruct_NCT02339844_inc_5_shot.json' gespeichert.
File: NCT02339974_exc 

Das File: /work/eauten2s/ec_criteria_struct/transform_chia/input/half_clinical_trials/NCT02339974_exc.txt wurde erfolgreich geladen.
NCT02339974_exc Done 

Die Daten wurden erfolgreich in '/work/eauten2s/ec_criteria_struct/transform_chia/model_output/Llama-3-70B-Instruct_5_shot/Llama-3-70B-Instruct_NCT02339974_exc_5_shot.json' gespeichert.
File: NCT02339974_inc 

Das File: /work/eauten2s/ec_criteria_struct/transform_chia/input/half_clinical_trials/NCT02339974_inc.txt wurde erfolgreich geladen.
NCT02339974_inc Done 

Die Daten wurden erfolgreich in '/work/eauten2s/ec_criteria_struct/transform_chia/model_output/Llama-3-70B-Instruct_5_shot/Llama-3-70B-Instruct_NCT02339974_inc_5_shot.json' gespeichert.
File: NCT02340169_exc 

Das File: /work/eauten2s/ec_criteria_struct/transform_chia/input/half_clinical_trials/NCT02340169_exc.txt wurde erfolgreich geladen.
NCT02340169_exc Done 

Die Daten wurden erfolgreich in '/work/eauten2s/ec_criteria_struct/transform_chia/model_output/Llama-3-70B-Instruct_5_shot/Llama-3-70B-Instruct_NCT02340169_exc_5_shot.json' gespeichert.
File: NCT02340169_inc 

Das File: /work/eauten2s/ec_criteria_struct/transform_chia/input/half_clinical_trials/NCT02340169_inc.txt wurde erfolgreich geladen.
NCT02340169_inc Done 

Die Daten wurden erfolgreich in '/work/eauten2s/ec_criteria_struct/transform_chia/model_output/Llama-3-70B-Instruct_5_shot/Llama-3-70B-Instruct_NCT02340169_inc_5_shot.json' gespeichert.
File: NCT02344888_exc 

Das File: /work/eauten2s/ec_criteria_struct/transform_chia/input/half_clinical_trials/NCT02344888_exc.txt wurde erfolgreich geladen.
NCT02344888_exc Done 

Die Daten wurden erfolgreich in '/work/eauten2s/ec_criteria_struct/transform_chia/model_output/Llama-3-70B-Instruct_5_shot/Llama-3-70B-Instruct_NCT02344888_exc_5_shot.json' gespeichert.
File: NCT02344888_inc 

Das File: /work/eauten2s/ec_criteria_struct/transform_chia/input/half_clinical_trials/NCT02344888_inc.txt wurde erfolgreich geladen.
NCT02344888_inc Done 

Die Daten wurden erfolgreich in '/work/eauten2s/ec_criteria_struct/transform_chia/model_output/Llama-3-70B-Instruct_5_shot/Llama-3-70B-Instruct_NCT02344888_inc_5_shot.json' gespeichert.
File: NCT02348918_exc 

Das File: /work/eauten2s/ec_criteria_struct/transform_chia/input/half_clinical_trials/NCT02348918_exc.txt wurde erfolgreich geladen.
NCT02348918_exc Done 

Die Daten wurden erfolgreich in '/work/eauten2s/ec_criteria_struct/transform_chia/model_output/Llama-3-70B-Instruct_5_shot/Llama-3-70B-Instruct_NCT02348918_exc_5_shot.json' gespeichert.
File: NCT02348918_inc 

Das File: /work/eauten2s/ec_criteria_struct/transform_chia/input/half_clinical_trials/NCT02348918_inc.txt wurde erfolgreich geladen.
NCT02348918_inc Done 

Die Daten wurden erfolgreich in '/work/eauten2s/ec_criteria_struct/transform_chia/model_output/Llama-3-70B-Instruct_5_shot/Llama-3-70B-Instruct_NCT02348918_inc_5_shot.json' gespeichert.
File: NCT02350439_exc 

Das File: /work/eauten2s/ec_criteria_struct/transform_chia/input/half_clinical_trials/NCT02350439_exc.txt wurde erfolgreich geladen.
NCT02350439_exc Done 

Die Daten wurden erfolgreich in '/work/eauten2s/ec_criteria_struct/transform_chia/model_output/Llama-3-70B-Instruct_5_shot/Llama-3-70B-Instruct_NCT02350439_exc_5_shot.json' gespeichert.
File: NCT02350439_inc 

Das File: /work/eauten2s/ec_criteria_struct/transform_chia/input/half_clinical_trials/NCT02350439_inc.txt wurde erfolgreich geladen.
NCT02350439_inc Done 

Die Daten wurden erfolgreich in '/work/eauten2s/ec_criteria_struct/transform_chia/model_output/Llama-3-70B-Instruct_5_shot/Llama-3-70B-Instruct_NCT02350439_inc_5_shot.json' gespeichert.
File: NCT02357654_exc 

Das File: /work/eauten2s/ec_criteria_struct/transform_chia/input/half_clinical_trials/NCT02357654_exc.txt wurde erfolgreich geladen.
NCT02357654_exc Done 

Die Daten wurden erfolgreich in '/work/eauten2s/ec_criteria_struct/transform_chia/model_output/Llama-3-70B-Instruct_5_shot/Llama-3-70B-Instruct_NCT02357654_exc_5_shot.json' gespeichert.
File: NCT02357654_inc 

Das File: /work/eauten2s/ec_criteria_struct/transform_chia/input/half_clinical_trials/NCT02357654_inc.txt wurde erfolgreich geladen.
NCT02357654_inc Done 

Die Daten wurden erfolgreich in '/work/eauten2s/ec_criteria_struct/transform_chia/model_output/Llama-3-70B-Instruct_5_shot/Llama-3-70B-Instruct_NCT02357654_inc_5_shot.json' gespeichert.
File: NCT02360631_exc 

Das File: /work/eauten2s/ec_criteria_struct/transform_chia/input/half_clinical_trials/NCT02360631_exc.txt wurde erfolgreich geladen.
NCT02360631_exc Done 

Die Daten wurden erfolgreich in '/work/eauten2s/ec_criteria_struct/transform_chia/model_output/Llama-3-70B-Instruct_5_shot/Llama-3-70B-Instruct_NCT02360631_exc_5_shot.json' gespeichert.
File: NCT02360631_inc 

Das File: /work/eauten2s/ec_criteria_struct/transform_chia/input/half_clinical_trials/NCT02360631_inc.txt wurde erfolgreich geladen.
NCT02360631_inc Done 

Die Daten wurden erfolgreich in '/work/eauten2s/ec_criteria_struct/transform_chia/model_output/Llama-3-70B-Instruct_5_shot/Llama-3-70B-Instruct_NCT02360631_inc_5_shot.json' gespeichert.
File: NCT02361892_exc 

Das File: /work/eauten2s/ec_criteria_struct/transform_chia/input/half_clinical_trials/NCT02361892_exc.txt wurde erfolgreich geladen.
NCT02361892_exc Done 

Die Daten wurden erfolgreich in '/work/eauten2s/ec_criteria_struct/transform_chia/model_output/Llama-3-70B-Instruct_5_shot/Llama-3-70B-Instruct_NCT02361892_exc_5_shot.json' gespeichert.
File: NCT02361892_inc 

Das File: /work/eauten2s/ec_criteria_struct/transform_chia/input/half_clinical_trials/NCT02361892_inc.txt wurde erfolgreich geladen.
NCT02361892_inc Done 

Die Daten wurden erfolgreich in '/work/eauten2s/ec_criteria_struct/transform_chia/model_output/Llama-3-70B-Instruct_5_shot/Llama-3-70B-Instruct_NCT02361892_inc_5_shot.json' gespeichert.
File: NCT02361905_exc 

Das File: /work/eauten2s/ec_criteria_struct/transform_chia/input/half_clinical_trials/NCT02361905_exc.txt wurde erfolgreich geladen.
NCT02361905_exc Done 

Die Daten wurden erfolgreich in '/work/eauten2s/ec_criteria_struct/transform_chia/model_output/Llama-3-70B-Instruct_5_shot/Llama-3-70B-Instruct_NCT02361905_exc_5_shot.json' gespeichert.
File: NCT02361905_inc 

Das File: /work/eauten2s/ec_criteria_struct/transform_chia/input/half_clinical_trials/NCT02361905_inc.txt wurde erfolgreich geladen.
NCT02361905_inc Done 

Die Daten wurden erfolgreich in '/work/eauten2s/ec_criteria_struct/transform_chia/model_output/Llama-3-70B-Instruct_5_shot/Llama-3-70B-Instruct_NCT02361905_inc_5_shot.json' gespeichert.
File: NCT02364648_exc 

Das File: /work/eauten2s/ec_criteria_struct/transform_chia/input/half_clinical_trials/NCT02364648_exc.txt wurde erfolgreich geladen.
NCT02364648_exc Done 

Die Daten wurden erfolgreich in '/work/eauten2s/ec_criteria_struct/transform_chia/model_output/Llama-3-70B-Instruct_5_shot/Llama-3-70B-Instruct_NCT02364648_exc_5_shot.json' gespeichert.
File: NCT02364648_inc 

Das File: /work/eauten2s/ec_criteria_struct/transform_chia/input/half_clinical_trials/NCT02364648_inc.txt wurde erfolgreich geladen.
NCT02364648_inc Done 

Die Daten wurden erfolgreich in '/work/eauten2s/ec_criteria_struct/transform_chia/model_output/Llama-3-70B-Instruct_5_shot/Llama-3-70B-Instruct_NCT02364648_inc_5_shot.json' gespeichert.
File: NCT02365870_exc 

Das File: /work/eauten2s/ec_criteria_struct/transform_chia/input/half_clinical_trials/NCT02365870_exc.txt wurde erfolgreich geladen.
NCT02365870_exc Done 

Die Daten wurden erfolgreich in '/work/eauten2s/ec_criteria_struct/transform_chia/model_output/Llama-3-70B-Instruct_5_shot/Llama-3-70B-Instruct_NCT02365870_exc_5_shot.json' gespeichert.
File: NCT02365870_inc 

Das File: /work/eauten2s/ec_criteria_struct/transform_chia/input/half_clinical_trials/NCT02365870_inc.txt wurde erfolgreich geladen.
NCT02365870_inc Done 

Die Daten wurden erfolgreich in '/work/eauten2s/ec_criteria_struct/transform_chia/model_output/Llama-3-70B-Instruct_5_shot/Llama-3-70B-Instruct_NCT02365870_inc_5_shot.json' gespeichert.
File: NCT02366819_exc 

Das File: /work/eauten2s/ec_criteria_struct/transform_chia/input/half_clinical_trials/NCT02366819_exc.txt wurde erfolgreich geladen.
NCT02366819_exc Done 

Die Daten wurden erfolgreich in '/work/eauten2s/ec_criteria_struct/transform_chia/model_output/Llama-3-70B-Instruct_5_shot/Llama-3-70B-Instruct_NCT02366819_exc_5_shot.json' gespeichert.
File: NCT02366819_inc 

Das File: /work/eauten2s/ec_criteria_struct/transform_chia/input/half_clinical_trials/NCT02366819_inc.txt wurde erfolgreich geladen.
NCT02366819_inc Done 

Die Daten wurden erfolgreich in '/work/eauten2s/ec_criteria_struct/transform_chia/model_output/Llama-3-70B-Instruct_5_shot/Llama-3-70B-Instruct_NCT02366819_inc_5_shot.json' gespeichert.
File: NCT02368743_exc 

Das File: /work/eauten2s/ec_criteria_struct/transform_chia/input/half_clinical_trials/NCT02368743_exc.txt wurde erfolgreich geladen.
NCT02368743_exc Done 

Die Daten wurden erfolgreich in '/work/eauten2s/ec_criteria_struct/transform_chia/model_output/Llama-3-70B-Instruct_5_shot/Llama-3-70B-Instruct_NCT02368743_exc_5_shot.json' gespeichert.
File: NCT02368743_inc 

Das File: /work/eauten2s/ec_criteria_struct/transform_chia/input/half_clinical_trials/NCT02368743_inc.txt wurde erfolgreich geladen.
NCT02368743_inc Done 

Die Daten wurden erfolgreich in '/work/eauten2s/ec_criteria_struct/transform_chia/model_output/Llama-3-70B-Instruct_5_shot/Llama-3-70B-Instruct_NCT02368743_inc_5_shot.json' gespeichert.
File: NCT02369211_exc 

Das File: /work/eauten2s/ec_criteria_struct/transform_chia/input/half_clinical_trials/NCT02369211_exc.txt wurde erfolgreich geladen.
NCT02369211_exc Done 

Die Daten wurden erfolgreich in '/work/eauten2s/ec_criteria_struct/transform_chia/model_output/Llama-3-70B-Instruct_5_shot/Llama-3-70B-Instruct_NCT02369211_exc_5_shot.json' gespeichert.
File: NCT02369211_inc 

Das File: /work/eauten2s/ec_criteria_struct/transform_chia/input/half_clinical_trials/NCT02369211_inc.txt wurde erfolgreich geladen.
NCT02369211_inc Done 

Die Daten wurden erfolgreich in '/work/eauten2s/ec_criteria_struct/transform_chia/model_output/Llama-3-70B-Instruct_5_shot/Llama-3-70B-Instruct_NCT02369211_inc_5_shot.json' gespeichert.
File: NCT02370069_exc 

Das File: /work/eauten2s/ec_criteria_struct/transform_chia/input/half_clinical_trials/NCT02370069_exc.txt wurde erfolgreich geladen.
NCT02370069_exc Done 

Die Daten wurden erfolgreich in '/work/eauten2s/ec_criteria_struct/transform_chia/model_output/Llama-3-70B-Instruct_5_shot/Llama-3-70B-Instruct_NCT02370069_exc_5_shot.json' gespeichert.
File: NCT02370069_inc 

Das File: /work/eauten2s/ec_criteria_struct/transform_chia/input/half_clinical_trials/NCT02370069_inc.txt wurde erfolgreich geladen.
NCT02370069_inc Done 

Die Daten wurden erfolgreich in '/work/eauten2s/ec_criteria_struct/transform_chia/model_output/Llama-3-70B-Instruct_5_shot/Llama-3-70B-Instruct_NCT02370069_inc_5_shot.json' gespeichert.
File: NCT02371200_exc 

Das File: /work/eauten2s/ec_criteria_struct/transform_chia/input/half_clinical_trials/NCT02371200_exc.txt wurde erfolgreich geladen.
NCT02371200_exc Done 

Die Daten wurden erfolgreich in '/work/eauten2s/ec_criteria_struct/transform_chia/model_output/Llama-3-70B-Instruct_5_shot/Llama-3-70B-Instruct_NCT02371200_exc_5_shot.json' gespeichert.
File: NCT02371200_inc 

Das File: /work/eauten2s/ec_criteria_struct/transform_chia/input/half_clinical_trials/NCT02371200_inc.txt wurde erfolgreich geladen.
NCT02371200_inc Done 

Die Daten wurden erfolgreich in '/work/eauten2s/ec_criteria_struct/transform_chia/model_output/Llama-3-70B-Instruct_5_shot/Llama-3-70B-Instruct_NCT02371200_inc_5_shot.json' gespeichert.
File: NCT02375295_exc 

Das File: /work/eauten2s/ec_criteria_struct/transform_chia/input/half_clinical_trials/NCT02375295_exc.txt wurde erfolgreich geladen.
NCT02375295_exc Done 

Die Daten wurden erfolgreich in '/work/eauten2s/ec_criteria_struct/transform_chia/model_output/Llama-3-70B-Instruct_5_shot/Llama-3-70B-Instruct_NCT02375295_exc_5_shot.json' gespeichert.
File: NCT02375295_inc 

Das File: /work/eauten2s/ec_criteria_struct/transform_chia/input/half_clinical_trials/NCT02375295_inc.txt wurde erfolgreich geladen.
NCT02375295_inc Done 

Die Daten wurden erfolgreich in '/work/eauten2s/ec_criteria_struct/transform_chia/model_output/Llama-3-70B-Instruct_5_shot/Llama-3-70B-Instruct_NCT02375295_inc_5_shot.json' gespeichert.
File: NCT02379156_exc 

Das File: /work/eauten2s/ec_criteria_struct/transform_chia/input/half_clinical_trials/NCT02379156_exc.txt wurde erfolgreich geladen.
NCT02379156_exc Done 

Die Daten wurden erfolgreich in '/work/eauten2s/ec_criteria_struct/transform_chia/model_output/Llama-3-70B-Instruct_5_shot/Llama-3-70B-Instruct_NCT02379156_exc_5_shot.json' gespeichert.
File: NCT02379156_inc 

Das File: /work/eauten2s/ec_criteria_struct/transform_chia/input/half_clinical_trials/NCT02379156_inc.txt wurde erfolgreich geladen.
NCT02379156_inc Done 

Die Daten wurden erfolgreich in '/work/eauten2s/ec_criteria_struct/transform_chia/model_output/Llama-3-70B-Instruct_5_shot/Llama-3-70B-Instruct_NCT02379156_inc_5_shot.json' gespeichert.
File: NCT02380118_exc 

Das File: /work/eauten2s/ec_criteria_struct/transform_chia/input/half_clinical_trials/NCT02380118_exc.txt wurde erfolgreich geladen.
NCT02380118_exc Done 

Die Daten wurden erfolgreich in '/work/eauten2s/ec_criteria_struct/transform_chia/model_output/Llama-3-70B-Instruct_5_shot/Llama-3-70B-Instruct_NCT02380118_exc_5_shot.json' gespeichert.
File: NCT02380118_inc 

Das File: /work/eauten2s/ec_criteria_struct/transform_chia/input/half_clinical_trials/NCT02380118_inc.txt wurde erfolgreich geladen.
NCT02380118_inc Done 

Die Daten wurden erfolgreich in '/work/eauten2s/ec_criteria_struct/transform_chia/model_output/Llama-3-70B-Instruct_5_shot/Llama-3-70B-Instruct_NCT02380118_inc_5_shot.json' gespeichert.
File: NCT02384850_exc 

Das File: /work/eauten2s/ec_criteria_struct/transform_chia/input/half_clinical_trials/NCT02384850_exc.txt wurde erfolgreich geladen.
NCT02384850_exc Done 

Die Daten wurden erfolgreich in '/work/eauten2s/ec_criteria_struct/transform_chia/model_output/Llama-3-70B-Instruct_5_shot/Llama-3-70B-Instruct_NCT02384850_exc_5_shot.json' gespeichert.
File: NCT02384850_inc 

Das File: /work/eauten2s/ec_criteria_struct/transform_chia/input/half_clinical_trials/NCT02384850_inc.txt wurde erfolgreich geladen.
NCT02384850_inc Done 

Die Daten wurden erfolgreich in '/work/eauten2s/ec_criteria_struct/transform_chia/model_output/Llama-3-70B-Instruct_5_shot/Llama-3-70B-Instruct_NCT02384850_inc_5_shot.json' gespeichert.
File: NCT02385045_exc 

Das File: /work/eauten2s/ec_criteria_struct/transform_chia/input/half_clinical_trials/NCT02385045_exc.txt wurde erfolgreich geladen.
NCT02385045_exc Done 

Die Daten wurden erfolgreich in '/work/eauten2s/ec_criteria_struct/transform_chia/model_output/Llama-3-70B-Instruct_5_shot/Llama-3-70B-Instruct_NCT02385045_exc_5_shot.json' gespeichert.
File: NCT02385045_inc 

Das File: /work/eauten2s/ec_criteria_struct/transform_chia/input/half_clinical_trials/NCT02385045_inc.txt wurde erfolgreich geladen.
NCT02385045_inc Done 

Die Daten wurden erfolgreich in '/work/eauten2s/ec_criteria_struct/transform_chia/model_output/Llama-3-70B-Instruct_5_shot/Llama-3-70B-Instruct_NCT02385045_inc_5_shot.json' gespeichert.
File: NCT02385448_exc 

Das File: /work/eauten2s/ec_criteria_struct/transform_chia/input/half_clinical_trials/NCT02385448_exc.txt wurde erfolgreich geladen.
NCT02385448_exc Done 

Die Daten wurden erfolgreich in '/work/eauten2s/ec_criteria_struct/transform_chia/model_output/Llama-3-70B-Instruct_5_shot/Llama-3-70B-Instruct_NCT02385448_exc_5_shot.json' gespeichert.
File: NCT02385448_inc 

Das File: /work/eauten2s/ec_criteria_struct/transform_chia/input/half_clinical_trials/NCT02385448_inc.txt wurde erfolgreich geladen.
NCT02385448_inc Done 

Die Daten wurden erfolgreich in '/work/eauten2s/ec_criteria_struct/transform_chia/model_output/Llama-3-70B-Instruct_5_shot/Llama-3-70B-Instruct_NCT02385448_inc_5_shot.json' gespeichert.
File: NCT02386800_exc 

Das File: /work/eauten2s/ec_criteria_struct/transform_chia/input/half_clinical_trials/NCT02386800_exc.txt wurde erfolgreich geladen.
NCT02386800_exc Done 

Die Daten wurden erfolgreich in '/work/eauten2s/ec_criteria_struct/transform_chia/model_output/Llama-3-70B-Instruct_5_shot/Llama-3-70B-Instruct_NCT02386800_exc_5_shot.json' gespeichert.
File: NCT02386800_inc 

Das File: /work/eauten2s/ec_criteria_struct/transform_chia/input/half_clinical_trials/NCT02386800_inc.txt wurde erfolgreich geladen.
NCT02386800_inc Done 

Die Daten wurden erfolgreich in '/work/eauten2s/ec_criteria_struct/transform_chia/model_output/Llama-3-70B-Instruct_5_shot/Llama-3-70B-Instruct_NCT02386800_inc_5_shot.json' gespeichert.
File: NCT02390973_exc 

Das File: /work/eauten2s/ec_criteria_struct/transform_chia/input/half_clinical_trials/NCT02390973_exc.txt wurde erfolgreich geladen.
NCT02390973_exc Done 

Die Daten wurden erfolgreich in '/work/eauten2s/ec_criteria_struct/transform_chia/model_output/Llama-3-70B-Instruct_5_shot/Llama-3-70B-Instruct_NCT02390973_exc_5_shot.json' gespeichert.
File: NCT02390973_inc 

Das File: /work/eauten2s/ec_criteria_struct/transform_chia/input/half_clinical_trials/NCT02390973_inc.txt wurde erfolgreich geladen.
NCT02390973_inc Done 

Die Daten wurden erfolgreich in '/work/eauten2s/ec_criteria_struct/transform_chia/model_output/Llama-3-70B-Instruct_5_shot/Llama-3-70B-Instruct_NCT02390973_inc_5_shot.json' gespeichert.
File: NCT02393287_exc 

Das File: /work/eauten2s/ec_criteria_struct/transform_chia/input/half_clinical_trials/NCT02393287_exc.txt wurde erfolgreich geladen.
NCT02393287_exc Done 

Die Daten wurden erfolgreich in '/work/eauten2s/ec_criteria_struct/transform_chia/model_output/Llama-3-70B-Instruct_5_shot/Llama-3-70B-Instruct_NCT02393287_exc_5_shot.json' gespeichert.
File: NCT02393287_inc 

Das File: /work/eauten2s/ec_criteria_struct/transform_chia/input/half_clinical_trials/NCT02393287_inc.txt wurde erfolgreich geladen.
NCT02393287_inc Done 

Die Daten wurden erfolgreich in '/work/eauten2s/ec_criteria_struct/transform_chia/model_output/Llama-3-70B-Instruct_5_shot/Llama-3-70B-Instruct_NCT02393287_inc_5_shot.json' gespeichert.
File: NCT02394158_exc 

Das File: /work/eauten2s/ec_criteria_struct/transform_chia/input/half_clinical_trials/NCT02394158_exc.txt wurde erfolgreich geladen.
NCT02394158_exc Done 

Die Daten wurden erfolgreich in '/work/eauten2s/ec_criteria_struct/transform_chia/model_output/Llama-3-70B-Instruct_5_shot/Llama-3-70B-Instruct_NCT02394158_exc_5_shot.json' gespeichert.
File: NCT02394158_inc 

Das File: /work/eauten2s/ec_criteria_struct/transform_chia/input/half_clinical_trials/NCT02394158_inc.txt wurde erfolgreich geladen.
NCT02394158_inc Done 

Die Daten wurden erfolgreich in '/work/eauten2s/ec_criteria_struct/transform_chia/model_output/Llama-3-70B-Instruct_5_shot/Llama-3-70B-Instruct_NCT02394158_inc_5_shot.json' gespeichert.
File: NCT02396420_exc 

Das File: /work/eauten2s/ec_criteria_struct/transform_chia/input/half_clinical_trials/NCT02396420_exc.txt wurde erfolgreich geladen.
NCT02396420_exc Done 

Die Daten wurden erfolgreich in '/work/eauten2s/ec_criteria_struct/transform_chia/model_output/Llama-3-70B-Instruct_5_shot/Llama-3-70B-Instruct_NCT02396420_exc_5_shot.json' gespeichert.
File: NCT02396420_inc 

Das File: /work/eauten2s/ec_criteria_struct/transform_chia/input/half_clinical_trials/NCT02396420_inc.txt wurde erfolgreich geladen.
NCT02396420_inc Done 

Die Daten wurden erfolgreich in '/work/eauten2s/ec_criteria_struct/transform_chia/model_output/Llama-3-70B-Instruct_5_shot/Llama-3-70B-Instruct_NCT02396420_inc_5_shot.json' gespeichert.
File: NCT02396732_exc 

Das File: /work/eauten2s/ec_criteria_struct/transform_chia/input/half_clinical_trials/NCT02396732_exc.txt wurde erfolgreich geladen.
NCT02396732_exc Done 

Die Daten wurden erfolgreich in '/work/eauten2s/ec_criteria_struct/transform_chia/model_output/Llama-3-70B-Instruct_5_shot/Llama-3-70B-Instruct_NCT02396732_exc_5_shot.json' gespeichert.
File: NCT02396732_inc 

Das File: /work/eauten2s/ec_criteria_struct/transform_chia/input/half_clinical_trials/NCT02396732_inc.txt wurde erfolgreich geladen.
NCT02396732_inc Done 

Die Daten wurden erfolgreich in '/work/eauten2s/ec_criteria_struct/transform_chia/model_output/Llama-3-70B-Instruct_5_shot/Llama-3-70B-Instruct_NCT02396732_inc_5_shot.json' gespeichert.
File: NCT02399033_exc 

Das File: /work/eauten2s/ec_criteria_struct/transform_chia/input/half_clinical_trials/NCT02399033_exc.txt wurde erfolgreich geladen.
NCT02399033_exc Done 

Die Daten wurden erfolgreich in '/work/eauten2s/ec_criteria_struct/transform_chia/model_output/Llama-3-70B-Instruct_5_shot/Llama-3-70B-Instruct_NCT02399033_exc_5_shot.json' gespeichert.
File: NCT02399033_inc 

Das File: /work/eauten2s/ec_criteria_struct/transform_chia/input/half_clinical_trials/NCT02399033_inc.txt wurde erfolgreich geladen.
NCT02399033_inc Done 

Die Daten wurden erfolgreich in '/work/eauten2s/ec_criteria_struct/transform_chia/model_output/Llama-3-70B-Instruct_5_shot/Llama-3-70B-Instruct_NCT02399033_inc_5_shot.json' gespeichert.
File: NCT02406495_exc 

Das File: /work/eauten2s/ec_criteria_struct/transform_chia/input/half_clinical_trials/NCT02406495_exc.txt wurde erfolgreich geladen.
NCT02406495_exc Done 

Die Daten wurden erfolgreich in '/work/eauten2s/ec_criteria_struct/transform_chia/model_output/Llama-3-70B-Instruct_5_shot/Llama-3-70B-Instruct_NCT02406495_exc_5_shot.json' gespeichert.
File: NCT02406495_inc 

Das File: /work/eauten2s/ec_criteria_struct/transform_chia/input/half_clinical_trials/NCT02406495_inc.txt wurde erfolgreich geladen.
NCT02406495_inc Done 

Die Daten wurden erfolgreich in '/work/eauten2s/ec_criteria_struct/transform_chia/model_output/Llama-3-70B-Instruct_5_shot/Llama-3-70B-Instruct_NCT02406495_inc_5_shot.json' gespeichert.
File: NCT02406885_exc 

Das File: /work/eauten2s/ec_criteria_struct/transform_chia/input/half_clinical_trials/NCT02406885_exc.txt wurde erfolgreich geladen.
NCT02406885_exc Done 

Die Daten wurden erfolgreich in '/work/eauten2s/ec_criteria_struct/transform_chia/model_output/Llama-3-70B-Instruct_5_shot/Llama-3-70B-Instruct_NCT02406885_exc_5_shot.json' gespeichert.
File: NCT02406885_inc 

Das File: /work/eauten2s/ec_criteria_struct/transform_chia/input/half_clinical_trials/NCT02406885_inc.txt wurde erfolgreich geladen.
NCT02406885_inc Done 

Die Daten wurden erfolgreich in '/work/eauten2s/ec_criteria_struct/transform_chia/model_output/Llama-3-70B-Instruct_5_shot/Llama-3-70B-Instruct_NCT02406885_inc_5_shot.json' gespeichert.
File: NCT02408120_exc 

Das File: /work/eauten2s/ec_criteria_struct/transform_chia/input/half_clinical_trials/NCT02408120_exc.txt wurde erfolgreich geladen.
NCT02408120_exc Done 

Die Daten wurden erfolgreich in '/work/eauten2s/ec_criteria_struct/transform_chia/model_output/Llama-3-70B-Instruct_5_shot/Llama-3-70B-Instruct_NCT02408120_exc_5_shot.json' gespeichert.
File: NCT02408120_inc 

Das File: /work/eauten2s/ec_criteria_struct/transform_chia/input/half_clinical_trials/NCT02408120_inc.txt wurde erfolgreich geladen.
NCT02408120_inc Done 

Die Daten wurden erfolgreich in '/work/eauten2s/ec_criteria_struct/transform_chia/model_output/Llama-3-70B-Instruct_5_shot/Llama-3-70B-Instruct_NCT02408120_inc_5_shot.json' gespeichert.
File: NCT02413970_exc 

Das File: /work/eauten2s/ec_criteria_struct/transform_chia/input/half_clinical_trials/NCT02413970_exc.txt wurde erfolgreich geladen.
NCT02413970_exc Done 

Die Daten wurden erfolgreich in '/work/eauten2s/ec_criteria_struct/transform_chia/model_output/Llama-3-70B-Instruct_5_shot/Llama-3-70B-Instruct_NCT02413970_exc_5_shot.json' gespeichert.
File: NCT02413970_inc 

Das File: /work/eauten2s/ec_criteria_struct/transform_chia/input/half_clinical_trials/NCT02413970_inc.txt wurde erfolgreich geladen.
NCT02413970_inc Done 

Die Daten wurden erfolgreich in '/work/eauten2s/ec_criteria_struct/transform_chia/model_output/Llama-3-70B-Instruct_5_shot/Llama-3-70B-Instruct_NCT02413970_inc_5_shot.json' gespeichert.
File: NCT02414399_exc 

Das File: /work/eauten2s/ec_criteria_struct/transform_chia/input/half_clinical_trials/NCT02414399_exc.txt wurde erfolgreich geladen.
NCT02414399_exc Done 

Die Daten wurden erfolgreich in '/work/eauten2s/ec_criteria_struct/transform_chia/model_output/Llama-3-70B-Instruct_5_shot/Llama-3-70B-Instruct_NCT02414399_exc_5_shot.json' gespeichert.
File: NCT02414399_inc 

Das File: /work/eauten2s/ec_criteria_struct/transform_chia/input/half_clinical_trials/NCT02414399_inc.txt wurde erfolgreich geladen.
NCT02414399_inc Done 

Die Daten wurden erfolgreich in '/work/eauten2s/ec_criteria_struct/transform_chia/model_output/Llama-3-70B-Instruct_5_shot/Llama-3-70B-Instruct_NCT02414399_inc_5_shot.json' gespeichert.
File: NCT02415257_exc 

Das File: /work/eauten2s/ec_criteria_struct/transform_chia/input/half_clinical_trials/NCT02415257_exc.txt wurde erfolgreich geladen.
NCT02415257_exc Done 

Die Daten wurden erfolgreich in '/work/eauten2s/ec_criteria_struct/transform_chia/model_output/Llama-3-70B-Instruct_5_shot/Llama-3-70B-Instruct_NCT02415257_exc_5_shot.json' gespeichert.
File: NCT02415257_inc 

Das File: /work/eauten2s/ec_criteria_struct/transform_chia/input/half_clinical_trials/NCT02415257_inc.txt wurde erfolgreich geladen.
NCT02415257_inc Done 

Die Daten wurden erfolgreich in '/work/eauten2s/ec_criteria_struct/transform_chia/model_output/Llama-3-70B-Instruct_5_shot/Llama-3-70B-Instruct_NCT02415257_inc_5_shot.json' gespeichert.
File: NCT02416765_exc 

Das File: /work/eauten2s/ec_criteria_struct/transform_chia/input/half_clinical_trials/NCT02416765_exc.txt wurde erfolgreich geladen.
NCT02416765_exc Done 

Die Daten wurden erfolgreich in '/work/eauten2s/ec_criteria_struct/transform_chia/model_output/Llama-3-70B-Instruct_5_shot/Llama-3-70B-Instruct_NCT02416765_exc_5_shot.json' gespeichert.
File: NCT02416765_inc 

Das File: /work/eauten2s/ec_criteria_struct/transform_chia/input/half_clinical_trials/NCT02416765_inc.txt wurde erfolgreich geladen.
NCT02416765_inc Done 

Die Daten wurden erfolgreich in '/work/eauten2s/ec_criteria_struct/transform_chia/model_output/Llama-3-70B-Instruct_5_shot/Llama-3-70B-Instruct_NCT02416765_inc_5_shot.json' gespeichert.
File: NCT02416869_exc 

Das File: /work/eauten2s/ec_criteria_struct/transform_chia/input/half_clinical_trials/NCT02416869_exc.txt wurde erfolgreich geladen.
NCT02416869_exc Done 

Die Daten wurden erfolgreich in '/work/eauten2s/ec_criteria_struct/transform_chia/model_output/Llama-3-70B-Instruct_5_shot/Llama-3-70B-Instruct_NCT02416869_exc_5_shot.json' gespeichert.
File: NCT02416869_inc 

Das File: /work/eauten2s/ec_criteria_struct/transform_chia/input/half_clinical_trials/NCT02416869_inc.txt wurde erfolgreich geladen.
NCT02416869_inc Done 

Die Daten wurden erfolgreich in '/work/eauten2s/ec_criteria_struct/transform_chia/model_output/Llama-3-70B-Instruct_5_shot/Llama-3-70B-Instruct_NCT02416869_inc_5_shot.json' gespeichert.
File: NCT02419378_exc 

Das File: /work/eauten2s/ec_criteria_struct/transform_chia/input/half_clinical_trials/NCT02419378_exc.txt wurde erfolgreich geladen.
NCT02419378_exc Done 

Die Daten wurden erfolgreich in '/work/eauten2s/ec_criteria_struct/transform_chia/model_output/Llama-3-70B-Instruct_5_shot/Llama-3-70B-Instruct_NCT02419378_exc_5_shot.json' gespeichert.
File: NCT02419378_inc 

Das File: /work/eauten2s/ec_criteria_struct/transform_chia/input/half_clinical_trials/NCT02419378_inc.txt wurde erfolgreich geladen.
NCT02419378_inc Done 

Die Daten wurden erfolgreich in '/work/eauten2s/ec_criteria_struct/transform_chia/model_output/Llama-3-70B-Instruct_5_shot/Llama-3-70B-Instruct_NCT02419378_inc_5_shot.json' gespeichert.
File: NCT02420015_exc 

Das File: /work/eauten2s/ec_criteria_struct/transform_chia/input/half_clinical_trials/NCT02420015_exc.txt wurde erfolgreich geladen.
NCT02420015_exc Done 

Die Daten wurden erfolgreich in '/work/eauten2s/ec_criteria_struct/transform_chia/model_output/Llama-3-70B-Instruct_5_shot/Llama-3-70B-Instruct_NCT02420015_exc_5_shot.json' gespeichert.
File: NCT02420015_inc 

Das File: /work/eauten2s/ec_criteria_struct/transform_chia/input/half_clinical_trials/NCT02420015_inc.txt wurde erfolgreich geladen.
NCT02420015_inc Done 

Die Daten wurden erfolgreich in '/work/eauten2s/ec_criteria_struct/transform_chia/model_output/Llama-3-70B-Instruct_5_shot/Llama-3-70B-Instruct_NCT02420015_inc_5_shot.json' gespeichert.
File: NCT02425774_exc 

Das File: /work/eauten2s/ec_criteria_struct/transform_chia/input/half_clinical_trials/NCT02425774_exc.txt wurde erfolgreich geladen.
NCT02425774_exc Done 

Die Daten wurden erfolgreich in '/work/eauten2s/ec_criteria_struct/transform_chia/model_output/Llama-3-70B-Instruct_5_shot/Llama-3-70B-Instruct_NCT02425774_exc_5_shot.json' gespeichert.
File: NCT02425774_inc 

Das File: /work/eauten2s/ec_criteria_struct/transform_chia/input/half_clinical_trials/NCT02425774_inc.txt wurde erfolgreich geladen.
NCT02425774_inc Done 

Die Daten wurden erfolgreich in '/work/eauten2s/ec_criteria_struct/transform_chia/model_output/Llama-3-70B-Instruct_5_shot/Llama-3-70B-Instruct_NCT02425774_inc_5_shot.json' gespeichert.
File: NCT02426034_exc 

Das File: /work/eauten2s/ec_criteria_struct/transform_chia/input/half_clinical_trials/NCT02426034_exc.txt wurde erfolgreich geladen.
NCT02426034_exc Done 

Die Daten wurden erfolgreich in '/work/eauten2s/ec_criteria_struct/transform_chia/model_output/Llama-3-70B-Instruct_5_shot/Llama-3-70B-Instruct_NCT02426034_exc_5_shot.json' gespeichert.
File: NCT02426034_inc 

Das File: /work/eauten2s/ec_criteria_struct/transform_chia/input/half_clinical_trials/NCT02426034_inc.txt wurde erfolgreich geladen.
NCT02426034_inc Done 

Die Daten wurden erfolgreich in '/work/eauten2s/ec_criteria_struct/transform_chia/model_output/Llama-3-70B-Instruct_5_shot/Llama-3-70B-Instruct_NCT02426034_inc_5_shot.json' gespeichert.
File: NCT02426944_exc 

Das File: /work/eauten2s/ec_criteria_struct/transform_chia/input/half_clinical_trials/NCT02426944_exc.txt wurde erfolgreich geladen.
NCT02426944_exc Done 

Die Daten wurden erfolgreich in '/work/eauten2s/ec_criteria_struct/transform_chia/model_output/Llama-3-70B-Instruct_5_shot/Llama-3-70B-Instruct_NCT02426944_exc_5_shot.json' gespeichert.
File: NCT02426944_inc 

Das File: /work/eauten2s/ec_criteria_struct/transform_chia/input/half_clinical_trials/NCT02426944_inc.txt wurde erfolgreich geladen.
NCT02426944_inc Done 

Die Daten wurden erfolgreich in '/work/eauten2s/ec_criteria_struct/transform_chia/model_output/Llama-3-70B-Instruct_5_shot/Llama-3-70B-Instruct_NCT02426944_inc_5_shot.json' gespeichert.
File: NCT02427295_exc 

Das File: /work/eauten2s/ec_criteria_struct/transform_chia/input/half_clinical_trials/NCT02427295_exc.txt wurde erfolgreich geladen.
NCT02427295_exc Done 

Die Daten wurden erfolgreich in '/work/eauten2s/ec_criteria_struct/transform_chia/model_output/Llama-3-70B-Instruct_5_shot/Llama-3-70B-Instruct_NCT02427295_exc_5_shot.json' gespeichert.
File: NCT02427295_inc 

Das File: /work/eauten2s/ec_criteria_struct/transform_chia/input/half_clinical_trials/NCT02427295_inc.txt wurde erfolgreich geladen.
NCT02427295_inc Done 

Die Daten wurden erfolgreich in '/work/eauten2s/ec_criteria_struct/transform_chia/model_output/Llama-3-70B-Instruct_5_shot/Llama-3-70B-Instruct_NCT02427295_inc_5_shot.json' gespeichert.
File: NCT02429583_exc 

Das File: /work/eauten2s/ec_criteria_struct/transform_chia/input/half_clinical_trials/NCT02429583_exc.txt wurde erfolgreich geladen.
NCT02429583_exc Done 

Die Daten wurden erfolgreich in '/work/eauten2s/ec_criteria_struct/transform_chia/model_output/Llama-3-70B-Instruct_5_shot/Llama-3-70B-Instruct_NCT02429583_exc_5_shot.json' gespeichert.
File: NCT02429583_inc 

Das File: /work/eauten2s/ec_criteria_struct/transform_chia/input/half_clinical_trials/NCT02429583_inc.txt wurde erfolgreich geladen.
NCT02429583_inc Done 

Die Daten wurden erfolgreich in '/work/eauten2s/ec_criteria_struct/transform_chia/model_output/Llama-3-70B-Instruct_5_shot/Llama-3-70B-Instruct_NCT02429583_inc_5_shot.json' gespeichert.
File: NCT02429765_exc 

Das File: /work/eauten2s/ec_criteria_struct/transform_chia/input/half_clinical_trials/NCT02429765_exc.txt wurde erfolgreich geladen.
NCT02429765_exc Done 

Die Daten wurden erfolgreich in '/work/eauten2s/ec_criteria_struct/transform_chia/model_output/Llama-3-70B-Instruct_5_shot/Llama-3-70B-Instruct_NCT02429765_exc_5_shot.json' gespeichert.
File: NCT02429765_inc 

Das File: /work/eauten2s/ec_criteria_struct/transform_chia/input/half_clinical_trials/NCT02429765_inc.txt wurde erfolgreich geladen.
NCT02429765_inc Done 

Die Daten wurden erfolgreich in '/work/eauten2s/ec_criteria_struct/transform_chia/model_output/Llama-3-70B-Instruct_5_shot/Llama-3-70B-Instruct_NCT02429765_inc_5_shot.json' gespeichert.
File: NCT02430740_exc 

Das File: /work/eauten2s/ec_criteria_struct/transform_chia/input/half_clinical_trials/NCT02430740_exc.txt wurde erfolgreich geladen.
NCT02430740_exc Done 

Die Daten wurden erfolgreich in '/work/eauten2s/ec_criteria_struct/transform_chia/model_output/Llama-3-70B-Instruct_5_shot/Llama-3-70B-Instruct_NCT02430740_exc_5_shot.json' gespeichert.
File: NCT02430740_inc 

Das File: /work/eauten2s/ec_criteria_struct/transform_chia/input/half_clinical_trials/NCT02430740_inc.txt wurde erfolgreich geladen.
NCT02430740_inc Done 

Die Daten wurden erfolgreich in '/work/eauten2s/ec_criteria_struct/transform_chia/model_output/Llama-3-70B-Instruct_5_shot/Llama-3-70B-Instruct_NCT02430740_inc_5_shot.json' gespeichert.
File: NCT02431442_exc 

Das File: /work/eauten2s/ec_criteria_struct/transform_chia/input/half_clinical_trials/NCT02431442_exc.txt wurde erfolgreich geladen.
NCT02431442_exc Done 

Die Daten wurden erfolgreich in '/work/eauten2s/ec_criteria_struct/transform_chia/model_output/Llama-3-70B-Instruct_5_shot/Llama-3-70B-Instruct_NCT02431442_exc_5_shot.json' gespeichert.
File: NCT02431442_inc 

Das File: /work/eauten2s/ec_criteria_struct/transform_chia/input/half_clinical_trials/NCT02431442_inc.txt wurde erfolgreich geladen.
NCT02431442_inc Done 

Die Daten wurden erfolgreich in '/work/eauten2s/ec_criteria_struct/transform_chia/model_output/Llama-3-70B-Instruct_5_shot/Llama-3-70B-Instruct_NCT02431442_inc_5_shot.json' gespeichert.
File: NCT02431559_exc 

Das File: /work/eauten2s/ec_criteria_struct/transform_chia/input/half_clinical_trials/NCT02431559_exc.txt wurde erfolgreich geladen.
NCT02431559_exc Done 

Die Daten wurden erfolgreich in '/work/eauten2s/ec_criteria_struct/transform_chia/model_output/Llama-3-70B-Instruct_5_shot/Llama-3-70B-Instruct_NCT02431559_exc_5_shot.json' gespeichert.
File: NCT02431559_inc 

Das File: /work/eauten2s/ec_criteria_struct/transform_chia/input/half_clinical_trials/NCT02431559_inc.txt wurde erfolgreich geladen.
NCT02431559_inc Done 

Die Daten wurden erfolgreich in '/work/eauten2s/ec_criteria_struct/transform_chia/model_output/Llama-3-70B-Instruct_5_shot/Llama-3-70B-Instruct_NCT02431559_inc_5_shot.json' gespeichert.
File: NCT02432404_exc 

Das File: /work/eauten2s/ec_criteria_struct/transform_chia/input/half_clinical_trials/NCT02432404_exc.txt wurde erfolgreich geladen.
NCT02432404_exc Done 

Die Daten wurden erfolgreich in '/work/eauten2s/ec_criteria_struct/transform_chia/model_output/Llama-3-70B-Instruct_5_shot/Llama-3-70B-Instruct_NCT02432404_exc_5_shot.json' gespeichert.
File: NCT02432404_inc 

Das File: /work/eauten2s/ec_criteria_struct/transform_chia/input/half_clinical_trials/NCT02432404_inc.txt wurde erfolgreich geladen.
NCT02432404_inc Done 

Die Daten wurden erfolgreich in '/work/eauten2s/ec_criteria_struct/transform_chia/model_output/Llama-3-70B-Instruct_5_shot/Llama-3-70B-Instruct_NCT02432404_inc_5_shot.json' gespeichert.
File: NCT02437045_exc 

Das File: /work/eauten2s/ec_criteria_struct/transform_chia/input/half_clinical_trials/NCT02437045_exc.txt wurde erfolgreich geladen.
NCT02437045_exc Done 

Die Daten wurden erfolgreich in '/work/eauten2s/ec_criteria_struct/transform_chia/model_output/Llama-3-70B-Instruct_5_shot/Llama-3-70B-Instruct_NCT02437045_exc_5_shot.json' gespeichert.
File: NCT02437045_inc 

Das File: /work/eauten2s/ec_criteria_struct/transform_chia/input/half_clinical_trials/NCT02437045_inc.txt wurde erfolgreich geladen.
NCT02437045_inc Done 

Die Daten wurden erfolgreich in '/work/eauten2s/ec_criteria_struct/transform_chia/model_output/Llama-3-70B-Instruct_5_shot/Llama-3-70B-Instruct_NCT02437045_inc_5_shot.json' gespeichert.
File: NCT02437084_exc 

Das File: /work/eauten2s/ec_criteria_struct/transform_chia/input/half_clinical_trials/NCT02437084_exc.txt wurde erfolgreich geladen.
NCT02437084_exc Done 

Die Daten wurden erfolgreich in '/work/eauten2s/ec_criteria_struct/transform_chia/model_output/Llama-3-70B-Instruct_5_shot/Llama-3-70B-Instruct_NCT02437084_exc_5_shot.json' gespeichert.
File: NCT02437084_inc 

Das File: /work/eauten2s/ec_criteria_struct/transform_chia/input/half_clinical_trials/NCT02437084_inc.txt wurde erfolgreich geladen.
NCT02437084_inc Done 

Die Daten wurden erfolgreich in '/work/eauten2s/ec_criteria_struct/transform_chia/model_output/Llama-3-70B-Instruct_5_shot/Llama-3-70B-Instruct_NCT02437084_inc_5_shot.json' gespeichert.
File: NCT02441179_exc 

Das File: /work/eauten2s/ec_criteria_struct/transform_chia/input/half_clinical_trials/NCT02441179_exc.txt wurde erfolgreich geladen.
NCT02441179_exc Done 

Die Daten wurden erfolgreich in '/work/eauten2s/ec_criteria_struct/transform_chia/model_output/Llama-3-70B-Instruct_5_shot/Llama-3-70B-Instruct_NCT02441179_exc_5_shot.json' gespeichert.
File: NCT02441179_inc 

Das File: /work/eauten2s/ec_criteria_struct/transform_chia/input/half_clinical_trials/NCT02441179_inc.txt wurde erfolgreich geladen.
NCT02441179_inc Done 

Die Daten wurden erfolgreich in '/work/eauten2s/ec_criteria_struct/transform_chia/model_output/Llama-3-70B-Instruct_5_shot/Llama-3-70B-Instruct_NCT02441179_inc_5_shot.json' gespeichert.
File: NCT02443623_exc 

Das File: /work/eauten2s/ec_criteria_struct/transform_chia/input/half_clinical_trials/NCT02443623_exc.txt wurde erfolgreich geladen.
NCT02443623_exc Done 

Die Daten wurden erfolgreich in '/work/eauten2s/ec_criteria_struct/transform_chia/model_output/Llama-3-70B-Instruct_5_shot/Llama-3-70B-Instruct_NCT02443623_exc_5_shot.json' gespeichert.
File: NCT02443623_inc 

Das File: /work/eauten2s/ec_criteria_struct/transform_chia/input/half_clinical_trials/NCT02443623_inc.txt wurde erfolgreich geladen.
NCT02443623_inc Done 

Die Daten wurden erfolgreich in '/work/eauten2s/ec_criteria_struct/transform_chia/model_output/Llama-3-70B-Instruct_5_shot/Llama-3-70B-Instruct_NCT02443623_inc_5_shot.json' gespeichert.
File: NCT02443844_exc 

Das File: /work/eauten2s/ec_criteria_struct/transform_chia/input/half_clinical_trials/NCT02443844_exc.txt wurde erfolgreich geladen.
NCT02443844_exc Done 

Die Daten wurden erfolgreich in '/work/eauten2s/ec_criteria_struct/transform_chia/model_output/Llama-3-70B-Instruct_5_shot/Llama-3-70B-Instruct_NCT02443844_exc_5_shot.json' gespeichert.
File: NCT02443844_inc 

Das File: /work/eauten2s/ec_criteria_struct/transform_chia/input/half_clinical_trials/NCT02443844_inc.txt wurde erfolgreich geladen.
NCT02443844_inc Done 

Die Daten wurden erfolgreich in '/work/eauten2s/ec_criteria_struct/transform_chia/model_output/Llama-3-70B-Instruct_5_shot/Llama-3-70B-Instruct_NCT02443844_inc_5_shot.json' gespeichert.
File: NCT02445339_exc 

Das File: /work/eauten2s/ec_criteria_struct/transform_chia/input/half_clinical_trials/NCT02445339_exc.txt wurde erfolgreich geladen.
NCT02445339_exc Done 

Die Daten wurden erfolgreich in '/work/eauten2s/ec_criteria_struct/transform_chia/model_output/Llama-3-70B-Instruct_5_shot/Llama-3-70B-Instruct_NCT02445339_exc_5_shot.json' gespeichert.
File: NCT02445339_inc 

Das File: /work/eauten2s/ec_criteria_struct/transform_chia/input/half_clinical_trials/NCT02445339_inc.txt wurde erfolgreich geladen.
NCT02445339_inc Done 

Die Daten wurden erfolgreich in '/work/eauten2s/ec_criteria_struct/transform_chia/model_output/Llama-3-70B-Instruct_5_shot/Llama-3-70B-Instruct_NCT02445339_inc_5_shot.json' gespeichert.
File: NCT02455921_exc 

Das File: /work/eauten2s/ec_criteria_struct/transform_chia/input/half_clinical_trials/NCT02455921_exc.txt wurde erfolgreich geladen.
NCT02455921_exc Done 

Die Daten wurden erfolgreich in '/work/eauten2s/ec_criteria_struct/transform_chia/model_output/Llama-3-70B-Instruct_5_shot/Llama-3-70B-Instruct_NCT02455921_exc_5_shot.json' gespeichert.
File: NCT02455921_inc 

Das File: /work/eauten2s/ec_criteria_struct/transform_chia/input/half_clinical_trials/NCT02455921_inc.txt wurde erfolgreich geladen.
NCT02455921_inc Done 

Die Daten wurden erfolgreich in '/work/eauten2s/ec_criteria_struct/transform_chia/model_output/Llama-3-70B-Instruct_5_shot/Llama-3-70B-Instruct_NCT02455921_inc_5_shot.json' gespeichert.
File: NCT02456129_exc 

Das File: /work/eauten2s/ec_criteria_struct/transform_chia/input/half_clinical_trials/NCT02456129_exc.txt wurde erfolgreich geladen.
NCT02456129_exc Done 

Die Daten wurden erfolgreich in '/work/eauten2s/ec_criteria_struct/transform_chia/model_output/Llama-3-70B-Instruct_5_shot/Llama-3-70B-Instruct_NCT02456129_exc_5_shot.json' gespeichert.
File: NCT02456129_inc 

Das File: /work/eauten2s/ec_criteria_struct/transform_chia/input/half_clinical_trials/NCT02456129_inc.txt wurde erfolgreich geladen.
NCT02456129_inc Done 

Die Daten wurden erfolgreich in '/work/eauten2s/ec_criteria_struct/transform_chia/model_output/Llama-3-70B-Instruct_5_shot/Llama-3-70B-Instruct_NCT02456129_inc_5_shot.json' gespeichert.
File: NCT02456532_exc 

Das File: /work/eauten2s/ec_criteria_struct/transform_chia/input/half_clinical_trials/NCT02456532_exc.txt wurde erfolgreich geladen.
NCT02456532_exc Done 

Die Daten wurden erfolgreich in '/work/eauten2s/ec_criteria_struct/transform_chia/model_output/Llama-3-70B-Instruct_5_shot/Llama-3-70B-Instruct_NCT02456532_exc_5_shot.json' gespeichert.
File: NCT02456532_inc 

Das File: /work/eauten2s/ec_criteria_struct/transform_chia/input/half_clinical_trials/NCT02456532_inc.txt wurde erfolgreich geladen.
NCT02456532_inc Done 

Die Daten wurden erfolgreich in '/work/eauten2s/ec_criteria_struct/transform_chia/model_output/Llama-3-70B-Instruct_5_shot/Llama-3-70B-Instruct_NCT02456532_inc_5_shot.json' gespeichert.
File: NCT02457442_exc 

Das File: /work/eauten2s/ec_criteria_struct/transform_chia/input/half_clinical_trials/NCT02457442_exc.txt wurde erfolgreich geladen.
NCT02457442_exc Done 

Die Daten wurden erfolgreich in '/work/eauten2s/ec_criteria_struct/transform_chia/model_output/Llama-3-70B-Instruct_5_shot/Llama-3-70B-Instruct_NCT02457442_exc_5_shot.json' gespeichert.
File: NCT02457442_inc 

Das File: /work/eauten2s/ec_criteria_struct/transform_chia/input/half_clinical_trials/NCT02457442_inc.txt wurde erfolgreich geladen.
NCT02457442_inc Done 

Die Daten wurden erfolgreich in '/work/eauten2s/ec_criteria_struct/transform_chia/model_output/Llama-3-70B-Instruct_5_shot/Llama-3-70B-Instruct_NCT02457442_inc_5_shot.json' gespeichert.
File: NCT02462317_exc 

Das File: /work/eauten2s/ec_criteria_struct/transform_chia/input/half_clinical_trials/NCT02462317_exc.txt wurde erfolgreich geladen.
NCT02462317_exc Done 

Die Daten wurden erfolgreich in '/work/eauten2s/ec_criteria_struct/transform_chia/model_output/Llama-3-70B-Instruct_5_shot/Llama-3-70B-Instruct_NCT02462317_exc_5_shot.json' gespeichert.
File: NCT02462317_inc 

Das File: /work/eauten2s/ec_criteria_struct/transform_chia/input/half_clinical_trials/NCT02462317_inc.txt wurde erfolgreich geladen.
NCT02462317_inc Done 

Die Daten wurden erfolgreich in '/work/eauten2s/ec_criteria_struct/transform_chia/model_output/Llama-3-70B-Instruct_5_shot/Llama-3-70B-Instruct_NCT02462317_inc_5_shot.json' gespeichert.
File: NCT02462590_exc 

Das File: /work/eauten2s/ec_criteria_struct/transform_chia/input/half_clinical_trials/NCT02462590_exc.txt wurde erfolgreich geladen.
NCT02462590_exc Done 

Die Daten wurden erfolgreich in '/work/eauten2s/ec_criteria_struct/transform_chia/model_output/Llama-3-70B-Instruct_5_shot/Llama-3-70B-Instruct_NCT02462590_exc_5_shot.json' gespeichert.
File: NCT02462590_inc 

Das File: /work/eauten2s/ec_criteria_struct/transform_chia/input/half_clinical_trials/NCT02462590_inc.txt wurde erfolgreich geladen.
NCT02462590_inc Done 

Die Daten wurden erfolgreich in '/work/eauten2s/ec_criteria_struct/transform_chia/model_output/Llama-3-70B-Instruct_5_shot/Llama-3-70B-Instruct_NCT02462590_inc_5_shot.json' gespeichert.
File: NCT02464813_exc 

Das File: /work/eauten2s/ec_criteria_struct/transform_chia/input/half_clinical_trials/NCT02464813_exc.txt wurde erfolgreich geladen.
NCT02464813_exc Done 

Die Daten wurden erfolgreich in '/work/eauten2s/ec_criteria_struct/transform_chia/model_output/Llama-3-70B-Instruct_5_shot/Llama-3-70B-Instruct_NCT02464813_exc_5_shot.json' gespeichert.
File: NCT02464813_inc 

Das File: /work/eauten2s/ec_criteria_struct/transform_chia/input/half_clinical_trials/NCT02464813_inc.txt wurde erfolgreich geladen.
NCT02464813_inc Done 

Die Daten wurden erfolgreich in '/work/eauten2s/ec_criteria_struct/transform_chia/model_output/Llama-3-70B-Instruct_5_shot/Llama-3-70B-Instruct_NCT02464813_inc_5_shot.json' gespeichert.
File: NCT02464865_exc 

Das File: /work/eauten2s/ec_criteria_struct/transform_chia/input/half_clinical_trials/NCT02464865_exc.txt wurde erfolgreich geladen.
NCT02464865_exc Done 

Die Daten wurden erfolgreich in '/work/eauten2s/ec_criteria_struct/transform_chia/model_output/Llama-3-70B-Instruct_5_shot/Llama-3-70B-Instruct_NCT02464865_exc_5_shot.json' gespeichert.
File: NCT02464865_inc 

Das File: /work/eauten2s/ec_criteria_struct/transform_chia/input/half_clinical_trials/NCT02464865_inc.txt wurde erfolgreich geladen.
NCT02464865_inc Done 

Die Daten wurden erfolgreich in '/work/eauten2s/ec_criteria_struct/transform_chia/model_output/Llama-3-70B-Instruct_5_shot/Llama-3-70B-Instruct_NCT02464865_inc_5_shot.json' gespeichert.
File: NCT02466113_exc 

Das File: /work/eauten2s/ec_criteria_struct/transform_chia/input/half_clinical_trials/NCT02466113_exc.txt wurde erfolgreich geladen.
NCT02466113_exc Done 

Die Daten wurden erfolgreich in '/work/eauten2s/ec_criteria_struct/transform_chia/model_output/Llama-3-70B-Instruct_5_shot/Llama-3-70B-Instruct_NCT02466113_exc_5_shot.json' gespeichert.
File: NCT02466113_inc 

Das File: /work/eauten2s/ec_criteria_struct/transform_chia/input/half_clinical_trials/NCT02466113_inc.txt wurde erfolgreich geladen.
NCT02466113_inc Done 

Die Daten wurden erfolgreich in '/work/eauten2s/ec_criteria_struct/transform_chia/model_output/Llama-3-70B-Instruct_5_shot/Llama-3-70B-Instruct_NCT02466113_inc_5_shot.json' gespeichert.
File: NCT02467686_exc 

Das File: /work/eauten2s/ec_criteria_struct/transform_chia/input/half_clinical_trials/NCT02467686_exc.txt wurde erfolgreich geladen.
NCT02467686_exc Done 

Die Daten wurden erfolgreich in '/work/eauten2s/ec_criteria_struct/transform_chia/model_output/Llama-3-70B-Instruct_5_shot/Llama-3-70B-Instruct_NCT02467686_exc_5_shot.json' gespeichert.
File: NCT02467686_inc 

Das File: /work/eauten2s/ec_criteria_struct/transform_chia/input/half_clinical_trials/NCT02467686_inc.txt wurde erfolgreich geladen.
NCT02467686_inc Done 

Die Daten wurden erfolgreich in '/work/eauten2s/ec_criteria_struct/transform_chia/model_output/Llama-3-70B-Instruct_5_shot/Llama-3-70B-Instruct_NCT02467686_inc_5_shot.json' gespeichert.
File: NCT02469610_exc 

Das File: /work/eauten2s/ec_criteria_struct/transform_chia/input/half_clinical_trials/NCT02469610_exc.txt wurde erfolgreich geladen.
NCT02469610_exc Done 

Die Daten wurden erfolgreich in '/work/eauten2s/ec_criteria_struct/transform_chia/model_output/Llama-3-70B-Instruct_5_shot/Llama-3-70B-Instruct_NCT02469610_exc_5_shot.json' gespeichert.
File: NCT02469610_inc 

Das File: /work/eauten2s/ec_criteria_struct/transform_chia/input/half_clinical_trials/NCT02469610_inc.txt wurde erfolgreich geladen.
NCT02469610_inc Done 

Die Daten wurden erfolgreich in '/work/eauten2s/ec_criteria_struct/transform_chia/model_output/Llama-3-70B-Instruct_5_shot/Llama-3-70B-Instruct_NCT02469610_inc_5_shot.json' gespeichert.
File: NCT02473809_exc 

Das File: /work/eauten2s/ec_criteria_struct/transform_chia/input/half_clinical_trials/NCT02473809_exc.txt wurde erfolgreich geladen.
NCT02473809_exc Done 

Die Daten wurden erfolgreich in '/work/eauten2s/ec_criteria_struct/transform_chia/model_output/Llama-3-70B-Instruct_5_shot/Llama-3-70B-Instruct_NCT02473809_exc_5_shot.json' gespeichert.
File: NCT02473809_inc 

Das File: /work/eauten2s/ec_criteria_struct/transform_chia/input/half_clinical_trials/NCT02473809_inc.txt wurde erfolgreich geladen.
NCT02473809_inc Done 

Die Daten wurden erfolgreich in '/work/eauten2s/ec_criteria_struct/transform_chia/model_output/Llama-3-70B-Instruct_5_shot/Llama-3-70B-Instruct_NCT02473809_inc_5_shot.json' gespeichert.
File: NCT02476461_exc 

Das File: /work/eauten2s/ec_criteria_struct/transform_chia/input/half_clinical_trials/NCT02476461_exc.txt wurde erfolgreich geladen.
NCT02476461_exc Done 

Die Daten wurden erfolgreich in '/work/eauten2s/ec_criteria_struct/transform_chia/model_output/Llama-3-70B-Instruct_5_shot/Llama-3-70B-Instruct_NCT02476461_exc_5_shot.json' gespeichert.
File: NCT02476461_inc 

Das File: /work/eauten2s/ec_criteria_struct/transform_chia/input/half_clinical_trials/NCT02476461_inc.txt wurde erfolgreich geladen.
NCT02476461_inc Done 

Die Daten wurden erfolgreich in '/work/eauten2s/ec_criteria_struct/transform_chia/model_output/Llama-3-70B-Instruct_5_shot/Llama-3-70B-Instruct_NCT02476461_inc_5_shot.json' gespeichert.
File: NCT02477280_exc 

Das File: /work/eauten2s/ec_criteria_struct/transform_chia/input/half_clinical_trials/NCT02477280_exc.txt wurde erfolgreich geladen.
NCT02477280_exc Done 

Die Daten wurden erfolgreich in '/work/eauten2s/ec_criteria_struct/transform_chia/model_output/Llama-3-70B-Instruct_5_shot/Llama-3-70B-Instruct_NCT02477280_exc_5_shot.json' gespeichert.
File: NCT02477280_inc 

Das File: /work/eauten2s/ec_criteria_struct/transform_chia/input/half_clinical_trials/NCT02477280_inc.txt wurde erfolgreich geladen.
NCT02477280_inc Done 

Die Daten wurden erfolgreich in '/work/eauten2s/ec_criteria_struct/transform_chia/model_output/Llama-3-70B-Instruct_5_shot/Llama-3-70B-Instruct_NCT02477280_inc_5_shot.json' gespeichert.
File: NCT02478346_exc 

Das File: /work/eauten2s/ec_criteria_struct/transform_chia/input/half_clinical_trials/NCT02478346_exc.txt wurde erfolgreich geladen.
NCT02478346_exc Done 

Die Daten wurden erfolgreich in '/work/eauten2s/ec_criteria_struct/transform_chia/model_output/Llama-3-70B-Instruct_5_shot/Llama-3-70B-Instruct_NCT02478346_exc_5_shot.json' gespeichert.
File: NCT02478346_inc 

Das File: /work/eauten2s/ec_criteria_struct/transform_chia/input/half_clinical_trials/NCT02478346_inc.txt wurde erfolgreich geladen.
NCT02478346_inc Done 

Die Daten wurden erfolgreich in '/work/eauten2s/ec_criteria_struct/transform_chia/model_output/Llama-3-70B-Instruct_5_shot/Llama-3-70B-Instruct_NCT02478346_inc_5_shot.json' gespeichert.
File: NCT02478515_exc 

Das File: /work/eauten2s/ec_criteria_struct/transform_chia/input/half_clinical_trials/NCT02478515_exc.txt wurde erfolgreich geladen.
NCT02478515_exc Done 

Die Daten wurden erfolgreich in '/work/eauten2s/ec_criteria_struct/transform_chia/model_output/Llama-3-70B-Instruct_5_shot/Llama-3-70B-Instruct_NCT02478515_exc_5_shot.json' gespeichert.
File: NCT02478515_inc 

Das File: /work/eauten2s/ec_criteria_struct/transform_chia/input/half_clinical_trials/NCT02478515_inc.txt wurde erfolgreich geladen.
NCT02478515_inc Done 

Die Daten wurden erfolgreich in '/work/eauten2s/ec_criteria_struct/transform_chia/model_output/Llama-3-70B-Instruct_5_shot/Llama-3-70B-Instruct_NCT02478515_inc_5_shot.json' gespeichert.
File: NCT02481518_exc 

Das File: /work/eauten2s/ec_criteria_struct/transform_chia/input/half_clinical_trials/NCT02481518_exc.txt wurde erfolgreich geladen.
NCT02481518_exc Done 

Die Daten wurden erfolgreich in '/work/eauten2s/ec_criteria_struct/transform_chia/model_output/Llama-3-70B-Instruct_5_shot/Llama-3-70B-Instruct_NCT02481518_exc_5_shot.json' gespeichert.
File: NCT02481518_inc 

Das File: /work/eauten2s/ec_criteria_struct/transform_chia/input/half_clinical_trials/NCT02481518_inc.txt wurde erfolgreich geladen.
NCT02481518_inc Done 

Die Daten wurden erfolgreich in '/work/eauten2s/ec_criteria_struct/transform_chia/model_output/Llama-3-70B-Instruct_5_shot/Llama-3-70B-Instruct_NCT02481518_inc_5_shot.json' gespeichert.
File: NCT02483715_exc 

Das File: /work/eauten2s/ec_criteria_struct/transform_chia/input/half_clinical_trials/NCT02483715_exc.txt wurde erfolgreich geladen.
NCT02483715_exc Done 

Die Daten wurden erfolgreich in '/work/eauten2s/ec_criteria_struct/transform_chia/model_output/Llama-3-70B-Instruct_5_shot/Llama-3-70B-Instruct_NCT02483715_exc_5_shot.json' gespeichert.
File: NCT02483715_inc 

Das File: /work/eauten2s/ec_criteria_struct/transform_chia/input/half_clinical_trials/NCT02483715_inc.txt wurde erfolgreich geladen.
NCT02483715_inc Done 

Die Daten wurden erfolgreich in '/work/eauten2s/ec_criteria_struct/transform_chia/model_output/Llama-3-70B-Instruct_5_shot/Llama-3-70B-Instruct_NCT02483715_inc_5_shot.json' gespeichert.
File: NCT02488057_exc 

Das File: /work/eauten2s/ec_criteria_struct/transform_chia/input/half_clinical_trials/NCT02488057_exc.txt wurde erfolgreich geladen.
NCT02488057_exc Done 

Die Daten wurden erfolgreich in '/work/eauten2s/ec_criteria_struct/transform_chia/model_output/Llama-3-70B-Instruct_5_shot/Llama-3-70B-Instruct_NCT02488057_exc_5_shot.json' gespeichert.
File: NCT02488057_inc 

Das File: /work/eauten2s/ec_criteria_struct/transform_chia/input/half_clinical_trials/NCT02488057_inc.txt wurde erfolgreich geladen.
NCT02488057_inc Done 

Die Daten wurden erfolgreich in '/work/eauten2s/ec_criteria_struct/transform_chia/model_output/Llama-3-70B-Instruct_5_shot/Llama-3-70B-Instruct_NCT02488057_inc_5_shot.json' gespeichert.
File: NCT02489045_exc 

Das File: /work/eauten2s/ec_criteria_struct/transform_chia/input/half_clinical_trials/NCT02489045_exc.txt wurde erfolgreich geladen.
NCT02489045_exc Done 

Die Daten wurden erfolgreich in '/work/eauten2s/ec_criteria_struct/transform_chia/model_output/Llama-3-70B-Instruct_5_shot/Llama-3-70B-Instruct_NCT02489045_exc_5_shot.json' gespeichert.
File: NCT02489045_inc 

Das File: /work/eauten2s/ec_criteria_struct/transform_chia/input/half_clinical_trials/NCT02489045_inc.txt wurde erfolgreich geladen.
NCT02489045_inc Done 

Die Daten wurden erfolgreich in '/work/eauten2s/ec_criteria_struct/transform_chia/model_output/Llama-3-70B-Instruct_5_shot/Llama-3-70B-Instruct_NCT02489045_inc_5_shot.json' gespeichert.
File: NCT02490839_exc 

Das File: /work/eauten2s/ec_criteria_struct/transform_chia/input/half_clinical_trials/NCT02490839_exc.txt wurde erfolgreich geladen.
NCT02490839_exc Done 

Die Daten wurden erfolgreich in '/work/eauten2s/ec_criteria_struct/transform_chia/model_output/Llama-3-70B-Instruct_5_shot/Llama-3-70B-Instruct_NCT02490839_exc_5_shot.json' gespeichert.
File: NCT02490839_inc 

Das File: /work/eauten2s/ec_criteria_struct/transform_chia/input/half_clinical_trials/NCT02490839_inc.txt wurde erfolgreich geladen.
NCT02490839_inc Done 

Die Daten wurden erfolgreich in '/work/eauten2s/ec_criteria_struct/transform_chia/model_output/Llama-3-70B-Instruct_5_shot/Llama-3-70B-Instruct_NCT02490839_inc_5_shot.json' gespeichert.
File: NCT02498483_exc 

Das File: /work/eauten2s/ec_criteria_struct/transform_chia/input/half_clinical_trials/NCT02498483_exc.txt wurde erfolgreich geladen.
NCT02498483_exc Done 

Die Daten wurden erfolgreich in '/work/eauten2s/ec_criteria_struct/transform_chia/model_output/Llama-3-70B-Instruct_5_shot/Llama-3-70B-Instruct_NCT02498483_exc_5_shot.json' gespeichert.
File: NCT02498483_inc 

Das File: /work/eauten2s/ec_criteria_struct/transform_chia/input/half_clinical_trials/NCT02498483_inc.txt wurde erfolgreich geladen.
NCT02498483_inc Done 

Die Daten wurden erfolgreich in '/work/eauten2s/ec_criteria_struct/transform_chia/model_output/Llama-3-70B-Instruct_5_shot/Llama-3-70B-Instruct_NCT02498483_inc_5_shot.json' gespeichert.
File: NCT02499185_exc 

Das File: /work/eauten2s/ec_criteria_struct/transform_chia/input/half_clinical_trials/NCT02499185_exc.txt wurde erfolgreich geladen.
NCT02499185_exc Done 

Die Daten wurden erfolgreich in '/work/eauten2s/ec_criteria_struct/transform_chia/model_output/Llama-3-70B-Instruct_5_shot/Llama-3-70B-Instruct_NCT02499185_exc_5_shot.json' gespeichert.
File: NCT02499185_inc 

Das File: /work/eauten2s/ec_criteria_struct/transform_chia/input/half_clinical_trials/NCT02499185_inc.txt wurde erfolgreich geladen.
NCT02499185_inc Done 

Die Daten wurden erfolgreich in '/work/eauten2s/ec_criteria_struct/transform_chia/model_output/Llama-3-70B-Instruct_5_shot/Llama-3-70B-Instruct_NCT02499185_inc_5_shot.json' gespeichert.
File: NCT02502734_exc 

Das File: /work/eauten2s/ec_criteria_struct/transform_chia/input/half_clinical_trials/NCT02502734_exc.txt wurde erfolgreich geladen.
NCT02502734_exc Done 

Die Daten wurden erfolgreich in '/work/eauten2s/ec_criteria_struct/transform_chia/model_output/Llama-3-70B-Instruct_5_shot/Llama-3-70B-Instruct_NCT02502734_exc_5_shot.json' gespeichert.
File: NCT02502734_inc 

Das File: /work/eauten2s/ec_criteria_struct/transform_chia/input/half_clinical_trials/NCT02502734_inc.txt wurde erfolgreich geladen.
NCT02502734_inc Done 

Die Daten wurden erfolgreich in '/work/eauten2s/ec_criteria_struct/transform_chia/model_output/Llama-3-70B-Instruct_5_shot/Llama-3-70B-Instruct_NCT02502734_inc_5_shot.json' gespeichert.
File: NCT02504203_exc 

Das File: /work/eauten2s/ec_criteria_struct/transform_chia/input/half_clinical_trials/NCT02504203_exc.txt wurde erfolgreich geladen.
NCT02504203_exc Done 

Die Daten wurden erfolgreich in '/work/eauten2s/ec_criteria_struct/transform_chia/model_output/Llama-3-70B-Instruct_5_shot/Llama-3-70B-Instruct_NCT02504203_exc_5_shot.json' gespeichert.
File: NCT02504203_inc 

Das File: /work/eauten2s/ec_criteria_struct/transform_chia/input/half_clinical_trials/NCT02504203_inc.txt wurde erfolgreich geladen.
NCT02504203_inc Done 

Die Daten wurden erfolgreich in '/work/eauten2s/ec_criteria_struct/transform_chia/model_output/Llama-3-70B-Instruct_5_shot/Llama-3-70B-Instruct_NCT02504203_inc_5_shot.json' gespeichert.
File: NCT02509091_exc 

Das File: /work/eauten2s/ec_criteria_struct/transform_chia/input/half_clinical_trials/NCT02509091_exc.txt wurde erfolgreich geladen.
NCT02509091_exc Done 

Die Daten wurden erfolgreich in '/work/eauten2s/ec_criteria_struct/transform_chia/model_output/Llama-3-70B-Instruct_5_shot/Llama-3-70B-Instruct_NCT02509091_exc_5_shot.json' gespeichert.
File: NCT02509091_inc 

Das File: /work/eauten2s/ec_criteria_struct/transform_chia/input/half_clinical_trials/NCT02509091_inc.txt wurde erfolgreich geladen.
NCT02509091_inc Done 

Die Daten wurden erfolgreich in '/work/eauten2s/ec_criteria_struct/transform_chia/model_output/Llama-3-70B-Instruct_5_shot/Llama-3-70B-Instruct_NCT02509091_inc_5_shot.json' gespeichert.
File: NCT02509949_exc 

Das File: /work/eauten2s/ec_criteria_struct/transform_chia/input/half_clinical_trials/NCT02509949_exc.txt wurde erfolgreich geladen.
NCT02509949_exc Done 

Die Daten wurden erfolgreich in '/work/eauten2s/ec_criteria_struct/transform_chia/model_output/Llama-3-70B-Instruct_5_shot/Llama-3-70B-Instruct_NCT02509949_exc_5_shot.json' gespeichert.
File: NCT02509949_inc 

Das File: /work/eauten2s/ec_criteria_struct/transform_chia/input/half_clinical_trials/NCT02509949_inc.txt wurde erfolgreich geladen.
NCT02509949_inc Done 

Die Daten wurden erfolgreich in '/work/eauten2s/ec_criteria_struct/transform_chia/model_output/Llama-3-70B-Instruct_5_shot/Llama-3-70B-Instruct_NCT02509949_inc_5_shot.json' gespeichert.
File: NCT02510404_exc 

Das File: /work/eauten2s/ec_criteria_struct/transform_chia/input/half_clinical_trials/NCT02510404_exc.txt wurde erfolgreich geladen.
NCT02510404_exc Done 

Die Daten wurden erfolgreich in '/work/eauten2s/ec_criteria_struct/transform_chia/model_output/Llama-3-70B-Instruct_5_shot/Llama-3-70B-Instruct_NCT02510404_exc_5_shot.json' gespeichert.
File: NCT02510404_inc 

Das File: /work/eauten2s/ec_criteria_struct/transform_chia/input/half_clinical_trials/NCT02510404_inc.txt wurde erfolgreich geladen.
NCT02510404_inc Done 

Die Daten wurden erfolgreich in '/work/eauten2s/ec_criteria_struct/transform_chia/model_output/Llama-3-70B-Instruct_5_shot/Llama-3-70B-Instruct_NCT02510404_inc_5_shot.json' gespeichert.
File: NCT02511574_exc 

Das File: /work/eauten2s/ec_criteria_struct/transform_chia/input/half_clinical_trials/NCT02511574_exc.txt wurde erfolgreich geladen.
NCT02511574_exc Done 

Die Daten wurden erfolgreich in '/work/eauten2s/ec_criteria_struct/transform_chia/model_output/Llama-3-70B-Instruct_5_shot/Llama-3-70B-Instruct_NCT02511574_exc_5_shot.json' gespeichert.
File: NCT02511574_inc 

Das File: /work/eauten2s/ec_criteria_struct/transform_chia/input/half_clinical_trials/NCT02511574_inc.txt wurde erfolgreich geladen.
NCT02511574_inc Done 

Die Daten wurden erfolgreich in '/work/eauten2s/ec_criteria_struct/transform_chia/model_output/Llama-3-70B-Instruct_5_shot/Llama-3-70B-Instruct_NCT02511574_inc_5_shot.json' gespeichert.
File: NCT02515773_exc 

Das File: /work/eauten2s/ec_criteria_struct/transform_chia/input/half_clinical_trials/NCT02515773_exc.txt wurde erfolgreich geladen.
NCT02515773_exc Done 

Die Daten wurden erfolgreich in '/work/eauten2s/ec_criteria_struct/transform_chia/model_output/Llama-3-70B-Instruct_5_shot/Llama-3-70B-Instruct_NCT02515773_exc_5_shot.json' gespeichert.
File: NCT02515773_inc 

Das File: /work/eauten2s/ec_criteria_struct/transform_chia/input/half_clinical_trials/NCT02515773_inc.txt wurde erfolgreich geladen.
NCT02515773_inc Done 

Die Daten wurden erfolgreich in '/work/eauten2s/ec_criteria_struct/transform_chia/model_output/Llama-3-70B-Instruct_5_shot/Llama-3-70B-Instruct_NCT02515773_inc_5_shot.json' gespeichert.
File: NCT02519777_exc 

Das File: /work/eauten2s/ec_criteria_struct/transform_chia/input/half_clinical_trials/NCT02519777_exc.txt wurde erfolgreich geladen.
NCT02519777_exc Done 

Die Daten wurden erfolgreich in '/work/eauten2s/ec_criteria_struct/transform_chia/model_output/Llama-3-70B-Instruct_5_shot/Llama-3-70B-Instruct_NCT02519777_exc_5_shot.json' gespeichert.
File: NCT02519777_inc 

Das File: /work/eauten2s/ec_criteria_struct/transform_chia/input/half_clinical_trials/NCT02519777_inc.txt wurde erfolgreich geladen.
NCT02519777_inc Done 

Die Daten wurden erfolgreich in '/work/eauten2s/ec_criteria_struct/transform_chia/model_output/Llama-3-70B-Instruct_5_shot/Llama-3-70B-Instruct_NCT02519777_inc_5_shot.json' gespeichert.
File: NCT02525991_exc 

Das File: /work/eauten2s/ec_criteria_struct/transform_chia/input/half_clinical_trials/NCT02525991_exc.txt wurde erfolgreich geladen.
NCT02525991_exc Done 

Die Daten wurden erfolgreich in '/work/eauten2s/ec_criteria_struct/transform_chia/model_output/Llama-3-70B-Instruct_5_shot/Llama-3-70B-Instruct_NCT02525991_exc_5_shot.json' gespeichert.
File: NCT02525991_inc 

Das File: /work/eauten2s/ec_criteria_struct/transform_chia/input/half_clinical_trials/NCT02525991_inc.txt wurde erfolgreich geladen.
NCT02525991_inc Done 

Die Daten wurden erfolgreich in '/work/eauten2s/ec_criteria_struct/transform_chia/model_output/Llama-3-70B-Instruct_5_shot/Llama-3-70B-Instruct_NCT02525991_inc_5_shot.json' gespeichert.
File: NCT02526823_exc 

Das File: /work/eauten2s/ec_criteria_struct/transform_chia/input/half_clinical_trials/NCT02526823_exc.txt wurde erfolgreich geladen.
NCT02526823_exc Done 

Die Daten wurden erfolgreich in '/work/eauten2s/ec_criteria_struct/transform_chia/model_output/Llama-3-70B-Instruct_5_shot/Llama-3-70B-Instruct_NCT02526823_exc_5_shot.json' gespeichert.
File: NCT02526823_inc 

Das File: /work/eauten2s/ec_criteria_struct/transform_chia/input/half_clinical_trials/NCT02526823_inc.txt wurde erfolgreich geladen.
NCT02526823_inc Done 

Die Daten wurden erfolgreich in '/work/eauten2s/ec_criteria_struct/transform_chia/model_output/Llama-3-70B-Instruct_5_shot/Llama-3-70B-Instruct_NCT02526823_inc_5_shot.json' gespeichert.
File: NCT02527512_exc 

Das File: /work/eauten2s/ec_criteria_struct/transform_chia/input/half_clinical_trials/NCT02527512_exc.txt wurde erfolgreich geladen.
NCT02527512_exc Done 

Die Daten wurden erfolgreich in '/work/eauten2s/ec_criteria_struct/transform_chia/model_output/Llama-3-70B-Instruct_5_shot/Llama-3-70B-Instruct_NCT02527512_exc_5_shot.json' gespeichert.
File: NCT02527512_inc 

Das File: /work/eauten2s/ec_criteria_struct/transform_chia/input/half_clinical_trials/NCT02527512_inc.txt wurde erfolgreich geladen.
NCT02527512_inc Done 

Die Daten wurden erfolgreich in '/work/eauten2s/ec_criteria_struct/transform_chia/model_output/Llama-3-70B-Instruct_5_shot/Llama-3-70B-Instruct_NCT02527512_inc_5_shot.json' gespeichert.
File: NCT02528136_exc 

Das File: /work/eauten2s/ec_criteria_struct/transform_chia/input/half_clinical_trials/NCT02528136_exc.txt wurde erfolgreich geladen.
NCT02528136_exc Done 

Die Daten wurden erfolgreich in '/work/eauten2s/ec_criteria_struct/transform_chia/model_output/Llama-3-70B-Instruct_5_shot/Llama-3-70B-Instruct_NCT02528136_exc_5_shot.json' gespeichert.
File: NCT02528136_inc 

Das File: /work/eauten2s/ec_criteria_struct/transform_chia/input/half_clinical_trials/NCT02528136_inc.txt wurde erfolgreich geladen.
NCT02528136_inc Done 

Die Daten wurden erfolgreich in '/work/eauten2s/ec_criteria_struct/transform_chia/model_output/Llama-3-70B-Instruct_5_shot/Llama-3-70B-Instruct_NCT02528136_inc_5_shot.json' gespeichert.
File: NCT02528604_exc 

Das File: /work/eauten2s/ec_criteria_struct/transform_chia/input/half_clinical_trials/NCT02528604_exc.txt wurde erfolgreich geladen.
NCT02528604_exc Done 

Die Daten wurden erfolgreich in '/work/eauten2s/ec_criteria_struct/transform_chia/model_output/Llama-3-70B-Instruct_5_shot/Llama-3-70B-Instruct_NCT02528604_exc_5_shot.json' gespeichert.
File: NCT02528604_inc 

Das File: /work/eauten2s/ec_criteria_struct/transform_chia/input/half_clinical_trials/NCT02528604_inc.txt wurde erfolgreich geladen.
NCT02528604_inc Done 

Die Daten wurden erfolgreich in '/work/eauten2s/ec_criteria_struct/transform_chia/model_output/Llama-3-70B-Instruct_5_shot/Llama-3-70B-Instruct_NCT02528604_inc_5_shot.json' gespeichert.
File: NCT02529475_exc 

Das File: /work/eauten2s/ec_criteria_struct/transform_chia/input/half_clinical_trials/NCT02529475_exc.txt wurde erfolgreich geladen.
NCT02529475_exc Done 

Die Daten wurden erfolgreich in '/work/eauten2s/ec_criteria_struct/transform_chia/model_output/Llama-3-70B-Instruct_5_shot/Llama-3-70B-Instruct_NCT02529475_exc_5_shot.json' gespeichert.
File: NCT02529475_inc 

Das File: /work/eauten2s/ec_criteria_struct/transform_chia/input/half_clinical_trials/NCT02529475_inc.txt wurde erfolgreich geladen.
NCT02529475_inc Done 

Die Daten wurden erfolgreich in '/work/eauten2s/ec_criteria_struct/transform_chia/model_output/Llama-3-70B-Instruct_5_shot/Llama-3-70B-Instruct_NCT02529475_inc_5_shot.json' gespeichert.
File: NCT02531724_exc 

Das File: /work/eauten2s/ec_criteria_struct/transform_chia/input/half_clinical_trials/NCT02531724_exc.txt wurde erfolgreich geladen.
NCT02531724_exc Done 

Die Daten wurden erfolgreich in '/work/eauten2s/ec_criteria_struct/transform_chia/model_output/Llama-3-70B-Instruct_5_shot/Llama-3-70B-Instruct_NCT02531724_exc_5_shot.json' gespeichert.
File: NCT02531724_inc 

Das File: /work/eauten2s/ec_criteria_struct/transform_chia/input/half_clinical_trials/NCT02531724_inc.txt wurde erfolgreich geladen.
NCT02531724_inc Done 

Die Daten wurden erfolgreich in '/work/eauten2s/ec_criteria_struct/transform_chia/model_output/Llama-3-70B-Instruct_5_shot/Llama-3-70B-Instruct_NCT02531724_inc_5_shot.json' gespeichert.
File: NCT02531971_exc 

Das File: /work/eauten2s/ec_criteria_struct/transform_chia/input/half_clinical_trials/NCT02531971_exc.txt wurde erfolgreich geladen.
NCT02531971_exc Done 

Die Daten wurden erfolgreich in '/work/eauten2s/ec_criteria_struct/transform_chia/model_output/Llama-3-70B-Instruct_5_shot/Llama-3-70B-Instruct_NCT02531971_exc_5_shot.json' gespeichert.
File: NCT02531971_inc 

Das File: /work/eauten2s/ec_criteria_struct/transform_chia/input/half_clinical_trials/NCT02531971_inc.txt wurde erfolgreich geladen.
NCT02531971_inc Done 

Die Daten wurden erfolgreich in '/work/eauten2s/ec_criteria_struct/transform_chia/model_output/Llama-3-70B-Instruct_5_shot/Llama-3-70B-Instruct_NCT02531971_inc_5_shot.json' gespeichert.
File: NCT02535299_exc 

Das File: /work/eauten2s/ec_criteria_struct/transform_chia/input/half_clinical_trials/NCT02535299_exc.txt wurde erfolgreich geladen.
NCT02535299_exc Done 

Die Daten wurden erfolgreich in '/work/eauten2s/ec_criteria_struct/transform_chia/model_output/Llama-3-70B-Instruct_5_shot/Llama-3-70B-Instruct_NCT02535299_exc_5_shot.json' gespeichert.
File: NCT02535299_inc 

Das File: /work/eauten2s/ec_criteria_struct/transform_chia/input/half_clinical_trials/NCT02535299_inc.txt wurde erfolgreich geladen.
NCT02535299_inc Done 

Die Daten wurden erfolgreich in '/work/eauten2s/ec_criteria_struct/transform_chia/model_output/Llama-3-70B-Instruct_5_shot/Llama-3-70B-Instruct_NCT02535299_inc_5_shot.json' gespeichert.
File: NCT02536976_exc 

Das File: /work/eauten2s/ec_criteria_struct/transform_chia/input/half_clinical_trials/NCT02536976_exc.txt wurde erfolgreich geladen.
NCT02536976_exc Done 

Die Daten wurden erfolgreich in '/work/eauten2s/ec_criteria_struct/transform_chia/model_output/Llama-3-70B-Instruct_5_shot/Llama-3-70B-Instruct_NCT02536976_exc_5_shot.json' gespeichert.
File: NCT02536976_inc 

Das File: /work/eauten2s/ec_criteria_struct/transform_chia/input/half_clinical_trials/NCT02536976_inc.txt wurde erfolgreich geladen.
NCT02536976_inc Done 

Die Daten wurden erfolgreich in '/work/eauten2s/ec_criteria_struct/transform_chia/model_output/Llama-3-70B-Instruct_5_shot/Llama-3-70B-Instruct_NCT02536976_inc_5_shot.json' gespeichert.
File: NCT02537899_exc 

Das File: /work/eauten2s/ec_criteria_struct/transform_chia/input/half_clinical_trials/NCT02537899_exc.txt wurde erfolgreich geladen.
NCT02537899_exc Done 

Die Daten wurden erfolgreich in '/work/eauten2s/ec_criteria_struct/transform_chia/model_output/Llama-3-70B-Instruct_5_shot/Llama-3-70B-Instruct_NCT02537899_exc_5_shot.json' gespeichert.
File: NCT02537899_inc 

Das File: /work/eauten2s/ec_criteria_struct/transform_chia/input/half_clinical_trials/NCT02537899_inc.txt wurde erfolgreich geladen.
NCT02537899_inc Done 

Die Daten wurden erfolgreich in '/work/eauten2s/ec_criteria_struct/transform_chia/model_output/Llama-3-70B-Instruct_5_shot/Llama-3-70B-Instruct_NCT02537899_inc_5_shot.json' gespeichert.
File: NCT02541955_exc 

Das File: /work/eauten2s/ec_criteria_struct/transform_chia/input/half_clinical_trials/NCT02541955_exc.txt wurde erfolgreich geladen.
NCT02541955_exc Done 

Die Daten wurden erfolgreich in '/work/eauten2s/ec_criteria_struct/transform_chia/model_output/Llama-3-70B-Instruct_5_shot/Llama-3-70B-Instruct_NCT02541955_exc_5_shot.json' gespeichert.
File: NCT02541955_inc 

Das File: /work/eauten2s/ec_criteria_struct/transform_chia/input/half_clinical_trials/NCT02541955_inc.txt wurde erfolgreich geladen.
NCT02541955_inc Done 

Die Daten wurden erfolgreich in '/work/eauten2s/ec_criteria_struct/transform_chia/model_output/Llama-3-70B-Instruct_5_shot/Llama-3-70B-Instruct_NCT02541955_inc_5_shot.json' gespeichert.
File: NCT02542956_exc 

Das File: /work/eauten2s/ec_criteria_struct/transform_chia/input/half_clinical_trials/NCT02542956_exc.txt wurde erfolgreich geladen.
NCT02542956_exc Done 

Die Daten wurden erfolgreich in '/work/eauten2s/ec_criteria_struct/transform_chia/model_output/Llama-3-70B-Instruct_5_shot/Llama-3-70B-Instruct_NCT02542956_exc_5_shot.json' gespeichert.
File: NCT02542956_inc 

Das File: /work/eauten2s/ec_criteria_struct/transform_chia/input/half_clinical_trials/NCT02542956_inc.txt wurde erfolgreich geladen.
NCT02542956_inc Done 

Die Daten wurden erfolgreich in '/work/eauten2s/ec_criteria_struct/transform_chia/model_output/Llama-3-70B-Instruct_5_shot/Llama-3-70B-Instruct_NCT02542956_inc_5_shot.json' gespeichert.
File: NCT02543710_exc 

Das File: /work/eauten2s/ec_criteria_struct/transform_chia/input/half_clinical_trials/NCT02543710_exc.txt wurde erfolgreich geladen.
NCT02543710_exc Done 

Die Daten wurden erfolgreich in '/work/eauten2s/ec_criteria_struct/transform_chia/model_output/Llama-3-70B-Instruct_5_shot/Llama-3-70B-Instruct_NCT02543710_exc_5_shot.json' gespeichert.
File: NCT02543710_inc 

Das File: /work/eauten2s/ec_criteria_struct/transform_chia/input/half_clinical_trials/NCT02543710_inc.txt wurde erfolgreich geladen.
NCT02543710_inc Done 

Die Daten wurden erfolgreich in '/work/eauten2s/ec_criteria_struct/transform_chia/model_output/Llama-3-70B-Instruct_5_shot/Llama-3-70B-Instruct_NCT02543710_inc_5_shot.json' gespeichert.
File: NCT02546856_exc 

Das File: /work/eauten2s/ec_criteria_struct/transform_chia/input/half_clinical_trials/NCT02546856_exc.txt wurde erfolgreich geladen.
NCT02546856_exc Done 

Die Daten wurden erfolgreich in '/work/eauten2s/ec_criteria_struct/transform_chia/model_output/Llama-3-70B-Instruct_5_shot/Llama-3-70B-Instruct_NCT02546856_exc_5_shot.json' gespeichert.
File: NCT02546856_inc 

Das File: /work/eauten2s/ec_criteria_struct/transform_chia/input/half_clinical_trials/NCT02546856_inc.txt wurde erfolgreich geladen.
NCT02546856_inc Done 

Die Daten wurden erfolgreich in '/work/eauten2s/ec_criteria_struct/transform_chia/model_output/Llama-3-70B-Instruct_5_shot/Llama-3-70B-Instruct_NCT02546856_inc_5_shot.json' gespeichert.
File: NCT02548013_exc 

Das File: /work/eauten2s/ec_criteria_struct/transform_chia/input/half_clinical_trials/NCT02548013_exc.txt wurde erfolgreich geladen.
NCT02548013_exc Done 

Die Daten wurden erfolgreich in '/work/eauten2s/ec_criteria_struct/transform_chia/model_output/Llama-3-70B-Instruct_5_shot/Llama-3-70B-Instruct_NCT02548013_exc_5_shot.json' gespeichert.
File: NCT02548013_inc 

Das File: /work/eauten2s/ec_criteria_struct/transform_chia/input/half_clinical_trials/NCT02548013_inc.txt wurde erfolgreich geladen.
NCT02548013_inc Done 

Die Daten wurden erfolgreich in '/work/eauten2s/ec_criteria_struct/transform_chia/model_output/Llama-3-70B-Instruct_5_shot/Llama-3-70B-Instruct_NCT02548013_inc_5_shot.json' gespeichert.
File: NCT02550028_exc 

Das File: /work/eauten2s/ec_criteria_struct/transform_chia/input/half_clinical_trials/NCT02550028_exc.txt wurde erfolgreich geladen.
NCT02550028_exc Done 

Die Daten wurden erfolgreich in '/work/eauten2s/ec_criteria_struct/transform_chia/model_output/Llama-3-70B-Instruct_5_shot/Llama-3-70B-Instruct_NCT02550028_exc_5_shot.json' gespeichert.
File: NCT02550028_inc 

Das File: /work/eauten2s/ec_criteria_struct/transform_chia/input/half_clinical_trials/NCT02550028_inc.txt wurde erfolgreich geladen.
NCT02550028_inc Done 

Die Daten wurden erfolgreich in '/work/eauten2s/ec_criteria_struct/transform_chia/model_output/Llama-3-70B-Instruct_5_shot/Llama-3-70B-Instruct_NCT02550028_inc_5_shot.json' gespeichert.
File: NCT02550080_exc 

Das File: /work/eauten2s/ec_criteria_struct/transform_chia/input/half_clinical_trials/NCT02550080_exc.txt wurde erfolgreich geladen.
NCT02550080_exc Done 

Die Daten wurden erfolgreich in '/work/eauten2s/ec_criteria_struct/transform_chia/model_output/Llama-3-70B-Instruct_5_shot/Llama-3-70B-Instruct_NCT02550080_exc_5_shot.json' gespeichert.
File: NCT02550080_inc 

Das File: /work/eauten2s/ec_criteria_struct/transform_chia/input/half_clinical_trials/NCT02550080_inc.txt wurde erfolgreich geladen.
NCT02550080_inc Done 

Die Daten wurden erfolgreich in '/work/eauten2s/ec_criteria_struct/transform_chia/model_output/Llama-3-70B-Instruct_5_shot/Llama-3-70B-Instruct_NCT02550080_inc_5_shot.json' gespeichert.
File: NCT02550769_exc 

Das File: /work/eauten2s/ec_criteria_struct/transform_chia/input/half_clinical_trials/NCT02550769_exc.txt wurde erfolgreich geladen.
NCT02550769_exc Done 

Die Daten wurden erfolgreich in '/work/eauten2s/ec_criteria_struct/transform_chia/model_output/Llama-3-70B-Instruct_5_shot/Llama-3-70B-Instruct_NCT02550769_exc_5_shot.json' gespeichert.
File: NCT02550769_inc 

Das File: /work/eauten2s/ec_criteria_struct/transform_chia/input/half_clinical_trials/NCT02550769_inc.txt wurde erfolgreich geladen.
NCT02550769_inc Done 

Die Daten wurden erfolgreich in '/work/eauten2s/ec_criteria_struct/transform_chia/model_output/Llama-3-70B-Instruct_5_shot/Llama-3-70B-Instruct_NCT02550769_inc_5_shot.json' gespeichert.
File: NCT02552459_exc 

Das File: /work/eauten2s/ec_criteria_struct/transform_chia/input/half_clinical_trials/NCT02552459_exc.txt wurde erfolgreich geladen.
NCT02552459_exc Done 

Die Daten wurden erfolgreich in '/work/eauten2s/ec_criteria_struct/transform_chia/model_output/Llama-3-70B-Instruct_5_shot/Llama-3-70B-Instruct_NCT02552459_exc_5_shot.json' gespeichert.
File: NCT02552459_inc 

Das File: /work/eauten2s/ec_criteria_struct/transform_chia/input/half_clinical_trials/NCT02552459_inc.txt wurde erfolgreich geladen.
NCT02552459_inc Done 

Die Daten wurden erfolgreich in '/work/eauten2s/ec_criteria_struct/transform_chia/model_output/Llama-3-70B-Instruct_5_shot/Llama-3-70B-Instruct_NCT02552459_inc_5_shot.json' gespeichert.
File: NCT02553226_exc 

Das File: /work/eauten2s/ec_criteria_struct/transform_chia/input/half_clinical_trials/NCT02553226_exc.txt wurde erfolgreich geladen.
NCT02553226_exc Done 

Die Daten wurden erfolgreich in '/work/eauten2s/ec_criteria_struct/transform_chia/model_output/Llama-3-70B-Instruct_5_shot/Llama-3-70B-Instruct_NCT02553226_exc_5_shot.json' gespeichert.
File: NCT02553226_inc 

Das File: /work/eauten2s/ec_criteria_struct/transform_chia/input/half_clinical_trials/NCT02553226_inc.txt wurde erfolgreich geladen.
NCT02553226_inc Done 

Die Daten wurden erfolgreich in '/work/eauten2s/ec_criteria_struct/transform_chia/model_output/Llama-3-70B-Instruct_5_shot/Llama-3-70B-Instruct_NCT02553226_inc_5_shot.json' gespeichert.
File: NCT02555163_exc 

Das File: /work/eauten2s/ec_criteria_struct/transform_chia/input/half_clinical_trials/NCT02555163_exc.txt wurde erfolgreich geladen.
NCT02555163_exc Done 

Die Daten wurden erfolgreich in '/work/eauten2s/ec_criteria_struct/transform_chia/model_output/Llama-3-70B-Instruct_5_shot/Llama-3-70B-Instruct_NCT02555163_exc_5_shot.json' gespeichert.
File: NCT02555163_inc 

Das File: /work/eauten2s/ec_criteria_struct/transform_chia/input/half_clinical_trials/NCT02555163_inc.txt wurde erfolgreich geladen.
NCT02555163_inc Done 

Die Daten wurden erfolgreich in '/work/eauten2s/ec_criteria_struct/transform_chia/model_output/Llama-3-70B-Instruct_5_shot/Llama-3-70B-Instruct_NCT02555163_inc_5_shot.json' gespeichert.
File: NCT02557386_exc 

Das File: /work/eauten2s/ec_criteria_struct/transform_chia/input/half_clinical_trials/NCT02557386_exc.txt wurde erfolgreich geladen.
NCT02557386_exc Done 

Die Daten wurden erfolgreich in '/work/eauten2s/ec_criteria_struct/transform_chia/model_output/Llama-3-70B-Instruct_5_shot/Llama-3-70B-Instruct_NCT02557386_exc_5_shot.json' gespeichert.
File: NCT02557386_inc 

Das File: /work/eauten2s/ec_criteria_struct/transform_chia/input/half_clinical_trials/NCT02557386_inc.txt wurde erfolgreich geladen.
NCT02557386_inc Done 

Die Daten wurden erfolgreich in '/work/eauten2s/ec_criteria_struct/transform_chia/model_output/Llama-3-70B-Instruct_5_shot/Llama-3-70B-Instruct_NCT02557386_inc_5_shot.json' gespeichert.
File: NCT02557412_exc 

Das File: /work/eauten2s/ec_criteria_struct/transform_chia/input/half_clinical_trials/NCT02557412_exc.txt wurde erfolgreich geladen.
NCT02557412_exc Done 

Die Daten wurden erfolgreich in '/work/eauten2s/ec_criteria_struct/transform_chia/model_output/Llama-3-70B-Instruct_5_shot/Llama-3-70B-Instruct_NCT02557412_exc_5_shot.json' gespeichert.
File: NCT02557412_inc 

Das File: /work/eauten2s/ec_criteria_struct/transform_chia/input/half_clinical_trials/NCT02557412_inc.txt wurde erfolgreich geladen.
NCT02557412_inc Done 

Die Daten wurden erfolgreich in '/work/eauten2s/ec_criteria_struct/transform_chia/model_output/Llama-3-70B-Instruct_5_shot/Llama-3-70B-Instruct_NCT02557412_inc_5_shot.json' gespeichert.
File: NCT02558504_exc 

Das File: /work/eauten2s/ec_criteria_struct/transform_chia/input/half_clinical_trials/NCT02558504_exc.txt wurde erfolgreich geladen.
NCT02558504_exc Done 

Die Daten wurden erfolgreich in '/work/eauten2s/ec_criteria_struct/transform_chia/model_output/Llama-3-70B-Instruct_5_shot/Llama-3-70B-Instruct_NCT02558504_exc_5_shot.json' gespeichert.
File: NCT02558504_inc 

Das File: /work/eauten2s/ec_criteria_struct/transform_chia/input/half_clinical_trials/NCT02558504_inc.txt wurde erfolgreich geladen.
NCT02558504_inc Done 

Die Daten wurden erfolgreich in '/work/eauten2s/ec_criteria_struct/transform_chia/model_output/Llama-3-70B-Instruct_5_shot/Llama-3-70B-Instruct_NCT02558504_inc_5_shot.json' gespeichert.
File: NCT02560389_exc 

Das File: /work/eauten2s/ec_criteria_struct/transform_chia/input/half_clinical_trials/NCT02560389_exc.txt wurde erfolgreich geladen.
NCT02560389_exc Done 

Die Daten wurden erfolgreich in '/work/eauten2s/ec_criteria_struct/transform_chia/model_output/Llama-3-70B-Instruct_5_shot/Llama-3-70B-Instruct_NCT02560389_exc_5_shot.json' gespeichert.
File: NCT02560389_inc 

Das File: /work/eauten2s/ec_criteria_struct/transform_chia/input/half_clinical_trials/NCT02560389_inc.txt wurde erfolgreich geladen.
NCT02560389_inc Done 

Die Daten wurden erfolgreich in '/work/eauten2s/ec_criteria_struct/transform_chia/model_output/Llama-3-70B-Instruct_5_shot/Llama-3-70B-Instruct_NCT02560389_inc_5_shot.json' gespeichert.
File: NCT02560766_exc 

Das File: /work/eauten2s/ec_criteria_struct/transform_chia/input/half_clinical_trials/NCT02560766_exc.txt wurde erfolgreich geladen.
NCT02560766_exc Done 

Die Daten wurden erfolgreich in '/work/eauten2s/ec_criteria_struct/transform_chia/model_output/Llama-3-70B-Instruct_5_shot/Llama-3-70B-Instruct_NCT02560766_exc_5_shot.json' gespeichert.
File: NCT02560766_inc 

Das File: /work/eauten2s/ec_criteria_struct/transform_chia/input/half_clinical_trials/NCT02560766_inc.txt wurde erfolgreich geladen.
NCT02560766_inc Done 

Die Daten wurden erfolgreich in '/work/eauten2s/ec_criteria_struct/transform_chia/model_output/Llama-3-70B-Instruct_5_shot/Llama-3-70B-Instruct_NCT02560766_inc_5_shot.json' gespeichert.
File: NCT02562456_exc 

Das File: /work/eauten2s/ec_criteria_struct/transform_chia/input/half_clinical_trials/NCT02562456_exc.txt wurde erfolgreich geladen.
NCT02562456_exc Done 

Die Daten wurden erfolgreich in '/work/eauten2s/ec_criteria_struct/transform_chia/model_output/Llama-3-70B-Instruct_5_shot/Llama-3-70B-Instruct_NCT02562456_exc_5_shot.json' gespeichert.
File: NCT02562456_inc 

Das File: /work/eauten2s/ec_criteria_struct/transform_chia/input/half_clinical_trials/NCT02562456_inc.txt wurde erfolgreich geladen.
NCT02562456_inc Done 

Die Daten wurden erfolgreich in '/work/eauten2s/ec_criteria_struct/transform_chia/model_output/Llama-3-70B-Instruct_5_shot/Llama-3-70B-Instruct_NCT02562456_inc_5_shot.json' gespeichert.
File: NCT02563535_exc 

Das File: /work/eauten2s/ec_criteria_struct/transform_chia/input/half_clinical_trials/NCT02563535_exc.txt wurde erfolgreich geladen.
NCT02563535_exc Done 

Die Daten wurden erfolgreich in '/work/eauten2s/ec_criteria_struct/transform_chia/model_output/Llama-3-70B-Instruct_5_shot/Llama-3-70B-Instruct_NCT02563535_exc_5_shot.json' gespeichert.
File: NCT02563535_inc 

Das File: /work/eauten2s/ec_criteria_struct/transform_chia/input/half_clinical_trials/NCT02563535_inc.txt wurde erfolgreich geladen.
NCT02563535_inc Done 

Die Daten wurden erfolgreich in '/work/eauten2s/ec_criteria_struct/transform_chia/model_output/Llama-3-70B-Instruct_5_shot/Llama-3-70B-Instruct_NCT02563535_inc_5_shot.json' gespeichert.
File: NCT02564471_exc 

Das File: /work/eauten2s/ec_criteria_struct/transform_chia/input/half_clinical_trials/NCT02564471_exc.txt wurde erfolgreich geladen.
NCT02564471_exc Done 

Die Daten wurden erfolgreich in '/work/eauten2s/ec_criteria_struct/transform_chia/model_output/Llama-3-70B-Instruct_5_shot/Llama-3-70B-Instruct_NCT02564471_exc_5_shot.json' gespeichert.
File: NCT02564471_inc 

Das File: /work/eauten2s/ec_criteria_struct/transform_chia/input/half_clinical_trials/NCT02564471_inc.txt wurde erfolgreich geladen.
NCT02564471_inc Done 

Die Daten wurden erfolgreich in '/work/eauten2s/ec_criteria_struct/transform_chia/model_output/Llama-3-70B-Instruct_5_shot/Llama-3-70B-Instruct_NCT02564471_inc_5_shot.json' gespeichert.
File: NCT02565277_exc 

Das File: /work/eauten2s/ec_criteria_struct/transform_chia/input/half_clinical_trials/NCT02565277_exc.txt wurde erfolgreich geladen.
NCT02565277_exc Done 

Die Daten wurden erfolgreich in '/work/eauten2s/ec_criteria_struct/transform_chia/model_output/Llama-3-70B-Instruct_5_shot/Llama-3-70B-Instruct_NCT02565277_exc_5_shot.json' gespeichert.
File: NCT02565277_inc 

Das File: /work/eauten2s/ec_criteria_struct/transform_chia/input/half_clinical_trials/NCT02565277_inc.txt wurde erfolgreich geladen.
NCT02565277_inc Done 

Die Daten wurden erfolgreich in '/work/eauten2s/ec_criteria_struct/transform_chia/model_output/Llama-3-70B-Instruct_5_shot/Llama-3-70B-Instruct_NCT02565277_inc_5_shot.json' gespeichert.
File: NCT02566226_exc 

Das File: /work/eauten2s/ec_criteria_struct/transform_chia/input/half_clinical_trials/NCT02566226_exc.txt wurde erfolgreich geladen.
NCT02566226_exc Done 

Die Daten wurden erfolgreich in '/work/eauten2s/ec_criteria_struct/transform_chia/model_output/Llama-3-70B-Instruct_5_shot/Llama-3-70B-Instruct_NCT02566226_exc_5_shot.json' gespeichert.
File: NCT02566226_inc 

Das File: /work/eauten2s/ec_criteria_struct/transform_chia/input/half_clinical_trials/NCT02566226_inc.txt wurde erfolgreich geladen.
NCT02566226_inc Done 

Die Daten wurden erfolgreich in '/work/eauten2s/ec_criteria_struct/transform_chia/model_output/Llama-3-70B-Instruct_5_shot/Llama-3-70B-Instruct_NCT02566226_inc_5_shot.json' gespeichert.
File: NCT02566863_exc 

Das File: /work/eauten2s/ec_criteria_struct/transform_chia/input/half_clinical_trials/NCT02566863_exc.txt wurde erfolgreich geladen.
NCT02566863_exc Done 

Die Daten wurden erfolgreich in '/work/eauten2s/ec_criteria_struct/transform_chia/model_output/Llama-3-70B-Instruct_5_shot/Llama-3-70B-Instruct_NCT02566863_exc_5_shot.json' gespeichert.
File: NCT02566863_inc 

Das File: /work/eauten2s/ec_criteria_struct/transform_chia/input/half_clinical_trials/NCT02566863_inc.txt wurde erfolgreich geladen.
NCT02566863_inc Done 

Die Daten wurden erfolgreich in '/work/eauten2s/ec_criteria_struct/transform_chia/model_output/Llama-3-70B-Instruct_5_shot/Llama-3-70B-Instruct_NCT02566863_inc_5_shot.json' gespeichert.
File: NCT02566928_exc 

Das File: /work/eauten2s/ec_criteria_struct/transform_chia/input/half_clinical_trials/NCT02566928_exc.txt wurde erfolgreich geladen.
NCT02566928_exc Done 

Die Daten wurden erfolgreich in '/work/eauten2s/ec_criteria_struct/transform_chia/model_output/Llama-3-70B-Instruct_5_shot/Llama-3-70B-Instruct_NCT02566928_exc_5_shot.json' gespeichert.
File: NCT02566928_inc 

Das File: /work/eauten2s/ec_criteria_struct/transform_chia/input/half_clinical_trials/NCT02566928_inc.txt wurde erfolgreich geladen.
NCT02566928_inc Done 

Die Daten wurden erfolgreich in '/work/eauten2s/ec_criteria_struct/transform_chia/model_output/Llama-3-70B-Instruct_5_shot/Llama-3-70B-Instruct_NCT02566928_inc_5_shot.json' gespeichert.
File: NCT02567214_exc 

Das File: /work/eauten2s/ec_criteria_struct/transform_chia/input/half_clinical_trials/NCT02567214_exc.txt wurde erfolgreich geladen.
NCT02567214_exc Done 

Die Daten wurden erfolgreich in '/work/eauten2s/ec_criteria_struct/transform_chia/model_output/Llama-3-70B-Instruct_5_shot/Llama-3-70B-Instruct_NCT02567214_exc_5_shot.json' gespeichert.
File: NCT02567214_inc 

Das File: /work/eauten2s/ec_criteria_struct/transform_chia/input/half_clinical_trials/NCT02567214_inc.txt wurde erfolgreich geladen.
NCT02567214_inc Done 

Die Daten wurden erfolgreich in '/work/eauten2s/ec_criteria_struct/transform_chia/model_output/Llama-3-70B-Instruct_5_shot/Llama-3-70B-Instruct_NCT02567214_inc_5_shot.json' gespeichert.
File: NCT02570230_exc 

Das File: /work/eauten2s/ec_criteria_struct/transform_chia/input/half_clinical_trials/NCT02570230_exc.txt wurde erfolgreich geladen.
NCT02570230_exc Done 

Die Daten wurden erfolgreich in '/work/eauten2s/ec_criteria_struct/transform_chia/model_output/Llama-3-70B-Instruct_5_shot/Llama-3-70B-Instruct_NCT02570230_exc_5_shot.json' gespeichert.
File: NCT02570230_inc 

Das File: /work/eauten2s/ec_criteria_struct/transform_chia/input/half_clinical_trials/NCT02570230_inc.txt wurde erfolgreich geladen.
NCT02570230_inc Done 

Die Daten wurden erfolgreich in '/work/eauten2s/ec_criteria_struct/transform_chia/model_output/Llama-3-70B-Instruct_5_shot/Llama-3-70B-Instruct_NCT02570230_inc_5_shot.json' gespeichert.
File: NCT02570321_exc 

Das File: /work/eauten2s/ec_criteria_struct/transform_chia/input/half_clinical_trials/NCT02570321_exc.txt wurde erfolgreich geladen.
NCT02570321_exc Done 

Die Daten wurden erfolgreich in '/work/eauten2s/ec_criteria_struct/transform_chia/model_output/Llama-3-70B-Instruct_5_shot/Llama-3-70B-Instruct_NCT02570321_exc_5_shot.json' gespeichert.
File: NCT02570321_inc 

Das File: /work/eauten2s/ec_criteria_struct/transform_chia/input/half_clinical_trials/NCT02570321_inc.txt wurde erfolgreich geladen.
NCT02570321_inc Done 

Die Daten wurden erfolgreich in '/work/eauten2s/ec_criteria_struct/transform_chia/model_output/Llama-3-70B-Instruct_5_shot/Llama-3-70B-Instruct_NCT02570321_inc_5_shot.json' gespeichert.
File: NCT02570347_exc 

Das File: /work/eauten2s/ec_criteria_struct/transform_chia/input/half_clinical_trials/NCT02570347_exc.txt wurde erfolgreich geladen.
NCT02570347_exc Done 

Die Daten wurden erfolgreich in '/work/eauten2s/ec_criteria_struct/transform_chia/model_output/Llama-3-70B-Instruct_5_shot/Llama-3-70B-Instruct_NCT02570347_exc_5_shot.json' gespeichert.
File: NCT02570347_inc 

Das File: /work/eauten2s/ec_criteria_struct/transform_chia/input/half_clinical_trials/NCT02570347_inc.txt wurde erfolgreich geladen.
NCT02570347_inc Done 

Die Daten wurden erfolgreich in '/work/eauten2s/ec_criteria_struct/transform_chia/model_output/Llama-3-70B-Instruct_5_shot/Llama-3-70B-Instruct_NCT02570347_inc_5_shot.json' gespeichert.
File: NCT02571179_exc 

Das File: /work/eauten2s/ec_criteria_struct/transform_chia/input/half_clinical_trials/NCT02571179_exc.txt wurde erfolgreich geladen.
NCT02571179_exc Done 

Die Daten wurden erfolgreich in '/work/eauten2s/ec_criteria_struct/transform_chia/model_output/Llama-3-70B-Instruct_5_shot/Llama-3-70B-Instruct_NCT02571179_exc_5_shot.json' gespeichert.
File: NCT02571179_inc 

Das File: /work/eauten2s/ec_criteria_struct/transform_chia/input/half_clinical_trials/NCT02571179_inc.txt wurde erfolgreich geladen.
NCT02571179_inc Done 

Die Daten wurden erfolgreich in '/work/eauten2s/ec_criteria_struct/transform_chia/model_output/Llama-3-70B-Instruct_5_shot/Llama-3-70B-Instruct_NCT02571179_inc_5_shot.json' gespeichert.
File: NCT02571881_exc 

Das File: /work/eauten2s/ec_criteria_struct/transform_chia/input/half_clinical_trials/NCT02571881_exc.txt wurde erfolgreich geladen.
NCT02571881_exc Done 

Die Daten wurden erfolgreich in '/work/eauten2s/ec_criteria_struct/transform_chia/model_output/Llama-3-70B-Instruct_5_shot/Llama-3-70B-Instruct_NCT02571881_exc_5_shot.json' gespeichert.
File: NCT02571881_inc 

Das File: /work/eauten2s/ec_criteria_struct/transform_chia/input/half_clinical_trials/NCT02571881_inc.txt wurde erfolgreich geladen.
NCT02571881_inc Done 

Die Daten wurden erfolgreich in '/work/eauten2s/ec_criteria_struct/transform_chia/model_output/Llama-3-70B-Instruct_5_shot/Llama-3-70B-Instruct_NCT02571881_inc_5_shot.json' gespeichert.
File: NCT02573168_exc 

Das File: /work/eauten2s/ec_criteria_struct/transform_chia/input/half_clinical_trials/NCT02573168_exc.txt wurde erfolgreich geladen.
NCT02573168_exc Done 

Die Daten wurden erfolgreich in '/work/eauten2s/ec_criteria_struct/transform_chia/model_output/Llama-3-70B-Instruct_5_shot/Llama-3-70B-Instruct_NCT02573168_exc_5_shot.json' gespeichert.
File: NCT02573168_inc 

Das File: /work/eauten2s/ec_criteria_struct/transform_chia/input/half_clinical_trials/NCT02573168_inc.txt wurde erfolgreich geladen.
NCT02573168_inc Done 

Die Daten wurden erfolgreich in '/work/eauten2s/ec_criteria_struct/transform_chia/model_output/Llama-3-70B-Instruct_5_shot/Llama-3-70B-Instruct_NCT02573168_inc_5_shot.json' gespeichert.
File: NCT02573597_exc 

Das File: /work/eauten2s/ec_criteria_struct/transform_chia/input/half_clinical_trials/NCT02573597_exc.txt wurde erfolgreich geladen.
NCT02573597_exc Done 

Die Daten wurden erfolgreich in '/work/eauten2s/ec_criteria_struct/transform_chia/model_output/Llama-3-70B-Instruct_5_shot/Llama-3-70B-Instruct_NCT02573597_exc_5_shot.json' gespeichert.
File: NCT02573597_inc 

Das File: /work/eauten2s/ec_criteria_struct/transform_chia/input/half_clinical_trials/NCT02573597_inc.txt wurde erfolgreich geladen.
NCT02573597_inc Done 

Die Daten wurden erfolgreich in '/work/eauten2s/ec_criteria_struct/transform_chia/model_output/Llama-3-70B-Instruct_5_shot/Llama-3-70B-Instruct_NCT02573597_inc_5_shot.json' gespeichert.
File: NCT02573909_exc 

Das File: /work/eauten2s/ec_criteria_struct/transform_chia/input/half_clinical_trials/NCT02573909_exc.txt wurde erfolgreich geladen.
NCT02573909_exc Done 

Die Daten wurden erfolgreich in '/work/eauten2s/ec_criteria_struct/transform_chia/model_output/Llama-3-70B-Instruct_5_shot/Llama-3-70B-Instruct_NCT02573909_exc_5_shot.json' gespeichert.
File: NCT02573909_inc 

Das File: /work/eauten2s/ec_criteria_struct/transform_chia/input/half_clinical_trials/NCT02573909_inc.txt wurde erfolgreich geladen.
NCT02573909_inc Done 

Die Daten wurden erfolgreich in '/work/eauten2s/ec_criteria_struct/transform_chia/model_output/Llama-3-70B-Instruct_5_shot/Llama-3-70B-Instruct_NCT02573909_inc_5_shot.json' gespeichert.
File: NCT02579200_exc 

Das File: /work/eauten2s/ec_criteria_struct/transform_chia/input/half_clinical_trials/NCT02579200_exc.txt wurde erfolgreich geladen.
NCT02579200_exc Done 

Die Daten wurden erfolgreich in '/work/eauten2s/ec_criteria_struct/transform_chia/model_output/Llama-3-70B-Instruct_5_shot/Llama-3-70B-Instruct_NCT02579200_exc_5_shot.json' gespeichert.
File: NCT02579200_inc 

Das File: /work/eauten2s/ec_criteria_struct/transform_chia/input/half_clinical_trials/NCT02579200_inc.txt wurde erfolgreich geladen.
NCT02579200_inc Done 

Die Daten wurden erfolgreich in '/work/eauten2s/ec_criteria_struct/transform_chia/model_output/Llama-3-70B-Instruct_5_shot/Llama-3-70B-Instruct_NCT02579200_inc_5_shot.json' gespeichert.
File: NCT02579733_exc 

Das File: /work/eauten2s/ec_criteria_struct/transform_chia/input/half_clinical_trials/NCT02579733_exc.txt wurde erfolgreich geladen.
NCT02579733_exc Done 

Die Daten wurden erfolgreich in '/work/eauten2s/ec_criteria_struct/transform_chia/model_output/Llama-3-70B-Instruct_5_shot/Llama-3-70B-Instruct_NCT02579733_exc_5_shot.json' gespeichert.
File: NCT02579733_inc 

Das File: /work/eauten2s/ec_criteria_struct/transform_chia/input/half_clinical_trials/NCT02579733_inc.txt wurde erfolgreich geladen.
NCT02579733_inc Done 

Die Daten wurden erfolgreich in '/work/eauten2s/ec_criteria_struct/transform_chia/model_output/Llama-3-70B-Instruct_5_shot/Llama-3-70B-Instruct_NCT02579733_inc_5_shot.json' gespeichert.
File: NCT02579928_exc 

Das File: /work/eauten2s/ec_criteria_struct/transform_chia/input/half_clinical_trials/NCT02579928_exc.txt wurde erfolgreich geladen.
NCT02579928_exc Done 

Die Daten wurden erfolgreich in '/work/eauten2s/ec_criteria_struct/transform_chia/model_output/Llama-3-70B-Instruct_5_shot/Llama-3-70B-Instruct_NCT02579928_exc_5_shot.json' gespeichert.
File: NCT02579928_inc 

Das File: /work/eauten2s/ec_criteria_struct/transform_chia/input/half_clinical_trials/NCT02579928_inc.txt wurde erfolgreich geladen.
NCT02579928_inc Done 

Die Daten wurden erfolgreich in '/work/eauten2s/ec_criteria_struct/transform_chia/model_output/Llama-3-70B-Instruct_5_shot/Llama-3-70B-Instruct_NCT02579928_inc_5_shot.json' gespeichert.
File: NCT02580630_exc 

Das File: /work/eauten2s/ec_criteria_struct/transform_chia/input/half_clinical_trials/NCT02580630_exc.txt wurde erfolgreich geladen.
NCT02580630_exc Done 

Die Daten wurden erfolgreich in '/work/eauten2s/ec_criteria_struct/transform_chia/model_output/Llama-3-70B-Instruct_5_shot/Llama-3-70B-Instruct_NCT02580630_exc_5_shot.json' gespeichert.
File: NCT02580630_inc 

Das File: /work/eauten2s/ec_criteria_struct/transform_chia/input/half_clinical_trials/NCT02580630_inc.txt wurde erfolgreich geladen.
NCT02580630_inc Done 

Die Daten wurden erfolgreich in '/work/eauten2s/ec_criteria_struct/transform_chia/model_output/Llama-3-70B-Instruct_5_shot/Llama-3-70B-Instruct_NCT02580630_inc_5_shot.json' gespeichert.
File: NCT02584140_exc 

Das File: /work/eauten2s/ec_criteria_struct/transform_chia/input/half_clinical_trials/NCT02584140_exc.txt wurde erfolgreich geladen.
NCT02584140_exc Done 

Die Daten wurden erfolgreich in '/work/eauten2s/ec_criteria_struct/transform_chia/model_output/Llama-3-70B-Instruct_5_shot/Llama-3-70B-Instruct_NCT02584140_exc_5_shot.json' gespeichert.
File: NCT02584140_inc 

Das File: /work/eauten2s/ec_criteria_struct/transform_chia/input/half_clinical_trials/NCT02584140_inc.txt wurde erfolgreich geladen.
NCT02584140_inc Done 

Die Daten wurden erfolgreich in '/work/eauten2s/ec_criteria_struct/transform_chia/model_output/Llama-3-70B-Instruct_5_shot/Llama-3-70B-Instruct_NCT02584140_inc_5_shot.json' gespeichert.
File: NCT02589353_exc 

Das File: /work/eauten2s/ec_criteria_struct/transform_chia/input/half_clinical_trials/NCT02589353_exc.txt wurde erfolgreich geladen.
NCT02589353_exc Done 

Die Daten wurden erfolgreich in '/work/eauten2s/ec_criteria_struct/transform_chia/model_output/Llama-3-70B-Instruct_5_shot/Llama-3-70B-Instruct_NCT02589353_exc_5_shot.json' gespeichert.
File: NCT02589353_inc 

Das File: /work/eauten2s/ec_criteria_struct/transform_chia/input/half_clinical_trials/NCT02589353_inc.txt wurde erfolgreich geladen.
NCT02589353_inc Done 

Die Daten wurden erfolgreich in '/work/eauten2s/ec_criteria_struct/transform_chia/model_output/Llama-3-70B-Instruct_5_shot/Llama-3-70B-Instruct_NCT02589353_inc_5_shot.json' gespeichert.
File: NCT02589691_exc 

Das File: /work/eauten2s/ec_criteria_struct/transform_chia/input/half_clinical_trials/NCT02589691_exc.txt wurde erfolgreich geladen.
NCT02589691_exc Done 

Die Daten wurden erfolgreich in '/work/eauten2s/ec_criteria_struct/transform_chia/model_output/Llama-3-70B-Instruct_5_shot/Llama-3-70B-Instruct_NCT02589691_exc_5_shot.json' gespeichert.
File: NCT02589691_inc 

Das File: /work/eauten2s/ec_criteria_struct/transform_chia/input/half_clinical_trials/NCT02589691_inc.txt wurde erfolgreich geladen.
NCT02589691_inc Done 

Die Daten wurden erfolgreich in '/work/eauten2s/ec_criteria_struct/transform_chia/model_output/Llama-3-70B-Instruct_5_shot/Llama-3-70B-Instruct_NCT02589691_inc_5_shot.json' gespeichert.
File: NCT02589977_exc 

Das File: /work/eauten2s/ec_criteria_struct/transform_chia/input/half_clinical_trials/NCT02589977_exc.txt wurde erfolgreich geladen.
NCT02589977_exc Done 

Die Daten wurden erfolgreich in '/work/eauten2s/ec_criteria_struct/transform_chia/model_output/Llama-3-70B-Instruct_5_shot/Llama-3-70B-Instruct_NCT02589977_exc_5_shot.json' gespeichert.
File: NCT02589977_inc 

Das File: /work/eauten2s/ec_criteria_struct/transform_chia/input/half_clinical_trials/NCT02589977_inc.txt wurde erfolgreich geladen.
NCT02589977_inc Done 

Die Daten wurden erfolgreich in '/work/eauten2s/ec_criteria_struct/transform_chia/model_output/Llama-3-70B-Instruct_5_shot/Llama-3-70B-Instruct_NCT02589977_inc_5_shot.json' gespeichert.
File: NCT02590315_exc 

Das File: /work/eauten2s/ec_criteria_struct/transform_chia/input/half_clinical_trials/NCT02590315_exc.txt wurde erfolgreich geladen.
NCT02590315_exc Done 

Die Daten wurden erfolgreich in '/work/eauten2s/ec_criteria_struct/transform_chia/model_output/Llama-3-70B-Instruct_5_shot/Llama-3-70B-Instruct_NCT02590315_exc_5_shot.json' gespeichert.
File: NCT02590315_inc 

Das File: /work/eauten2s/ec_criteria_struct/transform_chia/input/half_clinical_trials/NCT02590315_inc.txt wurde erfolgreich geladen.
NCT02590315_inc Done 

Die Daten wurden erfolgreich in '/work/eauten2s/ec_criteria_struct/transform_chia/model_output/Llama-3-70B-Instruct_5_shot/Llama-3-70B-Instruct_NCT02590315_inc_5_shot.json' gespeichert.
File: NCT02590653_exc 

Das File: /work/eauten2s/ec_criteria_struct/transform_chia/input/half_clinical_trials/NCT02590653_exc.txt wurde erfolgreich geladen.
NCT02590653_exc Done 

Die Daten wurden erfolgreich in '/work/eauten2s/ec_criteria_struct/transform_chia/model_output/Llama-3-70B-Instruct_5_shot/Llama-3-70B-Instruct_NCT02590653_exc_5_shot.json' gespeichert.
File: NCT02590653_inc 

Das File: /work/eauten2s/ec_criteria_struct/transform_chia/input/half_clinical_trials/NCT02590653_inc.txt wurde erfolgreich geladen.
NCT02590653_inc Done 

Die Daten wurden erfolgreich in '/work/eauten2s/ec_criteria_struct/transform_chia/model_output/Llama-3-70B-Instruct_5_shot/Llama-3-70B-Instruct_NCT02590653_inc_5_shot.json' gespeichert.
File: NCT02590822_exc 

Das File: /work/eauten2s/ec_criteria_struct/transform_chia/input/half_clinical_trials/NCT02590822_exc.txt wurde erfolgreich geladen.
NCT02590822_exc Done 

Die Daten wurden erfolgreich in '/work/eauten2s/ec_criteria_struct/transform_chia/model_output/Llama-3-70B-Instruct_5_shot/Llama-3-70B-Instruct_NCT02590822_exc_5_shot.json' gespeichert.
File: NCT02590822_inc 

Das File: /work/eauten2s/ec_criteria_struct/transform_chia/input/half_clinical_trials/NCT02590822_inc.txt wurde erfolgreich geladen.
NCT02590822_inc Done 

Die Daten wurden erfolgreich in '/work/eauten2s/ec_criteria_struct/transform_chia/model_output/Llama-3-70B-Instruct_5_shot/Llama-3-70B-Instruct_NCT02590822_inc_5_shot.json' gespeichert.
File: NCT02592980_exc 

Das File: /work/eauten2s/ec_criteria_struct/transform_chia/input/half_clinical_trials/NCT02592980_exc.txt wurde erfolgreich geladen.
NCT02592980_exc Done 

Die Daten wurden erfolgreich in '/work/eauten2s/ec_criteria_struct/transform_chia/model_output/Llama-3-70B-Instruct_5_shot/Llama-3-70B-Instruct_NCT02592980_exc_5_shot.json' gespeichert.
File: NCT02592980_inc 

Das File: /work/eauten2s/ec_criteria_struct/transform_chia/input/half_clinical_trials/NCT02592980_inc.txt wurde erfolgreich geladen.
NCT02592980_inc Done 

Die Daten wurden erfolgreich in '/work/eauten2s/ec_criteria_struct/transform_chia/model_output/Llama-3-70B-Instruct_5_shot/Llama-3-70B-Instruct_NCT02592980_inc_5_shot.json' gespeichert.
File: NCT02593409_exc 

Das File: /work/eauten2s/ec_criteria_struct/transform_chia/input/half_clinical_trials/NCT02593409_exc.txt wurde erfolgreich geladen.
NCT02593409_exc Done 

Die Daten wurden erfolgreich in '/work/eauten2s/ec_criteria_struct/transform_chia/model_output/Llama-3-70B-Instruct_5_shot/Llama-3-70B-Instruct_NCT02593409_exc_5_shot.json' gespeichert.
File: NCT02593409_inc 

Das File: /work/eauten2s/ec_criteria_struct/transform_chia/input/half_clinical_trials/NCT02593409_inc.txt wurde erfolgreich geladen.
NCT02593409_inc Done 

Die Daten wurden erfolgreich in '/work/eauten2s/ec_criteria_struct/transform_chia/model_output/Llama-3-70B-Instruct_5_shot/Llama-3-70B-Instruct_NCT02593409_inc_5_shot.json' gespeichert.
File: NCT02595190_exc 

Das File: /work/eauten2s/ec_criteria_struct/transform_chia/input/half_clinical_trials/NCT02595190_exc.txt wurde erfolgreich geladen.
NCT02595190_exc Done 

Die Daten wurden erfolgreich in '/work/eauten2s/ec_criteria_struct/transform_chia/model_output/Llama-3-70B-Instruct_5_shot/Llama-3-70B-Instruct_NCT02595190_exc_5_shot.json' gespeichert.
File: NCT02595190_inc 

Das File: /work/eauten2s/ec_criteria_struct/transform_chia/input/half_clinical_trials/NCT02595190_inc.txt wurde erfolgreich geladen.
NCT02595190_inc Done 

Die Daten wurden erfolgreich in '/work/eauten2s/ec_criteria_struct/transform_chia/model_output/Llama-3-70B-Instruct_5_shot/Llama-3-70B-Instruct_NCT02595190_inc_5_shot.json' gespeichert.
File: NCT02596555_exc 

Das File: /work/eauten2s/ec_criteria_struct/transform_chia/input/half_clinical_trials/NCT02596555_exc.txt wurde erfolgreich geladen.
NCT02596555_exc Done 

Die Daten wurden erfolgreich in '/work/eauten2s/ec_criteria_struct/transform_chia/model_output/Llama-3-70B-Instruct_5_shot/Llama-3-70B-Instruct_NCT02596555_exc_5_shot.json' gespeichert.
File: NCT02596555_inc 

Das File: /work/eauten2s/ec_criteria_struct/transform_chia/input/half_clinical_trials/NCT02596555_inc.txt wurde erfolgreich geladen.
NCT02596555_inc Done 

Die Daten wurden erfolgreich in '/work/eauten2s/ec_criteria_struct/transform_chia/model_output/Llama-3-70B-Instruct_5_shot/Llama-3-70B-Instruct_NCT02596555_inc_5_shot.json' gespeichert.
File: NCT02600000_exc 

Das File: /work/eauten2s/ec_criteria_struct/transform_chia/input/half_clinical_trials/NCT02600000_exc.txt wurde erfolgreich geladen.
NCT02600000_exc Done 

Die Daten wurden erfolgreich in '/work/eauten2s/ec_criteria_struct/transform_chia/model_output/Llama-3-70B-Instruct_5_shot/Llama-3-70B-Instruct_NCT02600000_exc_5_shot.json' gespeichert.
File: NCT02600000_inc 

Das File: /work/eauten2s/ec_criteria_struct/transform_chia/input/half_clinical_trials/NCT02600000_inc.txt wurde erfolgreich geladen.
NCT02600000_inc Done 

Die Daten wurden erfolgreich in '/work/eauten2s/ec_criteria_struct/transform_chia/model_output/Llama-3-70B-Instruct_5_shot/Llama-3-70B-Instruct_NCT02600000_inc_5_shot.json' gespeichert.
File: NCT02601157_exc 

Das File: /work/eauten2s/ec_criteria_struct/transform_chia/input/half_clinical_trials/NCT02601157_exc.txt wurde erfolgreich geladen.
NCT02601157_exc Done 

Die Daten wurden erfolgreich in '/work/eauten2s/ec_criteria_struct/transform_chia/model_output/Llama-3-70B-Instruct_5_shot/Llama-3-70B-Instruct_NCT02601157_exc_5_shot.json' gespeichert.
File: NCT02601157_inc 

Das File: /work/eauten2s/ec_criteria_struct/transform_chia/input/half_clinical_trials/NCT02601157_inc.txt wurde erfolgreich geladen.
NCT02601157_inc Done 

Die Daten wurden erfolgreich in '/work/eauten2s/ec_criteria_struct/transform_chia/model_output/Llama-3-70B-Instruct_5_shot/Llama-3-70B-Instruct_NCT02601157_inc_5_shot.json' gespeichert.
File: NCT02604459_exc 

Das File: /work/eauten2s/ec_criteria_struct/transform_chia/input/half_clinical_trials/NCT02604459_exc.txt wurde erfolgreich geladen.
NCT02604459_exc Done 

Die Daten wurden erfolgreich in '/work/eauten2s/ec_criteria_struct/transform_chia/model_output/Llama-3-70B-Instruct_5_shot/Llama-3-70B-Instruct_NCT02604459_exc_5_shot.json' gespeichert.
File: NCT02604459_inc 

Das File: /work/eauten2s/ec_criteria_struct/transform_chia/input/half_clinical_trials/NCT02604459_inc.txt wurde erfolgreich geladen.
NCT02604459_inc Done 

Die Daten wurden erfolgreich in '/work/eauten2s/ec_criteria_struct/transform_chia/model_output/Llama-3-70B-Instruct_5_shot/Llama-3-70B-Instruct_NCT02604459_inc_5_shot.json' gespeichert.
File: NCT02606565_exc 

Das File: /work/eauten2s/ec_criteria_struct/transform_chia/input/half_clinical_trials/NCT02606565_exc.txt wurde erfolgreich geladen.
NCT02606565_exc Done 

Die Daten wurden erfolgreich in '/work/eauten2s/ec_criteria_struct/transform_chia/model_output/Llama-3-70B-Instruct_5_shot/Llama-3-70B-Instruct_NCT02606565_exc_5_shot.json' gespeichert.
File: NCT02606565_inc 

Das File: /work/eauten2s/ec_criteria_struct/transform_chia/input/half_clinical_trials/NCT02606565_inc.txt wurde erfolgreich geladen.
NCT02606565_inc Done 

Die Daten wurden erfolgreich in '/work/eauten2s/ec_criteria_struct/transform_chia/model_output/Llama-3-70B-Instruct_5_shot/Llama-3-70B-Instruct_NCT02606565_inc_5_shot.json' gespeichert.
File: NCT02607163_exc 

Das File: /work/eauten2s/ec_criteria_struct/transform_chia/input/half_clinical_trials/NCT02607163_exc.txt wurde erfolgreich geladen.
NCT02607163_exc Done 

Die Daten wurden erfolgreich in '/work/eauten2s/ec_criteria_struct/transform_chia/model_output/Llama-3-70B-Instruct_5_shot/Llama-3-70B-Instruct_NCT02607163_exc_5_shot.json' gespeichert.
File: NCT02607163_inc 

Das File: /work/eauten2s/ec_criteria_struct/transform_chia/input/half_clinical_trials/NCT02607163_inc.txt wurde erfolgreich geladen.
NCT02607163_inc Done 

Die Daten wurden erfolgreich in '/work/eauten2s/ec_criteria_struct/transform_chia/model_output/Llama-3-70B-Instruct_5_shot/Llama-3-70B-Instruct_NCT02607163_inc_5_shot.json' gespeichert.
File: NCT02607319_exc 

Das File: /work/eauten2s/ec_criteria_struct/transform_chia/input/half_clinical_trials/NCT02607319_exc.txt wurde erfolgreich geladen.
NCT02607319_exc Done 

Die Daten wurden erfolgreich in '/work/eauten2s/ec_criteria_struct/transform_chia/model_output/Llama-3-70B-Instruct_5_shot/Llama-3-70B-Instruct_NCT02607319_exc_5_shot.json' gespeichert.
File: NCT02607319_inc 

Das File: /work/eauten2s/ec_criteria_struct/transform_chia/input/half_clinical_trials/NCT02607319_inc.txt wurde erfolgreich geladen.
NCT02607319_inc Done 

Die Daten wurden erfolgreich in '/work/eauten2s/ec_criteria_struct/transform_chia/model_output/Llama-3-70B-Instruct_5_shot/Llama-3-70B-Instruct_NCT02607319_inc_5_shot.json' gespeichert.
File: NCT02607748_exc 

Das File: /work/eauten2s/ec_criteria_struct/transform_chia/input/half_clinical_trials/NCT02607748_exc.txt wurde erfolgreich geladen.
NCT02607748_exc Done 

Die Daten wurden erfolgreich in '/work/eauten2s/ec_criteria_struct/transform_chia/model_output/Llama-3-70B-Instruct_5_shot/Llama-3-70B-Instruct_NCT02607748_exc_5_shot.json' gespeichert.
File: NCT02607748_inc 

Das File: /work/eauten2s/ec_criteria_struct/transform_chia/input/half_clinical_trials/NCT02607748_inc.txt wurde erfolgreich geladen.
NCT02607748_inc Done 

Die Daten wurden erfolgreich in '/work/eauten2s/ec_criteria_struct/transform_chia/model_output/Llama-3-70B-Instruct_5_shot/Llama-3-70B-Instruct_NCT02607748_inc_5_shot.json' gespeichert.
File: NCT02609048_exc 

Das File: /work/eauten2s/ec_criteria_struct/transform_chia/input/half_clinical_trials/NCT02609048_exc.txt wurde erfolgreich geladen.
NCT02609048_exc Done 

Die Daten wurden erfolgreich in '/work/eauten2s/ec_criteria_struct/transform_chia/model_output/Llama-3-70B-Instruct_5_shot/Llama-3-70B-Instruct_NCT02609048_exc_5_shot.json' gespeichert.
File: NCT02609048_inc 

Das File: /work/eauten2s/ec_criteria_struct/transform_chia/input/half_clinical_trials/NCT02609048_inc.txt wurde erfolgreich geladen.
NCT02609048_inc Done 

Die Daten wurden erfolgreich in '/work/eauten2s/ec_criteria_struct/transform_chia/model_output/Llama-3-70B-Instruct_5_shot/Llama-3-70B-Instruct_NCT02609048_inc_5_shot.json' gespeichert.
File: NCT02609425_exc 

Das File: /work/eauten2s/ec_criteria_struct/transform_chia/input/half_clinical_trials/NCT02609425_exc.txt wurde erfolgreich geladen.
NCT02609425_exc Done 

Die Daten wurden erfolgreich in '/work/eauten2s/ec_criteria_struct/transform_chia/model_output/Llama-3-70B-Instruct_5_shot/Llama-3-70B-Instruct_NCT02609425_exc_5_shot.json' gespeichert.
File: NCT02609425_inc 

Das File: /work/eauten2s/ec_criteria_struct/transform_chia/input/half_clinical_trials/NCT02609425_inc.txt wurde erfolgreich geladen.
NCT02609425_inc Done 

Die Daten wurden erfolgreich in '/work/eauten2s/ec_criteria_struct/transform_chia/model_output/Llama-3-70B-Instruct_5_shot/Llama-3-70B-Instruct_NCT02609425_inc_5_shot.json' gespeichert.
File: NCT02609698_exc 

Das File: /work/eauten2s/ec_criteria_struct/transform_chia/input/half_clinical_trials/NCT02609698_exc.txt wurde erfolgreich geladen.
NCT02609698_exc Done 

Die Daten wurden erfolgreich in '/work/eauten2s/ec_criteria_struct/transform_chia/model_output/Llama-3-70B-Instruct_5_shot/Llama-3-70B-Instruct_NCT02609698_exc_5_shot.json' gespeichert.
File: NCT02609698_inc 

Das File: /work/eauten2s/ec_criteria_struct/transform_chia/input/half_clinical_trials/NCT02609698_inc.txt wurde erfolgreich geladen.
NCT02609698_inc Done 

Die Daten wurden erfolgreich in '/work/eauten2s/ec_criteria_struct/transform_chia/model_output/Llama-3-70B-Instruct_5_shot/Llama-3-70B-Instruct_NCT02609698_inc_5_shot.json' gespeichert.
File: NCT02612181_exc 

Das File: /work/eauten2s/ec_criteria_struct/transform_chia/input/half_clinical_trials/NCT02612181_exc.txt wurde erfolgreich geladen.
NCT02612181_exc Done 

Die Daten wurden erfolgreich in '/work/eauten2s/ec_criteria_struct/transform_chia/model_output/Llama-3-70B-Instruct_5_shot/Llama-3-70B-Instruct_NCT02612181_exc_5_shot.json' gespeichert.
File: NCT02612181_inc 

Das File: /work/eauten2s/ec_criteria_struct/transform_chia/input/half_clinical_trials/NCT02612181_inc.txt wurde erfolgreich geladen.
NCT02612181_inc Done 

Die Daten wurden erfolgreich in '/work/eauten2s/ec_criteria_struct/transform_chia/model_output/Llama-3-70B-Instruct_5_shot/Llama-3-70B-Instruct_NCT02612181_inc_5_shot.json' gespeichert.
File: NCT02613039_exc 

Das File: /work/eauten2s/ec_criteria_struct/transform_chia/input/half_clinical_trials/NCT02613039_exc.txt wurde erfolgreich geladen.
NCT02613039_exc Done 

Die Daten wurden erfolgreich in '/work/eauten2s/ec_criteria_struct/transform_chia/model_output/Llama-3-70B-Instruct_5_shot/Llama-3-70B-Instruct_NCT02613039_exc_5_shot.json' gespeichert.
File: NCT02613039_inc 

Das File: /work/eauten2s/ec_criteria_struct/transform_chia/input/half_clinical_trials/NCT02613039_inc.txt wurde erfolgreich geladen.
NCT02613039_inc Done 

Die Daten wurden erfolgreich in '/work/eauten2s/ec_criteria_struct/transform_chia/model_output/Llama-3-70B-Instruct_5_shot/Llama-3-70B-Instruct_NCT02613039_inc_5_shot.json' gespeichert.
File: NCT02618057_exc 

Das File: /work/eauten2s/ec_criteria_struct/transform_chia/input/half_clinical_trials/NCT02618057_exc.txt wurde erfolgreich geladen.
NCT02618057_exc Done 

Die Daten wurden erfolgreich in '/work/eauten2s/ec_criteria_struct/transform_chia/model_output/Llama-3-70B-Instruct_5_shot/Llama-3-70B-Instruct_NCT02618057_exc_5_shot.json' gespeichert.
File: NCT02618057_inc 

Das File: /work/eauten2s/ec_criteria_struct/transform_chia/input/half_clinical_trials/NCT02618057_inc.txt wurde erfolgreich geladen.
NCT02618057_inc Done 

Die Daten wurden erfolgreich in '/work/eauten2s/ec_criteria_struct/transform_chia/model_output/Llama-3-70B-Instruct_5_shot/Llama-3-70B-Instruct_NCT02618057_inc_5_shot.json' gespeichert.
File: NCT02620904_exc 

Das File: /work/eauten2s/ec_criteria_struct/transform_chia/input/half_clinical_trials/NCT02620904_exc.txt wurde erfolgreich geladen.
NCT02620904_exc Done 

Die Daten wurden erfolgreich in '/work/eauten2s/ec_criteria_struct/transform_chia/model_output/Llama-3-70B-Instruct_5_shot/Llama-3-70B-Instruct_NCT02620904_exc_5_shot.json' gespeichert.
File: NCT02620904_inc 

Das File: /work/eauten2s/ec_criteria_struct/transform_chia/input/half_clinical_trials/NCT02620904_inc.txt wurde erfolgreich geladen.
NCT02620904_inc Done 

Die Daten wurden erfolgreich in '/work/eauten2s/ec_criteria_struct/transform_chia/model_output/Llama-3-70B-Instruct_5_shot/Llama-3-70B-Instruct_NCT02620904_inc_5_shot.json' gespeichert.
File: NCT02621489_exc 

Das File: /work/eauten2s/ec_criteria_struct/transform_chia/input/half_clinical_trials/NCT02621489_exc.txt wurde erfolgreich geladen.
NCT02621489_exc Done 

Die Daten wurden erfolgreich in '/work/eauten2s/ec_criteria_struct/transform_chia/model_output/Llama-3-70B-Instruct_5_shot/Llama-3-70B-Instruct_NCT02621489_exc_5_shot.json' gespeichert.
File: NCT02621489_inc 

Das File: /work/eauten2s/ec_criteria_struct/transform_chia/input/half_clinical_trials/NCT02621489_inc.txt wurde erfolgreich geladen.
NCT02621489_inc Done 

Die Daten wurden erfolgreich in '/work/eauten2s/ec_criteria_struct/transform_chia/model_output/Llama-3-70B-Instruct_5_shot/Llama-3-70B-Instruct_NCT02621489_inc_5_shot.json' gespeichert.
File: NCT02621541_exc 

Das File: /work/eauten2s/ec_criteria_struct/transform_chia/input/half_clinical_trials/NCT02621541_exc.txt wurde erfolgreich geladen.
NCT02621541_exc Done 

Die Daten wurden erfolgreich in '/work/eauten2s/ec_criteria_struct/transform_chia/model_output/Llama-3-70B-Instruct_5_shot/Llama-3-70B-Instruct_NCT02621541_exc_5_shot.json' gespeichert.
File: NCT02621541_inc 

Das File: /work/eauten2s/ec_criteria_struct/transform_chia/input/half_clinical_trials/NCT02621541_inc.txt wurde erfolgreich geladen.
NCT02621541_inc Done 

Die Daten wurden erfolgreich in '/work/eauten2s/ec_criteria_struct/transform_chia/model_output/Llama-3-70B-Instruct_5_shot/Llama-3-70B-Instruct_NCT02621541_inc_5_shot.json' gespeichert.
File: NCT02624908_exc 

Das File: /work/eauten2s/ec_criteria_struct/transform_chia/input/half_clinical_trials/NCT02624908_exc.txt wurde erfolgreich geladen.
NCT02624908_exc Done 

Die Daten wurden erfolgreich in '/work/eauten2s/ec_criteria_struct/transform_chia/model_output/Llama-3-70B-Instruct_5_shot/Llama-3-70B-Instruct_NCT02624908_exc_5_shot.json' gespeichert.
File: NCT02624908_inc 

Das File: /work/eauten2s/ec_criteria_struct/transform_chia/input/half_clinical_trials/NCT02624908_inc.txt wurde erfolgreich geladen.
NCT02624908_inc Done 

Die Daten wurden erfolgreich in '/work/eauten2s/ec_criteria_struct/transform_chia/model_output/Llama-3-70B-Instruct_5_shot/Llama-3-70B-Instruct_NCT02624908_inc_5_shot.json' gespeichert.
File: NCT02627521_exc 

Das File: /work/eauten2s/ec_criteria_struct/transform_chia/input/half_clinical_trials/NCT02627521_exc.txt wurde erfolgreich geladen.
NCT02627521_exc Done 

Die Daten wurden erfolgreich in '/work/eauten2s/ec_criteria_struct/transform_chia/model_output/Llama-3-70B-Instruct_5_shot/Llama-3-70B-Instruct_NCT02627521_exc_5_shot.json' gespeichert.
File: NCT02627521_inc 

Das File: /work/eauten2s/ec_criteria_struct/transform_chia/input/half_clinical_trials/NCT02627521_inc.txt wurde erfolgreich geladen.
NCT02627521_inc Done 

Die Daten wurden erfolgreich in '/work/eauten2s/ec_criteria_struct/transform_chia/model_output/Llama-3-70B-Instruct_5_shot/Llama-3-70B-Instruct_NCT02627521_inc_5_shot.json' gespeichert.
File: NCT02627560_exc 

Das File: /work/eauten2s/ec_criteria_struct/transform_chia/input/half_clinical_trials/NCT02627560_exc.txt wurde erfolgreich geladen.
NCT02627560_exc Done 

Die Daten wurden erfolgreich in '/work/eauten2s/ec_criteria_struct/transform_chia/model_output/Llama-3-70B-Instruct_5_shot/Llama-3-70B-Instruct_NCT02627560_exc_5_shot.json' gespeichert.
File: NCT02627560_inc 

Das File: /work/eauten2s/ec_criteria_struct/transform_chia/input/half_clinical_trials/NCT02627560_inc.txt wurde erfolgreich geladen.
NCT02627560_inc Done 

Die Daten wurden erfolgreich in '/work/eauten2s/ec_criteria_struct/transform_chia/model_output/Llama-3-70B-Instruct_5_shot/Llama-3-70B-Instruct_NCT02627560_inc_5_shot.json' gespeichert.
File: NCT02630628_exc 

Das File: /work/eauten2s/ec_criteria_struct/transform_chia/input/half_clinical_trials/NCT02630628_exc.txt wurde erfolgreich geladen.
NCT02630628_exc Done 

Die Daten wurden erfolgreich in '/work/eauten2s/ec_criteria_struct/transform_chia/model_output/Llama-3-70B-Instruct_5_shot/Llama-3-70B-Instruct_NCT02630628_exc_5_shot.json' gespeichert.
File: NCT02630628_inc 

Das File: /work/eauten2s/ec_criteria_struct/transform_chia/input/half_clinical_trials/NCT02630628_inc.txt wurde erfolgreich geladen.
NCT02630628_inc Done 

Die Daten wurden erfolgreich in '/work/eauten2s/ec_criteria_struct/transform_chia/model_output/Llama-3-70B-Instruct_5_shot/Llama-3-70B-Instruct_NCT02630628_inc_5_shot.json' gespeichert.
File: NCT02631512_exc 

Das File: /work/eauten2s/ec_criteria_struct/transform_chia/input/half_clinical_trials/NCT02631512_exc.txt wurde erfolgreich geladen.
NCT02631512_exc Done 

Die Daten wurden erfolgreich in '/work/eauten2s/ec_criteria_struct/transform_chia/model_output/Llama-3-70B-Instruct_5_shot/Llama-3-70B-Instruct_NCT02631512_exc_5_shot.json' gespeichert.
File: NCT02631512_inc 

Das File: /work/eauten2s/ec_criteria_struct/transform_chia/input/half_clinical_trials/NCT02631512_inc.txt wurde erfolgreich geladen.
NCT02631512_inc Done 

Die Daten wurden erfolgreich in '/work/eauten2s/ec_criteria_struct/transform_chia/model_output/Llama-3-70B-Instruct_5_shot/Llama-3-70B-Instruct_NCT02631512_inc_5_shot.json' gespeichert.
File: NCT02632266_exc 

Das File: /work/eauten2s/ec_criteria_struct/transform_chia/input/half_clinical_trials/NCT02632266_exc.txt wurde erfolgreich geladen.
NCT02632266_exc Done 

Die Daten wurden erfolgreich in '/work/eauten2s/ec_criteria_struct/transform_chia/model_output/Llama-3-70B-Instruct_5_shot/Llama-3-70B-Instruct_NCT02632266_exc_5_shot.json' gespeichert.
File: NCT02632266_inc 

Das File: /work/eauten2s/ec_criteria_struct/transform_chia/input/half_clinical_trials/NCT02632266_inc.txt wurde erfolgreich geladen.
NCT02632266_inc Done 

Die Daten wurden erfolgreich in '/work/eauten2s/ec_criteria_struct/transform_chia/model_output/Llama-3-70B-Instruct_5_shot/Llama-3-70B-Instruct_NCT02632266_inc_5_shot.json' gespeichert.
File: NCT02632318_exc 

Das File: /work/eauten2s/ec_criteria_struct/transform_chia/input/half_clinical_trials/NCT02632318_exc.txt wurde erfolgreich geladen.
NCT02632318_exc Done 

Die Daten wurden erfolgreich in '/work/eauten2s/ec_criteria_struct/transform_chia/model_output/Llama-3-70B-Instruct_5_shot/Llama-3-70B-Instruct_NCT02632318_exc_5_shot.json' gespeichert.
File: NCT02632318_inc 

Das File: /work/eauten2s/ec_criteria_struct/transform_chia/input/half_clinical_trials/NCT02632318_inc.txt wurde erfolgreich geladen.
NCT02632318_inc Done 

Die Daten wurden erfolgreich in '/work/eauten2s/ec_criteria_struct/transform_chia/model_output/Llama-3-70B-Instruct_5_shot/Llama-3-70B-Instruct_NCT02632318_inc_5_shot.json' gespeichert.
File: NCT02632760_exc 

Das File: /work/eauten2s/ec_criteria_struct/transform_chia/input/half_clinical_trials/NCT02632760_exc.txt wurde erfolgreich geladen.
NCT02632760_exc Done 

Die Daten wurden erfolgreich in '/work/eauten2s/ec_criteria_struct/transform_chia/model_output/Llama-3-70B-Instruct_5_shot/Llama-3-70B-Instruct_NCT02632760_exc_5_shot.json' gespeichert.
File: NCT02632760_inc 

Das File: /work/eauten2s/ec_criteria_struct/transform_chia/input/half_clinical_trials/NCT02632760_inc.txt wurde erfolgreich geladen.
NCT02632760_inc Done 

Die Daten wurden erfolgreich in '/work/eauten2s/ec_criteria_struct/transform_chia/model_output/Llama-3-70B-Instruct_5_shot/Llama-3-70B-Instruct_NCT02632760_inc_5_shot.json' gespeichert.
File: NCT02634541_exc 

Das File: /work/eauten2s/ec_criteria_struct/transform_chia/input/half_clinical_trials/NCT02634541_exc.txt wurde erfolgreich geladen.
NCT02634541_exc Done 

Die Daten wurden erfolgreich in '/work/eauten2s/ec_criteria_struct/transform_chia/model_output/Llama-3-70B-Instruct_5_shot/Llama-3-70B-Instruct_NCT02634541_exc_5_shot.json' gespeichert.
File: NCT02634541_inc 

Das File: /work/eauten2s/ec_criteria_struct/transform_chia/input/half_clinical_trials/NCT02634541_inc.txt wurde erfolgreich geladen.
NCT02634541_inc Done 

Die Daten wurden erfolgreich in '/work/eauten2s/ec_criteria_struct/transform_chia/model_output/Llama-3-70B-Instruct_5_shot/Llama-3-70B-Instruct_NCT02634541_inc_5_shot.json' gespeichert.
File: NCT02635893_exc 

Das File: /work/eauten2s/ec_criteria_struct/transform_chia/input/half_clinical_trials/NCT02635893_exc.txt wurde erfolgreich geladen.
NCT02635893_exc Done 

Die Daten wurden erfolgreich in '/work/eauten2s/ec_criteria_struct/transform_chia/model_output/Llama-3-70B-Instruct_5_shot/Llama-3-70B-Instruct_NCT02635893_exc_5_shot.json' gespeichert.
File: NCT02635893_inc 

Das File: /work/eauten2s/ec_criteria_struct/transform_chia/input/half_clinical_trials/NCT02635893_inc.txt wurde erfolgreich geladen.
NCT02635893_inc Done 

Die Daten wurden erfolgreich in '/work/eauten2s/ec_criteria_struct/transform_chia/model_output/Llama-3-70B-Instruct_5_shot/Llama-3-70B-Instruct_NCT02635893_inc_5_shot.json' gespeichert.
File: NCT02637076_exc 

Das File: /work/eauten2s/ec_criteria_struct/transform_chia/input/half_clinical_trials/NCT02637076_exc.txt wurde erfolgreich geladen.
NCT02637076_exc Done 

Die Daten wurden erfolgreich in '/work/eauten2s/ec_criteria_struct/transform_chia/model_output/Llama-3-70B-Instruct_5_shot/Llama-3-70B-Instruct_NCT02637076_exc_5_shot.json' gespeichert.
File: NCT02637076_inc 

Das File: /work/eauten2s/ec_criteria_struct/transform_chia/input/half_clinical_trials/NCT02637076_inc.txt wurde erfolgreich geladen.
NCT02637076_inc Done 

Die Daten wurden erfolgreich in '/work/eauten2s/ec_criteria_struct/transform_chia/model_output/Llama-3-70B-Instruct_5_shot/Llama-3-70B-Instruct_NCT02637076_inc_5_shot.json' gespeichert.
File: NCT02637453_exc 

Das File: /work/eauten2s/ec_criteria_struct/transform_chia/input/half_clinical_trials/NCT02637453_exc.txt wurde erfolgreich geladen.
NCT02637453_exc Done 

Die Daten wurden erfolgreich in '/work/eauten2s/ec_criteria_struct/transform_chia/model_output/Llama-3-70B-Instruct_5_shot/Llama-3-70B-Instruct_NCT02637453_exc_5_shot.json' gespeichert.
File: NCT02637453_inc 

Das File: /work/eauten2s/ec_criteria_struct/transform_chia/input/half_clinical_trials/NCT02637453_inc.txt wurde erfolgreich geladen.
NCT02637453_inc Done 

Die Daten wurden erfolgreich in '/work/eauten2s/ec_criteria_struct/transform_chia/model_output/Llama-3-70B-Instruct_5_shot/Llama-3-70B-Instruct_NCT02637453_inc_5_shot.json' gespeichert.
File: NCT02638935_exc 

Das File: /work/eauten2s/ec_criteria_struct/transform_chia/input/half_clinical_trials/NCT02638935_exc.txt wurde erfolgreich geladen.
NCT02638935_exc Done 

Die Daten wurden erfolgreich in '/work/eauten2s/ec_criteria_struct/transform_chia/model_output/Llama-3-70B-Instruct_5_shot/Llama-3-70B-Instruct_NCT02638935_exc_5_shot.json' gespeichert.
File: NCT02638935_inc 

Das File: /work/eauten2s/ec_criteria_struct/transform_chia/input/half_clinical_trials/NCT02638935_inc.txt wurde erfolgreich geladen.
NCT02638935_inc Done 

Die Daten wurden erfolgreich in '/work/eauten2s/ec_criteria_struct/transform_chia/model_output/Llama-3-70B-Instruct_5_shot/Llama-3-70B-Instruct_NCT02638935_inc_5_shot.json' gespeichert.
File: NCT02643381_exc 

Das File: /work/eauten2s/ec_criteria_struct/transform_chia/input/half_clinical_trials/NCT02643381_exc.txt wurde erfolgreich geladen.
NCT02643381_exc Done 

Die Daten wurden erfolgreich in '/work/eauten2s/ec_criteria_struct/transform_chia/model_output/Llama-3-70B-Instruct_5_shot/Llama-3-70B-Instruct_NCT02643381_exc_5_shot.json' gespeichert.
File: NCT02643381_inc 

Das File: /work/eauten2s/ec_criteria_struct/transform_chia/input/half_clinical_trials/NCT02643381_inc.txt wurde erfolgreich geladen.
NCT02643381_inc Done 

Die Daten wurden erfolgreich in '/work/eauten2s/ec_criteria_struct/transform_chia/model_output/Llama-3-70B-Instruct_5_shot/Llama-3-70B-Instruct_NCT02643381_inc_5_shot.json' gespeichert.
File: NCT02644629_exc 

Das File: /work/eauten2s/ec_criteria_struct/transform_chia/input/half_clinical_trials/NCT02644629_exc.txt wurde erfolgreich geladen.
NCT02644629_exc Done 

Die Daten wurden erfolgreich in '/work/eauten2s/ec_criteria_struct/transform_chia/model_output/Llama-3-70B-Instruct_5_shot/Llama-3-70B-Instruct_NCT02644629_exc_5_shot.json' gespeichert.
File: NCT02644629_inc 

Das File: /work/eauten2s/ec_criteria_struct/transform_chia/input/half_clinical_trials/NCT02644629_inc.txt wurde erfolgreich geladen.
NCT02644629_inc Done 

Die Daten wurden erfolgreich in '/work/eauten2s/ec_criteria_struct/transform_chia/model_output/Llama-3-70B-Instruct_5_shot/Llama-3-70B-Instruct_NCT02644629_inc_5_shot.json' gespeichert.
File: NCT02645474_exc 

Das File: /work/eauten2s/ec_criteria_struct/transform_chia/input/half_clinical_trials/NCT02645474_exc.txt wurde erfolgreich geladen.
NCT02645474_exc Done 

Die Daten wurden erfolgreich in '/work/eauten2s/ec_criteria_struct/transform_chia/model_output/Llama-3-70B-Instruct_5_shot/Llama-3-70B-Instruct_NCT02645474_exc_5_shot.json' gespeichert.
File: NCT02645474_inc 

Das File: /work/eauten2s/ec_criteria_struct/transform_chia/input/half_clinical_trials/NCT02645474_inc.txt wurde erfolgreich geladen.
NCT02645474_inc Done 

Die Daten wurden erfolgreich in '/work/eauten2s/ec_criteria_struct/transform_chia/model_output/Llama-3-70B-Instruct_5_shot/Llama-3-70B-Instruct_NCT02645474_inc_5_shot.json' gespeichert.
File: NCT02647788_exc 

Das File: /work/eauten2s/ec_criteria_struct/transform_chia/input/half_clinical_trials/NCT02647788_exc.txt wurde erfolgreich geladen.
NCT02647788_exc Done 

Die Daten wurden erfolgreich in '/work/eauten2s/ec_criteria_struct/transform_chia/model_output/Llama-3-70B-Instruct_5_shot/Llama-3-70B-Instruct_NCT02647788_exc_5_shot.json' gespeichert.
File: NCT02647788_inc 

Das File: /work/eauten2s/ec_criteria_struct/transform_chia/input/half_clinical_trials/NCT02647788_inc.txt wurde erfolgreich geladen.
NCT02647788_inc Done 

Die Daten wurden erfolgreich in '/work/eauten2s/ec_criteria_struct/transform_chia/model_output/Llama-3-70B-Instruct_5_shot/Llama-3-70B-Instruct_NCT02647788_inc_5_shot.json' gespeichert.
File: NCT02649114_exc 

Das File: /work/eauten2s/ec_criteria_struct/transform_chia/input/half_clinical_trials/NCT02649114_exc.txt wurde erfolgreich geladen.
NCT02649114_exc Done 

Die Daten wurden erfolgreich in '/work/eauten2s/ec_criteria_struct/transform_chia/model_output/Llama-3-70B-Instruct_5_shot/Llama-3-70B-Instruct_NCT02649114_exc_5_shot.json' gespeichert.
File: NCT02649114_inc 

Das File: /work/eauten2s/ec_criteria_struct/transform_chia/input/half_clinical_trials/NCT02649114_inc.txt wurde erfolgreich geladen.
NCT02649114_inc Done 

Die Daten wurden erfolgreich in '/work/eauten2s/ec_criteria_struct/transform_chia/model_output/Llama-3-70B-Instruct_5_shot/Llama-3-70B-Instruct_NCT02649114_inc_5_shot.json' gespeichert.
File: NCT02650024_exc 

Das File: /work/eauten2s/ec_criteria_struct/transform_chia/input/half_clinical_trials/NCT02650024_exc.txt wurde erfolgreich geladen.
NCT02650024_exc Done 

Die Daten wurden erfolgreich in '/work/eauten2s/ec_criteria_struct/transform_chia/model_output/Llama-3-70B-Instruct_5_shot/Llama-3-70B-Instruct_NCT02650024_exc_5_shot.json' gespeichert.
File: NCT02650024_inc 

Das File: /work/eauten2s/ec_criteria_struct/transform_chia/input/half_clinical_trials/NCT02650024_inc.txt wurde erfolgreich geladen.
NCT02650024_inc Done 

Die Daten wurden erfolgreich in '/work/eauten2s/ec_criteria_struct/transform_chia/model_output/Llama-3-70B-Instruct_5_shot/Llama-3-70B-Instruct_NCT02650024_inc_5_shot.json' gespeichert.
File: NCT02650388_exc 

Das File: /work/eauten2s/ec_criteria_struct/transform_chia/input/half_clinical_trials/NCT02650388_exc.txt wurde erfolgreich geladen.
NCT02650388_exc Done 

Die Daten wurden erfolgreich in '/work/eauten2s/ec_criteria_struct/transform_chia/model_output/Llama-3-70B-Instruct_5_shot/Llama-3-70B-Instruct_NCT02650388_exc_5_shot.json' gespeichert.
File: NCT02650388_inc 

Das File: /work/eauten2s/ec_criteria_struct/transform_chia/input/half_clinical_trials/NCT02650388_inc.txt wurde erfolgreich geladen.
NCT02650388_inc Done 

Die Daten wurden erfolgreich in '/work/eauten2s/ec_criteria_struct/transform_chia/model_output/Llama-3-70B-Instruct_5_shot/Llama-3-70B-Instruct_NCT02650388_inc_5_shot.json' gespeichert.
File: NCT02652572_exc 

Das File: /work/eauten2s/ec_criteria_struct/transform_chia/input/half_clinical_trials/NCT02652572_exc.txt wurde erfolgreich geladen.
NCT02652572_exc Done 

Die Daten wurden erfolgreich in '/work/eauten2s/ec_criteria_struct/transform_chia/model_output/Llama-3-70B-Instruct_5_shot/Llama-3-70B-Instruct_NCT02652572_exc_5_shot.json' gespeichert.
File: NCT02652572_inc 

Das File: /work/eauten2s/ec_criteria_struct/transform_chia/input/half_clinical_trials/NCT02652572_inc.txt wurde erfolgreich geladen.
NCT02652572_inc Done 

Die Daten wurden erfolgreich in '/work/eauten2s/ec_criteria_struct/transform_chia/model_output/Llama-3-70B-Instruct_5_shot/Llama-3-70B-Instruct_NCT02652572_inc_5_shot.json' gespeichert.
File: NCT02652637_exc 

Das File: /work/eauten2s/ec_criteria_struct/transform_chia/input/half_clinical_trials/NCT02652637_exc.txt wurde erfolgreich geladen.
NCT02652637_exc Done 

Die Daten wurden erfolgreich in '/work/eauten2s/ec_criteria_struct/transform_chia/model_output/Llama-3-70B-Instruct_5_shot/Llama-3-70B-Instruct_NCT02652637_exc_5_shot.json' gespeichert.
File: NCT02652637_inc 

Das File: /work/eauten2s/ec_criteria_struct/transform_chia/input/half_clinical_trials/NCT02652637_inc.txt wurde erfolgreich geladen.
NCT02652637_inc Done 

Die Daten wurden erfolgreich in '/work/eauten2s/ec_criteria_struct/transform_chia/model_output/Llama-3-70B-Instruct_5_shot/Llama-3-70B-Instruct_NCT02652637_inc_5_shot.json' gespeichert.
File: NCT02653131_exc 

Das File: /work/eauten2s/ec_criteria_struct/transform_chia/input/half_clinical_trials/NCT02653131_exc.txt wurde erfolgreich geladen.
NCT02653131_exc Done 

Die Daten wurden erfolgreich in '/work/eauten2s/ec_criteria_struct/transform_chia/model_output/Llama-3-70B-Instruct_5_shot/Llama-3-70B-Instruct_NCT02653131_exc_5_shot.json' gespeichert.
File: NCT02653131_inc 

Das File: /work/eauten2s/ec_criteria_struct/transform_chia/input/half_clinical_trials/NCT02653131_inc.txt wurde erfolgreich geladen.
NCT02653131_inc Done 

Die Daten wurden erfolgreich in '/work/eauten2s/ec_criteria_struct/transform_chia/model_output/Llama-3-70B-Instruct_5_shot/Llama-3-70B-Instruct_NCT02653131_inc_5_shot.json' gespeichert.
File: NCT02654912_exc 

Das File: /work/eauten2s/ec_criteria_struct/transform_chia/input/half_clinical_trials/NCT02654912_exc.txt wurde erfolgreich geladen.
NCT02654912_exc Done 

Die Daten wurden erfolgreich in '/work/eauten2s/ec_criteria_struct/transform_chia/model_output/Llama-3-70B-Instruct_5_shot/Llama-3-70B-Instruct_NCT02654912_exc_5_shot.json' gespeichert.
File: NCT02654912_inc 

Das File: /work/eauten2s/ec_criteria_struct/transform_chia/input/half_clinical_trials/NCT02654912_inc.txt wurde erfolgreich geladen.
NCT02654912_inc Done 

Die Daten wurden erfolgreich in '/work/eauten2s/ec_criteria_struct/transform_chia/model_output/Llama-3-70B-Instruct_5_shot/Llama-3-70B-Instruct_NCT02654912_inc_5_shot.json' gespeichert.
File: NCT02656394_exc 

Das File: /work/eauten2s/ec_criteria_struct/transform_chia/input/half_clinical_trials/NCT02656394_exc.txt wurde erfolgreich geladen.
NCT02656394_exc Done 

Die Daten wurden erfolgreich in '/work/eauten2s/ec_criteria_struct/transform_chia/model_output/Llama-3-70B-Instruct_5_shot/Llama-3-70B-Instruct_NCT02656394_exc_5_shot.json' gespeichert.
File: NCT02656394_inc 

Das File: /work/eauten2s/ec_criteria_struct/transform_chia/input/half_clinical_trials/NCT02656394_inc.txt wurde erfolgreich geladen.
NCT02656394_inc Done 

Die Daten wurden erfolgreich in '/work/eauten2s/ec_criteria_struct/transform_chia/model_output/Llama-3-70B-Instruct_5_shot/Llama-3-70B-Instruct_NCT02656394_inc_5_shot.json' gespeichert.
File: NCT02664558_exc 

Das File: /work/eauten2s/ec_criteria_struct/transform_chia/input/half_clinical_trials/NCT02664558_exc.txt wurde erfolgreich geladen.
NCT02664558_exc Done 

Die Daten wurden erfolgreich in '/work/eauten2s/ec_criteria_struct/transform_chia/model_output/Llama-3-70B-Instruct_5_shot/Llama-3-70B-Instruct_NCT02664558_exc_5_shot.json' gespeichert.
File: NCT02664558_inc 

Das File: /work/eauten2s/ec_criteria_struct/transform_chia/input/half_clinical_trials/NCT02664558_inc.txt wurde erfolgreich geladen.
NCT02664558_inc Done 

Die Daten wurden erfolgreich in '/work/eauten2s/ec_criteria_struct/transform_chia/model_output/Llama-3-70B-Instruct_5_shot/Llama-3-70B-Instruct_NCT02664558_inc_5_shot.json' gespeichert.
File: NCT02667730_exc 

Das File: /work/eauten2s/ec_criteria_struct/transform_chia/input/half_clinical_trials/NCT02667730_exc.txt wurde erfolgreich geladen.
NCT02667730_exc Done 

Die Daten wurden erfolgreich in '/work/eauten2s/ec_criteria_struct/transform_chia/model_output/Llama-3-70B-Instruct_5_shot/Llama-3-70B-Instruct_NCT02667730_exc_5_shot.json' gespeichert.
File: NCT02667730_inc 

Das File: /work/eauten2s/ec_criteria_struct/transform_chia/input/half_clinical_trials/NCT02667730_inc.txt wurde erfolgreich geladen.
NCT02667730_inc Done 

Die Daten wurden erfolgreich in '/work/eauten2s/ec_criteria_struct/transform_chia/model_output/Llama-3-70B-Instruct_5_shot/Llama-3-70B-Instruct_NCT02667730_inc_5_shot.json' gespeichert.
File: NCT02668016_exc 

Das File: /work/eauten2s/ec_criteria_struct/transform_chia/input/half_clinical_trials/NCT02668016_exc.txt wurde erfolgreich geladen.
NCT02668016_exc Done 

Die Daten wurden erfolgreich in '/work/eauten2s/ec_criteria_struct/transform_chia/model_output/Llama-3-70B-Instruct_5_shot/Llama-3-70B-Instruct_NCT02668016_exc_5_shot.json' gespeichert.
File: NCT02668016_inc 

Das File: /work/eauten2s/ec_criteria_struct/transform_chia/input/half_clinical_trials/NCT02668016_inc.txt wurde erfolgreich geladen.
NCT02668016_inc Done 

Die Daten wurden erfolgreich in '/work/eauten2s/ec_criteria_struct/transform_chia/model_output/Llama-3-70B-Instruct_5_shot/Llama-3-70B-Instruct_NCT02668016_inc_5_shot.json' gespeichert.
File: NCT02668978_exc 

Das File: /work/eauten2s/ec_criteria_struct/transform_chia/input/half_clinical_trials/NCT02668978_exc.txt wurde erfolgreich geladen.
NCT02668978_exc Done 

Die Daten wurden erfolgreich in '/work/eauten2s/ec_criteria_struct/transform_chia/model_output/Llama-3-70B-Instruct_5_shot/Llama-3-70B-Instruct_NCT02668978_exc_5_shot.json' gespeichert.
File: NCT02668978_inc 

Das File: /work/eauten2s/ec_criteria_struct/transform_chia/input/half_clinical_trials/NCT02668978_inc.txt wurde erfolgreich geladen.
NCT02668978_inc Done 

Die Daten wurden erfolgreich in '/work/eauten2s/ec_criteria_struct/transform_chia/model_output/Llama-3-70B-Instruct_5_shot/Llama-3-70B-Instruct_NCT02668978_inc_5_shot.json' gespeichert.
File: NCT02671318_exc 

Das File: /work/eauten2s/ec_criteria_struct/transform_chia/input/half_clinical_trials/NCT02671318_exc.txt wurde erfolgreich geladen.
NCT02671318_exc Done 

Die Daten wurden erfolgreich in '/work/eauten2s/ec_criteria_struct/transform_chia/model_output/Llama-3-70B-Instruct_5_shot/Llama-3-70B-Instruct_NCT02671318_exc_5_shot.json' gespeichert.
File: NCT02671318_inc 

Das File: /work/eauten2s/ec_criteria_struct/transform_chia/input/half_clinical_trials/NCT02671318_inc.txt wurde erfolgreich geladen.
NCT02671318_inc Done 

Die Daten wurden erfolgreich in '/work/eauten2s/ec_criteria_struct/transform_chia/model_output/Llama-3-70B-Instruct_5_shot/Llama-3-70B-Instruct_NCT02671318_inc_5_shot.json' gespeichert.
File: NCT02673359_exc 

Das File: /work/eauten2s/ec_criteria_struct/transform_chia/input/half_clinical_trials/NCT02673359_exc.txt wurde erfolgreich geladen.
NCT02673359_exc Done 

Die Daten wurden erfolgreich in '/work/eauten2s/ec_criteria_struct/transform_chia/model_output/Llama-3-70B-Instruct_5_shot/Llama-3-70B-Instruct_NCT02673359_exc_5_shot.json' gespeichert.
File: NCT02673359_inc 

Das File: /work/eauten2s/ec_criteria_struct/transform_chia/input/half_clinical_trials/NCT02673359_inc.txt wurde erfolgreich geladen.
NCT02673359_inc Done 

Die Daten wurden erfolgreich in '/work/eauten2s/ec_criteria_struct/transform_chia/model_output/Llama-3-70B-Instruct_5_shot/Llama-3-70B-Instruct_NCT02673359_inc_5_shot.json' gespeichert.
File: NCT02675153_exc 

Das File: /work/eauten2s/ec_criteria_struct/transform_chia/input/half_clinical_trials/NCT02675153_exc.txt wurde erfolgreich geladen.
NCT02675153_exc Done 

Die Daten wurden erfolgreich in '/work/eauten2s/ec_criteria_struct/transform_chia/model_output/Llama-3-70B-Instruct_5_shot/Llama-3-70B-Instruct_NCT02675153_exc_5_shot.json' gespeichert.
File: NCT02675153_inc 

Das File: /work/eauten2s/ec_criteria_struct/transform_chia/input/half_clinical_trials/NCT02675153_inc.txt wurde erfolgreich geladen.
NCT02675153_inc Done 

Die Daten wurden erfolgreich in '/work/eauten2s/ec_criteria_struct/transform_chia/model_output/Llama-3-70B-Instruct_5_shot/Llama-3-70B-Instruct_NCT02675153_inc_5_shot.json' gespeichert.
File: NCT02678377_exc 

Das File: /work/eauten2s/ec_criteria_struct/transform_chia/input/half_clinical_trials/NCT02678377_exc.txt wurde erfolgreich geladen.
NCT02678377_exc Done 

Die Daten wurden erfolgreich in '/work/eauten2s/ec_criteria_struct/transform_chia/model_output/Llama-3-70B-Instruct_5_shot/Llama-3-70B-Instruct_NCT02678377_exc_5_shot.json' gespeichert.
File: NCT02678377_inc 

Das File: /work/eauten2s/ec_criteria_struct/transform_chia/input/half_clinical_trials/NCT02678377_inc.txt wurde erfolgreich geladen.
NCT02678377_inc Done 

Die Daten wurden erfolgreich in '/work/eauten2s/ec_criteria_struct/transform_chia/model_output/Llama-3-70B-Instruct_5_shot/Llama-3-70B-Instruct_NCT02678377_inc_5_shot.json' gespeichert.
File: NCT02678663_exc 

Das File: /work/eauten2s/ec_criteria_struct/transform_chia/input/half_clinical_trials/NCT02678663_exc.txt wurde erfolgreich geladen.
NCT02678663_exc Done 

Die Daten wurden erfolgreich in '/work/eauten2s/ec_criteria_struct/transform_chia/model_output/Llama-3-70B-Instruct_5_shot/Llama-3-70B-Instruct_NCT02678663_exc_5_shot.json' gespeichert.
File: NCT02678663_inc 

Das File: /work/eauten2s/ec_criteria_struct/transform_chia/input/half_clinical_trials/NCT02678663_inc.txt wurde erfolgreich geladen.
NCT02678663_inc Done 

Die Daten wurden erfolgreich in '/work/eauten2s/ec_criteria_struct/transform_chia/model_output/Llama-3-70B-Instruct_5_shot/Llama-3-70B-Instruct_NCT02678663_inc_5_shot.json' gespeichert.
File: NCT02678728_exc 

Das File: /work/eauten2s/ec_criteria_struct/transform_chia/input/half_clinical_trials/NCT02678728_exc.txt wurde erfolgreich geladen.
NCT02678728_exc Done 

Die Daten wurden erfolgreich in '/work/eauten2s/ec_criteria_struct/transform_chia/model_output/Llama-3-70B-Instruct_5_shot/Llama-3-70B-Instruct_NCT02678728_exc_5_shot.json' gespeichert.
File: NCT02678728_inc 

Das File: /work/eauten2s/ec_criteria_struct/transform_chia/input/half_clinical_trials/NCT02678728_inc.txt wurde erfolgreich geladen.
NCT02678728_inc Done 

Die Daten wurden erfolgreich in '/work/eauten2s/ec_criteria_struct/transform_chia/model_output/Llama-3-70B-Instruct_5_shot/Llama-3-70B-Instruct_NCT02678728_inc_5_shot.json' gespeichert.
File: NCT02678962_exc 

Das File: /work/eauten2s/ec_criteria_struct/transform_chia/input/half_clinical_trials/NCT02678962_exc.txt wurde erfolgreich geladen.
NCT02678962_exc Done 

Die Daten wurden erfolgreich in '/work/eauten2s/ec_criteria_struct/transform_chia/model_output/Llama-3-70B-Instruct_5_shot/Llama-3-70B-Instruct_NCT02678962_exc_5_shot.json' gespeichert.
File: NCT02678962_inc 

Das File: /work/eauten2s/ec_criteria_struct/transform_chia/input/half_clinical_trials/NCT02678962_inc.txt wurde erfolgreich geladen.
NCT02678962_inc Done 

Die Daten wurden erfolgreich in '/work/eauten2s/ec_criteria_struct/transform_chia/model_output/Llama-3-70B-Instruct_5_shot/Llama-3-70B-Instruct_NCT02678962_inc_5_shot.json' gespeichert.
File: NCT02680054_exc 

Das File: /work/eauten2s/ec_criteria_struct/transform_chia/input/half_clinical_trials/NCT02680054_exc.txt wurde erfolgreich geladen.
NCT02680054_exc Done 

Die Daten wurden erfolgreich in '/work/eauten2s/ec_criteria_struct/transform_chia/model_output/Llama-3-70B-Instruct_5_shot/Llama-3-70B-Instruct_NCT02680054_exc_5_shot.json' gespeichert.
File: NCT02680054_inc 

Das File: /work/eauten2s/ec_criteria_struct/transform_chia/input/half_clinical_trials/NCT02680054_inc.txt wurde erfolgreich geladen.
NCT02680054_inc Done 

Die Daten wurden erfolgreich in '/work/eauten2s/ec_criteria_struct/transform_chia/model_output/Llama-3-70B-Instruct_5_shot/Llama-3-70B-Instruct_NCT02680054_inc_5_shot.json' gespeichert.
File: NCT02686021_exc 

Das File: /work/eauten2s/ec_criteria_struct/transform_chia/input/half_clinical_trials/NCT02686021_exc.txt wurde erfolgreich geladen.
NCT02686021_exc Done 

Die Daten wurden erfolgreich in '/work/eauten2s/ec_criteria_struct/transform_chia/model_output/Llama-3-70B-Instruct_5_shot/Llama-3-70B-Instruct_NCT02686021_exc_5_shot.json' gespeichert.
File: NCT02686021_inc 

Das File: /work/eauten2s/ec_criteria_struct/transform_chia/input/half_clinical_trials/NCT02686021_inc.txt wurde erfolgreich geladen.
NCT02686021_inc Done 

Die Daten wurden erfolgreich in '/work/eauten2s/ec_criteria_struct/transform_chia/model_output/Llama-3-70B-Instruct_5_shot/Llama-3-70B-Instruct_NCT02686021_inc_5_shot.json' gespeichert.
File: NCT02687178_exc 

Das File: /work/eauten2s/ec_criteria_struct/transform_chia/input/half_clinical_trials/NCT02687178_exc.txt wurde erfolgreich geladen.
NCT02687178_exc Done 

Die Daten wurden erfolgreich in '/work/eauten2s/ec_criteria_struct/transform_chia/model_output/Llama-3-70B-Instruct_5_shot/Llama-3-70B-Instruct_NCT02687178_exc_5_shot.json' gespeichert.
File: NCT02687178_inc 

Das File: /work/eauten2s/ec_criteria_struct/transform_chia/input/half_clinical_trials/NCT02687178_inc.txt wurde erfolgreich geladen.
NCT02687178_inc Done 

Die Daten wurden erfolgreich in '/work/eauten2s/ec_criteria_struct/transform_chia/model_output/Llama-3-70B-Instruct_5_shot/Llama-3-70B-Instruct_NCT02687178_inc_5_shot.json' gespeichert.
File: NCT02687724_exc 

Das File: /work/eauten2s/ec_criteria_struct/transform_chia/input/half_clinical_trials/NCT02687724_exc.txt wurde erfolgreich geladen.
NCT02687724_exc Done 

Die Daten wurden erfolgreich in '/work/eauten2s/ec_criteria_struct/transform_chia/model_output/Llama-3-70B-Instruct_5_shot/Llama-3-70B-Instruct_NCT02687724_exc_5_shot.json' gespeichert.
File: NCT02687724_inc 

Das File: /work/eauten2s/ec_criteria_struct/transform_chia/input/half_clinical_trials/NCT02687724_inc.txt wurde erfolgreich geladen.
NCT02687724_inc Done 

Die Daten wurden erfolgreich in '/work/eauten2s/ec_criteria_struct/transform_chia/model_output/Llama-3-70B-Instruct_5_shot/Llama-3-70B-Instruct_NCT02687724_inc_5_shot.json' gespeichert.
File: NCT02689024_exc 

Das File: /work/eauten2s/ec_criteria_struct/transform_chia/input/half_clinical_trials/NCT02689024_exc.txt wurde erfolgreich geladen.
NCT02689024_exc Done 

Die Daten wurden erfolgreich in '/work/eauten2s/ec_criteria_struct/transform_chia/model_output/Llama-3-70B-Instruct_5_shot/Llama-3-70B-Instruct_NCT02689024_exc_5_shot.json' gespeichert.
File: NCT02689024_inc 

Das File: /work/eauten2s/ec_criteria_struct/transform_chia/input/half_clinical_trials/NCT02689024_inc.txt wurde erfolgreich geladen.
NCT02689024_inc Done 

Die Daten wurden erfolgreich in '/work/eauten2s/ec_criteria_struct/transform_chia/model_output/Llama-3-70B-Instruct_5_shot/Llama-3-70B-Instruct_NCT02689024_inc_5_shot.json' gespeichert.
File: NCT02689089_exc 

Das File: /work/eauten2s/ec_criteria_struct/transform_chia/input/half_clinical_trials/NCT02689089_exc.txt wurde erfolgreich geladen.
NCT02689089_exc Done 

Die Daten wurden erfolgreich in '/work/eauten2s/ec_criteria_struct/transform_chia/model_output/Llama-3-70B-Instruct_5_shot/Llama-3-70B-Instruct_NCT02689089_exc_5_shot.json' gespeichert.
File: NCT02689089_inc 

Das File: /work/eauten2s/ec_criteria_struct/transform_chia/input/half_clinical_trials/NCT02689089_inc.txt wurde erfolgreich geladen.
NCT02689089_inc Done 

Die Daten wurden erfolgreich in '/work/eauten2s/ec_criteria_struct/transform_chia/model_output/Llama-3-70B-Instruct_5_shot/Llama-3-70B-Instruct_NCT02689089_inc_5_shot.json' gespeichert.
File: NCT02689817_exc 

Das File: /work/eauten2s/ec_criteria_struct/transform_chia/input/half_clinical_trials/NCT02689817_exc.txt wurde erfolgreich geladen.
NCT02689817_exc Done 

Die Daten wurden erfolgreich in '/work/eauten2s/ec_criteria_struct/transform_chia/model_output/Llama-3-70B-Instruct_5_shot/Llama-3-70B-Instruct_NCT02689817_exc_5_shot.json' gespeichert.
File: NCT02689817_inc 

Das File: /work/eauten2s/ec_criteria_struct/transform_chia/input/half_clinical_trials/NCT02689817_inc.txt wurde erfolgreich geladen.
NCT02689817_inc Done 

Die Daten wurden erfolgreich in '/work/eauten2s/ec_criteria_struct/transform_chia/model_output/Llama-3-70B-Instruct_5_shot/Llama-3-70B-Instruct_NCT02689817_inc_5_shot.json' gespeichert.
File: NCT02691793_exc 

Das File: /work/eauten2s/ec_criteria_struct/transform_chia/input/half_clinical_trials/NCT02691793_exc.txt wurde erfolgreich geladen.
NCT02691793_exc Done 

Die Daten wurden erfolgreich in '/work/eauten2s/ec_criteria_struct/transform_chia/model_output/Llama-3-70B-Instruct_5_shot/Llama-3-70B-Instruct_NCT02691793_exc_5_shot.json' gespeichert.
File: NCT02691793_inc 

Das File: /work/eauten2s/ec_criteria_struct/transform_chia/input/half_clinical_trials/NCT02691793_inc.txt wurde erfolgreich geladen.
NCT02691793_inc Done 

Die Daten wurden erfolgreich in '/work/eauten2s/ec_criteria_struct/transform_chia/model_output/Llama-3-70B-Instruct_5_shot/Llama-3-70B-Instruct_NCT02691793_inc_5_shot.json' gespeichert.
File: NCT02692651_exc 

Das File: /work/eauten2s/ec_criteria_struct/transform_chia/input/half_clinical_trials/NCT02692651_exc.txt wurde erfolgreich geladen.
NCT02692651_exc Done 

Die Daten wurden erfolgreich in '/work/eauten2s/ec_criteria_struct/transform_chia/model_output/Llama-3-70B-Instruct_5_shot/Llama-3-70B-Instruct_NCT02692651_exc_5_shot.json' gespeichert.
File: NCT02692651_inc 

Das File: /work/eauten2s/ec_criteria_struct/transform_chia/input/half_clinical_trials/NCT02692651_inc.txt wurde erfolgreich geladen.
NCT02692651_inc Done 

Die Daten wurden erfolgreich in '/work/eauten2s/ec_criteria_struct/transform_chia/model_output/Llama-3-70B-Instruct_5_shot/Llama-3-70B-Instruct_NCT02692651_inc_5_shot.json' gespeichert.
File: NCT02695992_exc 

Das File: /work/eauten2s/ec_criteria_struct/transform_chia/input/half_clinical_trials/NCT02695992_exc.txt wurde erfolgreich geladen.
NCT02695992_exc Done 

Die Daten wurden erfolgreich in '/work/eauten2s/ec_criteria_struct/transform_chia/model_output/Llama-3-70B-Instruct_5_shot/Llama-3-70B-Instruct_NCT02695992_exc_5_shot.json' gespeichert.
File: NCT02695992_inc 

Das File: /work/eauten2s/ec_criteria_struct/transform_chia/input/half_clinical_trials/NCT02695992_inc.txt wurde erfolgreich geladen.
NCT02695992_inc Done 

Die Daten wurden erfolgreich in '/work/eauten2s/ec_criteria_struct/transform_chia/model_output/Llama-3-70B-Instruct_5_shot/Llama-3-70B-Instruct_NCT02695992_inc_5_shot.json' gespeichert.
File: NCT02698969_exc 

Das File: /work/eauten2s/ec_criteria_struct/transform_chia/input/half_clinical_trials/NCT02698969_exc.txt wurde erfolgreich geladen.
NCT02698969_exc Done 

Die Daten wurden erfolgreich in '/work/eauten2s/ec_criteria_struct/transform_chia/model_output/Llama-3-70B-Instruct_5_shot/Llama-3-70B-Instruct_NCT02698969_exc_5_shot.json' gespeichert.
File: NCT02698969_inc 

Das File: /work/eauten2s/ec_criteria_struct/transform_chia/input/half_clinical_trials/NCT02698969_inc.txt wurde erfolgreich geladen.
NCT02698969_inc Done 

Die Daten wurden erfolgreich in '/work/eauten2s/ec_criteria_struct/transform_chia/model_output/Llama-3-70B-Instruct_5_shot/Llama-3-70B-Instruct_NCT02698969_inc_5_shot.json' gespeichert.
File: NCT02701777_exc 

Das File: /work/eauten2s/ec_criteria_struct/transform_chia/input/half_clinical_trials/NCT02701777_exc.txt wurde erfolgreich geladen.
NCT02701777_exc Done 

Die Daten wurden erfolgreich in '/work/eauten2s/ec_criteria_struct/transform_chia/model_output/Llama-3-70B-Instruct_5_shot/Llama-3-70B-Instruct_NCT02701777_exc_5_shot.json' gespeichert.
File: NCT02701777_inc 

Das File: /work/eauten2s/ec_criteria_struct/transform_chia/input/half_clinical_trials/NCT02701777_inc.txt wurde erfolgreich geladen.
NCT02701777_inc Done 

Die Daten wurden erfolgreich in '/work/eauten2s/ec_criteria_struct/transform_chia/model_output/Llama-3-70B-Instruct_5_shot/Llama-3-70B-Instruct_NCT02701777_inc_5_shot.json' gespeichert.
File: NCT02701881_exc 

Das File: /work/eauten2s/ec_criteria_struct/transform_chia/input/half_clinical_trials/NCT02701881_exc.txt wurde erfolgreich geladen.
NCT02701881_exc Done 

Die Daten wurden erfolgreich in '/work/eauten2s/ec_criteria_struct/transform_chia/model_output/Llama-3-70B-Instruct_5_shot/Llama-3-70B-Instruct_NCT02701881_exc_5_shot.json' gespeichert.
File: NCT02701881_inc 

Das File: /work/eauten2s/ec_criteria_struct/transform_chia/input/half_clinical_trials/NCT02701881_inc.txt wurde erfolgreich geladen.
NCT02701881_inc Done 

Die Daten wurden erfolgreich in '/work/eauten2s/ec_criteria_struct/transform_chia/model_output/Llama-3-70B-Instruct_5_shot/Llama-3-70B-Instruct_NCT02701881_inc_5_shot.json' gespeichert.
File: NCT02704234_exc 

Das File: /work/eauten2s/ec_criteria_struct/transform_chia/input/half_clinical_trials/NCT02704234_exc.txt wurde erfolgreich geladen.
NCT02704234_exc Done 

Die Daten wurden erfolgreich in '/work/eauten2s/ec_criteria_struct/transform_chia/model_output/Llama-3-70B-Instruct_5_shot/Llama-3-70B-Instruct_NCT02704234_exc_5_shot.json' gespeichert.
File: NCT02704234_inc 

Das File: /work/eauten2s/ec_criteria_struct/transform_chia/input/half_clinical_trials/NCT02704234_inc.txt wurde erfolgreich geladen.
NCT02704234_inc Done 

Die Daten wurden erfolgreich in '/work/eauten2s/ec_criteria_struct/transform_chia/model_output/Llama-3-70B-Instruct_5_shot/Llama-3-70B-Instruct_NCT02704234_inc_5_shot.json' gespeichert.
File: NCT02704754_exc 

Das File: /work/eauten2s/ec_criteria_struct/transform_chia/input/half_clinical_trials/NCT02704754_exc.txt wurde erfolgreich geladen.
NCT02704754_exc Done 

Die Daten wurden erfolgreich in '/work/eauten2s/ec_criteria_struct/transform_chia/model_output/Llama-3-70B-Instruct_5_shot/Llama-3-70B-Instruct_NCT02704754_exc_5_shot.json' gespeichert.
File: NCT02704754_inc 

Das File: /work/eauten2s/ec_criteria_struct/transform_chia/input/half_clinical_trials/NCT02704754_inc.txt wurde erfolgreich geladen.
NCT02704754_inc Done 

Die Daten wurden erfolgreich in '/work/eauten2s/ec_criteria_struct/transform_chia/model_output/Llama-3-70B-Instruct_5_shot/Llama-3-70B-Instruct_NCT02704754_inc_5_shot.json' gespeichert.
File: NCT02705222_exc 

Das File: /work/eauten2s/ec_criteria_struct/transform_chia/input/half_clinical_trials/NCT02705222_exc.txt wurde erfolgreich geladen.
NCT02705222_exc Done 

Die Daten wurden erfolgreich in '/work/eauten2s/ec_criteria_struct/transform_chia/model_output/Llama-3-70B-Instruct_5_shot/Llama-3-70B-Instruct_NCT02705222_exc_5_shot.json' gespeichert.
File: NCT02705222_inc 

Das File: /work/eauten2s/ec_criteria_struct/transform_chia/input/half_clinical_trials/NCT02705222_inc.txt wurde erfolgreich geladen.
NCT02705222_inc Done 

Die Daten wurden erfolgreich in '/work/eauten2s/ec_criteria_struct/transform_chia/model_output/Llama-3-70B-Instruct_5_shot/Llama-3-70B-Instruct_NCT02705222_inc_5_shot.json' gespeichert.
File: NCT02707809_exc 

Das File: /work/eauten2s/ec_criteria_struct/transform_chia/input/half_clinical_trials/NCT02707809_exc.txt wurde erfolgreich geladen.
NCT02707809_exc Done 

Die Daten wurden erfolgreich in '/work/eauten2s/ec_criteria_struct/transform_chia/model_output/Llama-3-70B-Instruct_5_shot/Llama-3-70B-Instruct_NCT02707809_exc_5_shot.json' gespeichert.
File: NCT02707809_inc 

Das File: /work/eauten2s/ec_criteria_struct/transform_chia/input/half_clinical_trials/NCT02707809_inc.txt wurde erfolgreich geladen.
NCT02707809_inc Done 

Die Daten wurden erfolgreich in '/work/eauten2s/ec_criteria_struct/transform_chia/model_output/Llama-3-70B-Instruct_5_shot/Llama-3-70B-Instruct_NCT02707809_inc_5_shot.json' gespeichert.
File: NCT02707874_exc 

Das File: /work/eauten2s/ec_criteria_struct/transform_chia/input/half_clinical_trials/NCT02707874_exc.txt wurde erfolgreich geladen.
NCT02707874_exc Done 

Die Daten wurden erfolgreich in '/work/eauten2s/ec_criteria_struct/transform_chia/model_output/Llama-3-70B-Instruct_5_shot/Llama-3-70B-Instruct_NCT02707874_exc_5_shot.json' gespeichert.
File: NCT02707874_inc 

Das File: /work/eauten2s/ec_criteria_struct/transform_chia/input/half_clinical_trials/NCT02707874_inc.txt wurde erfolgreich geladen.
NCT02707874_inc Done 

Die Daten wurden erfolgreich in '/work/eauten2s/ec_criteria_struct/transform_chia/model_output/Llama-3-70B-Instruct_5_shot/Llama-3-70B-Instruct_NCT02707874_inc_5_shot.json' gespeichert.
File: NCT02713087_exc 

Das File: /work/eauten2s/ec_criteria_struct/transform_chia/input/half_clinical_trials/NCT02713087_exc.txt wurde erfolgreich geladen.
NCT02713087_exc Done 

Die Daten wurden erfolgreich in '/work/eauten2s/ec_criteria_struct/transform_chia/model_output/Llama-3-70B-Instruct_5_shot/Llama-3-70B-Instruct_NCT02713087_exc_5_shot.json' gespeichert.
File: NCT02713087_inc 

Das File: /work/eauten2s/ec_criteria_struct/transform_chia/input/half_clinical_trials/NCT02713087_inc.txt wurde erfolgreich geladen.
NCT02713087_inc Done 

Die Daten wurden erfolgreich in '/work/eauten2s/ec_criteria_struct/transform_chia/model_output/Llama-3-70B-Instruct_5_shot/Llama-3-70B-Instruct_NCT02713087_inc_5_shot.json' gespeichert.
File: NCT02714725_exc 

Das File: /work/eauten2s/ec_criteria_struct/transform_chia/input/half_clinical_trials/NCT02714725_exc.txt wurde erfolgreich geladen.
NCT02714725_exc Done 

Die Daten wurden erfolgreich in '/work/eauten2s/ec_criteria_struct/transform_chia/model_output/Llama-3-70B-Instruct_5_shot/Llama-3-70B-Instruct_NCT02714725_exc_5_shot.json' gespeichert.
File: NCT02714725_inc 

Das File: /work/eauten2s/ec_criteria_struct/transform_chia/input/half_clinical_trials/NCT02714725_inc.txt wurde erfolgreich geladen.
NCT02714725_inc Done 

Die Daten wurden erfolgreich in '/work/eauten2s/ec_criteria_struct/transform_chia/model_output/Llama-3-70B-Instruct_5_shot/Llama-3-70B-Instruct_NCT02714725_inc_5_shot.json' gespeichert.
File: NCT02715466_exc 

Das File: /work/eauten2s/ec_criteria_struct/transform_chia/input/half_clinical_trials/NCT02715466_exc.txt wurde erfolgreich geladen.
NCT02715466_exc Done 

Die Daten wurden erfolgreich in '/work/eauten2s/ec_criteria_struct/transform_chia/model_output/Llama-3-70B-Instruct_5_shot/Llama-3-70B-Instruct_NCT02715466_exc_5_shot.json' gespeichert.
File: NCT02715466_inc 

Das File: /work/eauten2s/ec_criteria_struct/transform_chia/input/half_clinical_trials/NCT02715466_inc.txt wurde erfolgreich geladen.
NCT02715466_inc Done 

Die Daten wurden erfolgreich in '/work/eauten2s/ec_criteria_struct/transform_chia/model_output/Llama-3-70B-Instruct_5_shot/Llama-3-70B-Instruct_NCT02715466_inc_5_shot.json' gespeichert.
File: NCT02715518_exc 

Das File: /work/eauten2s/ec_criteria_struct/transform_chia/input/half_clinical_trials/NCT02715518_exc.txt wurde erfolgreich geladen.
NCT02715518_exc Done 

Die Daten wurden erfolgreich in '/work/eauten2s/ec_criteria_struct/transform_chia/model_output/Llama-3-70B-Instruct_5_shot/Llama-3-70B-Instruct_NCT02715518_exc_5_shot.json' gespeichert.
File: NCT02715518_inc 

Das File: /work/eauten2s/ec_criteria_struct/transform_chia/input/half_clinical_trials/NCT02715518_inc.txt wurde erfolgreich geladen.
NCT02715518_inc Done 

Die Daten wurden erfolgreich in '/work/eauten2s/ec_criteria_struct/transform_chia/model_output/Llama-3-70B-Instruct_5_shot/Llama-3-70B-Instruct_NCT02715518_inc_5_shot.json' gespeichert.
File: NCT02721017_exc 

Das File: /work/eauten2s/ec_criteria_struct/transform_chia/input/half_clinical_trials/NCT02721017_exc.txt wurde erfolgreich geladen.
NCT02721017_exc Done 

Die Daten wurden erfolgreich in '/work/eauten2s/ec_criteria_struct/transform_chia/model_output/Llama-3-70B-Instruct_5_shot/Llama-3-70B-Instruct_NCT02721017_exc_5_shot.json' gespeichert.
File: NCT02721017_inc 

Das File: /work/eauten2s/ec_criteria_struct/transform_chia/input/half_clinical_trials/NCT02721017_inc.txt wurde erfolgreich geladen.
NCT02721017_inc Done 

Die Daten wurden erfolgreich in '/work/eauten2s/ec_criteria_struct/transform_chia/model_output/Llama-3-70B-Instruct_5_shot/Llama-3-70B-Instruct_NCT02721017_inc_5_shot.json' gespeichert.
File: NCT02726009_exc 

Das File: /work/eauten2s/ec_criteria_struct/transform_chia/input/half_clinical_trials/NCT02726009_exc.txt wurde erfolgreich geladen.
NCT02726009_exc Done 

Die Daten wurden erfolgreich in '/work/eauten2s/ec_criteria_struct/transform_chia/model_output/Llama-3-70B-Instruct_5_shot/Llama-3-70B-Instruct_NCT02726009_exc_5_shot.json' gespeichert.
File: NCT02726009_inc 

Das File: /work/eauten2s/ec_criteria_struct/transform_chia/input/half_clinical_trials/NCT02726009_inc.txt wurde erfolgreich geladen.
NCT02726009_inc Done 

Die Daten wurden erfolgreich in '/work/eauten2s/ec_criteria_struct/transform_chia/model_output/Llama-3-70B-Instruct_5_shot/Llama-3-70B-Instruct_NCT02726009_inc_5_shot.json' gespeichert.
File: NCT02731794_exc 

Das File: /work/eauten2s/ec_criteria_struct/transform_chia/input/half_clinical_trials/NCT02731794_exc.txt wurde erfolgreich geladen.
NCT02731794_exc Done 

Die Daten wurden erfolgreich in '/work/eauten2s/ec_criteria_struct/transform_chia/model_output/Llama-3-70B-Instruct_5_shot/Llama-3-70B-Instruct_NCT02731794_exc_5_shot.json' gespeichert.
File: NCT02731794_inc 

Das File: /work/eauten2s/ec_criteria_struct/transform_chia/input/half_clinical_trials/NCT02731794_inc.txt wurde erfolgreich geladen.
NCT02731794_inc Done 

Die Daten wurden erfolgreich in '/work/eauten2s/ec_criteria_struct/transform_chia/model_output/Llama-3-70B-Instruct_5_shot/Llama-3-70B-Instruct_NCT02731794_inc_5_shot.json' gespeichert.
File: NCT02732080_exc 

Das File: /work/eauten2s/ec_criteria_struct/transform_chia/input/half_clinical_trials/NCT02732080_exc.txt wurde erfolgreich geladen.
NCT02732080_exc Done 

Die Daten wurden erfolgreich in '/work/eauten2s/ec_criteria_struct/transform_chia/model_output/Llama-3-70B-Instruct_5_shot/Llama-3-70B-Instruct_NCT02732080_exc_5_shot.json' gespeichert.
File: NCT02732080_inc 

Das File: /work/eauten2s/ec_criteria_struct/transform_chia/input/half_clinical_trials/NCT02732080_inc.txt wurde erfolgreich geladen.
NCT02732080_inc Done 

Die Daten wurden erfolgreich in '/work/eauten2s/ec_criteria_struct/transform_chia/model_output/Llama-3-70B-Instruct_5_shot/Llama-3-70B-Instruct_NCT02732080_inc_5_shot.json' gespeichert.
File: NCT02733159_exc 

Das File: /work/eauten2s/ec_criteria_struct/transform_chia/input/half_clinical_trials/NCT02733159_exc.txt wurde erfolgreich geladen.
NCT02733159_exc Done 

Die Daten wurden erfolgreich in '/work/eauten2s/ec_criteria_struct/transform_chia/model_output/Llama-3-70B-Instruct_5_shot/Llama-3-70B-Instruct_NCT02733159_exc_5_shot.json' gespeichert.
File: NCT02733159_inc 

Das File: /work/eauten2s/ec_criteria_struct/transform_chia/input/half_clinical_trials/NCT02733159_inc.txt wurde erfolgreich geladen.
NCT02733159_inc Done 

Die Daten wurden erfolgreich in '/work/eauten2s/ec_criteria_struct/transform_chia/model_output/Llama-3-70B-Instruct_5_shot/Llama-3-70B-Instruct_NCT02733159_inc_5_shot.json' gespeichert.
File: NCT02734173_exc 

Das File: /work/eauten2s/ec_criteria_struct/transform_chia/input/half_clinical_trials/NCT02734173_exc.txt wurde erfolgreich geladen.
NCT02734173_exc Done 

Die Daten wurden erfolgreich in '/work/eauten2s/ec_criteria_struct/transform_chia/model_output/Llama-3-70B-Instruct_5_shot/Llama-3-70B-Instruct_NCT02734173_exc_5_shot.json' gespeichert.
File: NCT02734173_inc 

Das File: /work/eauten2s/ec_criteria_struct/transform_chia/input/half_clinical_trials/NCT02734173_inc.txt wurde erfolgreich geladen.
NCT02734173_inc Done 

Die Daten wurden erfolgreich in '/work/eauten2s/ec_criteria_struct/transform_chia/model_output/Llama-3-70B-Instruct_5_shot/Llama-3-70B-Instruct_NCT02734173_inc_5_shot.json' gespeichert.
File: NCT02735577_exc 

Das File: /work/eauten2s/ec_criteria_struct/transform_chia/input/half_clinical_trials/NCT02735577_exc.txt wurde erfolgreich geladen.
NCT02735577_exc Done 

Die Daten wurden erfolgreich in '/work/eauten2s/ec_criteria_struct/transform_chia/model_output/Llama-3-70B-Instruct_5_shot/Llama-3-70B-Instruct_NCT02735577_exc_5_shot.json' gespeichert.
File: NCT02735577_inc 

Das File: /work/eauten2s/ec_criteria_struct/transform_chia/input/half_clinical_trials/NCT02735577_inc.txt wurde erfolgreich geladen.
NCT02735577_inc Done 

Die Daten wurden erfolgreich in '/work/eauten2s/ec_criteria_struct/transform_chia/model_output/Llama-3-70B-Instruct_5_shot/Llama-3-70B-Instruct_NCT02735577_inc_5_shot.json' gespeichert.
File: NCT02735902_exc 

Das File: /work/eauten2s/ec_criteria_struct/transform_chia/input/half_clinical_trials/NCT02735902_exc.txt wurde erfolgreich geladen.
NCT02735902_exc Done 

Die Daten wurden erfolgreich in '/work/eauten2s/ec_criteria_struct/transform_chia/model_output/Llama-3-70B-Instruct_5_shot/Llama-3-70B-Instruct_NCT02735902_exc_5_shot.json' gespeichert.
File: NCT02735902_inc 

Das File: /work/eauten2s/ec_criteria_struct/transform_chia/input/half_clinical_trials/NCT02735902_inc.txt wurde erfolgreich geladen.
NCT02735902_inc Done 

Die Daten wurden erfolgreich in '/work/eauten2s/ec_criteria_struct/transform_chia/model_output/Llama-3-70B-Instruct_5_shot/Llama-3-70B-Instruct_NCT02735902_inc_5_shot.json' gespeichert.
File: NCT02739295_exc 

Das File: /work/eauten2s/ec_criteria_struct/transform_chia/input/half_clinical_trials/NCT02739295_exc.txt wurde erfolgreich geladen.
NCT02739295_exc Done 

Die Daten wurden erfolgreich in '/work/eauten2s/ec_criteria_struct/transform_chia/model_output/Llama-3-70B-Instruct_5_shot/Llama-3-70B-Instruct_NCT02739295_exc_5_shot.json' gespeichert.
File: NCT02739295_inc 

Das File: /work/eauten2s/ec_criteria_struct/transform_chia/input/half_clinical_trials/NCT02739295_inc.txt wurde erfolgreich geladen.
NCT02739295_inc Done 

Die Daten wurden erfolgreich in '/work/eauten2s/ec_criteria_struct/transform_chia/model_output/Llama-3-70B-Instruct_5_shot/Llama-3-70B-Instruct_NCT02739295_inc_5_shot.json' gespeichert.
File: NCT02742233_exc 

Das File: /work/eauten2s/ec_criteria_struct/transform_chia/input/half_clinical_trials/NCT02742233_exc.txt wurde erfolgreich geladen.
NCT02742233_exc Done 

Die Daten wurden erfolgreich in '/work/eauten2s/ec_criteria_struct/transform_chia/model_output/Llama-3-70B-Instruct_5_shot/Llama-3-70B-Instruct_NCT02742233_exc_5_shot.json' gespeichert.
File: NCT02742233_inc 

Das File: /work/eauten2s/ec_criteria_struct/transform_chia/input/half_clinical_trials/NCT02742233_inc.txt wurde erfolgreich geladen.
NCT02742233_inc Done 

Die Daten wurden erfolgreich in '/work/eauten2s/ec_criteria_struct/transform_chia/model_output/Llama-3-70B-Instruct_5_shot/Llama-3-70B-Instruct_NCT02742233_inc_5_shot.json' gespeichert.
File: NCT02743598_exc 

Das File: /work/eauten2s/ec_criteria_struct/transform_chia/input/half_clinical_trials/NCT02743598_exc.txt wurde erfolgreich geladen.
NCT02743598_exc Done 

Die Daten wurden erfolgreich in '/work/eauten2s/ec_criteria_struct/transform_chia/model_output/Llama-3-70B-Instruct_5_shot/Llama-3-70B-Instruct_NCT02743598_exc_5_shot.json' gespeichert.
File: NCT02743598_inc 

Das File: /work/eauten2s/ec_criteria_struct/transform_chia/input/half_clinical_trials/NCT02743598_inc.txt wurde erfolgreich geladen.
NCT02743598_inc Done 

Die Daten wurden erfolgreich in '/work/eauten2s/ec_criteria_struct/transform_chia/model_output/Llama-3-70B-Instruct_5_shot/Llama-3-70B-Instruct_NCT02743598_inc_5_shot.json' gespeichert.
File: NCT02744976_exc 

Das File: /work/eauten2s/ec_criteria_struct/transform_chia/input/half_clinical_trials/NCT02744976_exc.txt wurde erfolgreich geladen.
NCT02744976_exc Done 

Die Daten wurden erfolgreich in '/work/eauten2s/ec_criteria_struct/transform_chia/model_output/Llama-3-70B-Instruct_5_shot/Llama-3-70B-Instruct_NCT02744976_exc_5_shot.json' gespeichert.
File: NCT02744976_inc 

Das File: /work/eauten2s/ec_criteria_struct/transform_chia/input/half_clinical_trials/NCT02744976_inc.txt wurde erfolgreich geladen.
NCT02744976_inc Done 

Die Daten wurden erfolgreich in '/work/eauten2s/ec_criteria_struct/transform_chia/model_output/Llama-3-70B-Instruct_5_shot/Llama-3-70B-Instruct_NCT02744976_inc_5_shot.json' gespeichert.
File: NCT02745704_exc 

Das File: /work/eauten2s/ec_criteria_struct/transform_chia/input/half_clinical_trials/NCT02745704_exc.txt wurde erfolgreich geladen.
NCT02745704_exc Done 

Die Daten wurden erfolgreich in '/work/eauten2s/ec_criteria_struct/transform_chia/model_output/Llama-3-70B-Instruct_5_shot/Llama-3-70B-Instruct_NCT02745704_exc_5_shot.json' gespeichert.
File: NCT02745704_inc 

Das File: /work/eauten2s/ec_criteria_struct/transform_chia/input/half_clinical_trials/NCT02745704_inc.txt wurde erfolgreich geladen.
NCT02745704_inc Done 

Die Daten wurden erfolgreich in '/work/eauten2s/ec_criteria_struct/transform_chia/model_output/Llama-3-70B-Instruct_5_shot/Llama-3-70B-Instruct_NCT02745704_inc_5_shot.json' gespeichert.
File: NCT02746900_exc 

Das File: /work/eauten2s/ec_criteria_struct/transform_chia/input/half_clinical_trials/NCT02746900_exc.txt wurde erfolgreich geladen.
NCT02746900_exc Done 

Die Daten wurden erfolgreich in '/work/eauten2s/ec_criteria_struct/transform_chia/model_output/Llama-3-70B-Instruct_5_shot/Llama-3-70B-Instruct_NCT02746900_exc_5_shot.json' gespeichert.
File: NCT02746900_inc 

Das File: /work/eauten2s/ec_criteria_struct/transform_chia/input/half_clinical_trials/NCT02746900_inc.txt wurde erfolgreich geladen.
NCT02746900_inc Done 

Die Daten wurden erfolgreich in '/work/eauten2s/ec_criteria_struct/transform_chia/model_output/Llama-3-70B-Instruct_5_shot/Llama-3-70B-Instruct_NCT02746900_inc_5_shot.json' gespeichert.
File: NCT02747940_exc 

Das File: /work/eauten2s/ec_criteria_struct/transform_chia/input/half_clinical_trials/NCT02747940_exc.txt wurde erfolgreich geladen.
NCT02747940_exc Done 

Die Daten wurden erfolgreich in '/work/eauten2s/ec_criteria_struct/transform_chia/model_output/Llama-3-70B-Instruct_5_shot/Llama-3-70B-Instruct_NCT02747940_exc_5_shot.json' gespeichert.
File: NCT02747940_inc 

Das File: /work/eauten2s/ec_criteria_struct/transform_chia/input/half_clinical_trials/NCT02747940_inc.txt wurde erfolgreich geladen.
NCT02747940_inc Done 

Die Daten wurden erfolgreich in '/work/eauten2s/ec_criteria_struct/transform_chia/model_output/Llama-3-70B-Instruct_5_shot/Llama-3-70B-Instruct_NCT02747940_inc_5_shot.json' gespeichert.
File: NCT02748330_exc 

Das File: /work/eauten2s/ec_criteria_struct/transform_chia/input/half_clinical_trials/NCT02748330_exc.txt wurde erfolgreich geladen.
NCT02748330_exc Done 

Die Daten wurden erfolgreich in '/work/eauten2s/ec_criteria_struct/transform_chia/model_output/Llama-3-70B-Instruct_5_shot/Llama-3-70B-Instruct_NCT02748330_exc_5_shot.json' gespeichert.
File: NCT02748330_inc 

Das File: /work/eauten2s/ec_criteria_struct/transform_chia/input/half_clinical_trials/NCT02748330_inc.txt wurde erfolgreich geladen.
NCT02748330_inc Done 

Die Daten wurden erfolgreich in '/work/eauten2s/ec_criteria_struct/transform_chia/model_output/Llama-3-70B-Instruct_5_shot/Llama-3-70B-Instruct_NCT02748330_inc_5_shot.json' gespeichert.
File: NCT02749617_exc 

Das File: /work/eauten2s/ec_criteria_struct/transform_chia/input/half_clinical_trials/NCT02749617_exc.txt wurde erfolgreich geladen.
NCT02749617_exc Done 

Die Daten wurden erfolgreich in '/work/eauten2s/ec_criteria_struct/transform_chia/model_output/Llama-3-70B-Instruct_5_shot/Llama-3-70B-Instruct_NCT02749617_exc_5_shot.json' gespeichert.
File: NCT02749617_inc 

Das File: /work/eauten2s/ec_criteria_struct/transform_chia/input/half_clinical_trials/NCT02749617_inc.txt wurde erfolgreich geladen.
NCT02749617_inc Done 

Die Daten wurden erfolgreich in '/work/eauten2s/ec_criteria_struct/transform_chia/model_output/Llama-3-70B-Instruct_5_shot/Llama-3-70B-Instruct_NCT02749617_inc_5_shot.json' gespeichert.
File: NCT02754583_exc 

Das File: /work/eauten2s/ec_criteria_struct/transform_chia/input/half_clinical_trials/NCT02754583_exc.txt wurde erfolgreich geladen.
NCT02754583_exc Done 

Die Daten wurden erfolgreich in '/work/eauten2s/ec_criteria_struct/transform_chia/model_output/Llama-3-70B-Instruct_5_shot/Llama-3-70B-Instruct_NCT02754583_exc_5_shot.json' gespeichert.
File: NCT02754583_inc 

Das File: /work/eauten2s/ec_criteria_struct/transform_chia/input/half_clinical_trials/NCT02754583_inc.txt wurde erfolgreich geladen.
NCT02754583_inc Done 

Die Daten wurden erfolgreich in '/work/eauten2s/ec_criteria_struct/transform_chia/model_output/Llama-3-70B-Instruct_5_shot/Llama-3-70B-Instruct_NCT02754583_inc_5_shot.json' gespeichert.
File: NCT02755701_exc 

Das File: /work/eauten2s/ec_criteria_struct/transform_chia/input/half_clinical_trials/NCT02755701_exc.txt wurde erfolgreich geladen.
NCT02755701_exc Done 

Die Daten wurden erfolgreich in '/work/eauten2s/ec_criteria_struct/transform_chia/model_output/Llama-3-70B-Instruct_5_shot/Llama-3-70B-Instruct_NCT02755701_exc_5_shot.json' gespeichert.
File: NCT02755701_inc 

Das File: /work/eauten2s/ec_criteria_struct/transform_chia/input/half_clinical_trials/NCT02755701_inc.txt wurde erfolgreich geladen.
NCT02755701_inc Done 

Die Daten wurden erfolgreich in '/work/eauten2s/ec_criteria_struct/transform_chia/model_output/Llama-3-70B-Instruct_5_shot/Llama-3-70B-Instruct_NCT02755701_inc_5_shot.json' gespeichert.
File: NCT02759861_exc 

Das File: /work/eauten2s/ec_criteria_struct/transform_chia/input/half_clinical_trials/NCT02759861_exc.txt wurde erfolgreich geladen.
NCT02759861_exc Done 

Die Daten wurden erfolgreich in '/work/eauten2s/ec_criteria_struct/transform_chia/model_output/Llama-3-70B-Instruct_5_shot/Llama-3-70B-Instruct_NCT02759861_exc_5_shot.json' gespeichert.
File: NCT02759861_inc 

Das File: /work/eauten2s/ec_criteria_struct/transform_chia/input/half_clinical_trials/NCT02759861_inc.txt wurde erfolgreich geladen.
NCT02759861_inc Done 

Die Daten wurden erfolgreich in '/work/eauten2s/ec_criteria_struct/transform_chia/model_output/Llama-3-70B-Instruct_5_shot/Llama-3-70B-Instruct_NCT02759861_inc_5_shot.json' gespeichert.
File: NCT02760251_exc 

Das File: /work/eauten2s/ec_criteria_struct/transform_chia/input/half_clinical_trials/NCT02760251_exc.txt wurde erfolgreich geladen.
NCT02760251_exc Done 

Die Daten wurden erfolgreich in '/work/eauten2s/ec_criteria_struct/transform_chia/model_output/Llama-3-70B-Instruct_5_shot/Llama-3-70B-Instruct_NCT02760251_exc_5_shot.json' gespeichert.
File: NCT02760251_inc 

Das File: /work/eauten2s/ec_criteria_struct/transform_chia/input/half_clinical_trials/NCT02760251_inc.txt wurde erfolgreich geladen.
NCT02760251_inc Done 

Die Daten wurden erfolgreich in '/work/eauten2s/ec_criteria_struct/transform_chia/model_output/Llama-3-70B-Instruct_5_shot/Llama-3-70B-Instruct_NCT02760251_inc_5_shot.json' gespeichert.
File: NCT02760459_exc 

Das File: /work/eauten2s/ec_criteria_struct/transform_chia/input/half_clinical_trials/NCT02760459_exc.txt wurde erfolgreich geladen.
NCT02760459_exc Done 

Die Daten wurden erfolgreich in '/work/eauten2s/ec_criteria_struct/transform_chia/model_output/Llama-3-70B-Instruct_5_shot/Llama-3-70B-Instruct_NCT02760459_exc_5_shot.json' gespeichert.
File: NCT02760459_inc 

Das File: /work/eauten2s/ec_criteria_struct/transform_chia/input/half_clinical_trials/NCT02760459_inc.txt wurde erfolgreich geladen.
NCT02760459_inc Done 

Die Daten wurden erfolgreich in '/work/eauten2s/ec_criteria_struct/transform_chia/model_output/Llama-3-70B-Instruct_5_shot/Llama-3-70B-Instruct_NCT02760459_inc_5_shot.json' gespeichert.
File: NCT02762851_exc 

Das File: /work/eauten2s/ec_criteria_struct/transform_chia/input/half_clinical_trials/NCT02762851_exc.txt wurde erfolgreich geladen.
NCT02762851_exc Done 

Die Daten wurden erfolgreich in '/work/eauten2s/ec_criteria_struct/transform_chia/model_output/Llama-3-70B-Instruct_5_shot/Llama-3-70B-Instruct_NCT02762851_exc_5_shot.json' gespeichert.
File: NCT02762851_inc 

Das File: /work/eauten2s/ec_criteria_struct/transform_chia/input/half_clinical_trials/NCT02762851_inc.txt wurde erfolgreich geladen.
NCT02762851_inc Done 

Die Daten wurden erfolgreich in '/work/eauten2s/ec_criteria_struct/transform_chia/model_output/Llama-3-70B-Instruct_5_shot/Llama-3-70B-Instruct_NCT02762851_inc_5_shot.json' gespeichert.
File: NCT02763007_exc 

Das File: /work/eauten2s/ec_criteria_struct/transform_chia/input/half_clinical_trials/NCT02763007_exc.txt wurde erfolgreich geladen.
NCT02763007_exc Done 

Die Daten wurden erfolgreich in '/work/eauten2s/ec_criteria_struct/transform_chia/model_output/Llama-3-70B-Instruct_5_shot/Llama-3-70B-Instruct_NCT02763007_exc_5_shot.json' gespeichert.
File: NCT02763007_inc 

Das File: /work/eauten2s/ec_criteria_struct/transform_chia/input/half_clinical_trials/NCT02763007_inc.txt wurde erfolgreich geladen.
NCT02763007_inc Done 

Die Daten wurden erfolgreich in '/work/eauten2s/ec_criteria_struct/transform_chia/model_output/Llama-3-70B-Instruct_5_shot/Llama-3-70B-Instruct_NCT02763007_inc_5_shot.json' gespeichert.
File: NCT02764476_exc 

Das File: /work/eauten2s/ec_criteria_struct/transform_chia/input/half_clinical_trials/NCT02764476_exc.txt wurde erfolgreich geladen.
NCT02764476_exc Done 

Die Daten wurden erfolgreich in '/work/eauten2s/ec_criteria_struct/transform_chia/model_output/Llama-3-70B-Instruct_5_shot/Llama-3-70B-Instruct_NCT02764476_exc_5_shot.json' gespeichert.
File: NCT02764476_inc 

Das File: /work/eauten2s/ec_criteria_struct/transform_chia/input/half_clinical_trials/NCT02764476_inc.txt wurde erfolgreich geladen.
NCT02764476_inc Done 

Die Daten wurden erfolgreich in '/work/eauten2s/ec_criteria_struct/transform_chia/model_output/Llama-3-70B-Instruct_5_shot/Llama-3-70B-Instruct_NCT02764476_inc_5_shot.json' gespeichert.
File: NCT02765035_exc 

Das File: /work/eauten2s/ec_criteria_struct/transform_chia/input/half_clinical_trials/NCT02765035_exc.txt wurde erfolgreich geladen.
NCT02765035_exc Done 

Die Daten wurden erfolgreich in '/work/eauten2s/ec_criteria_struct/transform_chia/model_output/Llama-3-70B-Instruct_5_shot/Llama-3-70B-Instruct_NCT02765035_exc_5_shot.json' gespeichert.
File: NCT02765035_inc 

Das File: /work/eauten2s/ec_criteria_struct/transform_chia/input/half_clinical_trials/NCT02765035_inc.txt wurde erfolgreich geladen.
NCT02765035_inc Done 

Die Daten wurden erfolgreich in '/work/eauten2s/ec_criteria_struct/transform_chia/model_output/Llama-3-70B-Instruct_5_shot/Llama-3-70B-Instruct_NCT02765035_inc_5_shot.json' gespeichert.
File: NCT02765217_exc 

Das File: /work/eauten2s/ec_criteria_struct/transform_chia/input/half_clinical_trials/NCT02765217_exc.txt wurde erfolgreich geladen.
NCT02765217_exc Done 

Die Daten wurden erfolgreich in '/work/eauten2s/ec_criteria_struct/transform_chia/model_output/Llama-3-70B-Instruct_5_shot/Llama-3-70B-Instruct_NCT02765217_exc_5_shot.json' gespeichert.
File: NCT02765217_inc 

Das File: /work/eauten2s/ec_criteria_struct/transform_chia/input/half_clinical_trials/NCT02765217_inc.txt wurde erfolgreich geladen.
NCT02765217_inc Done 

Die Daten wurden erfolgreich in '/work/eauten2s/ec_criteria_struct/transform_chia/model_output/Llama-3-70B-Instruct_5_shot/Llama-3-70B-Instruct_NCT02765217_inc_5_shot.json' gespeichert.
File: NCT02766530_exc 

Das File: /work/eauten2s/ec_criteria_struct/transform_chia/input/half_clinical_trials/NCT02766530_exc.txt wurde erfolgreich geladen.
NCT02766530_exc Done 

Die Daten wurden erfolgreich in '/work/eauten2s/ec_criteria_struct/transform_chia/model_output/Llama-3-70B-Instruct_5_shot/Llama-3-70B-Instruct_NCT02766530_exc_5_shot.json' gespeichert.
File: NCT02766530_inc 

Das File: /work/eauten2s/ec_criteria_struct/transform_chia/input/half_clinical_trials/NCT02766530_inc.txt wurde erfolgreich geladen.
NCT02766530_inc Done 

Die Daten wurden erfolgreich in '/work/eauten2s/ec_criteria_struct/transform_chia/model_output/Llama-3-70B-Instruct_5_shot/Llama-3-70B-Instruct_NCT02766530_inc_5_shot.json' gespeichert.
File: NCT02773173_exc 

Das File: /work/eauten2s/ec_criteria_struct/transform_chia/input/half_clinical_trials/NCT02773173_exc.txt wurde erfolgreich geladen.
NCT02773173_exc Done 

Die Daten wurden erfolgreich in '/work/eauten2s/ec_criteria_struct/transform_chia/model_output/Llama-3-70B-Instruct_5_shot/Llama-3-70B-Instruct_NCT02773173_exc_5_shot.json' gespeichert.
File: NCT02773173_inc 

Das File: /work/eauten2s/ec_criteria_struct/transform_chia/input/half_clinical_trials/NCT02773173_inc.txt wurde erfolgreich geladen.
NCT02773173_inc Done 

Die Daten wurden erfolgreich in '/work/eauten2s/ec_criteria_struct/transform_chia/model_output/Llama-3-70B-Instruct_5_shot/Llama-3-70B-Instruct_NCT02773173_inc_5_shot.json' gespeichert.
File: NCT02774317_exc 

Das File: /work/eauten2s/ec_criteria_struct/transform_chia/input/half_clinical_trials/NCT02774317_exc.txt wurde erfolgreich geladen.
NCT02774317_exc Done 

Die Daten wurden erfolgreich in '/work/eauten2s/ec_criteria_struct/transform_chia/model_output/Llama-3-70B-Instruct_5_shot/Llama-3-70B-Instruct_NCT02774317_exc_5_shot.json' gespeichert.
File: NCT02774317_inc 

Das File: /work/eauten2s/ec_criteria_struct/transform_chia/input/half_clinical_trials/NCT02774317_inc.txt wurde erfolgreich geladen.
NCT02774317_inc Done 

Die Daten wurden erfolgreich in '/work/eauten2s/ec_criteria_struct/transform_chia/model_output/Llama-3-70B-Instruct_5_shot/Llama-3-70B-Instruct_NCT02774317_inc_5_shot.json' gespeichert.
File: NCT02777424_exc 

Das File: /work/eauten2s/ec_criteria_struct/transform_chia/input/half_clinical_trials/NCT02777424_exc.txt wurde erfolgreich geladen.
NCT02777424_exc Done 

Die Daten wurden erfolgreich in '/work/eauten2s/ec_criteria_struct/transform_chia/model_output/Llama-3-70B-Instruct_5_shot/Llama-3-70B-Instruct_NCT02777424_exc_5_shot.json' gespeichert.
File: NCT02777424_inc 

Das File: /work/eauten2s/ec_criteria_struct/transform_chia/input/half_clinical_trials/NCT02777424_inc.txt wurde erfolgreich geladen.
NCT02777424_inc Done 

Die Daten wurden erfolgreich in '/work/eauten2s/ec_criteria_struct/transform_chia/model_output/Llama-3-70B-Instruct_5_shot/Llama-3-70B-Instruct_NCT02777424_inc_5_shot.json' gespeichert.
File: NCT02777580_exc 

Das File: /work/eauten2s/ec_criteria_struct/transform_chia/input/half_clinical_trials/NCT02777580_exc.txt wurde erfolgreich geladen.
NCT02777580_exc Done 

Die Daten wurden erfolgreich in '/work/eauten2s/ec_criteria_struct/transform_chia/model_output/Llama-3-70B-Instruct_5_shot/Llama-3-70B-Instruct_NCT02777580_exc_5_shot.json' gespeichert.
File: NCT02777580_inc 

Das File: /work/eauten2s/ec_criteria_struct/transform_chia/input/half_clinical_trials/NCT02777580_inc.txt wurde erfolgreich geladen.
NCT02777580_inc Done 

Die Daten wurden erfolgreich in '/work/eauten2s/ec_criteria_struct/transform_chia/model_output/Llama-3-70B-Instruct_5_shot/Llama-3-70B-Instruct_NCT02777580_inc_5_shot.json' gespeichert.
File: NCT02779374_exc 

Das File: /work/eauten2s/ec_criteria_struct/transform_chia/input/half_clinical_trials/NCT02779374_exc.txt wurde erfolgreich geladen.
NCT02779374_exc Done 

Die Daten wurden erfolgreich in '/work/eauten2s/ec_criteria_struct/transform_chia/model_output/Llama-3-70B-Instruct_5_shot/Llama-3-70B-Instruct_NCT02779374_exc_5_shot.json' gespeichert.
File: NCT02779374_inc 

Das File: /work/eauten2s/ec_criteria_struct/transform_chia/input/half_clinical_trials/NCT02779374_inc.txt wurde erfolgreich geladen.
NCT02779374_inc Done 

Die Daten wurden erfolgreich in '/work/eauten2s/ec_criteria_struct/transform_chia/model_output/Llama-3-70B-Instruct_5_shot/Llama-3-70B-Instruct_NCT02779374_inc_5_shot.json' gespeichert.
File: NCT02780427_exc 

Das File: /work/eauten2s/ec_criteria_struct/transform_chia/input/half_clinical_trials/NCT02780427_exc.txt wurde erfolgreich geladen.
NCT02780427_exc Done 

Die Daten wurden erfolgreich in '/work/eauten2s/ec_criteria_struct/transform_chia/model_output/Llama-3-70B-Instruct_5_shot/Llama-3-70B-Instruct_NCT02780427_exc_5_shot.json' gespeichert.
File: NCT02780427_inc 

Das File: /work/eauten2s/ec_criteria_struct/transform_chia/input/half_clinical_trials/NCT02780427_inc.txt wurde erfolgreich geladen.
NCT02780427_inc Done 

Die Daten wurden erfolgreich in '/work/eauten2s/ec_criteria_struct/transform_chia/model_output/Llama-3-70B-Instruct_5_shot/Llama-3-70B-Instruct_NCT02780427_inc_5_shot.json' gespeichert.
File: NCT02781610_exc 

Das File: /work/eauten2s/ec_criteria_struct/transform_chia/input/half_clinical_trials/NCT02781610_exc.txt wurde erfolgreich geladen.
NCT02781610_exc Done 

Die Daten wurden erfolgreich in '/work/eauten2s/ec_criteria_struct/transform_chia/model_output/Llama-3-70B-Instruct_5_shot/Llama-3-70B-Instruct_NCT02781610_exc_5_shot.json' gespeichert.
File: NCT02781610_inc 

Das File: /work/eauten2s/ec_criteria_struct/transform_chia/input/half_clinical_trials/NCT02781610_inc.txt wurde erfolgreich geladen.
NCT02781610_inc Done 

Die Daten wurden erfolgreich in '/work/eauten2s/ec_criteria_struct/transform_chia/model_output/Llama-3-70B-Instruct_5_shot/Llama-3-70B-Instruct_NCT02781610_inc_5_shot.json' gespeichert.
File: NCT02782702_exc 

Das File: /work/eauten2s/ec_criteria_struct/transform_chia/input/half_clinical_trials/NCT02782702_exc.txt wurde erfolgreich geladen.
NCT02782702_exc Done 

Die Daten wurden erfolgreich in '/work/eauten2s/ec_criteria_struct/transform_chia/model_output/Llama-3-70B-Instruct_5_shot/Llama-3-70B-Instruct_NCT02782702_exc_5_shot.json' gespeichert.
File: NCT02782702_inc 

Das File: /work/eauten2s/ec_criteria_struct/transform_chia/input/half_clinical_trials/NCT02782702_inc.txt wurde erfolgreich geladen.
NCT02782702_inc Done 

Die Daten wurden erfolgreich in '/work/eauten2s/ec_criteria_struct/transform_chia/model_output/Llama-3-70B-Instruct_5_shot/Llama-3-70B-Instruct_NCT02782702_inc_5_shot.json' gespeichert.
File: NCT02783859_exc 

Das File: /work/eauten2s/ec_criteria_struct/transform_chia/input/half_clinical_trials/NCT02783859_exc.txt wurde erfolgreich geladen.
NCT02783859_exc Done 

Die Daten wurden erfolgreich in '/work/eauten2s/ec_criteria_struct/transform_chia/model_output/Llama-3-70B-Instruct_5_shot/Llama-3-70B-Instruct_NCT02783859_exc_5_shot.json' gespeichert.
File: NCT02783859_inc 

Das File: /work/eauten2s/ec_criteria_struct/transform_chia/input/half_clinical_trials/NCT02783859_inc.txt wurde erfolgreich geladen.
NCT02783859_inc Done 

Die Daten wurden erfolgreich in '/work/eauten2s/ec_criteria_struct/transform_chia/model_output/Llama-3-70B-Instruct_5_shot/Llama-3-70B-Instruct_NCT02783859_inc_5_shot.json' gespeichert.
File: NCT02785549_exc 

Das File: /work/eauten2s/ec_criteria_struct/transform_chia/input/half_clinical_trials/NCT02785549_exc.txt wurde erfolgreich geladen.
NCT02785549_exc Done 

Die Daten wurden erfolgreich in '/work/eauten2s/ec_criteria_struct/transform_chia/model_output/Llama-3-70B-Instruct_5_shot/Llama-3-70B-Instruct_NCT02785549_exc_5_shot.json' gespeichert.
File: NCT02785549_inc 

Das File: /work/eauten2s/ec_criteria_struct/transform_chia/input/half_clinical_trials/NCT02785549_inc.txt wurde erfolgreich geladen.
NCT02785549_inc Done 

Die Daten wurden erfolgreich in '/work/eauten2s/ec_criteria_struct/transform_chia/model_output/Llama-3-70B-Instruct_5_shot/Llama-3-70B-Instruct_NCT02785549_inc_5_shot.json' gespeichert.
File: NCT02787070_exc 

Das File: /work/eauten2s/ec_criteria_struct/transform_chia/input/half_clinical_trials/NCT02787070_exc.txt wurde erfolgreich geladen.
NCT02787070_exc Done 

Die Daten wurden erfolgreich in '/work/eauten2s/ec_criteria_struct/transform_chia/model_output/Llama-3-70B-Instruct_5_shot/Llama-3-70B-Instruct_NCT02787070_exc_5_shot.json' gespeichert.
File: NCT02787070_inc 

Das File: /work/eauten2s/ec_criteria_struct/transform_chia/input/half_clinical_trials/NCT02787070_inc.txt wurde erfolgreich geladen.
NCT02787070_inc Done 

Die Daten wurden erfolgreich in '/work/eauten2s/ec_criteria_struct/transform_chia/model_output/Llama-3-70B-Instruct_5_shot/Llama-3-70B-Instruct_NCT02787070_inc_5_shot.json' gespeichert.
File: NCT02787863_exc 

Das File: /work/eauten2s/ec_criteria_struct/transform_chia/input/half_clinical_trials/NCT02787863_exc.txt wurde erfolgreich geladen.
NCT02787863_exc Done 

Die Daten wurden erfolgreich in '/work/eauten2s/ec_criteria_struct/transform_chia/model_output/Llama-3-70B-Instruct_5_shot/Llama-3-70B-Instruct_NCT02787863_exc_5_shot.json' gespeichert.
File: NCT02787863_inc 

Das File: /work/eauten2s/ec_criteria_struct/transform_chia/input/half_clinical_trials/NCT02787863_inc.txt wurde erfolgreich geladen.
NCT02787863_inc Done 

Die Daten wurden erfolgreich in '/work/eauten2s/ec_criteria_struct/transform_chia/model_output/Llama-3-70B-Instruct_5_shot/Llama-3-70B-Instruct_NCT02787863_inc_5_shot.json' gespeichert.
File: NCT02788045_exc 

Das File: /work/eauten2s/ec_criteria_struct/transform_chia/input/half_clinical_trials/NCT02788045_exc.txt wurde erfolgreich geladen.
NCT02788045_exc Done 

Die Daten wurden erfolgreich in '/work/eauten2s/ec_criteria_struct/transform_chia/model_output/Llama-3-70B-Instruct_5_shot/Llama-3-70B-Instruct_NCT02788045_exc_5_shot.json' gespeichert.
File: NCT02788045_inc 

Das File: /work/eauten2s/ec_criteria_struct/transform_chia/input/half_clinical_trials/NCT02788045_inc.txt wurde erfolgreich geladen.
NCT02788045_inc Done 

Die Daten wurden erfolgreich in '/work/eauten2s/ec_criteria_struct/transform_chia/model_output/Llama-3-70B-Instruct_5_shot/Llama-3-70B-Instruct_NCT02788045_inc_5_shot.json' gespeichert.
File: NCT02789111_exc 

Das File: /work/eauten2s/ec_criteria_struct/transform_chia/input/half_clinical_trials/NCT02789111_exc.txt wurde erfolgreich geladen.
NCT02789111_exc Done 

Die Daten wurden erfolgreich in '/work/eauten2s/ec_criteria_struct/transform_chia/model_output/Llama-3-70B-Instruct_5_shot/Llama-3-70B-Instruct_NCT02789111_exc_5_shot.json' gespeichert.
File: NCT02789111_inc 

Das File: /work/eauten2s/ec_criteria_struct/transform_chia/input/half_clinical_trials/NCT02789111_inc.txt wurde erfolgreich geladen.
NCT02789111_inc Done 

Die Daten wurden erfolgreich in '/work/eauten2s/ec_criteria_struct/transform_chia/model_output/Llama-3-70B-Instruct_5_shot/Llama-3-70B-Instruct_NCT02789111_inc_5_shot.json' gespeichert.
File: NCT02790593_exc 

Das File: /work/eauten2s/ec_criteria_struct/transform_chia/input/half_clinical_trials/NCT02790593_exc.txt wurde erfolgreich geladen.
NCT02790593_exc Done 

Die Daten wurden erfolgreich in '/work/eauten2s/ec_criteria_struct/transform_chia/model_output/Llama-3-70B-Instruct_5_shot/Llama-3-70B-Instruct_NCT02790593_exc_5_shot.json' gespeichert.
File: NCT02790593_inc 

Das File: /work/eauten2s/ec_criteria_struct/transform_chia/input/half_clinical_trials/NCT02790593_inc.txt wurde erfolgreich geladen.
NCT02790593_inc Done 

Die Daten wurden erfolgreich in '/work/eauten2s/ec_criteria_struct/transform_chia/model_output/Llama-3-70B-Instruct_5_shot/Llama-3-70B-Instruct_NCT02790593_inc_5_shot.json' gespeichert.
File: NCT02796378_exc 

Das File: /work/eauten2s/ec_criteria_struct/transform_chia/input/half_clinical_trials/NCT02796378_exc.txt wurde erfolgreich geladen.
NCT02796378_exc Done 

Die Daten wurden erfolgreich in '/work/eauten2s/ec_criteria_struct/transform_chia/model_output/Llama-3-70B-Instruct_5_shot/Llama-3-70B-Instruct_NCT02796378_exc_5_shot.json' gespeichert.
File: NCT02796378_inc 

Das File: /work/eauten2s/ec_criteria_struct/transform_chia/input/half_clinical_trials/NCT02796378_inc.txt wurde erfolgreich geladen.
NCT02796378_inc Done 

Die Daten wurden erfolgreich in '/work/eauten2s/ec_criteria_struct/transform_chia/model_output/Llama-3-70B-Instruct_5_shot/Llama-3-70B-Instruct_NCT02796378_inc_5_shot.json' gespeichert.
File: NCT02797548_exc 

Das File: /work/eauten2s/ec_criteria_struct/transform_chia/input/half_clinical_trials/NCT02797548_exc.txt wurde erfolgreich geladen.
NCT02797548_exc Done 

Die Daten wurden erfolgreich in '/work/eauten2s/ec_criteria_struct/transform_chia/model_output/Llama-3-70B-Instruct_5_shot/Llama-3-70B-Instruct_NCT02797548_exc_5_shot.json' gespeichert.
File: NCT02797548_inc 

Das File: /work/eauten2s/ec_criteria_struct/transform_chia/input/half_clinical_trials/NCT02797548_inc.txt wurde erfolgreich geladen.
NCT02797548_inc Done 

Die Daten wurden erfolgreich in '/work/eauten2s/ec_criteria_struct/transform_chia/model_output/Llama-3-70B-Instruct_5_shot/Llama-3-70B-Instruct_NCT02797548_inc_5_shot.json' gespeichert.
File: NCT02798237_exc 

Das File: /work/eauten2s/ec_criteria_struct/transform_chia/input/half_clinical_trials/NCT02798237_exc.txt wurde erfolgreich geladen.
NCT02798237_exc Done 

Die Daten wurden erfolgreich in '/work/eauten2s/ec_criteria_struct/transform_chia/model_output/Llama-3-70B-Instruct_5_shot/Llama-3-70B-Instruct_NCT02798237_exc_5_shot.json' gespeichert.
File: NCT02798237_inc 

Das File: /work/eauten2s/ec_criteria_struct/transform_chia/input/half_clinical_trials/NCT02798237_inc.txt wurde erfolgreich geladen.
NCT02798237_inc Done 

Die Daten wurden erfolgreich in '/work/eauten2s/ec_criteria_struct/transform_chia/model_output/Llama-3-70B-Instruct_5_shot/Llama-3-70B-Instruct_NCT02798237_inc_5_shot.json' gespeichert.
File: NCT02802644_exc 

Das File: /work/eauten2s/ec_criteria_struct/transform_chia/input/half_clinical_trials/NCT02802644_exc.txt wurde erfolgreich geladen.
NCT02802644_exc Done 

Die Daten wurden erfolgreich in '/work/eauten2s/ec_criteria_struct/transform_chia/model_output/Llama-3-70B-Instruct_5_shot/Llama-3-70B-Instruct_NCT02802644_exc_5_shot.json' gespeichert.
File: NCT02802644_inc 

Das File: /work/eauten2s/ec_criteria_struct/transform_chia/input/half_clinical_trials/NCT02802644_inc.txt wurde erfolgreich geladen.
NCT02802644_inc Done 

Die Daten wurden erfolgreich in '/work/eauten2s/ec_criteria_struct/transform_chia/model_output/Llama-3-70B-Instruct_5_shot/Llama-3-70B-Instruct_NCT02802644_inc_5_shot.json' gespeichert.
File: NCT02804126_exc 

Das File: /work/eauten2s/ec_criteria_struct/transform_chia/input/half_clinical_trials/NCT02804126_exc.txt wurde erfolgreich geladen.
NCT02804126_exc Done 

Die Daten wurden erfolgreich in '/work/eauten2s/ec_criteria_struct/transform_chia/model_output/Llama-3-70B-Instruct_5_shot/Llama-3-70B-Instruct_NCT02804126_exc_5_shot.json' gespeichert.
File: NCT02804126_inc 

Das File: /work/eauten2s/ec_criteria_struct/transform_chia/input/half_clinical_trials/NCT02804126_inc.txt wurde erfolgreich geladen.
NCT02804126_inc Done 

Die Daten wurden erfolgreich in '/work/eauten2s/ec_criteria_struct/transform_chia/model_output/Llama-3-70B-Instruct_5_shot/Llama-3-70B-Instruct_NCT02804126_inc_5_shot.json' gespeichert.
File: NCT02804646_exc 

Das File: /work/eauten2s/ec_criteria_struct/transform_chia/input/half_clinical_trials/NCT02804646_exc.txt wurde erfolgreich geladen.
NCT02804646_exc Done 

Die Daten wurden erfolgreich in '/work/eauten2s/ec_criteria_struct/transform_chia/model_output/Llama-3-70B-Instruct_5_shot/Llama-3-70B-Instruct_NCT02804646_exc_5_shot.json' gespeichert.
File: NCT02804646_inc 

Das File: /work/eauten2s/ec_criteria_struct/transform_chia/input/half_clinical_trials/NCT02804646_inc.txt wurde erfolgreich geladen.
NCT02804646_inc Done 

Die Daten wurden erfolgreich in '/work/eauten2s/ec_criteria_struct/transform_chia/model_output/Llama-3-70B-Instruct_5_shot/Llama-3-70B-Instruct_NCT02804646_inc_5_shot.json' gespeichert.
File: NCT02805504_exc 

Das File: /work/eauten2s/ec_criteria_struct/transform_chia/input/half_clinical_trials/NCT02805504_exc.txt wurde erfolgreich geladen.
NCT02805504_exc Done 

Die Daten wurden erfolgreich in '/work/eauten2s/ec_criteria_struct/transform_chia/model_output/Llama-3-70B-Instruct_5_shot/Llama-3-70B-Instruct_NCT02805504_exc_5_shot.json' gespeichert.
File: NCT02805504_inc 

Das File: /work/eauten2s/ec_criteria_struct/transform_chia/input/half_clinical_trials/NCT02805504_inc.txt wurde erfolgreich geladen.
NCT02805504_inc Done 

Die Daten wurden erfolgreich in '/work/eauten2s/ec_criteria_struct/transform_chia/model_output/Llama-3-70B-Instruct_5_shot/Llama-3-70B-Instruct_NCT02805504_inc_5_shot.json' gespeichert.
File: NCT02807857_exc 

Das File: /work/eauten2s/ec_criteria_struct/transform_chia/input/half_clinical_trials/NCT02807857_exc.txt wurde erfolgreich geladen.
NCT02807857_exc Done 

Die Daten wurden erfolgreich in '/work/eauten2s/ec_criteria_struct/transform_chia/model_output/Llama-3-70B-Instruct_5_shot/Llama-3-70B-Instruct_NCT02807857_exc_5_shot.json' gespeichert.
File: NCT02807857_inc 

Das File: /work/eauten2s/ec_criteria_struct/transform_chia/input/half_clinical_trials/NCT02807857_inc.txt wurde erfolgreich geladen.
NCT02807857_inc Done 

Die Daten wurden erfolgreich in '/work/eauten2s/ec_criteria_struct/transform_chia/model_output/Llama-3-70B-Instruct_5_shot/Llama-3-70B-Instruct_NCT02807857_inc_5_shot.json' gespeichert.
File: NCT02810704_exc 

Das File: /work/eauten2s/ec_criteria_struct/transform_chia/input/half_clinical_trials/NCT02810704_exc.txt wurde erfolgreich geladen.
NCT02810704_exc Done 

Die Daten wurden erfolgreich in '/work/eauten2s/ec_criteria_struct/transform_chia/model_output/Llama-3-70B-Instruct_5_shot/Llama-3-70B-Instruct_NCT02810704_exc_5_shot.json' gespeichert.
File: NCT02810704_inc 

Das File: /work/eauten2s/ec_criteria_struct/transform_chia/input/half_clinical_trials/NCT02810704_inc.txt wurde erfolgreich geladen.
NCT02810704_inc Done 

Die Daten wurden erfolgreich in '/work/eauten2s/ec_criteria_struct/transform_chia/model_output/Llama-3-70B-Instruct_5_shot/Llama-3-70B-Instruct_NCT02810704_inc_5_shot.json' gespeichert.
File: NCT02816164_exc 

Das File: /work/eauten2s/ec_criteria_struct/transform_chia/input/half_clinical_trials/NCT02816164_exc.txt wurde erfolgreich geladen.
NCT02816164_exc Done 

Die Daten wurden erfolgreich in '/work/eauten2s/ec_criteria_struct/transform_chia/model_output/Llama-3-70B-Instruct_5_shot/Llama-3-70B-Instruct_NCT02816164_exc_5_shot.json' gespeichert.
File: NCT02816164_inc 

Das File: /work/eauten2s/ec_criteria_struct/transform_chia/input/half_clinical_trials/NCT02816164_inc.txt wurde erfolgreich geladen.
NCT02816164_inc Done 

Die Daten wurden erfolgreich in '/work/eauten2s/ec_criteria_struct/transform_chia/model_output/Llama-3-70B-Instruct_5_shot/Llama-3-70B-Instruct_NCT02816164_inc_5_shot.json' gespeichert.
File: NCT02816762_exc 

Das File: /work/eauten2s/ec_criteria_struct/transform_chia/input/half_clinical_trials/NCT02816762_exc.txt wurde erfolgreich geladen.
NCT02816762_exc Done 

Die Daten wurden erfolgreich in '/work/eauten2s/ec_criteria_struct/transform_chia/model_output/Llama-3-70B-Instruct_5_shot/Llama-3-70B-Instruct_NCT02816762_exc_5_shot.json' gespeichert.
File: NCT02816762_inc 

Das File: /work/eauten2s/ec_criteria_struct/transform_chia/input/half_clinical_trials/NCT02816762_inc.txt wurde erfolgreich geladen.
NCT02816762_inc Done 

Die Daten wurden erfolgreich in '/work/eauten2s/ec_criteria_struct/transform_chia/model_output/Llama-3-70B-Instruct_5_shot/Llama-3-70B-Instruct_NCT02816762_inc_5_shot.json' gespeichert.
File: NCT02818816_exc 

Das File: /work/eauten2s/ec_criteria_struct/transform_chia/input/half_clinical_trials/NCT02818816_exc.txt wurde erfolgreich geladen.
NCT02818816_exc Done 

Die Daten wurden erfolgreich in '/work/eauten2s/ec_criteria_struct/transform_chia/model_output/Llama-3-70B-Instruct_5_shot/Llama-3-70B-Instruct_NCT02818816_exc_5_shot.json' gespeichert.
File: NCT02818816_inc 

Das File: /work/eauten2s/ec_criteria_struct/transform_chia/input/half_clinical_trials/NCT02818816_inc.txt wurde erfolgreich geladen.
NCT02818816_inc Done 

Die Daten wurden erfolgreich in '/work/eauten2s/ec_criteria_struct/transform_chia/model_output/Llama-3-70B-Instruct_5_shot/Llama-3-70B-Instruct_NCT02818816_inc_5_shot.json' gespeichert.
File: NCT02821819_exc 

Das File: /work/eauten2s/ec_criteria_struct/transform_chia/input/half_clinical_trials/NCT02821819_exc.txt wurde erfolgreich geladen.
NCT02821819_exc Done 

Die Daten wurden erfolgreich in '/work/eauten2s/ec_criteria_struct/transform_chia/model_output/Llama-3-70B-Instruct_5_shot/Llama-3-70B-Instruct_NCT02821819_exc_5_shot.json' gespeichert.
File: NCT02821819_inc 

Das File: /work/eauten2s/ec_criteria_struct/transform_chia/input/half_clinical_trials/NCT02821819_inc.txt wurde erfolgreich geladen.
NCT02821819_inc Done 

Die Daten wurden erfolgreich in '/work/eauten2s/ec_criteria_struct/transform_chia/model_output/Llama-3-70B-Instruct_5_shot/Llama-3-70B-Instruct_NCT02821819_inc_5_shot.json' gespeichert.
File: NCT02822001_exc 

Das File: /work/eauten2s/ec_criteria_struct/transform_chia/input/half_clinical_trials/NCT02822001_exc.txt wurde erfolgreich geladen.
NCT02822001_exc Done 

Die Daten wurden erfolgreich in '/work/eauten2s/ec_criteria_struct/transform_chia/model_output/Llama-3-70B-Instruct_5_shot/Llama-3-70B-Instruct_NCT02822001_exc_5_shot.json' gespeichert.
File: NCT02822001_inc 

Das File: /work/eauten2s/ec_criteria_struct/transform_chia/input/half_clinical_trials/NCT02822001_inc.txt wurde erfolgreich geladen.
NCT02822001_inc Done 

Die Daten wurden erfolgreich in '/work/eauten2s/ec_criteria_struct/transform_chia/model_output/Llama-3-70B-Instruct_5_shot/Llama-3-70B-Instruct_NCT02822001_inc_5_shot.json' gespeichert.
File: NCT02823808_exc 

Das File: /work/eauten2s/ec_criteria_struct/transform_chia/input/half_clinical_trials/NCT02823808_exc.txt wurde erfolgreich geladen.
NCT02823808_exc Done 

Die Daten wurden erfolgreich in '/work/eauten2s/ec_criteria_struct/transform_chia/model_output/Llama-3-70B-Instruct_5_shot/Llama-3-70B-Instruct_NCT02823808_exc_5_shot.json' gespeichert.
File: NCT02823808_inc 

Das File: /work/eauten2s/ec_criteria_struct/transform_chia/input/half_clinical_trials/NCT02823808_inc.txt wurde erfolgreich geladen.
NCT02823808_inc Done 

Die Daten wurden erfolgreich in '/work/eauten2s/ec_criteria_struct/transform_chia/model_output/Llama-3-70B-Instruct_5_shot/Llama-3-70B-Instruct_NCT02823808_inc_5_shot.json' gespeichert.
File: NCT02825290_exc 

Das File: /work/eauten2s/ec_criteria_struct/transform_chia/input/half_clinical_trials/NCT02825290_exc.txt wurde erfolgreich geladen.
NCT02825290_exc Done 

Die Daten wurden erfolgreich in '/work/eauten2s/ec_criteria_struct/transform_chia/model_output/Llama-3-70B-Instruct_5_shot/Llama-3-70B-Instruct_NCT02825290_exc_5_shot.json' gespeichert.
File: NCT02825290_inc 

Das File: /work/eauten2s/ec_criteria_struct/transform_chia/input/half_clinical_trials/NCT02825290_inc.txt wurde erfolgreich geladen.
NCT02825290_inc Done 

Die Daten wurden erfolgreich in '/work/eauten2s/ec_criteria_struct/transform_chia/model_output/Llama-3-70B-Instruct_5_shot/Llama-3-70B-Instruct_NCT02825290_inc_5_shot.json' gespeichert.
File: NCT02827487_exc 

Das File: /work/eauten2s/ec_criteria_struct/transform_chia/input/half_clinical_trials/NCT02827487_exc.txt wurde erfolgreich geladen.
NCT02827487_exc Done 

Die Daten wurden erfolgreich in '/work/eauten2s/ec_criteria_struct/transform_chia/model_output/Llama-3-70B-Instruct_5_shot/Llama-3-70B-Instruct_NCT02827487_exc_5_shot.json' gespeichert.
File: NCT02827487_inc 

Das File: /work/eauten2s/ec_criteria_struct/transform_chia/input/half_clinical_trials/NCT02827487_inc.txt wurde erfolgreich geladen.
NCT02827487_inc Done 

Die Daten wurden erfolgreich in '/work/eauten2s/ec_criteria_struct/transform_chia/model_output/Llama-3-70B-Instruct_5_shot/Llama-3-70B-Instruct_NCT02827487_inc_5_shot.json' gespeichert.
File: NCT02827526_exc 

Das File: /work/eauten2s/ec_criteria_struct/transform_chia/input/half_clinical_trials/NCT02827526_exc.txt wurde erfolgreich geladen.
NCT02827526_exc Done 

Die Daten wurden erfolgreich in '/work/eauten2s/ec_criteria_struct/transform_chia/model_output/Llama-3-70B-Instruct_5_shot/Llama-3-70B-Instruct_NCT02827526_exc_5_shot.json' gespeichert.
File: NCT02827526_inc 

Das File: /work/eauten2s/ec_criteria_struct/transform_chia/input/half_clinical_trials/NCT02827526_inc.txt wurde erfolgreich geladen.
NCT02827526_inc Done 

Die Daten wurden erfolgreich in '/work/eauten2s/ec_criteria_struct/transform_chia/model_output/Llama-3-70B-Instruct_5_shot/Llama-3-70B-Instruct_NCT02827526_inc_5_shot.json' gespeichert.
File: NCT02830360_exc 

Das File: /work/eauten2s/ec_criteria_struct/transform_chia/input/half_clinical_trials/NCT02830360_exc.txt wurde erfolgreich geladen.
NCT02830360_exc Done 

Die Daten wurden erfolgreich in '/work/eauten2s/ec_criteria_struct/transform_chia/model_output/Llama-3-70B-Instruct_5_shot/Llama-3-70B-Instruct_NCT02830360_exc_5_shot.json' gespeichert.
File: NCT02830360_inc 

Das File: /work/eauten2s/ec_criteria_struct/transform_chia/input/half_clinical_trials/NCT02830360_inc.txt wurde erfolgreich geladen.
NCT02830360_inc Done 

Die Daten wurden erfolgreich in '/work/eauten2s/ec_criteria_struct/transform_chia/model_output/Llama-3-70B-Instruct_5_shot/Llama-3-70B-Instruct_NCT02830360_inc_5_shot.json' gespeichert.
File: NCT02831166_exc 

Das File: /work/eauten2s/ec_criteria_struct/transform_chia/input/half_clinical_trials/NCT02831166_exc.txt wurde erfolgreich geladen.
NCT02831166_exc Done 

Die Daten wurden erfolgreich in '/work/eauten2s/ec_criteria_struct/transform_chia/model_output/Llama-3-70B-Instruct_5_shot/Llama-3-70B-Instruct_NCT02831166_exc_5_shot.json' gespeichert.
File: NCT02831166_inc 

Das File: /work/eauten2s/ec_criteria_struct/transform_chia/input/half_clinical_trials/NCT02831166_inc.txt wurde erfolgreich geladen.
NCT02831166_inc Done 

Die Daten wurden erfolgreich in '/work/eauten2s/ec_criteria_struct/transform_chia/model_output/Llama-3-70B-Instruct_5_shot/Llama-3-70B-Instruct_NCT02831166_inc_5_shot.json' gespeichert.
File: NCT02833116_exc 

Das File: /work/eauten2s/ec_criteria_struct/transform_chia/input/half_clinical_trials/NCT02833116_exc.txt wurde erfolgreich geladen.
NCT02833116_exc Done 

Die Daten wurden erfolgreich in '/work/eauten2s/ec_criteria_struct/transform_chia/model_output/Llama-3-70B-Instruct_5_shot/Llama-3-70B-Instruct_NCT02833116_exc_5_shot.json' gespeichert.
File: NCT02833116_inc 

Das File: /work/eauten2s/ec_criteria_struct/transform_chia/input/half_clinical_trials/NCT02833116_inc.txt wurde erfolgreich geladen.
NCT02833116_inc Done 

Die Daten wurden erfolgreich in '/work/eauten2s/ec_criteria_struct/transform_chia/model_output/Llama-3-70B-Instruct_5_shot/Llama-3-70B-Instruct_NCT02833116_inc_5_shot.json' gespeichert.
File: NCT02833623_exc 

Das File: /work/eauten2s/ec_criteria_struct/transform_chia/input/half_clinical_trials/NCT02833623_exc.txt wurde erfolgreich geladen.
NCT02833623_exc Done 

Die Daten wurden erfolgreich in '/work/eauten2s/ec_criteria_struct/transform_chia/model_output/Llama-3-70B-Instruct_5_shot/Llama-3-70B-Instruct_NCT02833623_exc_5_shot.json' gespeichert.
File: NCT02833623_inc 

Das File: /work/eauten2s/ec_criteria_struct/transform_chia/input/half_clinical_trials/NCT02833623_inc.txt wurde erfolgreich geladen.
NCT02833623_inc Done 

Die Daten wurden erfolgreich in '/work/eauten2s/ec_criteria_struct/transform_chia/model_output/Llama-3-70B-Instruct_5_shot/Llama-3-70B-Instruct_NCT02833623_inc_5_shot.json' gespeichert.
File: NCT02837783_exc 

Das File: /work/eauten2s/ec_criteria_struct/transform_chia/input/half_clinical_trials/NCT02837783_exc.txt wurde erfolgreich geladen.
NCT02837783_exc Done 

Die Daten wurden erfolgreich in '/work/eauten2s/ec_criteria_struct/transform_chia/model_output/Llama-3-70B-Instruct_5_shot/Llama-3-70B-Instruct_NCT02837783_exc_5_shot.json' gespeichert.
File: NCT02837783_inc 

Das File: /work/eauten2s/ec_criteria_struct/transform_chia/input/half_clinical_trials/NCT02837783_inc.txt wurde erfolgreich geladen.
NCT02837783_inc Done 

Die Daten wurden erfolgreich in '/work/eauten2s/ec_criteria_struct/transform_chia/model_output/Llama-3-70B-Instruct_5_shot/Llama-3-70B-Instruct_NCT02837783_inc_5_shot.json' gespeichert.
File: NCT02838810_exc 

Das File: /work/eauten2s/ec_criteria_struct/transform_chia/input/half_clinical_trials/NCT02838810_exc.txt wurde erfolgreich geladen.
NCT02838810_exc Done 

Die Daten wurden erfolgreich in '/work/eauten2s/ec_criteria_struct/transform_chia/model_output/Llama-3-70B-Instruct_5_shot/Llama-3-70B-Instruct_NCT02838810_exc_5_shot.json' gespeichert.
File: NCT02838810_inc 

Das File: /work/eauten2s/ec_criteria_struct/transform_chia/input/half_clinical_trials/NCT02838810_inc.txt wurde erfolgreich geladen.
NCT02838810_inc Done 

Die Daten wurden erfolgreich in '/work/eauten2s/ec_criteria_struct/transform_chia/model_output/Llama-3-70B-Instruct_5_shot/Llama-3-70B-Instruct_NCT02838810_inc_5_shot.json' gespeichert.
File: NCT02842424_exc 

Das File: /work/eauten2s/ec_criteria_struct/transform_chia/input/half_clinical_trials/NCT02842424_exc.txt wurde erfolgreich geladen.
NCT02842424_exc Done 

Die Daten wurden erfolgreich in '/work/eauten2s/ec_criteria_struct/transform_chia/model_output/Llama-3-70B-Instruct_5_shot/Llama-3-70B-Instruct_NCT02842424_exc_5_shot.json' gespeichert.
File: NCT02842424_inc 

Das File: /work/eauten2s/ec_criteria_struct/transform_chia/input/half_clinical_trials/NCT02842424_inc.txt wurde erfolgreich geladen.
NCT02842424_inc Done 

Die Daten wurden erfolgreich in '/work/eauten2s/ec_criteria_struct/transform_chia/model_output/Llama-3-70B-Instruct_5_shot/Llama-3-70B-Instruct_NCT02842424_inc_5_shot.json' gespeichert.
File: NCT02844907_exc 

Das File: /work/eauten2s/ec_criteria_struct/transform_chia/input/half_clinical_trials/NCT02844907_exc.txt wurde erfolgreich geladen.
NCT02844907_exc Done 

Die Daten wurden erfolgreich in '/work/eauten2s/ec_criteria_struct/transform_chia/model_output/Llama-3-70B-Instruct_5_shot/Llama-3-70B-Instruct_NCT02844907_exc_5_shot.json' gespeichert.
File: NCT02844907_inc 

Das File: /work/eauten2s/ec_criteria_struct/transform_chia/input/half_clinical_trials/NCT02844907_inc.txt wurde erfolgreich geladen.
NCT02844907_inc Done 

Die Daten wurden erfolgreich in '/work/eauten2s/ec_criteria_struct/transform_chia/model_output/Llama-3-70B-Instruct_5_shot/Llama-3-70B-Instruct_NCT02844907_inc_5_shot.json' gespeichert.
File: NCT02845427_exc 

Das File: /work/eauten2s/ec_criteria_struct/transform_chia/input/half_clinical_trials/NCT02845427_exc.txt wurde erfolgreich geladen.
NCT02845427_exc Done 

Die Daten wurden erfolgreich in '/work/eauten2s/ec_criteria_struct/transform_chia/model_output/Llama-3-70B-Instruct_5_shot/Llama-3-70B-Instruct_NCT02845427_exc_5_shot.json' gespeichert.
File: NCT02845427_inc 

Das File: /work/eauten2s/ec_criteria_struct/transform_chia/input/half_clinical_trials/NCT02845427_inc.txt wurde erfolgreich geladen.
NCT02845427_inc Done 

Die Daten wurden erfolgreich in '/work/eauten2s/ec_criteria_struct/transform_chia/model_output/Llama-3-70B-Instruct_5_shot/Llama-3-70B-Instruct_NCT02845427_inc_5_shot.json' gespeichert.
File: NCT02849483_exc 

Das File: /work/eauten2s/ec_criteria_struct/transform_chia/input/half_clinical_trials/NCT02849483_exc.txt wurde erfolgreich geladen.
NCT02849483_exc Done 

Die Daten wurden erfolgreich in '/work/eauten2s/ec_criteria_struct/transform_chia/model_output/Llama-3-70B-Instruct_5_shot/Llama-3-70B-Instruct_NCT02849483_exc_5_shot.json' gespeichert.
File: NCT02849483_inc 

Das File: /work/eauten2s/ec_criteria_struct/transform_chia/input/half_clinical_trials/NCT02849483_inc.txt wurde erfolgreich geladen.
NCT02849483_inc Done 

Die Daten wurden erfolgreich in '/work/eauten2s/ec_criteria_struct/transform_chia/model_output/Llama-3-70B-Instruct_5_shot/Llama-3-70B-Instruct_NCT02849483_inc_5_shot.json' gespeichert.
File: NCT02851303_exc 

Das File: /work/eauten2s/ec_criteria_struct/transform_chia/input/half_clinical_trials/NCT02851303_exc.txt wurde erfolgreich geladen.
NCT02851303_exc Done 

Die Daten wurden erfolgreich in '/work/eauten2s/ec_criteria_struct/transform_chia/model_output/Llama-3-70B-Instruct_5_shot/Llama-3-70B-Instruct_NCT02851303_exc_5_shot.json' gespeichert.
File: NCT02851303_inc 

Das File: /work/eauten2s/ec_criteria_struct/transform_chia/input/half_clinical_trials/NCT02851303_inc.txt wurde erfolgreich geladen.
NCT02851303_inc Done 

Die Daten wurden erfolgreich in '/work/eauten2s/ec_criteria_struct/transform_chia/model_output/Llama-3-70B-Instruct_5_shot/Llama-3-70B-Instruct_NCT02851303_inc_5_shot.json' gespeichert.
File: NCT02851888_exc 

Das File: /work/eauten2s/ec_criteria_struct/transform_chia/input/half_clinical_trials/NCT02851888_exc.txt wurde erfolgreich geladen.
NCT02851888_exc Done 

Die Daten wurden erfolgreich in '/work/eauten2s/ec_criteria_struct/transform_chia/model_output/Llama-3-70B-Instruct_5_shot/Llama-3-70B-Instruct_NCT02851888_exc_5_shot.json' gespeichert.
File: NCT02851888_inc 

Das File: /work/eauten2s/ec_criteria_struct/transform_chia/input/half_clinical_trials/NCT02851888_inc.txt wurde erfolgreich geladen.
NCT02851888_inc Done 

Die Daten wurden erfolgreich in '/work/eauten2s/ec_criteria_struct/transform_chia/model_output/Llama-3-70B-Instruct_5_shot/Llama-3-70B-Instruct_NCT02851888_inc_5_shot.json' gespeichert.
File: NCT02858180_exc 

Das File: /work/eauten2s/ec_criteria_struct/transform_chia/input/half_clinical_trials/NCT02858180_exc.txt wurde erfolgreich geladen.
NCT02858180_exc Done 

Die Daten wurden erfolgreich in '/work/eauten2s/ec_criteria_struct/transform_chia/model_output/Llama-3-70B-Instruct_5_shot/Llama-3-70B-Instruct_NCT02858180_exc_5_shot.json' gespeichert.
File: NCT02858180_inc 

Das File: /work/eauten2s/ec_criteria_struct/transform_chia/input/half_clinical_trials/NCT02858180_inc.txt wurde erfolgreich geladen.
NCT02858180_inc Done 

Die Daten wurden erfolgreich in '/work/eauten2s/ec_criteria_struct/transform_chia/model_output/Llama-3-70B-Instruct_5_shot/Llama-3-70B-Instruct_NCT02858180_inc_5_shot.json' gespeichert.
File: NCT02858804_exc 

Das File: /work/eauten2s/ec_criteria_struct/transform_chia/input/half_clinical_trials/NCT02858804_exc.txt wurde erfolgreich geladen.
NCT02858804_exc Done 

Die Daten wurden erfolgreich in '/work/eauten2s/ec_criteria_struct/transform_chia/model_output/Llama-3-70B-Instruct_5_shot/Llama-3-70B-Instruct_NCT02858804_exc_5_shot.json' gespeichert.
File: NCT02858804_inc 

Das File: /work/eauten2s/ec_criteria_struct/transform_chia/input/half_clinical_trials/NCT02858804_inc.txt wurde erfolgreich geladen.
NCT02858804_inc Done 

Die Daten wurden erfolgreich in '/work/eauten2s/ec_criteria_struct/transform_chia/model_output/Llama-3-70B-Instruct_5_shot/Llama-3-70B-Instruct_NCT02858804_inc_5_shot.json' gespeichert.
File: NCT02859480_exc 

Das File: /work/eauten2s/ec_criteria_struct/transform_chia/input/half_clinical_trials/NCT02859480_exc.txt wurde erfolgreich geladen.
NCT02859480_exc Done 

Die Daten wurden erfolgreich in '/work/eauten2s/ec_criteria_struct/transform_chia/model_output/Llama-3-70B-Instruct_5_shot/Llama-3-70B-Instruct_NCT02859480_exc_5_shot.json' gespeichert.
File: NCT02859480_inc 

Das File: /work/eauten2s/ec_criteria_struct/transform_chia/input/half_clinical_trials/NCT02859480_inc.txt wurde erfolgreich geladen.
NCT02859480_inc Done 

Die Daten wurden erfolgreich in '/work/eauten2s/ec_criteria_struct/transform_chia/model_output/Llama-3-70B-Instruct_5_shot/Llama-3-70B-Instruct_NCT02859480_inc_5_shot.json' gespeichert.
File: NCT02862314_exc 

Das File: /work/eauten2s/ec_criteria_struct/transform_chia/input/half_clinical_trials/NCT02862314_exc.txt wurde erfolgreich geladen.
NCT02862314_exc Done 

Die Daten wurden erfolgreich in '/work/eauten2s/ec_criteria_struct/transform_chia/model_output/Llama-3-70B-Instruct_5_shot/Llama-3-70B-Instruct_NCT02862314_exc_5_shot.json' gespeichert.
File: NCT02862314_inc 

Das File: /work/eauten2s/ec_criteria_struct/transform_chia/input/half_clinical_trials/NCT02862314_inc.txt wurde erfolgreich geladen.
NCT02862314_inc Done 

Die Daten wurden erfolgreich in '/work/eauten2s/ec_criteria_struct/transform_chia/model_output/Llama-3-70B-Instruct_5_shot/Llama-3-70B-Instruct_NCT02862314_inc_5_shot.json' gespeichert.
File: NCT02862912_exc 

Das File: /work/eauten2s/ec_criteria_struct/transform_chia/input/half_clinical_trials/NCT02862912_exc.txt wurde erfolgreich geladen.
NCT02862912_exc Done 

Die Daten wurden erfolgreich in '/work/eauten2s/ec_criteria_struct/transform_chia/model_output/Llama-3-70B-Instruct_5_shot/Llama-3-70B-Instruct_NCT02862912_exc_5_shot.json' gespeichert.
File: NCT02862912_inc 

Das File: /work/eauten2s/ec_criteria_struct/transform_chia/input/half_clinical_trials/NCT02862912_inc.txt wurde erfolgreich geladen.
NCT02862912_inc Done 

Die Daten wurden erfolgreich in '/work/eauten2s/ec_criteria_struct/transform_chia/model_output/Llama-3-70B-Instruct_5_shot/Llama-3-70B-Instruct_NCT02862912_inc_5_shot.json' gespeichert.
File: NCT02863120_exc 

Das File: /work/eauten2s/ec_criteria_struct/transform_chia/input/half_clinical_trials/NCT02863120_exc.txt wurde erfolgreich geladen.
NCT02863120_exc Done 

Die Daten wurden erfolgreich in '/work/eauten2s/ec_criteria_struct/transform_chia/model_output/Llama-3-70B-Instruct_5_shot/Llama-3-70B-Instruct_NCT02863120_exc_5_shot.json' gespeichert.
File: NCT02863120_inc 

Das File: /work/eauten2s/ec_criteria_struct/transform_chia/input/half_clinical_trials/NCT02863120_inc.txt wurde erfolgreich geladen.
NCT02863120_inc Done 

Die Daten wurden erfolgreich in '/work/eauten2s/ec_criteria_struct/transform_chia/model_output/Llama-3-70B-Instruct_5_shot/Llama-3-70B-Instruct_NCT02863120_inc_5_shot.json' gespeichert.
File: NCT02867618_exc 

Das File: /work/eauten2s/ec_criteria_struct/transform_chia/input/half_clinical_trials/NCT02867618_exc.txt wurde erfolgreich geladen.
NCT02867618_exc Done 

Die Daten wurden erfolgreich in '/work/eauten2s/ec_criteria_struct/transform_chia/model_output/Llama-3-70B-Instruct_5_shot/Llama-3-70B-Instruct_NCT02867618_exc_5_shot.json' gespeichert.
File: NCT02867618_inc 

Das File: /work/eauten2s/ec_criteria_struct/transform_chia/input/half_clinical_trials/NCT02867618_inc.txt wurde erfolgreich geladen.
NCT02867618_inc Done 

Die Daten wurden erfolgreich in '/work/eauten2s/ec_criteria_struct/transform_chia/model_output/Llama-3-70B-Instruct_5_shot/Llama-3-70B-Instruct_NCT02867618_inc_5_shot.json' gespeichert.
File: NCT02868437_exc 

Das File: /work/eauten2s/ec_criteria_struct/transform_chia/input/half_clinical_trials/NCT02868437_exc.txt wurde erfolgreich geladen.
NCT02868437_exc Done 

Die Daten wurden erfolgreich in '/work/eauten2s/ec_criteria_struct/transform_chia/model_output/Llama-3-70B-Instruct_5_shot/Llama-3-70B-Instruct_NCT02868437_exc_5_shot.json' gespeichert.
File: NCT02868437_inc 

Das File: /work/eauten2s/ec_criteria_struct/transform_chia/input/half_clinical_trials/NCT02868437_inc.txt wurde erfolgreich geladen.
NCT02868437_inc Done 

Die Daten wurden erfolgreich in '/work/eauten2s/ec_criteria_struct/transform_chia/model_output/Llama-3-70B-Instruct_5_shot/Llama-3-70B-Instruct_NCT02868437_inc_5_shot.json' gespeichert.
File: NCT02871206_exc 

Das File: /work/eauten2s/ec_criteria_struct/transform_chia/input/half_clinical_trials/NCT02871206_exc.txt wurde erfolgreich geladen.
NCT02871206_exc Done 

Die Daten wurden erfolgreich in '/work/eauten2s/ec_criteria_struct/transform_chia/model_output/Llama-3-70B-Instruct_5_shot/Llama-3-70B-Instruct_NCT02871206_exc_5_shot.json' gespeichert.
File: NCT02871206_inc 

Das File: /work/eauten2s/ec_criteria_struct/transform_chia/input/half_clinical_trials/NCT02871206_inc.txt wurde erfolgreich geladen.
NCT02871206_inc Done 

Die Daten wurden erfolgreich in '/work/eauten2s/ec_criteria_struct/transform_chia/model_output/Llama-3-70B-Instruct_5_shot/Llama-3-70B-Instruct_NCT02871206_inc_5_shot.json' gespeichert.
File: NCT02872090_exc 

Das File: /work/eauten2s/ec_criteria_struct/transform_chia/input/half_clinical_trials/NCT02872090_exc.txt wurde erfolgreich geladen.
NCT02872090_exc Done 

Die Daten wurden erfolgreich in '/work/eauten2s/ec_criteria_struct/transform_chia/model_output/Llama-3-70B-Instruct_5_shot/Llama-3-70B-Instruct_NCT02872090_exc_5_shot.json' gespeichert.
File: NCT02872090_inc 

Das File: /work/eauten2s/ec_criteria_struct/transform_chia/input/half_clinical_trials/NCT02872090_inc.txt wurde erfolgreich geladen.
NCT02872090_inc Done 

Die Daten wurden erfolgreich in '/work/eauten2s/ec_criteria_struct/transform_chia/model_output/Llama-3-70B-Instruct_5_shot/Llama-3-70B-Instruct_NCT02872090_inc_5_shot.json' gespeichert.
File: NCT02872935_exc 

Das File: /work/eauten2s/ec_criteria_struct/transform_chia/input/half_clinical_trials/NCT02872935_exc.txt wurde erfolgreich geladen.
NCT02872935_exc Done 

Die Daten wurden erfolgreich in '/work/eauten2s/ec_criteria_struct/transform_chia/model_output/Llama-3-70B-Instruct_5_shot/Llama-3-70B-Instruct_NCT02872935_exc_5_shot.json' gespeichert.
File: NCT02872935_inc 

Das File: /work/eauten2s/ec_criteria_struct/transform_chia/input/half_clinical_trials/NCT02872935_inc.txt wurde erfolgreich geladen.
NCT02872935_inc Done 

Die Daten wurden erfolgreich in '/work/eauten2s/ec_criteria_struct/transform_chia/model_output/Llama-3-70B-Instruct_5_shot/Llama-3-70B-Instruct_NCT02872935_inc_5_shot.json' gespeichert.
File: NCT02874092_exc 

Das File: /work/eauten2s/ec_criteria_struct/transform_chia/input/half_clinical_trials/NCT02874092_exc.txt wurde erfolgreich geladen.
NCT02874092_exc Done 

Die Daten wurden erfolgreich in '/work/eauten2s/ec_criteria_struct/transform_chia/model_output/Llama-3-70B-Instruct_5_shot/Llama-3-70B-Instruct_NCT02874092_exc_5_shot.json' gespeichert.
File: NCT02874092_inc 

Das File: /work/eauten2s/ec_criteria_struct/transform_chia/input/half_clinical_trials/NCT02874092_inc.txt wurde erfolgreich geladen.
NCT02874092_inc Done 

Die Daten wurden erfolgreich in '/work/eauten2s/ec_criteria_struct/transform_chia/model_output/Llama-3-70B-Instruct_5_shot/Llama-3-70B-Instruct_NCT02874092_inc_5_shot.json' gespeichert.
File: NCT02876484_exc 

Das File: /work/eauten2s/ec_criteria_struct/transform_chia/input/half_clinical_trials/NCT02876484_exc.txt wurde erfolgreich geladen.
NCT02876484_exc Done 

Die Daten wurden erfolgreich in '/work/eauten2s/ec_criteria_struct/transform_chia/model_output/Llama-3-70B-Instruct_5_shot/Llama-3-70B-Instruct_NCT02876484_exc_5_shot.json' gespeichert.
File: NCT02876484_inc 

Das File: /work/eauten2s/ec_criteria_struct/transform_chia/input/half_clinical_trials/NCT02876484_inc.txt wurde erfolgreich geladen.
NCT02876484_inc Done 

Die Daten wurden erfolgreich in '/work/eauten2s/ec_criteria_struct/transform_chia/model_output/Llama-3-70B-Instruct_5_shot/Llama-3-70B-Instruct_NCT02876484_inc_5_shot.json' gespeichert.
File: NCT02877485_exc 

Das File: /work/eauten2s/ec_criteria_struct/transform_chia/input/half_clinical_trials/NCT02877485_exc.txt wurde erfolgreich geladen.
NCT02877485_exc Done 

Die Daten wurden erfolgreich in '/work/eauten2s/ec_criteria_struct/transform_chia/model_output/Llama-3-70B-Instruct_5_shot/Llama-3-70B-Instruct_NCT02877485_exc_5_shot.json' gespeichert.
File: NCT02877485_inc 

Das File: /work/eauten2s/ec_criteria_struct/transform_chia/input/half_clinical_trials/NCT02877485_inc.txt wurde erfolgreich geladen.
NCT02877485_inc Done 

Die Daten wurden erfolgreich in '/work/eauten2s/ec_criteria_struct/transform_chia/model_output/Llama-3-70B-Instruct_5_shot/Llama-3-70B-Instruct_NCT02877485_inc_5_shot.json' gespeichert.
File: NCT02882113_exc 

Das File: /work/eauten2s/ec_criteria_struct/transform_chia/input/half_clinical_trials/NCT02882113_exc.txt wurde erfolgreich geladen.
NCT02882113_exc Done 

Die Daten wurden erfolgreich in '/work/eauten2s/ec_criteria_struct/transform_chia/model_output/Llama-3-70B-Instruct_5_shot/Llama-3-70B-Instruct_NCT02882113_exc_5_shot.json' gespeichert.
File: NCT02882113_inc 

Das File: /work/eauten2s/ec_criteria_struct/transform_chia/input/half_clinical_trials/NCT02882113_inc.txt wurde erfolgreich geladen.
NCT02882113_inc Done 

Die Daten wurden erfolgreich in '/work/eauten2s/ec_criteria_struct/transform_chia/model_output/Llama-3-70B-Instruct_5_shot/Llama-3-70B-Instruct_NCT02882113_inc_5_shot.json' gespeichert.
File: NCT02883400_exc 

Das File: /work/eauten2s/ec_criteria_struct/transform_chia/input/half_clinical_trials/NCT02883400_exc.txt wurde erfolgreich geladen.
NCT02883400_exc Done 

Die Daten wurden erfolgreich in '/work/eauten2s/ec_criteria_struct/transform_chia/model_output/Llama-3-70B-Instruct_5_shot/Llama-3-70B-Instruct_NCT02883400_exc_5_shot.json' gespeichert.
File: NCT02883400_inc 

Das File: /work/eauten2s/ec_criteria_struct/transform_chia/input/half_clinical_trials/NCT02883400_inc.txt wurde erfolgreich geladen.
NCT02883400_inc Done 

Die Daten wurden erfolgreich in '/work/eauten2s/ec_criteria_struct/transform_chia/model_output/Llama-3-70B-Instruct_5_shot/Llama-3-70B-Instruct_NCT02883400_inc_5_shot.json' gespeichert.
File: NCT02884115_exc 

Das File: /work/eauten2s/ec_criteria_struct/transform_chia/input/half_clinical_trials/NCT02884115_exc.txt wurde erfolgreich geladen.
NCT02884115_exc Done 

Die Daten wurden erfolgreich in '/work/eauten2s/ec_criteria_struct/transform_chia/model_output/Llama-3-70B-Instruct_5_shot/Llama-3-70B-Instruct_NCT02884115_exc_5_shot.json' gespeichert.
File: NCT02884115_inc 

Das File: /work/eauten2s/ec_criteria_struct/transform_chia/input/half_clinical_trials/NCT02884115_inc.txt wurde erfolgreich geladen.
NCT02884115_inc Done 

Die Daten wurden erfolgreich in '/work/eauten2s/ec_criteria_struct/transform_chia/model_output/Llama-3-70B-Instruct_5_shot/Llama-3-70B-Instruct_NCT02884115_inc_5_shot.json' gespeichert.
File: NCT02884401_exc 

Das File: /work/eauten2s/ec_criteria_struct/transform_chia/input/half_clinical_trials/NCT02884401_exc.txt wurde erfolgreich geladen.
NCT02884401_exc Done 

Die Daten wurden erfolgreich in '/work/eauten2s/ec_criteria_struct/transform_chia/model_output/Llama-3-70B-Instruct_5_shot/Llama-3-70B-Instruct_NCT02884401_exc_5_shot.json' gespeichert.
File: NCT02884401_inc 

Das File: /work/eauten2s/ec_criteria_struct/transform_chia/input/half_clinical_trials/NCT02884401_inc.txt wurde erfolgreich geladen.
NCT02884401_inc Done 

Die Daten wurden erfolgreich in '/work/eauten2s/ec_criteria_struct/transform_chia/model_output/Llama-3-70B-Instruct_5_shot/Llama-3-70B-Instruct_NCT02884401_inc_5_shot.json' gespeichert.
File: NCT02885909_exc 

Das File: /work/eauten2s/ec_criteria_struct/transform_chia/input/half_clinical_trials/NCT02885909_exc.txt wurde erfolgreich geladen.
NCT02885909_exc Done 

Die Daten wurden erfolgreich in '/work/eauten2s/ec_criteria_struct/transform_chia/model_output/Llama-3-70B-Instruct_5_shot/Llama-3-70B-Instruct_NCT02885909_exc_5_shot.json' gespeichert.
File: NCT02885909_inc 

Das File: /work/eauten2s/ec_criteria_struct/transform_chia/input/half_clinical_trials/NCT02885909_inc.txt wurde erfolgreich geladen.
NCT02885909_inc Done 

Die Daten wurden erfolgreich in '/work/eauten2s/ec_criteria_struct/transform_chia/model_output/Llama-3-70B-Instruct_5_shot/Llama-3-70B-Instruct_NCT02885909_inc_5_shot.json' gespeichert.
File: NCT02886962_exc 

Das File: /work/eauten2s/ec_criteria_struct/transform_chia/input/half_clinical_trials/NCT02886962_exc.txt wurde erfolgreich geladen.
NCT02886962_exc Done 

Die Daten wurden erfolgreich in '/work/eauten2s/ec_criteria_struct/transform_chia/model_output/Llama-3-70B-Instruct_5_shot/Llama-3-70B-Instruct_NCT02886962_exc_5_shot.json' gespeichert.
File: NCT02886962_inc 

Das File: /work/eauten2s/ec_criteria_struct/transform_chia/input/half_clinical_trials/NCT02886962_inc.txt wurde erfolgreich geladen.
NCT02886962_inc Done 

Die Daten wurden erfolgreich in '/work/eauten2s/ec_criteria_struct/transform_chia/model_output/Llama-3-70B-Instruct_5_shot/Llama-3-70B-Instruct_NCT02886962_inc_5_shot.json' gespeichert.
File: NCT02888704_exc 

Das File: /work/eauten2s/ec_criteria_struct/transform_chia/input/half_clinical_trials/NCT02888704_exc.txt wurde erfolgreich geladen.
NCT02888704_exc Done 

Die Daten wurden erfolgreich in '/work/eauten2s/ec_criteria_struct/transform_chia/model_output/Llama-3-70B-Instruct_5_shot/Llama-3-70B-Instruct_NCT02888704_exc_5_shot.json' gespeichert.
File: NCT02888704_inc 

Das File: /work/eauten2s/ec_criteria_struct/transform_chia/input/half_clinical_trials/NCT02888704_inc.txt wurde erfolgreich geladen.
NCT02888704_inc Done 

Die Daten wurden erfolgreich in '/work/eauten2s/ec_criteria_struct/transform_chia/model_output/Llama-3-70B-Instruct_5_shot/Llama-3-70B-Instruct_NCT02888704_inc_5_shot.json' gespeichert.
File: NCT02890719_exc 

Das File: /work/eauten2s/ec_criteria_struct/transform_chia/input/half_clinical_trials/NCT02890719_exc.txt wurde erfolgreich geladen.
NCT02890719_exc Done 

Die Daten wurden erfolgreich in '/work/eauten2s/ec_criteria_struct/transform_chia/model_output/Llama-3-70B-Instruct_5_shot/Llama-3-70B-Instruct_NCT02890719_exc_5_shot.json' gespeichert.
File: NCT02890719_inc 

Das File: /work/eauten2s/ec_criteria_struct/transform_chia/input/half_clinical_trials/NCT02890719_inc.txt wurde erfolgreich geladen.
NCT02890719_inc Done 

Die Daten wurden erfolgreich in '/work/eauten2s/ec_criteria_struct/transform_chia/model_output/Llama-3-70B-Instruct_5_shot/Llama-3-70B-Instruct_NCT02890719_inc_5_shot.json' gespeichert.
File: NCT02892968_exc 

Das File: /work/eauten2s/ec_criteria_struct/transform_chia/input/half_clinical_trials/NCT02892968_exc.txt wurde erfolgreich geladen.
NCT02892968_exc Done 

Die Daten wurden erfolgreich in '/work/eauten2s/ec_criteria_struct/transform_chia/model_output/Llama-3-70B-Instruct_5_shot/Llama-3-70B-Instruct_NCT02892968_exc_5_shot.json' gespeichert.
File: NCT02892968_inc 

Das File: /work/eauten2s/ec_criteria_struct/transform_chia/input/half_clinical_trials/NCT02892968_inc.txt wurde erfolgreich geladen.
NCT02892968_inc Done 

Die Daten wurden erfolgreich in '/work/eauten2s/ec_criteria_struct/transform_chia/model_output/Llama-3-70B-Instruct_5_shot/Llama-3-70B-Instruct_NCT02892968_inc_5_shot.json' gespeichert.
File: NCT02893228_exc 

Das File: /work/eauten2s/ec_criteria_struct/transform_chia/input/half_clinical_trials/NCT02893228_exc.txt wurde erfolgreich geladen.
NCT02893228_exc Done 

Die Daten wurden erfolgreich in '/work/eauten2s/ec_criteria_struct/transform_chia/model_output/Llama-3-70B-Instruct_5_shot/Llama-3-70B-Instruct_NCT02893228_exc_5_shot.json' gespeichert.
File: NCT02893228_inc 

Das File: /work/eauten2s/ec_criteria_struct/transform_chia/input/half_clinical_trials/NCT02893228_inc.txt wurde erfolgreich geladen.
NCT02893228_inc Done 

Die Daten wurden erfolgreich in '/work/eauten2s/ec_criteria_struct/transform_chia/model_output/Llama-3-70B-Instruct_5_shot/Llama-3-70B-Instruct_NCT02893228_inc_5_shot.json' gespeichert.
File: NCT02893293_exc 

Das File: /work/eauten2s/ec_criteria_struct/transform_chia/input/half_clinical_trials/NCT02893293_exc.txt wurde erfolgreich geladen.
NCT02893293_exc Done 

Die Daten wurden erfolgreich in '/work/eauten2s/ec_criteria_struct/transform_chia/model_output/Llama-3-70B-Instruct_5_shot/Llama-3-70B-Instruct_NCT02893293_exc_5_shot.json' gespeichert.
File: NCT02893293_inc 

Das File: /work/eauten2s/ec_criteria_struct/transform_chia/input/half_clinical_trials/NCT02893293_inc.txt wurde erfolgreich geladen.
NCT02893293_inc Done 

Die Daten wurden erfolgreich in '/work/eauten2s/ec_criteria_struct/transform_chia/model_output/Llama-3-70B-Instruct_5_shot/Llama-3-70B-Instruct_NCT02893293_inc_5_shot.json' gespeichert.
File: NCT02894268_exc 

Das File: /work/eauten2s/ec_criteria_struct/transform_chia/input/half_clinical_trials/NCT02894268_exc.txt wurde erfolgreich geladen.
NCT02894268_exc Done 

Die Daten wurden erfolgreich in '/work/eauten2s/ec_criteria_struct/transform_chia/model_output/Llama-3-70B-Instruct_5_shot/Llama-3-70B-Instruct_NCT02894268_exc_5_shot.json' gespeichert.
File: NCT02894268_inc 

Das File: /work/eauten2s/ec_criteria_struct/transform_chia/input/half_clinical_trials/NCT02894268_inc.txt wurde erfolgreich geladen.
NCT02894268_inc Done 

Die Daten wurden erfolgreich in '/work/eauten2s/ec_criteria_struct/transform_chia/model_output/Llama-3-70B-Instruct_5_shot/Llama-3-70B-Instruct_NCT02894268_inc_5_shot.json' gespeichert.
File: NCT02894372_exc 

Das File: /work/eauten2s/ec_criteria_struct/transform_chia/input/half_clinical_trials/NCT02894372_exc.txt wurde erfolgreich geladen.
NCT02894372_exc Done 

Die Daten wurden erfolgreich in '/work/eauten2s/ec_criteria_struct/transform_chia/model_output/Llama-3-70B-Instruct_5_shot/Llama-3-70B-Instruct_NCT02894372_exc_5_shot.json' gespeichert.
File: NCT02894372_inc 

Das File: /work/eauten2s/ec_criteria_struct/transform_chia/input/half_clinical_trials/NCT02894372_inc.txt wurde erfolgreich geladen.
NCT02894372_inc Done 

Die Daten wurden erfolgreich in '/work/eauten2s/ec_criteria_struct/transform_chia/model_output/Llama-3-70B-Instruct_5_shot/Llama-3-70B-Instruct_NCT02894372_inc_5_shot.json' gespeichert.
File: NCT02894645_exc 

Das File: /work/eauten2s/ec_criteria_struct/transform_chia/input/half_clinical_trials/NCT02894645_exc.txt wurde erfolgreich geladen.
NCT02894645_exc Done 

Die Daten wurden erfolgreich in '/work/eauten2s/ec_criteria_struct/transform_chia/model_output/Llama-3-70B-Instruct_5_shot/Llama-3-70B-Instruct_NCT02894645_exc_5_shot.json' gespeichert.
File: NCT02894645_inc 

Das File: /work/eauten2s/ec_criteria_struct/transform_chia/input/half_clinical_trials/NCT02894645_inc.txt wurde erfolgreich geladen.
NCT02894645_inc Done 

Die Daten wurden erfolgreich in '/work/eauten2s/ec_criteria_struct/transform_chia/model_output/Llama-3-70B-Instruct_5_shot/Llama-3-70B-Instruct_NCT02894645_inc_5_shot.json' gespeichert.
File: NCT02897856_exc 

Das File: /work/eauten2s/ec_criteria_struct/transform_chia/input/half_clinical_trials/NCT02897856_exc.txt wurde erfolgreich geladen.
NCT02897856_exc Done 

Die Daten wurden erfolgreich in '/work/eauten2s/ec_criteria_struct/transform_chia/model_output/Llama-3-70B-Instruct_5_shot/Llama-3-70B-Instruct_NCT02897856_exc_5_shot.json' gespeichert.
File: NCT02897856_inc 

Das File: /work/eauten2s/ec_criteria_struct/transform_chia/input/half_clinical_trials/NCT02897856_inc.txt wurde erfolgreich geladen.
NCT02897856_inc Done 

Die Daten wurden erfolgreich in '/work/eauten2s/ec_criteria_struct/transform_chia/model_output/Llama-3-70B-Instruct_5_shot/Llama-3-70B-Instruct_NCT02897856_inc_5_shot.json' gespeichert.
File: NCT02900443_exc 

Das File: /work/eauten2s/ec_criteria_struct/transform_chia/input/half_clinical_trials/NCT02900443_exc.txt wurde erfolgreich geladen.
NCT02900443_exc Done 

Die Daten wurden erfolgreich in '/work/eauten2s/ec_criteria_struct/transform_chia/model_output/Llama-3-70B-Instruct_5_shot/Llama-3-70B-Instruct_NCT02900443_exc_5_shot.json' gespeichert.
File: NCT02900443_inc 

Das File: /work/eauten2s/ec_criteria_struct/transform_chia/input/half_clinical_trials/NCT02900443_inc.txt wurde erfolgreich geladen.
NCT02900443_inc Done 

Die Daten wurden erfolgreich in '/work/eauten2s/ec_criteria_struct/transform_chia/model_output/Llama-3-70B-Instruct_5_shot/Llama-3-70B-Instruct_NCT02900443_inc_5_shot.json' gespeichert.
File: NCT02901106_exc 

Das File: /work/eauten2s/ec_criteria_struct/transform_chia/input/half_clinical_trials/NCT02901106_exc.txt wurde erfolgreich geladen.
NCT02901106_exc Done 

Die Daten wurden erfolgreich in '/work/eauten2s/ec_criteria_struct/transform_chia/model_output/Llama-3-70B-Instruct_5_shot/Llama-3-70B-Instruct_NCT02901106_exc_5_shot.json' gespeichert.
File: NCT02901106_inc 

Das File: /work/eauten2s/ec_criteria_struct/transform_chia/input/half_clinical_trials/NCT02901106_inc.txt wurde erfolgreich geladen.
NCT02901106_inc Done 

Die Daten wurden erfolgreich in '/work/eauten2s/ec_criteria_struct/transform_chia/model_output/Llama-3-70B-Instruct_5_shot/Llama-3-70B-Instruct_NCT02901106_inc_5_shot.json' gespeichert.
File: NCT02902120_exc 

Das File: /work/eauten2s/ec_criteria_struct/transform_chia/input/half_clinical_trials/NCT02902120_exc.txt wurde erfolgreich geladen.
NCT02902120_exc Done 

Die Daten wurden erfolgreich in '/work/eauten2s/ec_criteria_struct/transform_chia/model_output/Llama-3-70B-Instruct_5_shot/Llama-3-70B-Instruct_NCT02902120_exc_5_shot.json' gespeichert.
File: NCT02902120_inc 

Das File: /work/eauten2s/ec_criteria_struct/transform_chia/input/half_clinical_trials/NCT02902120_inc.txt wurde erfolgreich geladen.
NCT02902120_inc Done 

Die Daten wurden erfolgreich in '/work/eauten2s/ec_criteria_struct/transform_chia/model_output/Llama-3-70B-Instruct_5_shot/Llama-3-70B-Instruct_NCT02902120_inc_5_shot.json' gespeichert.
File: NCT02903407_exc 

Das File: /work/eauten2s/ec_criteria_struct/transform_chia/input/half_clinical_trials/NCT02903407_exc.txt wurde erfolgreich geladen.
NCT02903407_exc Done 

Die Daten wurden erfolgreich in '/work/eauten2s/ec_criteria_struct/transform_chia/model_output/Llama-3-70B-Instruct_5_shot/Llama-3-70B-Instruct_NCT02903407_exc_5_shot.json' gespeichert.
File: NCT02903407_inc 

Das File: /work/eauten2s/ec_criteria_struct/transform_chia/input/half_clinical_trials/NCT02903407_inc.txt wurde erfolgreich geladen.
NCT02903407_inc Done 

Die Daten wurden erfolgreich in '/work/eauten2s/ec_criteria_struct/transform_chia/model_output/Llama-3-70B-Instruct_5_shot/Llama-3-70B-Instruct_NCT02903407_inc_5_shot.json' gespeichert.
File: NCT02904785_exc 

Das File: /work/eauten2s/ec_criteria_struct/transform_chia/input/half_clinical_trials/NCT02904785_exc.txt wurde erfolgreich geladen.
NCT02904785_exc Done 

Die Daten wurden erfolgreich in '/work/eauten2s/ec_criteria_struct/transform_chia/model_output/Llama-3-70B-Instruct_5_shot/Llama-3-70B-Instruct_NCT02904785_exc_5_shot.json' gespeichert.
File: NCT02904785_inc 

Das File: /work/eauten2s/ec_criteria_struct/transform_chia/input/half_clinical_trials/NCT02904785_inc.txt wurde erfolgreich geladen.
NCT02904785_inc Done 

Die Daten wurden erfolgreich in '/work/eauten2s/ec_criteria_struct/transform_chia/model_output/Llama-3-70B-Instruct_5_shot/Llama-3-70B-Instruct_NCT02904785_inc_5_shot.json' gespeichert.
File: NCT02905734_exc 

Das File: /work/eauten2s/ec_criteria_struct/transform_chia/input/half_clinical_trials/NCT02905734_exc.txt wurde erfolgreich geladen.
NCT02905734_exc Done 

Die Daten wurden erfolgreich in '/work/eauten2s/ec_criteria_struct/transform_chia/model_output/Llama-3-70B-Instruct_5_shot/Llama-3-70B-Instruct_NCT02905734_exc_5_shot.json' gespeichert.
File: NCT02905734_inc 

Das File: /work/eauten2s/ec_criteria_struct/transform_chia/input/half_clinical_trials/NCT02905734_inc.txt wurde erfolgreich geladen.
NCT02905734_inc Done 

Die Daten wurden erfolgreich in '/work/eauten2s/ec_criteria_struct/transform_chia/model_output/Llama-3-70B-Instruct_5_shot/Llama-3-70B-Instruct_NCT02905734_inc_5_shot.json' gespeichert.
File: NCT02905890_exc 

Das File: /work/eauten2s/ec_criteria_struct/transform_chia/input/half_clinical_trials/NCT02905890_exc.txt wurde erfolgreich geladen.
NCT02905890_exc Done 

Die Daten wurden erfolgreich in '/work/eauten2s/ec_criteria_struct/transform_chia/model_output/Llama-3-70B-Instruct_5_shot/Llama-3-70B-Instruct_NCT02905890_exc_5_shot.json' gespeichert.
File: NCT02905890_inc 

Das File: /work/eauten2s/ec_criteria_struct/transform_chia/input/half_clinical_trials/NCT02905890_inc.txt wurde erfolgreich geladen.
NCT02905890_inc Done 

Die Daten wurden erfolgreich in '/work/eauten2s/ec_criteria_struct/transform_chia/model_output/Llama-3-70B-Instruct_5_shot/Llama-3-70B-Instruct_NCT02905890_inc_5_shot.json' gespeichert.
File: NCT02907554_exc 

Das File: /work/eauten2s/ec_criteria_struct/transform_chia/input/half_clinical_trials/NCT02907554_exc.txt wurde erfolgreich geladen.
NCT02907554_exc Done 

Die Daten wurden erfolgreich in '/work/eauten2s/ec_criteria_struct/transform_chia/model_output/Llama-3-70B-Instruct_5_shot/Llama-3-70B-Instruct_NCT02907554_exc_5_shot.json' gespeichert.
File: NCT02907554_inc 

Das File: /work/eauten2s/ec_criteria_struct/transform_chia/input/half_clinical_trials/NCT02907554_inc.txt wurde erfolgreich geladen.
NCT02907554_inc Done 

Die Daten wurden erfolgreich in '/work/eauten2s/ec_criteria_struct/transform_chia/model_output/Llama-3-70B-Instruct_5_shot/Llama-3-70B-Instruct_NCT02907554_inc_5_shot.json' gespeichert.
File: NCT02908919_exc 

Das File: /work/eauten2s/ec_criteria_struct/transform_chia/input/half_clinical_trials/NCT02908919_exc.txt wurde erfolgreich geladen.
NCT02908919_exc Done 

Die Daten wurden erfolgreich in '/work/eauten2s/ec_criteria_struct/transform_chia/model_output/Llama-3-70B-Instruct_5_shot/Llama-3-70B-Instruct_NCT02908919_exc_5_shot.json' gespeichert.
File: NCT02908919_inc 

Das File: /work/eauten2s/ec_criteria_struct/transform_chia/input/half_clinical_trials/NCT02908919_inc.txt wurde erfolgreich geladen.
NCT02908919_inc Done 

Die Daten wurden erfolgreich in '/work/eauten2s/ec_criteria_struct/transform_chia/model_output/Llama-3-70B-Instruct_5_shot/Llama-3-70B-Instruct_NCT02908919_inc_5_shot.json' gespeichert.
File: NCT02912182_exc 

Das File: /work/eauten2s/ec_criteria_struct/transform_chia/input/half_clinical_trials/NCT02912182_exc.txt wurde erfolgreich geladen.
NCT02912182_exc Done 

Die Daten wurden erfolgreich in '/work/eauten2s/ec_criteria_struct/transform_chia/model_output/Llama-3-70B-Instruct_5_shot/Llama-3-70B-Instruct_NCT02912182_exc_5_shot.json' gespeichert.
File: NCT02912182_inc 

Das File: /work/eauten2s/ec_criteria_struct/transform_chia/input/half_clinical_trials/NCT02912182_inc.txt wurde erfolgreich geladen.
NCT02912182_inc Done 

Die Daten wurden erfolgreich in '/work/eauten2s/ec_criteria_struct/transform_chia/model_output/Llama-3-70B-Instruct_5_shot/Llama-3-70B-Instruct_NCT02912182_inc_5_shot.json' gespeichert.
File: NCT02916342_exc 

Das File: /work/eauten2s/ec_criteria_struct/transform_chia/input/half_clinical_trials/NCT02916342_exc.txt wurde erfolgreich geladen.
NCT02916342_exc Done 

Die Daten wurden erfolgreich in '/work/eauten2s/ec_criteria_struct/transform_chia/model_output/Llama-3-70B-Instruct_5_shot/Llama-3-70B-Instruct_NCT02916342_exc_5_shot.json' gespeichert.
File: NCT02916342_inc 

Das File: /work/eauten2s/ec_criteria_struct/transform_chia/input/half_clinical_trials/NCT02916342_inc.txt wurde erfolgreich geladen.
NCT02916342_inc Done 

Die Daten wurden erfolgreich in '/work/eauten2s/ec_criteria_struct/transform_chia/model_output/Llama-3-70B-Instruct_5_shot/Llama-3-70B-Instruct_NCT02916342_inc_5_shot.json' gespeichert.
File: NCT02918409_exc 

Das File: /work/eauten2s/ec_criteria_struct/transform_chia/input/half_clinical_trials/NCT02918409_exc.txt wurde erfolgreich geladen.
NCT02918409_exc Done 

Die Daten wurden erfolgreich in '/work/eauten2s/ec_criteria_struct/transform_chia/model_output/Llama-3-70B-Instruct_5_shot/Llama-3-70B-Instruct_NCT02918409_exc_5_shot.json' gespeichert.
File: NCT02918409_inc 

Das File: /work/eauten2s/ec_criteria_struct/transform_chia/input/half_clinical_trials/NCT02918409_inc.txt wurde erfolgreich geladen.
NCT02918409_inc Done 

Die Daten wurden erfolgreich in '/work/eauten2s/ec_criteria_struct/transform_chia/model_output/Llama-3-70B-Instruct_5_shot/Llama-3-70B-Instruct_NCT02918409_inc_5_shot.json' gespeichert.
File: NCT02918851_exc 

Das File: /work/eauten2s/ec_criteria_struct/transform_chia/input/half_clinical_trials/NCT02918851_exc.txt wurde erfolgreich geladen.
NCT02918851_exc Done 

Die Daten wurden erfolgreich in '/work/eauten2s/ec_criteria_struct/transform_chia/model_output/Llama-3-70B-Instruct_5_shot/Llama-3-70B-Instruct_NCT02918851_exc_5_shot.json' gespeichert.
File: NCT02918851_inc 

Das File: /work/eauten2s/ec_criteria_struct/transform_chia/input/half_clinical_trials/NCT02918851_inc.txt wurde erfolgreich geladen.
NCT02918851_inc Done 

Die Daten wurden erfolgreich in '/work/eauten2s/ec_criteria_struct/transform_chia/model_output/Llama-3-70B-Instruct_5_shot/Llama-3-70B-Instruct_NCT02918851_inc_5_shot.json' gespeichert.
File: NCT02920177_exc 

Das File: /work/eauten2s/ec_criteria_struct/transform_chia/input/half_clinical_trials/NCT02920177_exc.txt wurde erfolgreich geladen.
NCT02920177_exc Done 

Die Daten wurden erfolgreich in '/work/eauten2s/ec_criteria_struct/transform_chia/model_output/Llama-3-70B-Instruct_5_shot/Llama-3-70B-Instruct_NCT02920177_exc_5_shot.json' gespeichert.
File: NCT02920177_inc 

Das File: /work/eauten2s/ec_criteria_struct/transform_chia/input/half_clinical_trials/NCT02920177_inc.txt wurde erfolgreich geladen.
NCT02920177_inc Done 

Die Daten wurden erfolgreich in '/work/eauten2s/ec_criteria_struct/transform_chia/model_output/Llama-3-70B-Instruct_5_shot/Llama-3-70B-Instruct_NCT02920177_inc_5_shot.json' gespeichert.
File: NCT02923700_exc 

Das File: /work/eauten2s/ec_criteria_struct/transform_chia/input/half_clinical_trials/NCT02923700_exc.txt wurde erfolgreich geladen.
NCT02923700_exc Done 

Die Daten wurden erfolgreich in '/work/eauten2s/ec_criteria_struct/transform_chia/model_output/Llama-3-70B-Instruct_5_shot/Llama-3-70B-Instruct_NCT02923700_exc_5_shot.json' gespeichert.
File: NCT02923700_inc 

Das File: /work/eauten2s/ec_criteria_struct/transform_chia/input/half_clinical_trials/NCT02923700_inc.txt wurde erfolgreich geladen.
NCT02923700_inc Done 

Die Daten wurden erfolgreich in '/work/eauten2s/ec_criteria_struct/transform_chia/model_output/Llama-3-70B-Instruct_5_shot/Llama-3-70B-Instruct_NCT02923700_inc_5_shot.json' gespeichert.
File: NCT02924090_exc 

Das File: /work/eauten2s/ec_criteria_struct/transform_chia/input/half_clinical_trials/NCT02924090_exc.txt wurde erfolgreich geladen.
NCT02924090_exc Done 

Die Daten wurden erfolgreich in '/work/eauten2s/ec_criteria_struct/transform_chia/model_output/Llama-3-70B-Instruct_5_shot/Llama-3-70B-Instruct_NCT02924090_exc_5_shot.json' gespeichert.
File: NCT02924090_inc 

Das File: /work/eauten2s/ec_criteria_struct/transform_chia/input/half_clinical_trials/NCT02924090_inc.txt wurde erfolgreich geladen.
NCT02924090_inc Done 

Die Daten wurden erfolgreich in '/work/eauten2s/ec_criteria_struct/transform_chia/model_output/Llama-3-70B-Instruct_5_shot/Llama-3-70B-Instruct_NCT02924090_inc_5_shot.json' gespeichert.
File: NCT02924870_exc 

Das File: /work/eauten2s/ec_criteria_struct/transform_chia/input/half_clinical_trials/NCT02924870_exc.txt wurde erfolgreich geladen.
NCT02924870_exc Done 

Die Daten wurden erfolgreich in '/work/eauten2s/ec_criteria_struct/transform_chia/model_output/Llama-3-70B-Instruct_5_shot/Llama-3-70B-Instruct_NCT02924870_exc_5_shot.json' gespeichert.
File: NCT02924870_inc 

Das File: /work/eauten2s/ec_criteria_struct/transform_chia/input/half_clinical_trials/NCT02924870_inc.txt wurde erfolgreich geladen.
NCT02924870_inc Done 

Die Daten wurden erfolgreich in '/work/eauten2s/ec_criteria_struct/transform_chia/model_output/Llama-3-70B-Instruct_5_shot/Llama-3-70B-Instruct_NCT02924870_inc_5_shot.json' gespeichert.
File: NCT02926235_exc 

Das File: /work/eauten2s/ec_criteria_struct/transform_chia/input/half_clinical_trials/NCT02926235_exc.txt wurde erfolgreich geladen.
NCT02926235_exc Done 

Die Daten wurden erfolgreich in '/work/eauten2s/ec_criteria_struct/transform_chia/model_output/Llama-3-70B-Instruct_5_shot/Llama-3-70B-Instruct_NCT02926235_exc_5_shot.json' gespeichert.
File: NCT02926235_inc 

Das File: /work/eauten2s/ec_criteria_struct/transform_chia/input/half_clinical_trials/NCT02926235_inc.txt wurde erfolgreich geladen.
NCT02926235_inc Done 

Die Daten wurden erfolgreich in '/work/eauten2s/ec_criteria_struct/transform_chia/model_output/Llama-3-70B-Instruct_5_shot/Llama-3-70B-Instruct_NCT02926235_inc_5_shot.json' gespeichert.
File: NCT02926989_exc 

Das File: /work/eauten2s/ec_criteria_struct/transform_chia/input/half_clinical_trials/NCT02926989_exc.txt wurde erfolgreich geladen.
NCT02926989_exc Done 

Die Daten wurden erfolgreich in '/work/eauten2s/ec_criteria_struct/transform_chia/model_output/Llama-3-70B-Instruct_5_shot/Llama-3-70B-Instruct_NCT02926989_exc_5_shot.json' gespeichert.
File: NCT02926989_inc 

Das File: /work/eauten2s/ec_criteria_struct/transform_chia/input/half_clinical_trials/NCT02926989_inc.txt wurde erfolgreich geladen.
NCT02926989_inc Done 

Die Daten wurden erfolgreich in '/work/eauten2s/ec_criteria_struct/transform_chia/model_output/Llama-3-70B-Instruct_5_shot/Llama-3-70B-Instruct_NCT02926989_inc_5_shot.json' gespeichert.
File: NCT02933671_exc 

Das File: /work/eauten2s/ec_criteria_struct/transform_chia/input/half_clinical_trials/NCT02933671_exc.txt wurde erfolgreich geladen.
NCT02933671_exc Done 

Die Daten wurden erfolgreich in '/work/eauten2s/ec_criteria_struct/transform_chia/model_output/Llama-3-70B-Instruct_5_shot/Llama-3-70B-Instruct_NCT02933671_exc_5_shot.json' gespeichert.
File: NCT02933671_inc 

Das File: /work/eauten2s/ec_criteria_struct/transform_chia/input/half_clinical_trials/NCT02933671_inc.txt wurde erfolgreich geladen.
NCT02933671_inc Done 

Die Daten wurden erfolgreich in '/work/eauten2s/ec_criteria_struct/transform_chia/model_output/Llama-3-70B-Instruct_5_shot/Llama-3-70B-Instruct_NCT02933671_inc_5_shot.json' gespeichert.
File: NCT02934269_exc 

Das File: /work/eauten2s/ec_criteria_struct/transform_chia/input/half_clinical_trials/NCT02934269_exc.txt wurde erfolgreich geladen.
NCT02934269_exc Done 

Die Daten wurden erfolgreich in '/work/eauten2s/ec_criteria_struct/transform_chia/model_output/Llama-3-70B-Instruct_5_shot/Llama-3-70B-Instruct_NCT02934269_exc_5_shot.json' gespeichert.
File: NCT02934269_inc 

Das File: /work/eauten2s/ec_criteria_struct/transform_chia/input/half_clinical_trials/NCT02934269_inc.txt wurde erfolgreich geladen.
NCT02934269_inc Done 

Die Daten wurden erfolgreich in '/work/eauten2s/ec_criteria_struct/transform_chia/model_output/Llama-3-70B-Instruct_5_shot/Llama-3-70B-Instruct_NCT02934269_inc_5_shot.json' gespeichert.
File: NCT02935855_exc 

Das File: /work/eauten2s/ec_criteria_struct/transform_chia/input/half_clinical_trials/NCT02935855_exc.txt wurde erfolgreich geladen.
NCT02935855_exc Done 

Die Daten wurden erfolgreich in '/work/eauten2s/ec_criteria_struct/transform_chia/model_output/Llama-3-70B-Instruct_5_shot/Llama-3-70B-Instruct_NCT02935855_exc_5_shot.json' gespeichert.
File: NCT02935855_inc 

Das File: /work/eauten2s/ec_criteria_struct/transform_chia/input/half_clinical_trials/NCT02935855_inc.txt wurde erfolgreich geladen.
NCT02935855_inc Done 

Die Daten wurden erfolgreich in '/work/eauten2s/ec_criteria_struct/transform_chia/model_output/Llama-3-70B-Instruct_5_shot/Llama-3-70B-Instruct_NCT02935855_inc_5_shot.json' gespeichert.
File: NCT02937779_exc 

Das File: /work/eauten2s/ec_criteria_struct/transform_chia/input/half_clinical_trials/NCT02937779_exc.txt wurde erfolgreich geladen.
NCT02937779_exc Done 

Die Daten wurden erfolgreich in '/work/eauten2s/ec_criteria_struct/transform_chia/model_output/Llama-3-70B-Instruct_5_shot/Llama-3-70B-Instruct_NCT02937779_exc_5_shot.json' gespeichert.
File: NCT02937779_inc 

Das File: /work/eauten2s/ec_criteria_struct/transform_chia/input/half_clinical_trials/NCT02937779_inc.txt wurde erfolgreich geladen.
NCT02937779_inc Done 

Die Daten wurden erfolgreich in '/work/eauten2s/ec_criteria_struct/transform_chia/model_output/Llama-3-70B-Instruct_5_shot/Llama-3-70B-Instruct_NCT02937779_inc_5_shot.json' gespeichert.
File: NCT02939209_exc 

Das File: /work/eauten2s/ec_criteria_struct/transform_chia/input/half_clinical_trials/NCT02939209_exc.txt wurde erfolgreich geladen.
NCT02939209_exc Done 

Die Daten wurden erfolgreich in '/work/eauten2s/ec_criteria_struct/transform_chia/model_output/Llama-3-70B-Instruct_5_shot/Llama-3-70B-Instruct_NCT02939209_exc_5_shot.json' gespeichert.
File: NCT02939209_inc 

Das File: /work/eauten2s/ec_criteria_struct/transform_chia/input/half_clinical_trials/NCT02939209_inc.txt wurde erfolgreich geladen.
NCT02939209_inc Done 

Die Daten wurden erfolgreich in '/work/eauten2s/ec_criteria_struct/transform_chia/model_output/Llama-3-70B-Instruct_5_shot/Llama-3-70B-Instruct_NCT02939209_inc_5_shot.json' gespeichert.
File: NCT02939872_exc 

Das File: /work/eauten2s/ec_criteria_struct/transform_chia/input/half_clinical_trials/NCT02939872_exc.txt wurde erfolgreich geladen.
NCT02939872_exc Done 

Die Daten wurden erfolgreich in '/work/eauten2s/ec_criteria_struct/transform_chia/model_output/Llama-3-70B-Instruct_5_shot/Llama-3-70B-Instruct_NCT02939872_exc_5_shot.json' gespeichert.
File: NCT02939872_inc 

Das File: /work/eauten2s/ec_criteria_struct/transform_chia/input/half_clinical_trials/NCT02939872_inc.txt wurde erfolgreich geladen.
NCT02939872_inc Done 

Die Daten wurden erfolgreich in '/work/eauten2s/ec_criteria_struct/transform_chia/model_output/Llama-3-70B-Instruct_5_shot/Llama-3-70B-Instruct_NCT02939872_inc_5_shot.json' gespeichert.
File: NCT02940912_exc 

Das File: /work/eauten2s/ec_criteria_struct/transform_chia/input/half_clinical_trials/NCT02940912_exc.txt wurde erfolgreich geladen.
NCT02940912_exc Done 

Die Daten wurden erfolgreich in '/work/eauten2s/ec_criteria_struct/transform_chia/model_output/Llama-3-70B-Instruct_5_shot/Llama-3-70B-Instruct_NCT02940912_exc_5_shot.json' gespeichert.
File: NCT02940912_inc 

Das File: /work/eauten2s/ec_criteria_struct/transform_chia/input/half_clinical_trials/NCT02940912_inc.txt wurde erfolgreich geladen.
NCT02940912_inc Done 

Die Daten wurden erfolgreich in '/work/eauten2s/ec_criteria_struct/transform_chia/model_output/Llama-3-70B-Instruct_5_shot/Llama-3-70B-Instruct_NCT02940912_inc_5_shot.json' gespeichert.
File: NCT02942303_exc 

Das File: /work/eauten2s/ec_criteria_struct/transform_chia/input/half_clinical_trials/NCT02942303_exc.txt wurde erfolgreich geladen.
NCT02942303_exc Done 

Die Daten wurden erfolgreich in '/work/eauten2s/ec_criteria_struct/transform_chia/model_output/Llama-3-70B-Instruct_5_shot/Llama-3-70B-Instruct_NCT02942303_exc_5_shot.json' gespeichert.
File: NCT02942303_inc 

Das File: /work/eauten2s/ec_criteria_struct/transform_chia/input/half_clinical_trials/NCT02942303_inc.txt wurde erfolgreich geladen.
NCT02942303_inc Done 

Die Daten wurden erfolgreich in '/work/eauten2s/ec_criteria_struct/transform_chia/model_output/Llama-3-70B-Instruct_5_shot/Llama-3-70B-Instruct_NCT02942303_inc_5_shot.json' gespeichert.
File: NCT02944292_exc 

Das File: /work/eauten2s/ec_criteria_struct/transform_chia/input/half_clinical_trials/NCT02944292_exc.txt wurde erfolgreich geladen.
NCT02944292_exc Done 

Die Daten wurden erfolgreich in '/work/eauten2s/ec_criteria_struct/transform_chia/model_output/Llama-3-70B-Instruct_5_shot/Llama-3-70B-Instruct_NCT02944292_exc_5_shot.json' gespeichert.
File: NCT02944292_inc 

Das File: /work/eauten2s/ec_criteria_struct/transform_chia/input/half_clinical_trials/NCT02944292_inc.txt wurde erfolgreich geladen.
NCT02944292_inc Done 

Die Daten wurden erfolgreich in '/work/eauten2s/ec_criteria_struct/transform_chia/model_output/Llama-3-70B-Instruct_5_shot/Llama-3-70B-Instruct_NCT02944292_inc_5_shot.json' gespeichert.
File: NCT02944604_exc 

Das File: /work/eauten2s/ec_criteria_struct/transform_chia/input/half_clinical_trials/NCT02944604_exc.txt wurde erfolgreich geladen.
NCT02944604_exc Done 

Die Daten wurden erfolgreich in '/work/eauten2s/ec_criteria_struct/transform_chia/model_output/Llama-3-70B-Instruct_5_shot/Llama-3-70B-Instruct_NCT02944604_exc_5_shot.json' gespeichert.
File: NCT02944604_inc 

Das File: /work/eauten2s/ec_criteria_struct/transform_chia/input/half_clinical_trials/NCT02944604_inc.txt wurde erfolgreich geladen.
NCT02944604_inc Done 

Die Daten wurden erfolgreich in '/work/eauten2s/ec_criteria_struct/transform_chia/model_output/Llama-3-70B-Instruct_5_shot/Llama-3-70B-Instruct_NCT02944604_inc_5_shot.json' gespeichert.
File: NCT02944929_exc 

Das File: /work/eauten2s/ec_criteria_struct/transform_chia/input/half_clinical_trials/NCT02944929_exc.txt wurde erfolgreich geladen.
NCT02944929_exc Done 

Die Daten wurden erfolgreich in '/work/eauten2s/ec_criteria_struct/transform_chia/model_output/Llama-3-70B-Instruct_5_shot/Llama-3-70B-Instruct_NCT02944929_exc_5_shot.json' gespeichert.
File: NCT02944929_inc 

Das File: /work/eauten2s/ec_criteria_struct/transform_chia/input/half_clinical_trials/NCT02944929_inc.txt wurde erfolgreich geladen.
NCT02944929_inc Done 

Die Daten wurden erfolgreich in '/work/eauten2s/ec_criteria_struct/transform_chia/model_output/Llama-3-70B-Instruct_5_shot/Llama-3-70B-Instruct_NCT02944929_inc_5_shot.json' gespeichert.
File: NCT02946892_exc 

Das File: /work/eauten2s/ec_criteria_struct/transform_chia/input/half_clinical_trials/NCT02946892_exc.txt wurde erfolgreich geladen.
NCT02946892_exc Done 

Die Daten wurden erfolgreich in '/work/eauten2s/ec_criteria_struct/transform_chia/model_output/Llama-3-70B-Instruct_5_shot/Llama-3-70B-Instruct_NCT02946892_exc_5_shot.json' gespeichert.
File: NCT02946892_inc 

Das File: /work/eauten2s/ec_criteria_struct/transform_chia/input/half_clinical_trials/NCT02946892_inc.txt wurde erfolgreich geladen.
NCT02946892_inc Done 

Die Daten wurden erfolgreich in '/work/eauten2s/ec_criteria_struct/transform_chia/model_output/Llama-3-70B-Instruct_5_shot/Llama-3-70B-Instruct_NCT02946892_inc_5_shot.json' gespeichert.
File: NCT02946918_exc 

Das File: /work/eauten2s/ec_criteria_struct/transform_chia/input/half_clinical_trials/NCT02946918_exc.txt wurde erfolgreich geladen.
NCT02946918_exc Done 

Die Daten wurden erfolgreich in '/work/eauten2s/ec_criteria_struct/transform_chia/model_output/Llama-3-70B-Instruct_5_shot/Llama-3-70B-Instruct_NCT02946918_exc_5_shot.json' gespeichert.
File: NCT02946918_inc 

Das File: /work/eauten2s/ec_criteria_struct/transform_chia/input/half_clinical_trials/NCT02946918_inc.txt wurde erfolgreich geladen.
NCT02946918_inc Done 

Die Daten wurden erfolgreich in '/work/eauten2s/ec_criteria_struct/transform_chia/model_output/Llama-3-70B-Instruct_5_shot/Llama-3-70B-Instruct_NCT02946918_inc_5_shot.json' gespeichert.
File: NCT02950558_exc 

Das File: /work/eauten2s/ec_criteria_struct/transform_chia/input/half_clinical_trials/NCT02950558_exc.txt wurde erfolgreich geladen.
NCT02950558_exc Done 

Die Daten wurden erfolgreich in '/work/eauten2s/ec_criteria_struct/transform_chia/model_output/Llama-3-70B-Instruct_5_shot/Llama-3-70B-Instruct_NCT02950558_exc_5_shot.json' gespeichert.
File: NCT02950558_inc 

Das File: /work/eauten2s/ec_criteria_struct/transform_chia/input/half_clinical_trials/NCT02950558_inc.txt wurde erfolgreich geladen.
NCT02950558_inc Done 

Die Daten wurden erfolgreich in '/work/eauten2s/ec_criteria_struct/transform_chia/model_output/Llama-3-70B-Instruct_5_shot/Llama-3-70B-Instruct_NCT02950558_inc_5_shot.json' gespeichert.
File: NCT02951520_exc 

Das File: /work/eauten2s/ec_criteria_struct/transform_chia/input/half_clinical_trials/NCT02951520_exc.txt wurde erfolgreich geladen.
NCT02951520_exc Done 

Die Daten wurden erfolgreich in '/work/eauten2s/ec_criteria_struct/transform_chia/model_output/Llama-3-70B-Instruct_5_shot/Llama-3-70B-Instruct_NCT02951520_exc_5_shot.json' gespeichert.
File: NCT02951520_inc 

Das File: /work/eauten2s/ec_criteria_struct/transform_chia/input/half_clinical_trials/NCT02951520_inc.txt wurde erfolgreich geladen.
NCT02951520_inc Done 

Die Daten wurden erfolgreich in '/work/eauten2s/ec_criteria_struct/transform_chia/model_output/Llama-3-70B-Instruct_5_shot/Llama-3-70B-Instruct_NCT02951520_inc_5_shot.json' gespeichert.
File: NCT02951754_exc 

Das File: /work/eauten2s/ec_criteria_struct/transform_chia/input/half_clinical_trials/NCT02951754_exc.txt wurde erfolgreich geladen.
NCT02951754_exc Done 

Die Daten wurden erfolgreich in '/work/eauten2s/ec_criteria_struct/transform_chia/model_output/Llama-3-70B-Instruct_5_shot/Llama-3-70B-Instruct_NCT02951754_exc_5_shot.json' gespeichert.
File: NCT02951754_inc 

Das File: /work/eauten2s/ec_criteria_struct/transform_chia/input/half_clinical_trials/NCT02951754_inc.txt wurde erfolgreich geladen.
NCT02951754_inc Done 

Die Daten wurden erfolgreich in '/work/eauten2s/ec_criteria_struct/transform_chia/model_output/Llama-3-70B-Instruct_5_shot/Llama-3-70B-Instruct_NCT02951754_inc_5_shot.json' gespeichert.
File: NCT02951832_exc 

Das File: /work/eauten2s/ec_criteria_struct/transform_chia/input/half_clinical_trials/NCT02951832_exc.txt wurde erfolgreich geladen.
NCT02951832_exc Done 

Die Daten wurden erfolgreich in '/work/eauten2s/ec_criteria_struct/transform_chia/model_output/Llama-3-70B-Instruct_5_shot/Llama-3-70B-Instruct_NCT02951832_exc_5_shot.json' gespeichert.
File: NCT02951832_inc 

Das File: /work/eauten2s/ec_criteria_struct/transform_chia/input/half_clinical_trials/NCT02951832_inc.txt wurde erfolgreich geladen.
NCT02951832_inc Done 

Die Daten wurden erfolgreich in '/work/eauten2s/ec_criteria_struct/transform_chia/model_output/Llama-3-70B-Instruct_5_shot/Llama-3-70B-Instruct_NCT02951832_inc_5_shot.json' gespeichert.
File: NCT02952365_exc 

Das File: /work/eauten2s/ec_criteria_struct/transform_chia/input/half_clinical_trials/NCT02952365_exc.txt wurde erfolgreich geladen.
NCT02952365_exc Done 

Die Daten wurden erfolgreich in '/work/eauten2s/ec_criteria_struct/transform_chia/model_output/Llama-3-70B-Instruct_5_shot/Llama-3-70B-Instruct_NCT02952365_exc_5_shot.json' gespeichert.
File: NCT02952365_inc 

Das File: /work/eauten2s/ec_criteria_struct/transform_chia/input/half_clinical_trials/NCT02952365_inc.txt wurde erfolgreich geladen.
NCT02952365_inc Done 

Die Daten wurden erfolgreich in '/work/eauten2s/ec_criteria_struct/transform_chia/model_output/Llama-3-70B-Instruct_5_shot/Llama-3-70B-Instruct_NCT02952365_inc_5_shot.json' gespeichert.
File: NCT02952378_exc 

Das File: /work/eauten2s/ec_criteria_struct/transform_chia/input/half_clinical_trials/NCT02952378_exc.txt wurde erfolgreich geladen.
NCT02952378_exc Done 

Die Daten wurden erfolgreich in '/work/eauten2s/ec_criteria_struct/transform_chia/model_output/Llama-3-70B-Instruct_5_shot/Llama-3-70B-Instruct_NCT02952378_exc_5_shot.json' gespeichert.
File: NCT02952378_inc 

Das File: /work/eauten2s/ec_criteria_struct/transform_chia/input/half_clinical_trials/NCT02952378_inc.txt wurde erfolgreich geladen.
NCT02952378_inc Done 

Die Daten wurden erfolgreich in '/work/eauten2s/ec_criteria_struct/transform_chia/model_output/Llama-3-70B-Instruct_5_shot/Llama-3-70B-Instruct_NCT02952378_inc_5_shot.json' gespeichert.
File: NCT02952963_exc 

Das File: /work/eauten2s/ec_criteria_struct/transform_chia/input/half_clinical_trials/NCT02952963_exc.txt wurde erfolgreich geladen.
NCT02952963_exc Done 

Die Daten wurden erfolgreich in '/work/eauten2s/ec_criteria_struct/transform_chia/model_output/Llama-3-70B-Instruct_5_shot/Llama-3-70B-Instruct_NCT02952963_exc_5_shot.json' gespeichert.
File: NCT02952963_inc 

Das File: /work/eauten2s/ec_criteria_struct/transform_chia/input/half_clinical_trials/NCT02952963_inc.txt wurde erfolgreich geladen.
NCT02952963_inc Done 

Die Daten wurden erfolgreich in '/work/eauten2s/ec_criteria_struct/transform_chia/model_output/Llama-3-70B-Instruct_5_shot/Llama-3-70B-Instruct_NCT02952963_inc_5_shot.json' gespeichert.
File: NCT02953873_exc 

Das File: /work/eauten2s/ec_criteria_struct/transform_chia/input/half_clinical_trials/NCT02953873_exc.txt wurde erfolgreich geladen.
NCT02953873_exc Done 

Die Daten wurden erfolgreich in '/work/eauten2s/ec_criteria_struct/transform_chia/model_output/Llama-3-70B-Instruct_5_shot/Llama-3-70B-Instruct_NCT02953873_exc_5_shot.json' gespeichert.
File: NCT02953873_inc 

Das File: /work/eauten2s/ec_criteria_struct/transform_chia/input/half_clinical_trials/NCT02953873_inc.txt wurde erfolgreich geladen.
NCT02953873_inc Done 

Die Daten wurden erfolgreich in '/work/eauten2s/ec_criteria_struct/transform_chia/model_output/Llama-3-70B-Instruct_5_shot/Llama-3-70B-Instruct_NCT02953873_inc_5_shot.json' gespeichert.
File: NCT02954029_exc 

Das File: /work/eauten2s/ec_criteria_struct/transform_chia/input/half_clinical_trials/NCT02954029_exc.txt wurde erfolgreich geladen.
NCT02954029_exc Done 

Die Daten wurden erfolgreich in '/work/eauten2s/ec_criteria_struct/transform_chia/model_output/Llama-3-70B-Instruct_5_shot/Llama-3-70B-Instruct_NCT02954029_exc_5_shot.json' gespeichert.
File: NCT02954029_inc 

Das File: /work/eauten2s/ec_criteria_struct/transform_chia/input/half_clinical_trials/NCT02954029_inc.txt wurde erfolgreich geladen.
NCT02954029_inc Done 

Die Daten wurden erfolgreich in '/work/eauten2s/ec_criteria_struct/transform_chia/model_output/Llama-3-70B-Instruct_5_shot/Llama-3-70B-Instruct_NCT02954029_inc_5_shot.json' gespeichert.
File: NCT02957305_exc 

Das File: /work/eauten2s/ec_criteria_struct/transform_chia/input/half_clinical_trials/NCT02957305_exc.txt wurde erfolgreich geladen.
NCT02957305_exc Done 

Die Daten wurden erfolgreich in '/work/eauten2s/ec_criteria_struct/transform_chia/model_output/Llama-3-70B-Instruct_5_shot/Llama-3-70B-Instruct_NCT02957305_exc_5_shot.json' gespeichert.
File: NCT02957305_inc 

Das File: /work/eauten2s/ec_criteria_struct/transform_chia/input/half_clinical_trials/NCT02957305_inc.txt wurde erfolgreich geladen.
NCT02957305_inc Done 

Die Daten wurden erfolgreich in '/work/eauten2s/ec_criteria_struct/transform_chia/model_output/Llama-3-70B-Instruct_5_shot/Llama-3-70B-Instruct_NCT02957305_inc_5_shot.json' gespeichert.
File: NCT02957877_exc 

Das File: /work/eauten2s/ec_criteria_struct/transform_chia/input/half_clinical_trials/NCT02957877_exc.txt wurde erfolgreich geladen.
NCT02957877_exc Done 

Die Daten wurden erfolgreich in '/work/eauten2s/ec_criteria_struct/transform_chia/model_output/Llama-3-70B-Instruct_5_shot/Llama-3-70B-Instruct_NCT02957877_exc_5_shot.json' gespeichert.
File: NCT02957877_inc 

Das File: /work/eauten2s/ec_criteria_struct/transform_chia/input/half_clinical_trials/NCT02957877_inc.txt wurde erfolgreich geladen.
NCT02957877_inc Done 

Die Daten wurden erfolgreich in '/work/eauten2s/ec_criteria_struct/transform_chia/model_output/Llama-3-70B-Instruct_5_shot/Llama-3-70B-Instruct_NCT02957877_inc_5_shot.json' gespeichert.
File: NCT02958072_exc 

Das File: /work/eauten2s/ec_criteria_struct/transform_chia/input/half_clinical_trials/NCT02958072_exc.txt wurde erfolgreich geladen.
NCT02958072_exc Done 

Die Daten wurden erfolgreich in '/work/eauten2s/ec_criteria_struct/transform_chia/model_output/Llama-3-70B-Instruct_5_shot/Llama-3-70B-Instruct_NCT02958072_exc_5_shot.json' gespeichert.
File: NCT02958072_inc 

Das File: /work/eauten2s/ec_criteria_struct/transform_chia/input/half_clinical_trials/NCT02958072_inc.txt wurde erfolgreich geladen.
NCT02958072_inc Done 

Die Daten wurden erfolgreich in '/work/eauten2s/ec_criteria_struct/transform_chia/model_output/Llama-3-70B-Instruct_5_shot/Llama-3-70B-Instruct_NCT02958072_inc_5_shot.json' gespeichert.
File: NCT02958566_exc 

Das File: /work/eauten2s/ec_criteria_struct/transform_chia/input/half_clinical_trials/NCT02958566_exc.txt wurde erfolgreich geladen.
NCT02958566_exc Done 

Die Daten wurden erfolgreich in '/work/eauten2s/ec_criteria_struct/transform_chia/model_output/Llama-3-70B-Instruct_5_shot/Llama-3-70B-Instruct_NCT02958566_exc_5_shot.json' gespeichert.
File: NCT02958566_inc 

Das File: /work/eauten2s/ec_criteria_struct/transform_chia/input/half_clinical_trials/NCT02958566_inc.txt wurde erfolgreich geladen.
NCT02958566_inc Done 

Die Daten wurden erfolgreich in '/work/eauten2s/ec_criteria_struct/transform_chia/model_output/Llama-3-70B-Instruct_5_shot/Llama-3-70B-Instruct_NCT02958566_inc_5_shot.json' gespeichert.
File: NCT02959580_exc 

Das File: /work/eauten2s/ec_criteria_struct/transform_chia/input/half_clinical_trials/NCT02959580_exc.txt wurde erfolgreich geladen.
NCT02959580_exc Done 

Die Daten wurden erfolgreich in '/work/eauten2s/ec_criteria_struct/transform_chia/model_output/Llama-3-70B-Instruct_5_shot/Llama-3-70B-Instruct_NCT02959580_exc_5_shot.json' gespeichert.
File: NCT02959580_inc 

Das File: /work/eauten2s/ec_criteria_struct/transform_chia/input/half_clinical_trials/NCT02959580_inc.txt wurde erfolgreich geladen.
NCT02959580_inc Done 

Die Daten wurden erfolgreich in '/work/eauten2s/ec_criteria_struct/transform_chia/model_output/Llama-3-70B-Instruct_5_shot/Llama-3-70B-Instruct_NCT02959580_inc_5_shot.json' gespeichert.
File: NCT02959801_exc 

Das File: /work/eauten2s/ec_criteria_struct/transform_chia/input/half_clinical_trials/NCT02959801_exc.txt wurde erfolgreich geladen.
NCT02959801_exc Done 

Die Daten wurden erfolgreich in '/work/eauten2s/ec_criteria_struct/transform_chia/model_output/Llama-3-70B-Instruct_5_shot/Llama-3-70B-Instruct_NCT02959801_exc_5_shot.json' gespeichert.
File: NCT02959801_inc 

Das File: /work/eauten2s/ec_criteria_struct/transform_chia/input/half_clinical_trials/NCT02959801_inc.txt wurde erfolgreich geladen.
NCT02959801_inc Done 

Die Daten wurden erfolgreich in '/work/eauten2s/ec_criteria_struct/transform_chia/model_output/Llama-3-70B-Instruct_5_shot/Llama-3-70B-Instruct_NCT02959801_inc_5_shot.json' gespeichert.
File: NCT02961582_exc 

Das File: /work/eauten2s/ec_criteria_struct/transform_chia/input/half_clinical_trials/NCT02961582_exc.txt wurde erfolgreich geladen.
NCT02961582_exc Done 

Die Daten wurden erfolgreich in '/work/eauten2s/ec_criteria_struct/transform_chia/model_output/Llama-3-70B-Instruct_5_shot/Llama-3-70B-Instruct_NCT02961582_exc_5_shot.json' gespeichert.
File: NCT02961582_inc 

Das File: /work/eauten2s/ec_criteria_struct/transform_chia/input/half_clinical_trials/NCT02961582_inc.txt wurde erfolgreich geladen.
NCT02961582_inc Done 

Die Daten wurden erfolgreich in '/work/eauten2s/ec_criteria_struct/transform_chia/model_output/Llama-3-70B-Instruct_5_shot/Llama-3-70B-Instruct_NCT02961582_inc_5_shot.json' gespeichert.
File: NCT02961764_exc 

Das File: /work/eauten2s/ec_criteria_struct/transform_chia/input/half_clinical_trials/NCT02961764_exc.txt wurde erfolgreich geladen.
NCT02961764_exc Done 

Die Daten wurden erfolgreich in '/work/eauten2s/ec_criteria_struct/transform_chia/model_output/Llama-3-70B-Instruct_5_shot/Llama-3-70B-Instruct_NCT02961764_exc_5_shot.json' gespeichert.
File: NCT02961764_inc 

Das File: /work/eauten2s/ec_criteria_struct/transform_chia/input/half_clinical_trials/NCT02961764_inc.txt wurde erfolgreich geladen.
NCT02961764_inc Done 

Die Daten wurden erfolgreich in '/work/eauten2s/ec_criteria_struct/transform_chia/model_output/Llama-3-70B-Instruct_5_shot/Llama-3-70B-Instruct_NCT02961764_inc_5_shot.json' gespeichert.
File: NCT02964416_exc 

Das File: /work/eauten2s/ec_criteria_struct/transform_chia/input/half_clinical_trials/NCT02964416_exc.txt wurde erfolgreich geladen.
NCT02964416_exc Done 

Die Daten wurden erfolgreich in '/work/eauten2s/ec_criteria_struct/transform_chia/model_output/Llama-3-70B-Instruct_5_shot/Llama-3-70B-Instruct_NCT02964416_exc_5_shot.json' gespeichert.
File: NCT02964416_inc 

Das File: /work/eauten2s/ec_criteria_struct/transform_chia/input/half_clinical_trials/NCT02964416_inc.txt wurde erfolgreich geladen.
NCT02964416_inc Done 

Die Daten wurden erfolgreich in '/work/eauten2s/ec_criteria_struct/transform_chia/model_output/Llama-3-70B-Instruct_5_shot/Llama-3-70B-Instruct_NCT02964416_inc_5_shot.json' gespeichert.
File: NCT02964715_exc 

Das File: /work/eauten2s/ec_criteria_struct/transform_chia/input/half_clinical_trials/NCT02964715_exc.txt wurde erfolgreich geladen.
NCT02964715_exc Done 

Die Daten wurden erfolgreich in '/work/eauten2s/ec_criteria_struct/transform_chia/model_output/Llama-3-70B-Instruct_5_shot/Llama-3-70B-Instruct_NCT02964715_exc_5_shot.json' gespeichert.
File: NCT02964715_inc 

Das File: /work/eauten2s/ec_criteria_struct/transform_chia/input/half_clinical_trials/NCT02964715_inc.txt wurde erfolgreich geladen.
NCT02964715_inc Done 

Die Daten wurden erfolgreich in '/work/eauten2s/ec_criteria_struct/transform_chia/model_output/Llama-3-70B-Instruct_5_shot/Llama-3-70B-Instruct_NCT02964715_inc_5_shot.json' gespeichert.
File: NCT02965027_exc 

Das File: /work/eauten2s/ec_criteria_struct/transform_chia/input/half_clinical_trials/NCT02965027_exc.txt wurde erfolgreich geladen.
NCT02965027_exc Done 

Die Daten wurden erfolgreich in '/work/eauten2s/ec_criteria_struct/transform_chia/model_output/Llama-3-70B-Instruct_5_shot/Llama-3-70B-Instruct_NCT02965027_exc_5_shot.json' gespeichert.
File: NCT02965027_inc 

Das File: /work/eauten2s/ec_criteria_struct/transform_chia/input/half_clinical_trials/NCT02965027_inc.txt wurde erfolgreich geladen.
NCT02965027_inc Done 

Die Daten wurden erfolgreich in '/work/eauten2s/ec_criteria_struct/transform_chia/model_output/Llama-3-70B-Instruct_5_shot/Llama-3-70B-Instruct_NCT02965027_inc_5_shot.json' gespeichert.
File: NCT02965443_exc 

Das File: /work/eauten2s/ec_criteria_struct/transform_chia/input/half_clinical_trials/NCT02965443_exc.txt wurde erfolgreich geladen.
NCT02965443_exc Done 

Die Daten wurden erfolgreich in '/work/eauten2s/ec_criteria_struct/transform_chia/model_output/Llama-3-70B-Instruct_5_shot/Llama-3-70B-Instruct_NCT02965443_exc_5_shot.json' gespeichert.
File: NCT02965443_inc 

Das File: /work/eauten2s/ec_criteria_struct/transform_chia/input/half_clinical_trials/NCT02965443_inc.txt wurde erfolgreich geladen.
NCT02965443_inc Done 

Die Daten wurden erfolgreich in '/work/eauten2s/ec_criteria_struct/transform_chia/model_output/Llama-3-70B-Instruct_5_shot/Llama-3-70B-Instruct_NCT02965443_inc_5_shot.json' gespeichert.
File: NCT02966236_exc 

Das File: /work/eauten2s/ec_criteria_struct/transform_chia/input/half_clinical_trials/NCT02966236_exc.txt wurde erfolgreich geladen.
NCT02966236_exc Done 

Die Daten wurden erfolgreich in '/work/eauten2s/ec_criteria_struct/transform_chia/model_output/Llama-3-70B-Instruct_5_shot/Llama-3-70B-Instruct_NCT02966236_exc_5_shot.json' gespeichert.
File: NCT02966236_inc 

Das File: /work/eauten2s/ec_criteria_struct/transform_chia/input/half_clinical_trials/NCT02966236_inc.txt wurde erfolgreich geladen.
NCT02966236_inc Done 

Die Daten wurden erfolgreich in '/work/eauten2s/ec_criteria_struct/transform_chia/model_output/Llama-3-70B-Instruct_5_shot/Llama-3-70B-Instruct_NCT02966236_inc_5_shot.json' gespeichert.
File: NCT02968342_exc 

Das File: /work/eauten2s/ec_criteria_struct/transform_chia/input/half_clinical_trials/NCT02968342_exc.txt wurde erfolgreich geladen.
NCT02968342_exc Done 

Die Daten wurden erfolgreich in '/work/eauten2s/ec_criteria_struct/transform_chia/model_output/Llama-3-70B-Instruct_5_shot/Llama-3-70B-Instruct_NCT02968342_exc_5_shot.json' gespeichert.
File: NCT02968342_inc 

Das File: /work/eauten2s/ec_criteria_struct/transform_chia/input/half_clinical_trials/NCT02968342_inc.txt wurde erfolgreich geladen.
NCT02968342_inc Done 

Die Daten wurden erfolgreich in '/work/eauten2s/ec_criteria_struct/transform_chia/model_output/Llama-3-70B-Instruct_5_shot/Llama-3-70B-Instruct_NCT02968342_inc_5_shot.json' gespeichert.
File: NCT02968602_exc 

Das File: /work/eauten2s/ec_criteria_struct/transform_chia/input/half_clinical_trials/NCT02968602_exc.txt wurde erfolgreich geladen.
NCT02968602_exc Done 

Die Daten wurden erfolgreich in '/work/eauten2s/ec_criteria_struct/transform_chia/model_output/Llama-3-70B-Instruct_5_shot/Llama-3-70B-Instruct_NCT02968602_exc_5_shot.json' gespeichert.
File: NCT02968602_inc 

Das File: /work/eauten2s/ec_criteria_struct/transform_chia/input/half_clinical_trials/NCT02968602_inc.txt wurde erfolgreich geladen.
NCT02968602_inc Done 

Die Daten wurden erfolgreich in '/work/eauten2s/ec_criteria_struct/transform_chia/model_output/Llama-3-70B-Instruct_5_shot/Llama-3-70B-Instruct_NCT02968602_inc_5_shot.json' gespeichert.
File: NCT02969187_exc 

Das File: /work/eauten2s/ec_criteria_struct/transform_chia/input/half_clinical_trials/NCT02969187_exc.txt wurde erfolgreich geladen.
NCT02969187_exc Done 

Die Daten wurden erfolgreich in '/work/eauten2s/ec_criteria_struct/transform_chia/model_output/Llama-3-70B-Instruct_5_shot/Llama-3-70B-Instruct_NCT02969187_exc_5_shot.json' gespeichert.
File: NCT02969187_inc 

Das File: /work/eauten2s/ec_criteria_struct/transform_chia/input/half_clinical_trials/NCT02969187_inc.txt wurde erfolgreich geladen.
NCT02969187_inc Done 

Die Daten wurden erfolgreich in '/work/eauten2s/ec_criteria_struct/transform_chia/model_output/Llama-3-70B-Instruct_5_shot/Llama-3-70B-Instruct_NCT02969187_inc_5_shot.json' gespeichert.
File: NCT02969876_exc 

Das File: /work/eauten2s/ec_criteria_struct/transform_chia/input/half_clinical_trials/NCT02969876_exc.txt wurde erfolgreich geladen.
NCT02969876_exc Done 

Die Daten wurden erfolgreich in '/work/eauten2s/ec_criteria_struct/transform_chia/model_output/Llama-3-70B-Instruct_5_shot/Llama-3-70B-Instruct_NCT02969876_exc_5_shot.json' gespeichert.
File: NCT02969876_inc 

Das File: /work/eauten2s/ec_criteria_struct/transform_chia/input/half_clinical_trials/NCT02969876_inc.txt wurde erfolgreich geladen.
NCT02969876_inc Done 

Die Daten wurden erfolgreich in '/work/eauten2s/ec_criteria_struct/transform_chia/model_output/Llama-3-70B-Instruct_5_shot/Llama-3-70B-Instruct_NCT02969876_inc_5_shot.json' gespeichert.
File: NCT02970773_exc 

Das File: /work/eauten2s/ec_criteria_struct/transform_chia/input/half_clinical_trials/NCT02970773_exc.txt wurde erfolgreich geladen.
NCT02970773_exc Done 

Die Daten wurden erfolgreich in '/work/eauten2s/ec_criteria_struct/transform_chia/model_output/Llama-3-70B-Instruct_5_shot/Llama-3-70B-Instruct_NCT02970773_exc_5_shot.json' gespeichert.
File: NCT02970773_inc 

Das File: /work/eauten2s/ec_criteria_struct/transform_chia/input/half_clinical_trials/NCT02970773_inc.txt wurde erfolgreich geladen.
NCT02970773_inc Done 

Die Daten wurden erfolgreich in '/work/eauten2s/ec_criteria_struct/transform_chia/model_output/Llama-3-70B-Instruct_5_shot/Llama-3-70B-Instruct_NCT02970773_inc_5_shot.json' gespeichert.
File: NCT02973035_exc 

Das File: /work/eauten2s/ec_criteria_struct/transform_chia/input/half_clinical_trials/NCT02973035_exc.txt wurde erfolgreich geladen.
NCT02973035_exc Done 

Die Daten wurden erfolgreich in '/work/eauten2s/ec_criteria_struct/transform_chia/model_output/Llama-3-70B-Instruct_5_shot/Llama-3-70B-Instruct_NCT02973035_exc_5_shot.json' gespeichert.
File: NCT02973035_inc 

Das File: /work/eauten2s/ec_criteria_struct/transform_chia/input/half_clinical_trials/NCT02973035_inc.txt wurde erfolgreich geladen.
NCT02973035_inc Done 

Die Daten wurden erfolgreich in '/work/eauten2s/ec_criteria_struct/transform_chia/model_output/Llama-3-70B-Instruct_5_shot/Llama-3-70B-Instruct_NCT02973035_inc_5_shot.json' gespeichert.
File: NCT02974660_exc 

Das File: /work/eauten2s/ec_criteria_struct/transform_chia/input/half_clinical_trials/NCT02974660_exc.txt wurde erfolgreich geladen.
NCT02974660_exc Done 

Die Daten wurden erfolgreich in '/work/eauten2s/ec_criteria_struct/transform_chia/model_output/Llama-3-70B-Instruct_5_shot/Llama-3-70B-Instruct_NCT02974660_exc_5_shot.json' gespeichert.
File: NCT02974660_inc 

Das File: /work/eauten2s/ec_criteria_struct/transform_chia/input/half_clinical_trials/NCT02974660_inc.txt wurde erfolgreich geladen.
NCT02974660_inc Done 

Die Daten wurden erfolgreich in '/work/eauten2s/ec_criteria_struct/transform_chia/model_output/Llama-3-70B-Instruct_5_shot/Llama-3-70B-Instruct_NCT02974660_inc_5_shot.json' gespeichert.
File: NCT02974686_exc 

Das File: /work/eauten2s/ec_criteria_struct/transform_chia/input/half_clinical_trials/NCT02974686_exc.txt wurde erfolgreich geladen.
NCT02974686_exc Done 

Die Daten wurden erfolgreich in '/work/eauten2s/ec_criteria_struct/transform_chia/model_output/Llama-3-70B-Instruct_5_shot/Llama-3-70B-Instruct_NCT02974686_exc_5_shot.json' gespeichert.
File: NCT02974686_inc 

Das File: /work/eauten2s/ec_criteria_struct/transform_chia/input/half_clinical_trials/NCT02974686_inc.txt wurde erfolgreich geladen.
NCT02974686_inc Done 

Die Daten wurden erfolgreich in '/work/eauten2s/ec_criteria_struct/transform_chia/model_output/Llama-3-70B-Instruct_5_shot/Llama-3-70B-Instruct_NCT02974686_inc_5_shot.json' gespeichert.
File: NCT02979561_exc 

Das File: /work/eauten2s/ec_criteria_struct/transform_chia/input/half_clinical_trials/NCT02979561_exc.txt wurde erfolgreich geladen.
NCT02979561_exc Done 

Die Daten wurden erfolgreich in '/work/eauten2s/ec_criteria_struct/transform_chia/model_output/Llama-3-70B-Instruct_5_shot/Llama-3-70B-Instruct_NCT02979561_exc_5_shot.json' gespeichert.
File: NCT02979561_inc 

Das File: /work/eauten2s/ec_criteria_struct/transform_chia/input/half_clinical_trials/NCT02979561_inc.txt wurde erfolgreich geladen.
NCT02979561_inc Done 

Die Daten wurden erfolgreich in '/work/eauten2s/ec_criteria_struct/transform_chia/model_output/Llama-3-70B-Instruct_5_shot/Llama-3-70B-Instruct_NCT02979561_inc_5_shot.json' gespeichert.
File: NCT02982577_exc 

Das File: /work/eauten2s/ec_criteria_struct/transform_chia/input/half_clinical_trials/NCT02982577_exc.txt wurde erfolgreich geladen.
NCT02982577_exc Done 

Die Daten wurden erfolgreich in '/work/eauten2s/ec_criteria_struct/transform_chia/model_output/Llama-3-70B-Instruct_5_shot/Llama-3-70B-Instruct_NCT02982577_exc_5_shot.json' gespeichert.
File: NCT02982577_inc 

Das File: /work/eauten2s/ec_criteria_struct/transform_chia/input/half_clinical_trials/NCT02982577_inc.txt wurde erfolgreich geladen.
NCT02982577_inc Done 

Die Daten wurden erfolgreich in '/work/eauten2s/ec_criteria_struct/transform_chia/model_output/Llama-3-70B-Instruct_5_shot/Llama-3-70B-Instruct_NCT02982577_inc_5_shot.json' gespeichert.
File: NCT02983214_exc 

Das File: /work/eauten2s/ec_criteria_struct/transform_chia/input/half_clinical_trials/NCT02983214_exc.txt wurde erfolgreich geladen.
NCT02983214_exc Done 

Die Daten wurden erfolgreich in '/work/eauten2s/ec_criteria_struct/transform_chia/model_output/Llama-3-70B-Instruct_5_shot/Llama-3-70B-Instruct_NCT02983214_exc_5_shot.json' gespeichert.
File: NCT02983214_inc 

Das File: /work/eauten2s/ec_criteria_struct/transform_chia/input/half_clinical_trials/NCT02983214_inc.txt wurde erfolgreich geladen.
NCT02983214_inc Done 

Die Daten wurden erfolgreich in '/work/eauten2s/ec_criteria_struct/transform_chia/model_output/Llama-3-70B-Instruct_5_shot/Llama-3-70B-Instruct_NCT02983214_inc_5_shot.json' gespeichert.
File: NCT02984228_exc 

Das File: /work/eauten2s/ec_criteria_struct/transform_chia/input/half_clinical_trials/NCT02984228_exc.txt wurde erfolgreich geladen.
NCT02984228_exc Done 

Die Daten wurden erfolgreich in '/work/eauten2s/ec_criteria_struct/transform_chia/model_output/Llama-3-70B-Instruct_5_shot/Llama-3-70B-Instruct_NCT02984228_exc_5_shot.json' gespeichert.
File: NCT02984228_inc 

Das File: /work/eauten2s/ec_criteria_struct/transform_chia/input/half_clinical_trials/NCT02984228_inc.txt wurde erfolgreich geladen.
NCT02984228_inc Done 

Die Daten wurden erfolgreich in '/work/eauten2s/ec_criteria_struct/transform_chia/model_output/Llama-3-70B-Instruct_5_shot/Llama-3-70B-Instruct_NCT02984228_inc_5_shot.json' gespeichert.
File: NCT02984475_exc 

Das File: /work/eauten2s/ec_criteria_struct/transform_chia/input/half_clinical_trials/NCT02984475_exc.txt wurde erfolgreich geladen.
NCT02984475_exc Done 

Die Daten wurden erfolgreich in '/work/eauten2s/ec_criteria_struct/transform_chia/model_output/Llama-3-70B-Instruct_5_shot/Llama-3-70B-Instruct_NCT02984475_exc_5_shot.json' gespeichert.
File: NCT02984475_inc 

Das File: /work/eauten2s/ec_criteria_struct/transform_chia/input/half_clinical_trials/NCT02984475_inc.txt wurde erfolgreich geladen.
NCT02984475_inc Done 

Die Daten wurden erfolgreich in '/work/eauten2s/ec_criteria_struct/transform_chia/model_output/Llama-3-70B-Instruct_5_shot/Llama-3-70B-Instruct_NCT02984475_inc_5_shot.json' gespeichert.
File: NCT02985242_exc 

Das File: /work/eauten2s/ec_criteria_struct/transform_chia/input/half_clinical_trials/NCT02985242_exc.txt wurde erfolgreich geladen.
NCT02985242_exc Done 

Die Daten wurden erfolgreich in '/work/eauten2s/ec_criteria_struct/transform_chia/model_output/Llama-3-70B-Instruct_5_shot/Llama-3-70B-Instruct_NCT02985242_exc_5_shot.json' gespeichert.
File: NCT02985242_inc 

Das File: /work/eauten2s/ec_criteria_struct/transform_chia/input/half_clinical_trials/NCT02985242_inc.txt wurde erfolgreich geladen.
NCT02985242_inc Done 

Die Daten wurden erfolgreich in '/work/eauten2s/ec_criteria_struct/transform_chia/model_output/Llama-3-70B-Instruct_5_shot/Llama-3-70B-Instruct_NCT02985242_inc_5_shot.json' gespeichert.
File: NCT02985710_exc 

Das File: /work/eauten2s/ec_criteria_struct/transform_chia/input/half_clinical_trials/NCT02985710_exc.txt wurde erfolgreich geladen.
NCT02985710_exc Done 

Die Daten wurden erfolgreich in '/work/eauten2s/ec_criteria_struct/transform_chia/model_output/Llama-3-70B-Instruct_5_shot/Llama-3-70B-Instruct_NCT02985710_exc_5_shot.json' gespeichert.
File: NCT02985710_inc 

Das File: /work/eauten2s/ec_criteria_struct/transform_chia/input/half_clinical_trials/NCT02985710_inc.txt wurde erfolgreich geladen.
NCT02985710_inc Done 

Die Daten wurden erfolgreich in '/work/eauten2s/ec_criteria_struct/transform_chia/model_output/Llama-3-70B-Instruct_5_shot/Llama-3-70B-Instruct_NCT02985710_inc_5_shot.json' gespeichert.
File: NCT02986659_exc 

Das File: /work/eauten2s/ec_criteria_struct/transform_chia/input/half_clinical_trials/NCT02986659_exc.txt wurde erfolgreich geladen.
NCT02986659_exc Done 

Die Daten wurden erfolgreich in '/work/eauten2s/ec_criteria_struct/transform_chia/model_output/Llama-3-70B-Instruct_5_shot/Llama-3-70B-Instruct_NCT02986659_exc_5_shot.json' gespeichert.
File: NCT02986659_inc 

Das File: /work/eauten2s/ec_criteria_struct/transform_chia/input/half_clinical_trials/NCT02986659_inc.txt wurde erfolgreich geladen.
NCT02986659_inc Done 

Die Daten wurden erfolgreich in '/work/eauten2s/ec_criteria_struct/transform_chia/model_output/Llama-3-70B-Instruct_5_shot/Llama-3-70B-Instruct_NCT02986659_inc_5_shot.json' gespeichert.
File: NCT02990403_exc 

Das File: /work/eauten2s/ec_criteria_struct/transform_chia/input/half_clinical_trials/NCT02990403_exc.txt wurde erfolgreich geladen.
NCT02990403_exc Done 

Die Daten wurden erfolgreich in '/work/eauten2s/ec_criteria_struct/transform_chia/model_output/Llama-3-70B-Instruct_5_shot/Llama-3-70B-Instruct_NCT02990403_exc_5_shot.json' gespeichert.
File: NCT02990403_inc 

Das File: /work/eauten2s/ec_criteria_struct/transform_chia/input/half_clinical_trials/NCT02990403_inc.txt wurde erfolgreich geladen.
NCT02990403_inc Done 

Die Daten wurden erfolgreich in '/work/eauten2s/ec_criteria_struct/transform_chia/model_output/Llama-3-70B-Instruct_5_shot/Llama-3-70B-Instruct_NCT02990403_inc_5_shot.json' gespeichert.
File: NCT02992028_exc 

Das File: /work/eauten2s/ec_criteria_struct/transform_chia/input/half_clinical_trials/NCT02992028_exc.txt wurde erfolgreich geladen.
NCT02992028_exc Done 

Die Daten wurden erfolgreich in '/work/eauten2s/ec_criteria_struct/transform_chia/model_output/Llama-3-70B-Instruct_5_shot/Llama-3-70B-Instruct_NCT02992028_exc_5_shot.json' gespeichert.
File: NCT02992028_inc 

Das File: /work/eauten2s/ec_criteria_struct/transform_chia/input/half_clinical_trials/NCT02992028_inc.txt wurde erfolgreich geladen.
NCT02992028_inc Done 

Die Daten wurden erfolgreich in '/work/eauten2s/ec_criteria_struct/transform_chia/model_output/Llama-3-70B-Instruct_5_shot/Llama-3-70B-Instruct_NCT02992028_inc_5_shot.json' gespeichert.
File: NCT02992938_exc 

Das File: /work/eauten2s/ec_criteria_struct/transform_chia/input/half_clinical_trials/NCT02992938_exc.txt wurde erfolgreich geladen.
NCT02992938_exc Done 

Die Daten wurden erfolgreich in '/work/eauten2s/ec_criteria_struct/transform_chia/model_output/Llama-3-70B-Instruct_5_shot/Llama-3-70B-Instruct_NCT02992938_exc_5_shot.json' gespeichert.
File: NCT02992938_inc 

Das File: /work/eauten2s/ec_criteria_struct/transform_chia/input/half_clinical_trials/NCT02992938_inc.txt wurde erfolgreich geladen.
NCT02992938_inc Done 

Die Daten wurden erfolgreich in '/work/eauten2s/ec_criteria_struct/transform_chia/model_output/Llama-3-70B-Instruct_5_shot/Llama-3-70B-Instruct_NCT02992938_inc_5_shot.json' gespeichert.
File: NCT02995291_exc 

Das File: /work/eauten2s/ec_criteria_struct/transform_chia/input/half_clinical_trials/NCT02995291_exc.txt wurde erfolgreich geladen.
NCT02995291_exc Done 

Die Daten wurden erfolgreich in '/work/eauten2s/ec_criteria_struct/transform_chia/model_output/Llama-3-70B-Instruct_5_shot/Llama-3-70B-Instruct_NCT02995291_exc_5_shot.json' gespeichert.
File: NCT02995291_inc 

Das File: /work/eauten2s/ec_criteria_struct/transform_chia/input/half_clinical_trials/NCT02995291_inc.txt wurde erfolgreich geladen.
NCT02995291_inc Done 

Die Daten wurden erfolgreich in '/work/eauten2s/ec_criteria_struct/transform_chia/model_output/Llama-3-70B-Instruct_5_shot/Llama-3-70B-Instruct_NCT02995291_inc_5_shot.json' gespeichert.
File: NCT02996916_exc 

Das File: /work/eauten2s/ec_criteria_struct/transform_chia/input/half_clinical_trials/NCT02996916_exc.txt wurde erfolgreich geladen.
NCT02996916_exc Done 

Die Daten wurden erfolgreich in '/work/eauten2s/ec_criteria_struct/transform_chia/model_output/Llama-3-70B-Instruct_5_shot/Llama-3-70B-Instruct_NCT02996916_exc_5_shot.json' gespeichert.
File: NCT02996916_inc 

Das File: /work/eauten2s/ec_criteria_struct/transform_chia/input/half_clinical_trials/NCT02996916_inc.txt wurde erfolgreich geladen.
NCT02996916_inc Done 

Die Daten wurden erfolgreich in '/work/eauten2s/ec_criteria_struct/transform_chia/model_output/Llama-3-70B-Instruct_5_shot/Llama-3-70B-Instruct_NCT02996916_inc_5_shot.json' gespeichert.
File: NCT02997215_exc 

Das File: /work/eauten2s/ec_criteria_struct/transform_chia/input/half_clinical_trials/NCT02997215_exc.txt wurde erfolgreich geladen.
NCT02997215_exc Done 

Die Daten wurden erfolgreich in '/work/eauten2s/ec_criteria_struct/transform_chia/model_output/Llama-3-70B-Instruct_5_shot/Llama-3-70B-Instruct_NCT02997215_exc_5_shot.json' gespeichert.
File: NCT02997215_inc 

Das File: /work/eauten2s/ec_criteria_struct/transform_chia/input/half_clinical_trials/NCT02997215_inc.txt wurde erfolgreich geladen.
NCT02997215_inc Done 

Die Daten wurden erfolgreich in '/work/eauten2s/ec_criteria_struct/transform_chia/model_output/Llama-3-70B-Instruct_5_shot/Llama-3-70B-Instruct_NCT02997215_inc_5_shot.json' gespeichert.
File: NCT03004209_exc 

Das File: /work/eauten2s/ec_criteria_struct/transform_chia/input/half_clinical_trials/NCT03004209_exc.txt wurde erfolgreich geladen.
NCT03004209_exc Done 

Die Daten wurden erfolgreich in '/work/eauten2s/ec_criteria_struct/transform_chia/model_output/Llama-3-70B-Instruct_5_shot/Llama-3-70B-Instruct_NCT03004209_exc_5_shot.json' gespeichert.
File: NCT03004209_inc 

Das File: /work/eauten2s/ec_criteria_struct/transform_chia/input/half_clinical_trials/NCT03004209_inc.txt wurde erfolgreich geladen.
NCT03004209_inc Done 

Die Daten wurden erfolgreich in '/work/eauten2s/ec_criteria_struct/transform_chia/model_output/Llama-3-70B-Instruct_5_shot/Llama-3-70B-Instruct_NCT03004209_inc_5_shot.json' gespeichert.
File: NCT03004261_exc 

Das File: /work/eauten2s/ec_criteria_struct/transform_chia/input/half_clinical_trials/NCT03004261_exc.txt wurde erfolgreich geladen.
NCT03004261_exc Done 

Die Daten wurden erfolgreich in '/work/eauten2s/ec_criteria_struct/transform_chia/model_output/Llama-3-70B-Instruct_5_shot/Llama-3-70B-Instruct_NCT03004261_exc_5_shot.json' gespeichert.
File: NCT03004261_inc 

Das File: /work/eauten2s/ec_criteria_struct/transform_chia/input/half_clinical_trials/NCT03004261_inc.txt wurde erfolgreich geladen.
NCT03004261_inc Done 

Die Daten wurden erfolgreich in '/work/eauten2s/ec_criteria_struct/transform_chia/model_output/Llama-3-70B-Instruct_5_shot/Llama-3-70B-Instruct_NCT03004261_inc_5_shot.json' gespeichert.
File: NCT03008005_exc 

Das File: /work/eauten2s/ec_criteria_struct/transform_chia/input/half_clinical_trials/NCT03008005_exc.txt wurde erfolgreich geladen.
NCT03008005_exc Done 

Die Daten wurden erfolgreich in '/work/eauten2s/ec_criteria_struct/transform_chia/model_output/Llama-3-70B-Instruct_5_shot/Llama-3-70B-Instruct_NCT03008005_exc_5_shot.json' gespeichert.
File: NCT03008005_inc 

Das File: /work/eauten2s/ec_criteria_struct/transform_chia/input/half_clinical_trials/NCT03008005_inc.txt wurde erfolgreich geladen.
NCT03008005_inc Done 

Die Daten wurden erfolgreich in '/work/eauten2s/ec_criteria_struct/transform_chia/model_output/Llama-3-70B-Instruct_5_shot/Llama-3-70B-Instruct_NCT03008005_inc_5_shot.json' gespeichert.
File: NCT03011177_exc 

Das File: /work/eauten2s/ec_criteria_struct/transform_chia/input/half_clinical_trials/NCT03011177_exc.txt wurde erfolgreich geladen.
NCT03011177_exc Done 

Die Daten wurden erfolgreich in '/work/eauten2s/ec_criteria_struct/transform_chia/model_output/Llama-3-70B-Instruct_5_shot/Llama-3-70B-Instruct_NCT03011177_exc_5_shot.json' gespeichert.
File: NCT03011177_inc 

Das File: /work/eauten2s/ec_criteria_struct/transform_chia/input/half_clinical_trials/NCT03011177_inc.txt wurde erfolgreich geladen.
NCT03011177_inc Done 

Die Daten wurden erfolgreich in '/work/eauten2s/ec_criteria_struct/transform_chia/model_output/Llama-3-70B-Instruct_5_shot/Llama-3-70B-Instruct_NCT03011177_inc_5_shot.json' gespeichert.
File: NCT03011476_exc 

Das File: /work/eauten2s/ec_criteria_struct/transform_chia/input/half_clinical_trials/NCT03011476_exc.txt wurde erfolgreich geladen.
NCT03011476_exc Done 

Die Daten wurden erfolgreich in '/work/eauten2s/ec_criteria_struct/transform_chia/model_output/Llama-3-70B-Instruct_5_shot/Llama-3-70B-Instruct_NCT03011476_exc_5_shot.json' gespeichert.
File: NCT03011476_inc 

Das File: /work/eauten2s/ec_criteria_struct/transform_chia/input/half_clinical_trials/NCT03011476_inc.txt wurde erfolgreich geladen.
NCT03011476_inc Done 

Die Daten wurden erfolgreich in '/work/eauten2s/ec_criteria_struct/transform_chia/model_output/Llama-3-70B-Instruct_5_shot/Llama-3-70B-Instruct_NCT03011476_inc_5_shot.json' gespeichert.
File: NCT03012984_exc 

Das File: /work/eauten2s/ec_criteria_struct/transform_chia/input/half_clinical_trials/NCT03012984_exc.txt wurde erfolgreich geladen.
NCT03012984_exc Done 

Die Daten wurden erfolgreich in '/work/eauten2s/ec_criteria_struct/transform_chia/model_output/Llama-3-70B-Instruct_5_shot/Llama-3-70B-Instruct_NCT03012984_exc_5_shot.json' gespeichert.
File: NCT03012984_inc 

Das File: /work/eauten2s/ec_criteria_struct/transform_chia/input/half_clinical_trials/NCT03012984_inc.txt wurde erfolgreich geladen.
NCT03012984_inc Done 

Die Daten wurden erfolgreich in '/work/eauten2s/ec_criteria_struct/transform_chia/model_output/Llama-3-70B-Instruct_5_shot/Llama-3-70B-Instruct_NCT03012984_inc_5_shot.json' gespeichert.
File: NCT03013790_exc 

Das File: /work/eauten2s/ec_criteria_struct/transform_chia/input/half_clinical_trials/NCT03013790_exc.txt wurde erfolgreich geladen.
NCT03013790_exc Done 

Die Daten wurden erfolgreich in '/work/eauten2s/ec_criteria_struct/transform_chia/model_output/Llama-3-70B-Instruct_5_shot/Llama-3-70B-Instruct_NCT03013790_exc_5_shot.json' gespeichert.
File: NCT03013790_inc 

Das File: /work/eauten2s/ec_criteria_struct/transform_chia/input/half_clinical_trials/NCT03013790_inc.txt wurde erfolgreich geladen.
NCT03013790_inc Done 

Die Daten wurden erfolgreich in '/work/eauten2s/ec_criteria_struct/transform_chia/model_output/Llama-3-70B-Instruct_5_shot/Llama-3-70B-Instruct_NCT03013790_inc_5_shot.json' gespeichert.
File: NCT03015818_exc 

Das File: /work/eauten2s/ec_criteria_struct/transform_chia/input/half_clinical_trials/NCT03015818_exc.txt wurde erfolgreich geladen.
NCT03015818_exc Done 

Die Daten wurden erfolgreich in '/work/eauten2s/ec_criteria_struct/transform_chia/model_output/Llama-3-70B-Instruct_5_shot/Llama-3-70B-Instruct_NCT03015818_exc_5_shot.json' gespeichert.
File: NCT03015818_inc 

Das File: /work/eauten2s/ec_criteria_struct/transform_chia/input/half_clinical_trials/NCT03015818_inc.txt wurde erfolgreich geladen.
NCT03015818_inc Done 

Die Daten wurden erfolgreich in '/work/eauten2s/ec_criteria_struct/transform_chia/model_output/Llama-3-70B-Instruct_5_shot/Llama-3-70B-Instruct_NCT03015818_inc_5_shot.json' gespeichert.
File: NCT03016741_exc 

Das File: /work/eauten2s/ec_criteria_struct/transform_chia/input/half_clinical_trials/NCT03016741_exc.txt wurde erfolgreich geladen.
NCT03016741_exc Done 

Die Daten wurden erfolgreich in '/work/eauten2s/ec_criteria_struct/transform_chia/model_output/Llama-3-70B-Instruct_5_shot/Llama-3-70B-Instruct_NCT03016741_exc_5_shot.json' gespeichert.
File: NCT03016741_inc 

Das File: /work/eauten2s/ec_criteria_struct/transform_chia/input/half_clinical_trials/NCT03016741_inc.txt wurde erfolgreich geladen.
NCT03016741_inc Done 

Die Daten wurden erfolgreich in '/work/eauten2s/ec_criteria_struct/transform_chia/model_output/Llama-3-70B-Instruct_5_shot/Llama-3-70B-Instruct_NCT03016741_inc_5_shot.json' gespeichert.
File: NCT03017053_exc 

Das File: /work/eauten2s/ec_criteria_struct/transform_chia/input/half_clinical_trials/NCT03017053_exc.txt wurde erfolgreich geladen.
NCT03017053_exc Done 

Die Daten wurden erfolgreich in '/work/eauten2s/ec_criteria_struct/transform_chia/model_output/Llama-3-70B-Instruct_5_shot/Llama-3-70B-Instruct_NCT03017053_exc_5_shot.json' gespeichert.
File: NCT03017053_inc 

Das File: /work/eauten2s/ec_criteria_struct/transform_chia/input/half_clinical_trials/NCT03017053_inc.txt wurde erfolgreich geladen.
NCT03017053_inc Done 

Die Daten wurden erfolgreich in '/work/eauten2s/ec_criteria_struct/transform_chia/model_output/Llama-3-70B-Instruct_5_shot/Llama-3-70B-Instruct_NCT03017053_inc_5_shot.json' gespeichert.
File: NCT03018171_exc 

Das File: /work/eauten2s/ec_criteria_struct/transform_chia/input/half_clinical_trials/NCT03018171_exc.txt wurde erfolgreich geladen.
NCT03018171_exc Done 

Die Daten wurden erfolgreich in '/work/eauten2s/ec_criteria_struct/transform_chia/model_output/Llama-3-70B-Instruct_5_shot/Llama-3-70B-Instruct_NCT03018171_exc_5_shot.json' gespeichert.
File: NCT03018171_inc 

Das File: /work/eauten2s/ec_criteria_struct/transform_chia/input/half_clinical_trials/NCT03018171_inc.txt wurde erfolgreich geladen.
NCT03018171_inc Done 

Die Daten wurden erfolgreich in '/work/eauten2s/ec_criteria_struct/transform_chia/model_output/Llama-3-70B-Instruct_5_shot/Llama-3-70B-Instruct_NCT03018171_inc_5_shot.json' gespeichert.
File: NCT03019562_exc 

Das File: /work/eauten2s/ec_criteria_struct/transform_chia/input/half_clinical_trials/NCT03019562_exc.txt wurde erfolgreich geladen.
NCT03019562_exc Done 

Die Daten wurden erfolgreich in '/work/eauten2s/ec_criteria_struct/transform_chia/model_output/Llama-3-70B-Instruct_5_shot/Llama-3-70B-Instruct_NCT03019562_exc_5_shot.json' gespeichert.
File: NCT03019562_inc 

Das File: /work/eauten2s/ec_criteria_struct/transform_chia/input/half_clinical_trials/NCT03019562_inc.txt wurde erfolgreich geladen.
NCT03019562_inc Done 

Die Daten wurden erfolgreich in '/work/eauten2s/ec_criteria_struct/transform_chia/model_output/Llama-3-70B-Instruct_5_shot/Llama-3-70B-Instruct_NCT03019562_inc_5_shot.json' gespeichert.
File: NCT03025620_exc 

Das File: /work/eauten2s/ec_criteria_struct/transform_chia/input/half_clinical_trials/NCT03025620_exc.txt wurde erfolgreich geladen.
NCT03025620_exc Done 

Die Daten wurden erfolgreich in '/work/eauten2s/ec_criteria_struct/transform_chia/model_output/Llama-3-70B-Instruct_5_shot/Llama-3-70B-Instruct_NCT03025620_exc_5_shot.json' gespeichert.
File: NCT03025620_inc 

Das File: /work/eauten2s/ec_criteria_struct/transform_chia/input/half_clinical_trials/NCT03025620_inc.txt wurde erfolgreich geladen.
NCT03025620_inc Done 

Die Daten wurden erfolgreich in '/work/eauten2s/ec_criteria_struct/transform_chia/model_output/Llama-3-70B-Instruct_5_shot/Llama-3-70B-Instruct_NCT03025620_inc_5_shot.json' gespeichert.
File: NCT03026088_exc 

Das File: /work/eauten2s/ec_criteria_struct/transform_chia/input/half_clinical_trials/NCT03026088_exc.txt wurde erfolgreich geladen.
NCT03026088_exc Done 

Die Daten wurden erfolgreich in '/work/eauten2s/ec_criteria_struct/transform_chia/model_output/Llama-3-70B-Instruct_5_shot/Llama-3-70B-Instruct_NCT03026088_exc_5_shot.json' gespeichert.
File: NCT03026088_inc 

Das File: /work/eauten2s/ec_criteria_struct/transform_chia/input/half_clinical_trials/NCT03026088_inc.txt wurde erfolgreich geladen.
NCT03026088_inc Done 

Die Daten wurden erfolgreich in '/work/eauten2s/ec_criteria_struct/transform_chia/model_output/Llama-3-70B-Instruct_5_shot/Llama-3-70B-Instruct_NCT03026088_inc_5_shot.json' gespeichert.
File: NCT03026465_exc 

Das File: /work/eauten2s/ec_criteria_struct/transform_chia/input/half_clinical_trials/NCT03026465_exc.txt wurde erfolgreich geladen.
NCT03026465_exc Done 

Die Daten wurden erfolgreich in '/work/eauten2s/ec_criteria_struct/transform_chia/model_output/Llama-3-70B-Instruct_5_shot/Llama-3-70B-Instruct_NCT03026465_exc_5_shot.json' gespeichert.
File: NCT03026465_inc 

Das File: /work/eauten2s/ec_criteria_struct/transform_chia/input/half_clinical_trials/NCT03026465_inc.txt wurde erfolgreich geladen.
NCT03026465_inc Done 

Die Daten wurden erfolgreich in '/work/eauten2s/ec_criteria_struct/transform_chia/model_output/Llama-3-70B-Instruct_5_shot/Llama-3-70B-Instruct_NCT03026465_inc_5_shot.json' gespeichert.
File: NCT03027115_exc 

Das File: /work/eauten2s/ec_criteria_struct/transform_chia/input/half_clinical_trials/NCT03027115_exc.txt wurde erfolgreich geladen.
NCT03027115_exc Done 

Die Daten wurden erfolgreich in '/work/eauten2s/ec_criteria_struct/transform_chia/model_output/Llama-3-70B-Instruct_5_shot/Llama-3-70B-Instruct_NCT03027115_exc_5_shot.json' gespeichert.
File: NCT03027115_inc 

Das File: /work/eauten2s/ec_criteria_struct/transform_chia/input/half_clinical_trials/NCT03027115_inc.txt wurde erfolgreich geladen.
NCT03027115_inc Done 

Die Daten wurden erfolgreich in '/work/eauten2s/ec_criteria_struct/transform_chia/model_output/Llama-3-70B-Instruct_5_shot/Llama-3-70B-Instruct_NCT03027115_inc_5_shot.json' gespeichert.
File: NCT03029078_exc 

Das File: /work/eauten2s/ec_criteria_struct/transform_chia/input/half_clinical_trials/NCT03029078_exc.txt wurde erfolgreich geladen.
NCT03029078_exc Done 

Die Daten wurden erfolgreich in '/work/eauten2s/ec_criteria_struct/transform_chia/model_output/Llama-3-70B-Instruct_5_shot/Llama-3-70B-Instruct_NCT03029078_exc_5_shot.json' gespeichert.
File: NCT03029078_inc 

Das File: /work/eauten2s/ec_criteria_struct/transform_chia/input/half_clinical_trials/NCT03029078_inc.txt wurde erfolgreich geladen.
NCT03029078_inc Done 

Die Daten wurden erfolgreich in '/work/eauten2s/ec_criteria_struct/transform_chia/model_output/Llama-3-70B-Instruct_5_shot/Llama-3-70B-Instruct_NCT03029078_inc_5_shot.json' gespeichert.
File: NCT03033745_exc 

Das File: /work/eauten2s/ec_criteria_struct/transform_chia/input/half_clinical_trials/NCT03033745_exc.txt wurde erfolgreich geladen.
NCT03033745_exc Done 

Die Daten wurden erfolgreich in '/work/eauten2s/ec_criteria_struct/transform_chia/model_output/Llama-3-70B-Instruct_5_shot/Llama-3-70B-Instruct_NCT03033745_exc_5_shot.json' gespeichert.
File: NCT03033745_inc 

Das File: /work/eauten2s/ec_criteria_struct/transform_chia/input/half_clinical_trials/NCT03033745_inc.txt wurde erfolgreich geladen.
NCT03033745_inc Done 

Die Daten wurden erfolgreich in '/work/eauten2s/ec_criteria_struct/transform_chia/model_output/Llama-3-70B-Instruct_5_shot/Llama-3-70B-Instruct_NCT03033745_inc_5_shot.json' gespeichert.
File: NCT03034096_exc 

Das File: /work/eauten2s/ec_criteria_struct/transform_chia/input/half_clinical_trials/NCT03034096_exc.txt wurde erfolgreich geladen.
NCT03034096_exc Done 

Die Daten wurden erfolgreich in '/work/eauten2s/ec_criteria_struct/transform_chia/model_output/Llama-3-70B-Instruct_5_shot/Llama-3-70B-Instruct_NCT03034096_exc_5_shot.json' gespeichert.
File: NCT03034096_inc 

Das File: /work/eauten2s/ec_criteria_struct/transform_chia/input/half_clinical_trials/NCT03034096_inc.txt wurde erfolgreich geladen.
NCT03034096_inc Done 

Die Daten wurden erfolgreich in '/work/eauten2s/ec_criteria_struct/transform_chia/model_output/Llama-3-70B-Instruct_5_shot/Llama-3-70B-Instruct_NCT03034096_inc_5_shot.json' gespeichert.
File: NCT03034733_exc 

Das File: /work/eauten2s/ec_criteria_struct/transform_chia/input/half_clinical_trials/NCT03034733_exc.txt wurde erfolgreich geladen.
NCT03034733_exc Done 

Die Daten wurden erfolgreich in '/work/eauten2s/ec_criteria_struct/transform_chia/model_output/Llama-3-70B-Instruct_5_shot/Llama-3-70B-Instruct_NCT03034733_exc_5_shot.json' gespeichert.
File: NCT03034733_inc 

Das File: /work/eauten2s/ec_criteria_struct/transform_chia/input/half_clinical_trials/NCT03034733_inc.txt wurde erfolgreich geladen.
NCT03034733_inc Done 

Die Daten wurden erfolgreich in '/work/eauten2s/ec_criteria_struct/transform_chia/model_output/Llama-3-70B-Instruct_5_shot/Llama-3-70B-Instruct_NCT03034733_inc_5_shot.json' gespeichert.
File: NCT03034837_exc 

Das File: /work/eauten2s/ec_criteria_struct/transform_chia/input/half_clinical_trials/NCT03034837_exc.txt wurde erfolgreich geladen.
NCT03034837_exc Done 

Die Daten wurden erfolgreich in '/work/eauten2s/ec_criteria_struct/transform_chia/model_output/Llama-3-70B-Instruct_5_shot/Llama-3-70B-Instruct_NCT03034837_exc_5_shot.json' gespeichert.
File: NCT03034837_inc 

Das File: /work/eauten2s/ec_criteria_struct/transform_chia/input/half_clinical_trials/NCT03034837_inc.txt wurde erfolgreich geladen.
NCT03034837_inc Done 

Die Daten wurden erfolgreich in '/work/eauten2s/ec_criteria_struct/transform_chia/model_output/Llama-3-70B-Instruct_5_shot/Llama-3-70B-Instruct_NCT03034837_inc_5_shot.json' gespeichert.
File: NCT03036462_exc 

Das File: /work/eauten2s/ec_criteria_struct/transform_chia/input/half_clinical_trials/NCT03036462_exc.txt wurde erfolgreich geladen.
NCT03036462_exc Done 

Die Daten wurden erfolgreich in '/work/eauten2s/ec_criteria_struct/transform_chia/model_output/Llama-3-70B-Instruct_5_shot/Llama-3-70B-Instruct_NCT03036462_exc_5_shot.json' gespeichert.
File: NCT03036462_inc 

Das File: /work/eauten2s/ec_criteria_struct/transform_chia/input/half_clinical_trials/NCT03036462_inc.txt wurde erfolgreich geladen.
NCT03036462_inc Done 

Die Daten wurden erfolgreich in '/work/eauten2s/ec_criteria_struct/transform_chia/model_output/Llama-3-70B-Instruct_5_shot/Llama-3-70B-Instruct_NCT03036462_inc_5_shot.json' gespeichert.
File: NCT03040024_exc 

Das File: /work/eauten2s/ec_criteria_struct/transform_chia/input/half_clinical_trials/NCT03040024_exc.txt wurde erfolgreich geladen.
NCT03040024_exc Done 

Die Daten wurden erfolgreich in '/work/eauten2s/ec_criteria_struct/transform_chia/model_output/Llama-3-70B-Instruct_5_shot/Llama-3-70B-Instruct_NCT03040024_exc_5_shot.json' gespeichert.
File: NCT03040024_inc 

Das File: /work/eauten2s/ec_criteria_struct/transform_chia/input/half_clinical_trials/NCT03040024_inc.txt wurde erfolgreich geladen.
NCT03040024_inc Done 

Die Daten wurden erfolgreich in '/work/eauten2s/ec_criteria_struct/transform_chia/model_output/Llama-3-70B-Instruct_5_shot/Llama-3-70B-Instruct_NCT03040024_inc_5_shot.json' gespeichert.
File: NCT03043495_exc 

Das File: /work/eauten2s/ec_criteria_struct/transform_chia/input/half_clinical_trials/NCT03043495_exc.txt wurde erfolgreich geladen.
NCT03043495_exc Done 

Die Daten wurden erfolgreich in '/work/eauten2s/ec_criteria_struct/transform_chia/model_output/Llama-3-70B-Instruct_5_shot/Llama-3-70B-Instruct_NCT03043495_exc_5_shot.json' gespeichert.
File: NCT03043495_inc 

Das File: /work/eauten2s/ec_criteria_struct/transform_chia/input/half_clinical_trials/NCT03043495_inc.txt wurde erfolgreich geladen.
NCT03043495_inc Done 

Die Daten wurden erfolgreich in '/work/eauten2s/ec_criteria_struct/transform_chia/model_output/Llama-3-70B-Instruct_5_shot/Llama-3-70B-Instruct_NCT03043495_inc_5_shot.json' gespeichert.
File: NCT03044093_exc 

Das File: /work/eauten2s/ec_criteria_struct/transform_chia/input/half_clinical_trials/NCT03044093_exc.txt wurde erfolgreich geladen.
NCT03044093_exc Done 

Die Daten wurden erfolgreich in '/work/eauten2s/ec_criteria_struct/transform_chia/model_output/Llama-3-70B-Instruct_5_shot/Llama-3-70B-Instruct_NCT03044093_exc_5_shot.json' gespeichert.
File: NCT03044093_inc 

Das File: /work/eauten2s/ec_criteria_struct/transform_chia/input/half_clinical_trials/NCT03044093_inc.txt wurde erfolgreich geladen.
NCT03044093_inc Done 

Die Daten wurden erfolgreich in '/work/eauten2s/ec_criteria_struct/transform_chia/model_output/Llama-3-70B-Instruct_5_shot/Llama-3-70B-Instruct_NCT03044093_inc_5_shot.json' gespeichert.
File: NCT03044561_exc 

Das File: /work/eauten2s/ec_criteria_struct/transform_chia/input/half_clinical_trials/NCT03044561_exc.txt wurde erfolgreich geladen.
NCT03044561_exc Done 

Die Daten wurden erfolgreich in '/work/eauten2s/ec_criteria_struct/transform_chia/model_output/Llama-3-70B-Instruct_5_shot/Llama-3-70B-Instruct_NCT03044561_exc_5_shot.json' gespeichert.
File: NCT03044561_inc 

Das File: /work/eauten2s/ec_criteria_struct/transform_chia/input/half_clinical_trials/NCT03044561_inc.txt wurde erfolgreich geladen.
NCT03044561_inc Done 

Die Daten wurden erfolgreich in '/work/eauten2s/ec_criteria_struct/transform_chia/model_output/Llama-3-70B-Instruct_5_shot/Llama-3-70B-Instruct_NCT03044561_inc_5_shot.json' gespeichert.
File: NCT03045562_exc 

Das File: /work/eauten2s/ec_criteria_struct/transform_chia/input/half_clinical_trials/NCT03045562_exc.txt wurde erfolgreich geladen.
NCT03045562_exc Done 

Die Daten wurden erfolgreich in '/work/eauten2s/ec_criteria_struct/transform_chia/model_output/Llama-3-70B-Instruct_5_shot/Llama-3-70B-Instruct_NCT03045562_exc_5_shot.json' gespeichert.
File: NCT03045562_inc 

Das File: /work/eauten2s/ec_criteria_struct/transform_chia/input/half_clinical_trials/NCT03045562_inc.txt wurde erfolgreich geladen.
NCT03045562_inc Done 

Die Daten wurden erfolgreich in '/work/eauten2s/ec_criteria_struct/transform_chia/model_output/Llama-3-70B-Instruct_5_shot/Llama-3-70B-Instruct_NCT03045562_inc_5_shot.json' gespeichert.
File: NCT03046108_exc 

Das File: /work/eauten2s/ec_criteria_struct/transform_chia/input/half_clinical_trials/NCT03046108_exc.txt wurde erfolgreich geladen.
NCT03046108_exc Done 

Die Daten wurden erfolgreich in '/work/eauten2s/ec_criteria_struct/transform_chia/model_output/Llama-3-70B-Instruct_5_shot/Llama-3-70B-Instruct_NCT03046108_exc_5_shot.json' gespeichert.
File: NCT03046108_inc 

Das File: /work/eauten2s/ec_criteria_struct/transform_chia/input/half_clinical_trials/NCT03046108_inc.txt wurde erfolgreich geladen.
NCT03046108_inc Done 

Die Daten wurden erfolgreich in '/work/eauten2s/ec_criteria_struct/transform_chia/model_output/Llama-3-70B-Instruct_5_shot/Llama-3-70B-Instruct_NCT03046108_inc_5_shot.json' gespeichert.
File: NCT03047538_exc 

Das File: /work/eauten2s/ec_criteria_struct/transform_chia/input/half_clinical_trials/NCT03047538_exc.txt wurde erfolgreich geladen.
NCT03047538_exc Done 

Die Daten wurden erfolgreich in '/work/eauten2s/ec_criteria_struct/transform_chia/model_output/Llama-3-70B-Instruct_5_shot/Llama-3-70B-Instruct_NCT03047538_exc_5_shot.json' gespeichert.
File: NCT03047538_inc 

Das File: /work/eauten2s/ec_criteria_struct/transform_chia/input/half_clinical_trials/NCT03047538_inc.txt wurde erfolgreich geladen.
NCT03047538_inc Done 

Die Daten wurden erfolgreich in '/work/eauten2s/ec_criteria_struct/transform_chia/model_output/Llama-3-70B-Instruct_5_shot/Llama-3-70B-Instruct_NCT03047538_inc_5_shot.json' gespeichert.
File: NCT03056287_exc 

Das File: /work/eauten2s/ec_criteria_struct/transform_chia/input/half_clinical_trials/NCT03056287_exc.txt wurde erfolgreich geladen.
NCT03056287_exc Done 

Die Daten wurden erfolgreich in '/work/eauten2s/ec_criteria_struct/transform_chia/model_output/Llama-3-70B-Instruct_5_shot/Llama-3-70B-Instruct_NCT03056287_exc_5_shot.json' gespeichert.
File: NCT03056287_inc 

Das File: /work/eauten2s/ec_criteria_struct/transform_chia/input/half_clinical_trials/NCT03056287_inc.txt wurde erfolgreich geladen.
NCT03056287_inc Done 

Die Daten wurden erfolgreich in '/work/eauten2s/ec_criteria_struct/transform_chia/model_output/Llama-3-70B-Instruct_5_shot/Llama-3-70B-Instruct_NCT03056287_inc_5_shot.json' gespeichert.
File: NCT03056391_exc 

Das File: /work/eauten2s/ec_criteria_struct/transform_chia/input/half_clinical_trials/NCT03056391_exc.txt wurde erfolgreich geladen.
NCT03056391_exc Done 

Die Daten wurden erfolgreich in '/work/eauten2s/ec_criteria_struct/transform_chia/model_output/Llama-3-70B-Instruct_5_shot/Llama-3-70B-Instruct_NCT03056391_exc_5_shot.json' gespeichert.
File: NCT03056391_inc 

Das File: /work/eauten2s/ec_criteria_struct/transform_chia/input/half_clinical_trials/NCT03056391_inc.txt wurde erfolgreich geladen.
NCT03056391_inc Done 

Die Daten wurden erfolgreich in '/work/eauten2s/ec_criteria_struct/transform_chia/model_output/Llama-3-70B-Instruct_5_shot/Llama-3-70B-Instruct_NCT03056391_inc_5_shot.json' gespeichert.
File: NCT03058835_exc 

Das File: /work/eauten2s/ec_criteria_struct/transform_chia/input/half_clinical_trials/NCT03058835_exc.txt wurde erfolgreich geladen.
NCT03058835_exc Done 

Die Daten wurden erfolgreich in '/work/eauten2s/ec_criteria_struct/transform_chia/model_output/Llama-3-70B-Instruct_5_shot/Llama-3-70B-Instruct_NCT03058835_exc_5_shot.json' gespeichert.
File: NCT03058835_inc 

Das File: /work/eauten2s/ec_criteria_struct/transform_chia/input/half_clinical_trials/NCT03058835_inc.txt wurde erfolgreich geladen.
NCT03058835_inc Done 

Die Daten wurden erfolgreich in '/work/eauten2s/ec_criteria_struct/transform_chia/model_output/Llama-3-70B-Instruct_5_shot/Llama-3-70B-Instruct_NCT03058835_inc_5_shot.json' gespeichert.
File: NCT03059069_exc 

Das File: /work/eauten2s/ec_criteria_struct/transform_chia/input/half_clinical_trials/NCT03059069_exc.txt wurde erfolgreich geladen.
NCT03059069_exc Done 

Die Daten wurden erfolgreich in '/work/eauten2s/ec_criteria_struct/transform_chia/model_output/Llama-3-70B-Instruct_5_shot/Llama-3-70B-Instruct_NCT03059069_exc_5_shot.json' gespeichert.
File: NCT03059069_inc 

Das File: /work/eauten2s/ec_criteria_struct/transform_chia/input/half_clinical_trials/NCT03059069_inc.txt wurde erfolgreich geladen.
NCT03059069_inc Done 

Die Daten wurden erfolgreich in '/work/eauten2s/ec_criteria_struct/transform_chia/model_output/Llama-3-70B-Instruct_5_shot/Llama-3-70B-Instruct_NCT03059069_inc_5_shot.json' gespeichert.
File: NCT03062358_exc 

Das File: /work/eauten2s/ec_criteria_struct/transform_chia/input/half_clinical_trials/NCT03062358_exc.txt wurde erfolgreich geladen.
NCT03062358_exc Done 

Die Daten wurden erfolgreich in '/work/eauten2s/ec_criteria_struct/transform_chia/model_output/Llama-3-70B-Instruct_5_shot/Llama-3-70B-Instruct_NCT03062358_exc_5_shot.json' gespeichert.
File: NCT03062358_inc 

Das File: /work/eauten2s/ec_criteria_struct/transform_chia/input/half_clinical_trials/NCT03062358_inc.txt wurde erfolgreich geladen.
NCT03062358_inc Done 

Die Daten wurden erfolgreich in '/work/eauten2s/ec_criteria_struct/transform_chia/model_output/Llama-3-70B-Instruct_5_shot/Llama-3-70B-Instruct_NCT03062358_inc_5_shot.json' gespeichert.
File: NCT03063866_exc 

Das File: /work/eauten2s/ec_criteria_struct/transform_chia/input/half_clinical_trials/NCT03063866_exc.txt wurde erfolgreich geladen.
NCT03063866_exc Done 

Die Daten wurden erfolgreich in '/work/eauten2s/ec_criteria_struct/transform_chia/model_output/Llama-3-70B-Instruct_5_shot/Llama-3-70B-Instruct_NCT03063866_exc_5_shot.json' gespeichert.
File: NCT03063866_inc 

Das File: /work/eauten2s/ec_criteria_struct/transform_chia/input/half_clinical_trials/NCT03063866_inc.txt wurde erfolgreich geladen.
NCT03063866_inc Done 

Die Daten wurden erfolgreich in '/work/eauten2s/ec_criteria_struct/transform_chia/model_output/Llama-3-70B-Instruct_5_shot/Llama-3-70B-Instruct_NCT03063866_inc_5_shot.json' gespeichert.
File: NCT03064568_exc 

Das File: /work/eauten2s/ec_criteria_struct/transform_chia/input/half_clinical_trials/NCT03064568_exc.txt wurde erfolgreich geladen.
NCT03064568_exc Done 

Die Daten wurden erfolgreich in '/work/eauten2s/ec_criteria_struct/transform_chia/model_output/Llama-3-70B-Instruct_5_shot/Llama-3-70B-Instruct_NCT03064568_exc_5_shot.json' gespeichert.
File: NCT03064568_inc 

Das File: /work/eauten2s/ec_criteria_struct/transform_chia/input/half_clinical_trials/NCT03064568_inc.txt wurde erfolgreich geladen.
NCT03064568_inc Done 

Die Daten wurden erfolgreich in '/work/eauten2s/ec_criteria_struct/transform_chia/model_output/Llama-3-70B-Instruct_5_shot/Llama-3-70B-Instruct_NCT03064568_inc_5_shot.json' gespeichert.
File: NCT03064867_exc 

Das File: /work/eauten2s/ec_criteria_struct/transform_chia/input/half_clinical_trials/NCT03064867_exc.txt wurde erfolgreich geladen.
NCT03064867_exc Done 

Die Daten wurden erfolgreich in '/work/eauten2s/ec_criteria_struct/transform_chia/model_output/Llama-3-70B-Instruct_5_shot/Llama-3-70B-Instruct_NCT03064867_exc_5_shot.json' gespeichert.
File: NCT03064867_inc 

Das File: /work/eauten2s/ec_criteria_struct/transform_chia/input/half_clinical_trials/NCT03064867_inc.txt wurde erfolgreich geladen.
NCT03064867_inc Done 

Die Daten wurden erfolgreich in '/work/eauten2s/ec_criteria_struct/transform_chia/model_output/Llama-3-70B-Instruct_5_shot/Llama-3-70B-Instruct_NCT03064867_inc_5_shot.json' gespeichert.
File: NCT03066440_exc 

Das File: /work/eauten2s/ec_criteria_struct/transform_chia/input/half_clinical_trials/NCT03066440_exc.txt wurde erfolgreich geladen.
NCT03066440_exc Done 

Die Daten wurden erfolgreich in '/work/eauten2s/ec_criteria_struct/transform_chia/model_output/Llama-3-70B-Instruct_5_shot/Llama-3-70B-Instruct_NCT03066440_exc_5_shot.json' gespeichert.
File: NCT03066440_inc 

Das File: /work/eauten2s/ec_criteria_struct/transform_chia/input/half_clinical_trials/NCT03066440_inc.txt wurde erfolgreich geladen.
NCT03066440_inc Done 

Die Daten wurden erfolgreich in '/work/eauten2s/ec_criteria_struct/transform_chia/model_output/Llama-3-70B-Instruct_5_shot/Llama-3-70B-Instruct_NCT03066440_inc_5_shot.json' gespeichert.
File: NCT03067740_exc 

Das File: /work/eauten2s/ec_criteria_struct/transform_chia/input/half_clinical_trials/NCT03067740_exc.txt wurde erfolgreich geladen.
NCT03067740_exc Done 

Die Daten wurden erfolgreich in '/work/eauten2s/ec_criteria_struct/transform_chia/model_output/Llama-3-70B-Instruct_5_shot/Llama-3-70B-Instruct_NCT03067740_exc_5_shot.json' gespeichert.
File: NCT03067740_inc 

Das File: /work/eauten2s/ec_criteria_struct/transform_chia/input/half_clinical_trials/NCT03067740_inc.txt wurde erfolgreich geladen.
NCT03067740_inc Done 

Die Daten wurden erfolgreich in '/work/eauten2s/ec_criteria_struct/transform_chia/model_output/Llama-3-70B-Instruct_5_shot/Llama-3-70B-Instruct_NCT03067740_inc_5_shot.json' gespeichert.
File: NCT03068897_exc 

Das File: /work/eauten2s/ec_criteria_struct/transform_chia/input/half_clinical_trials/NCT03068897_exc.txt wurde erfolgreich geladen.
NCT03068897_exc Done 

Die Daten wurden erfolgreich in '/work/eauten2s/ec_criteria_struct/transform_chia/model_output/Llama-3-70B-Instruct_5_shot/Llama-3-70B-Instruct_NCT03068897_exc_5_shot.json' gespeichert.
File: NCT03068897_inc 

Das File: /work/eauten2s/ec_criteria_struct/transform_chia/input/half_clinical_trials/NCT03068897_inc.txt wurde erfolgreich geladen.
NCT03068897_inc Done 

Die Daten wurden erfolgreich in '/work/eauten2s/ec_criteria_struct/transform_chia/model_output/Llama-3-70B-Instruct_5_shot/Llama-3-70B-Instruct_NCT03068897_inc_5_shot.json' gespeichert.
File: NCT03070847_exc 

Das File: /work/eauten2s/ec_criteria_struct/transform_chia/input/half_clinical_trials/NCT03070847_exc.txt wurde erfolgreich geladen.
NCT03070847_exc Done 

Die Daten wurden erfolgreich in '/work/eauten2s/ec_criteria_struct/transform_chia/model_output/Llama-3-70B-Instruct_5_shot/Llama-3-70B-Instruct_NCT03070847_exc_5_shot.json' gespeichert.
File: NCT03070847_inc 

Das File: /work/eauten2s/ec_criteria_struct/transform_chia/input/half_clinical_trials/NCT03070847_inc.txt wurde erfolgreich geladen.
NCT03070847_inc Done 

Die Daten wurden erfolgreich in '/work/eauten2s/ec_criteria_struct/transform_chia/model_output/Llama-3-70B-Instruct_5_shot/Llama-3-70B-Instruct_NCT03070847_inc_5_shot.json' gespeichert.
File: NCT03073603_exc 

Das File: /work/eauten2s/ec_criteria_struct/transform_chia/input/half_clinical_trials/NCT03073603_exc.txt wurde erfolgreich geladen.
NCT03073603_exc Done 

Die Daten wurden erfolgreich in '/work/eauten2s/ec_criteria_struct/transform_chia/model_output/Llama-3-70B-Instruct_5_shot/Llama-3-70B-Instruct_NCT03073603_exc_5_shot.json' gespeichert.
File: NCT03073603_inc 

Das File: /work/eauten2s/ec_criteria_struct/transform_chia/input/half_clinical_trials/NCT03073603_inc.txt wurde erfolgreich geladen.
NCT03073603_inc Done 

Die Daten wurden erfolgreich in '/work/eauten2s/ec_criteria_struct/transform_chia/model_output/Llama-3-70B-Instruct_5_shot/Llama-3-70B-Instruct_NCT03073603_inc_5_shot.json' gespeichert.
File: NCT03077204_exc 

Das File: /work/eauten2s/ec_criteria_struct/transform_chia/input/half_clinical_trials/NCT03077204_exc.txt wurde erfolgreich geladen.
NCT03077204_exc Done 

Die Daten wurden erfolgreich in '/work/eauten2s/ec_criteria_struct/transform_chia/model_output/Llama-3-70B-Instruct_5_shot/Llama-3-70B-Instruct_NCT03077204_exc_5_shot.json' gespeichert.
File: NCT03077204_inc 

Das File: /work/eauten2s/ec_criteria_struct/transform_chia/input/half_clinical_trials/NCT03077204_inc.txt wurde erfolgreich geladen.
NCT03077204_inc Done 

Die Daten wurden erfolgreich in '/work/eauten2s/ec_criteria_struct/transform_chia/model_output/Llama-3-70B-Instruct_5_shot/Llama-3-70B-Instruct_NCT03077204_inc_5_shot.json' gespeichert.
File: NCT03079141_exc 

Das File: /work/eauten2s/ec_criteria_struct/transform_chia/input/half_clinical_trials/NCT03079141_exc.txt wurde erfolgreich geladen.
NCT03079141_exc Done 

Die Daten wurden erfolgreich in '/work/eauten2s/ec_criteria_struct/transform_chia/model_output/Llama-3-70B-Instruct_5_shot/Llama-3-70B-Instruct_NCT03079141_exc_5_shot.json' gespeichert.
File: NCT03079141_inc 

Das File: /work/eauten2s/ec_criteria_struct/transform_chia/input/half_clinical_trials/NCT03079141_inc.txt wurde erfolgreich geladen.
NCT03079141_inc Done 

Die Daten wurden erfolgreich in '/work/eauten2s/ec_criteria_struct/transform_chia/model_output/Llama-3-70B-Instruct_5_shot/Llama-3-70B-Instruct_NCT03079141_inc_5_shot.json' gespeichert.
File: NCT03080493_exc 

Das File: /work/eauten2s/ec_criteria_struct/transform_chia/input/half_clinical_trials/NCT03080493_exc.txt wurde erfolgreich geladen.
NCT03080493_exc Done 

Die Daten wurden erfolgreich in '/work/eauten2s/ec_criteria_struct/transform_chia/model_output/Llama-3-70B-Instruct_5_shot/Llama-3-70B-Instruct_NCT03080493_exc_5_shot.json' gespeichert.
File: NCT03080493_inc 

Das File: /work/eauten2s/ec_criteria_struct/transform_chia/input/half_clinical_trials/NCT03080493_inc.txt wurde erfolgreich geladen.
NCT03080493_inc Done 

Die Daten wurden erfolgreich in '/work/eauten2s/ec_criteria_struct/transform_chia/model_output/Llama-3-70B-Instruct_5_shot/Llama-3-70B-Instruct_NCT03080493_inc_5_shot.json' gespeichert.
File: NCT03082573_exc 

Das File: /work/eauten2s/ec_criteria_struct/transform_chia/input/half_clinical_trials/NCT03082573_exc.txt wurde erfolgreich geladen.
NCT03082573_exc Done 

Die Daten wurden erfolgreich in '/work/eauten2s/ec_criteria_struct/transform_chia/model_output/Llama-3-70B-Instruct_5_shot/Llama-3-70B-Instruct_NCT03082573_exc_5_shot.json' gespeichert.
File: NCT03082573_inc 

Das File: /work/eauten2s/ec_criteria_struct/transform_chia/input/half_clinical_trials/NCT03082573_inc.txt wurde erfolgreich geladen.
NCT03082573_inc Done 

Die Daten wurden erfolgreich in '/work/eauten2s/ec_criteria_struct/transform_chia/model_output/Llama-3-70B-Instruct_5_shot/Llama-3-70B-Instruct_NCT03082573_inc_5_shot.json' gespeichert.
File: NCT03083197_exc 

Das File: /work/eauten2s/ec_criteria_struct/transform_chia/input/half_clinical_trials/NCT03083197_exc.txt wurde erfolgreich geladen.
NCT03083197_exc Done 

Die Daten wurden erfolgreich in '/work/eauten2s/ec_criteria_struct/transform_chia/model_output/Llama-3-70B-Instruct_5_shot/Llama-3-70B-Instruct_NCT03083197_exc_5_shot.json' gespeichert.
File: NCT03083197_inc 

Das File: /work/eauten2s/ec_criteria_struct/transform_chia/input/half_clinical_trials/NCT03083197_inc.txt wurde erfolgreich geladen.
NCT03083197_inc Done 

Die Daten wurden erfolgreich in '/work/eauten2s/ec_criteria_struct/transform_chia/model_output/Llama-3-70B-Instruct_5_shot/Llama-3-70B-Instruct_NCT03083197_inc_5_shot.json' gespeichert.
File: NCT03084588_exc 

Das File: /work/eauten2s/ec_criteria_struct/transform_chia/input/half_clinical_trials/NCT03084588_exc.txt wurde erfolgreich geladen.
NCT03084588_exc Done 

Die Daten wurden erfolgreich in '/work/eauten2s/ec_criteria_struct/transform_chia/model_output/Llama-3-70B-Instruct_5_shot/Llama-3-70B-Instruct_NCT03084588_exc_5_shot.json' gespeichert.
File: NCT03084588_inc 

Das File: /work/eauten2s/ec_criteria_struct/transform_chia/input/half_clinical_trials/NCT03084588_inc.txt wurde erfolgreich geladen.
NCT03084588_inc Done 

Die Daten wurden erfolgreich in '/work/eauten2s/ec_criteria_struct/transform_chia/model_output/Llama-3-70B-Instruct_5_shot/Llama-3-70B-Instruct_NCT03084588_inc_5_shot.json' gespeichert.
File: NCT03088280_exc 

Das File: /work/eauten2s/ec_criteria_struct/transform_chia/input/half_clinical_trials/NCT03088280_exc.txt wurde erfolgreich geladen.
NCT03088280_exc Done 

Die Daten wurden erfolgreich in '/work/eauten2s/ec_criteria_struct/transform_chia/model_output/Llama-3-70B-Instruct_5_shot/Llama-3-70B-Instruct_NCT03088280_exc_5_shot.json' gespeichert.
File: NCT03088280_inc 

Das File: /work/eauten2s/ec_criteria_struct/transform_chia/input/half_clinical_trials/NCT03088280_inc.txt wurde erfolgreich geladen.
NCT03088280_inc Done 

Die Daten wurden erfolgreich in '/work/eauten2s/ec_criteria_struct/transform_chia/model_output/Llama-3-70B-Instruct_5_shot/Llama-3-70B-Instruct_NCT03088280_inc_5_shot.json' gespeichert.
File: NCT03088904_exc 

Das File: /work/eauten2s/ec_criteria_struct/transform_chia/input/half_clinical_trials/NCT03088904_exc.txt wurde erfolgreich geladen.
NCT03088904_exc Done 

Die Daten wurden erfolgreich in '/work/eauten2s/ec_criteria_struct/transform_chia/model_output/Llama-3-70B-Instruct_5_shot/Llama-3-70B-Instruct_NCT03088904_exc_5_shot.json' gespeichert.
File: NCT03088904_inc 

Das File: /work/eauten2s/ec_criteria_struct/transform_chia/input/half_clinical_trials/NCT03088904_inc.txt wurde erfolgreich geladen.
NCT03088904_inc Done 

Die Daten wurden erfolgreich in '/work/eauten2s/ec_criteria_struct/transform_chia/model_output/Llama-3-70B-Instruct_5_shot/Llama-3-70B-Instruct_NCT03088904_inc_5_shot.json' gespeichert.
File: NCT03089086_exc 

Das File: /work/eauten2s/ec_criteria_struct/transform_chia/input/half_clinical_trials/NCT03089086_exc.txt wurde erfolgreich geladen.
NCT03089086_exc Done 

Die Daten wurden erfolgreich in '/work/eauten2s/ec_criteria_struct/transform_chia/model_output/Llama-3-70B-Instruct_5_shot/Llama-3-70B-Instruct_NCT03089086_exc_5_shot.json' gespeichert.
File: NCT03089086_inc 

Das File: /work/eauten2s/ec_criteria_struct/transform_chia/input/half_clinical_trials/NCT03089086_inc.txt wurde erfolgreich geladen.
NCT03089086_inc Done 

Die Daten wurden erfolgreich in '/work/eauten2s/ec_criteria_struct/transform_chia/model_output/Llama-3-70B-Instruct_5_shot/Llama-3-70B-Instruct_NCT03089086_inc_5_shot.json' gespeichert.
File: NCT03091881_exc 

Das File: /work/eauten2s/ec_criteria_struct/transform_chia/input/half_clinical_trials/NCT03091881_exc.txt wurde erfolgreich geladen.
NCT03091881_exc Done 

Die Daten wurden erfolgreich in '/work/eauten2s/ec_criteria_struct/transform_chia/model_output/Llama-3-70B-Instruct_5_shot/Llama-3-70B-Instruct_NCT03091881_exc_5_shot.json' gespeichert.
File: NCT03091881_inc 

Das File: /work/eauten2s/ec_criteria_struct/transform_chia/input/half_clinical_trials/NCT03091881_inc.txt wurde erfolgreich geladen.
NCT03091881_inc Done 

Die Daten wurden erfolgreich in '/work/eauten2s/ec_criteria_struct/transform_chia/model_output/Llama-3-70B-Instruct_5_shot/Llama-3-70B-Instruct_NCT03091881_inc_5_shot.json' gespeichert.
File: NCT03096613_exc 

Das File: /work/eauten2s/ec_criteria_struct/transform_chia/input/half_clinical_trials/NCT03096613_exc.txt wurde erfolgreich geladen.
NCT03096613_exc Done 

Die Daten wurden erfolgreich in '/work/eauten2s/ec_criteria_struct/transform_chia/model_output/Llama-3-70B-Instruct_5_shot/Llama-3-70B-Instruct_NCT03096613_exc_5_shot.json' gespeichert.
File: NCT03096613_inc 

Das File: /work/eauten2s/ec_criteria_struct/transform_chia/input/half_clinical_trials/NCT03096613_inc.txt wurde erfolgreich geladen.
NCT03096613_inc Done 

Die Daten wurden erfolgreich in '/work/eauten2s/ec_criteria_struct/transform_chia/model_output/Llama-3-70B-Instruct_5_shot/Llama-3-70B-Instruct_NCT03096613_inc_5_shot.json' gespeichert.
File: NCT03097068_exc 

Das File: /work/eauten2s/ec_criteria_struct/transform_chia/input/half_clinical_trials/NCT03097068_exc.txt wurde erfolgreich geladen.
NCT03097068_exc Done 

Die Daten wurden erfolgreich in '/work/eauten2s/ec_criteria_struct/transform_chia/model_output/Llama-3-70B-Instruct_5_shot/Llama-3-70B-Instruct_NCT03097068_exc_5_shot.json' gespeichert.
File: NCT03097068_inc 

Das File: /work/eauten2s/ec_criteria_struct/transform_chia/input/half_clinical_trials/NCT03097068_inc.txt wurde erfolgreich geladen.
NCT03097068_inc Done 

Die Daten wurden erfolgreich in '/work/eauten2s/ec_criteria_struct/transform_chia/model_output/Llama-3-70B-Instruct_5_shot/Llama-3-70B-Instruct_NCT03097068_inc_5_shot.json' gespeichert.
File: NCT03099408_exc 

Das File: /work/eauten2s/ec_criteria_struct/transform_chia/input/half_clinical_trials/NCT03099408_exc.txt wurde erfolgreich geladen.
NCT03099408_exc Done 

Die Daten wurden erfolgreich in '/work/eauten2s/ec_criteria_struct/transform_chia/model_output/Llama-3-70B-Instruct_5_shot/Llama-3-70B-Instruct_NCT03099408_exc_5_shot.json' gespeichert.
File: NCT03099408_inc 

Das File: /work/eauten2s/ec_criteria_struct/transform_chia/input/half_clinical_trials/NCT03099408_inc.txt wurde erfolgreich geladen.
NCT03099408_inc Done 

Die Daten wurden erfolgreich in '/work/eauten2s/ec_criteria_struct/transform_chia/model_output/Llama-3-70B-Instruct_5_shot/Llama-3-70B-Instruct_NCT03099408_inc_5_shot.json' gespeichert.
File: NCT03099863_exc 

Das File: /work/eauten2s/ec_criteria_struct/transform_chia/input/half_clinical_trials/NCT03099863_exc.txt wurde erfolgreich geladen.
NCT03099863_exc Done 

Die Daten wurden erfolgreich in '/work/eauten2s/ec_criteria_struct/transform_chia/model_output/Llama-3-70B-Instruct_5_shot/Llama-3-70B-Instruct_NCT03099863_exc_5_shot.json' gespeichert.
File: NCT03099863_inc 

Das File: /work/eauten2s/ec_criteria_struct/transform_chia/input/half_clinical_trials/NCT03099863_inc.txt wurde erfolgreich geladen.
NCT03099863_inc Done 

Die Daten wurden erfolgreich in '/work/eauten2s/ec_criteria_struct/transform_chia/model_output/Llama-3-70B-Instruct_5_shot/Llama-3-70B-Instruct_NCT03099863_inc_5_shot.json' gespeichert.
File: NCT03100513_exc 

Das File: /work/eauten2s/ec_criteria_struct/transform_chia/input/half_clinical_trials/NCT03100513_exc.txt wurde erfolgreich geladen.
NCT03100513_exc Done 

Die Daten wurden erfolgreich in '/work/eauten2s/ec_criteria_struct/transform_chia/model_output/Llama-3-70B-Instruct_5_shot/Llama-3-70B-Instruct_NCT03100513_exc_5_shot.json' gespeichert.
File: NCT03100513_inc 

Das File: /work/eauten2s/ec_criteria_struct/transform_chia/input/half_clinical_trials/NCT03100513_inc.txt wurde erfolgreich geladen.
NCT03100513_inc Done 

Die Daten wurden erfolgreich in '/work/eauten2s/ec_criteria_struct/transform_chia/model_output/Llama-3-70B-Instruct_5_shot/Llama-3-70B-Instruct_NCT03100513_inc_5_shot.json' gespeichert.
File: NCT03103204_exc 

Das File: /work/eauten2s/ec_criteria_struct/transform_chia/input/half_clinical_trials/NCT03103204_exc.txt wurde erfolgreich geladen.
NCT03103204_exc Done 

Die Daten wurden erfolgreich in '/work/eauten2s/ec_criteria_struct/transform_chia/model_output/Llama-3-70B-Instruct_5_shot/Llama-3-70B-Instruct_NCT03103204_exc_5_shot.json' gespeichert.
File: NCT03103204_inc 

Das File: /work/eauten2s/ec_criteria_struct/transform_chia/input/half_clinical_trials/NCT03103204_inc.txt wurde erfolgreich geladen.
NCT03103204_inc Done 

Die Daten wurden erfolgreich in '/work/eauten2s/ec_criteria_struct/transform_chia/model_output/Llama-3-70B-Instruct_5_shot/Llama-3-70B-Instruct_NCT03103204_inc_5_shot.json' gespeichert.
File: NCT03104816_exc 

Das File: /work/eauten2s/ec_criteria_struct/transform_chia/input/half_clinical_trials/NCT03104816_exc.txt wurde erfolgreich geladen.
NCT03104816_exc Done 

Die Daten wurden erfolgreich in '/work/eauten2s/ec_criteria_struct/transform_chia/model_output/Llama-3-70B-Instruct_5_shot/Llama-3-70B-Instruct_NCT03104816_exc_5_shot.json' gespeichert.
File: NCT03104816_inc 

Das File: /work/eauten2s/ec_criteria_struct/transform_chia/input/half_clinical_trials/NCT03104816_inc.txt wurde erfolgreich geladen.
NCT03104816_inc Done 

Die Daten wurden erfolgreich in '/work/eauten2s/ec_criteria_struct/transform_chia/model_output/Llama-3-70B-Instruct_5_shot/Llama-3-70B-Instruct_NCT03104816_inc_5_shot.json' gespeichert.
File: NCT03106389_exc 

Das File: /work/eauten2s/ec_criteria_struct/transform_chia/input/half_clinical_trials/NCT03106389_exc.txt wurde erfolgreich geladen.
NCT03106389_exc Done 

Die Daten wurden erfolgreich in '/work/eauten2s/ec_criteria_struct/transform_chia/model_output/Llama-3-70B-Instruct_5_shot/Llama-3-70B-Instruct_NCT03106389_exc_5_shot.json' gespeichert.
File: NCT03106389_inc 

Das File: /work/eauten2s/ec_criteria_struct/transform_chia/input/half_clinical_trials/NCT03106389_inc.txt wurde erfolgreich geladen.
NCT03106389_inc Done 

Die Daten wurden erfolgreich in '/work/eauten2s/ec_criteria_struct/transform_chia/model_output/Llama-3-70B-Instruct_5_shot/Llama-3-70B-Instruct_NCT03106389_inc_5_shot.json' gespeichert.
File: NCT03113253_exc 

Das File: /work/eauten2s/ec_criteria_struct/transform_chia/input/half_clinical_trials/NCT03113253_exc.txt wurde erfolgreich geladen.
NCT03113253_exc Done 

Die Daten wurden erfolgreich in '/work/eauten2s/ec_criteria_struct/transform_chia/model_output/Llama-3-70B-Instruct_5_shot/Llama-3-70B-Instruct_NCT03113253_exc_5_shot.json' gespeichert.
File: NCT03113253_inc 

Das File: /work/eauten2s/ec_criteria_struct/transform_chia/input/half_clinical_trials/NCT03113253_inc.txt wurde erfolgreich geladen.
NCT03113253_inc Done 

Die Daten wurden erfolgreich in '/work/eauten2s/ec_criteria_struct/transform_chia/model_output/Llama-3-70B-Instruct_5_shot/Llama-3-70B-Instruct_NCT03113253_inc_5_shot.json' gespeichert.
File: NCT03115151_exc 

Das File: /work/eauten2s/ec_criteria_struct/transform_chia/input/half_clinical_trials/NCT03115151_exc.txt wurde erfolgreich geladen.
NCT03115151_exc Done 

Die Daten wurden erfolgreich in '/work/eauten2s/ec_criteria_struct/transform_chia/model_output/Llama-3-70B-Instruct_5_shot/Llama-3-70B-Instruct_NCT03115151_exc_5_shot.json' gespeichert.
File: NCT03115151_inc 

Das File: /work/eauten2s/ec_criteria_struct/transform_chia/input/half_clinical_trials/NCT03115151_inc.txt wurde erfolgreich geladen.
NCT03115151_inc Done 

Die Daten wurden erfolgreich in '/work/eauten2s/ec_criteria_struct/transform_chia/model_output/Llama-3-70B-Instruct_5_shot/Llama-3-70B-Instruct_NCT03115151_inc_5_shot.json' gespeichert.
File: NCT03115320_exc 

Das File: /work/eauten2s/ec_criteria_struct/transform_chia/input/half_clinical_trials/NCT03115320_exc.txt wurde erfolgreich geladen.
NCT03115320_exc Done 

Die Daten wurden erfolgreich in '/work/eauten2s/ec_criteria_struct/transform_chia/model_output/Llama-3-70B-Instruct_5_shot/Llama-3-70B-Instruct_NCT03115320_exc_5_shot.json' gespeichert.
File: NCT03115320_inc 

Das File: /work/eauten2s/ec_criteria_struct/transform_chia/input/half_clinical_trials/NCT03115320_inc.txt wurde erfolgreich geladen.
NCT03115320_inc Done 

Die Daten wurden erfolgreich in '/work/eauten2s/ec_criteria_struct/transform_chia/model_output/Llama-3-70B-Instruct_5_shot/Llama-3-70B-Instruct_NCT03115320_inc_5_shot.json' gespeichert.
File: NCT03117608_exc 

Das File: /work/eauten2s/ec_criteria_struct/transform_chia/input/half_clinical_trials/NCT03117608_exc.txt wurde erfolgreich geladen.
NCT03117608_exc Done 

Die Daten wurden erfolgreich in '/work/eauten2s/ec_criteria_struct/transform_chia/model_output/Llama-3-70B-Instruct_5_shot/Llama-3-70B-Instruct_NCT03117608_exc_5_shot.json' gespeichert.
File: NCT03117608_inc 

Das File: /work/eauten2s/ec_criteria_struct/transform_chia/input/half_clinical_trials/NCT03117608_inc.txt wurde erfolgreich geladen.
NCT03117608_inc Done 

Die Daten wurden erfolgreich in '/work/eauten2s/ec_criteria_struct/transform_chia/model_output/Llama-3-70B-Instruct_5_shot/Llama-3-70B-Instruct_NCT03117608_inc_5_shot.json' gespeichert.
File: NCT03118232_exc 

Das File: /work/eauten2s/ec_criteria_struct/transform_chia/input/half_clinical_trials/NCT03118232_exc.txt wurde erfolgreich geladen.
NCT03118232_exc Done 

Die Daten wurden erfolgreich in '/work/eauten2s/ec_criteria_struct/transform_chia/model_output/Llama-3-70B-Instruct_5_shot/Llama-3-70B-Instruct_NCT03118232_exc_5_shot.json' gespeichert.
File: NCT03118232_inc 

Das File: /work/eauten2s/ec_criteria_struct/transform_chia/input/half_clinical_trials/NCT03118232_inc.txt wurde erfolgreich geladen.
NCT03118232_inc Done 

Die Daten wurden erfolgreich in '/work/eauten2s/ec_criteria_struct/transform_chia/model_output/Llama-3-70B-Instruct_5_shot/Llama-3-70B-Instruct_NCT03118232_inc_5_shot.json' gespeichert.
File: NCT03119766_exc 

Das File: /work/eauten2s/ec_criteria_struct/transform_chia/input/half_clinical_trials/NCT03119766_exc.txt wurde erfolgreich geladen.
NCT03119766_exc Done 

Die Daten wurden erfolgreich in '/work/eauten2s/ec_criteria_struct/transform_chia/model_output/Llama-3-70B-Instruct_5_shot/Llama-3-70B-Instruct_NCT03119766_exc_5_shot.json' gespeichert.
File: NCT03119766_inc 

Das File: /work/eauten2s/ec_criteria_struct/transform_chia/input/half_clinical_trials/NCT03119766_inc.txt wurde erfolgreich geladen.
NCT03119766_inc Done 

Die Daten wurden erfolgreich in '/work/eauten2s/ec_criteria_struct/transform_chia/model_output/Llama-3-70B-Instruct_5_shot/Llama-3-70B-Instruct_NCT03119766_inc_5_shot.json' gespeichert.
File: NCT03120533_exc 

Das File: /work/eauten2s/ec_criteria_struct/transform_chia/input/half_clinical_trials/NCT03120533_exc.txt wurde erfolgreich geladen.
NCT03120533_exc Done 

Die Daten wurden erfolgreich in '/work/eauten2s/ec_criteria_struct/transform_chia/model_output/Llama-3-70B-Instruct_5_shot/Llama-3-70B-Instruct_NCT03120533_exc_5_shot.json' gespeichert.
File: NCT03120533_inc 

Das File: /work/eauten2s/ec_criteria_struct/transform_chia/input/half_clinical_trials/NCT03120533_inc.txt wurde erfolgreich geladen.
NCT03120533_inc Done 

Die Daten wurden erfolgreich in '/work/eauten2s/ec_criteria_struct/transform_chia/model_output/Llama-3-70B-Instruct_5_shot/Llama-3-70B-Instruct_NCT03120533_inc_5_shot.json' gespeichert.
File: NCT03120728_exc 

Das File: /work/eauten2s/ec_criteria_struct/transform_chia/input/half_clinical_trials/NCT03120728_exc.txt wurde erfolgreich geladen.
NCT03120728_exc Done 

Die Daten wurden erfolgreich in '/work/eauten2s/ec_criteria_struct/transform_chia/model_output/Llama-3-70B-Instruct_5_shot/Llama-3-70B-Instruct_NCT03120728_exc_5_shot.json' gespeichert.
File: NCT03120728_inc 

Das File: /work/eauten2s/ec_criteria_struct/transform_chia/input/half_clinical_trials/NCT03120728_inc.txt wurde erfolgreich geladen.
NCT03120728_inc Done 

Die Daten wurden erfolgreich in '/work/eauten2s/ec_criteria_struct/transform_chia/model_output/Llama-3-70B-Instruct_5_shot/Llama-3-70B-Instruct_NCT03120728_inc_5_shot.json' gespeichert.
File: NCT03122119_exc 

Das File: /work/eauten2s/ec_criteria_struct/transform_chia/input/half_clinical_trials/NCT03122119_exc.txt wurde erfolgreich geladen.
NCT03122119_exc Done 

Die Daten wurden erfolgreich in '/work/eauten2s/ec_criteria_struct/transform_chia/model_output/Llama-3-70B-Instruct_5_shot/Llama-3-70B-Instruct_NCT03122119_exc_5_shot.json' gespeichert.
File: NCT03122119_inc 

Das File: /work/eauten2s/ec_criteria_struct/transform_chia/input/half_clinical_trials/NCT03122119_inc.txt wurde erfolgreich geladen.
NCT03122119_inc Done 

Die Daten wurden erfolgreich in '/work/eauten2s/ec_criteria_struct/transform_chia/model_output/Llama-3-70B-Instruct_5_shot/Llama-3-70B-Instruct_NCT03122119_inc_5_shot.json' gespeichert.
File: NCT03123562_exc 

Das File: /work/eauten2s/ec_criteria_struct/transform_chia/input/half_clinical_trials/NCT03123562_exc.txt wurde erfolgreich geladen.
NCT03123562_exc Done 

Die Daten wurden erfolgreich in '/work/eauten2s/ec_criteria_struct/transform_chia/model_output/Llama-3-70B-Instruct_5_shot/Llama-3-70B-Instruct_NCT03123562_exc_5_shot.json' gespeichert.
File: NCT03123562_inc 

Das File: /work/eauten2s/ec_criteria_struct/transform_chia/input/half_clinical_trials/NCT03123562_inc.txt wurde erfolgreich geladen.
NCT03123562_inc Done 

Die Daten wurden erfolgreich in '/work/eauten2s/ec_criteria_struct/transform_chia/model_output/Llama-3-70B-Instruct_5_shot/Llama-3-70B-Instruct_NCT03123562_inc_5_shot.json' gespeichert.
File: NCT03124329_exc 

Das File: /work/eauten2s/ec_criteria_struct/transform_chia/input/half_clinical_trials/NCT03124329_exc.txt wurde erfolgreich geladen.
NCT03124329_exc Done 

Die Daten wurden erfolgreich in '/work/eauten2s/ec_criteria_struct/transform_chia/model_output/Llama-3-70B-Instruct_5_shot/Llama-3-70B-Instruct_NCT03124329_exc_5_shot.json' gespeichert.
File: NCT03124329_inc 

Das File: /work/eauten2s/ec_criteria_struct/transform_chia/input/half_clinical_trials/NCT03124329_inc.txt wurde erfolgreich geladen.
NCT03124329_inc Done 

Die Daten wurden erfolgreich in '/work/eauten2s/ec_criteria_struct/transform_chia/model_output/Llama-3-70B-Instruct_5_shot/Llama-3-70B-Instruct_NCT03124329_inc_5_shot.json' gespeichert.
File: NCT03125057_exc 

Das File: /work/eauten2s/ec_criteria_struct/transform_chia/input/half_clinical_trials/NCT03125057_exc.txt wurde erfolgreich geladen.
NCT03125057_exc Done 

Die Daten wurden erfolgreich in '/work/eauten2s/ec_criteria_struct/transform_chia/model_output/Llama-3-70B-Instruct_5_shot/Llama-3-70B-Instruct_NCT03125057_exc_5_shot.json' gespeichert.
File: NCT03125057_inc 

Das File: /work/eauten2s/ec_criteria_struct/transform_chia/input/half_clinical_trials/NCT03125057_inc.txt wurde erfolgreich geladen.
NCT03125057_inc Done 

Die Daten wurden erfolgreich in '/work/eauten2s/ec_criteria_struct/transform_chia/model_output/Llama-3-70B-Instruct_5_shot/Llama-3-70B-Instruct_NCT03125057_inc_5_shot.json' gespeichert.
File: NCT03126214_exc 

Das File: /work/eauten2s/ec_criteria_struct/transform_chia/input/half_clinical_trials/NCT03126214_exc.txt wurde erfolgreich geladen.
NCT03126214_exc Done 

Die Daten wurden erfolgreich in '/work/eauten2s/ec_criteria_struct/transform_chia/model_output/Llama-3-70B-Instruct_5_shot/Llama-3-70B-Instruct_NCT03126214_exc_5_shot.json' gespeichert.
File: NCT03126214_inc 

Das File: /work/eauten2s/ec_criteria_struct/transform_chia/input/half_clinical_trials/NCT03126214_inc.txt wurde erfolgreich geladen.
NCT03126214_inc Done 

Die Daten wurden erfolgreich in '/work/eauten2s/ec_criteria_struct/transform_chia/model_output/Llama-3-70B-Instruct_5_shot/Llama-3-70B-Instruct_NCT03126214_inc_5_shot.json' gespeichert.
File: NCT03129555_exc 

Das File: /work/eauten2s/ec_criteria_struct/transform_chia/input/half_clinical_trials/NCT03129555_exc.txt wurde erfolgreich geladen.
NCT03129555_exc Done 

Die Daten wurden erfolgreich in '/work/eauten2s/ec_criteria_struct/transform_chia/model_output/Llama-3-70B-Instruct_5_shot/Llama-3-70B-Instruct_NCT03129555_exc_5_shot.json' gespeichert.
File: NCT03129555_inc 

Das File: /work/eauten2s/ec_criteria_struct/transform_chia/input/half_clinical_trials/NCT03129555_inc.txt wurde erfolgreich geladen.
NCT03129555_inc Done 

Die Daten wurden erfolgreich in '/work/eauten2s/ec_criteria_struct/transform_chia/model_output/Llama-3-70B-Instruct_5_shot/Llama-3-70B-Instruct_NCT03129555_inc_5_shot.json' gespeichert.
File: NCT03131050_exc 

Das File: /work/eauten2s/ec_criteria_struct/transform_chia/input/half_clinical_trials/NCT03131050_exc.txt wurde erfolgreich geladen.
NCT03131050_exc Done 

Die Daten wurden erfolgreich in '/work/eauten2s/ec_criteria_struct/transform_chia/model_output/Llama-3-70B-Instruct_5_shot/Llama-3-70B-Instruct_NCT03131050_exc_5_shot.json' gespeichert.
File: NCT03131050_inc 

Das File: /work/eauten2s/ec_criteria_struct/transform_chia/input/half_clinical_trials/NCT03131050_inc.txt wurde erfolgreich geladen.
NCT03131050_inc Done 

Die Daten wurden erfolgreich in '/work/eauten2s/ec_criteria_struct/transform_chia/model_output/Llama-3-70B-Instruct_5_shot/Llama-3-70B-Instruct_NCT03131050_inc_5_shot.json' gespeichert.
File: NCT03132259_exc 

Das File: /work/eauten2s/ec_criteria_struct/transform_chia/input/half_clinical_trials/NCT03132259_exc.txt wurde erfolgreich geladen.
NCT03132259_exc Done 

Die Daten wurden erfolgreich in '/work/eauten2s/ec_criteria_struct/transform_chia/model_output/Llama-3-70B-Instruct_5_shot/Llama-3-70B-Instruct_NCT03132259_exc_5_shot.json' gespeichert.
File: NCT03132259_inc 

Das File: /work/eauten2s/ec_criteria_struct/transform_chia/input/half_clinical_trials/NCT03132259_inc.txt wurde erfolgreich geladen.
NCT03132259_inc Done 

Die Daten wurden erfolgreich in '/work/eauten2s/ec_criteria_struct/transform_chia/model_output/Llama-3-70B-Instruct_5_shot/Llama-3-70B-Instruct_NCT03132259_inc_5_shot.json' gespeichert.
File: NCT03134196_exc 

Das File: /work/eauten2s/ec_criteria_struct/transform_chia/input/half_clinical_trials/NCT03134196_exc.txt wurde erfolgreich geladen.
NCT03134196_exc Done 

Die Daten wurden erfolgreich in '/work/eauten2s/ec_criteria_struct/transform_chia/model_output/Llama-3-70B-Instruct_5_shot/Llama-3-70B-Instruct_NCT03134196_exc_5_shot.json' gespeichert.
File: NCT03134196_inc 

Das File: /work/eauten2s/ec_criteria_struct/transform_chia/input/half_clinical_trials/NCT03134196_inc.txt wurde erfolgreich geladen.
NCT03134196_inc Done 

Die Daten wurden erfolgreich in '/work/eauten2s/ec_criteria_struct/transform_chia/model_output/Llama-3-70B-Instruct_5_shot/Llama-3-70B-Instruct_NCT03134196_inc_5_shot.json' gespeichert.
File: NCT03134378_exc 

Das File: /work/eauten2s/ec_criteria_struct/transform_chia/input/half_clinical_trials/NCT03134378_exc.txt wurde erfolgreich geladen.
NCT03134378_exc Done 

Die Daten wurden erfolgreich in '/work/eauten2s/ec_criteria_struct/transform_chia/model_output/Llama-3-70B-Instruct_5_shot/Llama-3-70B-Instruct_NCT03134378_exc_5_shot.json' gespeichert.
File: NCT03134378_inc 

Das File: /work/eauten2s/ec_criteria_struct/transform_chia/input/half_clinical_trials/NCT03134378_inc.txt wurde erfolgreich geladen.
NCT03134378_inc Done 

Die Daten wurden erfolgreich in '/work/eauten2s/ec_criteria_struct/transform_chia/model_output/Llama-3-70B-Instruct_5_shot/Llama-3-70B-Instruct_NCT03134378_inc_5_shot.json' gespeichert.
File: NCT03138577_exc 

Das File: /work/eauten2s/ec_criteria_struct/transform_chia/input/half_clinical_trials/NCT03138577_exc.txt wurde erfolgreich geladen.
NCT03138577_exc Done 

Die Daten wurden erfolgreich in '/work/eauten2s/ec_criteria_struct/transform_chia/model_output/Llama-3-70B-Instruct_5_shot/Llama-3-70B-Instruct_NCT03138577_exc_5_shot.json' gespeichert.
File: NCT03138577_inc 

Das File: /work/eauten2s/ec_criteria_struct/transform_chia/input/half_clinical_trials/NCT03138577_inc.txt wurde erfolgreich geladen.
NCT03138577_inc Done 

Die Daten wurden erfolgreich in '/work/eauten2s/ec_criteria_struct/transform_chia/model_output/Llama-3-70B-Instruct_5_shot/Llama-3-70B-Instruct_NCT03138577_inc_5_shot.json' gespeichert.
File: NCT03140423_exc 

Das File: /work/eauten2s/ec_criteria_struct/transform_chia/input/half_clinical_trials/NCT03140423_exc.txt wurde erfolgreich geladen.
NCT03140423_exc Done 

Die Daten wurden erfolgreich in '/work/eauten2s/ec_criteria_struct/transform_chia/model_output/Llama-3-70B-Instruct_5_shot/Llama-3-70B-Instruct_NCT03140423_exc_5_shot.json' gespeichert.
File: NCT03140423_inc 

Das File: /work/eauten2s/ec_criteria_struct/transform_chia/input/half_clinical_trials/NCT03140423_inc.txt wurde erfolgreich geladen.
NCT03140423_inc Done 

Die Daten wurden erfolgreich in '/work/eauten2s/ec_criteria_struct/transform_chia/model_output/Llama-3-70B-Instruct_5_shot/Llama-3-70B-Instruct_NCT03140423_inc_5_shot.json' gespeichert.
File: NCT03140488_exc 

Das File: /work/eauten2s/ec_criteria_struct/transform_chia/input/half_clinical_trials/NCT03140488_exc.txt wurde erfolgreich geladen.
NCT03140488_exc Done 

Die Daten wurden erfolgreich in '/work/eauten2s/ec_criteria_struct/transform_chia/model_output/Llama-3-70B-Instruct_5_shot/Llama-3-70B-Instruct_NCT03140488_exc_5_shot.json' gespeichert.
File: NCT03140488_inc 

Das File: /work/eauten2s/ec_criteria_struct/transform_chia/input/half_clinical_trials/NCT03140488_inc.txt wurde erfolgreich geladen.
NCT03140488_inc Done 

Die Daten wurden erfolgreich in '/work/eauten2s/ec_criteria_struct/transform_chia/model_output/Llama-3-70B-Instruct_5_shot/Llama-3-70B-Instruct_NCT03140488_inc_5_shot.json' gespeichert.
File: NCT03146390_exc 

Das File: /work/eauten2s/ec_criteria_struct/transform_chia/input/half_clinical_trials/NCT03146390_exc.txt wurde erfolgreich geladen.
NCT03146390_exc Done 

Die Daten wurden erfolgreich in '/work/eauten2s/ec_criteria_struct/transform_chia/model_output/Llama-3-70B-Instruct_5_shot/Llama-3-70B-Instruct_NCT03146390_exc_5_shot.json' gespeichert.
File: NCT03146390_inc 

Das File: /work/eauten2s/ec_criteria_struct/transform_chia/input/half_clinical_trials/NCT03146390_inc.txt wurde erfolgreich geladen.
NCT03146390_inc Done 

Die Daten wurden erfolgreich in '/work/eauten2s/ec_criteria_struct/transform_chia/model_output/Llama-3-70B-Instruct_5_shot/Llama-3-70B-Instruct_NCT03146390_inc_5_shot.json' gespeichert.
File: NCT03147599_exc 

Das File: /work/eauten2s/ec_criteria_struct/transform_chia/input/half_clinical_trials/NCT03147599_exc.txt wurde erfolgreich geladen.
NCT03147599_exc Done 

Die Daten wurden erfolgreich in '/work/eauten2s/ec_criteria_struct/transform_chia/model_output/Llama-3-70B-Instruct_5_shot/Llama-3-70B-Instruct_NCT03147599_exc_5_shot.json' gespeichert.
File: NCT03147599_inc 

Das File: /work/eauten2s/ec_criteria_struct/transform_chia/input/half_clinical_trials/NCT03147599_inc.txt wurde erfolgreich geladen.
NCT03147599_inc Done 

Die Daten wurden erfolgreich in '/work/eauten2s/ec_criteria_struct/transform_chia/model_output/Llama-3-70B-Instruct_5_shot/Llama-3-70B-Instruct_NCT03147599_inc_5_shot.json' gespeichert.
File: NCT03149887_exc 

Das File: /work/eauten2s/ec_criteria_struct/transform_chia/input/half_clinical_trials/NCT03149887_exc.txt wurde erfolgreich geladen.
NCT03149887_exc Done 

Die Daten wurden erfolgreich in '/work/eauten2s/ec_criteria_struct/transform_chia/model_output/Llama-3-70B-Instruct_5_shot/Llama-3-70B-Instruct_NCT03149887_exc_5_shot.json' gespeichert.
File: NCT03149887_inc 

Das File: /work/eauten2s/ec_criteria_struct/transform_chia/input/half_clinical_trials/NCT03149887_inc.txt wurde erfolgreich geladen.
NCT03149887_inc Done 

Die Daten wurden erfolgreich in '/work/eauten2s/ec_criteria_struct/transform_chia/model_output/Llama-3-70B-Instruct_5_shot/Llama-3-70B-Instruct_NCT03149887_inc_5_shot.json' gespeichert.
File: NCT03151603_exc 

Das File: /work/eauten2s/ec_criteria_struct/transform_chia/input/half_clinical_trials/NCT03151603_exc.txt wurde erfolgreich geladen.
NCT03151603_exc Done 

Die Daten wurden erfolgreich in '/work/eauten2s/ec_criteria_struct/transform_chia/model_output/Llama-3-70B-Instruct_5_shot/Llama-3-70B-Instruct_NCT03151603_exc_5_shot.json' gespeichert.
File: NCT03151603_inc 

Das File: /work/eauten2s/ec_criteria_struct/transform_chia/input/half_clinical_trials/NCT03151603_inc.txt wurde erfolgreich geladen.
NCT03151603_inc Done 

Die Daten wurden erfolgreich in '/work/eauten2s/ec_criteria_struct/transform_chia/model_output/Llama-3-70B-Instruct_5_shot/Llama-3-70B-Instruct_NCT03151603_inc_5_shot.json' gespeichert.
File: NCT03154931_exc 

Das File: /work/eauten2s/ec_criteria_struct/transform_chia/input/half_clinical_trials/NCT03154931_exc.txt wurde erfolgreich geladen.
NCT03154931_exc Done 

Die Daten wurden erfolgreich in '/work/eauten2s/ec_criteria_struct/transform_chia/model_output/Llama-3-70B-Instruct_5_shot/Llama-3-70B-Instruct_NCT03154931_exc_5_shot.json' gespeichert.
File: NCT03154931_inc 

Das File: /work/eauten2s/ec_criteria_struct/transform_chia/input/half_clinical_trials/NCT03154931_inc.txt wurde erfolgreich geladen.
NCT03154931_inc Done 

Die Daten wurden erfolgreich in '/work/eauten2s/ec_criteria_struct/transform_chia/model_output/Llama-3-70B-Instruct_5_shot/Llama-3-70B-Instruct_NCT03154931_inc_5_shot.json' gespeichert.
File: NCT03156855_exc 

Das File: /work/eauten2s/ec_criteria_struct/transform_chia/input/half_clinical_trials/NCT03156855_exc.txt wurde erfolgreich geladen.
NCT03156855_exc Done 

Die Daten wurden erfolgreich in '/work/eauten2s/ec_criteria_struct/transform_chia/model_output/Llama-3-70B-Instruct_5_shot/Llama-3-70B-Instruct_NCT03156855_exc_5_shot.json' gespeichert.
File: NCT03156855_inc 

Das File: /work/eauten2s/ec_criteria_struct/transform_chia/input/half_clinical_trials/NCT03156855_inc.txt wurde erfolgreich geladen.
NCT03156855_inc Done 

Die Daten wurden erfolgreich in '/work/eauten2s/ec_criteria_struct/transform_chia/model_output/Llama-3-70B-Instruct_5_shot/Llama-3-70B-Instruct_NCT03156855_inc_5_shot.json' gespeichert.
File: NCT03159507_exc 

Das File: /work/eauten2s/ec_criteria_struct/transform_chia/input/half_clinical_trials/NCT03159507_exc.txt wurde erfolgreich geladen.
NCT03159507_exc Done 

Die Daten wurden erfolgreich in '/work/eauten2s/ec_criteria_struct/transform_chia/model_output/Llama-3-70B-Instruct_5_shot/Llama-3-70B-Instruct_NCT03159507_exc_5_shot.json' gespeichert.
File: NCT03159507_inc 

Das File: /work/eauten2s/ec_criteria_struct/transform_chia/input/half_clinical_trials/NCT03159507_inc.txt wurde erfolgreich geladen.
NCT03159507_inc Done 

Die Daten wurden erfolgreich in '/work/eauten2s/ec_criteria_struct/transform_chia/model_output/Llama-3-70B-Instruct_5_shot/Llama-3-70B-Instruct_NCT03159507_inc_5_shot.json' gespeichert.
File: NCT03164096_exc 

Das File: /work/eauten2s/ec_criteria_struct/transform_chia/input/half_clinical_trials/NCT03164096_exc.txt wurde erfolgreich geladen.
NCT03164096_exc Done 

Die Daten wurden erfolgreich in '/work/eauten2s/ec_criteria_struct/transform_chia/model_output/Llama-3-70B-Instruct_5_shot/Llama-3-70B-Instruct_NCT03164096_exc_5_shot.json' gespeichert.
File: NCT03164096_inc 

Das File: /work/eauten2s/ec_criteria_struct/transform_chia/input/half_clinical_trials/NCT03164096_inc.txt wurde erfolgreich geladen.
NCT03164096_inc Done 

Die Daten wurden erfolgreich in '/work/eauten2s/ec_criteria_struct/transform_chia/model_output/Llama-3-70B-Instruct_5_shot/Llama-3-70B-Instruct_NCT03164096_inc_5_shot.json' gespeichert.
File: NCT03164304_exc 

Das File: /work/eauten2s/ec_criteria_struct/transform_chia/input/half_clinical_trials/NCT03164304_exc.txt wurde erfolgreich geladen.
NCT03164304_exc Done 

Die Daten wurden erfolgreich in '/work/eauten2s/ec_criteria_struct/transform_chia/model_output/Llama-3-70B-Instruct_5_shot/Llama-3-70B-Instruct_NCT03164304_exc_5_shot.json' gespeichert.
File: NCT03164304_inc 

Das File: /work/eauten2s/ec_criteria_struct/transform_chia/input/half_clinical_trials/NCT03164304_inc.txt wurde erfolgreich geladen.
NCT03164304_inc Done 

Die Daten wurden erfolgreich in '/work/eauten2s/ec_criteria_struct/transform_chia/model_output/Llama-3-70B-Instruct_5_shot/Llama-3-70B-Instruct_NCT03164304_inc_5_shot.json' gespeichert.
File: NCT03168178_exc 

Das File: /work/eauten2s/ec_criteria_struct/transform_chia/input/half_clinical_trials/NCT03168178_exc.txt wurde erfolgreich geladen.
NCT03168178_exc Done 

Die Daten wurden erfolgreich in '/work/eauten2s/ec_criteria_struct/transform_chia/model_output/Llama-3-70B-Instruct_5_shot/Llama-3-70B-Instruct_NCT03168178_exc_5_shot.json' gespeichert.
File: NCT03168178_inc 

Das File: /work/eauten2s/ec_criteria_struct/transform_chia/input/half_clinical_trials/NCT03168178_inc.txt wurde erfolgreich geladen.
NCT03168178_inc Done 

Die Daten wurden erfolgreich in '/work/eauten2s/ec_criteria_struct/transform_chia/model_output/Llama-3-70B-Instruct_5_shot/Llama-3-70B-Instruct_NCT03168178_inc_5_shot.json' gespeichert.
File: NCT03168555_exc 

Das File: /work/eauten2s/ec_criteria_struct/transform_chia/input/half_clinical_trials/NCT03168555_exc.txt wurde erfolgreich geladen.
NCT03168555_exc Done 

Die Daten wurden erfolgreich in '/work/eauten2s/ec_criteria_struct/transform_chia/model_output/Llama-3-70B-Instruct_5_shot/Llama-3-70B-Instruct_NCT03168555_exc_5_shot.json' gespeichert.
File: NCT03168555_inc 

Das File: /work/eauten2s/ec_criteria_struct/transform_chia/input/half_clinical_trials/NCT03168555_inc.txt wurde erfolgreich geladen.
NCT03168555_inc Done 

Die Daten wurden erfolgreich in '/work/eauten2s/ec_criteria_struct/transform_chia/model_output/Llama-3-70B-Instruct_5_shot/Llama-3-70B-Instruct_NCT03168555_inc_5_shot.json' gespeichert.
File: NCT03169127_exc 

Das File: /work/eauten2s/ec_criteria_struct/transform_chia/input/half_clinical_trials/NCT03169127_exc.txt wurde erfolgreich geladen.
NCT03169127_exc Done 

Die Daten wurden erfolgreich in '/work/eauten2s/ec_criteria_struct/transform_chia/model_output/Llama-3-70B-Instruct_5_shot/Llama-3-70B-Instruct_NCT03169127_exc_5_shot.json' gespeichert.
File: NCT03169127_inc 

Das File: /work/eauten2s/ec_criteria_struct/transform_chia/input/half_clinical_trials/NCT03169127_inc.txt wurde erfolgreich geladen.
NCT03169127_inc Done 

Die Daten wurden erfolgreich in '/work/eauten2s/ec_criteria_struct/transform_chia/model_output/Llama-3-70B-Instruct_5_shot/Llama-3-70B-Instruct_NCT03169127_inc_5_shot.json' gespeichert.
File: NCT03171987_exc 

Das File: /work/eauten2s/ec_criteria_struct/transform_chia/input/half_clinical_trials/NCT03171987_exc.txt wurde erfolgreich geladen.
NCT03171987_exc Done 

Die Daten wurden erfolgreich in '/work/eauten2s/ec_criteria_struct/transform_chia/model_output/Llama-3-70B-Instruct_5_shot/Llama-3-70B-Instruct_NCT03171987_exc_5_shot.json' gespeichert.
File: NCT03171987_inc 

Das File: /work/eauten2s/ec_criteria_struct/transform_chia/input/half_clinical_trials/NCT03171987_inc.txt wurde erfolgreich geladen.
NCT03171987_inc Done 

Die Daten wurden erfolgreich in '/work/eauten2s/ec_criteria_struct/transform_chia/model_output/Llama-3-70B-Instruct_5_shot/Llama-3-70B-Instruct_NCT03171987_inc_5_shot.json' gespeichert.
File: NCT03173092_exc 

Das File: /work/eauten2s/ec_criteria_struct/transform_chia/input/half_clinical_trials/NCT03173092_exc.txt wurde erfolgreich geladen.
NCT03173092_exc Done 

Die Daten wurden erfolgreich in '/work/eauten2s/ec_criteria_struct/transform_chia/model_output/Llama-3-70B-Instruct_5_shot/Llama-3-70B-Instruct_NCT03173092_exc_5_shot.json' gespeichert.
File: NCT03173092_inc 

Das File: /work/eauten2s/ec_criteria_struct/transform_chia/input/half_clinical_trials/NCT03173092_inc.txt wurde erfolgreich geladen.
NCT03173092_inc Done 

Die Daten wurden erfolgreich in '/work/eauten2s/ec_criteria_struct/transform_chia/model_output/Llama-3-70B-Instruct_5_shot/Llama-3-70B-Instruct_NCT03173092_inc_5_shot.json' gespeichert.
File: NCT03176316_exc 

Das File: /work/eauten2s/ec_criteria_struct/transform_chia/input/half_clinical_trials/NCT03176316_exc.txt wurde erfolgreich geladen.
NCT03176316_exc Done 

Die Daten wurden erfolgreich in '/work/eauten2s/ec_criteria_struct/transform_chia/model_output/Llama-3-70B-Instruct_5_shot/Llama-3-70B-Instruct_NCT03176316_exc_5_shot.json' gespeichert.
File: NCT03176316_inc 

Das File: /work/eauten2s/ec_criteria_struct/transform_chia/input/half_clinical_trials/NCT03176316_inc.txt wurde erfolgreich geladen.
NCT03176316_inc Done 

Die Daten wurden erfolgreich in '/work/eauten2s/ec_criteria_struct/transform_chia/model_output/Llama-3-70B-Instruct_5_shot/Llama-3-70B-Instruct_NCT03176316_inc_5_shot.json' gespeichert.
File: NCT03177811_exc 

Das File: /work/eauten2s/ec_criteria_struct/transform_chia/input/half_clinical_trials/NCT03177811_exc.txt wurde erfolgreich geladen.
NCT03177811_exc Done 

Die Daten wurden erfolgreich in '/work/eauten2s/ec_criteria_struct/transform_chia/model_output/Llama-3-70B-Instruct_5_shot/Llama-3-70B-Instruct_NCT03177811_exc_5_shot.json' gespeichert.
File: NCT03177811_inc 

Das File: /work/eauten2s/ec_criteria_struct/transform_chia/input/half_clinical_trials/NCT03177811_inc.txt wurde erfolgreich geladen.
NCT03177811_inc Done 

Die Daten wurden erfolgreich in '/work/eauten2s/ec_criteria_struct/transform_chia/model_output/Llama-3-70B-Instruct_5_shot/Llama-3-70B-Instruct_NCT03177811_inc_5_shot.json' gespeichert.
File: NCT03177837_exc 

Das File: /work/eauten2s/ec_criteria_struct/transform_chia/input/half_clinical_trials/NCT03177837_exc.txt wurde erfolgreich geladen.
NCT03177837_exc Done 

Die Daten wurden erfolgreich in '/work/eauten2s/ec_criteria_struct/transform_chia/model_output/Llama-3-70B-Instruct_5_shot/Llama-3-70B-Instruct_NCT03177837_exc_5_shot.json' gespeichert.
File: NCT03177837_inc 

Das File: /work/eauten2s/ec_criteria_struct/transform_chia/input/half_clinical_trials/NCT03177837_inc.txt wurde erfolgreich geladen.
NCT03177837_inc Done 

Die Daten wurden erfolgreich in '/work/eauten2s/ec_criteria_struct/transform_chia/model_output/Llama-3-70B-Instruct_5_shot/Llama-3-70B-Instruct_NCT03177837_inc_5_shot.json' gespeichert.
File: NCT03181984_exc 

Das File: /work/eauten2s/ec_criteria_struct/transform_chia/input/half_clinical_trials/NCT03181984_exc.txt wurde erfolgreich geladen.
NCT03181984_exc Done 

Die Daten wurden erfolgreich in '/work/eauten2s/ec_criteria_struct/transform_chia/model_output/Llama-3-70B-Instruct_5_shot/Llama-3-70B-Instruct_NCT03181984_exc_5_shot.json' gespeichert.
File: NCT03181984_inc 

Das File: /work/eauten2s/ec_criteria_struct/transform_chia/input/half_clinical_trials/NCT03181984_inc.txt wurde erfolgreich geladen.
NCT03181984_inc Done 

Die Daten wurden erfolgreich in '/work/eauten2s/ec_criteria_struct/transform_chia/model_output/Llama-3-70B-Instruct_5_shot/Llama-3-70B-Instruct_NCT03181984_inc_5_shot.json' gespeichert.
File: NCT03182114_exc 

Das File: /work/eauten2s/ec_criteria_struct/transform_chia/input/half_clinical_trials/NCT03182114_exc.txt wurde erfolgreich geladen.
NCT03182114_exc Done 

Die Daten wurden erfolgreich in '/work/eauten2s/ec_criteria_struct/transform_chia/model_output/Llama-3-70B-Instruct_5_shot/Llama-3-70B-Instruct_NCT03182114_exc_5_shot.json' gespeichert.
File: NCT03182114_inc 

Das File: /work/eauten2s/ec_criteria_struct/transform_chia/input/half_clinical_trials/NCT03182114_inc.txt wurde erfolgreich geladen.
NCT03182114_inc Done 

Die Daten wurden erfolgreich in '/work/eauten2s/ec_criteria_struct/transform_chia/model_output/Llama-3-70B-Instruct_5_shot/Llama-3-70B-Instruct_NCT03182114_inc_5_shot.json' gespeichert.
File: NCT03185130_exc 

Das File: /work/eauten2s/ec_criteria_struct/transform_chia/input/half_clinical_trials/NCT03185130_exc.txt wurde erfolgreich geladen.
NCT03185130_exc Done 

Die Daten wurden erfolgreich in '/work/eauten2s/ec_criteria_struct/transform_chia/model_output/Llama-3-70B-Instruct_5_shot/Llama-3-70B-Instruct_NCT03185130_exc_5_shot.json' gespeichert.
File: NCT03185130_inc 

Das File: /work/eauten2s/ec_criteria_struct/transform_chia/input/half_clinical_trials/NCT03185130_inc.txt wurde erfolgreich geladen.
NCT03185130_inc Done 

Die Daten wurden erfolgreich in '/work/eauten2s/ec_criteria_struct/transform_chia/model_output/Llama-3-70B-Instruct_5_shot/Llama-3-70B-Instruct_NCT03185130_inc_5_shot.json' gespeichert.
File: NCT03187379_exc 

Das File: /work/eauten2s/ec_criteria_struct/transform_chia/input/half_clinical_trials/NCT03187379_exc.txt wurde erfolgreich geladen.
NCT03187379_exc Done 

Die Daten wurden erfolgreich in '/work/eauten2s/ec_criteria_struct/transform_chia/model_output/Llama-3-70B-Instruct_5_shot/Llama-3-70B-Instruct_NCT03187379_exc_5_shot.json' gespeichert.
File: NCT03187379_inc 

Das File: /work/eauten2s/ec_criteria_struct/transform_chia/input/half_clinical_trials/NCT03187379_inc.txt wurde erfolgreich geladen.
NCT03187379_inc Done 

Die Daten wurden erfolgreich in '/work/eauten2s/ec_criteria_struct/transform_chia/model_output/Llama-3-70B-Instruct_5_shot/Llama-3-70B-Instruct_NCT03187379_inc_5_shot.json' gespeichert.
File: NCT03187639_exc 

Das File: /work/eauten2s/ec_criteria_struct/transform_chia/input/half_clinical_trials/NCT03187639_exc.txt wurde erfolgreich geladen.
NCT03187639_exc Done 

Die Daten wurden erfolgreich in '/work/eauten2s/ec_criteria_struct/transform_chia/model_output/Llama-3-70B-Instruct_5_shot/Llama-3-70B-Instruct_NCT03187639_exc_5_shot.json' gespeichert.
File: NCT03187639_inc 

Das File: /work/eauten2s/ec_criteria_struct/transform_chia/input/half_clinical_trials/NCT03187639_inc.txt wurde erfolgreich geladen.
NCT03187639_inc Done 

Die Daten wurden erfolgreich in '/work/eauten2s/ec_criteria_struct/transform_chia/model_output/Llama-3-70B-Instruct_5_shot/Llama-3-70B-Instruct_NCT03187639_inc_5_shot.json' gespeichert.
File: NCT03190304_exc 

Das File: /work/eauten2s/ec_criteria_struct/transform_chia/input/half_clinical_trials/NCT03190304_exc.txt wurde erfolgreich geladen.
NCT03190304_exc Done 

Die Daten wurden erfolgreich in '/work/eauten2s/ec_criteria_struct/transform_chia/model_output/Llama-3-70B-Instruct_5_shot/Llama-3-70B-Instruct_NCT03190304_exc_5_shot.json' gespeichert.
File: NCT03190304_inc 

Das File: /work/eauten2s/ec_criteria_struct/transform_chia/input/half_clinical_trials/NCT03190304_inc.txt wurde erfolgreich geladen.
NCT03190304_inc Done 

Die Daten wurden erfolgreich in '/work/eauten2s/ec_criteria_struct/transform_chia/model_output/Llama-3-70B-Instruct_5_shot/Llama-3-70B-Instruct_NCT03190304_inc_5_shot.json' gespeichert.
File: NCT03192020_exc 

Das File: /work/eauten2s/ec_criteria_struct/transform_chia/input/half_clinical_trials/NCT03192020_exc.txt wurde erfolgreich geladen.
NCT03192020_exc Done 

Die Daten wurden erfolgreich in '/work/eauten2s/ec_criteria_struct/transform_chia/model_output/Llama-3-70B-Instruct_5_shot/Llama-3-70B-Instruct_NCT03192020_exc_5_shot.json' gespeichert.
File: NCT03192020_inc 

Das File: /work/eauten2s/ec_criteria_struct/transform_chia/input/half_clinical_trials/NCT03192020_inc.txt wurde erfolgreich geladen.
NCT03192020_inc Done 

Die Daten wurden erfolgreich in '/work/eauten2s/ec_criteria_struct/transform_chia/model_output/Llama-3-70B-Instruct_5_shot/Llama-3-70B-Instruct_NCT03192020_inc_5_shot.json' gespeichert.
File: NCT03193684_exc 

Das File: /work/eauten2s/ec_criteria_struct/transform_chia/input/half_clinical_trials/NCT03193684_exc.txt wurde erfolgreich geladen.
NCT03193684_exc Done 

Die Daten wurden erfolgreich in '/work/eauten2s/ec_criteria_struct/transform_chia/model_output/Llama-3-70B-Instruct_5_shot/Llama-3-70B-Instruct_NCT03193684_exc_5_shot.json' gespeichert.
File: NCT03193684_inc 

Das File: /work/eauten2s/ec_criteria_struct/transform_chia/input/half_clinical_trials/NCT03193684_inc.txt wurde erfolgreich geladen.
NCT03193684_inc Done 

Die Daten wurden erfolgreich in '/work/eauten2s/ec_criteria_struct/transform_chia/model_output/Llama-3-70B-Instruct_5_shot/Llama-3-70B-Instruct_NCT03193684_inc_5_shot.json' gespeichert.
File: NCT03194074_exc 

Das File: /work/eauten2s/ec_criteria_struct/transform_chia/input/half_clinical_trials/NCT03194074_exc.txt wurde erfolgreich geladen.
NCT03194074_exc Done 

Die Daten wurden erfolgreich in '/work/eauten2s/ec_criteria_struct/transform_chia/model_output/Llama-3-70B-Instruct_5_shot/Llama-3-70B-Instruct_NCT03194074_exc_5_shot.json' gespeichert.
File: NCT03194074_inc 

Das File: /work/eauten2s/ec_criteria_struct/transform_chia/input/half_clinical_trials/NCT03194074_inc.txt wurde erfolgreich geladen.
NCT03194074_inc Done 

Die Daten wurden erfolgreich in '/work/eauten2s/ec_criteria_struct/transform_chia/model_output/Llama-3-70B-Instruct_5_shot/Llama-3-70B-Instruct_NCT03194074_inc_5_shot.json' gespeichert.
File: NCT03195153_exc 

Das File: /work/eauten2s/ec_criteria_struct/transform_chia/input/half_clinical_trials/NCT03195153_exc.txt wurde erfolgreich geladen.
NCT03195153_exc Done 

Die Daten wurden erfolgreich in '/work/eauten2s/ec_criteria_struct/transform_chia/model_output/Llama-3-70B-Instruct_5_shot/Llama-3-70B-Instruct_NCT03195153_exc_5_shot.json' gespeichert.
File: NCT03195153_inc 

Das File: /work/eauten2s/ec_criteria_struct/transform_chia/input/half_clinical_trials/NCT03195153_inc.txt wurde erfolgreich geladen.
NCT03195153_inc Done 

Die Daten wurden erfolgreich in '/work/eauten2s/ec_criteria_struct/transform_chia/model_output/Llama-3-70B-Instruct_5_shot/Llama-3-70B-Instruct_NCT03195153_inc_5_shot.json' gespeichert.
File: NCT03196843_exc 

Das File: /work/eauten2s/ec_criteria_struct/transform_chia/input/half_clinical_trials/NCT03196843_exc.txt wurde erfolgreich geladen.
NCT03196843_exc Done 

Die Daten wurden erfolgreich in '/work/eauten2s/ec_criteria_struct/transform_chia/model_output/Llama-3-70B-Instruct_5_shot/Llama-3-70B-Instruct_NCT03196843_exc_5_shot.json' gespeichert.
File: NCT03196843_inc 

Das File: /work/eauten2s/ec_criteria_struct/transform_chia/input/half_clinical_trials/NCT03196843_inc.txt wurde erfolgreich geladen.
NCT03196843_inc Done 

Die Daten wurden erfolgreich in '/work/eauten2s/ec_criteria_struct/transform_chia/model_output/Llama-3-70B-Instruct_5_shot/Llama-3-70B-Instruct_NCT03196843_inc_5_shot.json' gespeichert.
File: NCT03198910_exc 

Das File: /work/eauten2s/ec_criteria_struct/transform_chia/input/half_clinical_trials/NCT03198910_exc.txt wurde erfolgreich geladen.
NCT03198910_exc Done 

Die Daten wurden erfolgreich in '/work/eauten2s/ec_criteria_struct/transform_chia/model_output/Llama-3-70B-Instruct_5_shot/Llama-3-70B-Instruct_NCT03198910_exc_5_shot.json' gespeichert.
File: NCT03198910_inc 

Das File: /work/eauten2s/ec_criteria_struct/transform_chia/input/half_clinical_trials/NCT03198910_inc.txt wurde erfolgreich geladen.
NCT03198910_inc Done 

Die Daten wurden erfolgreich in '/work/eauten2s/ec_criteria_struct/transform_chia/model_output/Llama-3-70B-Instruct_5_shot/Llama-3-70B-Instruct_NCT03198910_inc_5_shot.json' gespeichert.
File: NCT03199560_exc 

Das File: /work/eauten2s/ec_criteria_struct/transform_chia/input/half_clinical_trials/NCT03199560_exc.txt wurde erfolgreich geladen.
NCT03199560_exc Done 

Die Daten wurden erfolgreich in '/work/eauten2s/ec_criteria_struct/transform_chia/model_output/Llama-3-70B-Instruct_5_shot/Llama-3-70B-Instruct_NCT03199560_exc_5_shot.json' gespeichert.
File: NCT03199560_inc 

Das File: /work/eauten2s/ec_criteria_struct/transform_chia/input/half_clinical_trials/NCT03199560_inc.txt wurde erfolgreich geladen.
NCT03199560_inc Done 

Die Daten wurden erfolgreich in '/work/eauten2s/ec_criteria_struct/transform_chia/model_output/Llama-3-70B-Instruct_5_shot/Llama-3-70B-Instruct_NCT03199560_inc_5_shot.json' gespeichert.
File: NCT03208127_exc 

Das File: /work/eauten2s/ec_criteria_struct/transform_chia/input/half_clinical_trials/NCT03208127_exc.txt wurde erfolgreich geladen.
NCT03208127_exc Done 

Die Daten wurden erfolgreich in '/work/eauten2s/ec_criteria_struct/transform_chia/model_output/Llama-3-70B-Instruct_5_shot/Llama-3-70B-Instruct_NCT03208127_exc_5_shot.json' gespeichert.
File: NCT03208127_inc 

Das File: /work/eauten2s/ec_criteria_struct/transform_chia/input/half_clinical_trials/NCT03208127_inc.txt wurde erfolgreich geladen.
NCT03208127_inc Done 

Die Daten wurden erfolgreich in '/work/eauten2s/ec_criteria_struct/transform_chia/model_output/Llama-3-70B-Instruct_5_shot/Llama-3-70B-Instruct_NCT03208127_inc_5_shot.json' gespeichert.
File: NCT03208244_exc 

Das File: /work/eauten2s/ec_criteria_struct/transform_chia/input/half_clinical_trials/NCT03208244_exc.txt wurde erfolgreich geladen.
NCT03208244_exc Done 

Die Daten wurden erfolgreich in '/work/eauten2s/ec_criteria_struct/transform_chia/model_output/Llama-3-70B-Instruct_5_shot/Llama-3-70B-Instruct_NCT03208244_exc_5_shot.json' gespeichert.
File: NCT03208244_inc 

Das File: /work/eauten2s/ec_criteria_struct/transform_chia/input/half_clinical_trials/NCT03208244_inc.txt wurde erfolgreich geladen.
NCT03208244_inc Done 

Die Daten wurden erfolgreich in '/work/eauten2s/ec_criteria_struct/transform_chia/model_output/Llama-3-70B-Instruct_5_shot/Llama-3-70B-Instruct_NCT03208244_inc_5_shot.json' gespeichert.
File: NCT03208465_exc 

Das File: /work/eauten2s/ec_criteria_struct/transform_chia/input/half_clinical_trials/NCT03208465_exc.txt wurde erfolgreich geladen.
NCT03208465_exc Done 

Die Daten wurden erfolgreich in '/work/eauten2s/ec_criteria_struct/transform_chia/model_output/Llama-3-70B-Instruct_5_shot/Llama-3-70B-Instruct_NCT03208465_exc_5_shot.json' gespeichert.
File: NCT03208465_inc 

Das File: /work/eauten2s/ec_criteria_struct/transform_chia/input/half_clinical_trials/NCT03208465_inc.txt wurde erfolgreich geladen.
NCT03208465_inc Done 

Die Daten wurden erfolgreich in '/work/eauten2s/ec_criteria_struct/transform_chia/model_output/Llama-3-70B-Instruct_5_shot/Llama-3-70B-Instruct_NCT03208465_inc_5_shot.json' gespeichert.
File: NCT03208998_exc 

Das File: /work/eauten2s/ec_criteria_struct/transform_chia/input/half_clinical_trials/NCT03208998_exc.txt wurde erfolgreich geladen.
NCT03208998_exc Done 

Die Daten wurden erfolgreich in '/work/eauten2s/ec_criteria_struct/transform_chia/model_output/Llama-3-70B-Instruct_5_shot/Llama-3-70B-Instruct_NCT03208998_exc_5_shot.json' gespeichert.
File: NCT03208998_inc 

Das File: /work/eauten2s/ec_criteria_struct/transform_chia/input/half_clinical_trials/NCT03208998_inc.txt wurde erfolgreich geladen.
NCT03208998_inc Done 

Die Daten wurden erfolgreich in '/work/eauten2s/ec_criteria_struct/transform_chia/model_output/Llama-3-70B-Instruct_5_shot/Llama-3-70B-Instruct_NCT03208998_inc_5_shot.json' gespeichert.
File: NCT03209011_exc 

Das File: /work/eauten2s/ec_criteria_struct/transform_chia/input/half_clinical_trials/NCT03209011_exc.txt wurde erfolgreich geladen.
NCT03209011_exc Done 

Die Daten wurden erfolgreich in '/work/eauten2s/ec_criteria_struct/transform_chia/model_output/Llama-3-70B-Instruct_5_shot/Llama-3-70B-Instruct_NCT03209011_exc_5_shot.json' gespeichert.
File: NCT03209011_inc 

Das File: /work/eauten2s/ec_criteria_struct/transform_chia/input/half_clinical_trials/NCT03209011_inc.txt wurde erfolgreich geladen.
NCT03209011_inc Done 

Die Daten wurden erfolgreich in '/work/eauten2s/ec_criteria_struct/transform_chia/model_output/Llama-3-70B-Instruct_5_shot/Llama-3-70B-Instruct_NCT03209011_inc_5_shot.json' gespeichert.
File: NCT03209687_exc 

Das File: /work/eauten2s/ec_criteria_struct/transform_chia/input/half_clinical_trials/NCT03209687_exc.txt wurde erfolgreich geladen.
NCT03209687_exc Done 

Die Daten wurden erfolgreich in '/work/eauten2s/ec_criteria_struct/transform_chia/model_output/Llama-3-70B-Instruct_5_shot/Llama-3-70B-Instruct_NCT03209687_exc_5_shot.json' gespeichert.
File: NCT03209687_inc 

Das File: /work/eauten2s/ec_criteria_struct/transform_chia/input/half_clinical_trials/NCT03209687_inc.txt wurde erfolgreich geladen.
NCT03209687_inc Done 

Die Daten wurden erfolgreich in '/work/eauten2s/ec_criteria_struct/transform_chia/model_output/Llama-3-70B-Instruct_5_shot/Llama-3-70B-Instruct_NCT03209687_inc_5_shot.json' gespeichert.
File: NCT03211741_exc 

Das File: /work/eauten2s/ec_criteria_struct/transform_chia/input/half_clinical_trials/NCT03211741_exc.txt wurde erfolgreich geladen.
NCT03211741_exc Done 

Die Daten wurden erfolgreich in '/work/eauten2s/ec_criteria_struct/transform_chia/model_output/Llama-3-70B-Instruct_5_shot/Llama-3-70B-Instruct_NCT03211741_exc_5_shot.json' gespeichert.
File: NCT03211741_inc 

Das File: /work/eauten2s/ec_criteria_struct/transform_chia/input/half_clinical_trials/NCT03211741_inc.txt wurde erfolgreich geladen.
NCT03211741_inc Done 

Die Daten wurden erfolgreich in '/work/eauten2s/ec_criteria_struct/transform_chia/model_output/Llama-3-70B-Instruct_5_shot/Llama-3-70B-Instruct_NCT03211741_inc_5_shot.json' gespeichert.
File: NCT03212352_exc 

Das File: /work/eauten2s/ec_criteria_struct/transform_chia/input/half_clinical_trials/NCT03212352_exc.txt wurde erfolgreich geladen.
NCT03212352_exc Done 

Die Daten wurden erfolgreich in '/work/eauten2s/ec_criteria_struct/transform_chia/model_output/Llama-3-70B-Instruct_5_shot/Llama-3-70B-Instruct_NCT03212352_exc_5_shot.json' gespeichert.
File: NCT03212352_inc 

Das File: /work/eauten2s/ec_criteria_struct/transform_chia/input/half_clinical_trials/NCT03212352_inc.txt wurde erfolgreich geladen.
NCT03212352_inc Done 

Die Daten wurden erfolgreich in '/work/eauten2s/ec_criteria_struct/transform_chia/model_output/Llama-3-70B-Instruct_5_shot/Llama-3-70B-Instruct_NCT03212352_inc_5_shot.json' gespeichert.
File: NCT03213834_exc 

Das File: /work/eauten2s/ec_criteria_struct/transform_chia/input/half_clinical_trials/NCT03213834_exc.txt wurde erfolgreich geladen.
NCT03213834_exc Done 

Die Daten wurden erfolgreich in '/work/eauten2s/ec_criteria_struct/transform_chia/model_output/Llama-3-70B-Instruct_5_shot/Llama-3-70B-Instruct_NCT03213834_exc_5_shot.json' gespeichert.
File: NCT03213834_inc 

Das File: /work/eauten2s/ec_criteria_struct/transform_chia/input/half_clinical_trials/NCT03213834_inc.txt wurde erfolgreich geladen.
NCT03213834_inc Done 

Die Daten wurden erfolgreich in '/work/eauten2s/ec_criteria_struct/transform_chia/model_output/Llama-3-70B-Instruct_5_shot/Llama-3-70B-Instruct_NCT03213834_inc_5_shot.json' gespeichert.
File: NCT03216447_exc 

Das File: /work/eauten2s/ec_criteria_struct/transform_chia/input/half_clinical_trials/NCT03216447_exc.txt wurde erfolgreich geladen.
NCT03216447_exc Done 

Die Daten wurden erfolgreich in '/work/eauten2s/ec_criteria_struct/transform_chia/model_output/Llama-3-70B-Instruct_5_shot/Llama-3-70B-Instruct_NCT03216447_exc_5_shot.json' gespeichert.
File: NCT03216447_inc 

Das File: /work/eauten2s/ec_criteria_struct/transform_chia/input/half_clinical_trials/NCT03216447_inc.txt wurde erfolgreich geladen.
NCT03216447_inc Done 

Die Daten wurden erfolgreich in '/work/eauten2s/ec_criteria_struct/transform_chia/model_output/Llama-3-70B-Instruct_5_shot/Llama-3-70B-Instruct_NCT03216447_inc_5_shot.json' gespeichert.
File: NCT03216967_exc 

Das File: /work/eauten2s/ec_criteria_struct/transform_chia/input/half_clinical_trials/NCT03216967_exc.txt wurde erfolgreich geladen.
NCT03216967_exc Done 

Die Daten wurden erfolgreich in '/work/eauten2s/ec_criteria_struct/transform_chia/model_output/Llama-3-70B-Instruct_5_shot/Llama-3-70B-Instruct_NCT03216967_exc_5_shot.json' gespeichert.
File: NCT03216967_inc 

Das File: /work/eauten2s/ec_criteria_struct/transform_chia/input/half_clinical_trials/NCT03216967_inc.txt wurde erfolgreich geladen.
NCT03216967_inc Done 

Die Daten wurden erfolgreich in '/work/eauten2s/ec_criteria_struct/transform_chia/model_output/Llama-3-70B-Instruct_5_shot/Llama-3-70B-Instruct_NCT03216967_inc_5_shot.json' gespeichert.
File: NCT03217409_exc 

Das File: /work/eauten2s/ec_criteria_struct/transform_chia/input/half_clinical_trials/NCT03217409_exc.txt wurde erfolgreich geladen.
NCT03217409_exc Done 

Die Daten wurden erfolgreich in '/work/eauten2s/ec_criteria_struct/transform_chia/model_output/Llama-3-70B-Instruct_5_shot/Llama-3-70B-Instruct_NCT03217409_exc_5_shot.json' gespeichert.
File: NCT03217409_inc 

Das File: /work/eauten2s/ec_criteria_struct/transform_chia/input/half_clinical_trials/NCT03217409_inc.txt wurde erfolgreich geladen.
NCT03217409_inc Done 

Die Daten wurden erfolgreich in '/work/eauten2s/ec_criteria_struct/transform_chia/model_output/Llama-3-70B-Instruct_5_shot/Llama-3-70B-Instruct_NCT03217409_inc_5_shot.json' gespeichert.
File: NCT03221231_exc 

Das File: /work/eauten2s/ec_criteria_struct/transform_chia/input/half_clinical_trials/NCT03221231_exc.txt wurde erfolgreich geladen.
NCT03221231_exc Done 

Die Daten wurden erfolgreich in '/work/eauten2s/ec_criteria_struct/transform_chia/model_output/Llama-3-70B-Instruct_5_shot/Llama-3-70B-Instruct_NCT03221231_exc_5_shot.json' gespeichert.
File: NCT03221231_inc 

Das File: /work/eauten2s/ec_criteria_struct/transform_chia/input/half_clinical_trials/NCT03221231_inc.txt wurde erfolgreich geladen.
NCT03221231_inc Done 

Die Daten wurden erfolgreich in '/work/eauten2s/ec_criteria_struct/transform_chia/model_output/Llama-3-70B-Instruct_5_shot/Llama-3-70B-Instruct_NCT03221231_inc_5_shot.json' gespeichert.
File: NCT03223909_exc 

Das File: /work/eauten2s/ec_criteria_struct/transform_chia/input/half_clinical_trials/NCT03223909_exc.txt wurde erfolgreich geladen.
NCT03223909_exc Done 

Die Daten wurden erfolgreich in '/work/eauten2s/ec_criteria_struct/transform_chia/model_output/Llama-3-70B-Instruct_5_shot/Llama-3-70B-Instruct_NCT03223909_exc_5_shot.json' gespeichert.
File: NCT03223909_inc 

Das File: /work/eauten2s/ec_criteria_struct/transform_chia/input/half_clinical_trials/NCT03223909_inc.txt wurde erfolgreich geladen.
NCT03223909_inc Done 

Die Daten wurden erfolgreich in '/work/eauten2s/ec_criteria_struct/transform_chia/model_output/Llama-3-70B-Instruct_5_shot/Llama-3-70B-Instruct_NCT03223909_inc_5_shot.json' gespeichert.
File: NCT03225469_exc 

Das File: /work/eauten2s/ec_criteria_struct/transform_chia/input/half_clinical_trials/NCT03225469_exc.txt wurde erfolgreich geladen.
NCT03225469_exc Done 

Die Daten wurden erfolgreich in '/work/eauten2s/ec_criteria_struct/transform_chia/model_output/Llama-3-70B-Instruct_5_shot/Llama-3-70B-Instruct_NCT03225469_exc_5_shot.json' gespeichert.
File: NCT03225469_inc 

Das File: /work/eauten2s/ec_criteria_struct/transform_chia/input/half_clinical_trials/NCT03225469_inc.txt wurde erfolgreich geladen.
NCT03225469_inc Done 

Die Daten wurden erfolgreich in '/work/eauten2s/ec_criteria_struct/transform_chia/model_output/Llama-3-70B-Instruct_5_shot/Llama-3-70B-Instruct_NCT03225469_inc_5_shot.json' gespeichert.
File: NCT03226080_exc 

Das File: /work/eauten2s/ec_criteria_struct/transform_chia/input/half_clinical_trials/NCT03226080_exc.txt wurde erfolgreich geladen.
NCT03226080_exc Done 

Die Daten wurden erfolgreich in '/work/eauten2s/ec_criteria_struct/transform_chia/model_output/Llama-3-70B-Instruct_5_shot/Llama-3-70B-Instruct_NCT03226080_exc_5_shot.json' gespeichert.
File: NCT03226080_inc 

Das File: /work/eauten2s/ec_criteria_struct/transform_chia/input/half_clinical_trials/NCT03226080_inc.txt wurde erfolgreich geladen.
NCT03226080_inc Done 

Die Daten wurden erfolgreich in '/work/eauten2s/ec_criteria_struct/transform_chia/model_output/Llama-3-70B-Instruct_5_shot/Llama-3-70B-Instruct_NCT03226080_inc_5_shot.json' gespeichert.
File: NCT03228017_exc 

Das File: /work/eauten2s/ec_criteria_struct/transform_chia/input/half_clinical_trials/NCT03228017_exc.txt wurde erfolgreich geladen.
NCT03228017_exc Done 

Die Daten wurden erfolgreich in '/work/eauten2s/ec_criteria_struct/transform_chia/model_output/Llama-3-70B-Instruct_5_shot/Llama-3-70B-Instruct_NCT03228017_exc_5_shot.json' gespeichert.
File: NCT03228017_inc 

Das File: /work/eauten2s/ec_criteria_struct/transform_chia/input/half_clinical_trials/NCT03228017_inc.txt wurde erfolgreich geladen.
NCT03228017_inc Done 

Die Daten wurden erfolgreich in '/work/eauten2s/ec_criteria_struct/transform_chia/model_output/Llama-3-70B-Instruct_5_shot/Llama-3-70B-Instruct_NCT03228017_inc_5_shot.json' gespeichert.
File: NCT03228238_exc 

Das File: /work/eauten2s/ec_criteria_struct/transform_chia/input/half_clinical_trials/NCT03228238_exc.txt wurde erfolgreich geladen.
NCT03228238_exc Done 

Die Daten wurden erfolgreich in '/work/eauten2s/ec_criteria_struct/transform_chia/model_output/Llama-3-70B-Instruct_5_shot/Llama-3-70B-Instruct_NCT03228238_exc_5_shot.json' gespeichert.
File: NCT03228238_inc 

Das File: /work/eauten2s/ec_criteria_struct/transform_chia/input/half_clinical_trials/NCT03228238_inc.txt wurde erfolgreich geladen.
NCT03228238_inc Done 

Die Daten wurden erfolgreich in '/work/eauten2s/ec_criteria_struct/transform_chia/model_output/Llama-3-70B-Instruct_5_shot/Llama-3-70B-Instruct_NCT03228238_inc_5_shot.json' gespeichert.
File: NCT03228498_exc 

Das File: /work/eauten2s/ec_criteria_struct/transform_chia/input/half_clinical_trials/NCT03228498_exc.txt wurde erfolgreich geladen.
NCT03228498_exc Done 

Die Daten wurden erfolgreich in '/work/eauten2s/ec_criteria_struct/transform_chia/model_output/Llama-3-70B-Instruct_5_shot/Llama-3-70B-Instruct_NCT03228498_exc_5_shot.json' gespeichert.
File: NCT03228498_inc 

Das File: /work/eauten2s/ec_criteria_struct/transform_chia/input/half_clinical_trials/NCT03228498_inc.txt wurde erfolgreich geladen.
NCT03228498_inc Done 

Die Daten wurden erfolgreich in '/work/eauten2s/ec_criteria_struct/transform_chia/model_output/Llama-3-70B-Instruct_5_shot/Llama-3-70B-Instruct_NCT03228498_inc_5_shot.json' gespeichert.
File: NCT03228654_exc 

Das File: /work/eauten2s/ec_criteria_struct/transform_chia/input/half_clinical_trials/NCT03228654_exc.txt wurde erfolgreich geladen.
NCT03228654_exc Done 

Die Daten wurden erfolgreich in '/work/eauten2s/ec_criteria_struct/transform_chia/model_output/Llama-3-70B-Instruct_5_shot/Llama-3-70B-Instruct_NCT03228654_exc_5_shot.json' gespeichert.
File: NCT03228654_inc 

Das File: /work/eauten2s/ec_criteria_struct/transform_chia/input/half_clinical_trials/NCT03228654_inc.txt wurde erfolgreich geladen.
NCT03228654_inc Done 

Die Daten wurden erfolgreich in '/work/eauten2s/ec_criteria_struct/transform_chia/model_output/Llama-3-70B-Instruct_5_shot/Llama-3-70B-Instruct_NCT03228654_inc_5_shot.json' gespeichert.
File: NCT03231982_exc 

Das File: /work/eauten2s/ec_criteria_struct/transform_chia/input/half_clinical_trials/NCT03231982_exc.txt wurde erfolgreich geladen.
NCT03231982_exc Done 

Die Daten wurden erfolgreich in '/work/eauten2s/ec_criteria_struct/transform_chia/model_output/Llama-3-70B-Instruct_5_shot/Llama-3-70B-Instruct_NCT03231982_exc_5_shot.json' gespeichert.
File: NCT03231982_inc 

Das File: /work/eauten2s/ec_criteria_struct/transform_chia/input/half_clinical_trials/NCT03231982_inc.txt wurde erfolgreich geladen.
NCT03231982_inc Done 

Die Daten wurden erfolgreich in '/work/eauten2s/ec_criteria_struct/transform_chia/model_output/Llama-3-70B-Instruct_5_shot/Llama-3-70B-Instruct_NCT03231982_inc_5_shot.json' gespeichert.
File: NCT03233880_exc 

Das File: /work/eauten2s/ec_criteria_struct/transform_chia/input/half_clinical_trials/NCT03233880_exc.txt wurde erfolgreich geladen.
NCT03233880_exc Done 

Die Daten wurden erfolgreich in '/work/eauten2s/ec_criteria_struct/transform_chia/model_output/Llama-3-70B-Instruct_5_shot/Llama-3-70B-Instruct_NCT03233880_exc_5_shot.json' gespeichert.
File: NCT03233880_inc 

Das File: /work/eauten2s/ec_criteria_struct/transform_chia/input/half_clinical_trials/NCT03233880_inc.txt wurde erfolgreich geladen.
NCT03233880_inc Done 

Die Daten wurden erfolgreich in '/work/eauten2s/ec_criteria_struct/transform_chia/model_output/Llama-3-70B-Instruct_5_shot/Llama-3-70B-Instruct_NCT03233880_inc_5_shot.json' gespeichert.
File: NCT03234816_exc 

Das File: /work/eauten2s/ec_criteria_struct/transform_chia/input/half_clinical_trials/NCT03234816_exc.txt wurde erfolgreich geladen.
NCT03234816_exc Done 

Die Daten wurden erfolgreich in '/work/eauten2s/ec_criteria_struct/transform_chia/model_output/Llama-3-70B-Instruct_5_shot/Llama-3-70B-Instruct_NCT03234816_exc_5_shot.json' gespeichert.
File: NCT03234816_inc 

Das File: /work/eauten2s/ec_criteria_struct/transform_chia/input/half_clinical_trials/NCT03234816_inc.txt wurde erfolgreich geladen.
NCT03234816_inc Done 

Die Daten wurden erfolgreich in '/work/eauten2s/ec_criteria_struct/transform_chia/model_output/Llama-3-70B-Instruct_5_shot/Llama-3-70B-Instruct_NCT03234816_inc_5_shot.json' gespeichert.
File: NCT03236246_exc 

Das File: /work/eauten2s/ec_criteria_struct/transform_chia/input/half_clinical_trials/NCT03236246_exc.txt wurde erfolgreich geladen.
NCT03236246_exc Done 

Die Daten wurden erfolgreich in '/work/eauten2s/ec_criteria_struct/transform_chia/model_output/Llama-3-70B-Instruct_5_shot/Llama-3-70B-Instruct_NCT03236246_exc_5_shot.json' gespeichert.
File: NCT03236246_inc 

Das File: /work/eauten2s/ec_criteria_struct/transform_chia/input/half_clinical_trials/NCT03236246_inc.txt wurde erfolgreich geladen.
NCT03236246_inc Done 

Die Daten wurden erfolgreich in '/work/eauten2s/ec_criteria_struct/transform_chia/model_output/Llama-3-70B-Instruct_5_shot/Llama-3-70B-Instruct_NCT03236246_inc_5_shot.json' gespeichert.
File: NCT03241368_exc 

Das File: /work/eauten2s/ec_criteria_struct/transform_chia/input/half_clinical_trials/NCT03241368_exc.txt wurde erfolgreich geladen.
NCT03241368_exc Done 

Die Daten wurden erfolgreich in '/work/eauten2s/ec_criteria_struct/transform_chia/model_output/Llama-3-70B-Instruct_5_shot/Llama-3-70B-Instruct_NCT03241368_exc_5_shot.json' gespeichert.
File: NCT03241368_inc 

Das File: /work/eauten2s/ec_criteria_struct/transform_chia/input/half_clinical_trials/NCT03241368_inc.txt wurde erfolgreich geladen.
NCT03241368_inc Done 

Die Daten wurden erfolgreich in '/work/eauten2s/ec_criteria_struct/transform_chia/model_output/Llama-3-70B-Instruct_5_shot/Llama-3-70B-Instruct_NCT03241368_inc_5_shot.json' gespeichert.
File: NCT03247413_exc 

Das File: /work/eauten2s/ec_criteria_struct/transform_chia/input/half_clinical_trials/NCT03247413_exc.txt wurde erfolgreich geladen.
NCT03247413_exc Done 

Die Daten wurden erfolgreich in '/work/eauten2s/ec_criteria_struct/transform_chia/model_output/Llama-3-70B-Instruct_5_shot/Llama-3-70B-Instruct_NCT03247413_exc_5_shot.json' gespeichert.
File: NCT03247413_inc 

Das File: /work/eauten2s/ec_criteria_struct/transform_chia/input/half_clinical_trials/NCT03247413_inc.txt wurde erfolgreich geladen.
NCT03247413_inc Done 

Die Daten wurden erfolgreich in '/work/eauten2s/ec_criteria_struct/transform_chia/model_output/Llama-3-70B-Instruct_5_shot/Llama-3-70B-Instruct_NCT03247413_inc_5_shot.json' gespeichert.
File: NCT03247738_exc 

Das File: /work/eauten2s/ec_criteria_struct/transform_chia/input/half_clinical_trials/NCT03247738_exc.txt wurde erfolgreich geladen.
NCT03247738_exc Done 

Die Daten wurden erfolgreich in '/work/eauten2s/ec_criteria_struct/transform_chia/model_output/Llama-3-70B-Instruct_5_shot/Llama-3-70B-Instruct_NCT03247738_exc_5_shot.json' gespeichert.
File: NCT03247738_inc 

Das File: /work/eauten2s/ec_criteria_struct/transform_chia/input/half_clinical_trials/NCT03247738_inc.txt wurde erfolgreich geladen.
NCT03247738_inc Done 

Die Daten wurden erfolgreich in '/work/eauten2s/ec_criteria_struct/transform_chia/model_output/Llama-3-70B-Instruct_5_shot/Llama-3-70B-Instruct_NCT03247738_inc_5_shot.json' gespeichert.
File: NCT03249272_exc 

Das File: /work/eauten2s/ec_criteria_struct/transform_chia/input/half_clinical_trials/NCT03249272_exc.txt wurde erfolgreich geladen.
NCT03249272_exc Done 

Die Daten wurden erfolgreich in '/work/eauten2s/ec_criteria_struct/transform_chia/model_output/Llama-3-70B-Instruct_5_shot/Llama-3-70B-Instruct_NCT03249272_exc_5_shot.json' gespeichert.
File: NCT03249272_inc 

Das File: /work/eauten2s/ec_criteria_struct/transform_chia/input/half_clinical_trials/NCT03249272_inc.txt wurde erfolgreich geladen.
NCT03249272_inc Done 

Die Daten wurden erfolgreich in '/work/eauten2s/ec_criteria_struct/transform_chia/model_output/Llama-3-70B-Instruct_5_shot/Llama-3-70B-Instruct_NCT03249272_inc_5_shot.json' gespeichert.
File: NCT03249311_exc 

Das File: /work/eauten2s/ec_criteria_struct/transform_chia/input/half_clinical_trials/NCT03249311_exc.txt wurde erfolgreich geladen.
NCT03249311_exc Done 

Die Daten wurden erfolgreich in '/work/eauten2s/ec_criteria_struct/transform_chia/model_output/Llama-3-70B-Instruct_5_shot/Llama-3-70B-Instruct_NCT03249311_exc_5_shot.json' gespeichert.
File: NCT03249311_inc 

Das File: /work/eauten2s/ec_criteria_struct/transform_chia/input/half_clinical_trials/NCT03249311_inc.txt wurde erfolgreich geladen.
NCT03249311_inc Done 

Die Daten wurden erfolgreich in '/work/eauten2s/ec_criteria_struct/transform_chia/model_output/Llama-3-70B-Instruct_5_shot/Llama-3-70B-Instruct_NCT03249311_inc_5_shot.json' gespeichert.
File: NCT03250507_exc 

Das File: /work/eauten2s/ec_criteria_struct/transform_chia/input/half_clinical_trials/NCT03250507_exc.txt wurde erfolgreich geladen.
NCT03250507_exc Done 

Die Daten wurden erfolgreich in '/work/eauten2s/ec_criteria_struct/transform_chia/model_output/Llama-3-70B-Instruct_5_shot/Llama-3-70B-Instruct_NCT03250507_exc_5_shot.json' gespeichert.
File: NCT03250507_inc 

Das File: /work/eauten2s/ec_criteria_struct/transform_chia/input/half_clinical_trials/NCT03250507_inc.txt wurde erfolgreich geladen.
NCT03250507_inc Done 

Die Daten wurden erfolgreich in '/work/eauten2s/ec_criteria_struct/transform_chia/model_output/Llama-3-70B-Instruct_5_shot/Llama-3-70B-Instruct_NCT03250507_inc_5_shot.json' gespeichert.
File: NCT03252249_exc 

Das File: /work/eauten2s/ec_criteria_struct/transform_chia/input/half_clinical_trials/NCT03252249_exc.txt wurde erfolgreich geladen.
NCT03252249_exc Done 

Die Daten wurden erfolgreich in '/work/eauten2s/ec_criteria_struct/transform_chia/model_output/Llama-3-70B-Instruct_5_shot/Llama-3-70B-Instruct_NCT03252249_exc_5_shot.json' gespeichert.
File: NCT03252249_inc 

Das File: /work/eauten2s/ec_criteria_struct/transform_chia/input/half_clinical_trials/NCT03252249_inc.txt wurde erfolgreich geladen.
NCT03252249_inc Done 

Die Daten wurden erfolgreich in '/work/eauten2s/ec_criteria_struct/transform_chia/model_output/Llama-3-70B-Instruct_5_shot/Llama-3-70B-Instruct_NCT03252249_inc_5_shot.json' gespeichert.
File: NCT03253796_exc 

Das File: /work/eauten2s/ec_criteria_struct/transform_chia/input/half_clinical_trials/NCT03253796_exc.txt wurde erfolgreich geladen.
NCT03253796_exc Done 

Die Daten wurden erfolgreich in '/work/eauten2s/ec_criteria_struct/transform_chia/model_output/Llama-3-70B-Instruct_5_shot/Llama-3-70B-Instruct_NCT03253796_exc_5_shot.json' gespeichert.
File: NCT03253796_inc 

Das File: /work/eauten2s/ec_criteria_struct/transform_chia/input/half_clinical_trials/NCT03253796_inc.txt wurde erfolgreich geladen.
NCT03253796_inc Done 

Die Daten wurden erfolgreich in '/work/eauten2s/ec_criteria_struct/transform_chia/model_output/Llama-3-70B-Instruct_5_shot/Llama-3-70B-Instruct_NCT03253796_inc_5_shot.json' gespeichert.
File: NCT03255044_exc 

Das File: /work/eauten2s/ec_criteria_struct/transform_chia/input/half_clinical_trials/NCT03255044_exc.txt wurde erfolgreich geladen.
NCT03255044_exc Done 

Die Daten wurden erfolgreich in '/work/eauten2s/ec_criteria_struct/transform_chia/model_output/Llama-3-70B-Instruct_5_shot/Llama-3-70B-Instruct_NCT03255044_exc_5_shot.json' gespeichert.
File: NCT03255044_inc 

Das File: /work/eauten2s/ec_criteria_struct/transform_chia/input/half_clinical_trials/NCT03255044_inc.txt wurde erfolgreich geladen.
NCT03255044_inc Done 

Die Daten wurden erfolgreich in '/work/eauten2s/ec_criteria_struct/transform_chia/model_output/Llama-3-70B-Instruct_5_shot/Llama-3-70B-Instruct_NCT03255044_inc_5_shot.json' gespeichert.
File: NCT03256864_exc 

Das File: /work/eauten2s/ec_criteria_struct/transform_chia/input/half_clinical_trials/NCT03256864_exc.txt wurde erfolgreich geladen.
NCT03256864_exc Done 

Die Daten wurden erfolgreich in '/work/eauten2s/ec_criteria_struct/transform_chia/model_output/Llama-3-70B-Instruct_5_shot/Llama-3-70B-Instruct_NCT03256864_exc_5_shot.json' gespeichert.
File: NCT03256864_inc 

Das File: /work/eauten2s/ec_criteria_struct/transform_chia/input/half_clinical_trials/NCT03256864_inc.txt wurde erfolgreich geladen.
NCT03256864_inc Done 

Die Daten wurden erfolgreich in '/work/eauten2s/ec_criteria_struct/transform_chia/model_output/Llama-3-70B-Instruct_5_shot/Llama-3-70B-Instruct_NCT03256864_inc_5_shot.json' gespeichert.
File: NCT03259243_exc 

Das File: /work/eauten2s/ec_criteria_struct/transform_chia/input/half_clinical_trials/NCT03259243_exc.txt wurde erfolgreich geladen.
NCT03259243_exc Done 

Die Daten wurden erfolgreich in '/work/eauten2s/ec_criteria_struct/transform_chia/model_output/Llama-3-70B-Instruct_5_shot/Llama-3-70B-Instruct_NCT03259243_exc_5_shot.json' gespeichert.
File: NCT03259243_inc 

Das File: /work/eauten2s/ec_criteria_struct/transform_chia/input/half_clinical_trials/NCT03259243_inc.txt wurde erfolgreich geladen.
NCT03259243_inc Done 

Die Daten wurden erfolgreich in '/work/eauten2s/ec_criteria_struct/transform_chia/model_output/Llama-3-70B-Instruct_5_shot/Llama-3-70B-Instruct_NCT03259243_inc_5_shot.json' gespeichert.
File: NCT03260790_exc 

Das File: /work/eauten2s/ec_criteria_struct/transform_chia/input/half_clinical_trials/NCT03260790_exc.txt wurde erfolgreich geladen.
NCT03260790_exc Done 

Die Daten wurden erfolgreich in '/work/eauten2s/ec_criteria_struct/transform_chia/model_output/Llama-3-70B-Instruct_5_shot/Llama-3-70B-Instruct_NCT03260790_exc_5_shot.json' gespeichert.
File: NCT03260790_inc 

Das File: /work/eauten2s/ec_criteria_struct/transform_chia/input/half_clinical_trials/NCT03260790_inc.txt wurde erfolgreich geladen.
NCT03260790_inc Done 

Die Daten wurden erfolgreich in '/work/eauten2s/ec_criteria_struct/transform_chia/model_output/Llama-3-70B-Instruct_5_shot/Llama-3-70B-Instruct_NCT03260790_inc_5_shot.json' gespeichert.
File: NCT03260881_exc 

Das File: /work/eauten2s/ec_criteria_struct/transform_chia/input/half_clinical_trials/NCT03260881_exc.txt wurde erfolgreich geladen.
NCT03260881_exc Done 

Die Daten wurden erfolgreich in '/work/eauten2s/ec_criteria_struct/transform_chia/model_output/Llama-3-70B-Instruct_5_shot/Llama-3-70B-Instruct_NCT03260881_exc_5_shot.json' gespeichert.
File: NCT03260881_inc 

Das File: /work/eauten2s/ec_criteria_struct/transform_chia/input/half_clinical_trials/NCT03260881_inc.txt wurde erfolgreich geladen.
NCT03260881_inc Done 

Die Daten wurden erfolgreich in '/work/eauten2s/ec_criteria_struct/transform_chia/model_output/Llama-3-70B-Instruct_5_shot/Llama-3-70B-Instruct_NCT03260881_inc_5_shot.json' gespeichert.
File: NCT03262038_exc 

Das File: /work/eauten2s/ec_criteria_struct/transform_chia/input/half_clinical_trials/NCT03262038_exc.txt wurde erfolgreich geladen.
NCT03262038_exc Done 

Die Daten wurden erfolgreich in '/work/eauten2s/ec_criteria_struct/transform_chia/model_output/Llama-3-70B-Instruct_5_shot/Llama-3-70B-Instruct_NCT03262038_exc_5_shot.json' gespeichert.
File: NCT03262038_inc 

Das File: /work/eauten2s/ec_criteria_struct/transform_chia/input/half_clinical_trials/NCT03262038_inc.txt wurde erfolgreich geladen.
NCT03262038_inc Done 

Die Daten wurden erfolgreich in '/work/eauten2s/ec_criteria_struct/transform_chia/model_output/Llama-3-70B-Instruct_5_shot/Llama-3-70B-Instruct_NCT03262038_inc_5_shot.json' gespeichert.
File: NCT03263481_exc 

Das File: /work/eauten2s/ec_criteria_struct/transform_chia/input/half_clinical_trials/NCT03263481_exc.txt wurde erfolgreich geladen.
NCT03263481_exc Done 

Die Daten wurden erfolgreich in '/work/eauten2s/ec_criteria_struct/transform_chia/model_output/Llama-3-70B-Instruct_5_shot/Llama-3-70B-Instruct_NCT03263481_exc_5_shot.json' gespeichert.
File: NCT03263481_inc 

Das File: /work/eauten2s/ec_criteria_struct/transform_chia/input/half_clinical_trials/NCT03263481_inc.txt wurde erfolgreich geladen.
NCT03263481_inc Done 

Die Daten wurden erfolgreich in '/work/eauten2s/ec_criteria_struct/transform_chia/model_output/Llama-3-70B-Instruct_5_shot/Llama-3-70B-Instruct_NCT03263481_inc_5_shot.json' gespeichert.
File: NCT03264911_exc 

Das File: /work/eauten2s/ec_criteria_struct/transform_chia/input/half_clinical_trials/NCT03264911_exc.txt wurde erfolgreich geladen.
NCT03264911_exc Done 

Die Daten wurden erfolgreich in '/work/eauten2s/ec_criteria_struct/transform_chia/model_output/Llama-3-70B-Instruct_5_shot/Llama-3-70B-Instruct_NCT03264911_exc_5_shot.json' gespeichert.
File: NCT03264911_inc 

Das File: /work/eauten2s/ec_criteria_struct/transform_chia/input/half_clinical_trials/NCT03264911_inc.txt wurde erfolgreich geladen.
NCT03264911_inc Done 

Die Daten wurden erfolgreich in '/work/eauten2s/ec_criteria_struct/transform_chia/model_output/Llama-3-70B-Instruct_5_shot/Llama-3-70B-Instruct_NCT03264911_inc_5_shot.json' gespeichert.
File: NCT03275584_exc 

Das File: /work/eauten2s/ec_criteria_struct/transform_chia/input/half_clinical_trials/NCT03275584_exc.txt wurde erfolgreich geladen.
NCT03275584_exc Done 

Die Daten wurden erfolgreich in '/work/eauten2s/ec_criteria_struct/transform_chia/model_output/Llama-3-70B-Instruct_5_shot/Llama-3-70B-Instruct_NCT03275584_exc_5_shot.json' gespeichert.
File: NCT03275584_inc 

Das File: /work/eauten2s/ec_criteria_struct/transform_chia/input/half_clinical_trials/NCT03275584_inc.txt wurde erfolgreich geladen.
NCT03275584_inc Done 

Die Daten wurden erfolgreich in '/work/eauten2s/ec_criteria_struct/transform_chia/model_output/Llama-3-70B-Instruct_5_shot/Llama-3-70B-Instruct_NCT03275584_inc_5_shot.json' gespeichert.
File: NCT03278548_exc 

Das File: /work/eauten2s/ec_criteria_struct/transform_chia/input/half_clinical_trials/NCT03278548_exc.txt wurde erfolgreich geladen.
NCT03278548_exc Done 

Die Daten wurden erfolgreich in '/work/eauten2s/ec_criteria_struct/transform_chia/model_output/Llama-3-70B-Instruct_5_shot/Llama-3-70B-Instruct_NCT03278548_exc_5_shot.json' gespeichert.
File: NCT03278548_inc 

Das File: /work/eauten2s/ec_criteria_struct/transform_chia/input/half_clinical_trials/NCT03278548_inc.txt wurde erfolgreich geladen.
NCT03278548_inc Done 

Die Daten wurden erfolgreich in '/work/eauten2s/ec_criteria_struct/transform_chia/model_output/Llama-3-70B-Instruct_5_shot/Llama-3-70B-Instruct_NCT03278548_inc_5_shot.json' gespeichert.
File: NCT03280017_exc 

Das File: /work/eauten2s/ec_criteria_struct/transform_chia/input/half_clinical_trials/NCT03280017_exc.txt wurde erfolgreich geladen.
NCT03280017_exc Done 

Die Daten wurden erfolgreich in '/work/eauten2s/ec_criteria_struct/transform_chia/model_output/Llama-3-70B-Instruct_5_shot/Llama-3-70B-Instruct_NCT03280017_exc_5_shot.json' gespeichert.
File: NCT03280017_inc 

Das File: /work/eauten2s/ec_criteria_struct/transform_chia/input/half_clinical_trials/NCT03280017_inc.txt wurde erfolgreich geladen.
NCT03280017_inc Done 

Die Daten wurden erfolgreich in '/work/eauten2s/ec_criteria_struct/transform_chia/model_output/Llama-3-70B-Instruct_5_shot/Llama-3-70B-Instruct_NCT03280017_inc_5_shot.json' gespeichert.
File: NCT03282006_exc 

Das File: /work/eauten2s/ec_criteria_struct/transform_chia/input/half_clinical_trials/NCT03282006_exc.txt wurde erfolgreich geladen.
NCT03282006_exc Done 

Die Daten wurden erfolgreich in '/work/eauten2s/ec_criteria_struct/transform_chia/model_output/Llama-3-70B-Instruct_5_shot/Llama-3-70B-Instruct_NCT03282006_exc_5_shot.json' gespeichert.
File: NCT03282006_inc 

Das File: /work/eauten2s/ec_criteria_struct/transform_chia/input/half_clinical_trials/NCT03282006_inc.txt wurde erfolgreich geladen.
NCT03282006_inc Done 

Die Daten wurden erfolgreich in '/work/eauten2s/ec_criteria_struct/transform_chia/model_output/Llama-3-70B-Instruct_5_shot/Llama-3-70B-Instruct_NCT03282006_inc_5_shot.json' gespeichert.
File: NCT03288428_exc 

Das File: /work/eauten2s/ec_criteria_struct/transform_chia/input/half_clinical_trials/NCT03288428_exc.txt wurde erfolgreich geladen.
NCT03288428_exc Done 

Die Daten wurden erfolgreich in '/work/eauten2s/ec_criteria_struct/transform_chia/model_output/Llama-3-70B-Instruct_5_shot/Llama-3-70B-Instruct_NCT03288428_exc_5_shot.json' gespeichert.
File: NCT03288428_inc 

Das File: /work/eauten2s/ec_criteria_struct/transform_chia/input/half_clinical_trials/NCT03288428_inc.txt wurde erfolgreich geladen.
NCT03288428_inc Done 

Die Daten wurden erfolgreich in '/work/eauten2s/ec_criteria_struct/transform_chia/model_output/Llama-3-70B-Instruct_5_shot/Llama-3-70B-Instruct_NCT03288428_inc_5_shot.json' gespeichert.
File: NCT03296488_exc 

Das File: /work/eauten2s/ec_criteria_struct/transform_chia/input/half_clinical_trials/NCT03296488_exc.txt wurde erfolgreich geladen.
NCT03296488_exc Done 

Die Daten wurden erfolgreich in '/work/eauten2s/ec_criteria_struct/transform_chia/model_output/Llama-3-70B-Instruct_5_shot/Llama-3-70B-Instruct_NCT03296488_exc_5_shot.json' gespeichert.
File: NCT03296488_inc 

Das File: /work/eauten2s/ec_criteria_struct/transform_chia/input/half_clinical_trials/NCT03296488_inc.txt wurde erfolgreich geladen.
NCT03296488_inc Done 

Die Daten wurden erfolgreich in '/work/eauten2s/ec_criteria_struct/transform_chia/model_output/Llama-3-70B-Instruct_5_shot/Llama-3-70B-Instruct_NCT03296488_inc_5_shot.json' gespeichert.
File: NCT03297021_exc 

Das File: /work/eauten2s/ec_criteria_struct/transform_chia/input/half_clinical_trials/NCT03297021_exc.txt wurde erfolgreich geladen.
NCT03297021_exc Done 

Die Daten wurden erfolgreich in '/work/eauten2s/ec_criteria_struct/transform_chia/model_output/Llama-3-70B-Instruct_5_shot/Llama-3-70B-Instruct_NCT03297021_exc_5_shot.json' gespeichert.
File: NCT03297021_inc 

Das File: /work/eauten2s/ec_criteria_struct/transform_chia/input/half_clinical_trials/NCT03297021_inc.txt wurde erfolgreich geladen.
NCT03297021_inc Done 

Die Daten wurden erfolgreich in '/work/eauten2s/ec_criteria_struct/transform_chia/model_output/Llama-3-70B-Instruct_5_shot/Llama-3-70B-Instruct_NCT03297021_inc_5_shot.json' gespeichert.
File: NCT03297125_exc 

Das File: /work/eauten2s/ec_criteria_struct/transform_chia/input/half_clinical_trials/NCT03297125_exc.txt wurde erfolgreich geladen.
NCT03297125_exc Done 

Die Daten wurden erfolgreich in '/work/eauten2s/ec_criteria_struct/transform_chia/model_output/Llama-3-70B-Instruct_5_shot/Llama-3-70B-Instruct_NCT03297125_exc_5_shot.json' gespeichert.
File: NCT03297125_inc 

Das File: /work/eauten2s/ec_criteria_struct/transform_chia/input/half_clinical_trials/NCT03297125_inc.txt wurde erfolgreich geladen.
NCT03297125_inc Done 

Die Daten wurden erfolgreich in '/work/eauten2s/ec_criteria_struct/transform_chia/model_output/Llama-3-70B-Instruct_5_shot/Llama-3-70B-Instruct_NCT03297125_inc_5_shot.json' gespeichert.
File: NCT03297944_exc 

Das File: /work/eauten2s/ec_criteria_struct/transform_chia/input/half_clinical_trials/NCT03297944_exc.txt wurde erfolgreich geladen.
NCT03297944_exc Done 

Die Daten wurden erfolgreich in '/work/eauten2s/ec_criteria_struct/transform_chia/model_output/Llama-3-70B-Instruct_5_shot/Llama-3-70B-Instruct_NCT03297944_exc_5_shot.json' gespeichert.
File: NCT03297944_inc 

Das File: /work/eauten2s/ec_criteria_struct/transform_chia/input/half_clinical_trials/NCT03297944_inc.txt wurde erfolgreich geladen.
NCT03297944_inc Done 

Die Daten wurden erfolgreich in '/work/eauten2s/ec_criteria_struct/transform_chia/model_output/Llama-3-70B-Instruct_5_shot/Llama-3-70B-Instruct_NCT03297944_inc_5_shot.json' gespeichert.
File: NCT03299517_exc 

Das File: /work/eauten2s/ec_criteria_struct/transform_chia/input/half_clinical_trials/NCT03299517_exc.txt wurde erfolgreich geladen.
NCT03299517_exc Done 

Die Daten wurden erfolgreich in '/work/eauten2s/ec_criteria_struct/transform_chia/model_output/Llama-3-70B-Instruct_5_shot/Llama-3-70B-Instruct_NCT03299517_exc_5_shot.json' gespeichert.
File: NCT03299517_inc 

Das File: /work/eauten2s/ec_criteria_struct/transform_chia/input/half_clinical_trials/NCT03299517_inc.txt wurde erfolgreich geladen.
NCT03299517_inc Done 

Die Daten wurden erfolgreich in '/work/eauten2s/ec_criteria_struct/transform_chia/model_output/Llama-3-70B-Instruct_5_shot/Llama-3-70B-Instruct_NCT03299517_inc_5_shot.json' gespeichert.
File: NCT03304496_exc 

Das File: /work/eauten2s/ec_criteria_struct/transform_chia/input/half_clinical_trials/NCT03304496_exc.txt wurde erfolgreich geladen.
NCT03304496_exc Done 

Die Daten wurden erfolgreich in '/work/eauten2s/ec_criteria_struct/transform_chia/model_output/Llama-3-70B-Instruct_5_shot/Llama-3-70B-Instruct_NCT03304496_exc_5_shot.json' gespeichert.
File: NCT03304496_inc 

Das File: /work/eauten2s/ec_criteria_struct/transform_chia/input/half_clinical_trials/NCT03304496_inc.txt wurde erfolgreich geladen.
NCT03304496_inc Done 

Die Daten wurden erfolgreich in '/work/eauten2s/ec_criteria_struct/transform_chia/model_output/Llama-3-70B-Instruct_5_shot/Llama-3-70B-Instruct_NCT03304496_inc_5_shot.json' gespeichert.
File: NCT03305575_exc 

Das File: /work/eauten2s/ec_criteria_struct/transform_chia/input/half_clinical_trials/NCT03305575_exc.txt wurde erfolgreich geladen.
NCT03305575_exc Done 

Die Daten wurden erfolgreich in '/work/eauten2s/ec_criteria_struct/transform_chia/model_output/Llama-3-70B-Instruct_5_shot/Llama-3-70B-Instruct_NCT03305575_exc_5_shot.json' gespeichert.
File: NCT03305575_inc 

Das File: /work/eauten2s/ec_criteria_struct/transform_chia/input/half_clinical_trials/NCT03305575_inc.txt wurde erfolgreich geladen.
NCT03305575_inc Done 

Die Daten wurden erfolgreich in '/work/eauten2s/ec_criteria_struct/transform_chia/model_output/Llama-3-70B-Instruct_5_shot/Llama-3-70B-Instruct_NCT03305575_inc_5_shot.json' gespeichert.
File: NCT03305666_exc 

Das File: /work/eauten2s/ec_criteria_struct/transform_chia/input/half_clinical_trials/NCT03305666_exc.txt wurde erfolgreich geladen.
NCT03305666_exc Done 

Die Daten wurden erfolgreich in '/work/eauten2s/ec_criteria_struct/transform_chia/model_output/Llama-3-70B-Instruct_5_shot/Llama-3-70B-Instruct_NCT03305666_exc_5_shot.json' gespeichert.
File: NCT03305666_inc 

Das File: /work/eauten2s/ec_criteria_struct/transform_chia/input/half_clinical_trials/NCT03305666_inc.txt wurde erfolgreich geladen.
NCT03305666_inc Done 

Die Daten wurden erfolgreich in '/work/eauten2s/ec_criteria_struct/transform_chia/model_output/Llama-3-70B-Instruct_5_shot/Llama-3-70B-Instruct_NCT03305666_inc_5_shot.json' gespeichert.
File: NCT03315975_exc 

Das File: /work/eauten2s/ec_criteria_struct/transform_chia/input/half_clinical_trials/NCT03315975_exc.txt wurde erfolgreich geladen.
NCT03315975_exc Done 

Die Daten wurden erfolgreich in '/work/eauten2s/ec_criteria_struct/transform_chia/model_output/Llama-3-70B-Instruct_5_shot/Llama-3-70B-Instruct_NCT03315975_exc_5_shot.json' gespeichert.
File: NCT03315975_inc 

Das File: /work/eauten2s/ec_criteria_struct/transform_chia/input/half_clinical_trials/NCT03315975_inc.txt wurde erfolgreich geladen.
NCT03315975_inc Done 

Die Daten wurden erfolgreich in '/work/eauten2s/ec_criteria_struct/transform_chia/model_output/Llama-3-70B-Instruct_5_shot/Llama-3-70B-Instruct_NCT03315975_inc_5_shot.json' gespeichert.
File: NCT03317197_exc 

Das File: /work/eauten2s/ec_criteria_struct/transform_chia/input/half_clinical_trials/NCT03317197_exc.txt wurde erfolgreich geladen.
NCT03317197_exc Done 

Die Daten wurden erfolgreich in '/work/eauten2s/ec_criteria_struct/transform_chia/model_output/Llama-3-70B-Instruct_5_shot/Llama-3-70B-Instruct_NCT03317197_exc_5_shot.json' gespeichert.
File: NCT03317197_inc 

Das File: /work/eauten2s/ec_criteria_struct/transform_chia/input/half_clinical_trials/NCT03317197_inc.txt wurde erfolgreich geladen.
NCT03317197_inc Done 

Die Daten wurden erfolgreich in '/work/eauten2s/ec_criteria_struct/transform_chia/model_output/Llama-3-70B-Instruct_5_shot/Llama-3-70B-Instruct_NCT03317197_inc_5_shot.json' gespeichert.
File: NCT03318393_exc 

Das File: /work/eauten2s/ec_criteria_struct/transform_chia/input/half_clinical_trials/NCT03318393_exc.txt wurde erfolgreich geladen.
NCT03318393_exc Done 

Die Daten wurden erfolgreich in '/work/eauten2s/ec_criteria_struct/transform_chia/model_output/Llama-3-70B-Instruct_5_shot/Llama-3-70B-Instruct_NCT03318393_exc_5_shot.json' gespeichert.
File: NCT03318393_inc 

Das File: /work/eauten2s/ec_criteria_struct/transform_chia/input/half_clinical_trials/NCT03318393_inc.txt wurde erfolgreich geladen.
NCT03318393_inc Done 

Die Daten wurden erfolgreich in '/work/eauten2s/ec_criteria_struct/transform_chia/model_output/Llama-3-70B-Instruct_5_shot/Llama-3-70B-Instruct_NCT03318393_inc_5_shot.json' gespeichert.
File: NCT03318874_exc 

Das File: /work/eauten2s/ec_criteria_struct/transform_chia/input/half_clinical_trials/NCT03318874_exc.txt wurde erfolgreich geladen.
NCT03318874_exc Done 

Die Daten wurden erfolgreich in '/work/eauten2s/ec_criteria_struct/transform_chia/model_output/Llama-3-70B-Instruct_5_shot/Llama-3-70B-Instruct_NCT03318874_exc_5_shot.json' gespeichert.
File: NCT03318874_inc 

Das File: /work/eauten2s/ec_criteria_struct/transform_chia/input/half_clinical_trials/NCT03318874_inc.txt wurde erfolgreich geladen.
NCT03318874_inc Done 

Die Daten wurden erfolgreich in '/work/eauten2s/ec_criteria_struct/transform_chia/model_output/Llama-3-70B-Instruct_5_shot/Llama-3-70B-Instruct_NCT03318874_inc_5_shot.json' gespeichert.
File: NCT03320057_exc 

Das File: /work/eauten2s/ec_criteria_struct/transform_chia/input/half_clinical_trials/NCT03320057_exc.txt wurde erfolgreich geladen.
NCT03320057_exc Done 

Die Daten wurden erfolgreich in '/work/eauten2s/ec_criteria_struct/transform_chia/model_output/Llama-3-70B-Instruct_5_shot/Llama-3-70B-Instruct_NCT03320057_exc_5_shot.json' gespeichert.
File: NCT03320057_inc 

Das File: /work/eauten2s/ec_criteria_struct/transform_chia/input/half_clinical_trials/NCT03320057_inc.txt wurde erfolgreich geladen.
NCT03320057_inc Done 

Die Daten wurden erfolgreich in '/work/eauten2s/ec_criteria_struct/transform_chia/model_output/Llama-3-70B-Instruct_5_shot/Llama-3-70B-Instruct_NCT03320057_inc_5_shot.json' gespeichert.
File: NCT03323047_exc 

Das File: /work/eauten2s/ec_criteria_struct/transform_chia/input/half_clinical_trials/NCT03323047_exc.txt wurde erfolgreich geladen.
NCT03323047_exc Done 

Die Daten wurden erfolgreich in '/work/eauten2s/ec_criteria_struct/transform_chia/model_output/Llama-3-70B-Instruct_5_shot/Llama-3-70B-Instruct_NCT03323047_exc_5_shot.json' gespeichert.
File: NCT03323047_inc 

Das File: /work/eauten2s/ec_criteria_struct/transform_chia/input/half_clinical_trials/NCT03323047_inc.txt wurde erfolgreich geladen.
NCT03323047_inc Done 

Die Daten wurden erfolgreich in '/work/eauten2s/ec_criteria_struct/transform_chia/model_output/Llama-3-70B-Instruct_5_shot/Llama-3-70B-Instruct_NCT03323047_inc_5_shot.json' gespeichert.
File: NCT03325023_exc 

Das File: /work/eauten2s/ec_criteria_struct/transform_chia/input/half_clinical_trials/NCT03325023_exc.txt wurde erfolgreich geladen.
NCT03325023_exc Done 

Die Daten wurden erfolgreich in '/work/eauten2s/ec_criteria_struct/transform_chia/model_output/Llama-3-70B-Instruct_5_shot/Llama-3-70B-Instruct_NCT03325023_exc_5_shot.json' gespeichert.
File: NCT03325023_inc 

Das File: /work/eauten2s/ec_criteria_struct/transform_chia/input/half_clinical_trials/NCT03325023_inc.txt wurde erfolgreich geladen.
NCT03325023_inc Done 

Die Daten wurden erfolgreich in '/work/eauten2s/ec_criteria_struct/transform_chia/model_output/Llama-3-70B-Instruct_5_shot/Llama-3-70B-Instruct_NCT03325023_inc_5_shot.json' gespeichert.
File: NCT03328052_exc 

Das File: /work/eauten2s/ec_criteria_struct/transform_chia/input/half_clinical_trials/NCT03328052_exc.txt wurde erfolgreich geladen.
NCT03328052_exc Done 

Die Daten wurden erfolgreich in '/work/eauten2s/ec_criteria_struct/transform_chia/model_output/Llama-3-70B-Instruct_5_shot/Llama-3-70B-Instruct_NCT03328052_exc_5_shot.json' gespeichert.
File: NCT03328052_inc 

Das File: /work/eauten2s/ec_criteria_struct/transform_chia/input/half_clinical_trials/NCT03328052_inc.txt wurde erfolgreich geladen.
NCT03328052_inc Done 

Die Daten wurden erfolgreich in '/work/eauten2s/ec_criteria_struct/transform_chia/model_output/Llama-3-70B-Instruct_5_shot/Llama-3-70B-Instruct_NCT03328052_inc_5_shot.json' gespeichert.
File: NCT03329456_exc 

Das File: /work/eauten2s/ec_criteria_struct/transform_chia/input/half_clinical_trials/NCT03329456_exc.txt wurde erfolgreich geladen.
NCT03329456_exc Done 

Die Daten wurden erfolgreich in '/work/eauten2s/ec_criteria_struct/transform_chia/model_output/Llama-3-70B-Instruct_5_shot/Llama-3-70B-Instruct_NCT03329456_exc_5_shot.json' gespeichert.
File: NCT03329456_inc 

Das File: /work/eauten2s/ec_criteria_struct/transform_chia/input/half_clinical_trials/NCT03329456_inc.txt wurde erfolgreich geladen.
NCT03329456_inc Done 

Die Daten wurden erfolgreich in '/work/eauten2s/ec_criteria_struct/transform_chia/model_output/Llama-3-70B-Instruct_5_shot/Llama-3-70B-Instruct_NCT03329456_inc_5_shot.json' gespeichert.
File: NCT03333655_exc 

Das File: /work/eauten2s/ec_criteria_struct/transform_chia/input/half_clinical_trials/NCT03333655_exc.txt wurde erfolgreich geladen.
NCT03333655_exc Done 

Die Daten wurden erfolgreich in '/work/eauten2s/ec_criteria_struct/transform_chia/model_output/Llama-3-70B-Instruct_5_shot/Llama-3-70B-Instruct_NCT03333655_exc_5_shot.json' gespeichert.
File: NCT03333655_inc 

Das File: /work/eauten2s/ec_criteria_struct/transform_chia/input/half_clinical_trials/NCT03333655_inc.txt wurde erfolgreich geladen.
NCT03333655_inc Done 

Die Daten wurden erfolgreich in '/work/eauten2s/ec_criteria_struct/transform_chia/model_output/Llama-3-70B-Instruct_5_shot/Llama-3-70B-Instruct_NCT03333655_inc_5_shot.json' gespeichert.
File: NCT03335436_exc 

Das File: /work/eauten2s/ec_criteria_struct/transform_chia/input/half_clinical_trials/NCT03335436_exc.txt wurde erfolgreich geladen.
NCT03335436_exc Done 

Die Daten wurden erfolgreich in '/work/eauten2s/ec_criteria_struct/transform_chia/model_output/Llama-3-70B-Instruct_5_shot/Llama-3-70B-Instruct_NCT03335436_exc_5_shot.json' gespeichert.
File: NCT03335436_inc 

Das File: /work/eauten2s/ec_criteria_struct/transform_chia/input/half_clinical_trials/NCT03335436_inc.txt wurde erfolgreich geladen.
NCT03335436_inc Done 

Die Daten wurden erfolgreich in '/work/eauten2s/ec_criteria_struct/transform_chia/model_output/Llama-3-70B-Instruct_5_shot/Llama-3-70B-Instruct_NCT03335436_inc_5_shot.json' gespeichert.
File: NCT03335904_exc 

Das File: /work/eauten2s/ec_criteria_struct/transform_chia/input/half_clinical_trials/NCT03335904_exc.txt wurde erfolgreich geladen.
NCT03335904_exc Done 

Die Daten wurden erfolgreich in '/work/eauten2s/ec_criteria_struct/transform_chia/model_output/Llama-3-70B-Instruct_5_shot/Llama-3-70B-Instruct_NCT03335904_exc_5_shot.json' gespeichert.
File: NCT03335904_inc 

Das File: /work/eauten2s/ec_criteria_struct/transform_chia/input/half_clinical_trials/NCT03335904_inc.txt wurde erfolgreich geladen.
NCT03335904_inc Done 

Die Daten wurden erfolgreich in '/work/eauten2s/ec_criteria_struct/transform_chia/model_output/Llama-3-70B-Instruct_5_shot/Llama-3-70B-Instruct_NCT03335904_inc_5_shot.json' gespeichert.
File: NCT03336801_exc 

Das File: /work/eauten2s/ec_criteria_struct/transform_chia/input/half_clinical_trials/NCT03336801_exc.txt wurde erfolgreich geladen.
NCT03336801_exc Done 

Die Daten wurden erfolgreich in '/work/eauten2s/ec_criteria_struct/transform_chia/model_output/Llama-3-70B-Instruct_5_shot/Llama-3-70B-Instruct_NCT03336801_exc_5_shot.json' gespeichert.
File: NCT03336801_inc 

Das File: /work/eauten2s/ec_criteria_struct/transform_chia/input/half_clinical_trials/NCT03336801_inc.txt wurde erfolgreich geladen.
NCT03336801_inc Done 

Die Daten wurden erfolgreich in '/work/eauten2s/ec_criteria_struct/transform_chia/model_output/Llama-3-70B-Instruct_5_shot/Llama-3-70B-Instruct_NCT03336801_inc_5_shot.json' gespeichert.
File: NCT03337503_exc 

Das File: /work/eauten2s/ec_criteria_struct/transform_chia/input/half_clinical_trials/NCT03337503_exc.txt wurde erfolgreich geladen.
NCT03337503_exc Done 

Die Daten wurden erfolgreich in '/work/eauten2s/ec_criteria_struct/transform_chia/model_output/Llama-3-70B-Instruct_5_shot/Llama-3-70B-Instruct_NCT03337503_exc_5_shot.json' gespeichert.
File: NCT03337503_inc 

Das File: /work/eauten2s/ec_criteria_struct/transform_chia/input/half_clinical_trials/NCT03337503_inc.txt wurde erfolgreich geladen.
NCT03337503_inc Done 

Die Daten wurden erfolgreich in '/work/eauten2s/ec_criteria_struct/transform_chia/model_output/Llama-3-70B-Instruct_5_shot/Llama-3-70B-Instruct_NCT03337503_inc_5_shot.json' gespeichert.
File: NCT03337581_exc 

Das File: /work/eauten2s/ec_criteria_struct/transform_chia/input/half_clinical_trials/NCT03337581_exc.txt wurde erfolgreich geladen.
NCT03337581_exc Done 

Die Daten wurden erfolgreich in '/work/eauten2s/ec_criteria_struct/transform_chia/model_output/Llama-3-70B-Instruct_5_shot/Llama-3-70B-Instruct_NCT03337581_exc_5_shot.json' gespeichert.
File: NCT03337581_inc 

Das File: /work/eauten2s/ec_criteria_struct/transform_chia/input/half_clinical_trials/NCT03337581_inc.txt wurde erfolgreich geladen.
NCT03337581_inc Done 

Die Daten wurden erfolgreich in '/work/eauten2s/ec_criteria_struct/transform_chia/model_output/Llama-3-70B-Instruct_5_shot/Llama-3-70B-Instruct_NCT03337581_inc_5_shot.json' gespeichert.
File: NCT03338296_exc 

Das File: /work/eauten2s/ec_criteria_struct/transform_chia/input/half_clinical_trials/NCT03338296_exc.txt wurde erfolgreich geladen.
NCT03338296_exc Done 

Die Daten wurden erfolgreich in '/work/eauten2s/ec_criteria_struct/transform_chia/model_output/Llama-3-70B-Instruct_5_shot/Llama-3-70B-Instruct_NCT03338296_exc_5_shot.json' gespeichert.
File: NCT03338296_inc 

Das File: /work/eauten2s/ec_criteria_struct/transform_chia/input/half_clinical_trials/NCT03338296_inc.txt wurde erfolgreich geladen.
NCT03338296_inc Done 

Die Daten wurden erfolgreich in '/work/eauten2s/ec_criteria_struct/transform_chia/model_output/Llama-3-70B-Instruct_5_shot/Llama-3-70B-Instruct_NCT03338296_inc_5_shot.json' gespeichert.
File: NCT03338855_exc 

Das File: /work/eauten2s/ec_criteria_struct/transform_chia/input/half_clinical_trials/NCT03338855_exc.txt wurde erfolgreich geladen.
NCT03338855_exc Done 

Die Daten wurden erfolgreich in '/work/eauten2s/ec_criteria_struct/transform_chia/model_output/Llama-3-70B-Instruct_5_shot/Llama-3-70B-Instruct_NCT03338855_exc_5_shot.json' gespeichert.
File: NCT03338855_inc 

Das File: /work/eauten2s/ec_criteria_struct/transform_chia/input/half_clinical_trials/NCT03338855_inc.txt wurde erfolgreich geladen.
NCT03338855_inc Done 

Die Daten wurden erfolgreich in '/work/eauten2s/ec_criteria_struct/transform_chia/model_output/Llama-3-70B-Instruct_5_shot/Llama-3-70B-Instruct_NCT03338855_inc_5_shot.json' gespeichert.
File: NCT03339284_exc 

Das File: /work/eauten2s/ec_criteria_struct/transform_chia/input/half_clinical_trials/NCT03339284_exc.txt wurde erfolgreich geladen.
NCT03339284_exc Done 

Die Daten wurden erfolgreich in '/work/eauten2s/ec_criteria_struct/transform_chia/model_output/Llama-3-70B-Instruct_5_shot/Llama-3-70B-Instruct_NCT03339284_exc_5_shot.json' gespeichert.
File: NCT03339284_inc 

Das File: /work/eauten2s/ec_criteria_struct/transform_chia/input/half_clinical_trials/NCT03339284_inc.txt wurde erfolgreich geladen.
NCT03339284_inc Done 

Die Daten wurden erfolgreich in '/work/eauten2s/ec_criteria_struct/transform_chia/model_output/Llama-3-70B-Instruct_5_shot/Llama-3-70B-Instruct_NCT03339284_inc_5_shot.json' gespeichert.
File: NCT03340740_exc 

Das File: /work/eauten2s/ec_criteria_struct/transform_chia/input/half_clinical_trials/NCT03340740_exc.txt wurde erfolgreich geladen.
NCT03340740_exc Done 

Die Daten wurden erfolgreich in '/work/eauten2s/ec_criteria_struct/transform_chia/model_output/Llama-3-70B-Instruct_5_shot/Llama-3-70B-Instruct_NCT03340740_exc_5_shot.json' gespeichert.
File: NCT03340740_inc 

Das File: /work/eauten2s/ec_criteria_struct/transform_chia/input/half_clinical_trials/NCT03340740_inc.txt wurde erfolgreich geladen.
NCT03340740_inc Done 

Die Daten wurden erfolgreich in '/work/eauten2s/ec_criteria_struct/transform_chia/model_output/Llama-3-70B-Instruct_5_shot/Llama-3-70B-Instruct_NCT03340740_inc_5_shot.json' gespeichert.
File: NCT03344042_exc 

Das File: /work/eauten2s/ec_criteria_struct/transform_chia/input/half_clinical_trials/NCT03344042_exc.txt wurde erfolgreich geladen.
NCT03344042_exc Done 

Die Daten wurden erfolgreich in '/work/eauten2s/ec_criteria_struct/transform_chia/model_output/Llama-3-70B-Instruct_5_shot/Llama-3-70B-Instruct_NCT03344042_exc_5_shot.json' gespeichert.
File: NCT03344042_inc 

Das File: /work/eauten2s/ec_criteria_struct/transform_chia/input/half_clinical_trials/NCT03344042_inc.txt wurde erfolgreich geladen.
NCT03344042_inc Done 

Die Daten wurden erfolgreich in '/work/eauten2s/ec_criteria_struct/transform_chia/model_output/Llama-3-70B-Instruct_5_shot/Llama-3-70B-Instruct_NCT03344042_inc_5_shot.json' gespeichert.
File: NCT03344887_exc 

Das File: /work/eauten2s/ec_criteria_struct/transform_chia/input/half_clinical_trials/NCT03344887_exc.txt wurde erfolgreich geladen.
NCT03344887_exc Done 

Die Daten wurden erfolgreich in '/work/eauten2s/ec_criteria_struct/transform_chia/model_output/Llama-3-70B-Instruct_5_shot/Llama-3-70B-Instruct_NCT03344887_exc_5_shot.json' gespeichert.
File: NCT03344887_inc 

Das File: /work/eauten2s/ec_criteria_struct/transform_chia/input/half_clinical_trials/NCT03344887_inc.txt wurde erfolgreich geladen.
NCT03344887_inc Done 

Die Daten wurden erfolgreich in '/work/eauten2s/ec_criteria_struct/transform_chia/model_output/Llama-3-70B-Instruct_5_shot/Llama-3-70B-Instruct_NCT03344887_inc_5_shot.json' gespeichert.
File: NCT03345589_exc 

Das File: /work/eauten2s/ec_criteria_struct/transform_chia/input/half_clinical_trials/NCT03345589_exc.txt wurde erfolgreich geladen.
NCT03345589_exc Done 

Die Daten wurden erfolgreich in '/work/eauten2s/ec_criteria_struct/transform_chia/model_output/Llama-3-70B-Instruct_5_shot/Llama-3-70B-Instruct_NCT03345589_exc_5_shot.json' gespeichert.
File: NCT03345589_inc 

Das File: /work/eauten2s/ec_criteria_struct/transform_chia/input/half_clinical_trials/NCT03345589_inc.txt wurde erfolgreich geladen.
NCT03345589_inc Done 

Die Daten wurden erfolgreich in '/work/eauten2s/ec_criteria_struct/transform_chia/model_output/Llama-3-70B-Instruct_5_shot/Llama-3-70B-Instruct_NCT03345589_inc_5_shot.json' gespeichert.
File: NCT03347513_exc 

Das File: /work/eauten2s/ec_criteria_struct/transform_chia/input/half_clinical_trials/NCT03347513_exc.txt wurde erfolgreich geladen.
NCT03347513_exc Done 

Die Daten wurden erfolgreich in '/work/eauten2s/ec_criteria_struct/transform_chia/model_output/Llama-3-70B-Instruct_5_shot/Llama-3-70B-Instruct_NCT03347513_exc_5_shot.json' gespeichert.
File: NCT03347513_inc 

Das File: /work/eauten2s/ec_criteria_struct/transform_chia/input/half_clinical_trials/NCT03347513_inc.txt wurde erfolgreich geladen.
NCT03347513_inc Done 

Die Daten wurden erfolgreich in '/work/eauten2s/ec_criteria_struct/transform_chia/model_output/Llama-3-70B-Instruct_5_shot/Llama-3-70B-Instruct_NCT03347513_inc_5_shot.json' gespeichert.
File: NCT03350659_exc 

Das File: /work/eauten2s/ec_criteria_struct/transform_chia/input/half_clinical_trials/NCT03350659_exc.txt wurde erfolgreich geladen.
NCT03350659_exc Done 

Die Daten wurden erfolgreich in '/work/eauten2s/ec_criteria_struct/transform_chia/model_output/Llama-3-70B-Instruct_5_shot/Llama-3-70B-Instruct_NCT03350659_exc_5_shot.json' gespeichert.
File: NCT03350659_inc 

Das File: /work/eauten2s/ec_criteria_struct/transform_chia/input/half_clinical_trials/NCT03350659_inc.txt wurde erfolgreich geladen.
NCT03350659_inc Done 

Die Daten wurden erfolgreich in '/work/eauten2s/ec_criteria_struct/transform_chia/model_output/Llama-3-70B-Instruct_5_shot/Llama-3-70B-Instruct_NCT03350659_inc_5_shot.json' gespeichert.
File: NCT03350815_exc 

Das File: /work/eauten2s/ec_criteria_struct/transform_chia/input/half_clinical_trials/NCT03350815_exc.txt wurde erfolgreich geladen.
NCT03350815_exc Done 

Die Daten wurden erfolgreich in '/work/eauten2s/ec_criteria_struct/transform_chia/model_output/Llama-3-70B-Instruct_5_shot/Llama-3-70B-Instruct_NCT03350815_exc_5_shot.json' gespeichert.
File: NCT03350815_inc 

Das File: /work/eauten2s/ec_criteria_struct/transform_chia/input/half_clinical_trials/NCT03350815_inc.txt wurde erfolgreich geladen.
NCT03350815_inc Done 

Die Daten wurden erfolgreich in '/work/eauten2s/ec_criteria_struct/transform_chia/model_output/Llama-3-70B-Instruct_5_shot/Llama-3-70B-Instruct_NCT03350815_inc_5_shot.json' gespeichert.
File: NCT03351608_exc 

Das File: /work/eauten2s/ec_criteria_struct/transform_chia/input/half_clinical_trials/NCT03351608_exc.txt wurde erfolgreich geladen.
NCT03351608_exc Done 

Die Daten wurden erfolgreich in '/work/eauten2s/ec_criteria_struct/transform_chia/model_output/Llama-3-70B-Instruct_5_shot/Llama-3-70B-Instruct_NCT03351608_exc_5_shot.json' gespeichert.
File: NCT03351608_inc 

Das File: /work/eauten2s/ec_criteria_struct/transform_chia/input/half_clinical_trials/NCT03351608_inc.txt wurde erfolgreich geladen.
NCT03351608_inc Done 

Die Daten wurden erfolgreich in '/work/eauten2s/ec_criteria_struct/transform_chia/model_output/Llama-3-70B-Instruct_5_shot/Llama-3-70B-Instruct_NCT03351608_inc_5_shot.json' gespeichert.
File: NCT03351972_exc 

Das File: /work/eauten2s/ec_criteria_struct/transform_chia/input/half_clinical_trials/NCT03351972_exc.txt wurde erfolgreich geladen.
NCT03351972_exc Done 

Die Daten wurden erfolgreich in '/work/eauten2s/ec_criteria_struct/transform_chia/model_output/Llama-3-70B-Instruct_5_shot/Llama-3-70B-Instruct_NCT03351972_exc_5_shot.json' gespeichert.
File: NCT03351972_inc 

Das File: /work/eauten2s/ec_criteria_struct/transform_chia/input/half_clinical_trials/NCT03351972_inc.txt wurde erfolgreich geladen.
NCT03351972_inc Done 

Die Daten wurden erfolgreich in '/work/eauten2s/ec_criteria_struct/transform_chia/model_output/Llama-3-70B-Instruct_5_shot/Llama-3-70B-Instruct_NCT03351972_inc_5_shot.json' gespeichert.
File: NCT03352869_exc 

Das File: /work/eauten2s/ec_criteria_struct/transform_chia/input/half_clinical_trials/NCT03352869_exc.txt wurde erfolgreich geladen.
NCT03352869_exc Done 

Die Daten wurden erfolgreich in '/work/eauten2s/ec_criteria_struct/transform_chia/model_output/Llama-3-70B-Instruct_5_shot/Llama-3-70B-Instruct_NCT03352869_exc_5_shot.json' gespeichert.
File: NCT03352869_inc 

Das File: /work/eauten2s/ec_criteria_struct/transform_chia/input/half_clinical_trials/NCT03352869_inc.txt wurde erfolgreich geladen.
NCT03352869_inc Done 

Die Daten wurden erfolgreich in '/work/eauten2s/ec_criteria_struct/transform_chia/model_output/Llama-3-70B-Instruct_5_shot/Llama-3-70B-Instruct_NCT03352869_inc_5_shot.json' gespeichert.
File: NCT03354572_exc 

Das File: /work/eauten2s/ec_criteria_struct/transform_chia/input/half_clinical_trials/NCT03354572_exc.txt wurde erfolgreich geladen.
NCT03354572_exc Done 

Die Daten wurden erfolgreich in '/work/eauten2s/ec_criteria_struct/transform_chia/model_output/Llama-3-70B-Instruct_5_shot/Llama-3-70B-Instruct_NCT03354572_exc_5_shot.json' gespeichert.
File: NCT03354572_inc 

Das File: /work/eauten2s/ec_criteria_struct/transform_chia/input/half_clinical_trials/NCT03354572_inc.txt wurde erfolgreich geladen.
NCT03354572_inc Done 

Die Daten wurden erfolgreich in '/work/eauten2s/ec_criteria_struct/transform_chia/model_output/Llama-3-70B-Instruct_5_shot/Llama-3-70B-Instruct_NCT03354572_inc_5_shot.json' gespeichert.
File: NCT03355157_exc 

Das File: /work/eauten2s/ec_criteria_struct/transform_chia/input/half_clinical_trials/NCT03355157_exc.txt wurde erfolgreich geladen.
NCT03355157_exc Done 

Die Daten wurden erfolgreich in '/work/eauten2s/ec_criteria_struct/transform_chia/model_output/Llama-3-70B-Instruct_5_shot/Llama-3-70B-Instruct_NCT03355157_exc_5_shot.json' gespeichert.
File: NCT03355157_inc 

Das File: /work/eauten2s/ec_criteria_struct/transform_chia/input/half_clinical_trials/NCT03355157_inc.txt wurde erfolgreich geladen.
NCT03355157_inc Done 

Die Daten wurden erfolgreich in '/work/eauten2s/ec_criteria_struct/transform_chia/model_output/Llama-3-70B-Instruct_5_shot/Llama-3-70B-Instruct_NCT03355157_inc_5_shot.json' gespeichert.
File: NCT03355326_exc 

Das File: /work/eauten2s/ec_criteria_struct/transform_chia/input/half_clinical_trials/NCT03355326_exc.txt wurde erfolgreich geladen.
NCT03355326_exc Done 

Die Daten wurden erfolgreich in '/work/eauten2s/ec_criteria_struct/transform_chia/model_output/Llama-3-70B-Instruct_5_shot/Llama-3-70B-Instruct_NCT03355326_exc_5_shot.json' gespeichert.
File: NCT03355326_inc 

Das File: /work/eauten2s/ec_criteria_struct/transform_chia/input/half_clinical_trials/NCT03355326_inc.txt wurde erfolgreich geladen.
NCT03355326_inc Done 

Die Daten wurden erfolgreich in '/work/eauten2s/ec_criteria_struct/transform_chia/model_output/Llama-3-70B-Instruct_5_shot/Llama-3-70B-Instruct_NCT03355326_inc_5_shot.json' gespeichert.
File: NCT03355469_exc 

Das File: /work/eauten2s/ec_criteria_struct/transform_chia/input/half_clinical_trials/NCT03355469_exc.txt wurde erfolgreich geladen.
NCT03355469_exc Done 

Die Daten wurden erfolgreich in '/work/eauten2s/ec_criteria_struct/transform_chia/model_output/Llama-3-70B-Instruct_5_shot/Llama-3-70B-Instruct_NCT03355469_exc_5_shot.json' gespeichert.
File: NCT03355469_inc 

Das File: /work/eauten2s/ec_criteria_struct/transform_chia/input/half_clinical_trials/NCT03355469_inc.txt wurde erfolgreich geladen.
NCT03355469_inc Done 

Die Daten wurden erfolgreich in '/work/eauten2s/ec_criteria_struct/transform_chia/model_output/Llama-3-70B-Instruct_5_shot/Llama-3-70B-Instruct_NCT03355469_inc_5_shot.json' gespeichert.
File: NCT03356834_exc 

Das File: /work/eauten2s/ec_criteria_struct/transform_chia/input/half_clinical_trials/NCT03356834_exc.txt wurde erfolgreich geladen.
NCT03356834_exc Done 

Die Daten wurden erfolgreich in '/work/eauten2s/ec_criteria_struct/transform_chia/model_output/Llama-3-70B-Instruct_5_shot/Llama-3-70B-Instruct_NCT03356834_exc_5_shot.json' gespeichert.
File: NCT03356834_inc 

Das File: /work/eauten2s/ec_criteria_struct/transform_chia/input/half_clinical_trials/NCT03356834_inc.txt wurde erfolgreich geladen.
NCT03356834_inc Done 

Die Daten wurden erfolgreich in '/work/eauten2s/ec_criteria_struct/transform_chia/model_output/Llama-3-70B-Instruct_5_shot/Llama-3-70B-Instruct_NCT03356834_inc_5_shot.json' gespeichert.
File: NCT03360214_exc 

Das File: /work/eauten2s/ec_criteria_struct/transform_chia/input/half_clinical_trials/NCT03360214_exc.txt wurde erfolgreich geladen.
NCT03360214_exc Done 

Die Daten wurden erfolgreich in '/work/eauten2s/ec_criteria_struct/transform_chia/model_output/Llama-3-70B-Instruct_5_shot/Llama-3-70B-Instruct_NCT03360214_exc_5_shot.json' gespeichert.
File: NCT03360214_inc 

Das File: /work/eauten2s/ec_criteria_struct/transform_chia/input/half_clinical_trials/NCT03360214_inc.txt wurde erfolgreich geladen.
NCT03360214_inc Done 

Die Daten wurden erfolgreich in '/work/eauten2s/ec_criteria_struct/transform_chia/model_output/Llama-3-70B-Instruct_5_shot/Llama-3-70B-Instruct_NCT03360214_inc_5_shot.json' gespeichert.
File: NCT03360981_exc 

Das File: /work/eauten2s/ec_criteria_struct/transform_chia/input/half_clinical_trials/NCT03360981_exc.txt wurde erfolgreich geladen.
NCT03360981_exc Done 

Die Daten wurden erfolgreich in '/work/eauten2s/ec_criteria_struct/transform_chia/model_output/Llama-3-70B-Instruct_5_shot/Llama-3-70B-Instruct_NCT03360981_exc_5_shot.json' gespeichert.
File: NCT03360981_inc 

Das File: /work/eauten2s/ec_criteria_struct/transform_chia/input/half_clinical_trials/NCT03360981_inc.txt wurde erfolgreich geladen.
NCT03360981_inc Done 

Die Daten wurden erfolgreich in '/work/eauten2s/ec_criteria_struct/transform_chia/model_output/Llama-3-70B-Instruct_5_shot/Llama-3-70B-Instruct_NCT03360981_inc_5_shot.json' gespeichert.
File: NCT03363295_exc 

Das File: /work/eauten2s/ec_criteria_struct/transform_chia/input/half_clinical_trials/NCT03363295_exc.txt wurde erfolgreich geladen.
NCT03363295_exc Done 

Die Daten wurden erfolgreich in '/work/eauten2s/ec_criteria_struct/transform_chia/model_output/Llama-3-70B-Instruct_5_shot/Llama-3-70B-Instruct_NCT03363295_exc_5_shot.json' gespeichert.
File: NCT03363295_inc 

Das File: /work/eauten2s/ec_criteria_struct/transform_chia/input/half_clinical_trials/NCT03363295_inc.txt wurde erfolgreich geladen.
NCT03363295_inc Done 

Die Daten wurden erfolgreich in '/work/eauten2s/ec_criteria_struct/transform_chia/model_output/Llama-3-70B-Instruct_5_shot/Llama-3-70B-Instruct_NCT03363295_inc_5_shot.json' gespeichert.
File: NCT03364036_exc 

Das File: /work/eauten2s/ec_criteria_struct/transform_chia/input/half_clinical_trials/NCT03364036_exc.txt wurde erfolgreich geladen.
NCT03364036_exc Done 

Die Daten wurden erfolgreich in '/work/eauten2s/ec_criteria_struct/transform_chia/model_output/Llama-3-70B-Instruct_5_shot/Llama-3-70B-Instruct_NCT03364036_exc_5_shot.json' gespeichert.
File: NCT03364036_inc 

Das File: /work/eauten2s/ec_criteria_struct/transform_chia/input/half_clinical_trials/NCT03364036_inc.txt wurde erfolgreich geladen.
NCT03364036_inc Done 

Die Daten wurden erfolgreich in '/work/eauten2s/ec_criteria_struct/transform_chia/model_output/Llama-3-70B-Instruct_5_shot/Llama-3-70B-Instruct_NCT03364036_inc_5_shot.json' gespeichert.
File: NCT03366779_exc 

Das File: /work/eauten2s/ec_criteria_struct/transform_chia/input/half_clinical_trials/NCT03366779_exc.txt wurde erfolgreich geladen.
NCT03366779_exc Done 

Die Daten wurden erfolgreich in '/work/eauten2s/ec_criteria_struct/transform_chia/model_output/Llama-3-70B-Instruct_5_shot/Llama-3-70B-Instruct_NCT03366779_exc_5_shot.json' gespeichert.
File: NCT03366779_inc 

Das File: /work/eauten2s/ec_criteria_struct/transform_chia/input/half_clinical_trials/NCT03366779_inc.txt wurde erfolgreich geladen.
NCT03366779_inc Done 

Die Daten wurden erfolgreich in '/work/eauten2s/ec_criteria_struct/transform_chia/model_output/Llama-3-70B-Instruct_5_shot/Llama-3-70B-Instruct_NCT03366779_inc_5_shot.json' gespeichert.
File: NCT03369379_exc 

Das File: /work/eauten2s/ec_criteria_struct/transform_chia/input/half_clinical_trials/NCT03369379_exc.txt wurde erfolgreich geladen.
NCT03369379_exc Done 

Die Daten wurden erfolgreich in '/work/eauten2s/ec_criteria_struct/transform_chia/model_output/Llama-3-70B-Instruct_5_shot/Llama-3-70B-Instruct_NCT03369379_exc_5_shot.json' gespeichert.
File: NCT03369379_inc 

Das File: /work/eauten2s/ec_criteria_struct/transform_chia/input/half_clinical_trials/NCT03369379_inc.txt wurde erfolgreich geladen.
NCT03369379_inc Done 

Die Daten wurden erfolgreich in '/work/eauten2s/ec_criteria_struct/transform_chia/model_output/Llama-3-70B-Instruct_5_shot/Llama-3-70B-Instruct_NCT03369379_inc_5_shot.json' gespeichert.
File: NCT03372265_exc 

Das File: /work/eauten2s/ec_criteria_struct/transform_chia/input/half_clinical_trials/NCT03372265_exc.txt wurde erfolgreich geladen.
NCT03372265_exc Done 

Die Daten wurden erfolgreich in '/work/eauten2s/ec_criteria_struct/transform_chia/model_output/Llama-3-70B-Instruct_5_shot/Llama-3-70B-Instruct_NCT03372265_exc_5_shot.json' gespeichert.
File: NCT03372265_inc 

Das File: /work/eauten2s/ec_criteria_struct/transform_chia/input/half_clinical_trials/NCT03372265_inc.txt wurde erfolgreich geladen.
NCT03372265_inc Done 

Die Daten wurden erfolgreich in '/work/eauten2s/ec_criteria_struct/transform_chia/model_output/Llama-3-70B-Instruct_5_shot/Llama-3-70B-Instruct_NCT03372265_inc_5_shot.json' gespeichert.
File: NCT03372304_exc 

Das File: /work/eauten2s/ec_criteria_struct/transform_chia/input/half_clinical_trials/NCT03372304_exc.txt wurde erfolgreich geladen.
NCT03372304_exc Done 

Die Daten wurden erfolgreich in '/work/eauten2s/ec_criteria_struct/transform_chia/model_output/Llama-3-70B-Instruct_5_shot/Llama-3-70B-Instruct_NCT03372304_exc_5_shot.json' gespeichert.
File: NCT03372304_inc 

Das File: /work/eauten2s/ec_criteria_struct/transform_chia/input/half_clinical_trials/NCT03372304_inc.txt wurde erfolgreich geladen.
NCT03372304_inc Done 

Die Daten wurden erfolgreich in '/work/eauten2s/ec_criteria_struct/transform_chia/model_output/Llama-3-70B-Instruct_5_shot/Llama-3-70B-Instruct_NCT03372304_inc_5_shot.json' gespeichert.
File: NCT03373318_exc 

Das File: /work/eauten2s/ec_criteria_struct/transform_chia/input/half_clinical_trials/NCT03373318_exc.txt wurde erfolgreich geladen.
NCT03373318_exc Done 

Die Daten wurden erfolgreich in '/work/eauten2s/ec_criteria_struct/transform_chia/model_output/Llama-3-70B-Instruct_5_shot/Llama-3-70B-Instruct_NCT03373318_exc_5_shot.json' gespeichert.
File: NCT03373318_inc 

Das File: /work/eauten2s/ec_criteria_struct/transform_chia/input/half_clinical_trials/NCT03373318_inc.txt wurde erfolgreich geladen.
NCT03373318_inc Done 

Die Daten wurden erfolgreich in '/work/eauten2s/ec_criteria_struct/transform_chia/model_output/Llama-3-70B-Instruct_5_shot/Llama-3-70B-Instruct_NCT03373318_inc_5_shot.json' gespeichert.
File: NCT03373669_exc 

Das File: /work/eauten2s/ec_criteria_struct/transform_chia/input/half_clinical_trials/NCT03373669_exc.txt wurde erfolgreich geladen.
NCT03373669_exc Done 

Die Daten wurden erfolgreich in '/work/eauten2s/ec_criteria_struct/transform_chia/model_output/Llama-3-70B-Instruct_5_shot/Llama-3-70B-Instruct_NCT03373669_exc_5_shot.json' gespeichert.
File: NCT03373669_inc 

Das File: /work/eauten2s/ec_criteria_struct/transform_chia/input/half_clinical_trials/NCT03373669_inc.txt wurde erfolgreich geladen.
NCT03373669_inc Done 

Die Daten wurden erfolgreich in '/work/eauten2s/ec_criteria_struct/transform_chia/model_output/Llama-3-70B-Instruct_5_shot/Llama-3-70B-Instruct_NCT03373669_inc_5_shot.json' gespeichert.
File: NCT03376763_exc 

Das File: /work/eauten2s/ec_criteria_struct/transform_chia/input/half_clinical_trials/NCT03376763_exc.txt wurde erfolgreich geladen.
NCT03376763_exc Done 

Die Daten wurden erfolgreich in '/work/eauten2s/ec_criteria_struct/transform_chia/model_output/Llama-3-70B-Instruct_5_shot/Llama-3-70B-Instruct_NCT03376763_exc_5_shot.json' gespeichert.
File: NCT03376763_inc 

Das File: /work/eauten2s/ec_criteria_struct/transform_chia/input/half_clinical_trials/NCT03376763_inc.txt wurde erfolgreich geladen.
NCT03376763_inc Done 

Die Daten wurden erfolgreich in '/work/eauten2s/ec_criteria_struct/transform_chia/model_output/Llama-3-70B-Instruct_5_shot/Llama-3-70B-Instruct_NCT03376763_inc_5_shot.json' gespeichert.
File: NCT03380429_exc 

Das File: /work/eauten2s/ec_criteria_struct/transform_chia/input/half_clinical_trials/NCT03380429_exc.txt wurde erfolgreich geladen.
NCT03380429_exc Done 

Die Daten wurden erfolgreich in '/work/eauten2s/ec_criteria_struct/transform_chia/model_output/Llama-3-70B-Instruct_5_shot/Llama-3-70B-Instruct_NCT03380429_exc_5_shot.json' gespeichert.
File: NCT03380429_inc 

Das File: /work/eauten2s/ec_criteria_struct/transform_chia/input/half_clinical_trials/NCT03380429_inc.txt wurde erfolgreich geladen.
NCT03380429_inc Done 

Die Daten wurden erfolgreich in '/work/eauten2s/ec_criteria_struct/transform_chia/model_output/Llama-3-70B-Instruct_5_shot/Llama-3-70B-Instruct_NCT03380429_inc_5_shot.json' gespeichert.
File: NCT03381755_exc 

Das File: /work/eauten2s/ec_criteria_struct/transform_chia/input/half_clinical_trials/NCT03381755_exc.txt wurde erfolgreich geladen.
NCT03381755_exc Done 

Die Daten wurden erfolgreich in '/work/eauten2s/ec_criteria_struct/transform_chia/model_output/Llama-3-70B-Instruct_5_shot/Llama-3-70B-Instruct_NCT03381755_exc_5_shot.json' gespeichert.
File: NCT03381755_inc 

Das File: /work/eauten2s/ec_criteria_struct/transform_chia/input/half_clinical_trials/NCT03381755_inc.txt wurde erfolgreich geladen.
NCT03381755_inc Done 

Die Daten wurden erfolgreich in '/work/eauten2s/ec_criteria_struct/transform_chia/model_output/Llama-3-70B-Instruct_5_shot/Llama-3-70B-Instruct_NCT03381755_inc_5_shot.json' gespeichert.
File: NCT03382106_exc 

Das File: /work/eauten2s/ec_criteria_struct/transform_chia/input/half_clinical_trials/NCT03382106_exc.txt wurde erfolgreich geladen.
NCT03382106_exc Done 

Die Daten wurden erfolgreich in '/work/eauten2s/ec_criteria_struct/transform_chia/model_output/Llama-3-70B-Instruct_5_shot/Llama-3-70B-Instruct_NCT03382106_exc_5_shot.json' gespeichert.
File: NCT03382106_inc 

Das File: /work/eauten2s/ec_criteria_struct/transform_chia/input/half_clinical_trials/NCT03382106_inc.txt wurde erfolgreich geladen.
NCT03382106_inc Done 

Die Daten wurden erfolgreich in '/work/eauten2s/ec_criteria_struct/transform_chia/model_output/Llama-3-70B-Instruct_5_shot/Llama-3-70B-Instruct_NCT03382106_inc_5_shot.json' gespeichert.
File: NCT03387059_exc 

Das File: /work/eauten2s/ec_criteria_struct/transform_chia/input/half_clinical_trials/NCT03387059_exc.txt wurde erfolgreich geladen.
NCT03387059_exc Done 

Die Daten wurden erfolgreich in '/work/eauten2s/ec_criteria_struct/transform_chia/model_output/Llama-3-70B-Instruct_5_shot/Llama-3-70B-Instruct_NCT03387059_exc_5_shot.json' gespeichert.
File: NCT03387059_inc 

Das File: /work/eauten2s/ec_criteria_struct/transform_chia/input/half_clinical_trials/NCT03387059_inc.txt wurde erfolgreich geladen.
NCT03387059_inc Done 

Die Daten wurden erfolgreich in '/work/eauten2s/ec_criteria_struct/transform_chia/model_output/Llama-3-70B-Instruct_5_shot/Llama-3-70B-Instruct_NCT03387059_inc_5_shot.json' gespeichert.
File: NCT03388840_exc 

Das File: /work/eauten2s/ec_criteria_struct/transform_chia/input/half_clinical_trials/NCT03388840_exc.txt wurde erfolgreich geladen.
NCT03388840_exc Done 

Die Daten wurden erfolgreich in '/work/eauten2s/ec_criteria_struct/transform_chia/model_output/Llama-3-70B-Instruct_5_shot/Llama-3-70B-Instruct_NCT03388840_exc_5_shot.json' gespeichert.
File: NCT03388840_inc 

Das File: /work/eauten2s/ec_criteria_struct/transform_chia/input/half_clinical_trials/NCT03388840_inc.txt wurde erfolgreich geladen.
NCT03388840_inc Done 

Die Daten wurden erfolgreich in '/work/eauten2s/ec_criteria_struct/transform_chia/model_output/Llama-3-70B-Instruct_5_shot/Llama-3-70B-Instruct_NCT03388840_inc_5_shot.json' gespeichert.
File: NCT03389061_exc 

Das File: /work/eauten2s/ec_criteria_struct/transform_chia/input/half_clinical_trials/NCT03389061_exc.txt wurde erfolgreich geladen.
NCT03389061_exc Done 

Die Daten wurden erfolgreich in '/work/eauten2s/ec_criteria_struct/transform_chia/model_output/Llama-3-70B-Instruct_5_shot/Llama-3-70B-Instruct_NCT03389061_exc_5_shot.json' gespeichert.
File: NCT03389061_inc 

Das File: /work/eauten2s/ec_criteria_struct/transform_chia/input/half_clinical_trials/NCT03389061_inc.txt wurde erfolgreich geladen.
NCT03389061_inc Done 

Die Daten wurden erfolgreich in '/work/eauten2s/ec_criteria_struct/transform_chia/model_output/Llama-3-70B-Instruct_5_shot/Llama-3-70B-Instruct_NCT03389061_inc_5_shot.json' gespeichert.
File: NCT03390933_exc 

Das File: /work/eauten2s/ec_criteria_struct/transform_chia/input/half_clinical_trials/NCT03390933_exc.txt wurde erfolgreich geladen.
NCT03390933_exc Done 

Die Daten wurden erfolgreich in '/work/eauten2s/ec_criteria_struct/transform_chia/model_output/Llama-3-70B-Instruct_5_shot/Llama-3-70B-Instruct_NCT03390933_exc_5_shot.json' gespeichert.
File: NCT03390933_inc 

Das File: /work/eauten2s/ec_criteria_struct/transform_chia/input/half_clinical_trials/NCT03390933_inc.txt wurde erfolgreich geladen.
NCT03390933_inc Done 

Die Daten wurden erfolgreich in '/work/eauten2s/ec_criteria_struct/transform_chia/model_output/Llama-3-70B-Instruct_5_shot/Llama-3-70B-Instruct_NCT03390933_inc_5_shot.json' gespeichert.
File: NCT03397914_exc 

Das File: /work/eauten2s/ec_criteria_struct/transform_chia/input/half_clinical_trials/NCT03397914_exc.txt wurde erfolgreich geladen.
NCT03397914_exc Done 

Die Daten wurden erfolgreich in '/work/eauten2s/ec_criteria_struct/transform_chia/model_output/Llama-3-70B-Instruct_5_shot/Llama-3-70B-Instruct_NCT03397914_exc_5_shot.json' gespeichert.
File: NCT03397914_inc 

Das File: /work/eauten2s/ec_criteria_struct/transform_chia/input/half_clinical_trials/NCT03397914_inc.txt wurde erfolgreich geladen.
NCT03397914_inc Done 

Die Daten wurden erfolgreich in '/work/eauten2s/ec_criteria_struct/transform_chia/model_output/Llama-3-70B-Instruct_5_shot/Llama-3-70B-Instruct_NCT03397914_inc_5_shot.json' gespeichert.
File: NCT03400735_exc 

Das File: /work/eauten2s/ec_criteria_struct/transform_chia/input/half_clinical_trials/NCT03400735_exc.txt wurde erfolgreich geladen.
NCT03400735_exc Done 

Die Daten wurden erfolgreich in '/work/eauten2s/ec_criteria_struct/transform_chia/model_output/Llama-3-70B-Instruct_5_shot/Llama-3-70B-Instruct_NCT03400735_exc_5_shot.json' gespeichert.
File: NCT03400735_inc 

Das File: /work/eauten2s/ec_criteria_struct/transform_chia/input/half_clinical_trials/NCT03400735_inc.txt wurde erfolgreich geladen.
NCT03400735_inc Done 

Die Daten wurden erfolgreich in '/work/eauten2s/ec_criteria_struct/transform_chia/model_output/Llama-3-70B-Instruct_5_shot/Llama-3-70B-Instruct_NCT03400735_inc_5_shot.json' gespeichert.
File: NCT03402945_exc 

Das File: /work/eauten2s/ec_criteria_struct/transform_chia/input/half_clinical_trials/NCT03402945_exc.txt wurde erfolgreich geladen.
NCT03402945_exc Done 

Die Daten wurden erfolgreich in '/work/eauten2s/ec_criteria_struct/transform_chia/model_output/Llama-3-70B-Instruct_5_shot/Llama-3-70B-Instruct_NCT03402945_exc_5_shot.json' gespeichert.
File: NCT03402945_inc 

Das File: /work/eauten2s/ec_criteria_struct/transform_chia/input/half_clinical_trials/NCT03402945_inc.txt wurde erfolgreich geladen.
NCT03402945_inc Done 

Die Daten wurden erfolgreich in '/work/eauten2s/ec_criteria_struct/transform_chia/model_output/Llama-3-70B-Instruct_5_shot/Llama-3-70B-Instruct_NCT03402945_inc_5_shot.json' gespeichert.
File: NCT03404479_exc 

Das File: /work/eauten2s/ec_criteria_struct/transform_chia/input/half_clinical_trials/NCT03404479_exc.txt wurde erfolgreich geladen.
NCT03404479_exc Done 

Die Daten wurden erfolgreich in '/work/eauten2s/ec_criteria_struct/transform_chia/model_output/Llama-3-70B-Instruct_5_shot/Llama-3-70B-Instruct_NCT03404479_exc_5_shot.json' gespeichert.
File: NCT03404479_inc 

Das File: /work/eauten2s/ec_criteria_struct/transform_chia/input/half_clinical_trials/NCT03404479_inc.txt wurde erfolgreich geladen.
NCT03404479_inc Done 

Die Daten wurden erfolgreich in '/work/eauten2s/ec_criteria_struct/transform_chia/model_output/Llama-3-70B-Instruct_5_shot/Llama-3-70B-Instruct_NCT03404479_inc_5_shot.json' gespeichert.
File: NCT03404804_exc 

Das File: /work/eauten2s/ec_criteria_struct/transform_chia/input/half_clinical_trials/NCT03404804_exc.txt wurde erfolgreich geladen.
NCT03404804_exc Done 

Die Daten wurden erfolgreich in '/work/eauten2s/ec_criteria_struct/transform_chia/model_output/Llama-3-70B-Instruct_5_shot/Llama-3-70B-Instruct_NCT03404804_exc_5_shot.json' gespeichert.
File: NCT03404804_inc 

Das File: /work/eauten2s/ec_criteria_struct/transform_chia/input/half_clinical_trials/NCT03404804_inc.txt wurde erfolgreich geladen.
NCT03404804_inc Done 

Die Daten wurden erfolgreich in '/work/eauten2s/ec_criteria_struct/transform_chia/model_output/Llama-3-70B-Instruct_5_shot/Llama-3-70B-Instruct_NCT03404804_inc_5_shot.json' gespeichert.
File: NCT03407625_exc 

Das File: /work/eauten2s/ec_criteria_struct/transform_chia/input/half_clinical_trials/NCT03407625_exc.txt wurde erfolgreich geladen.
NCT03407625_exc Done 

Die Daten wurden erfolgreich in '/work/eauten2s/ec_criteria_struct/transform_chia/model_output/Llama-3-70B-Instruct_5_shot/Llama-3-70B-Instruct_NCT03407625_exc_5_shot.json' gespeichert.
File: NCT03407625_inc 

Das File: /work/eauten2s/ec_criteria_struct/transform_chia/input/half_clinical_trials/NCT03407625_inc.txt wurde erfolgreich geladen.
NCT03407625_inc Done 

Die Daten wurden erfolgreich in '/work/eauten2s/ec_criteria_struct/transform_chia/model_output/Llama-3-70B-Instruct_5_shot/Llama-3-70B-Instruct_NCT03407625_inc_5_shot.json' gespeichert.
File: NCT03413891_exc 

Das File: /work/eauten2s/ec_criteria_struct/transform_chia/input/half_clinical_trials/NCT03413891_exc.txt wurde erfolgreich geladen.
NCT03413891_exc Done 

Die Daten wurden erfolgreich in '/work/eauten2s/ec_criteria_struct/transform_chia/model_output/Llama-3-70B-Instruct_5_shot/Llama-3-70B-Instruct_NCT03413891_exc_5_shot.json' gespeichert.
File: NCT03413891_inc 

Das File: /work/eauten2s/ec_criteria_struct/transform_chia/input/half_clinical_trials/NCT03413891_inc.txt wurde erfolgreich geladen.
NCT03413891_inc Done 

Die Daten wurden erfolgreich in '/work/eauten2s/ec_criteria_struct/transform_chia/model_output/Llama-3-70B-Instruct_5_shot/Llama-3-70B-Instruct_NCT03413891_inc_5_shot.json' gespeichert.
File: NCT03416413_exc 

Das File: /work/eauten2s/ec_criteria_struct/transform_chia/input/half_clinical_trials/NCT03416413_exc.txt wurde erfolgreich geladen.
NCT03416413_exc Done 

Die Daten wurden erfolgreich in '/work/eauten2s/ec_criteria_struct/transform_chia/model_output/Llama-3-70B-Instruct_5_shot/Llama-3-70B-Instruct_NCT03416413_exc_5_shot.json' gespeichert.
File: NCT03416413_inc 

Das File: /work/eauten2s/ec_criteria_struct/transform_chia/input/half_clinical_trials/NCT03416413_inc.txt wurde erfolgreich geladen.
NCT03416413_inc Done 

Die Daten wurden erfolgreich in '/work/eauten2s/ec_criteria_struct/transform_chia/model_output/Llama-3-70B-Instruct_5_shot/Llama-3-70B-Instruct_NCT03416413_inc_5_shot.json' gespeichert.
File: NCT03420638_exc 

Das File: /work/eauten2s/ec_criteria_struct/transform_chia/input/half_clinical_trials/NCT03420638_exc.txt wurde erfolgreich geladen.
NCT03420638_exc Done 

Die Daten wurden erfolgreich in '/work/eauten2s/ec_criteria_struct/transform_chia/model_output/Llama-3-70B-Instruct_5_shot/Llama-3-70B-Instruct_NCT03420638_exc_5_shot.json' gespeichert.
File: NCT03420638_inc 

Das File: /work/eauten2s/ec_criteria_struct/transform_chia/input/half_clinical_trials/NCT03420638_inc.txt wurde erfolgreich geladen.
NCT03420638_inc Done 

Die Daten wurden erfolgreich in '/work/eauten2s/ec_criteria_struct/transform_chia/model_output/Llama-3-70B-Instruct_5_shot/Llama-3-70B-Instruct_NCT03420638_inc_5_shot.json' gespeichert.
File: NCT03424733_exc 

Das File: /work/eauten2s/ec_criteria_struct/transform_chia/input/half_clinical_trials/NCT03424733_exc.txt wurde erfolgreich geladen.
NCT03424733_exc Done 

Die Daten wurden erfolgreich in '/work/eauten2s/ec_criteria_struct/transform_chia/model_output/Llama-3-70B-Instruct_5_shot/Llama-3-70B-Instruct_NCT03424733_exc_5_shot.json' gespeichert.
File: NCT03424733_inc 

Das File: /work/eauten2s/ec_criteria_struct/transform_chia/input/half_clinical_trials/NCT03424733_inc.txt wurde erfolgreich geladen.
NCT03424733_inc Done 

Die Daten wurden erfolgreich in '/work/eauten2s/ec_criteria_struct/transform_chia/model_output/Llama-3-70B-Instruct_5_shot/Llama-3-70B-Instruct_NCT03424733_inc_5_shot.json' gespeichert.
File: NCT03424993_exc 

Das File: /work/eauten2s/ec_criteria_struct/transform_chia/input/half_clinical_trials/NCT03424993_exc.txt wurde erfolgreich geladen.
NCT03424993_exc Done 

Die Daten wurden erfolgreich in '/work/eauten2s/ec_criteria_struct/transform_chia/model_output/Llama-3-70B-Instruct_5_shot/Llama-3-70B-Instruct_NCT03424993_exc_5_shot.json' gespeichert.
File: NCT03424993_inc 

Das File: /work/eauten2s/ec_criteria_struct/transform_chia/input/half_clinical_trials/NCT03424993_inc.txt wurde erfolgreich geladen.
NCT03424993_inc Done 

Die Daten wurden erfolgreich in '/work/eauten2s/ec_criteria_struct/transform_chia/model_output/Llama-3-70B-Instruct_5_shot/Llama-3-70B-Instruct_NCT03424993_inc_5_shot.json' gespeichert.
File: NCT03430284_exc 

Das File: /work/eauten2s/ec_criteria_struct/transform_chia/input/half_clinical_trials/NCT03430284_exc.txt wurde erfolgreich geladen.
NCT03430284_exc Done 

Die Daten wurden erfolgreich in '/work/eauten2s/ec_criteria_struct/transform_chia/model_output/Llama-3-70B-Instruct_5_shot/Llama-3-70B-Instruct_NCT03430284_exc_5_shot.json' gespeichert.
File: NCT03430284_inc 

Das File: /work/eauten2s/ec_criteria_struct/transform_chia/input/half_clinical_trials/NCT03430284_inc.txt wurde erfolgreich geladen.
NCT03430284_inc Done 

Die Daten wurden erfolgreich in '/work/eauten2s/ec_criteria_struct/transform_chia/model_output/Llama-3-70B-Instruct_5_shot/Llama-3-70B-Instruct_NCT03430284_inc_5_shot.json' gespeichert.
File: NCT03431831_exc 

Das File: /work/eauten2s/ec_criteria_struct/transform_chia/input/half_clinical_trials/NCT03431831_exc.txt wurde erfolgreich geladen.
NCT03431831_exc Done 

Die Daten wurden erfolgreich in '/work/eauten2s/ec_criteria_struct/transform_chia/model_output/Llama-3-70B-Instruct_5_shot/Llama-3-70B-Instruct_NCT03431831_exc_5_shot.json' gespeichert.
File: NCT03431831_inc 

Das File: /work/eauten2s/ec_criteria_struct/transform_chia/input/half_clinical_trials/NCT03431831_inc.txt wurde erfolgreich geladen.
NCT03431831_inc Done 

Die Daten wurden erfolgreich in '/work/eauten2s/ec_criteria_struct/transform_chia/model_output/Llama-3-70B-Instruct_5_shot/Llama-3-70B-Instruct_NCT03431831_inc_5_shot.json' gespeichert.
File: NCT03434951_exc 

Das File: /work/eauten2s/ec_criteria_struct/transform_chia/input/half_clinical_trials/NCT03434951_exc.txt wurde erfolgreich geladen.
NCT03434951_exc Done 

Die Daten wurden erfolgreich in '/work/eauten2s/ec_criteria_struct/transform_chia/model_output/Llama-3-70B-Instruct_5_shot/Llama-3-70B-Instruct_NCT03434951_exc_5_shot.json' gespeichert.
File: NCT03434951_inc 

Das File: /work/eauten2s/ec_criteria_struct/transform_chia/input/half_clinical_trials/NCT03434951_inc.txt wurde erfolgreich geladen.
NCT03434951_inc Done 

Die Daten wurden erfolgreich in '/work/eauten2s/ec_criteria_struct/transform_chia/model_output/Llama-3-70B-Instruct_5_shot/Llama-3-70B-Instruct_NCT03434951_inc_5_shot.json' gespeichert.
File: NCT03444142_exc 

Das File: /work/eauten2s/ec_criteria_struct/transform_chia/input/half_clinical_trials/NCT03444142_exc.txt wurde erfolgreich geladen.
NCT03444142_exc Done 

Die Daten wurden erfolgreich in '/work/eauten2s/ec_criteria_struct/transform_chia/model_output/Llama-3-70B-Instruct_5_shot/Llama-3-70B-Instruct_NCT03444142_exc_5_shot.json' gespeichert.
File: NCT03444142_inc 

Das File: /work/eauten2s/ec_criteria_struct/transform_chia/input/half_clinical_trials/NCT03444142_inc.txt wurde erfolgreich geladen.
NCT03444142_inc Done 

Die Daten wurden erfolgreich in '/work/eauten2s/ec_criteria_struct/transform_chia/model_output/Llama-3-70B-Instruct_5_shot/Llama-3-70B-Instruct_NCT03444142_inc_5_shot.json' gespeichert.
File: NCT03445949_exc 

Das File: /work/eauten2s/ec_criteria_struct/transform_chia/input/half_clinical_trials/NCT03445949_exc.txt wurde erfolgreich geladen.
NCT03445949_exc Done 

Die Daten wurden erfolgreich in '/work/eauten2s/ec_criteria_struct/transform_chia/model_output/Llama-3-70B-Instruct_5_shot/Llama-3-70B-Instruct_NCT03445949_exc_5_shot.json' gespeichert.
File: NCT03445949_inc 

Das File: /work/eauten2s/ec_criteria_struct/transform_chia/input/half_clinical_trials/NCT03445949_inc.txt wurde erfolgreich geladen.
NCT03445949_inc Done 

Die Daten wurden erfolgreich in '/work/eauten2s/ec_criteria_struct/transform_chia/model_output/Llama-3-70B-Instruct_5_shot/Llama-3-70B-Instruct_NCT03445949_inc_5_shot.json' gespeichert.
File: NCT03446885_exc 

Das File: /work/eauten2s/ec_criteria_struct/transform_chia/input/half_clinical_trials/NCT03446885_exc.txt wurde erfolgreich geladen.
NCT03446885_exc Done 

Die Daten wurden erfolgreich in '/work/eauten2s/ec_criteria_struct/transform_chia/model_output/Llama-3-70B-Instruct_5_shot/Llama-3-70B-Instruct_NCT03446885_exc_5_shot.json' gespeichert.
File: NCT03446885_inc 

Das File: /work/eauten2s/ec_criteria_struct/transform_chia/input/half_clinical_trials/NCT03446885_inc.txt wurde erfolgreich geladen.
NCT03446885_inc Done 

Die Daten wurden erfolgreich in '/work/eauten2s/ec_criteria_struct/transform_chia/model_output/Llama-3-70B-Instruct_5_shot/Llama-3-70B-Instruct_NCT03446885_inc_5_shot.json' gespeichert.
File: NCT03460002_exc 

Das File: /work/eauten2s/ec_criteria_struct/transform_chia/input/half_clinical_trials/NCT03460002_exc.txt wurde erfolgreich geladen.
NCT03460002_exc Done 

Die Daten wurden erfolgreich in '/work/eauten2s/ec_criteria_struct/transform_chia/model_output/Llama-3-70B-Instruct_5_shot/Llama-3-70B-Instruct_NCT03460002_exc_5_shot.json' gespeichert.
File: NCT03460002_inc 

Das File: /work/eauten2s/ec_criteria_struct/transform_chia/input/half_clinical_trials/NCT03460002_inc.txt wurde erfolgreich geladen.
NCT03460002_inc Done 

Die Daten wurden erfolgreich in '/work/eauten2s/ec_criteria_struct/transform_chia/model_output/Llama-3-70B-Instruct_5_shot/Llama-3-70B-Instruct_NCT03460002_inc_5_shot.json' gespeichert.
File: NCT03461679_exc 

Das File: /work/eauten2s/ec_criteria_struct/transform_chia/input/half_clinical_trials/NCT03461679_exc.txt wurde erfolgreich geladen.
NCT03461679_exc Done 

Die Daten wurden erfolgreich in '/work/eauten2s/ec_criteria_struct/transform_chia/model_output/Llama-3-70B-Instruct_5_shot/Llama-3-70B-Instruct_NCT03461679_exc_5_shot.json' gespeichert.
File: NCT03461679_inc 

Das File: /work/eauten2s/ec_criteria_struct/transform_chia/input/half_clinical_trials/NCT03461679_inc.txt wurde erfolgreich geladen.
NCT03461679_inc Done 

Die Daten wurden erfolgreich in '/work/eauten2s/ec_criteria_struct/transform_chia/model_output/Llama-3-70B-Instruct_5_shot/Llama-3-70B-Instruct_NCT03461679_inc_5_shot.json' gespeichert.
File: NCT03463564_exc 

Das File: /work/eauten2s/ec_criteria_struct/transform_chia/input/half_clinical_trials/NCT03463564_exc.txt wurde erfolgreich geladen.
NCT03463564_exc Done 

Die Daten wurden erfolgreich in '/work/eauten2s/ec_criteria_struct/transform_chia/model_output/Llama-3-70B-Instruct_5_shot/Llama-3-70B-Instruct_NCT03463564_exc_5_shot.json' gespeichert.
File: NCT03463564_inc 

Das File: /work/eauten2s/ec_criteria_struct/transform_chia/input/half_clinical_trials/NCT03463564_inc.txt wurde erfolgreich geladen.
NCT03463564_inc Done 

Die Daten wurden erfolgreich in '/work/eauten2s/ec_criteria_struct/transform_chia/model_output/Llama-3-70B-Instruct_5_shot/Llama-3-70B-Instruct_NCT03463564_inc_5_shot.json' gespeichert.
File: NCT03464552_exc 

Das File: /work/eauten2s/ec_criteria_struct/transform_chia/input/half_clinical_trials/NCT03464552_exc.txt wurde erfolgreich geladen.
NCT03464552_exc Done 

Die Daten wurden erfolgreich in '/work/eauten2s/ec_criteria_struct/transform_chia/model_output/Llama-3-70B-Instruct_5_shot/Llama-3-70B-Instruct_NCT03464552_exc_5_shot.json' gespeichert.
File: NCT03464552_inc 

Das File: /work/eauten2s/ec_criteria_struct/transform_chia/input/half_clinical_trials/NCT03464552_inc.txt wurde erfolgreich geladen.
NCT03464552_inc Done 

Die Daten wurden erfolgreich in '/work/eauten2s/ec_criteria_struct/transform_chia/model_output/Llama-3-70B-Instruct_5_shot/Llama-3-70B-Instruct_NCT03464552_inc_5_shot.json' gespeichert.
File: NCT03465397_exc 

Das File: /work/eauten2s/ec_criteria_struct/transform_chia/input/half_clinical_trials/NCT03465397_exc.txt wurde erfolgreich geladen.
NCT03465397_exc Done 

Die Daten wurden erfolgreich in '/work/eauten2s/ec_criteria_struct/transform_chia/model_output/Llama-3-70B-Instruct_5_shot/Llama-3-70B-Instruct_NCT03465397_exc_5_shot.json' gespeichert.
File: NCT03465397_inc 

Das File: /work/eauten2s/ec_criteria_struct/transform_chia/input/half_clinical_trials/NCT03465397_inc.txt wurde erfolgreich geladen.
NCT03465397_inc Done 

Die Daten wurden erfolgreich in '/work/eauten2s/ec_criteria_struct/transform_chia/model_output/Llama-3-70B-Instruct_5_shot/Llama-3-70B-Instruct_NCT03465397_inc_5_shot.json' gespeichert.
File: NCT03467750_exc 

Das File: /work/eauten2s/ec_criteria_struct/transform_chia/input/half_clinical_trials/NCT03467750_exc.txt wurde erfolgreich geladen.
NCT03467750_exc Done 

Die Daten wurden erfolgreich in '/work/eauten2s/ec_criteria_struct/transform_chia/model_output/Llama-3-70B-Instruct_5_shot/Llama-3-70B-Instruct_NCT03467750_exc_5_shot.json' gespeichert.
File: NCT03467750_inc 

Das File: /work/eauten2s/ec_criteria_struct/transform_chia/input/half_clinical_trials/NCT03467750_inc.txt wurde erfolgreich geladen.
NCT03467750_inc Done 

Die Daten wurden erfolgreich in '/work/eauten2s/ec_criteria_struct/transform_chia/model_output/Llama-3-70B-Instruct_5_shot/Llama-3-70B-Instruct_NCT03467750_inc_5_shot.json' gespeichert.
File: NCT03471117_exc 

Das File: /work/eauten2s/ec_criteria_struct/transform_chia/input/half_clinical_trials/NCT03471117_exc.txt wurde erfolgreich geladen.
NCT03471117_exc Done 

Die Daten wurden erfolgreich in '/work/eauten2s/ec_criteria_struct/transform_chia/model_output/Llama-3-70B-Instruct_5_shot/Llama-3-70B-Instruct_NCT03471117_exc_5_shot.json' gespeichert.
File: NCT03471117_inc 

Das File: /work/eauten2s/ec_criteria_struct/transform_chia/input/half_clinical_trials/NCT03471117_inc.txt wurde erfolgreich geladen.
NCT03471117_inc Done 

Die Daten wurden erfolgreich in '/work/eauten2s/ec_criteria_struct/transform_chia/model_output/Llama-3-70B-Instruct_5_shot/Llama-3-70B-Instruct_NCT03471117_inc_5_shot.json' gespeichert.
File: NCT03472495_exc 

Das File: /work/eauten2s/ec_criteria_struct/transform_chia/input/half_clinical_trials/NCT03472495_exc.txt wurde erfolgreich geladen.
NCT03472495_exc Done 

Die Daten wurden erfolgreich in '/work/eauten2s/ec_criteria_struct/transform_chia/model_output/Llama-3-70B-Instruct_5_shot/Llama-3-70B-Instruct_NCT03472495_exc_5_shot.json' gespeichert.
File: NCT03472495_inc 

Das File: /work/eauten2s/ec_criteria_struct/transform_chia/input/half_clinical_trials/NCT03472495_inc.txt wurde erfolgreich geladen.
NCT03472495_inc Done 

Die Daten wurden erfolgreich in '/work/eauten2s/ec_criteria_struct/transform_chia/model_output/Llama-3-70B-Instruct_5_shot/Llama-3-70B-Instruct_NCT03472495_inc_5_shot.json' gespeichert.
File: NCT03472508_exc 

Das File: /work/eauten2s/ec_criteria_struct/transform_chia/input/half_clinical_trials/NCT03472508_exc.txt wurde erfolgreich geladen.
NCT03472508_exc Done 

Die Daten wurden erfolgreich in '/work/eauten2s/ec_criteria_struct/transform_chia/model_output/Llama-3-70B-Instruct_5_shot/Llama-3-70B-Instruct_NCT03472508_exc_5_shot.json' gespeichert.
File: NCT03472508_inc 

Das File: /work/eauten2s/ec_criteria_struct/transform_chia/input/half_clinical_trials/NCT03472508_inc.txt wurde erfolgreich geladen.
NCT03472508_inc Done 

Die Daten wurden erfolgreich in '/work/eauten2s/ec_criteria_struct/transform_chia/model_output/Llama-3-70B-Instruct_5_shot/Llama-3-70B-Instruct_NCT03472508_inc_5_shot.json' gespeichert.
File: NCT03472846_exc 

Das File: /work/eauten2s/ec_criteria_struct/transform_chia/input/half_clinical_trials/NCT03472846_exc.txt wurde erfolgreich geladen.
NCT03472846_exc Done 

Die Daten wurden erfolgreich in '/work/eauten2s/ec_criteria_struct/transform_chia/model_output/Llama-3-70B-Instruct_5_shot/Llama-3-70B-Instruct_NCT03472846_exc_5_shot.json' gespeichert.
File: NCT03472846_inc 

Das File: /work/eauten2s/ec_criteria_struct/transform_chia/input/half_clinical_trials/NCT03472846_inc.txt wurde erfolgreich geladen.
NCT03472846_inc Done 

Die Daten wurden erfolgreich in '/work/eauten2s/ec_criteria_struct/transform_chia/model_output/Llama-3-70B-Instruct_5_shot/Llama-3-70B-Instruct_NCT03472846_inc_5_shot.json' gespeichert.
File: NCT03473132_exc 

Das File: /work/eauten2s/ec_criteria_struct/transform_chia/input/half_clinical_trials/NCT03473132_exc.txt wurde erfolgreich geladen.
NCT03473132_exc Done 

Die Daten wurden erfolgreich in '/work/eauten2s/ec_criteria_struct/transform_chia/model_output/Llama-3-70B-Instruct_5_shot/Llama-3-70B-Instruct_NCT03473132_exc_5_shot.json' gespeichert.
File: NCT03473132_inc 

Das File: /work/eauten2s/ec_criteria_struct/transform_chia/input/half_clinical_trials/NCT03473132_inc.txt wurde erfolgreich geladen.
NCT03473132_inc Done 

Die Daten wurden erfolgreich in '/work/eauten2s/ec_criteria_struct/transform_chia/model_output/Llama-3-70B-Instruct_5_shot/Llama-3-70B-Instruct_NCT03473132_inc_5_shot.json' gespeichert.
File: NCT03475589_exc 

Das File: /work/eauten2s/ec_criteria_struct/transform_chia/input/half_clinical_trials/NCT03475589_exc.txt wurde erfolgreich geladen.
NCT03475589_exc Done 

Die Daten wurden erfolgreich in '/work/eauten2s/ec_criteria_struct/transform_chia/model_output/Llama-3-70B-Instruct_5_shot/Llama-3-70B-Instruct_NCT03475589_exc_5_shot.json' gespeichert.
File: NCT03475589_inc 

Das File: /work/eauten2s/ec_criteria_struct/transform_chia/input/half_clinical_trials/NCT03475589_inc.txt wurde erfolgreich geladen.
NCT03475589_inc Done 

Die Daten wurden erfolgreich in '/work/eauten2s/ec_criteria_struct/transform_chia/model_output/Llama-3-70B-Instruct_5_shot/Llama-3-70B-Instruct_NCT03475589_inc_5_shot.json' gespeichert.
File: NCT03476850_exc 

Das File: /work/eauten2s/ec_criteria_struct/transform_chia/input/half_clinical_trials/NCT03476850_exc.txt wurde erfolgreich geladen.
NCT03476850_exc Done 

Die Daten wurden erfolgreich in '/work/eauten2s/ec_criteria_struct/transform_chia/model_output/Llama-3-70B-Instruct_5_shot/Llama-3-70B-Instruct_NCT03476850_exc_5_shot.json' gespeichert.
File: NCT03476850_inc 

Das File: /work/eauten2s/ec_criteria_struct/transform_chia/input/half_clinical_trials/NCT03476850_inc.txt wurde erfolgreich geladen.
NCT03476850_inc Done 

Die Daten wurden erfolgreich in '/work/eauten2s/ec_criteria_struct/transform_chia/model_output/Llama-3-70B-Instruct_5_shot/Llama-3-70B-Instruct_NCT03476850_inc_5_shot.json' gespeichert.
File: NCT03477851_exc 

Das File: /work/eauten2s/ec_criteria_struct/transform_chia/input/half_clinical_trials/NCT03477851_exc.txt wurde erfolgreich geladen.
NCT03477851_exc Done 

Die Daten wurden erfolgreich in '/work/eauten2s/ec_criteria_struct/transform_chia/model_output/Llama-3-70B-Instruct_5_shot/Llama-3-70B-Instruct_NCT03477851_exc_5_shot.json' gespeichert.
File: NCT03477851_inc 

Das File: /work/eauten2s/ec_criteria_struct/transform_chia/input/half_clinical_trials/NCT03477851_inc.txt wurde erfolgreich geladen.
NCT03477851_inc Done 

Die Daten wurden erfolgreich in '/work/eauten2s/ec_criteria_struct/transform_chia/model_output/Llama-3-70B-Instruct_5_shot/Llama-3-70B-Instruct_NCT03477851_inc_5_shot.json' gespeichert.
File: NCT03479502_exc 

Das File: /work/eauten2s/ec_criteria_struct/transform_chia/input/half_clinical_trials/NCT03479502_exc.txt wurde erfolgreich geladen.
NCT03479502_exc Done 

Die Daten wurden erfolgreich in '/work/eauten2s/ec_criteria_struct/transform_chia/model_output/Llama-3-70B-Instruct_5_shot/Llama-3-70B-Instruct_NCT03479502_exc_5_shot.json' gespeichert.
File: NCT03479502_inc 

Das File: /work/eauten2s/ec_criteria_struct/transform_chia/input/half_clinical_trials/NCT03479502_inc.txt wurde erfolgreich geladen.
NCT03479502_inc Done 

Die Daten wurden erfolgreich in '/work/eauten2s/ec_criteria_struct/transform_chia/model_output/Llama-3-70B-Instruct_5_shot/Llama-3-70B-Instruct_NCT03479502_inc_5_shot.json' gespeichert.
File: NCT03480607_exc 

Das File: /work/eauten2s/ec_criteria_struct/transform_chia/input/half_clinical_trials/NCT03480607_exc.txt wurde erfolgreich geladen.
NCT03480607_exc Done 

Die Daten wurden erfolgreich in '/work/eauten2s/ec_criteria_struct/transform_chia/model_output/Llama-3-70B-Instruct_5_shot/Llama-3-70B-Instruct_NCT03480607_exc_5_shot.json' gespeichert.
File: NCT03480607_inc 

Das File: /work/eauten2s/ec_criteria_struct/transform_chia/input/half_clinical_trials/NCT03480607_inc.txt wurde erfolgreich geladen.
NCT03480607_inc Done 

Die Daten wurden erfolgreich in '/work/eauten2s/ec_criteria_struct/transform_chia/model_output/Llama-3-70B-Instruct_5_shot/Llama-3-70B-Instruct_NCT03480607_inc_5_shot.json' gespeichert.
File: NCT03481894_exc 

Das File: /work/eauten2s/ec_criteria_struct/transform_chia/input/half_clinical_trials/NCT03481894_exc.txt wurde erfolgreich geladen.
NCT03481894_exc Done 

Die Daten wurden erfolgreich in '/work/eauten2s/ec_criteria_struct/transform_chia/model_output/Llama-3-70B-Instruct_5_shot/Llama-3-70B-Instruct_NCT03481894_exc_5_shot.json' gespeichert.
File: NCT03481894_inc 

Das File: /work/eauten2s/ec_criteria_struct/transform_chia/input/half_clinical_trials/NCT03481894_inc.txt wurde erfolgreich geladen.
NCT03481894_inc Done 

Die Daten wurden erfolgreich in '/work/eauten2s/ec_criteria_struct/transform_chia/model_output/Llama-3-70B-Instruct_5_shot/Llama-3-70B-Instruct_NCT03481894_inc_5_shot.json' gespeichert.
File: NCT03484091_exc 

Das File: /work/eauten2s/ec_criteria_struct/transform_chia/input/half_clinical_trials/NCT03484091_exc.txt wurde erfolgreich geladen.
NCT03484091_exc Done 

Die Daten wurden erfolgreich in '/work/eauten2s/ec_criteria_struct/transform_chia/model_output/Llama-3-70B-Instruct_5_shot/Llama-3-70B-Instruct_NCT03484091_exc_5_shot.json' gespeichert.
File: NCT03484091_inc 

Das File: /work/eauten2s/ec_criteria_struct/transform_chia/input/half_clinical_trials/NCT03484091_inc.txt wurde erfolgreich geladen.
NCT03484091_inc Done 

Die Daten wurden erfolgreich in '/work/eauten2s/ec_criteria_struct/transform_chia/model_output/Llama-3-70B-Instruct_5_shot/Llama-3-70B-Instruct_NCT03484091_inc_5_shot.json' gespeichert.
File: NCT03491059_exc 

Das File: /work/eauten2s/ec_criteria_struct/transform_chia/input/half_clinical_trials/NCT03491059_exc.txt wurde erfolgreich geladen.
NCT03491059_exc Done 

Die Daten wurden erfolgreich in '/work/eauten2s/ec_criteria_struct/transform_chia/model_output/Llama-3-70B-Instruct_5_shot/Llama-3-70B-Instruct_NCT03491059_exc_5_shot.json' gespeichert.
File: NCT03491059_inc 

Das File: /work/eauten2s/ec_criteria_struct/transform_chia/input/half_clinical_trials/NCT03491059_inc.txt wurde erfolgreich geladen.
NCT03491059_inc Done 

Die Daten wurden erfolgreich in '/work/eauten2s/ec_criteria_struct/transform_chia/model_output/Llama-3-70B-Instruct_5_shot/Llama-3-70B-Instruct_NCT03491059_inc_5_shot.json' gespeichert.
File: NCT03493919_exc 

Das File: /work/eauten2s/ec_criteria_struct/transform_chia/input/half_clinical_trials/NCT03493919_exc.txt wurde erfolgreich geladen.
NCT03493919_exc Done 

Die Daten wurden erfolgreich in '/work/eauten2s/ec_criteria_struct/transform_chia/model_output/Llama-3-70B-Instruct_5_shot/Llama-3-70B-Instruct_NCT03493919_exc_5_shot.json' gespeichert.
File: NCT03493919_inc 

Das File: /work/eauten2s/ec_criteria_struct/transform_chia/input/half_clinical_trials/NCT03493919_inc.txt wurde erfolgreich geladen.
NCT03493919_inc Done 

Die Daten wurden erfolgreich in '/work/eauten2s/ec_criteria_struct/transform_chia/model_output/Llama-3-70B-Instruct_5_shot/Llama-3-70B-Instruct_NCT03493919_inc_5_shot.json' gespeichert.
File: NCT03495557_exc 

Das File: /work/eauten2s/ec_criteria_struct/transform_chia/input/half_clinical_trials/NCT03495557_exc.txt wurde erfolgreich geladen.
NCT03495557_exc Done 

Die Daten wurden erfolgreich in '/work/eauten2s/ec_criteria_struct/transform_chia/model_output/Llama-3-70B-Instruct_5_shot/Llama-3-70B-Instruct_NCT03495557_exc_5_shot.json' gespeichert.
File: NCT03495557_inc 

Das File: /work/eauten2s/ec_criteria_struct/transform_chia/input/half_clinical_trials/NCT03495557_inc.txt wurde erfolgreich geladen.
NCT03495557_inc Done 

Die Daten wurden erfolgreich in '/work/eauten2s/ec_criteria_struct/transform_chia/model_output/Llama-3-70B-Instruct_5_shot/Llama-3-70B-Instruct_NCT03495557_inc_5_shot.json' gespeichert.
File: NCT03495609_exc 

Das File: /work/eauten2s/ec_criteria_struct/transform_chia/input/half_clinical_trials/NCT03495609_exc.txt wurde erfolgreich geladen.
NCT03495609_exc Done 

Die Daten wurden erfolgreich in '/work/eauten2s/ec_criteria_struct/transform_chia/model_output/Llama-3-70B-Instruct_5_shot/Llama-3-70B-Instruct_NCT03495609_exc_5_shot.json' gespeichert.
File: NCT03495609_inc 

Das File: /work/eauten2s/ec_criteria_struct/transform_chia/input/half_clinical_trials/NCT03495609_inc.txt wurde erfolgreich geladen.
NCT03495609_inc Done 

Die Daten wurden erfolgreich in '/work/eauten2s/ec_criteria_struct/transform_chia/model_output/Llama-3-70B-Instruct_5_shot/Llama-3-70B-Instruct_NCT03495609_inc_5_shot.json' gespeichert.
File: NCT03497598_exc 

Das File: /work/eauten2s/ec_criteria_struct/transform_chia/input/half_clinical_trials/NCT03497598_exc.txt wurde erfolgreich geladen.
NCT03497598_exc Done 

Die Daten wurden erfolgreich in '/work/eauten2s/ec_criteria_struct/transform_chia/model_output/Llama-3-70B-Instruct_5_shot/Llama-3-70B-Instruct_NCT03497598_exc_5_shot.json' gespeichert.
File: NCT03497598_inc 

Das File: /work/eauten2s/ec_criteria_struct/transform_chia/input/half_clinical_trials/NCT03497598_inc.txt wurde erfolgreich geladen.
NCT03497598_inc Done 

Die Daten wurden erfolgreich in '/work/eauten2s/ec_criteria_struct/transform_chia/model_output/Llama-3-70B-Instruct_5_shot/Llama-3-70B-Instruct_NCT03497598_inc_5_shot.json' gespeichert.
File: NCT03499639_exc 

Das File: /work/eauten2s/ec_criteria_struct/transform_chia/input/half_clinical_trials/NCT03499639_exc.txt wurde erfolgreich geladen.
NCT03499639_exc Done 

Die Daten wurden erfolgreich in '/work/eauten2s/ec_criteria_struct/transform_chia/model_output/Llama-3-70B-Instruct_5_shot/Llama-3-70B-Instruct_NCT03499639_exc_5_shot.json' gespeichert.
File: NCT03499639_inc 

Das File: /work/eauten2s/ec_criteria_struct/transform_chia/input/half_clinical_trials/NCT03499639_inc.txt wurde erfolgreich geladen.
NCT03499639_inc Done 

Die Daten wurden erfolgreich in '/work/eauten2s/ec_criteria_struct/transform_chia/model_output/Llama-3-70B-Instruct_5_shot/Llama-3-70B-Instruct_NCT03499639_inc_5_shot.json' gespeichert.
File: NCT03500211_exc 

Das File: /work/eauten2s/ec_criteria_struct/transform_chia/input/half_clinical_trials/NCT03500211_exc.txt wurde erfolgreich geladen.
NCT03500211_exc Done 

Die Daten wurden erfolgreich in '/work/eauten2s/ec_criteria_struct/transform_chia/model_output/Llama-3-70B-Instruct_5_shot/Llama-3-70B-Instruct_NCT03500211_exc_5_shot.json' gespeichert.
File: NCT03500211_inc 

Das File: /work/eauten2s/ec_criteria_struct/transform_chia/input/half_clinical_trials/NCT03500211_inc.txt wurde erfolgreich geladen.
NCT03500211_inc Done 

Die Daten wurden erfolgreich in '/work/eauten2s/ec_criteria_struct/transform_chia/model_output/Llama-3-70B-Instruct_5_shot/Llama-3-70B-Instruct_NCT03500211_inc_5_shot.json' gespeichert.
File: NCT03506009_exc 

Das File: /work/eauten2s/ec_criteria_struct/transform_chia/input/half_clinical_trials/NCT03506009_exc.txt wurde erfolgreich geladen.
NCT03506009_exc Done 

Die Daten wurden erfolgreich in '/work/eauten2s/ec_criteria_struct/transform_chia/model_output/Llama-3-70B-Instruct_5_shot/Llama-3-70B-Instruct_NCT03506009_exc_5_shot.json' gespeichert.
File: NCT03506009_inc 

Das File: /work/eauten2s/ec_criteria_struct/transform_chia/input/half_clinical_trials/NCT03506009_inc.txt wurde erfolgreich geladen.
NCT03506009_inc Done 

Die Daten wurden erfolgreich in '/work/eauten2s/ec_criteria_struct/transform_chia/model_output/Llama-3-70B-Instruct_5_shot/Llama-3-70B-Instruct_NCT03506009_inc_5_shot.json' gespeichert.
File: NCT03506477_exc 

Das File: /work/eauten2s/ec_criteria_struct/transform_chia/input/half_clinical_trials/NCT03506477_exc.txt wurde erfolgreich geladen.
NCT03506477_exc Done 

Die Daten wurden erfolgreich in '/work/eauten2s/ec_criteria_struct/transform_chia/model_output/Llama-3-70B-Instruct_5_shot/Llama-3-70B-Instruct_NCT03506477_exc_5_shot.json' gespeichert.
File: NCT03506477_inc 

Das File: /work/eauten2s/ec_criteria_struct/transform_chia/input/half_clinical_trials/NCT03506477_inc.txt wurde erfolgreich geladen.
NCT03506477_inc Done 

Die Daten wurden erfolgreich in '/work/eauten2s/ec_criteria_struct/transform_chia/model_output/Llama-3-70B-Instruct_5_shot/Llama-3-70B-Instruct_NCT03506477_inc_5_shot.json' gespeichert.
File: NCT03506750_exc 

Das File: /work/eauten2s/ec_criteria_struct/transform_chia/input/half_clinical_trials/NCT03506750_exc.txt wurde erfolgreich geladen.
NCT03506750_exc Done 

Die Daten wurden erfolgreich in '/work/eauten2s/ec_criteria_struct/transform_chia/model_output/Llama-3-70B-Instruct_5_shot/Llama-3-70B-Instruct_NCT03506750_exc_5_shot.json' gespeichert.
File: NCT03506750_inc 

Das File: /work/eauten2s/ec_criteria_struct/transform_chia/input/half_clinical_trials/NCT03506750_inc.txt wurde erfolgreich geladen.
NCT03506750_inc Done 

Die Daten wurden erfolgreich in '/work/eauten2s/ec_criteria_struct/transform_chia/model_output/Llama-3-70B-Instruct_5_shot/Llama-3-70B-Instruct_NCT03506750_inc_5_shot.json' gespeichert.
File: NCT03511521_exc 

Das File: /work/eauten2s/ec_criteria_struct/transform_chia/input/half_clinical_trials/NCT03511521_exc.txt wurde erfolgreich geladen.
NCT03511521_exc Done 

Die Daten wurden erfolgreich in '/work/eauten2s/ec_criteria_struct/transform_chia/model_output/Llama-3-70B-Instruct_5_shot/Llama-3-70B-Instruct_NCT03511521_exc_5_shot.json' gespeichert.
File: NCT03511521_inc 

Das File: /work/eauten2s/ec_criteria_struct/transform_chia/input/half_clinical_trials/NCT03511521_inc.txt wurde erfolgreich geladen.
NCT03511521_inc Done 

Die Daten wurden erfolgreich in '/work/eauten2s/ec_criteria_struct/transform_chia/model_output/Llama-3-70B-Instruct_5_shot/Llama-3-70B-Instruct_NCT03511521_inc_5_shot.json' gespeichert.
File: NCT03513757_exc 

Das File: /work/eauten2s/ec_criteria_struct/transform_chia/input/half_clinical_trials/NCT03513757_exc.txt wurde erfolgreich geladen.
NCT03513757_exc Done 

Die Daten wurden erfolgreich in '/work/eauten2s/ec_criteria_struct/transform_chia/model_output/Llama-3-70B-Instruct_5_shot/Llama-3-70B-Instruct_NCT03513757_exc_5_shot.json' gespeichert.
File: NCT03513757_inc 

Das File: /work/eauten2s/ec_criteria_struct/transform_chia/input/half_clinical_trials/NCT03513757_inc.txt wurde erfolgreich geladen.
NCT03513757_inc Done 

Die Daten wurden erfolgreich in '/work/eauten2s/ec_criteria_struct/transform_chia/model_output/Llama-3-70B-Instruct_5_shot/Llama-3-70B-Instruct_NCT03513757_inc_5_shot.json' gespeichert.
File: NCT03513874_exc 

Das File: /work/eauten2s/ec_criteria_struct/transform_chia/input/half_clinical_trials/NCT03513874_exc.txt wurde erfolgreich geladen.
NCT03513874_exc Done 

Die Daten wurden erfolgreich in '/work/eauten2s/ec_criteria_struct/transform_chia/model_output/Llama-3-70B-Instruct_5_shot/Llama-3-70B-Instruct_NCT03513874_exc_5_shot.json' gespeichert.
File: NCT03513874_inc 

Das File: /work/eauten2s/ec_criteria_struct/transform_chia/input/half_clinical_trials/NCT03513874_inc.txt wurde erfolgreich geladen.
NCT03513874_inc Done 

Die Daten wurden erfolgreich in '/work/eauten2s/ec_criteria_struct/transform_chia/model_output/Llama-3-70B-Instruct_5_shot/Llama-3-70B-Instruct_NCT03513874_inc_5_shot.json' gespeichert.
File: NCT03518034_exc 

Das File: /work/eauten2s/ec_criteria_struct/transform_chia/input/half_clinical_trials/NCT03518034_exc.txt wurde erfolgreich geladen.
NCT03518034_exc Done 

Die Daten wurden erfolgreich in '/work/eauten2s/ec_criteria_struct/transform_chia/model_output/Llama-3-70B-Instruct_5_shot/Llama-3-70B-Instruct_NCT03518034_exc_5_shot.json' gespeichert.
File: NCT03518034_inc 

Das File: /work/eauten2s/ec_criteria_struct/transform_chia/input/half_clinical_trials/NCT03518034_inc.txt wurde erfolgreich geladen.
NCT03518034_inc Done 

Die Daten wurden erfolgreich in '/work/eauten2s/ec_criteria_struct/transform_chia/model_output/Llama-3-70B-Instruct_5_shot/Llama-3-70B-Instruct_NCT03518034_inc_5_shot.json' gespeichert.
File: NCT03519568_exc 

Das File: /work/eauten2s/ec_criteria_struct/transform_chia/input/half_clinical_trials/NCT03519568_exc.txt wurde erfolgreich geladen.
NCT03519568_exc Done 

Die Daten wurden erfolgreich in '/work/eauten2s/ec_criteria_struct/transform_chia/model_output/Llama-3-70B-Instruct_5_shot/Llama-3-70B-Instruct_NCT03519568_exc_5_shot.json' gespeichert.
File: NCT03519568_inc 

Das File: /work/eauten2s/ec_criteria_struct/transform_chia/input/half_clinical_trials/NCT03519568_inc.txt wurde erfolgreich geladen.
NCT03519568_inc Done 

Die Daten wurden erfolgreich in '/work/eauten2s/ec_criteria_struct/transform_chia/model_output/Llama-3-70B-Instruct_5_shot/Llama-3-70B-Instruct_NCT03519568_inc_5_shot.json' gespeichert.
File: NCT03530124_exc 

Das File: /work/eauten2s/ec_criteria_struct/transform_chia/input/half_clinical_trials/NCT03530124_exc.txt wurde erfolgreich geladen.
NCT03530124_exc Done 

Die Daten wurden erfolgreich in '/work/eauten2s/ec_criteria_struct/transform_chia/model_output/Llama-3-70B-Instruct_5_shot/Llama-3-70B-Instruct_NCT03530124_exc_5_shot.json' gespeichert.
File: NCT03530124_inc 

Das File: /work/eauten2s/ec_criteria_struct/transform_chia/input/half_clinical_trials/NCT03530124_inc.txt wurde erfolgreich geladen.
NCT03530124_inc Done 

Die Daten wurden erfolgreich in '/work/eauten2s/ec_criteria_struct/transform_chia/model_output/Llama-3-70B-Instruct_5_shot/Llama-3-70B-Instruct_NCT03530124_inc_5_shot.json' gespeichert.
File: NCT03532620_exc 

Das File: /work/eauten2s/ec_criteria_struct/transform_chia/input/half_clinical_trials/NCT03532620_exc.txt wurde erfolgreich geladen.
NCT03532620_exc Done 

Die Daten wurden erfolgreich in '/work/eauten2s/ec_criteria_struct/transform_chia/model_output/Llama-3-70B-Instruct_5_shot/Llama-3-70B-Instruct_NCT03532620_exc_5_shot.json' gespeichert.
File: NCT03532620_inc 

Das File: /work/eauten2s/ec_criteria_struct/transform_chia/input/half_clinical_trials/NCT03532620_inc.txt wurde erfolgreich geladen.
NCT03532620_inc Done 

Die Daten wurden erfolgreich in '/work/eauten2s/ec_criteria_struct/transform_chia/model_output/Llama-3-70B-Instruct_5_shot/Llama-3-70B-Instruct_NCT03532620_inc_5_shot.json' gespeichert.
File: NCT03536520_exc 

Das File: /work/eauten2s/ec_criteria_struct/transform_chia/input/half_clinical_trials/NCT03536520_exc.txt wurde erfolgreich geladen.
NCT03536520_exc Done 

Die Daten wurden erfolgreich in '/work/eauten2s/ec_criteria_struct/transform_chia/model_output/Llama-3-70B-Instruct_5_shot/Llama-3-70B-Instruct_NCT03536520_exc_5_shot.json' gespeichert.
File: NCT03536520_inc 

Das File: /work/eauten2s/ec_criteria_struct/transform_chia/input/half_clinical_trials/NCT03536520_inc.txt wurde erfolgreich geladen.
NCT03536520_inc Done 

Die Daten wurden erfolgreich in '/work/eauten2s/ec_criteria_struct/transform_chia/model_output/Llama-3-70B-Instruct_5_shot/Llama-3-70B-Instruct_NCT03536520_inc_5_shot.json' gespeichert.
File: NCT03537924_exc 

Das File: /work/eauten2s/ec_criteria_struct/transform_chia/input/half_clinical_trials/NCT03537924_exc.txt wurde erfolgreich geladen.
NCT03537924_exc Done 

Die Daten wurden erfolgreich in '/work/eauten2s/ec_criteria_struct/transform_chia/model_output/Llama-3-70B-Instruct_5_shot/Llama-3-70B-Instruct_NCT03537924_exc_5_shot.json' gespeichert.
File: NCT03537924_inc 

Das File: /work/eauten2s/ec_criteria_struct/transform_chia/input/half_clinical_trials/NCT03537924_inc.txt wurde erfolgreich geladen.
NCT03537924_inc Done 

Die Daten wurden erfolgreich in '/work/eauten2s/ec_criteria_struct/transform_chia/model_output/Llama-3-70B-Instruct_5_shot/Llama-3-70B-Instruct_NCT03537924_inc_5_shot.json' gespeichert.
File: NCT03539718_exc 

Das File: /work/eauten2s/ec_criteria_struct/transform_chia/input/half_clinical_trials/NCT03539718_exc.txt wurde erfolgreich geladen.
NCT03539718_exc Done 

Die Daten wurden erfolgreich in '/work/eauten2s/ec_criteria_struct/transform_chia/model_output/Llama-3-70B-Instruct_5_shot/Llama-3-70B-Instruct_NCT03539718_exc_5_shot.json' gespeichert.
File: NCT03539718_inc 

Das File: /work/eauten2s/ec_criteria_struct/transform_chia/input/half_clinical_trials/NCT03539718_inc.txt wurde erfolgreich geladen.
NCT03539718_inc Done 

Die Daten wurden erfolgreich in '/work/eauten2s/ec_criteria_struct/transform_chia/model_output/Llama-3-70B-Instruct_5_shot/Llama-3-70B-Instruct_NCT03539718_inc_5_shot.json' gespeichert.
File: NCT03541980_exc 

Das File: /work/eauten2s/ec_criteria_struct/transform_chia/input/half_clinical_trials/NCT03541980_exc.txt wurde erfolgreich geladen.
NCT03541980_exc Done 

Die Daten wurden erfolgreich in '/work/eauten2s/ec_criteria_struct/transform_chia/model_output/Llama-3-70B-Instruct_5_shot/Llama-3-70B-Instruct_NCT03541980_exc_5_shot.json' gespeichert.
File: NCT03541980_inc 

Das File: /work/eauten2s/ec_criteria_struct/transform_chia/input/half_clinical_trials/NCT03541980_inc.txt wurde erfolgreich geladen.
NCT03541980_inc Done 

Die Daten wurden erfolgreich in '/work/eauten2s/ec_criteria_struct/transform_chia/model_output/Llama-3-70B-Instruct_5_shot/Llama-3-70B-Instruct_NCT03541980_inc_5_shot.json' gespeichert.
File: NCT03555526_exc 

Das File: /work/eauten2s/ec_criteria_struct/transform_chia/input/half_clinical_trials/NCT03555526_exc.txt wurde erfolgreich geladen.
NCT03555526_exc Done 

Die Daten wurden erfolgreich in '/work/eauten2s/ec_criteria_struct/transform_chia/model_output/Llama-3-70B-Instruct_5_shot/Llama-3-70B-Instruct_NCT03555526_exc_5_shot.json' gespeichert.
File: NCT03555526_inc 

Das File: /work/eauten2s/ec_criteria_struct/transform_chia/input/half_clinical_trials/NCT03555526_inc.txt wurde erfolgreich geladen.
NCT03555526_inc Done 

Die Daten wurden erfolgreich in '/work/eauten2s/ec_criteria_struct/transform_chia/model_output/Llama-3-70B-Instruct_5_shot/Llama-3-70B-Instruct_NCT03555526_inc_5_shot.json' gespeichert.
File: NCT03560310_exc 

Das File: /work/eauten2s/ec_criteria_struct/transform_chia/input/half_clinical_trials/NCT03560310_exc.txt wurde erfolgreich geladen.
NCT03560310_exc Done 

Die Daten wurden erfolgreich in '/work/eauten2s/ec_criteria_struct/transform_chia/model_output/Llama-3-70B-Instruct_5_shot/Llama-3-70B-Instruct_NCT03560310_exc_5_shot.json' gespeichert.
File: NCT03560310_inc 

Das File: /work/eauten2s/ec_criteria_struct/transform_chia/input/half_clinical_trials/NCT03560310_inc.txt wurde erfolgreich geladen.
NCT03560310_inc Done 

Die Daten wurden erfolgreich in '/work/eauten2s/ec_criteria_struct/transform_chia/model_output/Llama-3-70B-Instruct_5_shot/Llama-3-70B-Instruct_NCT03560310_inc_5_shot.json' gespeichert.
File: NCT03561753_exc 

Das File: /work/eauten2s/ec_criteria_struct/transform_chia/input/half_clinical_trials/NCT03561753_exc.txt wurde erfolgreich geladen.
NCT03561753_exc Done 

Die Daten wurden erfolgreich in '/work/eauten2s/ec_criteria_struct/transform_chia/model_output/Llama-3-70B-Instruct_5_shot/Llama-3-70B-Instruct_NCT03561753_exc_5_shot.json' gespeichert.
File: NCT03561753_inc 

Das File: /work/eauten2s/ec_criteria_struct/transform_chia/input/half_clinical_trials/NCT03561753_inc.txt wurde erfolgreich geladen.
NCT03561753_inc Done 

Die Daten wurden erfolgreich in '/work/eauten2s/ec_criteria_struct/transform_chia/model_output/Llama-3-70B-Instruct_5_shot/Llama-3-70B-Instruct_NCT03561753_inc_5_shot.json' gespeichert.
File: NCT03589105_exc 

Das File: /work/eauten2s/ec_criteria_struct/transform_chia/input/half_clinical_trials/NCT03589105_exc.txt wurde erfolgreich geladen.
NCT03589105_exc Done 

Die Daten wurden erfolgreich in '/work/eauten2s/ec_criteria_struct/transform_chia/model_output/Llama-3-70B-Instruct_5_shot/Llama-3-70B-Instruct_NCT03589105_exc_5_shot.json' gespeichert.
File: NCT03589105_inc 

Das File: /work/eauten2s/ec_criteria_struct/transform_chia/input/half_clinical_trials/NCT03589105_inc.txt wurde erfolgreich geladen.
NCT03589105_inc Done 

Die Daten wurden erfolgreich in '/work/eauten2s/ec_criteria_struct/transform_chia/model_output/Llama-3-70B-Instruct_5_shot/Llama-3-70B-Instruct_NCT03589105_inc_5_shot.json' gespeichert.
File: NCT03615508_exc 

Das File: /work/eauten2s/ec_criteria_struct/transform_chia/input/half_clinical_trials/NCT03615508_exc.txt wurde erfolgreich geladen.
NCT03615508_exc Done 

Die Daten wurden erfolgreich in '/work/eauten2s/ec_criteria_struct/transform_chia/model_output/Llama-3-70B-Instruct_5_shot/Llama-3-70B-Instruct_NCT03615508_exc_5_shot.json' gespeichert.
File: NCT03615508_inc 

Das File: /work/eauten2s/ec_criteria_struct/transform_chia/input/half_clinical_trials/NCT03615508_inc.txt wurde erfolgreich geladen.
NCT03615508_inc Done 

Die Daten wurden erfolgreich in '/work/eauten2s/ec_criteria_struct/transform_chia/model_output/Llama-3-70B-Instruct_5_shot/Llama-3-70B-Instruct_NCT03615508_inc_5_shot.json' gespeichert.
File: NCT03619707_exc 

Das File: /work/eauten2s/ec_criteria_struct/transform_chia/input/half_clinical_trials/NCT03619707_exc.txt wurde erfolgreich geladen.
NCT03619707_exc Done 

Die Daten wurden erfolgreich in '/work/eauten2s/ec_criteria_struct/transform_chia/model_output/Llama-3-70B-Instruct_5_shot/Llama-3-70B-Instruct_NCT03619707_exc_5_shot.json' gespeichert.
File: NCT03619707_inc 

Das File: /work/eauten2s/ec_criteria_struct/transform_chia/input/half_clinical_trials/NCT03619707_inc.txt wurde erfolgreich geladen.
NCT03619707_inc Done 

Die Daten wurden erfolgreich in '/work/eauten2s/ec_criteria_struct/transform_chia/model_output/Llama-3-70B-Instruct_5_shot/Llama-3-70B-Instruct_NCT03619707_inc_5_shot.json' gespeichert.
File: NCT03620526_exc 

Das File: /work/eauten2s/ec_criteria_struct/transform_chia/input/half_clinical_trials/NCT03620526_exc.txt wurde erfolgreich geladen.
NCT03620526_exc Done 

Die Daten wurden erfolgreich in '/work/eauten2s/ec_criteria_struct/transform_chia/model_output/Llama-3-70B-Instruct_5_shot/Llama-3-70B-Instruct_NCT03620526_exc_5_shot.json' gespeichert.
File: NCT03620526_inc 

Das File: /work/eauten2s/ec_criteria_struct/transform_chia/input/half_clinical_trials/NCT03620526_inc.txt wurde erfolgreich geladen.
NCT03620526_inc Done 

Die Daten wurden erfolgreich in '/work/eauten2s/ec_criteria_struct/transform_chia/model_output/Llama-3-70B-Instruct_5_shot/Llama-3-70B-Instruct_NCT03620526_inc_5_shot.json' gespeichert.
File: NCT03623789_exc 

Das File: /work/eauten2s/ec_criteria_struct/transform_chia/input/half_clinical_trials/NCT03623789_exc.txt wurde erfolgreich geladen.
NCT03623789_exc Done 

Die Daten wurden erfolgreich in '/work/eauten2s/ec_criteria_struct/transform_chia/model_output/Llama-3-70B-Instruct_5_shot/Llama-3-70B-Instruct_NCT03623789_exc_5_shot.json' gespeichert.
File: NCT03623789_inc 

Das File: /work/eauten2s/ec_criteria_struct/transform_chia/input/half_clinical_trials/NCT03623789_inc.txt wurde erfolgreich geladen.
NCT03623789_inc Done 

Die Daten wurden erfolgreich in '/work/eauten2s/ec_criteria_struct/transform_chia/model_output/Llama-3-70B-Instruct_5_shot/Llama-3-70B-Instruct_NCT03623789_inc_5_shot.json' gespeichert.
File: NCT03624517_exc 

Das File: /work/eauten2s/ec_criteria_struct/transform_chia/input/half_clinical_trials/NCT03624517_exc.txt wurde erfolgreich geladen.
NCT03624517_exc Done 

Die Daten wurden erfolgreich in '/work/eauten2s/ec_criteria_struct/transform_chia/model_output/Llama-3-70B-Instruct_5_shot/Llama-3-70B-Instruct_NCT03624517_exc_5_shot.json' gespeichert.
File: NCT03624517_inc 

Das File: /work/eauten2s/ec_criteria_struct/transform_chia/input/half_clinical_trials/NCT03624517_inc.txt wurde erfolgreich geladen.
NCT03624517_inc Done 

Die Daten wurden erfolgreich in '/work/eauten2s/ec_criteria_struct/transform_chia/model_output/Llama-3-70B-Instruct_5_shot/Llama-3-70B-Instruct_NCT03624517_inc_5_shot.json' gespeichert.
File: NCT03624881_exc 

Das File: /work/eauten2s/ec_criteria_struct/transform_chia/input/half_clinical_trials/NCT03624881_exc.txt wurde erfolgreich geladen.
NCT03624881_exc Done 

Die Daten wurden erfolgreich in '/work/eauten2s/ec_criteria_struct/transform_chia/model_output/Llama-3-70B-Instruct_5_shot/Llama-3-70B-Instruct_NCT03624881_exc_5_shot.json' gespeichert.
File: NCT03624881_inc 

Das File: /work/eauten2s/ec_criteria_struct/transform_chia/input/half_clinical_trials/NCT03624881_inc.txt wurde erfolgreich geladen.
NCT03624881_inc Done 

Die Daten wurden erfolgreich in '/work/eauten2s/ec_criteria_struct/transform_chia/model_output/Llama-3-70B-Instruct_5_shot/Llama-3-70B-Instruct_NCT03624881_inc_5_shot.json' gespeichert.
File: NCT03631355_exc 

Das File: /work/eauten2s/ec_criteria_struct/transform_chia/input/half_clinical_trials/NCT03631355_exc.txt wurde erfolgreich geladen.
NCT03631355_exc Done 

Die Daten wurden erfolgreich in '/work/eauten2s/ec_criteria_struct/transform_chia/model_output/Llama-3-70B-Instruct_5_shot/Llama-3-70B-Instruct_NCT03631355_exc_5_shot.json' gespeichert.
File: NCT03631355_inc 

Das File: /work/eauten2s/ec_criteria_struct/transform_chia/input/half_clinical_trials/NCT03631355_inc.txt wurde erfolgreich geladen.
NCT03631355_inc Done 

Die Daten wurden erfolgreich in '/work/eauten2s/ec_criteria_struct/transform_chia/model_output/Llama-3-70B-Instruct_5_shot/Llama-3-70B-Instruct_NCT03631355_inc_5_shot.json' gespeichert.
File: NCT03637946_exc 

Das File: /work/eauten2s/ec_criteria_struct/transform_chia/input/half_clinical_trials/NCT03637946_exc.txt wurde erfolgreich geladen.
NCT03637946_exc Done 

Die Daten wurden erfolgreich in '/work/eauten2s/ec_criteria_struct/transform_chia/model_output/Llama-3-70B-Instruct_5_shot/Llama-3-70B-Instruct_NCT03637946_exc_5_shot.json' gespeichert.
File: NCT03637946_inc 

Das File: /work/eauten2s/ec_criteria_struct/transform_chia/input/half_clinical_trials/NCT03637946_inc.txt wurde erfolgreich geladen.
NCT03637946_inc Done 

Die Daten wurden erfolgreich in '/work/eauten2s/ec_criteria_struct/transform_chia/model_output/Llama-3-70B-Instruct_5_shot/Llama-3-70B-Instruct_NCT03637946_inc_5_shot.json' gespeichert.
File: NCT03639519_exc 

Das File: /work/eauten2s/ec_criteria_struct/transform_chia/input/half_clinical_trials/NCT03639519_exc.txt wurde erfolgreich geladen.
NCT03639519_exc Done 

Die Daten wurden erfolgreich in '/work/eauten2s/ec_criteria_struct/transform_chia/model_output/Llama-3-70B-Instruct_5_shot/Llama-3-70B-Instruct_NCT03639519_exc_5_shot.json' gespeichert.
File: NCT03639519_inc 

Das File: /work/eauten2s/ec_criteria_struct/transform_chia/input/half_clinical_trials/NCT03639519_inc.txt wurde erfolgreich geladen.
NCT03639519_inc Done 

Die Daten wurden erfolgreich in '/work/eauten2s/ec_criteria_struct/transform_chia/model_output/Llama-3-70B-Instruct_5_shot/Llama-3-70B-Instruct_NCT03639519_inc_5_shot.json' gespeichert.
File: NCT03639545_exc 

Das File: /work/eauten2s/ec_criteria_struct/transform_chia/input/half_clinical_trials/NCT03639545_exc.txt wurde erfolgreich geladen.
NCT03639545_exc Done 

Die Daten wurden erfolgreich in '/work/eauten2s/ec_criteria_struct/transform_chia/model_output/Llama-3-70B-Instruct_5_shot/Llama-3-70B-Instruct_NCT03639545_exc_5_shot.json' gespeichert.
File: NCT03639545_inc 

Das File: /work/eauten2s/ec_criteria_struct/transform_chia/input/half_clinical_trials/NCT03639545_inc.txt wurde erfolgreich geladen.
NCT03639545_inc Done 

Die Daten wurden erfolgreich in '/work/eauten2s/ec_criteria_struct/transform_chia/model_output/Llama-3-70B-Instruct_5_shot/Llama-3-70B-Instruct_NCT03639545_inc_5_shot.json' gespeichert.
File: NCT03648021_exc 

Das File: /work/eauten2s/ec_criteria_struct/transform_chia/input/half_clinical_trials/NCT03648021_exc.txt wurde erfolgreich geladen.
NCT03648021_exc Done 

Die Daten wurden erfolgreich in '/work/eauten2s/ec_criteria_struct/transform_chia/model_output/Llama-3-70B-Instruct_5_shot/Llama-3-70B-Instruct_NCT03648021_exc_5_shot.json' gespeichert.
File: NCT03648021_inc 

Das File: /work/eauten2s/ec_criteria_struct/transform_chia/input/half_clinical_trials/NCT03648021_inc.txt wurde erfolgreich geladen.
NCT03648021_inc Done 

Die Daten wurden erfolgreich in '/work/eauten2s/ec_criteria_struct/transform_chia/model_output/Llama-3-70B-Instruct_5_shot/Llama-3-70B-Instruct_NCT03648021_inc_5_shot.json' gespeichert.
File: NCT03663387_exc 

Das File: /work/eauten2s/ec_criteria_struct/transform_chia/input/half_clinical_trials/NCT03663387_exc.txt wurde erfolgreich geladen.
NCT03663387_exc Done 

Die Daten wurden erfolgreich in '/work/eauten2s/ec_criteria_struct/transform_chia/model_output/Llama-3-70B-Instruct_5_shot/Llama-3-70B-Instruct_NCT03663387_exc_5_shot.json' gespeichert.
File: NCT03663387_inc 

Das File: /work/eauten2s/ec_criteria_struct/transform_chia/input/half_clinical_trials/NCT03663387_inc.txt wurde erfolgreich geladen.
NCT03663387_inc Done 

Die Daten wurden erfolgreich in '/work/eauten2s/ec_criteria_struct/transform_chia/model_output/Llama-3-70B-Instruct_5_shot/Llama-3-70B-Instruct_NCT03663387_inc_5_shot.json' gespeichert.
