Das File: /work/eauten2s/ec_criteria_struct/lct/input/prompt/all_entitys_prompt1.txt wurde erfolgreich geladen.
Loaded 3 files.study_filenames
File: NCT03860194_exc 

Das File: /work/eauten2s/ec_criteria_struct/lct/input/dataset_p4_prompt1_new/test/input/NCT03860194_exc.txt wurde erfolgreich geladen.
Die Daten wurden erfolgreich in '/work/eauten2s/ec_criteria_struct/lct/evaluate_struct/eval_p4/model_output/Qwen2-72B_2_Shot_short_files/output/Qwen2-72B_NCT03860194_exc_2_shot.txt' gespeichert.
File: NCT03860194_inc 

Das File: /work/eauten2s/ec_criteria_struct/lct/input/dataset_p4_prompt1_new/test/input/NCT03860194_inc.txt wurde erfolgreich geladen.
Die Daten wurden erfolgreich in '/work/eauten2s/ec_criteria_struct/lct/evaluate_struct/eval_p4/model_output/Qwen2-72B_2_Shot_short_files/output/Qwen2-72B_NCT03860194_inc_2_shot.txt' gespeichert.
File: NCT03860415_exc 

Das File: /work/eauten2s/ec_criteria_struct/lct/input/dataset_p4_prompt1_new/test/input/NCT03860415_exc.txt wurde erfolgreich geladen.
Die Daten wurden erfolgreich in '/work/eauten2s/ec_criteria_struct/lct/evaluate_struct/eval_p4/model_output/Qwen2-72B_2_Shot_short_files/output/Qwen2-72B_NCT03860415_exc_2_shot.txt' gespeichert.
File: NCT03860415_inc 

Das File: /work/eauten2s/ec_criteria_struct/lct/input/dataset_p4_prompt1_new/test/input/NCT03860415_inc.txt wurde erfolgreich geladen.
Die Daten wurden erfolgreich in '/work/eauten2s/ec_criteria_struct/lct/evaluate_struct/eval_p4/model_output/Qwen2-72B_2_Shot_short_files/output/Qwen2-72B_NCT03860415_inc_2_shot.txt' gespeichert.
File: NCT03860454_exc 

Das File: /work/eauten2s/ec_criteria_struct/lct/input/dataset_p4_prompt1_new/test/input/NCT03860454_exc.txt wurde erfolgreich geladen.
Die Daten wurden erfolgreich in '/work/eauten2s/ec_criteria_struct/lct/evaluate_struct/eval_p4/model_output/Qwen2-72B_2_Shot_short_files/output/Qwen2-72B_NCT03860454_exc_2_shot.txt' gespeichert.
File: NCT03860454_inc 

Das File: /work/eauten2s/ec_criteria_struct/lct/input/dataset_p4_prompt1_new/test/input/NCT03860454_inc.txt wurde erfolgreich geladen.
Die Daten wurden erfolgreich in '/work/eauten2s/ec_criteria_struct/lct/evaluate_struct/eval_p4/model_output/Qwen2-72B_2_Shot_short_files/output/Qwen2-72B_NCT03860454_inc_2_shot.txt' gespeichert.
File: NCT03860584_exc 

Das File: /work/eauten2s/ec_criteria_struct/lct/input/dataset_p4_prompt1_new/test/input/NCT03860584_exc.txt wurde erfolgreich geladen.
Die Daten wurden erfolgreich in '/work/eauten2s/ec_criteria_struct/lct/evaluate_struct/eval_p4/model_output/Qwen2-72B_2_Shot_short_files/output/Qwen2-72B_NCT03860584_exc_2_shot.txt' gespeichert.
File: NCT03860584_inc 

Das File: /work/eauten2s/ec_criteria_struct/lct/input/dataset_p4_prompt1_new/test/input/NCT03860584_inc.txt wurde erfolgreich geladen.
Die Daten wurden erfolgreich in '/work/eauten2s/ec_criteria_struct/lct/evaluate_struct/eval_p4/model_output/Qwen2-72B_2_Shot_short_files/output/Qwen2-72B_NCT03860584_inc_2_shot.txt' gespeichert.
File: NCT03860766_exc 

Das File: /work/eauten2s/ec_criteria_struct/lct/input/dataset_p4_prompt1_new/test/input/NCT03860766_exc.txt wurde erfolgreich geladen.
Die Daten wurden erfolgreich in '/work/eauten2s/ec_criteria_struct/lct/evaluate_struct/eval_p4/model_output/Qwen2-72B_2_Shot_short_files/output/Qwen2-72B_NCT03860766_exc_2_shot.txt' gespeichert.
File: NCT03860766_inc 

Das File: /work/eauten2s/ec_criteria_struct/lct/input/dataset_p4_prompt1_new/test/input/NCT03860766_inc.txt wurde erfolgreich geladen.
Die Daten wurden erfolgreich in '/work/eauten2s/ec_criteria_struct/lct/evaluate_struct/eval_p4/model_output/Qwen2-72B_2_Shot_short_files/output/Qwen2-72B_NCT03860766_inc_2_shot.txt' gespeichert.
File: NCT03860896_exc 

Das File: /work/eauten2s/ec_criteria_struct/lct/input/dataset_p4_prompt1_new/test/input/NCT03860896_exc.txt wurde erfolgreich geladen.
Die Daten wurden erfolgreich in '/work/eauten2s/ec_criteria_struct/lct/evaluate_struct/eval_p4/model_output/Qwen2-72B_2_Shot_short_files/output/Qwen2-72B_NCT03860896_exc_2_shot.txt' gespeichert.
File: NCT03860896_inc 

Das File: /work/eauten2s/ec_criteria_struct/lct/input/dataset_p4_prompt1_new/test/input/NCT03860896_inc.txt wurde erfolgreich geladen.
Die Daten wurden erfolgreich in '/work/eauten2s/ec_criteria_struct/lct/evaluate_struct/eval_p4/model_output/Qwen2-72B_2_Shot_short_files/output/Qwen2-72B_NCT03860896_inc_2_shot.txt' gespeichert.
File: NCT03861182_exc 

Das File: /work/eauten2s/ec_criteria_struct/lct/input/dataset_p4_prompt1_new/test/input/NCT03861182_exc.txt wurde erfolgreich geladen.
Die Daten wurden erfolgreich in '/work/eauten2s/ec_criteria_struct/lct/evaluate_struct/eval_p4/model_output/Qwen2-72B_2_Shot_short_files/output/Qwen2-72B_NCT03861182_exc_2_shot.txt' gespeichert.
File: NCT03861182_inc 

Das File: /work/eauten2s/ec_criteria_struct/lct/input/dataset_p4_prompt1_new/test/input/NCT03861182_inc.txt wurde erfolgreich geladen.
Die Daten wurden erfolgreich in '/work/eauten2s/ec_criteria_struct/lct/evaluate_struct/eval_p4/model_output/Qwen2-72B_2_Shot_short_files/output/Qwen2-72B_NCT03861182_inc_2_shot.txt' gespeichert.
File: NCT03861195_exc 

Das File: /work/eauten2s/ec_criteria_struct/lct/input/dataset_p4_prompt1_new/test/input/NCT03861195_exc.txt wurde erfolgreich geladen.
Die Daten wurden erfolgreich in '/work/eauten2s/ec_criteria_struct/lct/evaluate_struct/eval_p4/model_output/Qwen2-72B_2_Shot_short_files/output/Qwen2-72B_NCT03861195_exc_2_shot.txt' gespeichert.
File: NCT03861195_inc 

Das File: /work/eauten2s/ec_criteria_struct/lct/input/dataset_p4_prompt1_new/test/input/NCT03861195_inc.txt wurde erfolgreich geladen.
Die Daten wurden erfolgreich in '/work/eauten2s/ec_criteria_struct/lct/evaluate_struct/eval_p4/model_output/Qwen2-72B_2_Shot_short_files/output/Qwen2-72B_NCT03861195_inc_2_shot.txt' gespeichert.
File: NCT03861299_exc 

Das File: /work/eauten2s/ec_criteria_struct/lct/input/dataset_p4_prompt1_new/test/input/NCT03861299_exc.txt wurde erfolgreich geladen.
Die Daten wurden erfolgreich in '/work/eauten2s/ec_criteria_struct/lct/evaluate_struct/eval_p4/model_output/Qwen2-72B_2_Shot_short_files/output/Qwen2-72B_NCT03861299_exc_2_shot.txt' gespeichert.
File: NCT03861299_inc 

Das File: /work/eauten2s/ec_criteria_struct/lct/input/dataset_p4_prompt1_new/test/input/NCT03861299_inc.txt wurde erfolgreich geladen.
Die Daten wurden erfolgreich in '/work/eauten2s/ec_criteria_struct/lct/evaluate_struct/eval_p4/model_output/Qwen2-72B_2_Shot_short_files/output/Qwen2-72B_NCT03861299_inc_2_shot.txt' gespeichert.
File: NCT03861312_exc 

Das File: /work/eauten2s/ec_criteria_struct/lct/input/dataset_p4_prompt1_new/test/input/NCT03861312_exc.txt wurde erfolgreich geladen.
Die Daten wurden erfolgreich in '/work/eauten2s/ec_criteria_struct/lct/evaluate_struct/eval_p4/model_output/Qwen2-72B_2_Shot_short_files/output/Qwen2-72B_NCT03861312_exc_2_shot.txt' gespeichert.
File: NCT03861312_inc 

Das File: /work/eauten2s/ec_criteria_struct/lct/input/dataset_p4_prompt1_new/test/input/NCT03861312_inc.txt wurde erfolgreich geladen.
Die Daten wurden erfolgreich in '/work/eauten2s/ec_criteria_struct/lct/evaluate_struct/eval_p4/model_output/Qwen2-72B_2_Shot_short_files/output/Qwen2-72B_NCT03861312_inc_2_shot.txt' gespeichert.
File: NCT03861429_exc 

Das File: /work/eauten2s/ec_criteria_struct/lct/input/dataset_p4_prompt1_new/test/input/NCT03861429_exc.txt wurde erfolgreich geladen.
Die Daten wurden erfolgreich in '/work/eauten2s/ec_criteria_struct/lct/evaluate_struct/eval_p4/model_output/Qwen2-72B_2_Shot_short_files/output/Qwen2-72B_NCT03861429_exc_2_shot.txt' gespeichert.
File: NCT03861429_inc 

Das File: /work/eauten2s/ec_criteria_struct/lct/input/dataset_p4_prompt1_new/test/input/NCT03861429_inc.txt wurde erfolgreich geladen.
Die Daten wurden erfolgreich in '/work/eauten2s/ec_criteria_struct/lct/evaluate_struct/eval_p4/model_output/Qwen2-72B_2_Shot_short_files/output/Qwen2-72B_NCT03861429_inc_2_shot.txt' gespeichert.
File: NCT03861494_exc 

Das File: /work/eauten2s/ec_criteria_struct/lct/input/dataset_p4_prompt1_new/test/input/NCT03861494_exc.txt wurde erfolgreich geladen.
Die Daten wurden erfolgreich in '/work/eauten2s/ec_criteria_struct/lct/evaluate_struct/eval_p4/model_output/Qwen2-72B_2_Shot_short_files/output/Qwen2-72B_NCT03861494_exc_2_shot.txt' gespeichert.
File: NCT03861494_inc 

Das File: /work/eauten2s/ec_criteria_struct/lct/input/dataset_p4_prompt1_new/test/input/NCT03861494_inc.txt wurde erfolgreich geladen.
Die Daten wurden erfolgreich in '/work/eauten2s/ec_criteria_struct/lct/evaluate_struct/eval_p4/model_output/Qwen2-72B_2_Shot_short_files/output/Qwen2-72B_NCT03861494_inc_2_shot.txt' gespeichert.
File: NCT03861507_exc 

Das File: /work/eauten2s/ec_criteria_struct/lct/input/dataset_p4_prompt1_new/test/input/NCT03861507_exc.txt wurde erfolgreich geladen.
Die Daten wurden erfolgreich in '/work/eauten2s/ec_criteria_struct/lct/evaluate_struct/eval_p4/model_output/Qwen2-72B_2_Shot_short_files/output/Qwen2-72B_NCT03861507_exc_2_shot.txt' gespeichert.
File: NCT03861507_inc 

Das File: /work/eauten2s/ec_criteria_struct/lct/input/dataset_p4_prompt1_new/test/input/NCT03861507_inc.txt wurde erfolgreich geladen.
Die Daten wurden erfolgreich in '/work/eauten2s/ec_criteria_struct/lct/evaluate_struct/eval_p4/model_output/Qwen2-72B_2_Shot_short_files/output/Qwen2-72B_NCT03861507_inc_2_shot.txt' gespeichert.
File: NCT03861546_exc 

Das File: /work/eauten2s/ec_criteria_struct/lct/input/dataset_p4_prompt1_new/test/input/NCT03861546_exc.txt wurde erfolgreich geladen.
Die Daten wurden erfolgreich in '/work/eauten2s/ec_criteria_struct/lct/evaluate_struct/eval_p4/model_output/Qwen2-72B_2_Shot_short_files/output/Qwen2-72B_NCT03861546_exc_2_shot.txt' gespeichert.
File: NCT03861546_inc 

Das File: /work/eauten2s/ec_criteria_struct/lct/input/dataset_p4_prompt1_new/test/input/NCT03861546_inc.txt wurde erfolgreich geladen.
Die Daten wurden erfolgreich in '/work/eauten2s/ec_criteria_struct/lct/evaluate_struct/eval_p4/model_output/Qwen2-72B_2_Shot_short_files/output/Qwen2-72B_NCT03861546_inc_2_shot.txt' gespeichert.
File: NCT03861572_exc 

Das File: /work/eauten2s/ec_criteria_struct/lct/input/dataset_p4_prompt1_new/test/input/NCT03861572_exc.txt wurde erfolgreich geladen.
Die Daten wurden erfolgreich in '/work/eauten2s/ec_criteria_struct/lct/evaluate_struct/eval_p4/model_output/Qwen2-72B_2_Shot_short_files/output/Qwen2-72B_NCT03861572_exc_2_shot.txt' gespeichert.
File: NCT03861572_inc 

Das File: /work/eauten2s/ec_criteria_struct/lct/input/dataset_p4_prompt1_new/test/input/NCT03861572_inc.txt wurde erfolgreich geladen.
Die Daten wurden erfolgreich in '/work/eauten2s/ec_criteria_struct/lct/evaluate_struct/eval_p4/model_output/Qwen2-72B_2_Shot_short_files/output/Qwen2-72B_NCT03861572_inc_2_shot.txt' gespeichert.
File: NCT03861624_exc 

Das File: /work/eauten2s/ec_criteria_struct/lct/input/dataset_p4_prompt1_new/test/input/NCT03861624_exc.txt wurde erfolgreich geladen.
Die Daten wurden erfolgreich in '/work/eauten2s/ec_criteria_struct/lct/evaluate_struct/eval_p4/model_output/Qwen2-72B_2_Shot_short_files/output/Qwen2-72B_NCT03861624_exc_2_shot.txt' gespeichert.
File: NCT03861624_inc 

Das File: /work/eauten2s/ec_criteria_struct/lct/input/dataset_p4_prompt1_new/test/input/NCT03861624_inc.txt wurde erfolgreich geladen.
Die Daten wurden erfolgreich in '/work/eauten2s/ec_criteria_struct/lct/evaluate_struct/eval_p4/model_output/Qwen2-72B_2_Shot_short_files/output/Qwen2-72B_NCT03861624_inc_2_shot.txt' gespeichert.
File: NCT03861650_exc 

Das File: /work/eauten2s/ec_criteria_struct/lct/input/dataset_p4_prompt1_new/test/input/NCT03861650_exc.txt wurde erfolgreich geladen.
Die Daten wurden erfolgreich in '/work/eauten2s/ec_criteria_struct/lct/evaluate_struct/eval_p4/model_output/Qwen2-72B_2_Shot_short_files/output/Qwen2-72B_NCT03861650_exc_2_shot.txt' gespeichert.
File: NCT03861650_inc 

Das File: /work/eauten2s/ec_criteria_struct/lct/input/dataset_p4_prompt1_new/test/input/NCT03861650_inc.txt wurde erfolgreich geladen.
Die Daten wurden erfolgreich in '/work/eauten2s/ec_criteria_struct/lct/evaluate_struct/eval_p4/model_output/Qwen2-72B_2_Shot_short_files/output/Qwen2-72B_NCT03861650_inc_2_shot.txt' gespeichert.
File: NCT03861845_exc 

Das File: /work/eauten2s/ec_criteria_struct/lct/input/dataset_p4_prompt1_new/test/input/NCT03861845_exc.txt wurde erfolgreich geladen.
Die Daten wurden erfolgreich in '/work/eauten2s/ec_criteria_struct/lct/evaluate_struct/eval_p4/model_output/Qwen2-72B_2_Shot_short_files/output/Qwen2-72B_NCT03861845_exc_2_shot.txt' gespeichert.
File: NCT03861845_inc 

Das File: /work/eauten2s/ec_criteria_struct/lct/input/dataset_p4_prompt1_new/test/input/NCT03861845_inc.txt wurde erfolgreich geladen.
Die Daten wurden erfolgreich in '/work/eauten2s/ec_criteria_struct/lct/evaluate_struct/eval_p4/model_output/Qwen2-72B_2_Shot_short_files/output/Qwen2-72B_NCT03861845_inc_2_shot.txt' gespeichert.
File: NCT03861884_exc 

Das File: /work/eauten2s/ec_criteria_struct/lct/input/dataset_p4_prompt1_new/test/input/NCT03861884_exc.txt wurde erfolgreich geladen.
Die Daten wurden erfolgreich in '/work/eauten2s/ec_criteria_struct/lct/evaluate_struct/eval_p4/model_output/Qwen2-72B_2_Shot_short_files/output/Qwen2-72B_NCT03861884_exc_2_shot.txt' gespeichert.
File: NCT03861884_inc 

Das File: /work/eauten2s/ec_criteria_struct/lct/input/dataset_p4_prompt1_new/test/input/NCT03861884_inc.txt wurde erfolgreich geladen.
Die Daten wurden erfolgreich in '/work/eauten2s/ec_criteria_struct/lct/evaluate_struct/eval_p4/model_output/Qwen2-72B_2_Shot_short_files/output/Qwen2-72B_NCT03861884_inc_2_shot.txt' gespeichert.
File: NCT03862014_exc 

Das File: /work/eauten2s/ec_criteria_struct/lct/input/dataset_p4_prompt1_new/test/input/NCT03862014_exc.txt wurde erfolgreich geladen.
Die Daten wurden erfolgreich in '/work/eauten2s/ec_criteria_struct/lct/evaluate_struct/eval_p4/model_output/Qwen2-72B_2_Shot_short_files/output/Qwen2-72B_NCT03862014_exc_2_shot.txt' gespeichert.
File: NCT03862014_inc 

Das File: /work/eauten2s/ec_criteria_struct/lct/input/dataset_p4_prompt1_new/test/input/NCT03862014_inc.txt wurde erfolgreich geladen.
Die Daten wurden erfolgreich in '/work/eauten2s/ec_criteria_struct/lct/evaluate_struct/eval_p4/model_output/Qwen2-72B_2_Shot_short_files/output/Qwen2-72B_NCT03862014_inc_2_shot.txt' gespeichert.
File: NCT03862105_exc 

Das File: /work/eauten2s/ec_criteria_struct/lct/input/dataset_p4_prompt1_new/test/input/NCT03862105_exc.txt wurde erfolgreich geladen.
Die Daten wurden erfolgreich in '/work/eauten2s/ec_criteria_struct/lct/evaluate_struct/eval_p4/model_output/Qwen2-72B_2_Shot_short_files/output/Qwen2-72B_NCT03862105_exc_2_shot.txt' gespeichert.
File: NCT03862105_inc 

Das File: /work/eauten2s/ec_criteria_struct/lct/input/dataset_p4_prompt1_new/test/input/NCT03862105_inc.txt wurde erfolgreich geladen.
Die Daten wurden erfolgreich in '/work/eauten2s/ec_criteria_struct/lct/evaluate_struct/eval_p4/model_output/Qwen2-72B_2_Shot_short_files/output/Qwen2-72B_NCT03862105_inc_2_shot.txt' gespeichert.
File: NCT03862248_exc 

Das File: /work/eauten2s/ec_criteria_struct/lct/input/dataset_p4_prompt1_new/test/input/NCT03862248_exc.txt wurde erfolgreich geladen.
Die Daten wurden erfolgreich in '/work/eauten2s/ec_criteria_struct/lct/evaluate_struct/eval_p4/model_output/Qwen2-72B_2_Shot_short_files/output/Qwen2-72B_NCT03862248_exc_2_shot.txt' gespeichert.
File: NCT03862248_inc 

Das File: /work/eauten2s/ec_criteria_struct/lct/input/dataset_p4_prompt1_new/test/input/NCT03862248_inc.txt wurde erfolgreich geladen.
Die Daten wurden erfolgreich in '/work/eauten2s/ec_criteria_struct/lct/evaluate_struct/eval_p4/model_output/Qwen2-72B_2_Shot_short_files/output/Qwen2-72B_NCT03862248_inc_2_shot.txt' gespeichert.
File: NCT03862287_exc 

Das File: /work/eauten2s/ec_criteria_struct/lct/input/dataset_p4_prompt1_new/test/input/NCT03862287_exc.txt wurde erfolgreich geladen.
Die Daten wurden erfolgreich in '/work/eauten2s/ec_criteria_struct/lct/evaluate_struct/eval_p4/model_output/Qwen2-72B_2_Shot_short_files/output/Qwen2-72B_NCT03862287_exc_2_shot.txt' gespeichert.
File: NCT03862287_inc 

Das File: /work/eauten2s/ec_criteria_struct/lct/input/dataset_p4_prompt1_new/test/input/NCT03862287_inc.txt wurde erfolgreich geladen.
Die Daten wurden erfolgreich in '/work/eauten2s/ec_criteria_struct/lct/evaluate_struct/eval_p4/model_output/Qwen2-72B_2_Shot_short_files/output/Qwen2-72B_NCT03862287_inc_2_shot.txt' gespeichert.
File: NCT03862482_exc 

Das File: /work/eauten2s/ec_criteria_struct/lct/input/dataset_p4_prompt1_new/test/input/NCT03862482_exc.txt wurde erfolgreich geladen.
Die Daten wurden erfolgreich in '/work/eauten2s/ec_criteria_struct/lct/evaluate_struct/eval_p4/model_output/Qwen2-72B_2_Shot_short_files/output/Qwen2-72B_NCT03862482_exc_2_shot.txt' gespeichert.
File: NCT03862482_inc 

Das File: /work/eauten2s/ec_criteria_struct/lct/input/dataset_p4_prompt1_new/test/input/NCT03862482_inc.txt wurde erfolgreich geladen.
Die Daten wurden erfolgreich in '/work/eauten2s/ec_criteria_struct/lct/evaluate_struct/eval_p4/model_output/Qwen2-72B_2_Shot_short_files/output/Qwen2-72B_NCT03862482_inc_2_shot.txt' gespeichert.
File: NCT03862755_exc 

Das File: /work/eauten2s/ec_criteria_struct/lct/input/dataset_p4_prompt1_new/test/input/NCT03862755_exc.txt wurde erfolgreich geladen.
Die Daten wurden erfolgreich in '/work/eauten2s/ec_criteria_struct/lct/evaluate_struct/eval_p4/model_output/Qwen2-72B_2_Shot_short_files/output/Qwen2-72B_NCT03862755_exc_2_shot.txt' gespeichert.
File: NCT03862755_inc 

Das File: /work/eauten2s/ec_criteria_struct/lct/input/dataset_p4_prompt1_new/test/input/NCT03862755_inc.txt wurde erfolgreich geladen.
Die Daten wurden erfolgreich in '/work/eauten2s/ec_criteria_struct/lct/evaluate_struct/eval_p4/model_output/Qwen2-72B_2_Shot_short_files/output/Qwen2-72B_NCT03862755_inc_2_shot.txt' gespeichert.
File: NCT03862781_exc 

Das File: /work/eauten2s/ec_criteria_struct/lct/input/dataset_p4_prompt1_new/test/input/NCT03862781_exc.txt wurde erfolgreich geladen.
Die Daten wurden erfolgreich in '/work/eauten2s/ec_criteria_struct/lct/evaluate_struct/eval_p4/model_output/Qwen2-72B_2_Shot_short_files/output/Qwen2-72B_NCT03862781_exc_2_shot.txt' gespeichert.
File: NCT03862781_inc 

Das File: /work/eauten2s/ec_criteria_struct/lct/input/dataset_p4_prompt1_new/test/input/NCT03862781_inc.txt wurde erfolgreich geladen.
Die Daten wurden erfolgreich in '/work/eauten2s/ec_criteria_struct/lct/evaluate_struct/eval_p4/model_output/Qwen2-72B_2_Shot_short_files/output/Qwen2-72B_NCT03862781_inc_2_shot.txt' gespeichert.
File: NCT03862820_exc 

Das File: /work/eauten2s/ec_criteria_struct/lct/input/dataset_p4_prompt1_new/test/input/NCT03862820_exc.txt wurde erfolgreich geladen.
Die Daten wurden erfolgreich in '/work/eauten2s/ec_criteria_struct/lct/evaluate_struct/eval_p4/model_output/Qwen2-72B_2_Shot_short_files/output/Qwen2-72B_NCT03862820_exc_2_shot.txt' gespeichert.
File: NCT03862820_inc 

Das File: /work/eauten2s/ec_criteria_struct/lct/input/dataset_p4_prompt1_new/test/input/NCT03862820_inc.txt wurde erfolgreich geladen.
Die Daten wurden erfolgreich in '/work/eauten2s/ec_criteria_struct/lct/evaluate_struct/eval_p4/model_output/Qwen2-72B_2_Shot_short_files/output/Qwen2-72B_NCT03862820_inc_2_shot.txt' gespeichert.
File: NCT03863275_exc 

Das File: /work/eauten2s/ec_criteria_struct/lct/input/dataset_p4_prompt1_new/test/input/NCT03863275_exc.txt wurde erfolgreich geladen.
Die Daten wurden erfolgreich in '/work/eauten2s/ec_criteria_struct/lct/evaluate_struct/eval_p4/model_output/Qwen2-72B_2_Shot_short_files/output/Qwen2-72B_NCT03863275_exc_2_shot.txt' gespeichert.
File: NCT03863275_inc 

Das File: /work/eauten2s/ec_criteria_struct/lct/input/dataset_p4_prompt1_new/test/input/NCT03863275_inc.txt wurde erfolgreich geladen.
Die Daten wurden erfolgreich in '/work/eauten2s/ec_criteria_struct/lct/evaluate_struct/eval_p4/model_output/Qwen2-72B_2_Shot_short_files/output/Qwen2-72B_NCT03863275_inc_2_shot.txt' gespeichert.
File: NCT03863444_exc 

Das File: /work/eauten2s/ec_criteria_struct/lct/input/dataset_p4_prompt1_new/test/input/NCT03863444_exc.txt wurde erfolgreich geladen.
Die Daten wurden erfolgreich in '/work/eauten2s/ec_criteria_struct/lct/evaluate_struct/eval_p4/model_output/Qwen2-72B_2_Shot_short_files/output/Qwen2-72B_NCT03863444_exc_2_shot.txt' gespeichert.
File: NCT03863444_inc 

Das File: /work/eauten2s/ec_criteria_struct/lct/input/dataset_p4_prompt1_new/test/input/NCT03863444_inc.txt wurde erfolgreich geladen.
Die Daten wurden erfolgreich in '/work/eauten2s/ec_criteria_struct/lct/evaluate_struct/eval_p4/model_output/Qwen2-72B_2_Shot_short_files/output/Qwen2-72B_NCT03863444_inc_2_shot.txt' gespeichert.
File: NCT03863535_exc 

Das File: /work/eauten2s/ec_criteria_struct/lct/input/dataset_p4_prompt1_new/test/input/NCT03863535_exc.txt wurde erfolgreich geladen.
Die Daten wurden erfolgreich in '/work/eauten2s/ec_criteria_struct/lct/evaluate_struct/eval_p4/model_output/Qwen2-72B_2_Shot_short_files/output/Qwen2-72B_NCT03863535_exc_2_shot.txt' gespeichert.
File: NCT03863535_inc 

Das File: /work/eauten2s/ec_criteria_struct/lct/input/dataset_p4_prompt1_new/test/input/NCT03863535_inc.txt wurde erfolgreich geladen.
Die Daten wurden erfolgreich in '/work/eauten2s/ec_criteria_struct/lct/evaluate_struct/eval_p4/model_output/Qwen2-72B_2_Shot_short_files/output/Qwen2-72B_NCT03863535_inc_2_shot.txt' gespeichert.
File: NCT03863717_exc 

Das File: /work/eauten2s/ec_criteria_struct/lct/input/dataset_p4_prompt1_new/test/input/NCT03863717_exc.txt wurde erfolgreich geladen.
Die Daten wurden erfolgreich in '/work/eauten2s/ec_criteria_struct/lct/evaluate_struct/eval_p4/model_output/Qwen2-72B_2_Shot_short_files/output/Qwen2-72B_NCT03863717_exc_2_shot.txt' gespeichert.
File: NCT03863717_inc 

Das File: /work/eauten2s/ec_criteria_struct/lct/input/dataset_p4_prompt1_new/test/input/NCT03863717_inc.txt wurde erfolgreich geladen.
Die Daten wurden erfolgreich in '/work/eauten2s/ec_criteria_struct/lct/evaluate_struct/eval_p4/model_output/Qwen2-72B_2_Shot_short_files/output/Qwen2-72B_NCT03863717_inc_2_shot.txt' gespeichert.
File: NCT03863951_exc 

Das File: /work/eauten2s/ec_criteria_struct/lct/input/dataset_p4_prompt1_new/test/input/NCT03863951_exc.txt wurde erfolgreich geladen.
Die Daten wurden erfolgreich in '/work/eauten2s/ec_criteria_struct/lct/evaluate_struct/eval_p4/model_output/Qwen2-72B_2_Shot_short_files/output/Qwen2-72B_NCT03863951_exc_2_shot.txt' gespeichert.
File: NCT03863951_inc 

Das File: /work/eauten2s/ec_criteria_struct/lct/input/dataset_p4_prompt1_new/test/input/NCT03863951_inc.txt wurde erfolgreich geladen.
Die Daten wurden erfolgreich in '/work/eauten2s/ec_criteria_struct/lct/evaluate_struct/eval_p4/model_output/Qwen2-72B_2_Shot_short_files/output/Qwen2-72B_NCT03863951_inc_2_shot.txt' gespeichert.
File: NCT03863977_exc 

Das File: /work/eauten2s/ec_criteria_struct/lct/input/dataset_p4_prompt1_new/test/input/NCT03863977_exc.txt wurde erfolgreich geladen.
Die Daten wurden erfolgreich in '/work/eauten2s/ec_criteria_struct/lct/evaluate_struct/eval_p4/model_output/Qwen2-72B_2_Shot_short_files/output/Qwen2-72B_NCT03863977_exc_2_shot.txt' gespeichert.
File: NCT03863977_inc 

Das File: /work/eauten2s/ec_criteria_struct/lct/input/dataset_p4_prompt1_new/test/input/NCT03863977_inc.txt wurde erfolgreich geladen.
Die Daten wurden erfolgreich in '/work/eauten2s/ec_criteria_struct/lct/evaluate_struct/eval_p4/model_output/Qwen2-72B_2_Shot_short_files/output/Qwen2-72B_NCT03863977_inc_2_shot.txt' gespeichert.
File: NCT03864133_exc 

Das File: /work/eauten2s/ec_criteria_struct/lct/input/dataset_p4_prompt1_new/test/input/NCT03864133_exc.txt wurde erfolgreich geladen.
Die Daten wurden erfolgreich in '/work/eauten2s/ec_criteria_struct/lct/evaluate_struct/eval_p4/model_output/Qwen2-72B_2_Shot_short_files/output/Qwen2-72B_NCT03864133_exc_2_shot.txt' gespeichert.
File: NCT03864133_inc 

Das File: /work/eauten2s/ec_criteria_struct/lct/input/dataset_p4_prompt1_new/test/input/NCT03864133_inc.txt wurde erfolgreich geladen.
Die Daten wurden erfolgreich in '/work/eauten2s/ec_criteria_struct/lct/evaluate_struct/eval_p4/model_output/Qwen2-72B_2_Shot_short_files/output/Qwen2-72B_NCT03864133_inc_2_shot.txt' gespeichert.
File: NCT03864159_exc 

Das File: /work/eauten2s/ec_criteria_struct/lct/input/dataset_p4_prompt1_new/test/input/NCT03864159_exc.txt wurde erfolgreich geladen.
Die Daten wurden erfolgreich in '/work/eauten2s/ec_criteria_struct/lct/evaluate_struct/eval_p4/model_output/Qwen2-72B_2_Shot_short_files/output/Qwen2-72B_NCT03864159_exc_2_shot.txt' gespeichert.
File: NCT03864159_inc 

Das File: /work/eauten2s/ec_criteria_struct/lct/input/dataset_p4_prompt1_new/test/input/NCT03864159_inc.txt wurde erfolgreich geladen.
Die Daten wurden erfolgreich in '/work/eauten2s/ec_criteria_struct/lct/evaluate_struct/eval_p4/model_output/Qwen2-72B_2_Shot_short_files/output/Qwen2-72B_NCT03864159_inc_2_shot.txt' gespeichert.
File: NCT03864172_exc 

Das File: /work/eauten2s/ec_criteria_struct/lct/input/dataset_p4_prompt1_new/test/input/NCT03864172_exc.txt wurde erfolgreich geladen.
Die Daten wurden erfolgreich in '/work/eauten2s/ec_criteria_struct/lct/evaluate_struct/eval_p4/model_output/Qwen2-72B_2_Shot_short_files/output/Qwen2-72B_NCT03864172_exc_2_shot.txt' gespeichert.
File: NCT03864172_inc 

Das File ist leer.
Die Daten wurden erfolgreich in '/work/eauten2s/ec_criteria_struct/lct/evaluate_struct/eval_p4/model_output/Qwen2-72B_2_Shot_short_files/output/Qwen2-72B_NCT03864172_inc_2_shot.txt' gespeichert.
File: NCT03864263_exc 

Das File: /work/eauten2s/ec_criteria_struct/lct/input/dataset_p4_prompt1_new/test/input/NCT03864263_exc.txt wurde erfolgreich geladen.
Die Daten wurden erfolgreich in '/work/eauten2s/ec_criteria_struct/lct/evaluate_struct/eval_p4/model_output/Qwen2-72B_2_Shot_short_files/output/Qwen2-72B_NCT03864263_exc_2_shot.txt' gespeichert.
File: NCT03864263_inc 

Das File: /work/eauten2s/ec_criteria_struct/lct/input/dataset_p4_prompt1_new/test/input/NCT03864263_inc.txt wurde erfolgreich geladen.
Die Daten wurden erfolgreich in '/work/eauten2s/ec_criteria_struct/lct/evaluate_struct/eval_p4/model_output/Qwen2-72B_2_Shot_short_files/output/Qwen2-72B_NCT03864263_inc_2_shot.txt' gespeichert.
File: NCT03864289_exc 

Das File: /work/eauten2s/ec_criteria_struct/lct/input/dataset_p4_prompt1_new/test/input/NCT03864289_exc.txt wurde erfolgreich geladen.
Die Daten wurden erfolgreich in '/work/eauten2s/ec_criteria_struct/lct/evaluate_struct/eval_p4/model_output/Qwen2-72B_2_Shot_short_files/output/Qwen2-72B_NCT03864289_exc_2_shot.txt' gespeichert.
File: NCT03864289_inc 

Das File: /work/eauten2s/ec_criteria_struct/lct/input/dataset_p4_prompt1_new/test/input/NCT03864289_inc.txt wurde erfolgreich geladen.
Die Daten wurden erfolgreich in '/work/eauten2s/ec_criteria_struct/lct/evaluate_struct/eval_p4/model_output/Qwen2-72B_2_Shot_short_files/output/Qwen2-72B_NCT03864289_inc_2_shot.txt' gespeichert.
File: NCT03864341_exc 

Das File: /work/eauten2s/ec_criteria_struct/lct/input/dataset_p4_prompt1_new/test/input/NCT03864341_exc.txt wurde erfolgreich geladen.
Die Daten wurden erfolgreich in '/work/eauten2s/ec_criteria_struct/lct/evaluate_struct/eval_p4/model_output/Qwen2-72B_2_Shot_short_files/output/Qwen2-72B_NCT03864341_exc_2_shot.txt' gespeichert.
File: NCT03864341_inc 

Das File: /work/eauten2s/ec_criteria_struct/lct/input/dataset_p4_prompt1_new/test/input/NCT03864341_inc.txt wurde erfolgreich geladen.
Die Daten wurden erfolgreich in '/work/eauten2s/ec_criteria_struct/lct/evaluate_struct/eval_p4/model_output/Qwen2-72B_2_Shot_short_files/output/Qwen2-72B_NCT03864341_inc_2_shot.txt' gespeichert.
File: NCT03864380_exc 

Das File: /work/eauten2s/ec_criteria_struct/lct/input/dataset_p4_prompt1_new/test/input/NCT03864380_exc.txt wurde erfolgreich geladen.
Die Daten wurden erfolgreich in '/work/eauten2s/ec_criteria_struct/lct/evaluate_struct/eval_p4/model_output/Qwen2-72B_2_Shot_short_files/output/Qwen2-72B_NCT03864380_exc_2_shot.txt' gespeichert.
File: NCT03864380_inc 

Das File: /work/eauten2s/ec_criteria_struct/lct/input/dataset_p4_prompt1_new/test/input/NCT03864380_inc.txt wurde erfolgreich geladen.
Die Daten wurden erfolgreich in '/work/eauten2s/ec_criteria_struct/lct/evaluate_struct/eval_p4/model_output/Qwen2-72B_2_Shot_short_files/output/Qwen2-72B_NCT03864380_inc_2_shot.txt' gespeichert.
File: NCT03864705_exc 

Das File: /work/eauten2s/ec_criteria_struct/lct/input/dataset_p4_prompt1_new/test/input/NCT03864705_exc.txt wurde erfolgreich geladen.
Die Daten wurden erfolgreich in '/work/eauten2s/ec_criteria_struct/lct/evaluate_struct/eval_p4/model_output/Qwen2-72B_2_Shot_short_files/output/Qwen2-72B_NCT03864705_exc_2_shot.txt' gespeichert.
File: NCT03864705_inc 

Das File: /work/eauten2s/ec_criteria_struct/lct/input/dataset_p4_prompt1_new/test/input/NCT03864705_inc.txt wurde erfolgreich geladen.
Die Daten wurden erfolgreich in '/work/eauten2s/ec_criteria_struct/lct/evaluate_struct/eval_p4/model_output/Qwen2-72B_2_Shot_short_files/output/Qwen2-72B_NCT03864705_inc_2_shot.txt' gespeichert.
File: NCT03864731_exc 

Das File: /work/eauten2s/ec_criteria_struct/lct/input/dataset_p4_prompt1_new/test/input/NCT03864731_exc.txt wurde erfolgreich geladen.
Die Daten wurden erfolgreich in '/work/eauten2s/ec_criteria_struct/lct/evaluate_struct/eval_p4/model_output/Qwen2-72B_2_Shot_short_files/output/Qwen2-72B_NCT03864731_exc_2_shot.txt' gespeichert.
File: NCT03864731_inc 

Das File: /work/eauten2s/ec_criteria_struct/lct/input/dataset_p4_prompt1_new/test/input/NCT03864731_inc.txt wurde erfolgreich geladen.
Die Daten wurden erfolgreich in '/work/eauten2s/ec_criteria_struct/lct/evaluate_struct/eval_p4/model_output/Qwen2-72B_2_Shot_short_files/output/Qwen2-72B_NCT03864731_inc_2_shot.txt' gespeichert.
File: NCT03864835_exc 

Das File ist leer.
Die Daten wurden erfolgreich in '/work/eauten2s/ec_criteria_struct/lct/evaluate_struct/eval_p4/model_output/Qwen2-72B_2_Shot_short_files/output/Qwen2-72B_NCT03864835_exc_2_shot.txt' gespeichert.
File: NCT03864835_inc 

Das File ist leer.
Die Daten wurden erfolgreich in '/work/eauten2s/ec_criteria_struct/lct/evaluate_struct/eval_p4/model_output/Qwen2-72B_2_Shot_short_files/output/Qwen2-72B_NCT03864835_inc_2_shot.txt' gespeichert.
File: NCT03864887_exc 

Das File: /work/eauten2s/ec_criteria_struct/lct/input/dataset_p4_prompt1_new/test/input/NCT03864887_exc.txt wurde erfolgreich geladen.
Die Daten wurden erfolgreich in '/work/eauten2s/ec_criteria_struct/lct/evaluate_struct/eval_p4/model_output/Qwen2-72B_2_Shot_short_files/output/Qwen2-72B_NCT03864887_exc_2_shot.txt' gespeichert.
File: NCT03864887_inc 

Das File: /work/eauten2s/ec_criteria_struct/lct/input/dataset_p4_prompt1_new/test/input/NCT03864887_inc.txt wurde erfolgreich geladen.
Die Daten wurden erfolgreich in '/work/eauten2s/ec_criteria_struct/lct/evaluate_struct/eval_p4/model_output/Qwen2-72B_2_Shot_short_files/output/Qwen2-72B_NCT03864887_inc_2_shot.txt' gespeichert.
File: NCT03864913_exc 

Das File: /work/eauten2s/ec_criteria_struct/lct/input/dataset_p4_prompt1_new/test/input/NCT03864913_exc.txt wurde erfolgreich geladen.
Die Daten wurden erfolgreich in '/work/eauten2s/ec_criteria_struct/lct/evaluate_struct/eval_p4/model_output/Qwen2-72B_2_Shot_short_files/output/Qwen2-72B_NCT03864913_exc_2_shot.txt' gespeichert.
File: NCT03864913_inc 

Das File: /work/eauten2s/ec_criteria_struct/lct/input/dataset_p4_prompt1_new/test/input/NCT03864913_inc.txt wurde erfolgreich geladen.
Die Daten wurden erfolgreich in '/work/eauten2s/ec_criteria_struct/lct/evaluate_struct/eval_p4/model_output/Qwen2-72B_2_Shot_short_files/output/Qwen2-72B_NCT03864913_inc_2_shot.txt' gespeichert.
File: NCT03865043_exc 

Das File: /work/eauten2s/ec_criteria_struct/lct/input/dataset_p4_prompt1_new/test/input/NCT03865043_exc.txt wurde erfolgreich geladen.
Die Daten wurden erfolgreich in '/work/eauten2s/ec_criteria_struct/lct/evaluate_struct/eval_p4/model_output/Qwen2-72B_2_Shot_short_files/output/Qwen2-72B_NCT03865043_exc_2_shot.txt' gespeichert.
File: NCT03865043_inc 

Das File: /work/eauten2s/ec_criteria_struct/lct/input/dataset_p4_prompt1_new/test/input/NCT03865043_inc.txt wurde erfolgreich geladen.
Die Daten wurden erfolgreich in '/work/eauten2s/ec_criteria_struct/lct/evaluate_struct/eval_p4/model_output/Qwen2-72B_2_Shot_short_files/output/Qwen2-72B_NCT03865043_inc_2_shot.txt' gespeichert.
File: NCT03865108_exc 

Das File: /work/eauten2s/ec_criteria_struct/lct/input/dataset_p4_prompt1_new/test/input/NCT03865108_exc.txt wurde erfolgreich geladen.
Die Daten wurden erfolgreich in '/work/eauten2s/ec_criteria_struct/lct/evaluate_struct/eval_p4/model_output/Qwen2-72B_2_Shot_short_files/output/Qwen2-72B_NCT03865108_exc_2_shot.txt' gespeichert.
File: NCT03865108_inc 

Das File: /work/eauten2s/ec_criteria_struct/lct/input/dataset_p4_prompt1_new/test/input/NCT03865108_inc.txt wurde erfolgreich geladen.
Die Daten wurden erfolgreich in '/work/eauten2s/ec_criteria_struct/lct/evaluate_struct/eval_p4/model_output/Qwen2-72B_2_Shot_short_files/output/Qwen2-72B_NCT03865108_inc_2_shot.txt' gespeichert.
File: NCT03865121_exc 

Das File ist leer.
Die Daten wurden erfolgreich in '/work/eauten2s/ec_criteria_struct/lct/evaluate_struct/eval_p4/model_output/Qwen2-72B_2_Shot_short_files/output/Qwen2-72B_NCT03865121_exc_2_shot.txt' gespeichert.
File: NCT03865121_inc 

Das File: /work/eauten2s/ec_criteria_struct/lct/input/dataset_p4_prompt1_new/test/input/NCT03865121_inc.txt wurde erfolgreich geladen.
Die Daten wurden erfolgreich in '/work/eauten2s/ec_criteria_struct/lct/evaluate_struct/eval_p4/model_output/Qwen2-72B_2_Shot_short_files/output/Qwen2-72B_NCT03865121_inc_2_shot.txt' gespeichert.
File: NCT03865134_exc 

Das File: /work/eauten2s/ec_criteria_struct/lct/input/dataset_p4_prompt1_new/test/input/NCT03865134_exc.txt wurde erfolgreich geladen.
Die Daten wurden erfolgreich in '/work/eauten2s/ec_criteria_struct/lct/evaluate_struct/eval_p4/model_output/Qwen2-72B_2_Shot_short_files/output/Qwen2-72B_NCT03865134_exc_2_shot.txt' gespeichert.
File: NCT03865134_inc 

Das File: /work/eauten2s/ec_criteria_struct/lct/input/dataset_p4_prompt1_new/test/input/NCT03865134_inc.txt wurde erfolgreich geladen.
Die Daten wurden erfolgreich in '/work/eauten2s/ec_criteria_struct/lct/evaluate_struct/eval_p4/model_output/Qwen2-72B_2_Shot_short_files/output/Qwen2-72B_NCT03865134_inc_2_shot.txt' gespeichert.
File: NCT03865199_exc 

Das File: /work/eauten2s/ec_criteria_struct/lct/input/dataset_p4_prompt1_new/test/input/NCT03865199_exc.txt wurde erfolgreich geladen.
Die Daten wurden erfolgreich in '/work/eauten2s/ec_criteria_struct/lct/evaluate_struct/eval_p4/model_output/Qwen2-72B_2_Shot_short_files/output/Qwen2-72B_NCT03865199_exc_2_shot.txt' gespeichert.
File: NCT03865199_inc 

Das File: /work/eauten2s/ec_criteria_struct/lct/input/dataset_p4_prompt1_new/test/input/NCT03865199_inc.txt wurde erfolgreich geladen.
Die Daten wurden erfolgreich in '/work/eauten2s/ec_criteria_struct/lct/evaluate_struct/eval_p4/model_output/Qwen2-72B_2_Shot_short_files/output/Qwen2-72B_NCT03865199_inc_2_shot.txt' gespeichert.
File: NCT03865420_exc 

Das File: /work/eauten2s/ec_criteria_struct/lct/input/dataset_p4_prompt1_new/test/input/NCT03865420_exc.txt wurde erfolgreich geladen.
Die Daten wurden erfolgreich in '/work/eauten2s/ec_criteria_struct/lct/evaluate_struct/eval_p4/model_output/Qwen2-72B_2_Shot_short_files/output/Qwen2-72B_NCT03865420_exc_2_shot.txt' gespeichert.
File: NCT03865420_inc 

Das File: /work/eauten2s/ec_criteria_struct/lct/input/dataset_p4_prompt1_new/test/input/NCT03865420_inc.txt wurde erfolgreich geladen.
Die Daten wurden erfolgreich in '/work/eauten2s/ec_criteria_struct/lct/evaluate_struct/eval_p4/model_output/Qwen2-72B_2_Shot_short_files/output/Qwen2-72B_NCT03865420_inc_2_shot.txt' gespeichert.
File: NCT03865524_exc 

Das File: /work/eauten2s/ec_criteria_struct/lct/input/dataset_p4_prompt1_new/test/input/NCT03865524_exc.txt wurde erfolgreich geladen.
Die Daten wurden erfolgreich in '/work/eauten2s/ec_criteria_struct/lct/evaluate_struct/eval_p4/model_output/Qwen2-72B_2_Shot_short_files/output/Qwen2-72B_NCT03865524_exc_2_shot.txt' gespeichert.
File: NCT03865524_inc 

Das File: /work/eauten2s/ec_criteria_struct/lct/input/dataset_p4_prompt1_new/test/input/NCT03865524_inc.txt wurde erfolgreich geladen.
Die Daten wurden erfolgreich in '/work/eauten2s/ec_criteria_struct/lct/evaluate_struct/eval_p4/model_output/Qwen2-72B_2_Shot_short_files/output/Qwen2-72B_NCT03865524_inc_2_shot.txt' gespeichert.
File: NCT03865602_exc 

Das File: /work/eauten2s/ec_criteria_struct/lct/input/dataset_p4_prompt1_new/test/input/NCT03865602_exc.txt wurde erfolgreich geladen.
Die Daten wurden erfolgreich in '/work/eauten2s/ec_criteria_struct/lct/evaluate_struct/eval_p4/model_output/Qwen2-72B_2_Shot_short_files/output/Qwen2-72B_NCT03865602_exc_2_shot.txt' gespeichert.
File: NCT03865602_inc 

Das File: /work/eauten2s/ec_criteria_struct/lct/input/dataset_p4_prompt1_new/test/input/NCT03865602_inc.txt wurde erfolgreich geladen.
Die Daten wurden erfolgreich in '/work/eauten2s/ec_criteria_struct/lct/evaluate_struct/eval_p4/model_output/Qwen2-72B_2_Shot_short_files/output/Qwen2-72B_NCT03865602_inc_2_shot.txt' gespeichert.
File: NCT03865693_exc 

Das File: /work/eauten2s/ec_criteria_struct/lct/input/dataset_p4_prompt1_new/test/input/NCT03865693_exc.txt wurde erfolgreich geladen.
Die Daten wurden erfolgreich in '/work/eauten2s/ec_criteria_struct/lct/evaluate_struct/eval_p4/model_output/Qwen2-72B_2_Shot_short_files/output/Qwen2-72B_NCT03865693_exc_2_shot.txt' gespeichert.
File: NCT03865693_inc 

Das File: /work/eauten2s/ec_criteria_struct/lct/input/dataset_p4_prompt1_new/test/input/NCT03865693_inc.txt wurde erfolgreich geladen.
Die Daten wurden erfolgreich in '/work/eauten2s/ec_criteria_struct/lct/evaluate_struct/eval_p4/model_output/Qwen2-72B_2_Shot_short_files/output/Qwen2-72B_NCT03865693_inc_2_shot.txt' gespeichert.
File: NCT03865758_exc 

Das File: /work/eauten2s/ec_criteria_struct/lct/input/dataset_p4_prompt1_new/test/input/NCT03865758_exc.txt wurde erfolgreich geladen.
Die Daten wurden erfolgreich in '/work/eauten2s/ec_criteria_struct/lct/evaluate_struct/eval_p4/model_output/Qwen2-72B_2_Shot_short_files/output/Qwen2-72B_NCT03865758_exc_2_shot.txt' gespeichert.
File: NCT03865758_inc 

Das File: /work/eauten2s/ec_criteria_struct/lct/input/dataset_p4_prompt1_new/test/input/NCT03865758_inc.txt wurde erfolgreich geladen.
Die Daten wurden erfolgreich in '/work/eauten2s/ec_criteria_struct/lct/evaluate_struct/eval_p4/model_output/Qwen2-72B_2_Shot_short_files/output/Qwen2-72B_NCT03865758_inc_2_shot.txt' gespeichert.
File: NCT03865784_exc 

Das File: /work/eauten2s/ec_criteria_struct/lct/input/dataset_p4_prompt1_new/test/input/NCT03865784_exc.txt wurde erfolgreich geladen.
Die Daten wurden erfolgreich in '/work/eauten2s/ec_criteria_struct/lct/evaluate_struct/eval_p4/model_output/Qwen2-72B_2_Shot_short_files/output/Qwen2-72B_NCT03865784_exc_2_shot.txt' gespeichert.
File: NCT03865784_inc 

Das File: /work/eauten2s/ec_criteria_struct/lct/input/dataset_p4_prompt1_new/test/input/NCT03865784_inc.txt wurde erfolgreich geladen.
Die Daten wurden erfolgreich in '/work/eauten2s/ec_criteria_struct/lct/evaluate_struct/eval_p4/model_output/Qwen2-72B_2_Shot_short_files/output/Qwen2-72B_NCT03865784_inc_2_shot.txt' gespeichert.
File: NCT03865810_exc 

Das File: /work/eauten2s/ec_criteria_struct/lct/input/dataset_p4_prompt1_new/test/input/NCT03865810_exc.txt wurde erfolgreich geladen.
Die Daten wurden erfolgreich in '/work/eauten2s/ec_criteria_struct/lct/evaluate_struct/eval_p4/model_output/Qwen2-72B_2_Shot_short_files/output/Qwen2-72B_NCT03865810_exc_2_shot.txt' gespeichert.
File: NCT03865810_inc 

Das File: /work/eauten2s/ec_criteria_struct/lct/input/dataset_p4_prompt1_new/test/input/NCT03865810_inc.txt wurde erfolgreich geladen.
Die Daten wurden erfolgreich in '/work/eauten2s/ec_criteria_struct/lct/evaluate_struct/eval_p4/model_output/Qwen2-72B_2_Shot_short_files/output/Qwen2-72B_NCT03865810_inc_2_shot.txt' gespeichert.
File: NCT03865823_exc 

Das File: /work/eauten2s/ec_criteria_struct/lct/input/dataset_p4_prompt1_new/test/input/NCT03865823_exc.txt wurde erfolgreich geladen.
Die Daten wurden erfolgreich in '/work/eauten2s/ec_criteria_struct/lct/evaluate_struct/eval_p4/model_output/Qwen2-72B_2_Shot_short_files/output/Qwen2-72B_NCT03865823_exc_2_shot.txt' gespeichert.
File: NCT03865823_inc 

Das File: /work/eauten2s/ec_criteria_struct/lct/input/dataset_p4_prompt1_new/test/input/NCT03865823_inc.txt wurde erfolgreich geladen.
Die Daten wurden erfolgreich in '/work/eauten2s/ec_criteria_struct/lct/evaluate_struct/eval_p4/model_output/Qwen2-72B_2_Shot_short_files/output/Qwen2-72B_NCT03865823_inc_2_shot.txt' gespeichert.
File: NCT03865953_exc 

Das File: /work/eauten2s/ec_criteria_struct/lct/input/dataset_p4_prompt1_new/test/input/NCT03865953_exc.txt wurde erfolgreich geladen.
Die Daten wurden erfolgreich in '/work/eauten2s/ec_criteria_struct/lct/evaluate_struct/eval_p4/model_output/Qwen2-72B_2_Shot_short_files/output/Qwen2-72B_NCT03865953_exc_2_shot.txt' gespeichert.
File: NCT03865953_inc 

Das File: /work/eauten2s/ec_criteria_struct/lct/input/dataset_p4_prompt1_new/test/input/NCT03865953_inc.txt wurde erfolgreich geladen.
Die Daten wurden erfolgreich in '/work/eauten2s/ec_criteria_struct/lct/evaluate_struct/eval_p4/model_output/Qwen2-72B_2_Shot_short_files/output/Qwen2-72B_NCT03865953_inc_2_shot.txt' gespeichert.
File: NCT03866018_exc 

Das File: /work/eauten2s/ec_criteria_struct/lct/input/dataset_p4_prompt1_new/test/input/NCT03866018_exc.txt wurde erfolgreich geladen.
Die Daten wurden erfolgreich in '/work/eauten2s/ec_criteria_struct/lct/evaluate_struct/eval_p4/model_output/Qwen2-72B_2_Shot_short_files/output/Qwen2-72B_NCT03866018_exc_2_shot.txt' gespeichert.
File: NCT03866018_inc 

Das File: /work/eauten2s/ec_criteria_struct/lct/input/dataset_p4_prompt1_new/test/input/NCT03866018_inc.txt wurde erfolgreich geladen.
Die Daten wurden erfolgreich in '/work/eauten2s/ec_criteria_struct/lct/evaluate_struct/eval_p4/model_output/Qwen2-72B_2_Shot_short_files/output/Qwen2-72B_NCT03866018_inc_2_shot.txt' gespeichert.
File: NCT03866031_exc 

Das File: /work/eauten2s/ec_criteria_struct/lct/input/dataset_p4_prompt1_new/test/input/NCT03866031_exc.txt wurde erfolgreich geladen.
Die Daten wurden erfolgreich in '/work/eauten2s/ec_criteria_struct/lct/evaluate_struct/eval_p4/model_output/Qwen2-72B_2_Shot_short_files/output/Qwen2-72B_NCT03866031_exc_2_shot.txt' gespeichert.
File: NCT03866031_inc 

Das File: /work/eauten2s/ec_criteria_struct/lct/input/dataset_p4_prompt1_new/test/input/NCT03866031_inc.txt wurde erfolgreich geladen.
Die Daten wurden erfolgreich in '/work/eauten2s/ec_criteria_struct/lct/evaluate_struct/eval_p4/model_output/Qwen2-72B_2_Shot_short_files/output/Qwen2-72B_NCT03866031_inc_2_shot.txt' gespeichert.
File: NCT03866057_exc 

Das File: /work/eauten2s/ec_criteria_struct/lct/input/dataset_p4_prompt1_new/test/input/NCT03866057_exc.txt wurde erfolgreich geladen.
Die Daten wurden erfolgreich in '/work/eauten2s/ec_criteria_struct/lct/evaluate_struct/eval_p4/model_output/Qwen2-72B_2_Shot_short_files/output/Qwen2-72B_NCT03866057_exc_2_shot.txt' gespeichert.
File: NCT03866057_inc 

Das File: /work/eauten2s/ec_criteria_struct/lct/input/dataset_p4_prompt1_new/test/input/NCT03866057_inc.txt wurde erfolgreich geladen.
Die Daten wurden erfolgreich in '/work/eauten2s/ec_criteria_struct/lct/evaluate_struct/eval_p4/model_output/Qwen2-72B_2_Shot_short_files/output/Qwen2-72B_NCT03866057_inc_2_shot.txt' gespeichert.
File: NCT03866083_exc 

Das File: /work/eauten2s/ec_criteria_struct/lct/input/dataset_p4_prompt1_new/test/input/NCT03866083_exc.txt wurde erfolgreich geladen.
Die Daten wurden erfolgreich in '/work/eauten2s/ec_criteria_struct/lct/evaluate_struct/eval_p4/model_output/Qwen2-72B_2_Shot_short_files/output/Qwen2-72B_NCT03866083_exc_2_shot.txt' gespeichert.
File: NCT03866083_inc 

Das File: /work/eauten2s/ec_criteria_struct/lct/input/dataset_p4_prompt1_new/test/input/NCT03866083_inc.txt wurde erfolgreich geladen.
Die Daten wurden erfolgreich in '/work/eauten2s/ec_criteria_struct/lct/evaluate_struct/eval_p4/model_output/Qwen2-72B_2_Shot_short_files/output/Qwen2-72B_NCT03866083_inc_2_shot.txt' gespeichert.
File: NCT03866148_exc 

Das File: /work/eauten2s/ec_criteria_struct/lct/input/dataset_p4_prompt1_new/test/input/NCT03866148_exc.txt wurde erfolgreich geladen.
Die Daten wurden erfolgreich in '/work/eauten2s/ec_criteria_struct/lct/evaluate_struct/eval_p4/model_output/Qwen2-72B_2_Shot_short_files/output/Qwen2-72B_NCT03866148_exc_2_shot.txt' gespeichert.
File: NCT03866148_inc 

Das File: /work/eauten2s/ec_criteria_struct/lct/input/dataset_p4_prompt1_new/test/input/NCT03866148_inc.txt wurde erfolgreich geladen.
Die Daten wurden erfolgreich in '/work/eauten2s/ec_criteria_struct/lct/evaluate_struct/eval_p4/model_output/Qwen2-72B_2_Shot_short_files/output/Qwen2-72B_NCT03866148_inc_2_shot.txt' gespeichert.
File: NCT03866213_exc 

Das File: /work/eauten2s/ec_criteria_struct/lct/input/dataset_p4_prompt1_new/test/input/NCT03866213_exc.txt wurde erfolgreich geladen.
Die Daten wurden erfolgreich in '/work/eauten2s/ec_criteria_struct/lct/evaluate_struct/eval_p4/model_output/Qwen2-72B_2_Shot_short_files/output/Qwen2-72B_NCT03866213_exc_2_shot.txt' gespeichert.
File: NCT03866213_inc 

Das File: /work/eauten2s/ec_criteria_struct/lct/input/dataset_p4_prompt1_new/test/input/NCT03866213_inc.txt wurde erfolgreich geladen.
Die Daten wurden erfolgreich in '/work/eauten2s/ec_criteria_struct/lct/evaluate_struct/eval_p4/model_output/Qwen2-72B_2_Shot_short_files/output/Qwen2-72B_NCT03866213_inc_2_shot.txt' gespeichert.
File: NCT03866252_exc 

Das File: /work/eauten2s/ec_criteria_struct/lct/input/dataset_p4_prompt1_new/test/input/NCT03866252_exc.txt wurde erfolgreich geladen.
Die Daten wurden erfolgreich in '/work/eauten2s/ec_criteria_struct/lct/evaluate_struct/eval_p4/model_output/Qwen2-72B_2_Shot_short_files/output/Qwen2-72B_NCT03866252_exc_2_shot.txt' gespeichert.
File: NCT03866252_inc 

Das File: /work/eauten2s/ec_criteria_struct/lct/input/dataset_p4_prompt1_new/test/input/NCT03866252_inc.txt wurde erfolgreich geladen.
Die Daten wurden erfolgreich in '/work/eauten2s/ec_criteria_struct/lct/evaluate_struct/eval_p4/model_output/Qwen2-72B_2_Shot_short_files/output/Qwen2-72B_NCT03866252_inc_2_shot.txt' gespeichert.
File: NCT03866356_exc 

Das File: /work/eauten2s/ec_criteria_struct/lct/input/dataset_p4_prompt1_new/test/input/NCT03866356_exc.txt wurde erfolgreich geladen.
Die Daten wurden erfolgreich in '/work/eauten2s/ec_criteria_struct/lct/evaluate_struct/eval_p4/model_output/Qwen2-72B_2_Shot_short_files/output/Qwen2-72B_NCT03866356_exc_2_shot.txt' gespeichert.
File: NCT03866356_inc 

Das File: /work/eauten2s/ec_criteria_struct/lct/input/dataset_p4_prompt1_new/test/input/NCT03866356_inc.txt wurde erfolgreich geladen.
Die Daten wurden erfolgreich in '/work/eauten2s/ec_criteria_struct/lct/evaluate_struct/eval_p4/model_output/Qwen2-72B_2_Shot_short_files/output/Qwen2-72B_NCT03866356_inc_2_shot.txt' gespeichert.
File: NCT03866486_exc 

Das File: /work/eauten2s/ec_criteria_struct/lct/input/dataset_p4_prompt1_new/test/input/NCT03866486_exc.txt wurde erfolgreich geladen.
Die Daten wurden erfolgreich in '/work/eauten2s/ec_criteria_struct/lct/evaluate_struct/eval_p4/model_output/Qwen2-72B_2_Shot_short_files/output/Qwen2-72B_NCT03866486_exc_2_shot.txt' gespeichert.
File: NCT03866486_inc 

Das File: /work/eauten2s/ec_criteria_struct/lct/input/dataset_p4_prompt1_new/test/input/NCT03866486_inc.txt wurde erfolgreich geladen.
Die Daten wurden erfolgreich in '/work/eauten2s/ec_criteria_struct/lct/evaluate_struct/eval_p4/model_output/Qwen2-72B_2_Shot_short_files/output/Qwen2-72B_NCT03866486_inc_2_shot.txt' gespeichert.
File: NCT03866499_exc 

Das File: /work/eauten2s/ec_criteria_struct/lct/input/dataset_p4_prompt1_new/test/input/NCT03866499_exc.txt wurde erfolgreich geladen.
Die Daten wurden erfolgreich in '/work/eauten2s/ec_criteria_struct/lct/evaluate_struct/eval_p4/model_output/Qwen2-72B_2_Shot_short_files/output/Qwen2-72B_NCT03866499_exc_2_shot.txt' gespeichert.
File: NCT03866499_inc 

Das File: /work/eauten2s/ec_criteria_struct/lct/input/dataset_p4_prompt1_new/test/input/NCT03866499_inc.txt wurde erfolgreich geladen.
Die Daten wurden erfolgreich in '/work/eauten2s/ec_criteria_struct/lct/evaluate_struct/eval_p4/model_output/Qwen2-72B_2_Shot_short_files/output/Qwen2-72B_NCT03866499_inc_2_shot.txt' gespeichert.
File: NCT03866538_exc 

Das File ist leer.
Die Daten wurden erfolgreich in '/work/eauten2s/ec_criteria_struct/lct/evaluate_struct/eval_p4/model_output/Qwen2-72B_2_Shot_short_files/output/Qwen2-72B_NCT03866538_exc_2_shot.txt' gespeichert.
File: NCT03866538_inc 

Das File ist leer.
Die Daten wurden erfolgreich in '/work/eauten2s/ec_criteria_struct/lct/evaluate_struct/eval_p4/model_output/Qwen2-72B_2_Shot_short_files/output/Qwen2-72B_NCT03866538_inc_2_shot.txt' gespeichert.
File: NCT03866837_exc 

Das File: /work/eauten2s/ec_criteria_struct/lct/input/dataset_p4_prompt1_new/test/input/NCT03866837_exc.txt wurde erfolgreich geladen.
Die Daten wurden erfolgreich in '/work/eauten2s/ec_criteria_struct/lct/evaluate_struct/eval_p4/model_output/Qwen2-72B_2_Shot_short_files/output/Qwen2-72B_NCT03866837_exc_2_shot.txt' gespeichert.
File: NCT03866837_inc 

Das File: /work/eauten2s/ec_criteria_struct/lct/input/dataset_p4_prompt1_new/test/input/NCT03866837_inc.txt wurde erfolgreich geladen.
Die Daten wurden erfolgreich in '/work/eauten2s/ec_criteria_struct/lct/evaluate_struct/eval_p4/model_output/Qwen2-72B_2_Shot_short_files/output/Qwen2-72B_NCT03866837_inc_2_shot.txt' gespeichert.
File: NCT03866850_exc 

Das File: /work/eauten2s/ec_criteria_struct/lct/input/dataset_p4_prompt1_new/test/input/NCT03866850_exc.txt wurde erfolgreich geladen.
Die Daten wurden erfolgreich in '/work/eauten2s/ec_criteria_struct/lct/evaluate_struct/eval_p4/model_output/Qwen2-72B_2_Shot_short_files/output/Qwen2-72B_NCT03866850_exc_2_shot.txt' gespeichert.
File: NCT03866850_inc 

Das File: /work/eauten2s/ec_criteria_struct/lct/input/dataset_p4_prompt1_new/test/input/NCT03866850_inc.txt wurde erfolgreich geladen.
Die Daten wurden erfolgreich in '/work/eauten2s/ec_criteria_struct/lct/evaluate_struct/eval_p4/model_output/Qwen2-72B_2_Shot_short_files/output/Qwen2-72B_NCT03866850_inc_2_shot.txt' gespeichert.
File: NCT03866902_exc 

Das File ist leer.
Die Daten wurden erfolgreich in '/work/eauten2s/ec_criteria_struct/lct/evaluate_struct/eval_p4/model_output/Qwen2-72B_2_Shot_short_files/output/Qwen2-72B_NCT03866902_exc_2_shot.txt' gespeichert.
File: NCT03866902_inc 

Das File ist leer.
Die Daten wurden erfolgreich in '/work/eauten2s/ec_criteria_struct/lct/evaluate_struct/eval_p4/model_output/Qwen2-72B_2_Shot_short_files/output/Qwen2-72B_NCT03866902_inc_2_shot.txt' gespeichert.
File: NCT03866941_exc 

Das File: /work/eauten2s/ec_criteria_struct/lct/input/dataset_p4_prompt1_new/test/input/NCT03866941_exc.txt wurde erfolgreich geladen.
Die Daten wurden erfolgreich in '/work/eauten2s/ec_criteria_struct/lct/evaluate_struct/eval_p4/model_output/Qwen2-72B_2_Shot_short_files/output/Qwen2-72B_NCT03866941_exc_2_shot.txt' gespeichert.
File: NCT03866941_inc 

Das File: /work/eauten2s/ec_criteria_struct/lct/input/dataset_p4_prompt1_new/test/input/NCT03866941_inc.txt wurde erfolgreich geladen.
Die Daten wurden erfolgreich in '/work/eauten2s/ec_criteria_struct/lct/evaluate_struct/eval_p4/model_output/Qwen2-72B_2_Shot_short_files/output/Qwen2-72B_NCT03866941_inc_2_shot.txt' gespeichert.
File: NCT03867188_exc 

Das File: /work/eauten2s/ec_criteria_struct/lct/input/dataset_p4_prompt1_new/test/input/NCT03867188_exc.txt wurde erfolgreich geladen.
Die Daten wurden erfolgreich in '/work/eauten2s/ec_criteria_struct/lct/evaluate_struct/eval_p4/model_output/Qwen2-72B_2_Shot_short_files/output/Qwen2-72B_NCT03867188_exc_2_shot.txt' gespeichert.
File: NCT03867188_inc 

Das File: /work/eauten2s/ec_criteria_struct/lct/input/dataset_p4_prompt1_new/test/input/NCT03867188_inc.txt wurde erfolgreich geladen.
Die Daten wurden erfolgreich in '/work/eauten2s/ec_criteria_struct/lct/evaluate_struct/eval_p4/model_output/Qwen2-72B_2_Shot_short_files/output/Qwen2-72B_NCT03867188_inc_2_shot.txt' gespeichert.
File: NCT03867214_exc 

Das File: /work/eauten2s/ec_criteria_struct/lct/input/dataset_p4_prompt1_new/test/input/NCT03867214_exc.txt wurde erfolgreich geladen.
Die Daten wurden erfolgreich in '/work/eauten2s/ec_criteria_struct/lct/evaluate_struct/eval_p4/model_output/Qwen2-72B_2_Shot_short_files/output/Qwen2-72B_NCT03867214_exc_2_shot.txt' gespeichert.
File: NCT03867214_inc 

Das File: /work/eauten2s/ec_criteria_struct/lct/input/dataset_p4_prompt1_new/test/input/NCT03867214_inc.txt wurde erfolgreich geladen.
Die Daten wurden erfolgreich in '/work/eauten2s/ec_criteria_struct/lct/evaluate_struct/eval_p4/model_output/Qwen2-72B_2_Shot_short_files/output/Qwen2-72B_NCT03867214_inc_2_shot.txt' gespeichert.
File: NCT03867305_exc 

Das File: /work/eauten2s/ec_criteria_struct/lct/input/dataset_p4_prompt1_new/test/input/NCT03867305_exc.txt wurde erfolgreich geladen.
Die Daten wurden erfolgreich in '/work/eauten2s/ec_criteria_struct/lct/evaluate_struct/eval_p4/model_output/Qwen2-72B_2_Shot_short_files/output/Qwen2-72B_NCT03867305_exc_2_shot.txt' gespeichert.
File: NCT03867305_inc 

Das File: /work/eauten2s/ec_criteria_struct/lct/input/dataset_p4_prompt1_new/test/input/NCT03867305_inc.txt wurde erfolgreich geladen.
Die Daten wurden erfolgreich in '/work/eauten2s/ec_criteria_struct/lct/evaluate_struct/eval_p4/model_output/Qwen2-72B_2_Shot_short_files/output/Qwen2-72B_NCT03867305_inc_2_shot.txt' gespeichert.
File: NCT03867461_exc 

Das File ist leer.
Die Daten wurden erfolgreich in '/work/eauten2s/ec_criteria_struct/lct/evaluate_struct/eval_p4/model_output/Qwen2-72B_2_Shot_short_files/output/Qwen2-72B_NCT03867461_exc_2_shot.txt' gespeichert.
File: NCT03867461_inc 

Das File: /work/eauten2s/ec_criteria_struct/lct/input/dataset_p4_prompt1_new/test/input/NCT03867461_inc.txt wurde erfolgreich geladen.
Die Daten wurden erfolgreich in '/work/eauten2s/ec_criteria_struct/lct/evaluate_struct/eval_p4/model_output/Qwen2-72B_2_Shot_short_files/output/Qwen2-72B_NCT03867461_inc_2_shot.txt' gespeichert.
File: NCT03867526_exc 

Das File: /work/eauten2s/ec_criteria_struct/lct/input/dataset_p4_prompt1_new/test/input/NCT03867526_exc.txt wurde erfolgreich geladen.
Die Daten wurden erfolgreich in '/work/eauten2s/ec_criteria_struct/lct/evaluate_struct/eval_p4/model_output/Qwen2-72B_2_Shot_short_files/output/Qwen2-72B_NCT03867526_exc_2_shot.txt' gespeichert.
File: NCT03867526_inc 

Das File: /work/eauten2s/ec_criteria_struct/lct/input/dataset_p4_prompt1_new/test/input/NCT03867526_inc.txt wurde erfolgreich geladen.
Die Daten wurden erfolgreich in '/work/eauten2s/ec_criteria_struct/lct/evaluate_struct/eval_p4/model_output/Qwen2-72B_2_Shot_short_files/output/Qwen2-72B_NCT03867526_inc_2_shot.txt' gespeichert.
File: NCT03867539_exc 

Das File: /work/eauten2s/ec_criteria_struct/lct/input/dataset_p4_prompt1_new/test/input/NCT03867539_exc.txt wurde erfolgreich geladen.
Die Daten wurden erfolgreich in '/work/eauten2s/ec_criteria_struct/lct/evaluate_struct/eval_p4/model_output/Qwen2-72B_2_Shot_short_files/output/Qwen2-72B_NCT03867539_exc_2_shot.txt' gespeichert.
File: NCT03867539_inc 

Das File: /work/eauten2s/ec_criteria_struct/lct/input/dataset_p4_prompt1_new/test/input/NCT03867539_inc.txt wurde erfolgreich geladen.
Die Daten wurden erfolgreich in '/work/eauten2s/ec_criteria_struct/lct/evaluate_struct/eval_p4/model_output/Qwen2-72B_2_Shot_short_files/output/Qwen2-72B_NCT03867539_inc_2_shot.txt' gespeichert.
File: NCT03867643_exc 

Das File: /work/eauten2s/ec_criteria_struct/lct/input/dataset_p4_prompt1_new/test/input/NCT03867643_exc.txt wurde erfolgreich geladen.
Die Daten wurden erfolgreich in '/work/eauten2s/ec_criteria_struct/lct/evaluate_struct/eval_p4/model_output/Qwen2-72B_2_Shot_short_files/output/Qwen2-72B_NCT03867643_exc_2_shot.txt' gespeichert.
File: NCT03867643_inc 

Das File: /work/eauten2s/ec_criteria_struct/lct/input/dataset_p4_prompt1_new/test/input/NCT03867643_inc.txt wurde erfolgreich geladen.
Die Daten wurden erfolgreich in '/work/eauten2s/ec_criteria_struct/lct/evaluate_struct/eval_p4/model_output/Qwen2-72B_2_Shot_short_files/output/Qwen2-72B_NCT03867643_inc_2_shot.txt' gespeichert.
File: NCT03867734_exc 

Das File: /work/eauten2s/ec_criteria_struct/lct/input/dataset_p4_prompt1_new/test/input/NCT03867734_exc.txt wurde erfolgreich geladen.
Die Daten wurden erfolgreich in '/work/eauten2s/ec_criteria_struct/lct/evaluate_struct/eval_p4/model_output/Qwen2-72B_2_Shot_short_files/output/Qwen2-72B_NCT03867734_exc_2_shot.txt' gespeichert.
File: NCT03867734_inc 

Das File: /work/eauten2s/ec_criteria_struct/lct/input/dataset_p4_prompt1_new/test/input/NCT03867734_inc.txt wurde erfolgreich geladen.
Die Daten wurden erfolgreich in '/work/eauten2s/ec_criteria_struct/lct/evaluate_struct/eval_p4/model_output/Qwen2-72B_2_Shot_short_files/output/Qwen2-72B_NCT03867734_inc_2_shot.txt' gespeichert.
File: NCT03867929_exc 

Das File: /work/eauten2s/ec_criteria_struct/lct/input/dataset_p4_prompt1_new/test/input/NCT03867929_exc.txt wurde erfolgreich geladen.
Die Daten wurden erfolgreich in '/work/eauten2s/ec_criteria_struct/lct/evaluate_struct/eval_p4/model_output/Qwen2-72B_2_Shot_short_files/output/Qwen2-72B_NCT03867929_exc_2_shot.txt' gespeichert.
File: NCT03867929_inc 

Das File: /work/eauten2s/ec_criteria_struct/lct/input/dataset_p4_prompt1_new/test/input/NCT03867929_inc.txt wurde erfolgreich geladen.
Die Daten wurden erfolgreich in '/work/eauten2s/ec_criteria_struct/lct/evaluate_struct/eval_p4/model_output/Qwen2-72B_2_Shot_short_files/output/Qwen2-72B_NCT03867929_inc_2_shot.txt' gespeichert.
File: NCT03868189_exc 

Das File: /work/eauten2s/ec_criteria_struct/lct/input/dataset_p4_prompt1_new/test/input/NCT03868189_exc.txt wurde erfolgreich geladen.
Die Daten wurden erfolgreich in '/work/eauten2s/ec_criteria_struct/lct/evaluate_struct/eval_p4/model_output/Qwen2-72B_2_Shot_short_files/output/Qwen2-72B_NCT03868189_exc_2_shot.txt' gespeichert.
File: NCT03868189_inc 

Das File: /work/eauten2s/ec_criteria_struct/lct/input/dataset_p4_prompt1_new/test/input/NCT03868189_inc.txt wurde erfolgreich geladen.
Die Daten wurden erfolgreich in '/work/eauten2s/ec_criteria_struct/lct/evaluate_struct/eval_p4/model_output/Qwen2-72B_2_Shot_short_files/output/Qwen2-72B_NCT03868189_inc_2_shot.txt' gespeichert.
File: NCT03868254_exc 

Das File ist leer.
Die Daten wurden erfolgreich in '/work/eauten2s/ec_criteria_struct/lct/evaluate_struct/eval_p4/model_output/Qwen2-72B_2_Shot_short_files/output/Qwen2-72B_NCT03868254_exc_2_shot.txt' gespeichert.
File: NCT03868254_inc 

Das File: /work/eauten2s/ec_criteria_struct/lct/input/dataset_p4_prompt1_new/test/input/NCT03868254_inc.txt wurde erfolgreich geladen.
Die Daten wurden erfolgreich in '/work/eauten2s/ec_criteria_struct/lct/evaluate_struct/eval_p4/model_output/Qwen2-72B_2_Shot_short_files/output/Qwen2-72B_NCT03868254_inc_2_shot.txt' gespeichert.
File: NCT03868332_exc 

Das File: /work/eauten2s/ec_criteria_struct/lct/input/dataset_p4_prompt1_new/test/input/NCT03868332_exc.txt wurde erfolgreich geladen.
Die Daten wurden erfolgreich in '/work/eauten2s/ec_criteria_struct/lct/evaluate_struct/eval_p4/model_output/Qwen2-72B_2_Shot_short_files/output/Qwen2-72B_NCT03868332_exc_2_shot.txt' gespeichert.
File: NCT03868332_inc 

Das File: /work/eauten2s/ec_criteria_struct/lct/input/dataset_p4_prompt1_new/test/input/NCT03868332_inc.txt wurde erfolgreich geladen.
Die Daten wurden erfolgreich in '/work/eauten2s/ec_criteria_struct/lct/evaluate_struct/eval_p4/model_output/Qwen2-72B_2_Shot_short_files/output/Qwen2-72B_NCT03868332_inc_2_shot.txt' gespeichert.
File: NCT03868345_exc 

Das File: /work/eauten2s/ec_criteria_struct/lct/input/dataset_p4_prompt1_new/test/input/NCT03868345_exc.txt wurde erfolgreich geladen.
Die Daten wurden erfolgreich in '/work/eauten2s/ec_criteria_struct/lct/evaluate_struct/eval_p4/model_output/Qwen2-72B_2_Shot_short_files/output/Qwen2-72B_NCT03868345_exc_2_shot.txt' gespeichert.
File: NCT03868345_inc 

Das File: /work/eauten2s/ec_criteria_struct/lct/input/dataset_p4_prompt1_new/test/input/NCT03868345_inc.txt wurde erfolgreich geladen.
Die Daten wurden erfolgreich in '/work/eauten2s/ec_criteria_struct/lct/evaluate_struct/eval_p4/model_output/Qwen2-72B_2_Shot_short_files/output/Qwen2-72B_NCT03868345_inc_2_shot.txt' gespeichert.
File: NCT03868384_exc 

Das File: /work/eauten2s/ec_criteria_struct/lct/input/dataset_p4_prompt1_new/test/input/NCT03868384_exc.txt wurde erfolgreich geladen.
Die Daten wurden erfolgreich in '/work/eauten2s/ec_criteria_struct/lct/evaluate_struct/eval_p4/model_output/Qwen2-72B_2_Shot_short_files/output/Qwen2-72B_NCT03868384_exc_2_shot.txt' gespeichert.
File: NCT03868384_inc 

Das File: /work/eauten2s/ec_criteria_struct/lct/input/dataset_p4_prompt1_new/test/input/NCT03868384_inc.txt wurde erfolgreich geladen.
Die Daten wurden erfolgreich in '/work/eauten2s/ec_criteria_struct/lct/evaluate_struct/eval_p4/model_output/Qwen2-72B_2_Shot_short_files/output/Qwen2-72B_NCT03868384_inc_2_shot.txt' gespeichert.
File: NCT03868579_exc 

Das File: /work/eauten2s/ec_criteria_struct/lct/input/dataset_p4_prompt1_new/test/input/NCT03868579_exc.txt wurde erfolgreich geladen.
Die Daten wurden erfolgreich in '/work/eauten2s/ec_criteria_struct/lct/evaluate_struct/eval_p4/model_output/Qwen2-72B_2_Shot_short_files/output/Qwen2-72B_NCT03868579_exc_2_shot.txt' gespeichert.
File: NCT03868579_inc 

Das File: /work/eauten2s/ec_criteria_struct/lct/input/dataset_p4_prompt1_new/test/input/NCT03868579_inc.txt wurde erfolgreich geladen.
Die Daten wurden erfolgreich in '/work/eauten2s/ec_criteria_struct/lct/evaluate_struct/eval_p4/model_output/Qwen2-72B_2_Shot_short_files/output/Qwen2-72B_NCT03868579_inc_2_shot.txt' gespeichert.
File: NCT03868644_exc 

Das File: /work/eauten2s/ec_criteria_struct/lct/input/dataset_p4_prompt1_new/test/input/NCT03868644_exc.txt wurde erfolgreich geladen.
Die Daten wurden erfolgreich in '/work/eauten2s/ec_criteria_struct/lct/evaluate_struct/eval_p4/model_output/Qwen2-72B_2_Shot_short_files/output/Qwen2-72B_NCT03868644_exc_2_shot.txt' gespeichert.
File: NCT03868644_inc 

Das File: /work/eauten2s/ec_criteria_struct/lct/input/dataset_p4_prompt1_new/test/input/NCT03868644_inc.txt wurde erfolgreich geladen.
Die Daten wurden erfolgreich in '/work/eauten2s/ec_criteria_struct/lct/evaluate_struct/eval_p4/model_output/Qwen2-72B_2_Shot_short_files/output/Qwen2-72B_NCT03868644_inc_2_shot.txt' gespeichert.
File: NCT03868670_exc 

Das File: /work/eauten2s/ec_criteria_struct/lct/input/dataset_p4_prompt1_new/test/input/NCT03868670_exc.txt wurde erfolgreich geladen.
Die Daten wurden erfolgreich in '/work/eauten2s/ec_criteria_struct/lct/evaluate_struct/eval_p4/model_output/Qwen2-72B_2_Shot_short_files/output/Qwen2-72B_NCT03868670_exc_2_shot.txt' gespeichert.
File: NCT03868670_inc 

Das File: /work/eauten2s/ec_criteria_struct/lct/input/dataset_p4_prompt1_new/test/input/NCT03868670_inc.txt wurde erfolgreich geladen.
Die Daten wurden erfolgreich in '/work/eauten2s/ec_criteria_struct/lct/evaluate_struct/eval_p4/model_output/Qwen2-72B_2_Shot_short_files/output/Qwen2-72B_NCT03868670_inc_2_shot.txt' gespeichert.
File: NCT03868774_exc 

Das File: /work/eauten2s/ec_criteria_struct/lct/input/dataset_p4_prompt1_new/test/input/NCT03868774_exc.txt wurde erfolgreich geladen.
Die Daten wurden erfolgreich in '/work/eauten2s/ec_criteria_struct/lct/evaluate_struct/eval_p4/model_output/Qwen2-72B_2_Shot_short_files/output/Qwen2-72B_NCT03868774_exc_2_shot.txt' gespeichert.
File: NCT03868774_inc 

Das File: /work/eauten2s/ec_criteria_struct/lct/input/dataset_p4_prompt1_new/test/input/NCT03868774_inc.txt wurde erfolgreich geladen.
Die Daten wurden erfolgreich in '/work/eauten2s/ec_criteria_struct/lct/evaluate_struct/eval_p4/model_output/Qwen2-72B_2_Shot_short_files/output/Qwen2-72B_NCT03868774_inc_2_shot.txt' gespeichert.
File: NCT03868813_exc 

Das File: /work/eauten2s/ec_criteria_struct/lct/input/dataset_p4_prompt1_new/test/input/NCT03868813_exc.txt wurde erfolgreich geladen.
Die Daten wurden erfolgreich in '/work/eauten2s/ec_criteria_struct/lct/evaluate_struct/eval_p4/model_output/Qwen2-72B_2_Shot_short_files/output/Qwen2-72B_NCT03868813_exc_2_shot.txt' gespeichert.
File: NCT03868813_inc 

Das File: /work/eauten2s/ec_criteria_struct/lct/input/dataset_p4_prompt1_new/test/input/NCT03868813_inc.txt wurde erfolgreich geladen.
Die Daten wurden erfolgreich in '/work/eauten2s/ec_criteria_struct/lct/evaluate_struct/eval_p4/model_output/Qwen2-72B_2_Shot_short_files/output/Qwen2-72B_NCT03868813_inc_2_shot.txt' gespeichert.
File: NCT03868956_exc 

Das File: /work/eauten2s/ec_criteria_struct/lct/input/dataset_p4_prompt1_new/test/input/NCT03868956_exc.txt wurde erfolgreich geladen.
Die Daten wurden erfolgreich in '/work/eauten2s/ec_criteria_struct/lct/evaluate_struct/eval_p4/model_output/Qwen2-72B_2_Shot_short_files/output/Qwen2-72B_NCT03868956_exc_2_shot.txt' gespeichert.
File: NCT03868956_inc 

Das File: /work/eauten2s/ec_criteria_struct/lct/input/dataset_p4_prompt1_new/test/input/NCT03868956_inc.txt wurde erfolgreich geladen.
Die Daten wurden erfolgreich in '/work/eauten2s/ec_criteria_struct/lct/evaluate_struct/eval_p4/model_output/Qwen2-72B_2_Shot_short_files/output/Qwen2-72B_NCT03868956_inc_2_shot.txt' gespeichert.
File: NCT03868995_exc 

Das File: /work/eauten2s/ec_criteria_struct/lct/input/dataset_p4_prompt1_new/test/input/NCT03868995_exc.txt wurde erfolgreich geladen.
Die Daten wurden erfolgreich in '/work/eauten2s/ec_criteria_struct/lct/evaluate_struct/eval_p4/model_output/Qwen2-72B_2_Shot_short_files/output/Qwen2-72B_NCT03868995_exc_2_shot.txt' gespeichert.
File: NCT03868995_inc 

Das File: /work/eauten2s/ec_criteria_struct/lct/input/dataset_p4_prompt1_new/test/input/NCT03868995_inc.txt wurde erfolgreich geladen.
Die Daten wurden erfolgreich in '/work/eauten2s/ec_criteria_struct/lct/evaluate_struct/eval_p4/model_output/Qwen2-72B_2_Shot_short_files/output/Qwen2-72B_NCT03868995_inc_2_shot.txt' gespeichert.
File: NCT03869281_exc 

Das File ist leer.
Die Daten wurden erfolgreich in '/work/eauten2s/ec_criteria_struct/lct/evaluate_struct/eval_p4/model_output/Qwen2-72B_2_Shot_short_files/output/Qwen2-72B_NCT03869281_exc_2_shot.txt' gespeichert.
File: NCT03869281_inc 

Das File ist leer.
Die Daten wurden erfolgreich in '/work/eauten2s/ec_criteria_struct/lct/evaluate_struct/eval_p4/model_output/Qwen2-72B_2_Shot_short_files/output/Qwen2-72B_NCT03869281_inc_2_shot.txt' gespeichert.
File: NCT03869294_exc 

Das File: /work/eauten2s/ec_criteria_struct/lct/input/dataset_p4_prompt1_new/test/input/NCT03869294_exc.txt wurde erfolgreich geladen.
Die Daten wurden erfolgreich in '/work/eauten2s/ec_criteria_struct/lct/evaluate_struct/eval_p4/model_output/Qwen2-72B_2_Shot_short_files/output/Qwen2-72B_NCT03869294_exc_2_shot.txt' gespeichert.
File: NCT03869294_inc 

Das File: /work/eauten2s/ec_criteria_struct/lct/input/dataset_p4_prompt1_new/test/input/NCT03869294_inc.txt wurde erfolgreich geladen.
Die Daten wurden erfolgreich in '/work/eauten2s/ec_criteria_struct/lct/evaluate_struct/eval_p4/model_output/Qwen2-72B_2_Shot_short_files/output/Qwen2-72B_NCT03869294_inc_2_shot.txt' gespeichert.
File: NCT03869372_exc 

Das File: /work/eauten2s/ec_criteria_struct/lct/input/dataset_p4_prompt1_new/test/input/NCT03869372_exc.txt wurde erfolgreich geladen.
Die Daten wurden erfolgreich in '/work/eauten2s/ec_criteria_struct/lct/evaluate_struct/eval_p4/model_output/Qwen2-72B_2_Shot_short_files/output/Qwen2-72B_NCT03869372_exc_2_shot.txt' gespeichert.
File: NCT03869372_inc 

Das File: /work/eauten2s/ec_criteria_struct/lct/input/dataset_p4_prompt1_new/test/input/NCT03869372_inc.txt wurde erfolgreich geladen.
Die Daten wurden erfolgreich in '/work/eauten2s/ec_criteria_struct/lct/evaluate_struct/eval_p4/model_output/Qwen2-72B_2_Shot_short_files/output/Qwen2-72B_NCT03869372_inc_2_shot.txt' gespeichert.
File: NCT03869502_exc 

Das File: /work/eauten2s/ec_criteria_struct/lct/input/dataset_p4_prompt1_new/test/input/NCT03869502_exc.txt wurde erfolgreich geladen.
Die Daten wurden erfolgreich in '/work/eauten2s/ec_criteria_struct/lct/evaluate_struct/eval_p4/model_output/Qwen2-72B_2_Shot_short_files/output/Qwen2-72B_NCT03869502_exc_2_shot.txt' gespeichert.
File: NCT03869502_inc 

Das File: /work/eauten2s/ec_criteria_struct/lct/input/dataset_p4_prompt1_new/test/input/NCT03869502_inc.txt wurde erfolgreich geladen.
Die Daten wurden erfolgreich in '/work/eauten2s/ec_criteria_struct/lct/evaluate_struct/eval_p4/model_output/Qwen2-72B_2_Shot_short_files/output/Qwen2-72B_NCT03869502_inc_2_shot.txt' gespeichert.
File: NCT03869528_exc 

Das File: /work/eauten2s/ec_criteria_struct/lct/input/dataset_p4_prompt1_new/test/input/NCT03869528_exc.txt wurde erfolgreich geladen.
Die Daten wurden erfolgreich in '/work/eauten2s/ec_criteria_struct/lct/evaluate_struct/eval_p4/model_output/Qwen2-72B_2_Shot_short_files/output/Qwen2-72B_NCT03869528_exc_2_shot.txt' gespeichert.
File: NCT03869528_inc 

Das File: /work/eauten2s/ec_criteria_struct/lct/input/dataset_p4_prompt1_new/test/input/NCT03869528_inc.txt wurde erfolgreich geladen.
Die Daten wurden erfolgreich in '/work/eauten2s/ec_criteria_struct/lct/evaluate_struct/eval_p4/model_output/Qwen2-72B_2_Shot_short_files/output/Qwen2-72B_NCT03869528_inc_2_shot.txt' gespeichert.
File: NCT03869593_exc 

Das File: /work/eauten2s/ec_criteria_struct/lct/input/dataset_p4_prompt1_new/test/input/NCT03869593_exc.txt wurde erfolgreich geladen.
Die Daten wurden erfolgreich in '/work/eauten2s/ec_criteria_struct/lct/evaluate_struct/eval_p4/model_output/Qwen2-72B_2_Shot_short_files/output/Qwen2-72B_NCT03869593_exc_2_shot.txt' gespeichert.
File: NCT03869593_inc 

Das File: /work/eauten2s/ec_criteria_struct/lct/input/dataset_p4_prompt1_new/test/input/NCT03869593_inc.txt wurde erfolgreich geladen.
Die Daten wurden erfolgreich in '/work/eauten2s/ec_criteria_struct/lct/evaluate_struct/eval_p4/model_output/Qwen2-72B_2_Shot_short_files/output/Qwen2-72B_NCT03869593_inc_2_shot.txt' gespeichert.
File: NCT03869606_exc 

Das File: /work/eauten2s/ec_criteria_struct/lct/input/dataset_p4_prompt1_new/test/input/NCT03869606_exc.txt wurde erfolgreich geladen.
Die Daten wurden erfolgreich in '/work/eauten2s/ec_criteria_struct/lct/evaluate_struct/eval_p4/model_output/Qwen2-72B_2_Shot_short_files/output/Qwen2-72B_NCT03869606_exc_2_shot.txt' gespeichert.
File: NCT03869606_inc 

Das File: /work/eauten2s/ec_criteria_struct/lct/input/dataset_p4_prompt1_new/test/input/NCT03869606_inc.txt wurde erfolgreich geladen.
Die Daten wurden erfolgreich in '/work/eauten2s/ec_criteria_struct/lct/evaluate_struct/eval_p4/model_output/Qwen2-72B_2_Shot_short_files/output/Qwen2-72B_NCT03869606_inc_2_shot.txt' gespeichert.
File: NCT03869905_exc 

Das File: /work/eauten2s/ec_criteria_struct/lct/input/dataset_p4_prompt1_new/test/input/NCT03869905_exc.txt wurde erfolgreich geladen.
Die Daten wurden erfolgreich in '/work/eauten2s/ec_criteria_struct/lct/evaluate_struct/eval_p4/model_output/Qwen2-72B_2_Shot_short_files/output/Qwen2-72B_NCT03869905_exc_2_shot.txt' gespeichert.
File: NCT03869905_inc 

Das File: /work/eauten2s/ec_criteria_struct/lct/input/dataset_p4_prompt1_new/test/input/NCT03869905_inc.txt wurde erfolgreich geladen.
Die Daten wurden erfolgreich in '/work/eauten2s/ec_criteria_struct/lct/evaluate_struct/eval_p4/model_output/Qwen2-72B_2_Shot_short_files/output/Qwen2-72B_NCT03869905_inc_2_shot.txt' gespeichert.
File: NCT03869957_exc 

Das File: /work/eauten2s/ec_criteria_struct/lct/input/dataset_p4_prompt1_new/test/input/NCT03869957_exc.txt wurde erfolgreich geladen.
Die Daten wurden erfolgreich in '/work/eauten2s/ec_criteria_struct/lct/evaluate_struct/eval_p4/model_output/Qwen2-72B_2_Shot_short_files/output/Qwen2-72B_NCT03869957_exc_2_shot.txt' gespeichert.
File: NCT03869957_inc 

Das File: /work/eauten2s/ec_criteria_struct/lct/input/dataset_p4_prompt1_new/test/input/NCT03869957_inc.txt wurde erfolgreich geladen.
Die Daten wurden erfolgreich in '/work/eauten2s/ec_criteria_struct/lct/evaluate_struct/eval_p4/model_output/Qwen2-72B_2_Shot_short_files/output/Qwen2-72B_NCT03869957_inc_2_shot.txt' gespeichert.
File: NCT03920020_exc 

Das File: /work/eauten2s/ec_criteria_struct/lct/input/dataset_p4_prompt1_new/test/input/NCT03920020_exc.txt wurde erfolgreich geladen.
Die Daten wurden erfolgreich in '/work/eauten2s/ec_criteria_struct/lct/evaluate_struct/eval_p4/model_output/Qwen2-72B_2_Shot_short_files/output/Qwen2-72B_NCT03920020_exc_2_shot.txt' gespeichert.
File: NCT03920020_inc 

Das File: /work/eauten2s/ec_criteria_struct/lct/input/dataset_p4_prompt1_new/test/input/NCT03920020_inc.txt wurde erfolgreich geladen.
Die Daten wurden erfolgreich in '/work/eauten2s/ec_criteria_struct/lct/evaluate_struct/eval_p4/model_output/Qwen2-72B_2_Shot_short_files/output/Qwen2-72B_NCT03920020_inc_2_shot.txt' gespeichert.
File: NCT03920098_exc 

Das File: /work/eauten2s/ec_criteria_struct/lct/input/dataset_p4_prompt1_new/test/input/NCT03920098_exc.txt wurde erfolgreich geladen.
Die Daten wurden erfolgreich in '/work/eauten2s/ec_criteria_struct/lct/evaluate_struct/eval_p4/model_output/Qwen2-72B_2_Shot_short_files/output/Qwen2-72B_NCT03920098_exc_2_shot.txt' gespeichert.
File: NCT03920098_inc 

Das File: /work/eauten2s/ec_criteria_struct/lct/input/dataset_p4_prompt1_new/test/input/NCT03920098_inc.txt wurde erfolgreich geladen.
Die Daten wurden erfolgreich in '/work/eauten2s/ec_criteria_struct/lct/evaluate_struct/eval_p4/model_output/Qwen2-72B_2_Shot_short_files/output/Qwen2-72B_NCT03920098_inc_2_shot.txt' gespeichert.
File: NCT03920241_exc 

Das File: /work/eauten2s/ec_criteria_struct/lct/input/dataset_p4_prompt1_new/test/input/NCT03920241_exc.txt wurde erfolgreich geladen.
Die Daten wurden erfolgreich in '/work/eauten2s/ec_criteria_struct/lct/evaluate_struct/eval_p4/model_output/Qwen2-72B_2_Shot_short_files/output/Qwen2-72B_NCT03920241_exc_2_shot.txt' gespeichert.
File: NCT03920241_inc 

Das File: /work/eauten2s/ec_criteria_struct/lct/input/dataset_p4_prompt1_new/test/input/NCT03920241_inc.txt wurde erfolgreich geladen.
Die Daten wurden erfolgreich in '/work/eauten2s/ec_criteria_struct/lct/evaluate_struct/eval_p4/model_output/Qwen2-72B_2_Shot_short_files/output/Qwen2-72B_NCT03920241_inc_2_shot.txt' gespeichert.
File: NCT03920267_exc 

Das File: /work/eauten2s/ec_criteria_struct/lct/input/dataset_p4_prompt1_new/test/input/NCT03920267_exc.txt wurde erfolgreich geladen.
Die Daten wurden erfolgreich in '/work/eauten2s/ec_criteria_struct/lct/evaluate_struct/eval_p4/model_output/Qwen2-72B_2_Shot_short_files/output/Qwen2-72B_NCT03920267_exc_2_shot.txt' gespeichert.
File: NCT03920267_inc 

Das File: /work/eauten2s/ec_criteria_struct/lct/input/dataset_p4_prompt1_new/test/input/NCT03920267_inc.txt wurde erfolgreich geladen.
Die Daten wurden erfolgreich in '/work/eauten2s/ec_criteria_struct/lct/evaluate_struct/eval_p4/model_output/Qwen2-72B_2_Shot_short_files/output/Qwen2-72B_NCT03920267_inc_2_shot.txt' gespeichert.
File: NCT03920293_exc 

Das File: /work/eauten2s/ec_criteria_struct/lct/input/dataset_p4_prompt1_new/test/input/NCT03920293_exc.txt wurde erfolgreich geladen.
Die Daten wurden erfolgreich in '/work/eauten2s/ec_criteria_struct/lct/evaluate_struct/eval_p4/model_output/Qwen2-72B_2_Shot_short_files/output/Qwen2-72B_NCT03920293_exc_2_shot.txt' gespeichert.
File: NCT03920293_inc 

Das File: /work/eauten2s/ec_criteria_struct/lct/input/dataset_p4_prompt1_new/test/input/NCT03920293_inc.txt wurde erfolgreich geladen.
Die Daten wurden erfolgreich in '/work/eauten2s/ec_criteria_struct/lct/evaluate_struct/eval_p4/model_output/Qwen2-72B_2_Shot_short_files/output/Qwen2-72B_NCT03920293_inc_2_shot.txt' gespeichert.
File: NCT03920306_exc 

Das File: /work/eauten2s/ec_criteria_struct/lct/input/dataset_p4_prompt1_new/test/input/NCT03920306_exc.txt wurde erfolgreich geladen.
Die Daten wurden erfolgreich in '/work/eauten2s/ec_criteria_struct/lct/evaluate_struct/eval_p4/model_output/Qwen2-72B_2_Shot_short_files/output/Qwen2-72B_NCT03920306_exc_2_shot.txt' gespeichert.
File: NCT03920306_inc 

Das File: /work/eauten2s/ec_criteria_struct/lct/input/dataset_p4_prompt1_new/test/input/NCT03920306_inc.txt wurde erfolgreich geladen.
Die Daten wurden erfolgreich in '/work/eauten2s/ec_criteria_struct/lct/evaluate_struct/eval_p4/model_output/Qwen2-72B_2_Shot_short_files/output/Qwen2-72B_NCT03920306_inc_2_shot.txt' gespeichert.
File: NCT03920319_exc 

Das File: /work/eauten2s/ec_criteria_struct/lct/input/dataset_p4_prompt1_new/test/input/NCT03920319_exc.txt wurde erfolgreich geladen.
Die Daten wurden erfolgreich in '/work/eauten2s/ec_criteria_struct/lct/evaluate_struct/eval_p4/model_output/Qwen2-72B_2_Shot_short_files/output/Qwen2-72B_NCT03920319_exc_2_shot.txt' gespeichert.
File: NCT03920319_inc 

Das File: /work/eauten2s/ec_criteria_struct/lct/input/dataset_p4_prompt1_new/test/input/NCT03920319_inc.txt wurde erfolgreich geladen.
Die Daten wurden erfolgreich in '/work/eauten2s/ec_criteria_struct/lct/evaluate_struct/eval_p4/model_output/Qwen2-72B_2_Shot_short_files/output/Qwen2-72B_NCT03920319_inc_2_shot.txt' gespeichert.
File: NCT03920345_exc 

Das File: /work/eauten2s/ec_criteria_struct/lct/input/dataset_p4_prompt1_new/test/input/NCT03920345_exc.txt wurde erfolgreich geladen.
Die Daten wurden erfolgreich in '/work/eauten2s/ec_criteria_struct/lct/evaluate_struct/eval_p4/model_output/Qwen2-72B_2_Shot_short_files/output/Qwen2-72B_NCT03920345_exc_2_shot.txt' gespeichert.
File: NCT03920345_inc 

Das File: /work/eauten2s/ec_criteria_struct/lct/input/dataset_p4_prompt1_new/test/input/NCT03920345_inc.txt wurde erfolgreich geladen.
Die Daten wurden erfolgreich in '/work/eauten2s/ec_criteria_struct/lct/evaluate_struct/eval_p4/model_output/Qwen2-72B_2_Shot_short_files/output/Qwen2-72B_NCT03920345_inc_2_shot.txt' gespeichert.
File: NCT03920449_exc 

Das File: /work/eauten2s/ec_criteria_struct/lct/input/dataset_p4_prompt1_new/test/input/NCT03920449_exc.txt wurde erfolgreich geladen.
Die Daten wurden erfolgreich in '/work/eauten2s/ec_criteria_struct/lct/evaluate_struct/eval_p4/model_output/Qwen2-72B_2_Shot_short_files/output/Qwen2-72B_NCT03920449_exc_2_shot.txt' gespeichert.
File: NCT03920449_inc 

Das File: /work/eauten2s/ec_criteria_struct/lct/input/dataset_p4_prompt1_new/test/input/NCT03920449_inc.txt wurde erfolgreich geladen.
Die Daten wurden erfolgreich in '/work/eauten2s/ec_criteria_struct/lct/evaluate_struct/eval_p4/model_output/Qwen2-72B_2_Shot_short_files/output/Qwen2-72B_NCT03920449_inc_2_shot.txt' gespeichert.
File: NCT03920527_exc 

Das File: /work/eauten2s/ec_criteria_struct/lct/input/dataset_p4_prompt1_new/test/input/NCT03920527_exc.txt wurde erfolgreich geladen.
Die Daten wurden erfolgreich in '/work/eauten2s/ec_criteria_struct/lct/evaluate_struct/eval_p4/model_output/Qwen2-72B_2_Shot_short_files/output/Qwen2-72B_NCT03920527_exc_2_shot.txt' gespeichert.
File: NCT03920527_inc 

Das File: /work/eauten2s/ec_criteria_struct/lct/input/dataset_p4_prompt1_new/test/input/NCT03920527_inc.txt wurde erfolgreich geladen.
Die Daten wurden erfolgreich in '/work/eauten2s/ec_criteria_struct/lct/evaluate_struct/eval_p4/model_output/Qwen2-72B_2_Shot_short_files/output/Qwen2-72B_NCT03920527_inc_2_shot.txt' gespeichert.
File: NCT03920540_exc 

Das File: /work/eauten2s/ec_criteria_struct/lct/input/dataset_p4_prompt1_new/test/input/NCT03920540_exc.txt wurde erfolgreich geladen.
Die Daten wurden erfolgreich in '/work/eauten2s/ec_criteria_struct/lct/evaluate_struct/eval_p4/model_output/Qwen2-72B_2_Shot_short_files/output/Qwen2-72B_NCT03920540_exc_2_shot.txt' gespeichert.
File: NCT03920540_inc 

Das File: /work/eauten2s/ec_criteria_struct/lct/input/dataset_p4_prompt1_new/test/input/NCT03920540_inc.txt wurde erfolgreich geladen.
Die Daten wurden erfolgreich in '/work/eauten2s/ec_criteria_struct/lct/evaluate_struct/eval_p4/model_output/Qwen2-72B_2_Shot_short_files/output/Qwen2-72B_NCT03920540_inc_2_shot.txt' gespeichert.
File: NCT03920579_exc 

Das File: /work/eauten2s/ec_criteria_struct/lct/input/dataset_p4_prompt1_new/test/input/NCT03920579_exc.txt wurde erfolgreich geladen.
Die Daten wurden erfolgreich in '/work/eauten2s/ec_criteria_struct/lct/evaluate_struct/eval_p4/model_output/Qwen2-72B_2_Shot_short_files/output/Qwen2-72B_NCT03920579_exc_2_shot.txt' gespeichert.
File: NCT03920579_inc 

Das File: /work/eauten2s/ec_criteria_struct/lct/input/dataset_p4_prompt1_new/test/input/NCT03920579_inc.txt wurde erfolgreich geladen.
Die Daten wurden erfolgreich in '/work/eauten2s/ec_criteria_struct/lct/evaluate_struct/eval_p4/model_output/Qwen2-72B_2_Shot_short_files/output/Qwen2-72B_NCT03920579_inc_2_shot.txt' gespeichert.
File: NCT03920683_exc 

Das File: /work/eauten2s/ec_criteria_struct/lct/input/dataset_p4_prompt1_new/test/input/NCT03920683_exc.txt wurde erfolgreich geladen.
Die Daten wurden erfolgreich in '/work/eauten2s/ec_criteria_struct/lct/evaluate_struct/eval_p4/model_output/Qwen2-72B_2_Shot_short_files/output/Qwen2-72B_NCT03920683_exc_2_shot.txt' gespeichert.
File: NCT03920683_inc 

Das File: /work/eauten2s/ec_criteria_struct/lct/input/dataset_p4_prompt1_new/test/input/NCT03920683_inc.txt wurde erfolgreich geladen.
Die Daten wurden erfolgreich in '/work/eauten2s/ec_criteria_struct/lct/evaluate_struct/eval_p4/model_output/Qwen2-72B_2_Shot_short_files/output/Qwen2-72B_NCT03920683_inc_2_shot.txt' gespeichert.
File: NCT03920774_exc 

Das File: /work/eauten2s/ec_criteria_struct/lct/input/dataset_p4_prompt1_new/test/input/NCT03920774_exc.txt wurde erfolgreich geladen.
Die Daten wurden erfolgreich in '/work/eauten2s/ec_criteria_struct/lct/evaluate_struct/eval_p4/model_output/Qwen2-72B_2_Shot_short_files/output/Qwen2-72B_NCT03920774_exc_2_shot.txt' gespeichert.
File: NCT03920774_inc 

Das File: /work/eauten2s/ec_criteria_struct/lct/input/dataset_p4_prompt1_new/test/input/NCT03920774_inc.txt wurde erfolgreich geladen.
Die Daten wurden erfolgreich in '/work/eauten2s/ec_criteria_struct/lct/evaluate_struct/eval_p4/model_output/Qwen2-72B_2_Shot_short_files/output/Qwen2-72B_NCT03920774_inc_2_shot.txt' gespeichert.
File: NCT03920904_exc 

Das File: /work/eauten2s/ec_criteria_struct/lct/input/dataset_p4_prompt1_new/test/input/NCT03920904_exc.txt wurde erfolgreich geladen.
Die Daten wurden erfolgreich in '/work/eauten2s/ec_criteria_struct/lct/evaluate_struct/eval_p4/model_output/Qwen2-72B_2_Shot_short_files/output/Qwen2-72B_NCT03920904_exc_2_shot.txt' gespeichert.
File: NCT03920904_inc 

Das File: /work/eauten2s/ec_criteria_struct/lct/input/dataset_p4_prompt1_new/test/input/NCT03920904_inc.txt wurde erfolgreich geladen.
Die Daten wurden erfolgreich in '/work/eauten2s/ec_criteria_struct/lct/evaluate_struct/eval_p4/model_output/Qwen2-72B_2_Shot_short_files/output/Qwen2-72B_NCT03920904_inc_2_shot.txt' gespeichert.
File: NCT03920917_exc 

Das File: /work/eauten2s/ec_criteria_struct/lct/input/dataset_p4_prompt1_new/test/input/NCT03920917_exc.txt wurde erfolgreich geladen.
Die Daten wurden erfolgreich in '/work/eauten2s/ec_criteria_struct/lct/evaluate_struct/eval_p4/model_output/Qwen2-72B_2_Shot_short_files/output/Qwen2-72B_NCT03920917_exc_2_shot.txt' gespeichert.
File: NCT03920917_inc 

Das File: /work/eauten2s/ec_criteria_struct/lct/input/dataset_p4_prompt1_new/test/input/NCT03920917_inc.txt wurde erfolgreich geladen.
Die Daten wurden erfolgreich in '/work/eauten2s/ec_criteria_struct/lct/evaluate_struct/eval_p4/model_output/Qwen2-72B_2_Shot_short_files/output/Qwen2-72B_NCT03920917_inc_2_shot.txt' gespeichert.
File: NCT03921437_exc 

Das File ist leer.
Die Daten wurden erfolgreich in '/work/eauten2s/ec_criteria_struct/lct/evaluate_struct/eval_p4/model_output/Qwen2-72B_2_Shot_short_files/output/Qwen2-72B_NCT03921437_exc_2_shot.txt' gespeichert.
File: NCT03921437_inc 

Das File ist leer.
Die Daten wurden erfolgreich in '/work/eauten2s/ec_criteria_struct/lct/evaluate_struct/eval_p4/model_output/Qwen2-72B_2_Shot_short_files/output/Qwen2-72B_NCT03921437_inc_2_shot.txt' gespeichert.
File: NCT03921476_exc 

Das File: /work/eauten2s/ec_criteria_struct/lct/input/dataset_p4_prompt1_new/test/input/NCT03921476_exc.txt wurde erfolgreich geladen.
Die Daten wurden erfolgreich in '/work/eauten2s/ec_criteria_struct/lct/evaluate_struct/eval_p4/model_output/Qwen2-72B_2_Shot_short_files/output/Qwen2-72B_NCT03921476_exc_2_shot.txt' gespeichert.
File: NCT03921476_inc 

Das File: /work/eauten2s/ec_criteria_struct/lct/input/dataset_p4_prompt1_new/test/input/NCT03921476_inc.txt wurde erfolgreich geladen.
Die Daten wurden erfolgreich in '/work/eauten2s/ec_criteria_struct/lct/evaluate_struct/eval_p4/model_output/Qwen2-72B_2_Shot_short_files/output/Qwen2-72B_NCT03921476_inc_2_shot.txt' gespeichert.
File: NCT03921762_exc 

Das File: /work/eauten2s/ec_criteria_struct/lct/input/dataset_p4_prompt1_new/test/input/NCT03921762_exc.txt wurde erfolgreich geladen.
Die Daten wurden erfolgreich in '/work/eauten2s/ec_criteria_struct/lct/evaluate_struct/eval_p4/model_output/Qwen2-72B_2_Shot_short_files/output/Qwen2-72B_NCT03921762_exc_2_shot.txt' gespeichert.
File: NCT03921762_inc 

Das File: /work/eauten2s/ec_criteria_struct/lct/input/dataset_p4_prompt1_new/test/input/NCT03921762_inc.txt wurde erfolgreich geladen.
Die Daten wurden erfolgreich in '/work/eauten2s/ec_criteria_struct/lct/evaluate_struct/eval_p4/model_output/Qwen2-72B_2_Shot_short_files/output/Qwen2-72B_NCT03921762_inc_2_shot.txt' gespeichert.
File: NCT03921775_exc 

Das File: /work/eauten2s/ec_criteria_struct/lct/input/dataset_p4_prompt1_new/test/input/NCT03921775_exc.txt wurde erfolgreich geladen.
Die Daten wurden erfolgreich in '/work/eauten2s/ec_criteria_struct/lct/evaluate_struct/eval_p4/model_output/Qwen2-72B_2_Shot_short_files/output/Qwen2-72B_NCT03921775_exc_2_shot.txt' gespeichert.
File: NCT03921775_inc 

Das File ist leer.
Die Daten wurden erfolgreich in '/work/eauten2s/ec_criteria_struct/lct/evaluate_struct/eval_p4/model_output/Qwen2-72B_2_Shot_short_files/output/Qwen2-72B_NCT03921775_inc_2_shot.txt' gespeichert.
File: NCT03921827_exc 

Das File: /work/eauten2s/ec_criteria_struct/lct/input/dataset_p4_prompt1_new/test/input/NCT03921827_exc.txt wurde erfolgreich geladen.
Die Daten wurden erfolgreich in '/work/eauten2s/ec_criteria_struct/lct/evaluate_struct/eval_p4/model_output/Qwen2-72B_2_Shot_short_files/output/Qwen2-72B_NCT03921827_exc_2_shot.txt' gespeichert.
File: NCT03921827_inc 

Das File: /work/eauten2s/ec_criteria_struct/lct/input/dataset_p4_prompt1_new/test/input/NCT03921827_inc.txt wurde erfolgreich geladen.
Die Daten wurden erfolgreich in '/work/eauten2s/ec_criteria_struct/lct/evaluate_struct/eval_p4/model_output/Qwen2-72B_2_Shot_short_files/output/Qwen2-72B_NCT03921827_inc_2_shot.txt' gespeichert.
File: NCT03921853_exc 

Das File: /work/eauten2s/ec_criteria_struct/lct/input/dataset_p4_prompt1_new/test/input/NCT03921853_exc.txt wurde erfolgreich geladen.
Die Daten wurden erfolgreich in '/work/eauten2s/ec_criteria_struct/lct/evaluate_struct/eval_p4/model_output/Qwen2-72B_2_Shot_short_files/output/Qwen2-72B_NCT03921853_exc_2_shot.txt' gespeichert.
File: NCT03921853_inc 

Das File: /work/eauten2s/ec_criteria_struct/lct/input/dataset_p4_prompt1_new/test/input/NCT03921853_inc.txt wurde erfolgreich geladen.
Die Daten wurden erfolgreich in '/work/eauten2s/ec_criteria_struct/lct/evaluate_struct/eval_p4/model_output/Qwen2-72B_2_Shot_short_files/output/Qwen2-72B_NCT03921853_inc_2_shot.txt' gespeichert.
File: NCT03921892_exc 

Das File: /work/eauten2s/ec_criteria_struct/lct/input/dataset_p4_prompt1_new/test/input/NCT03921892_exc.txt wurde erfolgreich geladen.
Die Daten wurden erfolgreich in '/work/eauten2s/ec_criteria_struct/lct/evaluate_struct/eval_p4/model_output/Qwen2-72B_2_Shot_short_files/output/Qwen2-72B_NCT03921892_exc_2_shot.txt' gespeichert.
File: NCT03921892_inc 

Das File: /work/eauten2s/ec_criteria_struct/lct/input/dataset_p4_prompt1_new/test/input/NCT03921892_inc.txt wurde erfolgreich geladen.
Die Daten wurden erfolgreich in '/work/eauten2s/ec_criteria_struct/lct/evaluate_struct/eval_p4/model_output/Qwen2-72B_2_Shot_short_files/output/Qwen2-72B_NCT03921892_inc_2_shot.txt' gespeichert.
File: NCT03921970_exc 

Das File: /work/eauten2s/ec_criteria_struct/lct/input/dataset_p4_prompt1_new/test/input/NCT03921970_exc.txt wurde erfolgreich geladen.
Die Daten wurden erfolgreich in '/work/eauten2s/ec_criteria_struct/lct/evaluate_struct/eval_p4/model_output/Qwen2-72B_2_Shot_short_files/output/Qwen2-72B_NCT03921970_exc_2_shot.txt' gespeichert.
File: NCT03921970_inc 

Das File: /work/eauten2s/ec_criteria_struct/lct/input/dataset_p4_prompt1_new/test/input/NCT03921970_inc.txt wurde erfolgreich geladen.
Die Daten wurden erfolgreich in '/work/eauten2s/ec_criteria_struct/lct/evaluate_struct/eval_p4/model_output/Qwen2-72B_2_Shot_short_files/output/Qwen2-72B_NCT03921970_inc_2_shot.txt' gespeichert.
File: NCT03921983_exc 

Das File: /work/eauten2s/ec_criteria_struct/lct/input/dataset_p4_prompt1_new/test/input/NCT03921983_exc.txt wurde erfolgreich geladen.
Die Daten wurden erfolgreich in '/work/eauten2s/ec_criteria_struct/lct/evaluate_struct/eval_p4/model_output/Qwen2-72B_2_Shot_short_files/output/Qwen2-72B_NCT03921983_exc_2_shot.txt' gespeichert.
File: NCT03921983_inc 

Das File: /work/eauten2s/ec_criteria_struct/lct/input/dataset_p4_prompt1_new/test/input/NCT03921983_inc.txt wurde erfolgreich geladen.
Die Daten wurden erfolgreich in '/work/eauten2s/ec_criteria_struct/lct/evaluate_struct/eval_p4/model_output/Qwen2-72B_2_Shot_short_files/output/Qwen2-72B_NCT03921983_inc_2_shot.txt' gespeichert.
File: NCT03922152_exc 

Das File: /work/eauten2s/ec_criteria_struct/lct/input/dataset_p4_prompt1_new/test/input/NCT03922152_exc.txt wurde erfolgreich geladen.
Die Daten wurden erfolgreich in '/work/eauten2s/ec_criteria_struct/lct/evaluate_struct/eval_p4/model_output/Qwen2-72B_2_Shot_short_files/output/Qwen2-72B_NCT03922152_exc_2_shot.txt' gespeichert.
File: NCT03922152_inc 

Das File: /work/eauten2s/ec_criteria_struct/lct/input/dataset_p4_prompt1_new/test/input/NCT03922152_inc.txt wurde erfolgreich geladen.
Die Daten wurden erfolgreich in '/work/eauten2s/ec_criteria_struct/lct/evaluate_struct/eval_p4/model_output/Qwen2-72B_2_Shot_short_files/output/Qwen2-72B_NCT03922152_inc_2_shot.txt' gespeichert.
File: NCT03922282_exc 

Das File: /work/eauten2s/ec_criteria_struct/lct/input/dataset_p4_prompt1_new/test/input/NCT03922282_exc.txt wurde erfolgreich geladen.
Die Daten wurden erfolgreich in '/work/eauten2s/ec_criteria_struct/lct/evaluate_struct/eval_p4/model_output/Qwen2-72B_2_Shot_short_files/output/Qwen2-72B_NCT03922282_exc_2_shot.txt' gespeichert.
File: NCT03922282_inc 

Das File: /work/eauten2s/ec_criteria_struct/lct/input/dataset_p4_prompt1_new/test/input/NCT03922282_inc.txt wurde erfolgreich geladen.
Die Daten wurden erfolgreich in '/work/eauten2s/ec_criteria_struct/lct/evaluate_struct/eval_p4/model_output/Qwen2-72B_2_Shot_short_files/output/Qwen2-72B_NCT03922282_inc_2_shot.txt' gespeichert.
File: NCT03922334_exc 

Das File: /work/eauten2s/ec_criteria_struct/lct/input/dataset_p4_prompt1_new/test/input/NCT03922334_exc.txt wurde erfolgreich geladen.
Die Daten wurden erfolgreich in '/work/eauten2s/ec_criteria_struct/lct/evaluate_struct/eval_p4/model_output/Qwen2-72B_2_Shot_short_files/output/Qwen2-72B_NCT03922334_exc_2_shot.txt' gespeichert.
File: NCT03922334_inc 

Das File: /work/eauten2s/ec_criteria_struct/lct/input/dataset_p4_prompt1_new/test/input/NCT03922334_inc.txt wurde erfolgreich geladen.
Die Daten wurden erfolgreich in '/work/eauten2s/ec_criteria_struct/lct/evaluate_struct/eval_p4/model_output/Qwen2-72B_2_Shot_short_files/output/Qwen2-72B_NCT03922334_inc_2_shot.txt' gespeichert.
File: NCT03922438_exc 

Das File: /work/eauten2s/ec_criteria_struct/lct/input/dataset_p4_prompt1_new/test/input/NCT03922438_exc.txt wurde erfolgreich geladen.
Die Daten wurden erfolgreich in '/work/eauten2s/ec_criteria_struct/lct/evaluate_struct/eval_p4/model_output/Qwen2-72B_2_Shot_short_files/output/Qwen2-72B_NCT03922438_exc_2_shot.txt' gespeichert.
File: NCT03922438_inc 

Das File: /work/eauten2s/ec_criteria_struct/lct/input/dataset_p4_prompt1_new/test/input/NCT03922438_inc.txt wurde erfolgreich geladen.
Die Daten wurden erfolgreich in '/work/eauten2s/ec_criteria_struct/lct/evaluate_struct/eval_p4/model_output/Qwen2-72B_2_Shot_short_files/output/Qwen2-72B_NCT03922438_inc_2_shot.txt' gespeichert.
File: NCT03922516_exc 

Das File: /work/eauten2s/ec_criteria_struct/lct/input/dataset_p4_prompt1_new/test/input/NCT03922516_exc.txt wurde erfolgreich geladen.
Die Daten wurden erfolgreich in '/work/eauten2s/ec_criteria_struct/lct/evaluate_struct/eval_p4/model_output/Qwen2-72B_2_Shot_short_files/output/Qwen2-72B_NCT03922516_exc_2_shot.txt' gespeichert.
File: NCT03922516_inc 

Das File: /work/eauten2s/ec_criteria_struct/lct/input/dataset_p4_prompt1_new/test/input/NCT03922516_inc.txt wurde erfolgreich geladen.
Die Daten wurden erfolgreich in '/work/eauten2s/ec_criteria_struct/lct/evaluate_struct/eval_p4/model_output/Qwen2-72B_2_Shot_short_files/output/Qwen2-72B_NCT03922516_inc_2_shot.txt' gespeichert.
File: NCT03922542_exc 

Das File: /work/eauten2s/ec_criteria_struct/lct/input/dataset_p4_prompt1_new/test/input/NCT03922542_exc.txt wurde erfolgreich geladen.
Die Daten wurden erfolgreich in '/work/eauten2s/ec_criteria_struct/lct/evaluate_struct/eval_p4/model_output/Qwen2-72B_2_Shot_short_files/output/Qwen2-72B_NCT03922542_exc_2_shot.txt' gespeichert.
File: NCT03922542_inc 

Das File: /work/eauten2s/ec_criteria_struct/lct/input/dataset_p4_prompt1_new/test/input/NCT03922542_inc.txt wurde erfolgreich geladen.
Die Daten wurden erfolgreich in '/work/eauten2s/ec_criteria_struct/lct/evaluate_struct/eval_p4/model_output/Qwen2-72B_2_Shot_short_files/output/Qwen2-72B_NCT03922542_inc_2_shot.txt' gespeichert.
File: NCT03922958_exc 

Das File: /work/eauten2s/ec_criteria_struct/lct/input/dataset_p4_prompt1_new/test/input/NCT03922958_exc.txt wurde erfolgreich geladen.
Die Daten wurden erfolgreich in '/work/eauten2s/ec_criteria_struct/lct/evaluate_struct/eval_p4/model_output/Qwen2-72B_2_Shot_short_files/output/Qwen2-72B_NCT03922958_exc_2_shot.txt' gespeichert.
File: NCT03922958_inc 

Das File: /work/eauten2s/ec_criteria_struct/lct/input/dataset_p4_prompt1_new/test/input/NCT03922958_inc.txt wurde erfolgreich geladen.
Die Daten wurden erfolgreich in '/work/eauten2s/ec_criteria_struct/lct/evaluate_struct/eval_p4/model_output/Qwen2-72B_2_Shot_short_files/output/Qwen2-72B_NCT03922958_inc_2_shot.txt' gespeichert.
File: NCT03923088_exc 

Das File: /work/eauten2s/ec_criteria_struct/lct/input/dataset_p4_prompt1_new/test/input/NCT03923088_exc.txt wurde erfolgreich geladen.
Die Daten wurden erfolgreich in '/work/eauten2s/ec_criteria_struct/lct/evaluate_struct/eval_p4/model_output/Qwen2-72B_2_Shot_short_files/output/Qwen2-72B_NCT03923088_exc_2_shot.txt' gespeichert.
File: NCT03923088_inc 

Das File: /work/eauten2s/ec_criteria_struct/lct/input/dataset_p4_prompt1_new/test/input/NCT03923088_inc.txt wurde erfolgreich geladen.
Die Daten wurden erfolgreich in '/work/eauten2s/ec_criteria_struct/lct/evaluate_struct/eval_p4/model_output/Qwen2-72B_2_Shot_short_files/output/Qwen2-72B_NCT03923088_inc_2_shot.txt' gespeichert.
File: NCT03923101_exc 

Das File: /work/eauten2s/ec_criteria_struct/lct/input/dataset_p4_prompt1_new/test/input/NCT03923101_exc.txt wurde erfolgreich geladen.
Die Daten wurden erfolgreich in '/work/eauten2s/ec_criteria_struct/lct/evaluate_struct/eval_p4/model_output/Qwen2-72B_2_Shot_short_files/output/Qwen2-72B_NCT03923101_exc_2_shot.txt' gespeichert.
File: NCT03923101_inc 

Das File: /work/eauten2s/ec_criteria_struct/lct/input/dataset_p4_prompt1_new/test/input/NCT03923101_inc.txt wurde erfolgreich geladen.
Die Daten wurden erfolgreich in '/work/eauten2s/ec_criteria_struct/lct/evaluate_struct/eval_p4/model_output/Qwen2-72B_2_Shot_short_files/output/Qwen2-72B_NCT03923101_inc_2_shot.txt' gespeichert.
File: NCT03923309_exc 

Das File: /work/eauten2s/ec_criteria_struct/lct/input/dataset_p4_prompt1_new/test/input/NCT03923309_exc.txt wurde erfolgreich geladen.
Die Daten wurden erfolgreich in '/work/eauten2s/ec_criteria_struct/lct/evaluate_struct/eval_p4/model_output/Qwen2-72B_2_Shot_short_files/output/Qwen2-72B_NCT03923309_exc_2_shot.txt' gespeichert.
File: NCT03923309_inc 

Das File: /work/eauten2s/ec_criteria_struct/lct/input/dataset_p4_prompt1_new/test/input/NCT03923309_inc.txt wurde erfolgreich geladen.
Die Daten wurden erfolgreich in '/work/eauten2s/ec_criteria_struct/lct/evaluate_struct/eval_p4/model_output/Qwen2-72B_2_Shot_short_files/output/Qwen2-72B_NCT03923309_inc_2_shot.txt' gespeichert.
File: NCT03923660_exc 

Das File: /work/eauten2s/ec_criteria_struct/lct/input/dataset_p4_prompt1_new/test/input/NCT03923660_exc.txt wurde erfolgreich geladen.
Die Daten wurden erfolgreich in '/work/eauten2s/ec_criteria_struct/lct/evaluate_struct/eval_p4/model_output/Qwen2-72B_2_Shot_short_files/output/Qwen2-72B_NCT03923660_exc_2_shot.txt' gespeichert.
File: NCT03923660_inc 

Das File: /work/eauten2s/ec_criteria_struct/lct/input/dataset_p4_prompt1_new/test/input/NCT03923660_inc.txt wurde erfolgreich geladen.
Die Daten wurden erfolgreich in '/work/eauten2s/ec_criteria_struct/lct/evaluate_struct/eval_p4/model_output/Qwen2-72B_2_Shot_short_files/output/Qwen2-72B_NCT03923660_inc_2_shot.txt' gespeichert.
File: NCT03923933_exc 

Das File: /work/eauten2s/ec_criteria_struct/lct/input/dataset_p4_prompt1_new/test/input/NCT03923933_exc.txt wurde erfolgreich geladen.
Die Daten wurden erfolgreich in '/work/eauten2s/ec_criteria_struct/lct/evaluate_struct/eval_p4/model_output/Qwen2-72B_2_Shot_short_files/output/Qwen2-72B_NCT03923933_exc_2_shot.txt' gespeichert.
File: NCT03923933_inc 

Das File: /work/eauten2s/ec_criteria_struct/lct/input/dataset_p4_prompt1_new/test/input/NCT03923933_inc.txt wurde erfolgreich geladen.
Die Daten wurden erfolgreich in '/work/eauten2s/ec_criteria_struct/lct/evaluate_struct/eval_p4/model_output/Qwen2-72B_2_Shot_short_files/output/Qwen2-72B_NCT03923933_inc_2_shot.txt' gespeichert.
File: NCT03924115_exc 

Das File: /work/eauten2s/ec_criteria_struct/lct/input/dataset_p4_prompt1_new/test/input/NCT03924115_exc.txt wurde erfolgreich geladen.
Die Daten wurden erfolgreich in '/work/eauten2s/ec_criteria_struct/lct/evaluate_struct/eval_p4/model_output/Qwen2-72B_2_Shot_short_files/output/Qwen2-72B_NCT03924115_exc_2_shot.txt' gespeichert.
File: NCT03924115_inc 

Das File: /work/eauten2s/ec_criteria_struct/lct/input/dataset_p4_prompt1_new/test/input/NCT03924115_inc.txt wurde erfolgreich geladen.
Die Daten wurden erfolgreich in '/work/eauten2s/ec_criteria_struct/lct/evaluate_struct/eval_p4/model_output/Qwen2-72B_2_Shot_short_files/output/Qwen2-72B_NCT03924115_inc_2_shot.txt' gespeichert.
File: NCT03924375_exc 

Das File: /work/eauten2s/ec_criteria_struct/lct/input/dataset_p4_prompt1_new/test/input/NCT03924375_exc.txt wurde erfolgreich geladen.
Die Daten wurden erfolgreich in '/work/eauten2s/ec_criteria_struct/lct/evaluate_struct/eval_p4/model_output/Qwen2-72B_2_Shot_short_files/output/Qwen2-72B_NCT03924375_exc_2_shot.txt' gespeichert.
File: NCT03924375_inc 

Das File: /work/eauten2s/ec_criteria_struct/lct/input/dataset_p4_prompt1_new/test/input/NCT03924375_inc.txt wurde erfolgreich geladen.
Die Daten wurden erfolgreich in '/work/eauten2s/ec_criteria_struct/lct/evaluate_struct/eval_p4/model_output/Qwen2-72B_2_Shot_short_files/output/Qwen2-72B_NCT03924375_inc_2_shot.txt' gespeichert.
File: NCT03924414_exc 

Das File: /work/eauten2s/ec_criteria_struct/lct/input/dataset_p4_prompt1_new/test/input/NCT03924414_exc.txt wurde erfolgreich geladen.
Die Daten wurden erfolgreich in '/work/eauten2s/ec_criteria_struct/lct/evaluate_struct/eval_p4/model_output/Qwen2-72B_2_Shot_short_files/output/Qwen2-72B_NCT03924414_exc_2_shot.txt' gespeichert.
File: NCT03924414_inc 

Das File: /work/eauten2s/ec_criteria_struct/lct/input/dataset_p4_prompt1_new/test/input/NCT03924414_inc.txt wurde erfolgreich geladen.
Die Daten wurden erfolgreich in '/work/eauten2s/ec_criteria_struct/lct/evaluate_struct/eval_p4/model_output/Qwen2-72B_2_Shot_short_files/output/Qwen2-72B_NCT03924414_inc_2_shot.txt' gespeichert.
File: NCT03924440_exc 

Das File: /work/eauten2s/ec_criteria_struct/lct/input/dataset_p4_prompt1_new/test/input/NCT03924440_exc.txt wurde erfolgreich geladen.
Die Daten wurden erfolgreich in '/work/eauten2s/ec_criteria_struct/lct/evaluate_struct/eval_p4/model_output/Qwen2-72B_2_Shot_short_files/output/Qwen2-72B_NCT03924440_exc_2_shot.txt' gespeichert.
File: NCT03924440_inc 

Das File: /work/eauten2s/ec_criteria_struct/lct/input/dataset_p4_prompt1_new/test/input/NCT03924440_inc.txt wurde erfolgreich geladen.
Die Daten wurden erfolgreich in '/work/eauten2s/ec_criteria_struct/lct/evaluate_struct/eval_p4/model_output/Qwen2-72B_2_Shot_short_files/output/Qwen2-72B_NCT03924440_inc_2_shot.txt' gespeichert.
File: NCT03924544_exc 

Das File: /work/eauten2s/ec_criteria_struct/lct/input/dataset_p4_prompt1_new/test/input/NCT03924544_exc.txt wurde erfolgreich geladen.
Die Daten wurden erfolgreich in '/work/eauten2s/ec_criteria_struct/lct/evaluate_struct/eval_p4/model_output/Qwen2-72B_2_Shot_short_files/output/Qwen2-72B_NCT03924544_exc_2_shot.txt' gespeichert.
File: NCT03924544_inc 

Das File: /work/eauten2s/ec_criteria_struct/lct/input/dataset_p4_prompt1_new/test/input/NCT03924544_inc.txt wurde erfolgreich geladen.
Die Daten wurden erfolgreich in '/work/eauten2s/ec_criteria_struct/lct/evaluate_struct/eval_p4/model_output/Qwen2-72B_2_Shot_short_files/output/Qwen2-72B_NCT03924544_inc_2_shot.txt' gespeichert.
File: NCT03924596_exc 

Das File: /work/eauten2s/ec_criteria_struct/lct/input/dataset_p4_prompt1_new/test/input/NCT03924596_exc.txt wurde erfolgreich geladen.
Die Daten wurden erfolgreich in '/work/eauten2s/ec_criteria_struct/lct/evaluate_struct/eval_p4/model_output/Qwen2-72B_2_Shot_short_files/output/Qwen2-72B_NCT03924596_exc_2_shot.txt' gespeichert.
File: NCT03924596_inc 

Das File: /work/eauten2s/ec_criteria_struct/lct/input/dataset_p4_prompt1_new/test/input/NCT03924596_inc.txt wurde erfolgreich geladen.
Die Daten wurden erfolgreich in '/work/eauten2s/ec_criteria_struct/lct/evaluate_struct/eval_p4/model_output/Qwen2-72B_2_Shot_short_files/output/Qwen2-72B_NCT03924596_inc_2_shot.txt' gespeichert.
File: NCT03924726_exc 

Das File: /work/eauten2s/ec_criteria_struct/lct/input/dataset_p4_prompt1_new/test/input/NCT03924726_exc.txt wurde erfolgreich geladen.
Die Daten wurden erfolgreich in '/work/eauten2s/ec_criteria_struct/lct/evaluate_struct/eval_p4/model_output/Qwen2-72B_2_Shot_short_files/output/Qwen2-72B_NCT03924726_exc_2_shot.txt' gespeichert.
File: NCT03924726_inc 

Das File: /work/eauten2s/ec_criteria_struct/lct/input/dataset_p4_prompt1_new/test/input/NCT03924726_inc.txt wurde erfolgreich geladen.
Die Daten wurden erfolgreich in '/work/eauten2s/ec_criteria_struct/lct/evaluate_struct/eval_p4/model_output/Qwen2-72B_2_Shot_short_files/output/Qwen2-72B_NCT03924726_inc_2_shot.txt' gespeichert.
File: NCT03924791_exc 

Das File: /work/eauten2s/ec_criteria_struct/lct/input/dataset_p4_prompt1_new/test/input/NCT03924791_exc.txt wurde erfolgreich geladen.
Die Daten wurden erfolgreich in '/work/eauten2s/ec_criteria_struct/lct/evaluate_struct/eval_p4/model_output/Qwen2-72B_2_Shot_short_files/output/Qwen2-72B_NCT03924791_exc_2_shot.txt' gespeichert.
File: NCT03924791_inc 

Das File: /work/eauten2s/ec_criteria_struct/lct/input/dataset_p4_prompt1_new/test/input/NCT03924791_inc.txt wurde erfolgreich geladen.
Die Daten wurden erfolgreich in '/work/eauten2s/ec_criteria_struct/lct/evaluate_struct/eval_p4/model_output/Qwen2-72B_2_Shot_short_files/output/Qwen2-72B_NCT03924791_inc_2_shot.txt' gespeichert.
File: NCT03924817_exc 

Das File: /work/eauten2s/ec_criteria_struct/lct/input/dataset_p4_prompt1_new/test/input/NCT03924817_exc.txt wurde erfolgreich geladen.
Die Daten wurden erfolgreich in '/work/eauten2s/ec_criteria_struct/lct/evaluate_struct/eval_p4/model_output/Qwen2-72B_2_Shot_short_files/output/Qwen2-72B_NCT03924817_exc_2_shot.txt' gespeichert.
File: NCT03924817_inc 

Das File: /work/eauten2s/ec_criteria_struct/lct/input/dataset_p4_prompt1_new/test/input/NCT03924817_inc.txt wurde erfolgreich geladen.
Die Daten wurden erfolgreich in '/work/eauten2s/ec_criteria_struct/lct/evaluate_struct/eval_p4/model_output/Qwen2-72B_2_Shot_short_files/output/Qwen2-72B_NCT03924817_inc_2_shot.txt' gespeichert.
File: NCT03924908_exc 

Das File: /work/eauten2s/ec_criteria_struct/lct/input/dataset_p4_prompt1_new/test/input/NCT03924908_exc.txt wurde erfolgreich geladen.
Die Daten wurden erfolgreich in '/work/eauten2s/ec_criteria_struct/lct/evaluate_struct/eval_p4/model_output/Qwen2-72B_2_Shot_short_files/output/Qwen2-72B_NCT03924908_exc_2_shot.txt' gespeichert.
File: NCT03924908_inc 

Das File: /work/eauten2s/ec_criteria_struct/lct/input/dataset_p4_prompt1_new/test/input/NCT03924908_inc.txt wurde erfolgreich geladen.
Die Daten wurden erfolgreich in '/work/eauten2s/ec_criteria_struct/lct/evaluate_struct/eval_p4/model_output/Qwen2-72B_2_Shot_short_files/output/Qwen2-72B_NCT03924908_inc_2_shot.txt' gespeichert.
File: NCT03924921_exc 

Das File: /work/eauten2s/ec_criteria_struct/lct/input/dataset_p4_prompt1_new/test/input/NCT03924921_exc.txt wurde erfolgreich geladen.
Die Daten wurden erfolgreich in '/work/eauten2s/ec_criteria_struct/lct/evaluate_struct/eval_p4/model_output/Qwen2-72B_2_Shot_short_files/output/Qwen2-72B_NCT03924921_exc_2_shot.txt' gespeichert.
File: NCT03924921_inc 

Das File: /work/eauten2s/ec_criteria_struct/lct/input/dataset_p4_prompt1_new/test/input/NCT03924921_inc.txt wurde erfolgreich geladen.
Die Daten wurden erfolgreich in '/work/eauten2s/ec_criteria_struct/lct/evaluate_struct/eval_p4/model_output/Qwen2-72B_2_Shot_short_files/output/Qwen2-72B_NCT03924921_inc_2_shot.txt' gespeichert.
File: NCT03925077_exc 

Das File: /work/eauten2s/ec_criteria_struct/lct/input/dataset_p4_prompt1_new/test/input/NCT03925077_exc.txt wurde erfolgreich geladen.
Die Daten wurden erfolgreich in '/work/eauten2s/ec_criteria_struct/lct/evaluate_struct/eval_p4/model_output/Qwen2-72B_2_Shot_short_files/output/Qwen2-72B_NCT03925077_exc_2_shot.txt' gespeichert.
File: NCT03925077_inc 

Das File: /work/eauten2s/ec_criteria_struct/lct/input/dataset_p4_prompt1_new/test/input/NCT03925077_inc.txt wurde erfolgreich geladen.
Die Daten wurden erfolgreich in '/work/eauten2s/ec_criteria_struct/lct/evaluate_struct/eval_p4/model_output/Qwen2-72B_2_Shot_short_files/output/Qwen2-72B_NCT03925077_inc_2_shot.txt' gespeichert.
File: NCT03925142_exc 

Das File: /work/eauten2s/ec_criteria_struct/lct/input/dataset_p4_prompt1_new/test/input/NCT03925142_exc.txt wurde erfolgreich geladen.
Die Daten wurden erfolgreich in '/work/eauten2s/ec_criteria_struct/lct/evaluate_struct/eval_p4/model_output/Qwen2-72B_2_Shot_short_files/output/Qwen2-72B_NCT03925142_exc_2_shot.txt' gespeichert.
File: NCT03925142_inc 

Das File: /work/eauten2s/ec_criteria_struct/lct/input/dataset_p4_prompt1_new/test/input/NCT03925142_inc.txt wurde erfolgreich geladen.
Die Daten wurden erfolgreich in '/work/eauten2s/ec_criteria_struct/lct/evaluate_struct/eval_p4/model_output/Qwen2-72B_2_Shot_short_files/output/Qwen2-72B_NCT03925142_inc_2_shot.txt' gespeichert.
File: NCT03925337_exc 

Das File: /work/eauten2s/ec_criteria_struct/lct/input/dataset_p4_prompt1_new/test/input/NCT03925337_exc.txt wurde erfolgreich geladen.
Die Daten wurden erfolgreich in '/work/eauten2s/ec_criteria_struct/lct/evaluate_struct/eval_p4/model_output/Qwen2-72B_2_Shot_short_files/output/Qwen2-72B_NCT03925337_exc_2_shot.txt' gespeichert.
File: NCT03925337_inc 

Das File: /work/eauten2s/ec_criteria_struct/lct/input/dataset_p4_prompt1_new/test/input/NCT03925337_inc.txt wurde erfolgreich geladen.
Die Daten wurden erfolgreich in '/work/eauten2s/ec_criteria_struct/lct/evaluate_struct/eval_p4/model_output/Qwen2-72B_2_Shot_short_files/output/Qwen2-72B_NCT03925337_inc_2_shot.txt' gespeichert.
File: NCT03925389_exc 

Das File: /work/eauten2s/ec_criteria_struct/lct/input/dataset_p4_prompt1_new/test/input/NCT03925389_exc.txt wurde erfolgreich geladen.
Die Daten wurden erfolgreich in '/work/eauten2s/ec_criteria_struct/lct/evaluate_struct/eval_p4/model_output/Qwen2-72B_2_Shot_short_files/output/Qwen2-72B_NCT03925389_exc_2_shot.txt' gespeichert.
File: NCT03925389_inc 

Das File: /work/eauten2s/ec_criteria_struct/lct/input/dataset_p4_prompt1_new/test/input/NCT03925389_inc.txt wurde erfolgreich geladen.
Die Daten wurden erfolgreich in '/work/eauten2s/ec_criteria_struct/lct/evaluate_struct/eval_p4/model_output/Qwen2-72B_2_Shot_short_files/output/Qwen2-72B_NCT03925389_inc_2_shot.txt' gespeichert.
File: NCT03925454_exc 

Das File: /work/eauten2s/ec_criteria_struct/lct/input/dataset_p4_prompt1_new/test/input/NCT03925454_exc.txt wurde erfolgreich geladen.
Die Daten wurden erfolgreich in '/work/eauten2s/ec_criteria_struct/lct/evaluate_struct/eval_p4/model_output/Qwen2-72B_2_Shot_short_files/output/Qwen2-72B_NCT03925454_exc_2_shot.txt' gespeichert.
File: NCT03925454_inc 

Das File: /work/eauten2s/ec_criteria_struct/lct/input/dataset_p4_prompt1_new/test/input/NCT03925454_inc.txt wurde erfolgreich geladen.
Die Daten wurden erfolgreich in '/work/eauten2s/ec_criteria_struct/lct/evaluate_struct/eval_p4/model_output/Qwen2-72B_2_Shot_short_files/output/Qwen2-72B_NCT03925454_inc_2_shot.txt' gespeichert.
File: NCT03925571_exc 

Das File: /work/eauten2s/ec_criteria_struct/lct/input/dataset_p4_prompt1_new/test/input/NCT03925571_exc.txt wurde erfolgreich geladen.
Die Daten wurden erfolgreich in '/work/eauten2s/ec_criteria_struct/lct/evaluate_struct/eval_p4/model_output/Qwen2-72B_2_Shot_short_files/output/Qwen2-72B_NCT03925571_exc_2_shot.txt' gespeichert.
File: NCT03925571_inc 

Das File: /work/eauten2s/ec_criteria_struct/lct/input/dataset_p4_prompt1_new/test/input/NCT03925571_inc.txt wurde erfolgreich geladen.
Die Daten wurden erfolgreich in '/work/eauten2s/ec_criteria_struct/lct/evaluate_struct/eval_p4/model_output/Qwen2-72B_2_Shot_short_files/output/Qwen2-72B_NCT03925571_inc_2_shot.txt' gespeichert.
File: NCT03925649_exc 

Das File: /work/eauten2s/ec_criteria_struct/lct/input/dataset_p4_prompt1_new/test/input/NCT03925649_exc.txt wurde erfolgreich geladen.
Die Daten wurden erfolgreich in '/work/eauten2s/ec_criteria_struct/lct/evaluate_struct/eval_p4/model_output/Qwen2-72B_2_Shot_short_files/output/Qwen2-72B_NCT03925649_exc_2_shot.txt' gespeichert.
File: NCT03925649_inc 

Das File: /work/eauten2s/ec_criteria_struct/lct/input/dataset_p4_prompt1_new/test/input/NCT03925649_inc.txt wurde erfolgreich geladen.
Die Daten wurden erfolgreich in '/work/eauten2s/ec_criteria_struct/lct/evaluate_struct/eval_p4/model_output/Qwen2-72B_2_Shot_short_files/output/Qwen2-72B_NCT03925649_inc_2_shot.txt' gespeichert.
File: NCT03925675_exc 

Das File: /work/eauten2s/ec_criteria_struct/lct/input/dataset_p4_prompt1_new/test/input/NCT03925675_exc.txt wurde erfolgreich geladen.
Die Daten wurden erfolgreich in '/work/eauten2s/ec_criteria_struct/lct/evaluate_struct/eval_p4/model_output/Qwen2-72B_2_Shot_short_files/output/Qwen2-72B_NCT03925675_exc_2_shot.txt' gespeichert.
File: NCT03925675_inc 

Das File: /work/eauten2s/ec_criteria_struct/lct/input/dataset_p4_prompt1_new/test/input/NCT03925675_inc.txt wurde erfolgreich geladen.
Die Daten wurden erfolgreich in '/work/eauten2s/ec_criteria_struct/lct/evaluate_struct/eval_p4/model_output/Qwen2-72B_2_Shot_short_files/output/Qwen2-72B_NCT03925675_inc_2_shot.txt' gespeichert.
File: NCT03925727_exc 

Das File: /work/eauten2s/ec_criteria_struct/lct/input/dataset_p4_prompt1_new/test/input/NCT03925727_exc.txt wurde erfolgreich geladen.
Die Daten wurden erfolgreich in '/work/eauten2s/ec_criteria_struct/lct/evaluate_struct/eval_p4/model_output/Qwen2-72B_2_Shot_short_files/output/Qwen2-72B_NCT03925727_exc_2_shot.txt' gespeichert.
File: NCT03925727_inc 

Das File: /work/eauten2s/ec_criteria_struct/lct/input/dataset_p4_prompt1_new/test/input/NCT03925727_inc.txt wurde erfolgreich geladen.
Die Daten wurden erfolgreich in '/work/eauten2s/ec_criteria_struct/lct/evaluate_struct/eval_p4/model_output/Qwen2-72B_2_Shot_short_files/output/Qwen2-72B_NCT03925727_inc_2_shot.txt' gespeichert.
File: NCT03925844_exc 

Das File: /work/eauten2s/ec_criteria_struct/lct/input/dataset_p4_prompt1_new/test/input/NCT03925844_exc.txt wurde erfolgreich geladen.
Die Daten wurden erfolgreich in '/work/eauten2s/ec_criteria_struct/lct/evaluate_struct/eval_p4/model_output/Qwen2-72B_2_Shot_short_files/output/Qwen2-72B_NCT03925844_exc_2_shot.txt' gespeichert.
File: NCT03925844_inc 

Das File: /work/eauten2s/ec_criteria_struct/lct/input/dataset_p4_prompt1_new/test/input/NCT03925844_inc.txt wurde erfolgreich geladen.
Die Daten wurden erfolgreich in '/work/eauten2s/ec_criteria_struct/lct/evaluate_struct/eval_p4/model_output/Qwen2-72B_2_Shot_short_files/output/Qwen2-72B_NCT03925844_inc_2_shot.txt' gespeichert.
File: NCT03926130_exc 

Das File: /work/eauten2s/ec_criteria_struct/lct/input/dataset_p4_prompt1_new/test/input/NCT03926130_exc.txt wurde erfolgreich geladen.
Die Daten wurden erfolgreich in '/work/eauten2s/ec_criteria_struct/lct/evaluate_struct/eval_p4/model_output/Qwen2-72B_2_Shot_short_files/output/Qwen2-72B_NCT03926130_exc_2_shot.txt' gespeichert.
File: NCT03926130_inc 

Das File: /work/eauten2s/ec_criteria_struct/lct/input/dataset_p4_prompt1_new/test/input/NCT03926130_inc.txt wurde erfolgreich geladen.
Die Daten wurden erfolgreich in '/work/eauten2s/ec_criteria_struct/lct/evaluate_struct/eval_p4/model_output/Qwen2-72B_2_Shot_short_files/output/Qwen2-72B_NCT03926130_inc_2_shot.txt' gespeichert.
File: NCT03926195_exc 

Das File: /work/eauten2s/ec_criteria_struct/lct/input/dataset_p4_prompt1_new/test/input/NCT03926195_exc.txt wurde erfolgreich geladen.
Die Daten wurden erfolgreich in '/work/eauten2s/ec_criteria_struct/lct/evaluate_struct/eval_p4/model_output/Qwen2-72B_2_Shot_short_files/output/Qwen2-72B_NCT03926195_exc_2_shot.txt' gespeichert.
File: NCT03926195_inc 

Das File: /work/eauten2s/ec_criteria_struct/lct/input/dataset_p4_prompt1_new/test/input/NCT03926195_inc.txt wurde erfolgreich geladen.
Die Daten wurden erfolgreich in '/work/eauten2s/ec_criteria_struct/lct/evaluate_struct/eval_p4/model_output/Qwen2-72B_2_Shot_short_files/output/Qwen2-72B_NCT03926195_inc_2_shot.txt' gespeichert.
File: NCT03926299_exc 

Das File: /work/eauten2s/ec_criteria_struct/lct/input/dataset_p4_prompt1_new/test/input/NCT03926299_exc.txt wurde erfolgreich geladen.
Die Daten wurden erfolgreich in '/work/eauten2s/ec_criteria_struct/lct/evaluate_struct/eval_p4/model_output/Qwen2-72B_2_Shot_short_files/output/Qwen2-72B_NCT03926299_exc_2_shot.txt' gespeichert.
File: NCT03926299_inc 

Das File: /work/eauten2s/ec_criteria_struct/lct/input/dataset_p4_prompt1_new/test/input/NCT03926299_inc.txt wurde erfolgreich geladen.
Die Daten wurden erfolgreich in '/work/eauten2s/ec_criteria_struct/lct/evaluate_struct/eval_p4/model_output/Qwen2-72B_2_Shot_short_files/output/Qwen2-72B_NCT03926299_inc_2_shot.txt' gespeichert.
File: NCT03926312_exc 

Das File: /work/eauten2s/ec_criteria_struct/lct/input/dataset_p4_prompt1_new/test/input/NCT03926312_exc.txt wurde erfolgreich geladen.
Die Daten wurden erfolgreich in '/work/eauten2s/ec_criteria_struct/lct/evaluate_struct/eval_p4/model_output/Qwen2-72B_2_Shot_short_files/output/Qwen2-72B_NCT03926312_exc_2_shot.txt' gespeichert.
File: NCT03926312_inc 

Das File: /work/eauten2s/ec_criteria_struct/lct/input/dataset_p4_prompt1_new/test/input/NCT03926312_inc.txt wurde erfolgreich geladen.
Die Daten wurden erfolgreich in '/work/eauten2s/ec_criteria_struct/lct/evaluate_struct/eval_p4/model_output/Qwen2-72B_2_Shot_short_files/output/Qwen2-72B_NCT03926312_inc_2_shot.txt' gespeichert.
File: NCT03926377_exc 

Das File: /work/eauten2s/ec_criteria_struct/lct/input/dataset_p4_prompt1_new/test/input/NCT03926377_exc.txt wurde erfolgreich geladen.
Die Daten wurden erfolgreich in '/work/eauten2s/ec_criteria_struct/lct/evaluate_struct/eval_p4/model_output/Qwen2-72B_2_Shot_short_files/output/Qwen2-72B_NCT03926377_exc_2_shot.txt' gespeichert.
File: NCT03926377_inc 

Das File: /work/eauten2s/ec_criteria_struct/lct/input/dataset_p4_prompt1_new/test/input/NCT03926377_inc.txt wurde erfolgreich geladen.
Die Daten wurden erfolgreich in '/work/eauten2s/ec_criteria_struct/lct/evaluate_struct/eval_p4/model_output/Qwen2-72B_2_Shot_short_files/output/Qwen2-72B_NCT03926377_inc_2_shot.txt' gespeichert.
File: NCT03926429_exc 

Das File: /work/eauten2s/ec_criteria_struct/lct/input/dataset_p4_prompt1_new/test/input/NCT03926429_exc.txt wurde erfolgreich geladen.
Die Daten wurden erfolgreich in '/work/eauten2s/ec_criteria_struct/lct/evaluate_struct/eval_p4/model_output/Qwen2-72B_2_Shot_short_files/output/Qwen2-72B_NCT03926429_exc_2_shot.txt' gespeichert.
File: NCT03926429_inc 

Das File: /work/eauten2s/ec_criteria_struct/lct/input/dataset_p4_prompt1_new/test/input/NCT03926429_inc.txt wurde erfolgreich geladen.
Die Daten wurden erfolgreich in '/work/eauten2s/ec_criteria_struct/lct/evaluate_struct/eval_p4/model_output/Qwen2-72B_2_Shot_short_files/output/Qwen2-72B_NCT03926429_inc_2_shot.txt' gespeichert.
File: NCT03926494_exc 

Das File: /work/eauten2s/ec_criteria_struct/lct/input/dataset_p4_prompt1_new/test/input/NCT03926494_exc.txt wurde erfolgreich geladen.
Die Daten wurden erfolgreich in '/work/eauten2s/ec_criteria_struct/lct/evaluate_struct/eval_p4/model_output/Qwen2-72B_2_Shot_short_files/output/Qwen2-72B_NCT03926494_exc_2_shot.txt' gespeichert.
File: NCT03926494_inc 

Das File: /work/eauten2s/ec_criteria_struct/lct/input/dataset_p4_prompt1_new/test/input/NCT03926494_inc.txt wurde erfolgreich geladen.
Die Daten wurden erfolgreich in '/work/eauten2s/ec_criteria_struct/lct/evaluate_struct/eval_p4/model_output/Qwen2-72B_2_Shot_short_files/output/Qwen2-72B_NCT03926494_inc_2_shot.txt' gespeichert.
File: NCT03926546_exc 

Das File: /work/eauten2s/ec_criteria_struct/lct/input/dataset_p4_prompt1_new/test/input/NCT03926546_exc.txt wurde erfolgreich geladen.
Die Daten wurden erfolgreich in '/work/eauten2s/ec_criteria_struct/lct/evaluate_struct/eval_p4/model_output/Qwen2-72B_2_Shot_short_files/output/Qwen2-72B_NCT03926546_exc_2_shot.txt' gespeichert.
File: NCT03926546_inc 

Das File: /work/eauten2s/ec_criteria_struct/lct/input/dataset_p4_prompt1_new/test/input/NCT03926546_inc.txt wurde erfolgreich geladen.
Die Daten wurden erfolgreich in '/work/eauten2s/ec_criteria_struct/lct/evaluate_struct/eval_p4/model_output/Qwen2-72B_2_Shot_short_files/output/Qwen2-72B_NCT03926546_inc_2_shot.txt' gespeichert.
File: NCT03926780_exc 

Das File: /work/eauten2s/ec_criteria_struct/lct/input/dataset_p4_prompt1_new/test/input/NCT03926780_exc.txt wurde erfolgreich geladen.
Die Daten wurden erfolgreich in '/work/eauten2s/ec_criteria_struct/lct/evaluate_struct/eval_p4/model_output/Qwen2-72B_2_Shot_short_files/output/Qwen2-72B_NCT03926780_exc_2_shot.txt' gespeichert.
File: NCT03926780_inc 

Das File: /work/eauten2s/ec_criteria_struct/lct/input/dataset_p4_prompt1_new/test/input/NCT03926780_inc.txt wurde erfolgreich geladen.
Die Daten wurden erfolgreich in '/work/eauten2s/ec_criteria_struct/lct/evaluate_struct/eval_p4/model_output/Qwen2-72B_2_Shot_short_files/output/Qwen2-72B_NCT03926780_inc_2_shot.txt' gespeichert.
File: NCT03926871_exc 

Das File: /work/eauten2s/ec_criteria_struct/lct/input/dataset_p4_prompt1_new/test/input/NCT03926871_exc.txt wurde erfolgreich geladen.
Die Daten wurden erfolgreich in '/work/eauten2s/ec_criteria_struct/lct/evaluate_struct/eval_p4/model_output/Qwen2-72B_2_Shot_short_files/output/Qwen2-72B_NCT03926871_exc_2_shot.txt' gespeichert.
File: NCT03926871_inc 

Das File: /work/eauten2s/ec_criteria_struct/lct/input/dataset_p4_prompt1_new/test/input/NCT03926871_inc.txt wurde erfolgreich geladen.
Die Daten wurden erfolgreich in '/work/eauten2s/ec_criteria_struct/lct/evaluate_struct/eval_p4/model_output/Qwen2-72B_2_Shot_short_files/output/Qwen2-72B_NCT03926871_inc_2_shot.txt' gespeichert.
File: NCT03926962_exc 

Das File: /work/eauten2s/ec_criteria_struct/lct/input/dataset_p4_prompt1_new/test/input/NCT03926962_exc.txt wurde erfolgreich geladen.
Die Daten wurden erfolgreich in '/work/eauten2s/ec_criteria_struct/lct/evaluate_struct/eval_p4/model_output/Qwen2-72B_2_Shot_short_files/output/Qwen2-72B_NCT03926962_exc_2_shot.txt' gespeichert.
File: NCT03926962_inc 

Das File: /work/eauten2s/ec_criteria_struct/lct/input/dataset_p4_prompt1_new/test/input/NCT03926962_inc.txt wurde erfolgreich geladen.
Die Daten wurden erfolgreich in '/work/eauten2s/ec_criteria_struct/lct/evaluate_struct/eval_p4/model_output/Qwen2-72B_2_Shot_short_files/output/Qwen2-72B_NCT03926962_inc_2_shot.txt' gespeichert.
File: NCT03927092_exc 

Das File: /work/eauten2s/ec_criteria_struct/lct/input/dataset_p4_prompt1_new/test/input/NCT03927092_exc.txt wurde erfolgreich geladen.
Die Daten wurden erfolgreich in '/work/eauten2s/ec_criteria_struct/lct/evaluate_struct/eval_p4/model_output/Qwen2-72B_2_Shot_short_files/output/Qwen2-72B_NCT03927092_exc_2_shot.txt' gespeichert.
File: NCT03927092_inc 

Das File: /work/eauten2s/ec_criteria_struct/lct/input/dataset_p4_prompt1_new/test/input/NCT03927092_inc.txt wurde erfolgreich geladen.
Die Daten wurden erfolgreich in '/work/eauten2s/ec_criteria_struct/lct/evaluate_struct/eval_p4/model_output/Qwen2-72B_2_Shot_short_files/output/Qwen2-72B_NCT03927092_inc_2_shot.txt' gespeichert.
File: NCT03927664_exc 

Das File: /work/eauten2s/ec_criteria_struct/lct/input/dataset_p4_prompt1_new/test/input/NCT03927664_exc.txt wurde erfolgreich geladen.
Die Daten wurden erfolgreich in '/work/eauten2s/ec_criteria_struct/lct/evaluate_struct/eval_p4/model_output/Qwen2-72B_2_Shot_short_files/output/Qwen2-72B_NCT03927664_exc_2_shot.txt' gespeichert.
File: NCT03927664_inc 

Das File ist leer.
Die Daten wurden erfolgreich in '/work/eauten2s/ec_criteria_struct/lct/evaluate_struct/eval_p4/model_output/Qwen2-72B_2_Shot_short_files/output/Qwen2-72B_NCT03927664_inc_2_shot.txt' gespeichert.
File: NCT03927755_exc 

Das File: /work/eauten2s/ec_criteria_struct/lct/input/dataset_p4_prompt1_new/test/input/NCT03927755_exc.txt wurde erfolgreich geladen.
Die Daten wurden erfolgreich in '/work/eauten2s/ec_criteria_struct/lct/evaluate_struct/eval_p4/model_output/Qwen2-72B_2_Shot_short_files/output/Qwen2-72B_NCT03927755_exc_2_shot.txt' gespeichert.
File: NCT03927755_inc 

Das File: /work/eauten2s/ec_criteria_struct/lct/input/dataset_p4_prompt1_new/test/input/NCT03927755_inc.txt wurde erfolgreich geladen.
Die Daten wurden erfolgreich in '/work/eauten2s/ec_criteria_struct/lct/evaluate_struct/eval_p4/model_output/Qwen2-72B_2_Shot_short_files/output/Qwen2-72B_NCT03927755_inc_2_shot.txt' gespeichert.
File: NCT03927781_exc 

Das File ist leer.
Die Daten wurden erfolgreich in '/work/eauten2s/ec_criteria_struct/lct/evaluate_struct/eval_p4/model_output/Qwen2-72B_2_Shot_short_files/output/Qwen2-72B_NCT03927781_exc_2_shot.txt' gespeichert.
File: NCT03927781_inc 

Das File ist leer.
Die Daten wurden erfolgreich in '/work/eauten2s/ec_criteria_struct/lct/evaluate_struct/eval_p4/model_output/Qwen2-72B_2_Shot_short_files/output/Qwen2-72B_NCT03927781_inc_2_shot.txt' gespeichert.
File: NCT03927885_exc 

Das File: /work/eauten2s/ec_criteria_struct/lct/input/dataset_p4_prompt1_new/test/input/NCT03927885_exc.txt wurde erfolgreich geladen.
Die Daten wurden erfolgreich in '/work/eauten2s/ec_criteria_struct/lct/evaluate_struct/eval_p4/model_output/Qwen2-72B_2_Shot_short_files/output/Qwen2-72B_NCT03927885_exc_2_shot.txt' gespeichert.
File: NCT03927885_inc 

Das File: /work/eauten2s/ec_criteria_struct/lct/input/dataset_p4_prompt1_new/test/input/NCT03927885_inc.txt wurde erfolgreich geladen.
Die Daten wurden erfolgreich in '/work/eauten2s/ec_criteria_struct/lct/evaluate_struct/eval_p4/model_output/Qwen2-72B_2_Shot_short_files/output/Qwen2-72B_NCT03927885_inc_2_shot.txt' gespeichert.
File: NCT03928015_exc 

Das File: /work/eauten2s/ec_criteria_struct/lct/input/dataset_p4_prompt1_new/test/input/NCT03928015_exc.txt wurde erfolgreich geladen.
Die Daten wurden erfolgreich in '/work/eauten2s/ec_criteria_struct/lct/evaluate_struct/eval_p4/model_output/Qwen2-72B_2_Shot_short_files/output/Qwen2-72B_NCT03928015_exc_2_shot.txt' gespeichert.
File: NCT03928015_inc 

Das File: /work/eauten2s/ec_criteria_struct/lct/input/dataset_p4_prompt1_new/test/input/NCT03928015_inc.txt wurde erfolgreich geladen.
Die Daten wurden erfolgreich in '/work/eauten2s/ec_criteria_struct/lct/evaluate_struct/eval_p4/model_output/Qwen2-72B_2_Shot_short_files/output/Qwen2-72B_NCT03928015_inc_2_shot.txt' gespeichert.
File: NCT03928080_exc 

Das File: /work/eauten2s/ec_criteria_struct/lct/input/dataset_p4_prompt1_new/test/input/NCT03928080_exc.txt wurde erfolgreich geladen.
Die Daten wurden erfolgreich in '/work/eauten2s/ec_criteria_struct/lct/evaluate_struct/eval_p4/model_output/Qwen2-72B_2_Shot_short_files/output/Qwen2-72B_NCT03928080_exc_2_shot.txt' gespeichert.
File: NCT03928080_inc 

Das File: /work/eauten2s/ec_criteria_struct/lct/input/dataset_p4_prompt1_new/test/input/NCT03928080_inc.txt wurde erfolgreich geladen.
Die Daten wurden erfolgreich in '/work/eauten2s/ec_criteria_struct/lct/evaluate_struct/eval_p4/model_output/Qwen2-72B_2_Shot_short_files/output/Qwen2-72B_NCT03928080_inc_2_shot.txt' gespeichert.
File: NCT03928197_exc 

Das File: /work/eauten2s/ec_criteria_struct/lct/input/dataset_p4_prompt1_new/test/input/NCT03928197_exc.txt wurde erfolgreich geladen.
Die Daten wurden erfolgreich in '/work/eauten2s/ec_criteria_struct/lct/evaluate_struct/eval_p4/model_output/Qwen2-72B_2_Shot_short_files/output/Qwen2-72B_NCT03928197_exc_2_shot.txt' gespeichert.
File: NCT03928197_inc 

Das File: /work/eauten2s/ec_criteria_struct/lct/input/dataset_p4_prompt1_new/test/input/NCT03928197_inc.txt wurde erfolgreich geladen.
Die Daten wurden erfolgreich in '/work/eauten2s/ec_criteria_struct/lct/evaluate_struct/eval_p4/model_output/Qwen2-72B_2_Shot_short_files/output/Qwen2-72B_NCT03928197_inc_2_shot.txt' gespeichert.
File: NCT03928223_exc 

Das File: /work/eauten2s/ec_criteria_struct/lct/input/dataset_p4_prompt1_new/test/input/NCT03928223_exc.txt wurde erfolgreich geladen.
Die Daten wurden erfolgreich in '/work/eauten2s/ec_criteria_struct/lct/evaluate_struct/eval_p4/model_output/Qwen2-72B_2_Shot_short_files/output/Qwen2-72B_NCT03928223_exc_2_shot.txt' gespeichert.
File: NCT03928223_inc 

Das File: /work/eauten2s/ec_criteria_struct/lct/input/dataset_p4_prompt1_new/test/input/NCT03928223_inc.txt wurde erfolgreich geladen.
Die Daten wurden erfolgreich in '/work/eauten2s/ec_criteria_struct/lct/evaluate_struct/eval_p4/model_output/Qwen2-72B_2_Shot_short_files/output/Qwen2-72B_NCT03928223_inc_2_shot.txt' gespeichert.
File: NCT03928392_exc 

Das File: /work/eauten2s/ec_criteria_struct/lct/input/dataset_p4_prompt1_new/test/input/NCT03928392_exc.txt wurde erfolgreich geladen.
Die Daten wurden erfolgreich in '/work/eauten2s/ec_criteria_struct/lct/evaluate_struct/eval_p4/model_output/Qwen2-72B_2_Shot_short_files/output/Qwen2-72B_NCT03928392_exc_2_shot.txt' gespeichert.
File: NCT03928392_inc 

Das File: /work/eauten2s/ec_criteria_struct/lct/input/dataset_p4_prompt1_new/test/input/NCT03928392_inc.txt wurde erfolgreich geladen.
Die Daten wurden erfolgreich in '/work/eauten2s/ec_criteria_struct/lct/evaluate_struct/eval_p4/model_output/Qwen2-72B_2_Shot_short_files/output/Qwen2-72B_NCT03928392_inc_2_shot.txt' gespeichert.
File: NCT03928405_exc 

Das File: /work/eauten2s/ec_criteria_struct/lct/input/dataset_p4_prompt1_new/test/input/NCT03928405_exc.txt wurde erfolgreich geladen.
Die Daten wurden erfolgreich in '/work/eauten2s/ec_criteria_struct/lct/evaluate_struct/eval_p4/model_output/Qwen2-72B_2_Shot_short_files/output/Qwen2-72B_NCT03928405_exc_2_shot.txt' gespeichert.
File: NCT03928405_inc 

Das File: /work/eauten2s/ec_criteria_struct/lct/input/dataset_p4_prompt1_new/test/input/NCT03928405_inc.txt wurde erfolgreich geladen.
Die Daten wurden erfolgreich in '/work/eauten2s/ec_criteria_struct/lct/evaluate_struct/eval_p4/model_output/Qwen2-72B_2_Shot_short_files/output/Qwen2-72B_NCT03928405_inc_2_shot.txt' gespeichert.
File: NCT03928431_exc 

Das File: /work/eauten2s/ec_criteria_struct/lct/input/dataset_p4_prompt1_new/test/input/NCT03928431_exc.txt wurde erfolgreich geladen.
Die Daten wurden erfolgreich in '/work/eauten2s/ec_criteria_struct/lct/evaluate_struct/eval_p4/model_output/Qwen2-72B_2_Shot_short_files/output/Qwen2-72B_NCT03928431_exc_2_shot.txt' gespeichert.
File: NCT03928431_inc 

Das File: /work/eauten2s/ec_criteria_struct/lct/input/dataset_p4_prompt1_new/test/input/NCT03928431_inc.txt wurde erfolgreich geladen.
Die Daten wurden erfolgreich in '/work/eauten2s/ec_criteria_struct/lct/evaluate_struct/eval_p4/model_output/Qwen2-72B_2_Shot_short_files/output/Qwen2-72B_NCT03928431_inc_2_shot.txt' gespeichert.
File: NCT03928522_exc 

Das File: /work/eauten2s/ec_criteria_struct/lct/input/dataset_p4_prompt1_new/test/input/NCT03928522_exc.txt wurde erfolgreich geladen.
Die Daten wurden erfolgreich in '/work/eauten2s/ec_criteria_struct/lct/evaluate_struct/eval_p4/model_output/Qwen2-72B_2_Shot_short_files/output/Qwen2-72B_NCT03928522_exc_2_shot.txt' gespeichert.
File: NCT03928522_inc 

Das File: /work/eauten2s/ec_criteria_struct/lct/input/dataset_p4_prompt1_new/test/input/NCT03928522_inc.txt wurde erfolgreich geladen.
Die Daten wurden erfolgreich in '/work/eauten2s/ec_criteria_struct/lct/evaluate_struct/eval_p4/model_output/Qwen2-72B_2_Shot_short_files/output/Qwen2-72B_NCT03928522_inc_2_shot.txt' gespeichert.
File: NCT03928639_exc 

Das File: /work/eauten2s/ec_criteria_struct/lct/input/dataset_p4_prompt1_new/test/input/NCT03928639_exc.txt wurde erfolgreich geladen.
Die Daten wurden erfolgreich in '/work/eauten2s/ec_criteria_struct/lct/evaluate_struct/eval_p4/model_output/Qwen2-72B_2_Shot_short_files/output/Qwen2-72B_NCT03928639_exc_2_shot.txt' gespeichert.
File: NCT03928639_inc 

Das File: /work/eauten2s/ec_criteria_struct/lct/input/dataset_p4_prompt1_new/test/input/NCT03928639_inc.txt wurde erfolgreich geladen.
Die Daten wurden erfolgreich in '/work/eauten2s/ec_criteria_struct/lct/evaluate_struct/eval_p4/model_output/Qwen2-72B_2_Shot_short_files/output/Qwen2-72B_NCT03928639_inc_2_shot.txt' gespeichert.
File: NCT03928769_exc 

Das File: /work/eauten2s/ec_criteria_struct/lct/input/dataset_p4_prompt1_new/test/input/NCT03928769_exc.txt wurde erfolgreich geladen.
Die Daten wurden erfolgreich in '/work/eauten2s/ec_criteria_struct/lct/evaluate_struct/eval_p4/model_output/Qwen2-72B_2_Shot_short_files/output/Qwen2-72B_NCT03928769_exc_2_shot.txt' gespeichert.
File: NCT03928769_inc 

Das File: /work/eauten2s/ec_criteria_struct/lct/input/dataset_p4_prompt1_new/test/input/NCT03928769_inc.txt wurde erfolgreich geladen.
Die Daten wurden erfolgreich in '/work/eauten2s/ec_criteria_struct/lct/evaluate_struct/eval_p4/model_output/Qwen2-72B_2_Shot_short_files/output/Qwen2-72B_NCT03928769_inc_2_shot.txt' gespeichert.
File: NCT03928795_exc 

Das File: /work/eauten2s/ec_criteria_struct/lct/input/dataset_p4_prompt1_new/test/input/NCT03928795_exc.txt wurde erfolgreich geladen.
Die Daten wurden erfolgreich in '/work/eauten2s/ec_criteria_struct/lct/evaluate_struct/eval_p4/model_output/Qwen2-72B_2_Shot_short_files/output/Qwen2-72B_NCT03928795_exc_2_shot.txt' gespeichert.
File: NCT03928795_inc 

Das File: /work/eauten2s/ec_criteria_struct/lct/input/dataset_p4_prompt1_new/test/input/NCT03928795_inc.txt wurde erfolgreich geladen.
Die Daten wurden erfolgreich in '/work/eauten2s/ec_criteria_struct/lct/evaluate_struct/eval_p4/model_output/Qwen2-72B_2_Shot_short_files/output/Qwen2-72B_NCT03928795_inc_2_shot.txt' gespeichert.
File: NCT03928834_exc 

Das File: /work/eauten2s/ec_criteria_struct/lct/input/dataset_p4_prompt1_new/test/input/NCT03928834_exc.txt wurde erfolgreich geladen.
Die Daten wurden erfolgreich in '/work/eauten2s/ec_criteria_struct/lct/evaluate_struct/eval_p4/model_output/Qwen2-72B_2_Shot_short_files/output/Qwen2-72B_NCT03928834_exc_2_shot.txt' gespeichert.
File: NCT03928834_inc 

Das File: /work/eauten2s/ec_criteria_struct/lct/input/dataset_p4_prompt1_new/test/input/NCT03928834_inc.txt wurde erfolgreich geladen.
Die Daten wurden erfolgreich in '/work/eauten2s/ec_criteria_struct/lct/evaluate_struct/eval_p4/model_output/Qwen2-72B_2_Shot_short_files/output/Qwen2-72B_NCT03928834_inc_2_shot.txt' gespeichert.
File: NCT03929055_exc 

Das File: /work/eauten2s/ec_criteria_struct/lct/input/dataset_p4_prompt1_new/test/input/NCT03929055_exc.txt wurde erfolgreich geladen.
Die Daten wurden erfolgreich in '/work/eauten2s/ec_criteria_struct/lct/evaluate_struct/eval_p4/model_output/Qwen2-72B_2_Shot_short_files/output/Qwen2-72B_NCT03929055_exc_2_shot.txt' gespeichert.
File: NCT03929055_inc 

Das File: /work/eauten2s/ec_criteria_struct/lct/input/dataset_p4_prompt1_new/test/input/NCT03929055_inc.txt wurde erfolgreich geladen.
Die Daten wurden erfolgreich in '/work/eauten2s/ec_criteria_struct/lct/evaluate_struct/eval_p4/model_output/Qwen2-72B_2_Shot_short_files/output/Qwen2-72B_NCT03929055_inc_2_shot.txt' gespeichert.
File: NCT03929198_exc 

Das File: /work/eauten2s/ec_criteria_struct/lct/input/dataset_p4_prompt1_new/test/input/NCT03929198_exc.txt wurde erfolgreich geladen.
Die Daten wurden erfolgreich in '/work/eauten2s/ec_criteria_struct/lct/evaluate_struct/eval_p4/model_output/Qwen2-72B_2_Shot_short_files/output/Qwen2-72B_NCT03929198_exc_2_shot.txt' gespeichert.
File: NCT03929198_inc 

Das File: /work/eauten2s/ec_criteria_struct/lct/input/dataset_p4_prompt1_new/test/input/NCT03929198_inc.txt wurde erfolgreich geladen.
Die Daten wurden erfolgreich in '/work/eauten2s/ec_criteria_struct/lct/evaluate_struct/eval_p4/model_output/Qwen2-72B_2_Shot_short_files/output/Qwen2-72B_NCT03929198_inc_2_shot.txt' gespeichert.
File: NCT03929276_exc 

Das File: /work/eauten2s/ec_criteria_struct/lct/input/dataset_p4_prompt1_new/test/input/NCT03929276_exc.txt wurde erfolgreich geladen.
Die Daten wurden erfolgreich in '/work/eauten2s/ec_criteria_struct/lct/evaluate_struct/eval_p4/model_output/Qwen2-72B_2_Shot_short_files/output/Qwen2-72B_NCT03929276_exc_2_shot.txt' gespeichert.
File: NCT03929276_inc 

Das File: /work/eauten2s/ec_criteria_struct/lct/input/dataset_p4_prompt1_new/test/input/NCT03929276_inc.txt wurde erfolgreich geladen.
Die Daten wurden erfolgreich in '/work/eauten2s/ec_criteria_struct/lct/evaluate_struct/eval_p4/model_output/Qwen2-72B_2_Shot_short_files/output/Qwen2-72B_NCT03929276_inc_2_shot.txt' gespeichert.
File: NCT03929380_exc 

Das File: /work/eauten2s/ec_criteria_struct/lct/input/dataset_p4_prompt1_new/test/input/NCT03929380_exc.txt wurde erfolgreich geladen.
Die Daten wurden erfolgreich in '/work/eauten2s/ec_criteria_struct/lct/evaluate_struct/eval_p4/model_output/Qwen2-72B_2_Shot_short_files/output/Qwen2-72B_NCT03929380_exc_2_shot.txt' gespeichert.
File: NCT03929380_inc 

Das File: /work/eauten2s/ec_criteria_struct/lct/input/dataset_p4_prompt1_new/test/input/NCT03929380_inc.txt wurde erfolgreich geladen.
Die Daten wurden erfolgreich in '/work/eauten2s/ec_criteria_struct/lct/evaluate_struct/eval_p4/model_output/Qwen2-72B_2_Shot_short_files/output/Qwen2-72B_NCT03929380_inc_2_shot.txt' gespeichert.
File: NCT03929406_exc 

Das File: /work/eauten2s/ec_criteria_struct/lct/input/dataset_p4_prompt1_new/test/input/NCT03929406_exc.txt wurde erfolgreich geladen.
Die Daten wurden erfolgreich in '/work/eauten2s/ec_criteria_struct/lct/evaluate_struct/eval_p4/model_output/Qwen2-72B_2_Shot_short_files/output/Qwen2-72B_NCT03929406_exc_2_shot.txt' gespeichert.
File: NCT03929406_inc 

Das File: /work/eauten2s/ec_criteria_struct/lct/input/dataset_p4_prompt1_new/test/input/NCT03929406_inc.txt wurde erfolgreich geladen.
Die Daten wurden erfolgreich in '/work/eauten2s/ec_criteria_struct/lct/evaluate_struct/eval_p4/model_output/Qwen2-72B_2_Shot_short_files/output/Qwen2-72B_NCT03929406_inc_2_shot.txt' gespeichert.
File: NCT03929536_exc 

Das File: /work/eauten2s/ec_criteria_struct/lct/input/dataset_p4_prompt1_new/test/input/NCT03929536_exc.txt wurde erfolgreich geladen.
Die Daten wurden erfolgreich in '/work/eauten2s/ec_criteria_struct/lct/evaluate_struct/eval_p4/model_output/Qwen2-72B_2_Shot_short_files/output/Qwen2-72B_NCT03929536_exc_2_shot.txt' gespeichert.
File: NCT03929536_inc 

Das File: /work/eauten2s/ec_criteria_struct/lct/input/dataset_p4_prompt1_new/test/input/NCT03929536_inc.txt wurde erfolgreich geladen.
Die Daten wurden erfolgreich in '/work/eauten2s/ec_criteria_struct/lct/evaluate_struct/eval_p4/model_output/Qwen2-72B_2_Shot_short_files/output/Qwen2-72B_NCT03929536_inc_2_shot.txt' gespeichert.
File: NCT03929614_exc 

Das File: /work/eauten2s/ec_criteria_struct/lct/input/dataset_p4_prompt1_new/test/input/NCT03929614_exc.txt wurde erfolgreich geladen.
Die Daten wurden erfolgreich in '/work/eauten2s/ec_criteria_struct/lct/evaluate_struct/eval_p4/model_output/Qwen2-72B_2_Shot_short_files/output/Qwen2-72B_NCT03929614_exc_2_shot.txt' gespeichert.
File: NCT03929614_inc 

Das File: /work/eauten2s/ec_criteria_struct/lct/input/dataset_p4_prompt1_new/test/input/NCT03929614_inc.txt wurde erfolgreich geladen.
Die Daten wurden erfolgreich in '/work/eauten2s/ec_criteria_struct/lct/evaluate_struct/eval_p4/model_output/Qwen2-72B_2_Shot_short_files/output/Qwen2-72B_NCT03929614_inc_2_shot.txt' gespeichert.
File: NCT03929822_exc 

Das File: /work/eauten2s/ec_criteria_struct/lct/input/dataset_p4_prompt1_new/test/input/NCT03929822_exc.txt wurde erfolgreich geladen.
Die Daten wurden erfolgreich in '/work/eauten2s/ec_criteria_struct/lct/evaluate_struct/eval_p4/model_output/Qwen2-72B_2_Shot_short_files/output/Qwen2-72B_NCT03929822_exc_2_shot.txt' gespeichert.
File: NCT03929822_inc 

Das File: /work/eauten2s/ec_criteria_struct/lct/input/dataset_p4_prompt1_new/test/input/NCT03929822_inc.txt wurde erfolgreich geladen.
Die Daten wurden erfolgreich in '/work/eauten2s/ec_criteria_struct/lct/evaluate_struct/eval_p4/model_output/Qwen2-72B_2_Shot_short_files/output/Qwen2-72B_NCT03929822_inc_2_shot.txt' gespeichert.
File: NCT03929887_exc 

Das File: /work/eauten2s/ec_criteria_struct/lct/input/dataset_p4_prompt1_new/test/input/NCT03929887_exc.txt wurde erfolgreich geladen.
Die Daten wurden erfolgreich in '/work/eauten2s/ec_criteria_struct/lct/evaluate_struct/eval_p4/model_output/Qwen2-72B_2_Shot_short_files/output/Qwen2-72B_NCT03929887_exc_2_shot.txt' gespeichert.
File: NCT03929887_inc 

Das File: /work/eauten2s/ec_criteria_struct/lct/input/dataset_p4_prompt1_new/test/input/NCT03929887_inc.txt wurde erfolgreich geladen.
Die Daten wurden erfolgreich in '/work/eauten2s/ec_criteria_struct/lct/evaluate_struct/eval_p4/model_output/Qwen2-72B_2_Shot_short_files/output/Qwen2-72B_NCT03929887_inc_2_shot.txt' gespeichert.
File: NCT03929900_exc 

Das File: /work/eauten2s/ec_criteria_struct/lct/input/dataset_p4_prompt1_new/test/input/NCT03929900_exc.txt wurde erfolgreich geladen.
Die Daten wurden erfolgreich in '/work/eauten2s/ec_criteria_struct/lct/evaluate_struct/eval_p4/model_output/Qwen2-72B_2_Shot_short_files/output/Qwen2-72B_NCT03929900_exc_2_shot.txt' gespeichert.
File: NCT03929900_inc 

Das File: /work/eauten2s/ec_criteria_struct/lct/input/dataset_p4_prompt1_new/test/input/NCT03929900_inc.txt wurde erfolgreich geladen.
Die Daten wurden erfolgreich in '/work/eauten2s/ec_criteria_struct/lct/evaluate_struct/eval_p4/model_output/Qwen2-72B_2_Shot_short_files/output/Qwen2-72B_NCT03929900_inc_2_shot.txt' gespeichert.
File: NCT03930901_exc 

Das File: /work/eauten2s/ec_criteria_struct/lct/input/dataset_p4_prompt1_new/test/input/NCT03930901_exc.txt wurde erfolgreich geladen.
Die Daten wurden erfolgreich in '/work/eauten2s/ec_criteria_struct/lct/evaluate_struct/eval_p4/model_output/Qwen2-72B_2_Shot_short_files/output/Qwen2-72B_NCT03930901_exc_2_shot.txt' gespeichert.
File: NCT03930901_inc 

Das File: /work/eauten2s/ec_criteria_struct/lct/input/dataset_p4_prompt1_new/test/input/NCT03930901_inc.txt wurde erfolgreich geladen.
Die Daten wurden erfolgreich in '/work/eauten2s/ec_criteria_struct/lct/evaluate_struct/eval_p4/model_output/Qwen2-72B_2_Shot_short_files/output/Qwen2-72B_NCT03930901_inc_2_shot.txt' gespeichert.
File: NCT03934346_exc 

Das File: /work/eauten2s/ec_criteria_struct/lct/input/dataset_p4_prompt1_new/test/input/NCT03934346_exc.txt wurde erfolgreich geladen.
Die Daten wurden erfolgreich in '/work/eauten2s/ec_criteria_struct/lct/evaluate_struct/eval_p4/model_output/Qwen2-72B_2_Shot_short_files/output/Qwen2-72B_NCT03934346_exc_2_shot.txt' gespeichert.
File: NCT03934346_inc 

Das File: /work/eauten2s/ec_criteria_struct/lct/input/dataset_p4_prompt1_new/test/input/NCT03934346_inc.txt wurde erfolgreich geladen.
Die Daten wurden erfolgreich in '/work/eauten2s/ec_criteria_struct/lct/evaluate_struct/eval_p4/model_output/Qwen2-72B_2_Shot_short_files/output/Qwen2-72B_NCT03934346_inc_2_shot.txt' gespeichert.
