Das File: /work/eauten2s/ec_criteria_struct/lct/input/prompt/entity_struct_p2.txt wurde erfolgreich geladen.
Hier fängt die Pipeline an
File: NCT03860220_inc 

Das File: /work/eauten2s/ec_criteria_struct/lct/input/dataset_p2/test/input/NCT03860220_inc.txt wurde erfolgreich geladen.
Die Daten wurden erfolgreich in '/work/eauten2s/ec_criteria_struct/lct/evaluate_struct/model_output/struct2_eval_testdataset/Llama-3-70B-Instruct_3_shot/output/Llama-3-70B-Instruct_NCT03860220_inc.json' gespeichert.
File: NCT03860259_inc 

Das File: /work/eauten2s/ec_criteria_struct/lct/input/dataset_p2/test/input/NCT03860259_inc.txt wurde erfolgreich geladen.
Die Daten wurden erfolgreich in '/work/eauten2s/ec_criteria_struct/lct/evaluate_struct/model_output/struct2_eval_testdataset/Llama-3-70B-Instruct_3_shot/output/Llama-3-70B-Instruct_NCT03860259_inc.json' gespeichert.
File: NCT03860311_exc 

Das File: /work/eauten2s/ec_criteria_struct/lct/input/dataset_p2/test/input/NCT03860311_exc.txt wurde erfolgreich geladen.
Die Daten wurden erfolgreich in '/work/eauten2s/ec_criteria_struct/lct/evaluate_struct/model_output/struct2_eval_testdataset/Llama-3-70B-Instruct_3_shot/output/Llama-3-70B-Instruct_NCT03860311_exc.json' gespeichert.
File: NCT03860324_exc 

Das File: /work/eauten2s/ec_criteria_struct/lct/input/dataset_p2/test/input/NCT03860324_exc.txt wurde erfolgreich geladen.
Die Daten wurden erfolgreich in '/work/eauten2s/ec_criteria_struct/lct/evaluate_struct/model_output/struct2_eval_testdataset/Llama-3-70B-Instruct_3_shot/output/Llama-3-70B-Instruct_NCT03860324_exc.json' gespeichert.
File: NCT03860363_inc 

Das File: /work/eauten2s/ec_criteria_struct/lct/input/dataset_p2/test/input/NCT03860363_inc.txt wurde erfolgreich geladen.
Die Daten wurden erfolgreich in '/work/eauten2s/ec_criteria_struct/lct/evaluate_struct/model_output/struct2_eval_testdataset/Llama-3-70B-Instruct_3_shot/output/Llama-3-70B-Instruct_NCT03860363_inc.json' gespeichert.
File: NCT03860402_exc 

Das File: /work/eauten2s/ec_criteria_struct/lct/input/dataset_p2/test/input/NCT03860402_exc.txt wurde erfolgreich geladen.
Die Daten wurden erfolgreich in '/work/eauten2s/ec_criteria_struct/lct/evaluate_struct/model_output/struct2_eval_testdataset/Llama-3-70B-Instruct_3_shot/output/Llama-3-70B-Instruct_NCT03860402_exc.json' gespeichert.
File: NCT03860402_inc 

Das File: /work/eauten2s/ec_criteria_struct/lct/input/dataset_p2/test/input/NCT03860402_inc.txt wurde erfolgreich geladen.
Die Daten wurden erfolgreich in '/work/eauten2s/ec_criteria_struct/lct/evaluate_struct/model_output/struct2_eval_testdataset/Llama-3-70B-Instruct_3_shot/output/Llama-3-70B-Instruct_NCT03860402_inc.json' gespeichert.
File: NCT03860428_inc 

Das File: /work/eauten2s/ec_criteria_struct/lct/input/dataset_p2/test/input/NCT03860428_inc.txt wurde erfolgreich geladen.
Die Daten wurden erfolgreich in '/work/eauten2s/ec_criteria_struct/lct/evaluate_struct/model_output/struct2_eval_testdataset/Llama-3-70B-Instruct_3_shot/output/Llama-3-70B-Instruct_NCT03860428_inc.json' gespeichert.
File: NCT03860493_exc 

Das File: /work/eauten2s/ec_criteria_struct/lct/input/dataset_p2/test/input/NCT03860493_exc.txt wurde erfolgreich geladen.
Die Daten wurden erfolgreich in '/work/eauten2s/ec_criteria_struct/lct/evaluate_struct/model_output/struct2_eval_testdataset/Llama-3-70B-Instruct_3_shot/output/Llama-3-70B-Instruct_NCT03860493_exc.json' gespeichert.
File: NCT03860545_inc 

Das File: /work/eauten2s/ec_criteria_struct/lct/input/dataset_p2/test/input/NCT03860545_inc.txt wurde erfolgreich geladen.
Die Daten wurden erfolgreich in '/work/eauten2s/ec_criteria_struct/lct/evaluate_struct/model_output/struct2_eval_testdataset/Llama-3-70B-Instruct_3_shot/output/Llama-3-70B-Instruct_NCT03860545_inc.json' gespeichert.
File: NCT03860597_inc 

Das File: /work/eauten2s/ec_criteria_struct/lct/input/dataset_p2/test/input/NCT03860597_inc.txt wurde erfolgreich geladen.
Die Daten wurden erfolgreich in '/work/eauten2s/ec_criteria_struct/lct/evaluate_struct/model_output/struct2_eval_testdataset/Llama-3-70B-Instruct_3_shot/output/Llama-3-70B-Instruct_NCT03860597_inc.json' gespeichert.
File: NCT03860610_inc 

Das File: /work/eauten2s/ec_criteria_struct/lct/input/dataset_p2/test/input/NCT03860610_inc.txt wurde erfolgreich geladen.
Die Daten wurden erfolgreich in '/work/eauten2s/ec_criteria_struct/lct/evaluate_struct/model_output/struct2_eval_testdataset/Llama-3-70B-Instruct_3_shot/output/Llama-3-70B-Instruct_NCT03860610_inc.json' gespeichert.
File: NCT03860623_inc 

Das File: /work/eauten2s/ec_criteria_struct/lct/input/dataset_p2/test/input/NCT03860623_inc.txt wurde erfolgreich geladen.
Die Daten wurden erfolgreich in '/work/eauten2s/ec_criteria_struct/lct/evaluate_struct/model_output/struct2_eval_testdataset/Llama-3-70B-Instruct_3_shot/output/Llama-3-70B-Instruct_NCT03860623_inc.json' gespeichert.
File: NCT03860662_inc 

Das File: /work/eauten2s/ec_criteria_struct/lct/input/dataset_p2/test/input/NCT03860662_inc.txt wurde erfolgreich geladen.
Die Daten wurden erfolgreich in '/work/eauten2s/ec_criteria_struct/lct/evaluate_struct/model_output/struct2_eval_testdataset/Llama-3-70B-Instruct_3_shot/output/Llama-3-70B-Instruct_NCT03860662_inc.json' gespeichert.
File: NCT03860688_exc 

Das File: /work/eauten2s/ec_criteria_struct/lct/input/dataset_p2/test/input/NCT03860688_exc.txt wurde erfolgreich geladen.
Die Daten wurden erfolgreich in '/work/eauten2s/ec_criteria_struct/lct/evaluate_struct/model_output/struct2_eval_testdataset/Llama-3-70B-Instruct_3_shot/output/Llama-3-70B-Instruct_NCT03860688_exc.json' gespeichert.
File: NCT03860701_inc 

Das File: /work/eauten2s/ec_criteria_struct/lct/input/dataset_p2/test/input/NCT03860701_inc.txt wurde erfolgreich geladen.
Die Daten wurden erfolgreich in '/work/eauten2s/ec_criteria_struct/lct/evaluate_struct/model_output/struct2_eval_testdataset/Llama-3-70B-Instruct_3_shot/output/Llama-3-70B-Instruct_NCT03860701_inc.json' gespeichert.
File: NCT03860753_exc 

Das File: /work/eauten2s/ec_criteria_struct/lct/input/dataset_p2/test/input/NCT03860753_exc.txt wurde erfolgreich geladen.
Die Daten wurden erfolgreich in '/work/eauten2s/ec_criteria_struct/lct/evaluate_struct/model_output/struct2_eval_testdataset/Llama-3-70B-Instruct_3_shot/output/Llama-3-70B-Instruct_NCT03860753_exc.json' gespeichert.
File: NCT03860766_exc 

Das File: /work/eauten2s/ec_criteria_struct/lct/input/dataset_p2/test/input/NCT03860766_exc.txt wurde erfolgreich geladen.
Die Daten wurden erfolgreich in '/work/eauten2s/ec_criteria_struct/lct/evaluate_struct/model_output/struct2_eval_testdataset/Llama-3-70B-Instruct_3_shot/output/Llama-3-70B-Instruct_NCT03860766_exc.json' gespeichert.
File: NCT03861078_inc 

Das File ist leer.
Die Daten wurden erfolgreich in '/work/eauten2s/ec_criteria_struct/lct/evaluate_struct/model_output/struct2_eval_testdataset/Llama-3-70B-Instruct_3_shot/output/Llama-3-70B-Instruct_NCT03861078_inc.json' gespeichert.
File: NCT03861104_exc 

Das File: /work/eauten2s/ec_criteria_struct/lct/input/dataset_p2/test/input/NCT03861104_exc.txt wurde erfolgreich geladen.
Die Daten wurden erfolgreich in '/work/eauten2s/ec_criteria_struct/lct/evaluate_struct/model_output/struct2_eval_testdataset/Llama-3-70B-Instruct_3_shot/output/Llama-3-70B-Instruct_NCT03861104_exc.json' gespeichert.
File: NCT03861182_inc 

Das File: /work/eauten2s/ec_criteria_struct/lct/input/dataset_p2/test/input/NCT03861182_inc.txt wurde erfolgreich geladen.
Die Daten wurden erfolgreich in '/work/eauten2s/ec_criteria_struct/lct/evaluate_struct/model_output/struct2_eval_testdataset/Llama-3-70B-Instruct_3_shot/output/Llama-3-70B-Instruct_NCT03861182_inc.json' gespeichert.
File: NCT03861195_inc 

Das File: /work/eauten2s/ec_criteria_struct/lct/input/dataset_p2/test/input/NCT03861195_inc.txt wurde erfolgreich geladen.
Die Daten wurden erfolgreich in '/work/eauten2s/ec_criteria_struct/lct/evaluate_struct/model_output/struct2_eval_testdataset/Llama-3-70B-Instruct_3_shot/output/Llama-3-70B-Instruct_NCT03861195_inc.json' gespeichert.
File: NCT03861221_inc 

Das File: /work/eauten2s/ec_criteria_struct/lct/input/dataset_p2/test/input/NCT03861221_inc.txt wurde erfolgreich geladen.
Die Daten wurden erfolgreich in '/work/eauten2s/ec_criteria_struct/lct/evaluate_struct/model_output/struct2_eval_testdataset/Llama-3-70B-Instruct_3_shot/output/Llama-3-70B-Instruct_NCT03861221_inc.json' gespeichert.
File: NCT03861312_exc 

Das File: /work/eauten2s/ec_criteria_struct/lct/input/dataset_p2/test/input/NCT03861312_exc.txt wurde erfolgreich geladen.
Die Daten wurden erfolgreich in '/work/eauten2s/ec_criteria_struct/lct/evaluate_struct/model_output/struct2_eval_testdataset/Llama-3-70B-Instruct_3_shot/output/Llama-3-70B-Instruct_NCT03861312_exc.json' gespeichert.
File: NCT03861325_inc 

Das File: /work/eauten2s/ec_criteria_struct/lct/input/dataset_p2/test/input/NCT03861325_inc.txt wurde erfolgreich geladen.
Die Daten wurden erfolgreich in '/work/eauten2s/ec_criteria_struct/lct/evaluate_struct/model_output/struct2_eval_testdataset/Llama-3-70B-Instruct_3_shot/output/Llama-3-70B-Instruct_NCT03861325_inc.json' gespeichert.
File: NCT03861377_exc 

Das File: /work/eauten2s/ec_criteria_struct/lct/input/dataset_p2/test/input/NCT03861377_exc.txt wurde erfolgreich geladen.
Die Daten wurden erfolgreich in '/work/eauten2s/ec_criteria_struct/lct/evaluate_struct/model_output/struct2_eval_testdataset/Llama-3-70B-Instruct_3_shot/output/Llama-3-70B-Instruct_NCT03861377_exc.json' gespeichert.
File: NCT03861442_exc 

Das File: /work/eauten2s/ec_criteria_struct/lct/input/dataset_p2/test/input/NCT03861442_exc.txt wurde erfolgreich geladen.
Die Daten wurden erfolgreich in '/work/eauten2s/ec_criteria_struct/lct/evaluate_struct/model_output/struct2_eval_testdataset/Llama-3-70B-Instruct_3_shot/output/Llama-3-70B-Instruct_NCT03861442_exc.json' gespeichert.
File: NCT03861507_inc 

Das File: /work/eauten2s/ec_criteria_struct/lct/input/dataset_p2/test/input/NCT03861507_inc.txt wurde erfolgreich geladen.
Die Daten wurden erfolgreich in '/work/eauten2s/ec_criteria_struct/lct/evaluate_struct/model_output/struct2_eval_testdataset/Llama-3-70B-Instruct_3_shot/output/Llama-3-70B-Instruct_NCT03861507_inc.json' gespeichert.
File: NCT03861715_exc 

Das File: /work/eauten2s/ec_criteria_struct/lct/input/dataset_p2/test/input/NCT03861715_exc.txt wurde erfolgreich geladen.
Die Daten wurden erfolgreich in '/work/eauten2s/ec_criteria_struct/lct/evaluate_struct/model_output/struct2_eval_testdataset/Llama-3-70B-Instruct_3_shot/output/Llama-3-70B-Instruct_NCT03861715_exc.json' gespeichert.
File: NCT03861715_inc 

Das File: /work/eauten2s/ec_criteria_struct/lct/input/dataset_p2/test/input/NCT03861715_inc.txt wurde erfolgreich geladen.
Die Daten wurden erfolgreich in '/work/eauten2s/ec_criteria_struct/lct/evaluate_struct/model_output/struct2_eval_testdataset/Llama-3-70B-Instruct_3_shot/output/Llama-3-70B-Instruct_NCT03861715_inc.json' gespeichert.
File: NCT03861806_exc 

Das File: /work/eauten2s/ec_criteria_struct/lct/input/dataset_p2/test/input/NCT03861806_exc.txt wurde erfolgreich geladen.
Die Daten wurden erfolgreich in '/work/eauten2s/ec_criteria_struct/lct/evaluate_struct/model_output/struct2_eval_testdataset/Llama-3-70B-Instruct_3_shot/output/Llama-3-70B-Instruct_NCT03861806_exc.json' gespeichert.
File: NCT03861845_inc 

Das File: /work/eauten2s/ec_criteria_struct/lct/input/dataset_p2/test/input/NCT03861845_inc.txt wurde erfolgreich geladen.
Die Daten wurden erfolgreich in '/work/eauten2s/ec_criteria_struct/lct/evaluate_struct/model_output/struct2_eval_testdataset/Llama-3-70B-Instruct_3_shot/output/Llama-3-70B-Instruct_NCT03861845_inc.json' gespeichert.
File: NCT03861858_inc 

Das File: /work/eauten2s/ec_criteria_struct/lct/input/dataset_p2/test/input/NCT03861858_inc.txt wurde erfolgreich geladen.
Die Daten wurden erfolgreich in '/work/eauten2s/ec_criteria_struct/lct/evaluate_struct/model_output/struct2_eval_testdataset/Llama-3-70B-Instruct_3_shot/output/Llama-3-70B-Instruct_NCT03861858_inc.json' gespeichert.
File: NCT03861962_inc 

Das File: /work/eauten2s/ec_criteria_struct/lct/input/dataset_p2/test/input/NCT03861962_inc.txt wurde erfolgreich geladen.
Die Daten wurden erfolgreich in '/work/eauten2s/ec_criteria_struct/lct/evaluate_struct/model_output/struct2_eval_testdataset/Llama-3-70B-Instruct_3_shot/output/Llama-3-70B-Instruct_NCT03861962_inc.json' gespeichert.
File: NCT03861988_exc 

Das File: /work/eauten2s/ec_criteria_struct/lct/input/dataset_p2/test/input/NCT03861988_exc.txt wurde erfolgreich geladen.
Die Daten wurden erfolgreich in '/work/eauten2s/ec_criteria_struct/lct/evaluate_struct/model_output/struct2_eval_testdataset/Llama-3-70B-Instruct_3_shot/output/Llama-3-70B-Instruct_NCT03861988_exc.json' gespeichert.
File: NCT03862027_exc 

Das File: /work/eauten2s/ec_criteria_struct/lct/input/dataset_p2/test/input/NCT03862027_exc.txt wurde erfolgreich geladen.
Die Daten wurden erfolgreich in '/work/eauten2s/ec_criteria_struct/lct/evaluate_struct/model_output/struct2_eval_testdataset/Llama-3-70B-Instruct_3_shot/output/Llama-3-70B-Instruct_NCT03862027_exc.json' gespeichert.
File: NCT03862066_exc 

Das File: /work/eauten2s/ec_criteria_struct/lct/input/dataset_p2/test/input/NCT03862066_exc.txt wurde erfolgreich geladen.
Die Daten wurden erfolgreich in '/work/eauten2s/ec_criteria_struct/lct/evaluate_struct/model_output/struct2_eval_testdataset/Llama-3-70B-Instruct_3_shot/output/Llama-3-70B-Instruct_NCT03862066_exc.json' gespeichert.
File: NCT03862105_inc 

Das File: /work/eauten2s/ec_criteria_struct/lct/input/dataset_p2/test/input/NCT03862105_inc.txt wurde erfolgreich geladen.
Die Daten wurden erfolgreich in '/work/eauten2s/ec_criteria_struct/lct/evaluate_struct/model_output/struct2_eval_testdataset/Llama-3-70B-Instruct_3_shot/output/Llama-3-70B-Instruct_NCT03862105_inc.json' gespeichert.
File: NCT03862209_exc 

Das File: /work/eauten2s/ec_criteria_struct/lct/input/dataset_p2/test/input/NCT03862209_exc.txt wurde erfolgreich geladen.
Die Daten wurden erfolgreich in '/work/eauten2s/ec_criteria_struct/lct/evaluate_struct/model_output/struct2_eval_testdataset/Llama-3-70B-Instruct_3_shot/output/Llama-3-70B-Instruct_NCT03862209_exc.json' gespeichert.
File: NCT03862209_inc 

Das File: /work/eauten2s/ec_criteria_struct/lct/input/dataset_p2/test/input/NCT03862209_inc.txt wurde erfolgreich geladen.
Die Daten wurden erfolgreich in '/work/eauten2s/ec_criteria_struct/lct/evaluate_struct/model_output/struct2_eval_testdataset/Llama-3-70B-Instruct_3_shot/output/Llama-3-70B-Instruct_NCT03862209_inc.json' gespeichert.
File: NCT03862235_exc 

Das File: /work/eauten2s/ec_criteria_struct/lct/input/dataset_p2/test/input/NCT03862235_exc.txt wurde erfolgreich geladen.
Die Daten wurden erfolgreich in '/work/eauten2s/ec_criteria_struct/lct/evaluate_struct/model_output/struct2_eval_testdataset/Llama-3-70B-Instruct_3_shot/output/Llama-3-70B-Instruct_NCT03862235_exc.json' gespeichert.
File: NCT03862274_exc 

Das File: /work/eauten2s/ec_criteria_struct/lct/input/dataset_p2/test/input/NCT03862274_exc.txt wurde erfolgreich geladen.
Die Daten wurden erfolgreich in '/work/eauten2s/ec_criteria_struct/lct/evaluate_struct/model_output/struct2_eval_testdataset/Llama-3-70B-Instruct_3_shot/output/Llama-3-70B-Instruct_NCT03862274_exc.json' gespeichert.
File: NCT03862287_exc 

Das File: /work/eauten2s/ec_criteria_struct/lct/input/dataset_p2/test/input/NCT03862287_exc.txt wurde erfolgreich geladen.
Die Daten wurden erfolgreich in '/work/eauten2s/ec_criteria_struct/lct/evaluate_struct/model_output/struct2_eval_testdataset/Llama-3-70B-Instruct_3_shot/output/Llama-3-70B-Instruct_NCT03862287_exc.json' gespeichert.
File: NCT03862404_inc 

Das File: /work/eauten2s/ec_criteria_struct/lct/input/dataset_p2/test/input/NCT03862404_inc.txt wurde erfolgreich geladen.
Die Daten wurden erfolgreich in '/work/eauten2s/ec_criteria_struct/lct/evaluate_struct/model_output/struct2_eval_testdataset/Llama-3-70B-Instruct_3_shot/output/Llama-3-70B-Instruct_NCT03862404_inc.json' gespeichert.
File: NCT03862417_inc 

Das File: /work/eauten2s/ec_criteria_struct/lct/input/dataset_p2/test/input/NCT03862417_inc.txt wurde erfolgreich geladen.
Die Daten wurden erfolgreich in '/work/eauten2s/ec_criteria_struct/lct/evaluate_struct/model_output/struct2_eval_testdataset/Llama-3-70B-Instruct_3_shot/output/Llama-3-70B-Instruct_NCT03862417_inc.json' gespeichert.
File: NCT03862456_inc 

Das File: /work/eauten2s/ec_criteria_struct/lct/input/dataset_p2/test/input/NCT03862456_inc.txt wurde erfolgreich geladen.
Die Daten wurden erfolgreich in '/work/eauten2s/ec_criteria_struct/lct/evaluate_struct/model_output/struct2_eval_testdataset/Llama-3-70B-Instruct_3_shot/output/Llama-3-70B-Instruct_NCT03862456_inc.json' gespeichert.
File: NCT03862469_inc 

Das File: /work/eauten2s/ec_criteria_struct/lct/input/dataset_p2/test/input/NCT03862469_inc.txt wurde erfolgreich geladen.
Die Daten wurden erfolgreich in '/work/eauten2s/ec_criteria_struct/lct/evaluate_struct/model_output/struct2_eval_testdataset/Llama-3-70B-Instruct_3_shot/output/Llama-3-70B-Instruct_NCT03862469_inc.json' gespeichert.
File: NCT03862521_inc 

Das File ist leer.
Die Daten wurden erfolgreich in '/work/eauten2s/ec_criteria_struct/lct/evaluate_struct/model_output/struct2_eval_testdataset/Llama-3-70B-Instruct_3_shot/output/Llama-3-70B-Instruct_NCT03862521_inc.json' gespeichert.
File: NCT03862547_inc 

Das File: /work/eauten2s/ec_criteria_struct/lct/input/dataset_p2/test/input/NCT03862547_inc.txt wurde erfolgreich geladen.
Die Daten wurden erfolgreich in '/work/eauten2s/ec_criteria_struct/lct/evaluate_struct/model_output/struct2_eval_testdataset/Llama-3-70B-Instruct_3_shot/output/Llama-3-70B-Instruct_NCT03862547_inc.json' gespeichert.
File: NCT03862573_exc 

Das File: /work/eauten2s/ec_criteria_struct/lct/input/dataset_p2/test/input/NCT03862573_exc.txt wurde erfolgreich geladen.
Die Daten wurden erfolgreich in '/work/eauten2s/ec_criteria_struct/lct/evaluate_struct/model_output/struct2_eval_testdataset/Llama-3-70B-Instruct_3_shot/output/Llama-3-70B-Instruct_NCT03862573_exc.json' gespeichert.
File: NCT03862612_exc 

Das File: /work/eauten2s/ec_criteria_struct/lct/input/dataset_p2/test/input/NCT03862612_exc.txt wurde erfolgreich geladen.
Die Daten wurden erfolgreich in '/work/eauten2s/ec_criteria_struct/lct/evaluate_struct/model_output/struct2_eval_testdataset/Llama-3-70B-Instruct_3_shot/output/Llama-3-70B-Instruct_NCT03862612_exc.json' gespeichert.
File: NCT03862690_exc 

Das File: /work/eauten2s/ec_criteria_struct/lct/input/dataset_p2/test/input/NCT03862690_exc.txt wurde erfolgreich geladen.
Die Daten wurden erfolgreich in '/work/eauten2s/ec_criteria_struct/lct/evaluate_struct/model_output/struct2_eval_testdataset/Llama-3-70B-Instruct_3_shot/output/Llama-3-70B-Instruct_NCT03862690_exc.json' gespeichert.
File: NCT03862742_exc 

Das File: /work/eauten2s/ec_criteria_struct/lct/input/dataset_p2/test/input/NCT03862742_exc.txt wurde erfolgreich geladen.
Die Daten wurden erfolgreich in '/work/eauten2s/ec_criteria_struct/lct/evaluate_struct/model_output/struct2_eval_testdataset/Llama-3-70B-Instruct_3_shot/output/Llama-3-70B-Instruct_NCT03862742_exc.json' gespeichert.
File: NCT03862781_inc 

Das File: /work/eauten2s/ec_criteria_struct/lct/input/dataset_p2/test/input/NCT03862781_inc.txt wurde erfolgreich geladen.
Die Daten wurden erfolgreich in '/work/eauten2s/ec_criteria_struct/lct/evaluate_struct/model_output/struct2_eval_testdataset/Llama-3-70B-Instruct_3_shot/output/Llama-3-70B-Instruct_NCT03862781_inc.json' gespeichert.
File: NCT03862846_inc 

Das File: /work/eauten2s/ec_criteria_struct/lct/input/dataset_p2/test/input/NCT03862846_inc.txt wurde erfolgreich geladen.
Die Daten wurden erfolgreich in '/work/eauten2s/ec_criteria_struct/lct/evaluate_struct/model_output/struct2_eval_testdataset/Llama-3-70B-Instruct_3_shot/output/Llama-3-70B-Instruct_NCT03862846_inc.json' gespeichert.
File: NCT03862963_inc 

Das File: /work/eauten2s/ec_criteria_struct/lct/input/dataset_p2/test/input/NCT03862963_inc.txt wurde erfolgreich geladen.
Die Daten wurden erfolgreich in '/work/eauten2s/ec_criteria_struct/lct/evaluate_struct/model_output/struct2_eval_testdataset/Llama-3-70B-Instruct_3_shot/output/Llama-3-70B-Instruct_NCT03862963_inc.json' gespeichert.
File: NCT03863067_inc 

Das File: /work/eauten2s/ec_criteria_struct/lct/input/dataset_p2/test/input/NCT03863067_inc.txt wurde erfolgreich geladen.
Die Daten wurden erfolgreich in '/work/eauten2s/ec_criteria_struct/lct/evaluate_struct/model_output/struct2_eval_testdataset/Llama-3-70B-Instruct_3_shot/output/Llama-3-70B-Instruct_NCT03863067_inc.json' gespeichert.
File: NCT03863080_exc 

Das File: /work/eauten2s/ec_criteria_struct/lct/input/dataset_p2/test/input/NCT03863080_exc.txt wurde erfolgreich geladen.
Die Daten wurden erfolgreich in '/work/eauten2s/ec_criteria_struct/lct/evaluate_struct/model_output/struct2_eval_testdataset/Llama-3-70B-Instruct_3_shot/output/Llama-3-70B-Instruct_NCT03863080_exc.json' gespeichert.
File: NCT03863158_exc 

Das File: /work/eauten2s/ec_criteria_struct/lct/input/dataset_p2/test/input/NCT03863158_exc.txt wurde erfolgreich geladen.
Die Daten wurden erfolgreich in '/work/eauten2s/ec_criteria_struct/lct/evaluate_struct/model_output/struct2_eval_testdataset/Llama-3-70B-Instruct_3_shot/output/Llama-3-70B-Instruct_NCT03863158_exc.json' gespeichert.
File: NCT03863171_inc 

Das File: /work/eauten2s/ec_criteria_struct/lct/input/dataset_p2/test/input/NCT03863171_inc.txt wurde erfolgreich geladen.
Die Daten wurden erfolgreich in '/work/eauten2s/ec_criteria_struct/lct/evaluate_struct/model_output/struct2_eval_testdataset/Llama-3-70B-Instruct_3_shot/output/Llama-3-70B-Instruct_NCT03863171_inc.json' gespeichert.
File: NCT03863197_inc 

Das File: /work/eauten2s/ec_criteria_struct/lct/input/dataset_p2/test/input/NCT03863197_inc.txt wurde erfolgreich geladen.
Die Daten wurden erfolgreich in '/work/eauten2s/ec_criteria_struct/lct/evaluate_struct/model_output/struct2_eval_testdataset/Llama-3-70B-Instruct_3_shot/output/Llama-3-70B-Instruct_NCT03863197_inc.json' gespeichert.
File: NCT03863210_exc 

Das File: /work/eauten2s/ec_criteria_struct/lct/input/dataset_p2/test/input/NCT03863210_exc.txt wurde erfolgreich geladen.
Die Daten wurden erfolgreich in '/work/eauten2s/ec_criteria_struct/lct/evaluate_struct/model_output/struct2_eval_testdataset/Llama-3-70B-Instruct_3_shot/output/Llama-3-70B-Instruct_NCT03863210_exc.json' gespeichert.
File: NCT03863210_inc 

Das File: /work/eauten2s/ec_criteria_struct/lct/input/dataset_p2/test/input/NCT03863210_inc.txt wurde erfolgreich geladen.
Die Daten wurden erfolgreich in '/work/eauten2s/ec_criteria_struct/lct/evaluate_struct/model_output/struct2_eval_testdataset/Llama-3-70B-Instruct_3_shot/output/Llama-3-70B-Instruct_NCT03863210_inc.json' gespeichert.
File: NCT03863275_exc 

Das File: /work/eauten2s/ec_criteria_struct/lct/input/dataset_p2/test/input/NCT03863275_exc.txt wurde erfolgreich geladen.
Die Daten wurden erfolgreich in '/work/eauten2s/ec_criteria_struct/lct/evaluate_struct/model_output/struct2_eval_testdataset/Llama-3-70B-Instruct_3_shot/output/Llama-3-70B-Instruct_NCT03863275_exc.json' gespeichert.
File: NCT03863353_exc 

Das File: /work/eauten2s/ec_criteria_struct/lct/input/dataset_p2/test/input/NCT03863353_exc.txt wurde erfolgreich geladen.
Die Daten wurden erfolgreich in '/work/eauten2s/ec_criteria_struct/lct/evaluate_struct/model_output/struct2_eval_testdataset/Llama-3-70B-Instruct_3_shot/output/Llama-3-70B-Instruct_NCT03863353_exc.json' gespeichert.
File: NCT03863366_exc 

Das File: /work/eauten2s/ec_criteria_struct/lct/input/dataset_p2/test/input/NCT03863366_exc.txt wurde erfolgreich geladen.
Die Daten wurden erfolgreich in '/work/eauten2s/ec_criteria_struct/lct/evaluate_struct/model_output/struct2_eval_testdataset/Llama-3-70B-Instruct_3_shot/output/Llama-3-70B-Instruct_NCT03863366_exc.json' gespeichert.
File: NCT03863405_inc 

Das File: /work/eauten2s/ec_criteria_struct/lct/input/dataset_p2/test/input/NCT03863405_inc.txt wurde erfolgreich geladen.
Die Daten wurden erfolgreich in '/work/eauten2s/ec_criteria_struct/lct/evaluate_struct/model_output/struct2_eval_testdataset/Llama-3-70B-Instruct_3_shot/output/Llama-3-70B-Instruct_NCT03863405_inc.json' gespeichert.
File: NCT03863496_exc 

Das File: /work/eauten2s/ec_criteria_struct/lct/input/dataset_p2/test/input/NCT03863496_exc.txt wurde erfolgreich geladen.
Die Daten wurden erfolgreich in '/work/eauten2s/ec_criteria_struct/lct/evaluate_struct/model_output/struct2_eval_testdataset/Llama-3-70B-Instruct_3_shot/output/Llama-3-70B-Instruct_NCT03863496_exc.json' gespeichert.
File: NCT03863509_exc 

Das File: /work/eauten2s/ec_criteria_struct/lct/input/dataset_p2/test/input/NCT03863509_exc.txt wurde erfolgreich geladen.
Die Daten wurden erfolgreich in '/work/eauten2s/ec_criteria_struct/lct/evaluate_struct/model_output/struct2_eval_testdataset/Llama-3-70B-Instruct_3_shot/output/Llama-3-70B-Instruct_NCT03863509_exc.json' gespeichert.
File: NCT03863548_exc 

Das File: /work/eauten2s/ec_criteria_struct/lct/input/dataset_p2/test/input/NCT03863548_exc.txt wurde erfolgreich geladen.
Die Daten wurden erfolgreich in '/work/eauten2s/ec_criteria_struct/lct/evaluate_struct/model_output/struct2_eval_testdataset/Llama-3-70B-Instruct_3_shot/output/Llama-3-70B-Instruct_NCT03863548_exc.json' gespeichert.
File: NCT03863548_inc 

Das File: /work/eauten2s/ec_criteria_struct/lct/input/dataset_p2/test/input/NCT03863548_inc.txt wurde erfolgreich geladen.
Die Daten wurden erfolgreich in '/work/eauten2s/ec_criteria_struct/lct/evaluate_struct/model_output/struct2_eval_testdataset/Llama-3-70B-Instruct_3_shot/output/Llama-3-70B-Instruct_NCT03863548_inc.json' gespeichert.
File: NCT03863561_exc 

Das File: /work/eauten2s/ec_criteria_struct/lct/input/dataset_p2/test/input/NCT03863561_exc.txt wurde erfolgreich geladen.
Die Daten wurden erfolgreich in '/work/eauten2s/ec_criteria_struct/lct/evaluate_struct/model_output/struct2_eval_testdataset/Llama-3-70B-Instruct_3_shot/output/Llama-3-70B-Instruct_NCT03863561_exc.json' gespeichert.
File: NCT03863561_inc 

Das File: /work/eauten2s/ec_criteria_struct/lct/input/dataset_p2/test/input/NCT03863561_inc.txt wurde erfolgreich geladen.
Die Daten wurden erfolgreich in '/work/eauten2s/ec_criteria_struct/lct/evaluate_struct/model_output/struct2_eval_testdataset/Llama-3-70B-Instruct_3_shot/output/Llama-3-70B-Instruct_NCT03863561_inc.json' gespeichert.
File: NCT03863600_exc 

Das File: /work/eauten2s/ec_criteria_struct/lct/input/dataset_p2/test/input/NCT03863600_exc.txt wurde erfolgreich geladen.
Die Daten wurden erfolgreich in '/work/eauten2s/ec_criteria_struct/lct/evaluate_struct/model_output/struct2_eval_testdataset/Llama-3-70B-Instruct_3_shot/output/Llama-3-70B-Instruct_NCT03863600_exc.json' gespeichert.
File: NCT03863639_inc 

Das File: /work/eauten2s/ec_criteria_struct/lct/input/dataset_p2/test/input/NCT03863639_inc.txt wurde erfolgreich geladen.
Die Daten wurden erfolgreich in '/work/eauten2s/ec_criteria_struct/lct/evaluate_struct/model_output/struct2_eval_testdataset/Llama-3-70B-Instruct_3_shot/output/Llama-3-70B-Instruct_NCT03863639_inc.json' gespeichert.
File: NCT03863691_exc 

Das File: /work/eauten2s/ec_criteria_struct/lct/input/dataset_p2/test/input/NCT03863691_exc.txt wurde erfolgreich geladen.
Die Daten wurden erfolgreich in '/work/eauten2s/ec_criteria_struct/lct/evaluate_struct/model_output/struct2_eval_testdataset/Llama-3-70B-Instruct_3_shot/output/Llama-3-70B-Instruct_NCT03863691_exc.json' gespeichert.
File: NCT03863691_inc 

Das File: /work/eauten2s/ec_criteria_struct/lct/input/dataset_p2/test/input/NCT03863691_inc.txt wurde erfolgreich geladen.
Die Daten wurden erfolgreich in '/work/eauten2s/ec_criteria_struct/lct/evaluate_struct/model_output/struct2_eval_testdataset/Llama-3-70B-Instruct_3_shot/output/Llama-3-70B-Instruct_NCT03863691_inc.json' gespeichert.
File: NCT03863717_exc 

Das File: /work/eauten2s/ec_criteria_struct/lct/input/dataset_p2/test/input/NCT03863717_exc.txt wurde erfolgreich geladen.
Die Daten wurden erfolgreich in '/work/eauten2s/ec_criteria_struct/lct/evaluate_struct/model_output/struct2_eval_testdataset/Llama-3-70B-Instruct_3_shot/output/Llama-3-70B-Instruct_NCT03863717_exc.json' gespeichert.
File: NCT03863756_exc 

Das File: /work/eauten2s/ec_criteria_struct/lct/input/dataset_p2/test/input/NCT03863756_exc.txt wurde erfolgreich geladen.
Die Daten wurden erfolgreich in '/work/eauten2s/ec_criteria_struct/lct/evaluate_struct/model_output/struct2_eval_testdataset/Llama-3-70B-Instruct_3_shot/output/Llama-3-70B-Instruct_NCT03863756_exc.json' gespeichert.
File: NCT03863847_exc 

Das File: /work/eauten2s/ec_criteria_struct/lct/input/dataset_p2/test/input/NCT03863847_exc.txt wurde erfolgreich geladen.
Die Daten wurden erfolgreich in '/work/eauten2s/ec_criteria_struct/lct/evaluate_struct/model_output/struct2_eval_testdataset/Llama-3-70B-Instruct_3_shot/output/Llama-3-70B-Instruct_NCT03863847_exc.json' gespeichert.
File: NCT03863847_inc 

Das File: /work/eauten2s/ec_criteria_struct/lct/input/dataset_p2/test/input/NCT03863847_inc.txt wurde erfolgreich geladen.
Die Daten wurden erfolgreich in '/work/eauten2s/ec_criteria_struct/lct/evaluate_struct/model_output/struct2_eval_testdataset/Llama-3-70B-Instruct_3_shot/output/Llama-3-70B-Instruct_NCT03863847_inc.json' gespeichert.
File: NCT03863925_inc 

Das File: /work/eauten2s/ec_criteria_struct/lct/input/dataset_p2/test/input/NCT03863925_inc.txt wurde erfolgreich geladen.
Die Daten wurden erfolgreich in '/work/eauten2s/ec_criteria_struct/lct/evaluate_struct/model_output/struct2_eval_testdataset/Llama-3-70B-Instruct_3_shot/output/Llama-3-70B-Instruct_NCT03863925_inc.json' gespeichert.
File: NCT03863938_exc 

Das File: /work/eauten2s/ec_criteria_struct/lct/input/dataset_p2/test/input/NCT03863938_exc.txt wurde erfolgreich geladen.
Die Daten wurden erfolgreich in '/work/eauten2s/ec_criteria_struct/lct/evaluate_struct/model_output/struct2_eval_testdataset/Llama-3-70B-Instruct_3_shot/output/Llama-3-70B-Instruct_NCT03863938_exc.json' gespeichert.
File: NCT03864094_inc 

Das File: /work/eauten2s/ec_criteria_struct/lct/input/dataset_p2/test/input/NCT03864094_inc.txt wurde erfolgreich geladen.
Die Daten wurden erfolgreich in '/work/eauten2s/ec_criteria_struct/lct/evaluate_struct/model_output/struct2_eval_testdataset/Llama-3-70B-Instruct_3_shot/output/Llama-3-70B-Instruct_NCT03864094_inc.json' gespeichert.
File: NCT03864120_exc 

Das File: /work/eauten2s/ec_criteria_struct/lct/input/dataset_p2/test/input/NCT03864120_exc.txt wurde erfolgreich geladen.
Die Daten wurden erfolgreich in '/work/eauten2s/ec_criteria_struct/lct/evaluate_struct/model_output/struct2_eval_testdataset/Llama-3-70B-Instruct_3_shot/output/Llama-3-70B-Instruct_NCT03864120_exc.json' gespeichert.
File: NCT03864133_exc 

Das File: /work/eauten2s/ec_criteria_struct/lct/input/dataset_p2/test/input/NCT03864133_exc.txt wurde erfolgreich geladen.
Die Daten wurden erfolgreich in '/work/eauten2s/ec_criteria_struct/lct/evaluate_struct/model_output/struct2_eval_testdataset/Llama-3-70B-Instruct_3_shot/output/Llama-3-70B-Instruct_NCT03864133_exc.json' gespeichert.
File: NCT03864172_exc 

Das File: /work/eauten2s/ec_criteria_struct/lct/input/dataset_p2/test/input/NCT03864172_exc.txt wurde erfolgreich geladen.
Die Daten wurden erfolgreich in '/work/eauten2s/ec_criteria_struct/lct/evaluate_struct/model_output/struct2_eval_testdataset/Llama-3-70B-Instruct_3_shot/output/Llama-3-70B-Instruct_NCT03864172_exc.json' gespeichert.
File: NCT03864198_exc 

Das File: /work/eauten2s/ec_criteria_struct/lct/input/dataset_p2/test/input/NCT03864198_exc.txt wurde erfolgreich geladen.
Die Daten wurden erfolgreich in '/work/eauten2s/ec_criteria_struct/lct/evaluate_struct/model_output/struct2_eval_testdataset/Llama-3-70B-Instruct_3_shot/output/Llama-3-70B-Instruct_NCT03864198_exc.json' gespeichert.
File: NCT03864263_inc 

Das File: /work/eauten2s/ec_criteria_struct/lct/input/dataset_p2/test/input/NCT03864263_inc.txt wurde erfolgreich geladen.
Die Daten wurden erfolgreich in '/work/eauten2s/ec_criteria_struct/lct/evaluate_struct/model_output/struct2_eval_testdataset/Llama-3-70B-Instruct_3_shot/output/Llama-3-70B-Instruct_NCT03864263_inc.json' gespeichert.
File: NCT03864276_inc 

Das File: /work/eauten2s/ec_criteria_struct/lct/input/dataset_p2/test/input/NCT03864276_inc.txt wurde erfolgreich geladen.
Die Daten wurden erfolgreich in '/work/eauten2s/ec_criteria_struct/lct/evaluate_struct/model_output/struct2_eval_testdataset/Llama-3-70B-Instruct_3_shot/output/Llama-3-70B-Instruct_NCT03864276_inc.json' gespeichert.
File: NCT03864302_exc 

Das File: /work/eauten2s/ec_criteria_struct/lct/input/dataset_p2/test/input/NCT03864302_exc.txt wurde erfolgreich geladen.
Die Daten wurden erfolgreich in '/work/eauten2s/ec_criteria_struct/lct/evaluate_struct/model_output/struct2_eval_testdataset/Llama-3-70B-Instruct_3_shot/output/Llama-3-70B-Instruct_NCT03864302_exc.json' gespeichert.
File: NCT03864302_inc 

Das File: /work/eauten2s/ec_criteria_struct/lct/input/dataset_p2/test/input/NCT03864302_inc.txt wurde erfolgreich geladen.
Die Daten wurden erfolgreich in '/work/eauten2s/ec_criteria_struct/lct/evaluate_struct/model_output/struct2_eval_testdataset/Llama-3-70B-Instruct_3_shot/output/Llama-3-70B-Instruct_NCT03864302_inc.json' gespeichert.
File: NCT03864354_exc 

Das File: /work/eauten2s/ec_criteria_struct/lct/input/dataset_p2/test/input/NCT03864354_exc.txt wurde erfolgreich geladen.
Die Daten wurden erfolgreich in '/work/eauten2s/ec_criteria_struct/lct/evaluate_struct/model_output/struct2_eval_testdataset/Llama-3-70B-Instruct_3_shot/output/Llama-3-70B-Instruct_NCT03864354_exc.json' gespeichert.
File: NCT03864484_exc 

Das File: /work/eauten2s/ec_criteria_struct/lct/input/dataset_p2/test/input/NCT03864484_exc.txt wurde erfolgreich geladen.
Die Daten wurden erfolgreich in '/work/eauten2s/ec_criteria_struct/lct/evaluate_struct/model_output/struct2_eval_testdataset/Llama-3-70B-Instruct_3_shot/output/Llama-3-70B-Instruct_NCT03864484_exc.json' gespeichert.
File: NCT03864497_inc 

Das File: /work/eauten2s/ec_criteria_struct/lct/input/dataset_p2/test/input/NCT03864497_inc.txt wurde erfolgreich geladen.
Die Daten wurden erfolgreich in '/work/eauten2s/ec_criteria_struct/lct/evaluate_struct/model_output/struct2_eval_testdataset/Llama-3-70B-Instruct_3_shot/output/Llama-3-70B-Instruct_NCT03864497_inc.json' gespeichert.
File: NCT03864614_exc 

Das File: /work/eauten2s/ec_criteria_struct/lct/input/dataset_p2/test/input/NCT03864614_exc.txt wurde erfolgreich geladen.
Die Daten wurden erfolgreich in '/work/eauten2s/ec_criteria_struct/lct/evaluate_struct/model_output/struct2_eval_testdataset/Llama-3-70B-Instruct_3_shot/output/Llama-3-70B-Instruct_NCT03864614_exc.json' gespeichert.
File: NCT03864640_exc 

Das File: /work/eauten2s/ec_criteria_struct/lct/input/dataset_p2/test/input/NCT03864640_exc.txt wurde erfolgreich geladen.
Die Daten wurden erfolgreich in '/work/eauten2s/ec_criteria_struct/lct/evaluate_struct/model_output/struct2_eval_testdataset/Llama-3-70B-Instruct_3_shot/output/Llama-3-70B-Instruct_NCT03864640_exc.json' gespeichert.
File: NCT03864705_inc 

Das File: /work/eauten2s/ec_criteria_struct/lct/input/dataset_p2/test/input/NCT03864705_inc.txt wurde erfolgreich geladen.
Die Daten wurden erfolgreich in '/work/eauten2s/ec_criteria_struct/lct/evaluate_struct/model_output/struct2_eval_testdataset/Llama-3-70B-Instruct_3_shot/output/Llama-3-70B-Instruct_NCT03864705_inc.json' gespeichert.
File: NCT03864757_exc 

Das File: /work/eauten2s/ec_criteria_struct/lct/input/dataset_p2/test/input/NCT03864757_exc.txt wurde erfolgreich geladen.
Die Daten wurden erfolgreich in '/work/eauten2s/ec_criteria_struct/lct/evaluate_struct/model_output/struct2_eval_testdataset/Llama-3-70B-Instruct_3_shot/output/Llama-3-70B-Instruct_NCT03864757_exc.json' gespeichert.
File: NCT03864757_inc 

Das File: /work/eauten2s/ec_criteria_struct/lct/input/dataset_p2/test/input/NCT03864757_inc.txt wurde erfolgreich geladen.
Die Daten wurden erfolgreich in '/work/eauten2s/ec_criteria_struct/lct/evaluate_struct/model_output/struct2_eval_testdataset/Llama-3-70B-Instruct_3_shot/output/Llama-3-70B-Instruct_NCT03864757_inc.json' gespeichert.
File: NCT03864770_exc 

Das File: /work/eauten2s/ec_criteria_struct/lct/input/dataset_p2/test/input/NCT03864770_exc.txt wurde erfolgreich geladen.
Die Daten wurden erfolgreich in '/work/eauten2s/ec_criteria_struct/lct/evaluate_struct/model_output/struct2_eval_testdataset/Llama-3-70B-Instruct_3_shot/output/Llama-3-70B-Instruct_NCT03864770_exc.json' gespeichert.
File: NCT03864796_exc 

Das File: /work/eauten2s/ec_criteria_struct/lct/input/dataset_p2/test/input/NCT03864796_exc.txt wurde erfolgreich geladen.
Die Daten wurden erfolgreich in '/work/eauten2s/ec_criteria_struct/lct/evaluate_struct/model_output/struct2_eval_testdataset/Llama-3-70B-Instruct_3_shot/output/Llama-3-70B-Instruct_NCT03864796_exc.json' gespeichert.
File: NCT03864796_inc 

Das File: /work/eauten2s/ec_criteria_struct/lct/input/dataset_p2/test/input/NCT03864796_inc.txt wurde erfolgreich geladen.
Die Daten wurden erfolgreich in '/work/eauten2s/ec_criteria_struct/lct/evaluate_struct/model_output/struct2_eval_testdataset/Llama-3-70B-Instruct_3_shot/output/Llama-3-70B-Instruct_NCT03864796_inc.json' gespeichert.
File: NCT03864809_inc 

Das File: /work/eauten2s/ec_criteria_struct/lct/input/dataset_p2/test/input/NCT03864809_inc.txt wurde erfolgreich geladen.
Die Daten wurden erfolgreich in '/work/eauten2s/ec_criteria_struct/lct/evaluate_struct/model_output/struct2_eval_testdataset/Llama-3-70B-Instruct_3_shot/output/Llama-3-70B-Instruct_NCT03864809_inc.json' gespeichert.
File: NCT03864822_exc 

Das File: /work/eauten2s/ec_criteria_struct/lct/input/dataset_p2/test/input/NCT03864822_exc.txt wurde erfolgreich geladen.
Die Daten wurden erfolgreich in '/work/eauten2s/ec_criteria_struct/lct/evaluate_struct/model_output/struct2_eval_testdataset/Llama-3-70B-Instruct_3_shot/output/Llama-3-70B-Instruct_NCT03864822_exc.json' gespeichert.
File: NCT03864887_exc 

Das File: /work/eauten2s/ec_criteria_struct/lct/input/dataset_p2/test/input/NCT03864887_exc.txt wurde erfolgreich geladen.
Die Daten wurden erfolgreich in '/work/eauten2s/ec_criteria_struct/lct/evaluate_struct/model_output/struct2_eval_testdataset/Llama-3-70B-Instruct_3_shot/output/Llama-3-70B-Instruct_NCT03864887_exc.json' gespeichert.
File: NCT03864887_inc 

Das File: /work/eauten2s/ec_criteria_struct/lct/input/dataset_p2/test/input/NCT03864887_inc.txt wurde erfolgreich geladen.
Die Daten wurden erfolgreich in '/work/eauten2s/ec_criteria_struct/lct/evaluate_struct/model_output/struct2_eval_testdataset/Llama-3-70B-Instruct_3_shot/output/Llama-3-70B-Instruct_NCT03864887_inc.json' gespeichert.
File: NCT03865056_exc 

Das File: /work/eauten2s/ec_criteria_struct/lct/input/dataset_p2/test/input/NCT03865056_exc.txt wurde erfolgreich geladen.
Die Daten wurden erfolgreich in '/work/eauten2s/ec_criteria_struct/lct/evaluate_struct/model_output/struct2_eval_testdataset/Llama-3-70B-Instruct_3_shot/output/Llama-3-70B-Instruct_NCT03865056_exc.json' gespeichert.
File: NCT03865108_inc 

Das File: /work/eauten2s/ec_criteria_struct/lct/input/dataset_p2/test/input/NCT03865108_inc.txt wurde erfolgreich geladen.
Die Daten wurden erfolgreich in '/work/eauten2s/ec_criteria_struct/lct/evaluate_struct/model_output/struct2_eval_testdataset/Llama-3-70B-Instruct_3_shot/output/Llama-3-70B-Instruct_NCT03865108_inc.json' gespeichert.
File: NCT03865173_exc 

Das File: /work/eauten2s/ec_criteria_struct/lct/input/dataset_p2/test/input/NCT03865173_exc.txt wurde erfolgreich geladen.
Die Daten wurden erfolgreich in '/work/eauten2s/ec_criteria_struct/lct/evaluate_struct/model_output/struct2_eval_testdataset/Llama-3-70B-Instruct_3_shot/output/Llama-3-70B-Instruct_NCT03865173_exc.json' gespeichert.
File: NCT03865173_inc 

Das File: /work/eauten2s/ec_criteria_struct/lct/input/dataset_p2/test/input/NCT03865173_inc.txt wurde erfolgreich geladen.
Die Daten wurden erfolgreich in '/work/eauten2s/ec_criteria_struct/lct/evaluate_struct/model_output/struct2_eval_testdataset/Llama-3-70B-Instruct_3_shot/output/Llama-3-70B-Instruct_NCT03865173_inc.json' gespeichert.
File: NCT03865186_inc 

Das File: /work/eauten2s/ec_criteria_struct/lct/input/dataset_p2/test/input/NCT03865186_inc.txt wurde erfolgreich geladen.
Die Daten wurden erfolgreich in '/work/eauten2s/ec_criteria_struct/lct/evaluate_struct/model_output/struct2_eval_testdataset/Llama-3-70B-Instruct_3_shot/output/Llama-3-70B-Instruct_NCT03865186_inc.json' gespeichert.
File: NCT03865199_exc 

Das File: /work/eauten2s/ec_criteria_struct/lct/input/dataset_p2/test/input/NCT03865199_exc.txt wurde erfolgreich geladen.
Die Daten wurden erfolgreich in '/work/eauten2s/ec_criteria_struct/lct/evaluate_struct/model_output/struct2_eval_testdataset/Llama-3-70B-Instruct_3_shot/output/Llama-3-70B-Instruct_NCT03865199_exc.json' gespeichert.
File: NCT03865225_exc 

Das File: /work/eauten2s/ec_criteria_struct/lct/input/dataset_p2/test/input/NCT03865225_exc.txt wurde erfolgreich geladen.
Die Daten wurden erfolgreich in '/work/eauten2s/ec_criteria_struct/lct/evaluate_struct/model_output/struct2_eval_testdataset/Llama-3-70B-Instruct_3_shot/output/Llama-3-70B-Instruct_NCT03865225_exc.json' gespeichert.
File: NCT03865251_inc 

Das File: /work/eauten2s/ec_criteria_struct/lct/input/dataset_p2/test/input/NCT03865251_inc.txt wurde erfolgreich geladen.
Die Daten wurden erfolgreich in '/work/eauten2s/ec_criteria_struct/lct/evaluate_struct/model_output/struct2_eval_testdataset/Llama-3-70B-Instruct_3_shot/output/Llama-3-70B-Instruct_NCT03865251_inc.json' gespeichert.
File: NCT03865303_exc 

Das File ist leer.
Die Daten wurden erfolgreich in '/work/eauten2s/ec_criteria_struct/lct/evaluate_struct/model_output/struct2_eval_testdataset/Llama-3-70B-Instruct_3_shot/output/Llama-3-70B-Instruct_NCT03865303_exc.json' gespeichert.
File: NCT03865329_inc 

Das File ist leer.
Die Daten wurden erfolgreich in '/work/eauten2s/ec_criteria_struct/lct/evaluate_struct/model_output/struct2_eval_testdataset/Llama-3-70B-Instruct_3_shot/output/Llama-3-70B-Instruct_NCT03865329_inc.json' gespeichert.
File: NCT03865342_exc 

Das File: /work/eauten2s/ec_criteria_struct/lct/input/dataset_p2/test/input/NCT03865342_exc.txt wurde erfolgreich geladen.
Die Daten wurden erfolgreich in '/work/eauten2s/ec_criteria_struct/lct/evaluate_struct/model_output/struct2_eval_testdataset/Llama-3-70B-Instruct_3_shot/output/Llama-3-70B-Instruct_NCT03865342_exc.json' gespeichert.
File: NCT03865407_exc 

Das File: /work/eauten2s/ec_criteria_struct/lct/input/dataset_p2/test/input/NCT03865407_exc.txt wurde erfolgreich geladen.
Die Daten wurden erfolgreich in '/work/eauten2s/ec_criteria_struct/lct/evaluate_struct/model_output/struct2_eval_testdataset/Llama-3-70B-Instruct_3_shot/output/Llama-3-70B-Instruct_NCT03865407_exc.json' gespeichert.
File: NCT03865420_exc 

Das File: /work/eauten2s/ec_criteria_struct/lct/input/dataset_p2/test/input/NCT03865420_exc.txt wurde erfolgreich geladen.
Die Daten wurden erfolgreich in '/work/eauten2s/ec_criteria_struct/lct/evaluate_struct/model_output/struct2_eval_testdataset/Llama-3-70B-Instruct_3_shot/output/Llama-3-70B-Instruct_NCT03865420_exc.json' gespeichert.
File: NCT03865420_inc 

Das File: /work/eauten2s/ec_criteria_struct/lct/input/dataset_p2/test/input/NCT03865420_inc.txt wurde erfolgreich geladen.
Die Daten wurden erfolgreich in '/work/eauten2s/ec_criteria_struct/lct/evaluate_struct/model_output/struct2_eval_testdataset/Llama-3-70B-Instruct_3_shot/output/Llama-3-70B-Instruct_NCT03865420_inc.json' gespeichert.
File: NCT03865498_inc 

Das File: /work/eauten2s/ec_criteria_struct/lct/input/dataset_p2/test/input/NCT03865498_inc.txt wurde erfolgreich geladen.
Die Daten wurden erfolgreich in '/work/eauten2s/ec_criteria_struct/lct/evaluate_struct/model_output/struct2_eval_testdataset/Llama-3-70B-Instruct_3_shot/output/Llama-3-70B-Instruct_NCT03865498_inc.json' gespeichert.
File: NCT03865589_exc 

Das File: /work/eauten2s/ec_criteria_struct/lct/input/dataset_p2/test/input/NCT03865589_exc.txt wurde erfolgreich geladen.
Die Daten wurden erfolgreich in '/work/eauten2s/ec_criteria_struct/lct/evaluate_struct/model_output/struct2_eval_testdataset/Llama-3-70B-Instruct_3_shot/output/Llama-3-70B-Instruct_NCT03865589_exc.json' gespeichert.
File: NCT03865602_exc 

Das File: /work/eauten2s/ec_criteria_struct/lct/input/dataset_p2/test/input/NCT03865602_exc.txt wurde erfolgreich geladen.
Die Daten wurden erfolgreich in '/work/eauten2s/ec_criteria_struct/lct/evaluate_struct/model_output/struct2_eval_testdataset/Llama-3-70B-Instruct_3_shot/output/Llama-3-70B-Instruct_NCT03865602_exc.json' gespeichert.
File: NCT03865641_exc 

Das File: /work/eauten2s/ec_criteria_struct/lct/input/dataset_p2/test/input/NCT03865641_exc.txt wurde erfolgreich geladen.
Die Daten wurden erfolgreich in '/work/eauten2s/ec_criteria_struct/lct/evaluate_struct/model_output/struct2_eval_testdataset/Llama-3-70B-Instruct_3_shot/output/Llama-3-70B-Instruct_NCT03865641_exc.json' gespeichert.
File: NCT03865680_inc 

Das File: /work/eauten2s/ec_criteria_struct/lct/input/dataset_p2/test/input/NCT03865680_inc.txt wurde erfolgreich geladen.
Die Daten wurden erfolgreich in '/work/eauten2s/ec_criteria_struct/lct/evaluate_struct/model_output/struct2_eval_testdataset/Llama-3-70B-Instruct_3_shot/output/Llama-3-70B-Instruct_NCT03865680_inc.json' gespeichert.
File: NCT03865706_inc 

Das File: /work/eauten2s/ec_criteria_struct/lct/input/dataset_p2/test/input/NCT03865706_inc.txt wurde erfolgreich geladen.
Die Daten wurden erfolgreich in '/work/eauten2s/ec_criteria_struct/lct/evaluate_struct/model_output/struct2_eval_testdataset/Llama-3-70B-Instruct_3_shot/output/Llama-3-70B-Instruct_NCT03865706_inc.json' gespeichert.
File: NCT03865732_exc 

Das File: /work/eauten2s/ec_criteria_struct/lct/input/dataset_p2/test/input/NCT03865732_exc.txt wurde erfolgreich geladen.
Die Daten wurden erfolgreich in '/work/eauten2s/ec_criteria_struct/lct/evaluate_struct/model_output/struct2_eval_testdataset/Llama-3-70B-Instruct_3_shot/output/Llama-3-70B-Instruct_NCT03865732_exc.json' gespeichert.
File: NCT03865732_inc 

Das File: /work/eauten2s/ec_criteria_struct/lct/input/dataset_p2/test/input/NCT03865732_inc.txt wurde erfolgreich geladen.
Die Daten wurden erfolgreich in '/work/eauten2s/ec_criteria_struct/lct/evaluate_struct/model_output/struct2_eval_testdataset/Llama-3-70B-Instruct_3_shot/output/Llama-3-70B-Instruct_NCT03865732_inc.json' gespeichert.
File: NCT03865758_exc 

Das File: /work/eauten2s/ec_criteria_struct/lct/input/dataset_p2/test/input/NCT03865758_exc.txt wurde erfolgreich geladen.
Die Daten wurden erfolgreich in '/work/eauten2s/ec_criteria_struct/lct/evaluate_struct/model_output/struct2_eval_testdataset/Llama-3-70B-Instruct_3_shot/output/Llama-3-70B-Instruct_NCT03865758_exc.json' gespeichert.
File: NCT03865784_inc 

Das File: /work/eauten2s/ec_criteria_struct/lct/input/dataset_p2/test/input/NCT03865784_inc.txt wurde erfolgreich geladen.
Die Daten wurden erfolgreich in '/work/eauten2s/ec_criteria_struct/lct/evaluate_struct/model_output/struct2_eval_testdataset/Llama-3-70B-Instruct_3_shot/output/Llama-3-70B-Instruct_NCT03865784_inc.json' gespeichert.
File: NCT03865823_inc 

Das File: /work/eauten2s/ec_criteria_struct/lct/input/dataset_p2/test/input/NCT03865823_inc.txt wurde erfolgreich geladen.
Die Daten wurden erfolgreich in '/work/eauten2s/ec_criteria_struct/lct/evaluate_struct/model_output/struct2_eval_testdataset/Llama-3-70B-Instruct_3_shot/output/Llama-3-70B-Instruct_NCT03865823_inc.json' gespeichert.
File: NCT03865862_exc 

Das File: /work/eauten2s/ec_criteria_struct/lct/input/dataset_p2/test/input/NCT03865862_exc.txt wurde erfolgreich geladen.
Die Daten wurden erfolgreich in '/work/eauten2s/ec_criteria_struct/lct/evaluate_struct/model_output/struct2_eval_testdataset/Llama-3-70B-Instruct_3_shot/output/Llama-3-70B-Instruct_NCT03865862_exc.json' gespeichert.
File: NCT03865953_exc 

Das File: /work/eauten2s/ec_criteria_struct/lct/input/dataset_p2/test/input/NCT03865953_exc.txt wurde erfolgreich geladen.
Die Daten wurden erfolgreich in '/work/eauten2s/ec_criteria_struct/lct/evaluate_struct/model_output/struct2_eval_testdataset/Llama-3-70B-Instruct_3_shot/output/Llama-3-70B-Instruct_NCT03865953_exc.json' gespeichert.
File: NCT03865953_inc 

Das File: /work/eauten2s/ec_criteria_struct/lct/input/dataset_p2/test/input/NCT03865953_inc.txt wurde erfolgreich geladen.
Die Daten wurden erfolgreich in '/work/eauten2s/ec_criteria_struct/lct/evaluate_struct/model_output/struct2_eval_testdataset/Llama-3-70B-Instruct_3_shot/output/Llama-3-70B-Instruct_NCT03865953_inc.json' gespeichert.
File: NCT03865966_inc 

Das File: /work/eauten2s/ec_criteria_struct/lct/input/dataset_p2/test/input/NCT03865966_inc.txt wurde erfolgreich geladen.
Die Daten wurden erfolgreich in '/work/eauten2s/ec_criteria_struct/lct/evaluate_struct/model_output/struct2_eval_testdataset/Llama-3-70B-Instruct_3_shot/output/Llama-3-70B-Instruct_NCT03865966_inc.json' gespeichert.
File: NCT03866031_exc 

Das File: /work/eauten2s/ec_criteria_struct/lct/input/dataset_p2/test/input/NCT03866031_exc.txt wurde erfolgreich geladen.
Die Daten wurden erfolgreich in '/work/eauten2s/ec_criteria_struct/lct/evaluate_struct/model_output/struct2_eval_testdataset/Llama-3-70B-Instruct_3_shot/output/Llama-3-70B-Instruct_NCT03866031_exc.json' gespeichert.
File: NCT03866148_inc 

Das File: /work/eauten2s/ec_criteria_struct/lct/input/dataset_p2/test/input/NCT03866148_inc.txt wurde erfolgreich geladen.
Die Daten wurden erfolgreich in '/work/eauten2s/ec_criteria_struct/lct/evaluate_struct/model_output/struct2_eval_testdataset/Llama-3-70B-Instruct_3_shot/output/Llama-3-70B-Instruct_NCT03866148_inc.json' gespeichert.
File: NCT03866291_exc 

Das File: /work/eauten2s/ec_criteria_struct/lct/input/dataset_p2/test/input/NCT03866291_exc.txt wurde erfolgreich geladen.
Die Daten wurden erfolgreich in '/work/eauten2s/ec_criteria_struct/lct/evaluate_struct/model_output/struct2_eval_testdataset/Llama-3-70B-Instruct_3_shot/output/Llama-3-70B-Instruct_NCT03866291_exc.json' gespeichert.
File: NCT03866291_inc 

Das File: /work/eauten2s/ec_criteria_struct/lct/input/dataset_p2/test/input/NCT03866291_inc.txt wurde erfolgreich geladen.
Die Daten wurden erfolgreich in '/work/eauten2s/ec_criteria_struct/lct/evaluate_struct/model_output/struct2_eval_testdataset/Llama-3-70B-Instruct_3_shot/output/Llama-3-70B-Instruct_NCT03866291_inc.json' gespeichert.
File: NCT03866356_exc 

Das File: /work/eauten2s/ec_criteria_struct/lct/input/dataset_p2/test/input/NCT03866356_exc.txt wurde erfolgreich geladen.
Die Daten wurden erfolgreich in '/work/eauten2s/ec_criteria_struct/lct/evaluate_struct/model_output/struct2_eval_testdataset/Llama-3-70B-Instruct_3_shot/output/Llama-3-70B-Instruct_NCT03866356_exc.json' gespeichert.
File: NCT03866564_exc 

Das File: /work/eauten2s/ec_criteria_struct/lct/input/dataset_p2/test/input/NCT03866564_exc.txt wurde erfolgreich geladen.
Die Daten wurden erfolgreich in '/work/eauten2s/ec_criteria_struct/lct/evaluate_struct/model_output/struct2_eval_testdataset/Llama-3-70B-Instruct_3_shot/output/Llama-3-70B-Instruct_NCT03866564_exc.json' gespeichert.
File: NCT03866590_exc 

Das File: /work/eauten2s/ec_criteria_struct/lct/input/dataset_p2/test/input/NCT03866590_exc.txt wurde erfolgreich geladen.
Die Daten wurden erfolgreich in '/work/eauten2s/ec_criteria_struct/lct/evaluate_struct/model_output/struct2_eval_testdataset/Llama-3-70B-Instruct_3_shot/output/Llama-3-70B-Instruct_NCT03866590_exc.json' gespeichert.
File: NCT03866642_inc 

Das File: /work/eauten2s/ec_criteria_struct/lct/input/dataset_p2/test/input/NCT03866642_inc.txt wurde erfolgreich geladen.
Die Daten wurden erfolgreich in '/work/eauten2s/ec_criteria_struct/lct/evaluate_struct/model_output/struct2_eval_testdataset/Llama-3-70B-Instruct_3_shot/output/Llama-3-70B-Instruct_NCT03866642_inc.json' gespeichert.
File: NCT03866746_exc 

Das File: /work/eauten2s/ec_criteria_struct/lct/input/dataset_p2/test/input/NCT03866746_exc.txt wurde erfolgreich geladen.
Die Daten wurden erfolgreich in '/work/eauten2s/ec_criteria_struct/lct/evaluate_struct/model_output/struct2_eval_testdataset/Llama-3-70B-Instruct_3_shot/output/Llama-3-70B-Instruct_NCT03866746_exc.json' gespeichert.
File: NCT03866746_inc 

Das File: /work/eauten2s/ec_criteria_struct/lct/input/dataset_p2/test/input/NCT03866746_inc.txt wurde erfolgreich geladen.
Die Daten wurden erfolgreich in '/work/eauten2s/ec_criteria_struct/lct/evaluate_struct/model_output/struct2_eval_testdataset/Llama-3-70B-Instruct_3_shot/output/Llama-3-70B-Instruct_NCT03866746_inc.json' gespeichert.
File: NCT03866863_exc 

Das File: /work/eauten2s/ec_criteria_struct/lct/input/dataset_p2/test/input/NCT03866863_exc.txt wurde erfolgreich geladen.
Die Daten wurden erfolgreich in '/work/eauten2s/ec_criteria_struct/lct/evaluate_struct/model_output/struct2_eval_testdataset/Llama-3-70B-Instruct_3_shot/output/Llama-3-70B-Instruct_NCT03866863_exc.json' gespeichert.
File: NCT03866863_inc 

Das File: /work/eauten2s/ec_criteria_struct/lct/input/dataset_p2/test/input/NCT03866863_inc.txt wurde erfolgreich geladen.
Die Daten wurden erfolgreich in '/work/eauten2s/ec_criteria_struct/lct/evaluate_struct/model_output/struct2_eval_testdataset/Llama-3-70B-Instruct_3_shot/output/Llama-3-70B-Instruct_NCT03866863_inc.json' gespeichert.
File: NCT03866876_exc 

Das File: /work/eauten2s/ec_criteria_struct/lct/input/dataset_p2/test/input/NCT03866876_exc.txt wurde erfolgreich geladen.
Die Daten wurden erfolgreich in '/work/eauten2s/ec_criteria_struct/lct/evaluate_struct/model_output/struct2_eval_testdataset/Llama-3-70B-Instruct_3_shot/output/Llama-3-70B-Instruct_NCT03866876_exc.json' gespeichert.
File: NCT03866902_exc 

Das File ist leer.
Die Daten wurden erfolgreich in '/work/eauten2s/ec_criteria_struct/lct/evaluate_struct/model_output/struct2_eval_testdataset/Llama-3-70B-Instruct_3_shot/output/Llama-3-70B-Instruct_NCT03866902_exc.json' gespeichert.
File: NCT03866915_exc 

Das File: /work/eauten2s/ec_criteria_struct/lct/input/dataset_p2/test/input/NCT03866915_exc.txt wurde erfolgreich geladen.
Die Daten wurden erfolgreich in '/work/eauten2s/ec_criteria_struct/lct/evaluate_struct/model_output/struct2_eval_testdataset/Llama-3-70B-Instruct_3_shot/output/Llama-3-70B-Instruct_NCT03866915_exc.json' gespeichert.
File: NCT03866941_inc 

Das File: /work/eauten2s/ec_criteria_struct/lct/input/dataset_p2/test/input/NCT03866941_inc.txt wurde erfolgreich geladen.
Die Daten wurden erfolgreich in '/work/eauten2s/ec_criteria_struct/lct/evaluate_struct/model_output/struct2_eval_testdataset/Llama-3-70B-Instruct_3_shot/output/Llama-3-70B-Instruct_NCT03866941_inc.json' gespeichert.
File: NCT03867045_exc 

Das File: /work/eauten2s/ec_criteria_struct/lct/input/dataset_p2/test/input/NCT03867045_exc.txt wurde erfolgreich geladen.
Die Daten wurden erfolgreich in '/work/eauten2s/ec_criteria_struct/lct/evaluate_struct/model_output/struct2_eval_testdataset/Llama-3-70B-Instruct_3_shot/output/Llama-3-70B-Instruct_NCT03867045_exc.json' gespeichert.
File: NCT03867045_inc 

Das File: /work/eauten2s/ec_criteria_struct/lct/input/dataset_p2/test/input/NCT03867045_inc.txt wurde erfolgreich geladen.
Die Daten wurden erfolgreich in '/work/eauten2s/ec_criteria_struct/lct/evaluate_struct/model_output/struct2_eval_testdataset/Llama-3-70B-Instruct_3_shot/output/Llama-3-70B-Instruct_NCT03867045_inc.json' gespeichert.
File: NCT03867227_inc 

Das File: /work/eauten2s/ec_criteria_struct/lct/input/dataset_p2/test/input/NCT03867227_inc.txt wurde erfolgreich geladen.
Die Daten wurden erfolgreich in '/work/eauten2s/ec_criteria_struct/lct/evaluate_struct/model_output/struct2_eval_testdataset/Llama-3-70B-Instruct_3_shot/output/Llama-3-70B-Instruct_NCT03867227_inc.json' gespeichert.
File: NCT03867344_exc 

Das File: /work/eauten2s/ec_criteria_struct/lct/input/dataset_p2/test/input/NCT03867344_exc.txt wurde erfolgreich geladen.
Die Daten wurden erfolgreich in '/work/eauten2s/ec_criteria_struct/lct/evaluate_struct/model_output/struct2_eval_testdataset/Llama-3-70B-Instruct_3_shot/output/Llama-3-70B-Instruct_NCT03867344_exc.json' gespeichert.
File: NCT03867344_inc 

Das File: /work/eauten2s/ec_criteria_struct/lct/input/dataset_p2/test/input/NCT03867344_inc.txt wurde erfolgreich geladen.
Die Daten wurden erfolgreich in '/work/eauten2s/ec_criteria_struct/lct/evaluate_struct/model_output/struct2_eval_testdataset/Llama-3-70B-Instruct_3_shot/output/Llama-3-70B-Instruct_NCT03867344_inc.json' gespeichert.
File: NCT03867370_exc 

Das File: /work/eauten2s/ec_criteria_struct/lct/input/dataset_p2/test/input/NCT03867370_exc.txt wurde erfolgreich geladen.
Die Daten wurden erfolgreich in '/work/eauten2s/ec_criteria_struct/lct/evaluate_struct/model_output/struct2_eval_testdataset/Llama-3-70B-Instruct_3_shot/output/Llama-3-70B-Instruct_NCT03867370_exc.json' gespeichert.
File: NCT03867552_exc 

Das File: /work/eauten2s/ec_criteria_struct/lct/input/dataset_p2/test/input/NCT03867552_exc.txt wurde erfolgreich geladen.
Die Daten wurden erfolgreich in '/work/eauten2s/ec_criteria_struct/lct/evaluate_struct/model_output/struct2_eval_testdataset/Llama-3-70B-Instruct_3_shot/output/Llama-3-70B-Instruct_NCT03867552_exc.json' gespeichert.
File: NCT03867552_inc 

Das File: /work/eauten2s/ec_criteria_struct/lct/input/dataset_p2/test/input/NCT03867552_inc.txt wurde erfolgreich geladen.
Die Daten wurden erfolgreich in '/work/eauten2s/ec_criteria_struct/lct/evaluate_struct/model_output/struct2_eval_testdataset/Llama-3-70B-Instruct_3_shot/output/Llama-3-70B-Instruct_NCT03867552_inc.json' gespeichert.
File: NCT03867617_exc 

Das File: /work/eauten2s/ec_criteria_struct/lct/input/dataset_p2/test/input/NCT03867617_exc.txt wurde erfolgreich geladen.
Die Daten wurden erfolgreich in '/work/eauten2s/ec_criteria_struct/lct/evaluate_struct/model_output/struct2_eval_testdataset/Llama-3-70B-Instruct_3_shot/output/Llama-3-70B-Instruct_NCT03867617_exc.json' gespeichert.
File: NCT03867643_inc 

Das File: /work/eauten2s/ec_criteria_struct/lct/input/dataset_p2/test/input/NCT03867643_inc.txt wurde erfolgreich geladen.
Die Daten wurden erfolgreich in '/work/eauten2s/ec_criteria_struct/lct/evaluate_struct/model_output/struct2_eval_testdataset/Llama-3-70B-Instruct_3_shot/output/Llama-3-70B-Instruct_NCT03867643_inc.json' gespeichert.
File: NCT03867682_exc 

Das File: /work/eauten2s/ec_criteria_struct/lct/input/dataset_p2/test/input/NCT03867682_exc.txt wurde erfolgreich geladen.
Die Daten wurden erfolgreich in '/work/eauten2s/ec_criteria_struct/lct/evaluate_struct/model_output/struct2_eval_testdataset/Llama-3-70B-Instruct_3_shot/output/Llama-3-70B-Instruct_NCT03867682_exc.json' gespeichert.
File: NCT03867695_exc 

Das File: /work/eauten2s/ec_criteria_struct/lct/input/dataset_p2/test/input/NCT03867695_exc.txt wurde erfolgreich geladen.
Die Daten wurden erfolgreich in '/work/eauten2s/ec_criteria_struct/lct/evaluate_struct/model_output/struct2_eval_testdataset/Llama-3-70B-Instruct_3_shot/output/Llama-3-70B-Instruct_NCT03867695_exc.json' gespeichert.
File: NCT03867721_inc 

Das File: /work/eauten2s/ec_criteria_struct/lct/input/dataset_p2/test/input/NCT03867721_inc.txt wurde erfolgreich geladen.
Die Daten wurden erfolgreich in '/work/eauten2s/ec_criteria_struct/lct/evaluate_struct/model_output/struct2_eval_testdataset/Llama-3-70B-Instruct_3_shot/output/Llama-3-70B-Instruct_NCT03867721_inc.json' gespeichert.
File: NCT03867760_exc 

Das File: /work/eauten2s/ec_criteria_struct/lct/input/dataset_p2/test/input/NCT03867760_exc.txt wurde erfolgreich geladen.
Die Daten wurden erfolgreich in '/work/eauten2s/ec_criteria_struct/lct/evaluate_struct/model_output/struct2_eval_testdataset/Llama-3-70B-Instruct_3_shot/output/Llama-3-70B-Instruct_NCT03867760_exc.json' gespeichert.
File: NCT03867903_exc 

Das File: /work/eauten2s/ec_criteria_struct/lct/input/dataset_p2/test/input/NCT03867903_exc.txt wurde erfolgreich geladen.
Die Daten wurden erfolgreich in '/work/eauten2s/ec_criteria_struct/lct/evaluate_struct/model_output/struct2_eval_testdataset/Llama-3-70B-Instruct_3_shot/output/Llama-3-70B-Instruct_NCT03867903_exc.json' gespeichert.
File: NCT03867903_inc 

Das File: /work/eauten2s/ec_criteria_struct/lct/input/dataset_p2/test/input/NCT03867903_inc.txt wurde erfolgreich geladen.
Die Daten wurden erfolgreich in '/work/eauten2s/ec_criteria_struct/lct/evaluate_struct/model_output/struct2_eval_testdataset/Llama-3-70B-Instruct_3_shot/output/Llama-3-70B-Instruct_NCT03867903_inc.json' gespeichert.
File: NCT03867916_exc 

Das File: /work/eauten2s/ec_criteria_struct/lct/input/dataset_p2/test/input/NCT03867916_exc.txt wurde erfolgreich geladen.
Die Daten wurden erfolgreich in '/work/eauten2s/ec_criteria_struct/lct/evaluate_struct/model_output/struct2_eval_testdataset/Llama-3-70B-Instruct_3_shot/output/Llama-3-70B-Instruct_NCT03867916_exc.json' gespeichert.
File: NCT03867916_inc 

Das File: /work/eauten2s/ec_criteria_struct/lct/input/dataset_p2/test/input/NCT03867916_inc.txt wurde erfolgreich geladen.
Die Daten wurden erfolgreich in '/work/eauten2s/ec_criteria_struct/lct/evaluate_struct/model_output/struct2_eval_testdataset/Llama-3-70B-Instruct_3_shot/output/Llama-3-70B-Instruct_NCT03867916_inc.json' gespeichert.
File: NCT03867942_exc 

Das File: /work/eauten2s/ec_criteria_struct/lct/input/dataset_p2/test/input/NCT03867942_exc.txt wurde erfolgreich geladen.
Die Daten wurden erfolgreich in '/work/eauten2s/ec_criteria_struct/lct/evaluate_struct/model_output/struct2_eval_testdataset/Llama-3-70B-Instruct_3_shot/output/Llama-3-70B-Instruct_NCT03867942_exc.json' gespeichert.
File: NCT03867942_inc 

Das File: /work/eauten2s/ec_criteria_struct/lct/input/dataset_p2/test/input/NCT03867942_inc.txt wurde erfolgreich geladen.
Die Daten wurden erfolgreich in '/work/eauten2s/ec_criteria_struct/lct/evaluate_struct/model_output/struct2_eval_testdataset/Llama-3-70B-Instruct_3_shot/output/Llama-3-70B-Instruct_NCT03867942_inc.json' gespeichert.
File: NCT03868033_exc 

Das File: /work/eauten2s/ec_criteria_struct/lct/input/dataset_p2/test/input/NCT03868033_exc.txt wurde erfolgreich geladen.
Die Daten wurden erfolgreich in '/work/eauten2s/ec_criteria_struct/lct/evaluate_struct/model_output/struct2_eval_testdataset/Llama-3-70B-Instruct_3_shot/output/Llama-3-70B-Instruct_NCT03868033_exc.json' gespeichert.
File: NCT03868111_inc 

Das File: /work/eauten2s/ec_criteria_struct/lct/input/dataset_p2/test/input/NCT03868111_inc.txt wurde erfolgreich geladen.
Die Daten wurden erfolgreich in '/work/eauten2s/ec_criteria_struct/lct/evaluate_struct/model_output/struct2_eval_testdataset/Llama-3-70B-Instruct_3_shot/output/Llama-3-70B-Instruct_NCT03868111_inc.json' gespeichert.
File: NCT03868332_inc 

Das File: /work/eauten2s/ec_criteria_struct/lct/input/dataset_p2/test/input/NCT03868332_inc.txt wurde erfolgreich geladen.
Die Daten wurden erfolgreich in '/work/eauten2s/ec_criteria_struct/lct/evaluate_struct/model_output/struct2_eval_testdataset/Llama-3-70B-Instruct_3_shot/output/Llama-3-70B-Instruct_NCT03868332_inc.json' gespeichert.
File: NCT03868358_inc 

Das File: /work/eauten2s/ec_criteria_struct/lct/input/dataset_p2/test/input/NCT03868358_inc.txt wurde erfolgreich geladen.
Die Daten wurden erfolgreich in '/work/eauten2s/ec_criteria_struct/lct/evaluate_struct/model_output/struct2_eval_testdataset/Llama-3-70B-Instruct_3_shot/output/Llama-3-70B-Instruct_NCT03868358_inc.json' gespeichert.
File: NCT03868371_exc 

Das File: /work/eauten2s/ec_criteria_struct/lct/input/dataset_p2/test/input/NCT03868371_exc.txt wurde erfolgreich geladen.
Die Daten wurden erfolgreich in '/work/eauten2s/ec_criteria_struct/lct/evaluate_struct/model_output/struct2_eval_testdataset/Llama-3-70B-Instruct_3_shot/output/Llama-3-70B-Instruct_NCT03868371_exc.json' gespeichert.
File: NCT03868475_inc 

Das File: /work/eauten2s/ec_criteria_struct/lct/input/dataset_p2/test/input/NCT03868475_inc.txt wurde erfolgreich geladen.
Die Daten wurden erfolgreich in '/work/eauten2s/ec_criteria_struct/lct/evaluate_struct/model_output/struct2_eval_testdataset/Llama-3-70B-Instruct_3_shot/output/Llama-3-70B-Instruct_NCT03868475_inc.json' gespeichert.
File: NCT03868579_inc 

Das File: /work/eauten2s/ec_criteria_struct/lct/input/dataset_p2/test/input/NCT03868579_inc.txt wurde erfolgreich geladen.
Die Daten wurden erfolgreich in '/work/eauten2s/ec_criteria_struct/lct/evaluate_struct/model_output/struct2_eval_testdataset/Llama-3-70B-Instruct_3_shot/output/Llama-3-70B-Instruct_NCT03868579_inc.json' gespeichert.
File: NCT03868631_exc 

Das File: /work/eauten2s/ec_criteria_struct/lct/input/dataset_p2/test/input/NCT03868631_exc.txt wurde erfolgreich geladen.
Die Daten wurden erfolgreich in '/work/eauten2s/ec_criteria_struct/lct/evaluate_struct/model_output/struct2_eval_testdataset/Llama-3-70B-Instruct_3_shot/output/Llama-3-70B-Instruct_NCT03868631_exc.json' gespeichert.
File: NCT03868657_exc 

Das File: /work/eauten2s/ec_criteria_struct/lct/input/dataset_p2/test/input/NCT03868657_exc.txt wurde erfolgreich geladen.
Die Daten wurden erfolgreich in '/work/eauten2s/ec_criteria_struct/lct/evaluate_struct/model_output/struct2_eval_testdataset/Llama-3-70B-Instruct_3_shot/output/Llama-3-70B-Instruct_NCT03868657_exc.json' gespeichert.
File: NCT03868709_exc 

Das File: /work/eauten2s/ec_criteria_struct/lct/input/dataset_p2/test/input/NCT03868709_exc.txt wurde erfolgreich geladen.
Die Daten wurden erfolgreich in '/work/eauten2s/ec_criteria_struct/lct/evaluate_struct/model_output/struct2_eval_testdataset/Llama-3-70B-Instruct_3_shot/output/Llama-3-70B-Instruct_NCT03868709_exc.json' gespeichert.
File: NCT03868774_exc 

Das File: /work/eauten2s/ec_criteria_struct/lct/input/dataset_p2/test/input/NCT03868774_exc.txt wurde erfolgreich geladen.
Die Daten wurden erfolgreich in '/work/eauten2s/ec_criteria_struct/lct/evaluate_struct/model_output/struct2_eval_testdataset/Llama-3-70B-Instruct_3_shot/output/Llama-3-70B-Instruct_NCT03868774_exc.json' gespeichert.
File: NCT03868826_inc 

Das File: /work/eauten2s/ec_criteria_struct/lct/input/dataset_p2/test/input/NCT03868826_inc.txt wurde erfolgreich geladen.
Die Daten wurden erfolgreich in '/work/eauten2s/ec_criteria_struct/lct/evaluate_struct/model_output/struct2_eval_testdataset/Llama-3-70B-Instruct_3_shot/output/Llama-3-70B-Instruct_NCT03868826_inc.json' gespeichert.
File: NCT03868891_exc 

Das File: /work/eauten2s/ec_criteria_struct/lct/input/dataset_p2/test/input/NCT03868891_exc.txt wurde erfolgreich geladen.
Die Daten wurden erfolgreich in '/work/eauten2s/ec_criteria_struct/lct/evaluate_struct/model_output/struct2_eval_testdataset/Llama-3-70B-Instruct_3_shot/output/Llama-3-70B-Instruct_NCT03868891_exc.json' gespeichert.
File: NCT03868904_inc 

Das File: /work/eauten2s/ec_criteria_struct/lct/input/dataset_p2/test/input/NCT03868904_inc.txt wurde erfolgreich geladen.
Die Daten wurden erfolgreich in '/work/eauten2s/ec_criteria_struct/lct/evaluate_struct/model_output/struct2_eval_testdataset/Llama-3-70B-Instruct_3_shot/output/Llama-3-70B-Instruct_NCT03868904_inc.json' gespeichert.
File: NCT03868995_exc 

Das File: /work/eauten2s/ec_criteria_struct/lct/input/dataset_p2/test/input/NCT03868995_exc.txt wurde erfolgreich geladen.
Die Daten wurden erfolgreich in '/work/eauten2s/ec_criteria_struct/lct/evaluate_struct/model_output/struct2_eval_testdataset/Llama-3-70B-Instruct_3_shot/output/Llama-3-70B-Instruct_NCT03868995_exc.json' gespeichert.
File: NCT03868995_inc 

Das File: /work/eauten2s/ec_criteria_struct/lct/input/dataset_p2/test/input/NCT03868995_inc.txt wurde erfolgreich geladen.
Die Daten wurden erfolgreich in '/work/eauten2s/ec_criteria_struct/lct/evaluate_struct/model_output/struct2_eval_testdataset/Llama-3-70B-Instruct_3_shot/output/Llama-3-70B-Instruct_NCT03868995_inc.json' gespeichert.
File: NCT03869021_inc 

Das File: /work/eauten2s/ec_criteria_struct/lct/input/dataset_p2/test/input/NCT03869021_inc.txt wurde erfolgreich geladen.
Die Daten wurden erfolgreich in '/work/eauten2s/ec_criteria_struct/lct/evaluate_struct/model_output/struct2_eval_testdataset/Llama-3-70B-Instruct_3_shot/output/Llama-3-70B-Instruct_NCT03869021_inc.json' gespeichert.
File: NCT03869073_exc 

Das File: /work/eauten2s/ec_criteria_struct/lct/input/dataset_p2/test/input/NCT03869073_exc.txt wurde erfolgreich geladen.
Die Daten wurden erfolgreich in '/work/eauten2s/ec_criteria_struct/lct/evaluate_struct/model_output/struct2_eval_testdataset/Llama-3-70B-Instruct_3_shot/output/Llama-3-70B-Instruct_NCT03869073_exc.json' gespeichert.
File: NCT03869112_exc 

Das File: /work/eauten2s/ec_criteria_struct/lct/input/dataset_p2/test/input/NCT03869112_exc.txt wurde erfolgreich geladen.
Die Daten wurden erfolgreich in '/work/eauten2s/ec_criteria_struct/lct/evaluate_struct/model_output/struct2_eval_testdataset/Llama-3-70B-Instruct_3_shot/output/Llama-3-70B-Instruct_NCT03869112_exc.json' gespeichert.
File: NCT03869151_exc 

Das File: /work/eauten2s/ec_criteria_struct/lct/input/dataset_p2/test/input/NCT03869151_exc.txt wurde erfolgreich geladen.
Die Daten wurden erfolgreich in '/work/eauten2s/ec_criteria_struct/lct/evaluate_struct/model_output/struct2_eval_testdataset/Llama-3-70B-Instruct_3_shot/output/Llama-3-70B-Instruct_NCT03869151_exc.json' gespeichert.
File: NCT03869281_inc 

Das File ist leer.
Die Daten wurden erfolgreich in '/work/eauten2s/ec_criteria_struct/lct/evaluate_struct/model_output/struct2_eval_testdataset/Llama-3-70B-Instruct_3_shot/output/Llama-3-70B-Instruct_NCT03869281_inc.json' gespeichert.
File: NCT03869294_inc 

Das File: /work/eauten2s/ec_criteria_struct/lct/input/dataset_p2/test/input/NCT03869294_inc.txt wurde erfolgreich geladen.
Die Daten wurden erfolgreich in '/work/eauten2s/ec_criteria_struct/lct/evaluate_struct/model_output/struct2_eval_testdataset/Llama-3-70B-Instruct_3_shot/output/Llama-3-70B-Instruct_NCT03869294_inc.json' gespeichert.
File: NCT03869398_exc 

Das File: /work/eauten2s/ec_criteria_struct/lct/input/dataset_p2/test/input/NCT03869398_exc.txt wurde erfolgreich geladen.
Die Daten wurden erfolgreich in '/work/eauten2s/ec_criteria_struct/lct/evaluate_struct/model_output/struct2_eval_testdataset/Llama-3-70B-Instruct_3_shot/output/Llama-3-70B-Instruct_NCT03869398_exc.json' gespeichert.
File: NCT03869424_exc 

Das File: /work/eauten2s/ec_criteria_struct/lct/input/dataset_p2/test/input/NCT03869424_exc.txt wurde erfolgreich geladen.
Die Daten wurden erfolgreich in '/work/eauten2s/ec_criteria_struct/lct/evaluate_struct/model_output/struct2_eval_testdataset/Llama-3-70B-Instruct_3_shot/output/Llama-3-70B-Instruct_NCT03869424_exc.json' gespeichert.
File: NCT03869424_inc 

Das File: /work/eauten2s/ec_criteria_struct/lct/input/dataset_p2/test/input/NCT03869424_inc.txt wurde erfolgreich geladen.
Die Daten wurden erfolgreich in '/work/eauten2s/ec_criteria_struct/lct/evaluate_struct/model_output/struct2_eval_testdataset/Llama-3-70B-Instruct_3_shot/output/Llama-3-70B-Instruct_NCT03869424_inc.json' gespeichert.
File: NCT03869489_inc 

Das File: /work/eauten2s/ec_criteria_struct/lct/input/dataset_p2/test/input/NCT03869489_inc.txt wurde erfolgreich geladen.
Die Daten wurden erfolgreich in '/work/eauten2s/ec_criteria_struct/lct/evaluate_struct/model_output/struct2_eval_testdataset/Llama-3-70B-Instruct_3_shot/output/Llama-3-70B-Instruct_NCT03869489_inc.json' gespeichert.
File: NCT03869502_inc 

Das File: /work/eauten2s/ec_criteria_struct/lct/input/dataset_p2/test/input/NCT03869502_inc.txt wurde erfolgreich geladen.
Die Daten wurden erfolgreich in '/work/eauten2s/ec_criteria_struct/lct/evaluate_struct/model_output/struct2_eval_testdataset/Llama-3-70B-Instruct_3_shot/output/Llama-3-70B-Instruct_NCT03869502_inc.json' gespeichert.
File: NCT03869541_inc 

Das File: /work/eauten2s/ec_criteria_struct/lct/input/dataset_p2/test/input/NCT03869541_inc.txt wurde erfolgreich geladen.
Die Daten wurden erfolgreich in '/work/eauten2s/ec_criteria_struct/lct/evaluate_struct/model_output/struct2_eval_testdataset/Llama-3-70B-Instruct_3_shot/output/Llama-3-70B-Instruct_NCT03869541_inc.json' gespeichert.
File: NCT03869554_exc 

Das File: /work/eauten2s/ec_criteria_struct/lct/input/dataset_p2/test/input/NCT03869554_exc.txt wurde erfolgreich geladen.
Die Daten wurden erfolgreich in '/work/eauten2s/ec_criteria_struct/lct/evaluate_struct/model_output/struct2_eval_testdataset/Llama-3-70B-Instruct_3_shot/output/Llama-3-70B-Instruct_NCT03869554_exc.json' gespeichert.
File: NCT03869580_inc 

Das File: /work/eauten2s/ec_criteria_struct/lct/input/dataset_p2/test/input/NCT03869580_inc.txt wurde erfolgreich geladen.
Die Daten wurden erfolgreich in '/work/eauten2s/ec_criteria_struct/lct/evaluate_struct/model_output/struct2_eval_testdataset/Llama-3-70B-Instruct_3_shot/output/Llama-3-70B-Instruct_NCT03869580_inc.json' gespeichert.
File: NCT03869593_exc 

Das File: /work/eauten2s/ec_criteria_struct/lct/input/dataset_p2/test/input/NCT03869593_exc.txt wurde erfolgreich geladen.
Die Daten wurden erfolgreich in '/work/eauten2s/ec_criteria_struct/lct/evaluate_struct/model_output/struct2_eval_testdataset/Llama-3-70B-Instruct_3_shot/output/Llama-3-70B-Instruct_NCT03869593_exc.json' gespeichert.
File: NCT03869645_exc 

Das File: /work/eauten2s/ec_criteria_struct/lct/input/dataset_p2/test/input/NCT03869645_exc.txt wurde erfolgreich geladen.
Die Daten wurden erfolgreich in '/work/eauten2s/ec_criteria_struct/lct/evaluate_struct/model_output/struct2_eval_testdataset/Llama-3-70B-Instruct_3_shot/output/Llama-3-70B-Instruct_NCT03869645_exc.json' gespeichert.
File: NCT03869645_inc 

Das File: /work/eauten2s/ec_criteria_struct/lct/input/dataset_p2/test/input/NCT03869645_inc.txt wurde erfolgreich geladen.
Die Daten wurden erfolgreich in '/work/eauten2s/ec_criteria_struct/lct/evaluate_struct/model_output/struct2_eval_testdataset/Llama-3-70B-Instruct_3_shot/output/Llama-3-70B-Instruct_NCT03869645_inc.json' gespeichert.
File: NCT03869710_exc 

Das File: /work/eauten2s/ec_criteria_struct/lct/input/dataset_p2/test/input/NCT03869710_exc.txt wurde erfolgreich geladen.
Die Daten wurden erfolgreich in '/work/eauten2s/ec_criteria_struct/lct/evaluate_struct/model_output/struct2_eval_testdataset/Llama-3-70B-Instruct_3_shot/output/Llama-3-70B-Instruct_NCT03869710_exc.json' gespeichert.
File: NCT03869723_inc 

Das File: /work/eauten2s/ec_criteria_struct/lct/input/dataset_p2/test/input/NCT03869723_inc.txt wurde erfolgreich geladen.
Die Daten wurden erfolgreich in '/work/eauten2s/ec_criteria_struct/lct/evaluate_struct/model_output/struct2_eval_testdataset/Llama-3-70B-Instruct_3_shot/output/Llama-3-70B-Instruct_NCT03869723_inc.json' gespeichert.
File: NCT03869814_exc 

Das File: /work/eauten2s/ec_criteria_struct/lct/input/dataset_p2/test/input/NCT03869814_exc.txt wurde erfolgreich geladen.
Die Daten wurden erfolgreich in '/work/eauten2s/ec_criteria_struct/lct/evaluate_struct/model_output/struct2_eval_testdataset/Llama-3-70B-Instruct_3_shot/output/Llama-3-70B-Instruct_NCT03869814_exc.json' gespeichert.
File: NCT03869879_inc 

Das File: /work/eauten2s/ec_criteria_struct/lct/input/dataset_p2/test/input/NCT03869879_inc.txt wurde erfolgreich geladen.
Die Daten wurden erfolgreich in '/work/eauten2s/ec_criteria_struct/lct/evaluate_struct/model_output/struct2_eval_testdataset/Llama-3-70B-Instruct_3_shot/output/Llama-3-70B-Instruct_NCT03869879_inc.json' gespeichert.
File: NCT03869905_inc 

Das File: /work/eauten2s/ec_criteria_struct/lct/input/dataset_p2/test/input/NCT03869905_inc.txt wurde erfolgreich geladen.
Die Daten wurden erfolgreich in '/work/eauten2s/ec_criteria_struct/lct/evaluate_struct/model_output/struct2_eval_testdataset/Llama-3-70B-Instruct_3_shot/output/Llama-3-70B-Instruct_NCT03869905_inc.json' gespeichert.
File: NCT03869957_inc 

Das File: /work/eauten2s/ec_criteria_struct/lct/input/dataset_p2/test/input/NCT03869957_inc.txt wurde erfolgreich geladen.
Die Daten wurden erfolgreich in '/work/eauten2s/ec_criteria_struct/lct/evaluate_struct/model_output/struct2_eval_testdataset/Llama-3-70B-Instruct_3_shot/output/Llama-3-70B-Instruct_NCT03869957_inc.json' gespeichert.
File: NCT03869970_exc 

Das File: /work/eauten2s/ec_criteria_struct/lct/input/dataset_p2/test/input/NCT03869970_exc.txt wurde erfolgreich geladen.
Die Daten wurden erfolgreich in '/work/eauten2s/ec_criteria_struct/lct/evaluate_struct/model_output/struct2_eval_testdataset/Llama-3-70B-Instruct_3_shot/output/Llama-3-70B-Instruct_NCT03869970_exc.json' gespeichert.
File: NCT03869996_exc 

Das File: /work/eauten2s/ec_criteria_struct/lct/input/dataset_p2/test/input/NCT03869996_exc.txt wurde erfolgreich geladen.
Die Daten wurden erfolgreich in '/work/eauten2s/ec_criteria_struct/lct/evaluate_struct/model_output/struct2_eval_testdataset/Llama-3-70B-Instruct_3_shot/output/Llama-3-70B-Instruct_NCT03869996_exc.json' gespeichert.
File: NCT03920046_inc 

Das File: /work/eauten2s/ec_criteria_struct/lct/input/dataset_p2/test/input/NCT03920046_inc.txt wurde erfolgreich geladen.
Die Daten wurden erfolgreich in '/work/eauten2s/ec_criteria_struct/lct/evaluate_struct/model_output/struct2_eval_testdataset/Llama-3-70B-Instruct_3_shot/output/Llama-3-70B-Instruct_NCT03920046_inc.json' gespeichert.
File: NCT03920098_inc 

Das File: /work/eauten2s/ec_criteria_struct/lct/input/dataset_p2/test/input/NCT03920098_inc.txt wurde erfolgreich geladen.
Die Daten wurden erfolgreich in '/work/eauten2s/ec_criteria_struct/lct/evaluate_struct/model_output/struct2_eval_testdataset/Llama-3-70B-Instruct_3_shot/output/Llama-3-70B-Instruct_NCT03920098_inc.json' gespeichert.
File: NCT03920267_exc 

Das File: /work/eauten2s/ec_criteria_struct/lct/input/dataset_p2/test/input/NCT03920267_exc.txt wurde erfolgreich geladen.
Die Daten wurden erfolgreich in '/work/eauten2s/ec_criteria_struct/lct/evaluate_struct/model_output/struct2_eval_testdataset/Llama-3-70B-Instruct_3_shot/output/Llama-3-70B-Instruct_NCT03920267_exc.json' gespeichert.
File: NCT03920306_inc 

Das File: /work/eauten2s/ec_criteria_struct/lct/input/dataset_p2/test/input/NCT03920306_inc.txt wurde erfolgreich geladen.
Die Daten wurden erfolgreich in '/work/eauten2s/ec_criteria_struct/lct/evaluate_struct/model_output/struct2_eval_testdataset/Llama-3-70B-Instruct_3_shot/output/Llama-3-70B-Instruct_NCT03920306_inc.json' gespeichert.
File: NCT03920514_exc 

Das File: /work/eauten2s/ec_criteria_struct/lct/input/dataset_p2/test/input/NCT03920514_exc.txt wurde erfolgreich geladen.
Die Daten wurden erfolgreich in '/work/eauten2s/ec_criteria_struct/lct/evaluate_struct/model_output/struct2_eval_testdataset/Llama-3-70B-Instruct_3_shot/output/Llama-3-70B-Instruct_NCT03920514_exc.json' gespeichert.
File: NCT03920579_inc 

Das File: /work/eauten2s/ec_criteria_struct/lct/input/dataset_p2/test/input/NCT03920579_inc.txt wurde erfolgreich geladen.
Die Daten wurden erfolgreich in '/work/eauten2s/ec_criteria_struct/lct/evaluate_struct/model_output/struct2_eval_testdataset/Llama-3-70B-Instruct_3_shot/output/Llama-3-70B-Instruct_NCT03920579_inc.json' gespeichert.
File: NCT03920748_exc 

Das File: /work/eauten2s/ec_criteria_struct/lct/input/dataset_p2/test/input/NCT03920748_exc.txt wurde erfolgreich geladen.
Die Daten wurden erfolgreich in '/work/eauten2s/ec_criteria_struct/lct/evaluate_struct/model_output/struct2_eval_testdataset/Llama-3-70B-Instruct_3_shot/output/Llama-3-70B-Instruct_NCT03920748_exc.json' gespeichert.
File: NCT03920800_inc 

Das File: /work/eauten2s/ec_criteria_struct/lct/input/dataset_p2/test/input/NCT03920800_inc.txt wurde erfolgreich geladen.
Die Daten wurden erfolgreich in '/work/eauten2s/ec_criteria_struct/lct/evaluate_struct/model_output/struct2_eval_testdataset/Llama-3-70B-Instruct_3_shot/output/Llama-3-70B-Instruct_NCT03920800_inc.json' gespeichert.
File: NCT03920891_exc 

Das File: /work/eauten2s/ec_criteria_struct/lct/input/dataset_p2/test/input/NCT03920891_exc.txt wurde erfolgreich geladen.
Die Daten wurden erfolgreich in '/work/eauten2s/ec_criteria_struct/lct/evaluate_struct/model_output/struct2_eval_testdataset/Llama-3-70B-Instruct_3_shot/output/Llama-3-70B-Instruct_NCT03920891_exc.json' gespeichert.
File: NCT03920917_exc 

Das File: /work/eauten2s/ec_criteria_struct/lct/input/dataset_p2/test/input/NCT03920917_exc.txt wurde erfolgreich geladen.
Die Daten wurden erfolgreich in '/work/eauten2s/ec_criteria_struct/lct/evaluate_struct/model_output/struct2_eval_testdataset/Llama-3-70B-Instruct_3_shot/output/Llama-3-70B-Instruct_NCT03920917_exc.json' gespeichert.
File: NCT03920930_exc 

Das File: /work/eauten2s/ec_criteria_struct/lct/input/dataset_p2/test/input/NCT03920930_exc.txt wurde erfolgreich geladen.
Die Daten wurden erfolgreich in '/work/eauten2s/ec_criteria_struct/lct/evaluate_struct/model_output/struct2_eval_testdataset/Llama-3-70B-Instruct_3_shot/output/Llama-3-70B-Instruct_NCT03920930_exc.json' gespeichert.
File: NCT03921060_inc 

Das File: /work/eauten2s/ec_criteria_struct/lct/input/dataset_p2/test/input/NCT03921060_inc.txt wurde erfolgreich geladen.
Die Daten wurden erfolgreich in '/work/eauten2s/ec_criteria_struct/lct/evaluate_struct/model_output/struct2_eval_testdataset/Llama-3-70B-Instruct_3_shot/output/Llama-3-70B-Instruct_NCT03921060_inc.json' gespeichert.
File: NCT03921125_inc 

Das File: /work/eauten2s/ec_criteria_struct/lct/input/dataset_p2/test/input/NCT03921125_inc.txt wurde erfolgreich geladen.
Die Daten wurden erfolgreich in '/work/eauten2s/ec_criteria_struct/lct/evaluate_struct/model_output/struct2_eval_testdataset/Llama-3-70B-Instruct_3_shot/output/Llama-3-70B-Instruct_NCT03921125_inc.json' gespeichert.
File: NCT03921138_exc 

Das File: /work/eauten2s/ec_criteria_struct/lct/input/dataset_p2/test/input/NCT03921138_exc.txt wurde erfolgreich geladen.
Die Daten wurden erfolgreich in '/work/eauten2s/ec_criteria_struct/lct/evaluate_struct/model_output/struct2_eval_testdataset/Llama-3-70B-Instruct_3_shot/output/Llama-3-70B-Instruct_NCT03921138_exc.json' gespeichert.
File: NCT03921216_exc 

Das File: /work/eauten2s/ec_criteria_struct/lct/input/dataset_p2/test/input/NCT03921216_exc.txt wurde erfolgreich geladen.
Die Daten wurden erfolgreich in '/work/eauten2s/ec_criteria_struct/lct/evaluate_struct/model_output/struct2_eval_testdataset/Llama-3-70B-Instruct_3_shot/output/Llama-3-70B-Instruct_NCT03921216_exc.json' gespeichert.
File: NCT03921307_exc 

Das File: /work/eauten2s/ec_criteria_struct/lct/input/dataset_p2/test/input/NCT03921307_exc.txt wurde erfolgreich geladen.
Die Daten wurden erfolgreich in '/work/eauten2s/ec_criteria_struct/lct/evaluate_struct/model_output/struct2_eval_testdataset/Llama-3-70B-Instruct_3_shot/output/Llama-3-70B-Instruct_NCT03921307_exc.json' gespeichert.
File: NCT03921476_inc 

Das File: /work/eauten2s/ec_criteria_struct/lct/input/dataset_p2/test/input/NCT03921476_inc.txt wurde erfolgreich geladen.
Die Daten wurden erfolgreich in '/work/eauten2s/ec_criteria_struct/lct/evaluate_struct/model_output/struct2_eval_testdataset/Llama-3-70B-Instruct_3_shot/output/Llama-3-70B-Instruct_NCT03921476_inc.json' gespeichert.
File: NCT03921502_exc 

Das File: /work/eauten2s/ec_criteria_struct/lct/input/dataset_p2/test/input/NCT03921502_exc.txt wurde erfolgreich geladen.
Die Daten wurden erfolgreich in '/work/eauten2s/ec_criteria_struct/lct/evaluate_struct/model_output/struct2_eval_testdataset/Llama-3-70B-Instruct_3_shot/output/Llama-3-70B-Instruct_NCT03921502_exc.json' gespeichert.
File: NCT03921632_inc 

Das File: /work/eauten2s/ec_criteria_struct/lct/input/dataset_p2/test/input/NCT03921632_inc.txt wurde erfolgreich geladen.
Die Daten wurden erfolgreich in '/work/eauten2s/ec_criteria_struct/lct/evaluate_struct/model_output/struct2_eval_testdataset/Llama-3-70B-Instruct_3_shot/output/Llama-3-70B-Instruct_NCT03921632_inc.json' gespeichert.
File: NCT03921697_exc 

Das File: /work/eauten2s/ec_criteria_struct/lct/input/dataset_p2/test/input/NCT03921697_exc.txt wurde erfolgreich geladen.
Die Daten wurden erfolgreich in '/work/eauten2s/ec_criteria_struct/lct/evaluate_struct/model_output/struct2_eval_testdataset/Llama-3-70B-Instruct_3_shot/output/Llama-3-70B-Instruct_NCT03921697_exc.json' gespeichert.
File: NCT03921710_inc 

Das File: /work/eauten2s/ec_criteria_struct/lct/input/dataset_p2/test/input/NCT03921710_inc.txt wurde erfolgreich geladen.
Die Daten wurden erfolgreich in '/work/eauten2s/ec_criteria_struct/lct/evaluate_struct/model_output/struct2_eval_testdataset/Llama-3-70B-Instruct_3_shot/output/Llama-3-70B-Instruct_NCT03921710_inc.json' gespeichert.
File: NCT03921749_inc 

Das File: /work/eauten2s/ec_criteria_struct/lct/input/dataset_p2/test/input/NCT03921749_inc.txt wurde erfolgreich geladen.
Die Daten wurden erfolgreich in '/work/eauten2s/ec_criteria_struct/lct/evaluate_struct/model_output/struct2_eval_testdataset/Llama-3-70B-Instruct_3_shot/output/Llama-3-70B-Instruct_NCT03921749_inc.json' gespeichert.
File: NCT03921762_inc 

Das File: /work/eauten2s/ec_criteria_struct/lct/input/dataset_p2/test/input/NCT03921762_inc.txt wurde erfolgreich geladen.
Die Daten wurden erfolgreich in '/work/eauten2s/ec_criteria_struct/lct/evaluate_struct/model_output/struct2_eval_testdataset/Llama-3-70B-Instruct_3_shot/output/Llama-3-70B-Instruct_NCT03921762_inc.json' gespeichert.
File: NCT03921775_inc 

Das File ist leer.
Die Daten wurden erfolgreich in '/work/eauten2s/ec_criteria_struct/lct/evaluate_struct/model_output/struct2_eval_testdataset/Llama-3-70B-Instruct_3_shot/output/Llama-3-70B-Instruct_NCT03921775_inc.json' gespeichert.
File: NCT03921905_exc 

Das File: /work/eauten2s/ec_criteria_struct/lct/input/dataset_p2/test/input/NCT03921905_exc.txt wurde erfolgreich geladen.
Die Daten wurden erfolgreich in '/work/eauten2s/ec_criteria_struct/lct/evaluate_struct/model_output/struct2_eval_testdataset/Llama-3-70B-Instruct_3_shot/output/Llama-3-70B-Instruct_NCT03921905_exc.json' gespeichert.
File: NCT03921944_exc 

Das File: /work/eauten2s/ec_criteria_struct/lct/input/dataset_p2/test/input/NCT03921944_exc.txt wurde erfolgreich geladen.
Die Daten wurden erfolgreich in '/work/eauten2s/ec_criteria_struct/lct/evaluate_struct/model_output/struct2_eval_testdataset/Llama-3-70B-Instruct_3_shot/output/Llama-3-70B-Instruct_NCT03921944_exc.json' gespeichert.
File: NCT03921983_exc 

Das File: /work/eauten2s/ec_criteria_struct/lct/input/dataset_p2/test/input/NCT03921983_exc.txt wurde erfolgreich geladen.
Die Daten wurden erfolgreich in '/work/eauten2s/ec_criteria_struct/lct/evaluate_struct/model_output/struct2_eval_testdataset/Llama-3-70B-Instruct_3_shot/output/Llama-3-70B-Instruct_NCT03921983_exc.json' gespeichert.
File: NCT03922178_inc 

Das File: /work/eauten2s/ec_criteria_struct/lct/input/dataset_p2/test/input/NCT03922178_inc.txt wurde erfolgreich geladen.
Die Daten wurden erfolgreich in '/work/eauten2s/ec_criteria_struct/lct/evaluate_struct/model_output/struct2_eval_testdataset/Llama-3-70B-Instruct_3_shot/output/Llama-3-70B-Instruct_NCT03922178_inc.json' gespeichert.
File: NCT03922230_exc 

Das File: /work/eauten2s/ec_criteria_struct/lct/input/dataset_p2/test/input/NCT03922230_exc.txt wurde erfolgreich geladen.
Die Daten wurden erfolgreich in '/work/eauten2s/ec_criteria_struct/lct/evaluate_struct/model_output/struct2_eval_testdataset/Llama-3-70B-Instruct_3_shot/output/Llama-3-70B-Instruct_NCT03922230_exc.json' gespeichert.
File: NCT03922243_exc 

Das File: /work/eauten2s/ec_criteria_struct/lct/input/dataset_p2/test/input/NCT03922243_exc.txt wurde erfolgreich geladen.
Die Daten wurden erfolgreich in '/work/eauten2s/ec_criteria_struct/lct/evaluate_struct/model_output/struct2_eval_testdataset/Llama-3-70B-Instruct_3_shot/output/Llama-3-70B-Instruct_NCT03922243_exc.json' gespeichert.
File: NCT03922269_exc 

Das File: /work/eauten2s/ec_criteria_struct/lct/input/dataset_p2/test/input/NCT03922269_exc.txt wurde erfolgreich geladen.
Die Daten wurden erfolgreich in '/work/eauten2s/ec_criteria_struct/lct/evaluate_struct/model_output/struct2_eval_testdataset/Llama-3-70B-Instruct_3_shot/output/Llama-3-70B-Instruct_NCT03922269_exc.json' gespeichert.
File: NCT03922321_exc 

Das File: /work/eauten2s/ec_criteria_struct/lct/input/dataset_p2/test/input/NCT03922321_exc.txt wurde erfolgreich geladen.
Die Daten wurden erfolgreich in '/work/eauten2s/ec_criteria_struct/lct/evaluate_struct/model_output/struct2_eval_testdataset/Llama-3-70B-Instruct_3_shot/output/Llama-3-70B-Instruct_NCT03922321_exc.json' gespeichert.
File: NCT03922347_exc 

Das File ist leer.
Die Daten wurden erfolgreich in '/work/eauten2s/ec_criteria_struct/lct/evaluate_struct/model_output/struct2_eval_testdataset/Llama-3-70B-Instruct_3_shot/output/Llama-3-70B-Instruct_NCT03922347_exc.json' gespeichert.
File: NCT03922425_inc 

Das File: /work/eauten2s/ec_criteria_struct/lct/input/dataset_p2/test/input/NCT03922425_inc.txt wurde erfolgreich geladen.
Die Daten wurden erfolgreich in '/work/eauten2s/ec_criteria_struct/lct/evaluate_struct/model_output/struct2_eval_testdataset/Llama-3-70B-Instruct_3_shot/output/Llama-3-70B-Instruct_NCT03922425_inc.json' gespeichert.
File: NCT03922542_inc 

Das File: /work/eauten2s/ec_criteria_struct/lct/input/dataset_p2/test/input/NCT03922542_inc.txt wurde erfolgreich geladen.
Die Daten wurden erfolgreich in '/work/eauten2s/ec_criteria_struct/lct/evaluate_struct/model_output/struct2_eval_testdataset/Llama-3-70B-Instruct_3_shot/output/Llama-3-70B-Instruct_NCT03922542_inc.json' gespeichert.
File: NCT03922568_exc 

Das File: /work/eauten2s/ec_criteria_struct/lct/input/dataset_p2/test/input/NCT03922568_exc.txt wurde erfolgreich geladen.
Die Daten wurden erfolgreich in '/work/eauten2s/ec_criteria_struct/lct/evaluate_struct/model_output/struct2_eval_testdataset/Llama-3-70B-Instruct_3_shot/output/Llama-3-70B-Instruct_NCT03922568_exc.json' gespeichert.
File: NCT03922607_exc 

Das File: /work/eauten2s/ec_criteria_struct/lct/input/dataset_p2/test/input/NCT03922607_exc.txt wurde erfolgreich geladen.
Die Daten wurden erfolgreich in '/work/eauten2s/ec_criteria_struct/lct/evaluate_struct/model_output/struct2_eval_testdataset/Llama-3-70B-Instruct_3_shot/output/Llama-3-70B-Instruct_NCT03922607_exc.json' gespeichert.
File: NCT03922659_inc 

Das File: /work/eauten2s/ec_criteria_struct/lct/input/dataset_p2/test/input/NCT03922659_inc.txt wurde erfolgreich geladen.
Die Daten wurden erfolgreich in '/work/eauten2s/ec_criteria_struct/lct/evaluate_struct/model_output/struct2_eval_testdataset/Llama-3-70B-Instruct_3_shot/output/Llama-3-70B-Instruct_NCT03922659_inc.json' gespeichert.
File: NCT03922737_inc 

Das File: /work/eauten2s/ec_criteria_struct/lct/input/dataset_p2/test/input/NCT03922737_inc.txt wurde erfolgreich geladen.
Die Daten wurden erfolgreich in '/work/eauten2s/ec_criteria_struct/lct/evaluate_struct/model_output/struct2_eval_testdataset/Llama-3-70B-Instruct_3_shot/output/Llama-3-70B-Instruct_NCT03922737_inc.json' gespeichert.
File: NCT03922815_inc 

Das File: /work/eauten2s/ec_criteria_struct/lct/input/dataset_p2/test/input/NCT03922815_inc.txt wurde erfolgreich geladen.
Die Daten wurden erfolgreich in '/work/eauten2s/ec_criteria_struct/lct/evaluate_struct/model_output/struct2_eval_testdataset/Llama-3-70B-Instruct_3_shot/output/Llama-3-70B-Instruct_NCT03922815_inc.json' gespeichert.
File: NCT03922828_inc 

Das File: /work/eauten2s/ec_criteria_struct/lct/input/dataset_p2/test/input/NCT03922828_inc.txt wurde erfolgreich geladen.
Die Daten wurden erfolgreich in '/work/eauten2s/ec_criteria_struct/lct/evaluate_struct/model_output/struct2_eval_testdataset/Llama-3-70B-Instruct_3_shot/output/Llama-3-70B-Instruct_NCT03922828_inc.json' gespeichert.
File: NCT03922841_exc 

Das File: /work/eauten2s/ec_criteria_struct/lct/input/dataset_p2/test/input/NCT03922841_exc.txt wurde erfolgreich geladen.
Die Daten wurden erfolgreich in '/work/eauten2s/ec_criteria_struct/lct/evaluate_struct/model_output/struct2_eval_testdataset/Llama-3-70B-Instruct_3_shot/output/Llama-3-70B-Instruct_NCT03922841_exc.json' gespeichert.
File: NCT03922841_inc 

Das File: /work/eauten2s/ec_criteria_struct/lct/input/dataset_p2/test/input/NCT03922841_inc.txt wurde erfolgreich geladen.
Die Daten wurden erfolgreich in '/work/eauten2s/ec_criteria_struct/lct/evaluate_struct/model_output/struct2_eval_testdataset/Llama-3-70B-Instruct_3_shot/output/Llama-3-70B-Instruct_NCT03922841_inc.json' gespeichert.
File: NCT03922906_exc 

Das File: /work/eauten2s/ec_criteria_struct/lct/input/dataset_p2/test/input/NCT03922906_exc.txt wurde erfolgreich geladen.
Die Daten wurden erfolgreich in '/work/eauten2s/ec_criteria_struct/lct/evaluate_struct/model_output/struct2_eval_testdataset/Llama-3-70B-Instruct_3_shot/output/Llama-3-70B-Instruct_NCT03922906_exc.json' gespeichert.
File: NCT03922958_exc 

Das File: /work/eauten2s/ec_criteria_struct/lct/input/dataset_p2/test/input/NCT03922958_exc.txt wurde erfolgreich geladen.
Die Daten wurden erfolgreich in '/work/eauten2s/ec_criteria_struct/lct/evaluate_struct/model_output/struct2_eval_testdataset/Llama-3-70B-Instruct_3_shot/output/Llama-3-70B-Instruct_NCT03922958_exc.json' gespeichert.
File: NCT03922958_inc 

Das File: /work/eauten2s/ec_criteria_struct/lct/input/dataset_p2/test/input/NCT03922958_inc.txt wurde erfolgreich geladen.
Die Daten wurden erfolgreich in '/work/eauten2s/ec_criteria_struct/lct/evaluate_struct/model_output/struct2_eval_testdataset/Llama-3-70B-Instruct_3_shot/output/Llama-3-70B-Instruct_NCT03922958_inc.json' gespeichert.
File: NCT03922971_inc 

Das File: /work/eauten2s/ec_criteria_struct/lct/input/dataset_p2/test/input/NCT03922971_inc.txt wurde erfolgreich geladen.
Die Daten wurden erfolgreich in '/work/eauten2s/ec_criteria_struct/lct/evaluate_struct/model_output/struct2_eval_testdataset/Llama-3-70B-Instruct_3_shot/output/Llama-3-70B-Instruct_NCT03922971_inc.json' gespeichert.
File: NCT03923140_inc 

Das File: /work/eauten2s/ec_criteria_struct/lct/input/dataset_p2/test/input/NCT03923140_inc.txt wurde erfolgreich geladen.
Die Daten wurden erfolgreich in '/work/eauten2s/ec_criteria_struct/lct/evaluate_struct/model_output/struct2_eval_testdataset/Llama-3-70B-Instruct_3_shot/output/Llama-3-70B-Instruct_NCT03923140_inc.json' gespeichert.
File: NCT03923153_exc 

Das File: /work/eauten2s/ec_criteria_struct/lct/input/dataset_p2/test/input/NCT03923153_exc.txt wurde erfolgreich geladen.
Die Daten wurden erfolgreich in '/work/eauten2s/ec_criteria_struct/lct/evaluate_struct/model_output/struct2_eval_testdataset/Llama-3-70B-Instruct_3_shot/output/Llama-3-70B-Instruct_NCT03923153_exc.json' gespeichert.
File: NCT03923192_exc 

Das File: /work/eauten2s/ec_criteria_struct/lct/input/dataset_p2/test/input/NCT03923192_exc.txt wurde erfolgreich geladen.
Die Daten wurden erfolgreich in '/work/eauten2s/ec_criteria_struct/lct/evaluate_struct/model_output/struct2_eval_testdataset/Llama-3-70B-Instruct_3_shot/output/Llama-3-70B-Instruct_NCT03923192_exc.json' gespeichert.
File: NCT03923205_inc 

Das File: /work/eauten2s/ec_criteria_struct/lct/input/dataset_p2/test/input/NCT03923205_inc.txt wurde erfolgreich geladen.
Die Daten wurden erfolgreich in '/work/eauten2s/ec_criteria_struct/lct/evaluate_struct/model_output/struct2_eval_testdataset/Llama-3-70B-Instruct_3_shot/output/Llama-3-70B-Instruct_NCT03923205_inc.json' gespeichert.
File: NCT03923218_exc 

Das File: /work/eauten2s/ec_criteria_struct/lct/input/dataset_p2/test/input/NCT03923218_exc.txt wurde erfolgreich geladen.
Die Daten wurden erfolgreich in '/work/eauten2s/ec_criteria_struct/lct/evaluate_struct/model_output/struct2_eval_testdataset/Llama-3-70B-Instruct_3_shot/output/Llama-3-70B-Instruct_NCT03923218_exc.json' gespeichert.
File: NCT03923335_exc 

Das File: /work/eauten2s/ec_criteria_struct/lct/input/dataset_p2/test/input/NCT03923335_exc.txt wurde erfolgreich geladen.
Die Daten wurden erfolgreich in '/work/eauten2s/ec_criteria_struct/lct/evaluate_struct/model_output/struct2_eval_testdataset/Llama-3-70B-Instruct_3_shot/output/Llama-3-70B-Instruct_NCT03923335_exc.json' gespeichert.
File: NCT03923335_inc 

Das File: /work/eauten2s/ec_criteria_struct/lct/input/dataset_p2/test/input/NCT03923335_inc.txt wurde erfolgreich geladen.
Die Daten wurden erfolgreich in '/work/eauten2s/ec_criteria_struct/lct/evaluate_struct/model_output/struct2_eval_testdataset/Llama-3-70B-Instruct_3_shot/output/Llama-3-70B-Instruct_NCT03923335_inc.json' gespeichert.
File: NCT03923400_inc 

Das File: /work/eauten2s/ec_criteria_struct/lct/input/dataset_p2/test/input/NCT03923400_inc.txt wurde erfolgreich geladen.
Die Daten wurden erfolgreich in '/work/eauten2s/ec_criteria_struct/lct/evaluate_struct/model_output/struct2_eval_testdataset/Llama-3-70B-Instruct_3_shot/output/Llama-3-70B-Instruct_NCT03923400_inc.json' gespeichert.
File: NCT03923413_exc 

Das File: /work/eauten2s/ec_criteria_struct/lct/input/dataset_p2/test/input/NCT03923413_exc.txt wurde erfolgreich geladen.
Die Daten wurden erfolgreich in '/work/eauten2s/ec_criteria_struct/lct/evaluate_struct/model_output/struct2_eval_testdataset/Llama-3-70B-Instruct_3_shot/output/Llama-3-70B-Instruct_NCT03923413_exc.json' gespeichert.
File: NCT03923439_exc 

Das File: /work/eauten2s/ec_criteria_struct/lct/input/dataset_p2/test/input/NCT03923439_exc.txt wurde erfolgreich geladen.
Die Daten wurden erfolgreich in '/work/eauten2s/ec_criteria_struct/lct/evaluate_struct/model_output/struct2_eval_testdataset/Llama-3-70B-Instruct_3_shot/output/Llama-3-70B-Instruct_NCT03923439_exc.json' gespeichert.
File: NCT03923439_inc 

Das File: /work/eauten2s/ec_criteria_struct/lct/input/dataset_p2/test/input/NCT03923439_inc.txt wurde erfolgreich geladen.
Die Daten wurden erfolgreich in '/work/eauten2s/ec_criteria_struct/lct/evaluate_struct/model_output/struct2_eval_testdataset/Llama-3-70B-Instruct_3_shot/output/Llama-3-70B-Instruct_NCT03923439_inc.json' gespeichert.
File: NCT03923465_exc 

Das File: /work/eauten2s/ec_criteria_struct/lct/input/dataset_p2/test/input/NCT03923465_exc.txt wurde erfolgreich geladen.
Die Daten wurden erfolgreich in '/work/eauten2s/ec_criteria_struct/lct/evaluate_struct/model_output/struct2_eval_testdataset/Llama-3-70B-Instruct_3_shot/output/Llama-3-70B-Instruct_NCT03923465_exc.json' gespeichert.
File: NCT03923595_exc 

Das File: /work/eauten2s/ec_criteria_struct/lct/input/dataset_p2/test/input/NCT03923595_exc.txt wurde erfolgreich geladen.
Die Daten wurden erfolgreich in '/work/eauten2s/ec_criteria_struct/lct/evaluate_struct/model_output/struct2_eval_testdataset/Llama-3-70B-Instruct_3_shot/output/Llama-3-70B-Instruct_NCT03923595_exc.json' gespeichert.
File: NCT03923595_inc 

Das File: /work/eauten2s/ec_criteria_struct/lct/input/dataset_p2/test/input/NCT03923595_inc.txt wurde erfolgreich geladen.
Die Daten wurden erfolgreich in '/work/eauten2s/ec_criteria_struct/lct/evaluate_struct/model_output/struct2_eval_testdataset/Llama-3-70B-Instruct_3_shot/output/Llama-3-70B-Instruct_NCT03923595_inc.json' gespeichert.
File: NCT03923647_exc 

Das File: /work/eauten2s/ec_criteria_struct/lct/input/dataset_p2/test/input/NCT03923647_exc.txt wurde erfolgreich geladen.
Die Daten wurden erfolgreich in '/work/eauten2s/ec_criteria_struct/lct/evaluate_struct/model_output/struct2_eval_testdataset/Llama-3-70B-Instruct_3_shot/output/Llama-3-70B-Instruct_NCT03923647_exc.json' gespeichert.
File: NCT03923764_inc 

Das File: /work/eauten2s/ec_criteria_struct/lct/input/dataset_p2/test/input/NCT03923764_inc.txt wurde erfolgreich geladen.
Die Daten wurden erfolgreich in '/work/eauten2s/ec_criteria_struct/lct/evaluate_struct/model_output/struct2_eval_testdataset/Llama-3-70B-Instruct_3_shot/output/Llama-3-70B-Instruct_NCT03923764_inc.json' gespeichert.
File: NCT03923816_inc 

Das File: /work/eauten2s/ec_criteria_struct/lct/input/dataset_p2/test/input/NCT03923816_inc.txt wurde erfolgreich geladen.
Die Daten wurden erfolgreich in '/work/eauten2s/ec_criteria_struct/lct/evaluate_struct/model_output/struct2_eval_testdataset/Llama-3-70B-Instruct_3_shot/output/Llama-3-70B-Instruct_NCT03923816_inc.json' gespeichert.
File: NCT03923920_exc 

Das File: /work/eauten2s/ec_criteria_struct/lct/input/dataset_p2/test/input/NCT03923920_exc.txt wurde erfolgreich geladen.
Die Daten wurden erfolgreich in '/work/eauten2s/ec_criteria_struct/lct/evaluate_struct/model_output/struct2_eval_testdataset/Llama-3-70B-Instruct_3_shot/output/Llama-3-70B-Instruct_NCT03923920_exc.json' gespeichert.
File: NCT03923933_inc 

Das File: /work/eauten2s/ec_criteria_struct/lct/input/dataset_p2/test/input/NCT03923933_inc.txt wurde erfolgreich geladen.
Die Daten wurden erfolgreich in '/work/eauten2s/ec_criteria_struct/lct/evaluate_struct/model_output/struct2_eval_testdataset/Llama-3-70B-Instruct_3_shot/output/Llama-3-70B-Instruct_NCT03923933_inc.json' gespeichert.
File: NCT03923946_inc 

Das File: /work/eauten2s/ec_criteria_struct/lct/input/dataset_p2/test/input/NCT03923946_inc.txt wurde erfolgreich geladen.
Die Daten wurden erfolgreich in '/work/eauten2s/ec_criteria_struct/lct/evaluate_struct/model_output/struct2_eval_testdataset/Llama-3-70B-Instruct_3_shot/output/Llama-3-70B-Instruct_NCT03923946_inc.json' gespeichert.
File: NCT03923959_inc 

Das File: /work/eauten2s/ec_criteria_struct/lct/input/dataset_p2/test/input/NCT03923959_inc.txt wurde erfolgreich geladen.
Die Daten wurden erfolgreich in '/work/eauten2s/ec_criteria_struct/lct/evaluate_struct/model_output/struct2_eval_testdataset/Llama-3-70B-Instruct_3_shot/output/Llama-3-70B-Instruct_NCT03923959_inc.json' gespeichert.
File: NCT03923998_inc 

Das File: /work/eauten2s/ec_criteria_struct/lct/input/dataset_p2/test/input/NCT03923998_inc.txt wurde erfolgreich geladen.
Die Daten wurden erfolgreich in '/work/eauten2s/ec_criteria_struct/lct/evaluate_struct/model_output/struct2_eval_testdataset/Llama-3-70B-Instruct_3_shot/output/Llama-3-70B-Instruct_NCT03923998_inc.json' gespeichert.
File: NCT03924024_inc 

Das File: /work/eauten2s/ec_criteria_struct/lct/input/dataset_p2/test/input/NCT03924024_inc.txt wurde erfolgreich geladen.
Die Daten wurden erfolgreich in '/work/eauten2s/ec_criteria_struct/lct/evaluate_struct/model_output/struct2_eval_testdataset/Llama-3-70B-Instruct_3_shot/output/Llama-3-70B-Instruct_NCT03924024_inc.json' gespeichert.
File: NCT03924037_inc 

Das File: /work/eauten2s/ec_criteria_struct/lct/input/dataset_p2/test/input/NCT03924037_inc.txt wurde erfolgreich geladen.
Die Daten wurden erfolgreich in '/work/eauten2s/ec_criteria_struct/lct/evaluate_struct/model_output/struct2_eval_testdataset/Llama-3-70B-Instruct_3_shot/output/Llama-3-70B-Instruct_NCT03924037_inc.json' gespeichert.
File: NCT03924180_inc 

Das File: /work/eauten2s/ec_criteria_struct/lct/input/dataset_p2/test/input/NCT03924180_inc.txt wurde erfolgreich geladen.
Die Daten wurden erfolgreich in '/work/eauten2s/ec_criteria_struct/lct/evaluate_struct/model_output/struct2_eval_testdataset/Llama-3-70B-Instruct_3_shot/output/Llama-3-70B-Instruct_NCT03924180_inc.json' gespeichert.
File: NCT03924206_exc 

Das File: /work/eauten2s/ec_criteria_struct/lct/input/dataset_p2/test/input/NCT03924206_exc.txt wurde erfolgreich geladen.
Die Daten wurden erfolgreich in '/work/eauten2s/ec_criteria_struct/lct/evaluate_struct/model_output/struct2_eval_testdataset/Llama-3-70B-Instruct_3_shot/output/Llama-3-70B-Instruct_NCT03924206_exc.json' gespeichert.
File: NCT03924232_exc 

Das File: /work/eauten2s/ec_criteria_struct/lct/input/dataset_p2/test/input/NCT03924232_exc.txt wurde erfolgreich geladen.
Die Daten wurden erfolgreich in '/work/eauten2s/ec_criteria_struct/lct/evaluate_struct/model_output/struct2_eval_testdataset/Llama-3-70B-Instruct_3_shot/output/Llama-3-70B-Instruct_NCT03924232_exc.json' gespeichert.
File: NCT03924232_inc 

Das File: /work/eauten2s/ec_criteria_struct/lct/input/dataset_p2/test/input/NCT03924232_inc.txt wurde erfolgreich geladen.
Die Daten wurden erfolgreich in '/work/eauten2s/ec_criteria_struct/lct/evaluate_struct/model_output/struct2_eval_testdataset/Llama-3-70B-Instruct_3_shot/output/Llama-3-70B-Instruct_NCT03924232_inc.json' gespeichert.
File: NCT03924284_exc 

Das File: /work/eauten2s/ec_criteria_struct/lct/input/dataset_p2/test/input/NCT03924284_exc.txt wurde erfolgreich geladen.
Die Daten wurden erfolgreich in '/work/eauten2s/ec_criteria_struct/lct/evaluate_struct/model_output/struct2_eval_testdataset/Llama-3-70B-Instruct_3_shot/output/Llama-3-70B-Instruct_NCT03924284_exc.json' gespeichert.
File: NCT03924284_inc 

Das File: /work/eauten2s/ec_criteria_struct/lct/input/dataset_p2/test/input/NCT03924284_inc.txt wurde erfolgreich geladen.
Die Daten wurden erfolgreich in '/work/eauten2s/ec_criteria_struct/lct/evaluate_struct/model_output/struct2_eval_testdataset/Llama-3-70B-Instruct_3_shot/output/Llama-3-70B-Instruct_NCT03924284_inc.json' gespeichert.
File: NCT03924362_inc 

Das File: /work/eauten2s/ec_criteria_struct/lct/input/dataset_p2/test/input/NCT03924362_inc.txt wurde erfolgreich geladen.
Die Daten wurden erfolgreich in '/work/eauten2s/ec_criteria_struct/lct/evaluate_struct/model_output/struct2_eval_testdataset/Llama-3-70B-Instruct_3_shot/output/Llama-3-70B-Instruct_NCT03924362_inc.json' gespeichert.
File: NCT03924375_inc 

Das File: /work/eauten2s/ec_criteria_struct/lct/input/dataset_p2/test/input/NCT03924375_inc.txt wurde erfolgreich geladen.
Die Daten wurden erfolgreich in '/work/eauten2s/ec_criteria_struct/lct/evaluate_struct/model_output/struct2_eval_testdataset/Llama-3-70B-Instruct_3_shot/output/Llama-3-70B-Instruct_NCT03924375_inc.json' gespeichert.
File: NCT03924453_exc 

Das File: /work/eauten2s/ec_criteria_struct/lct/input/dataset_p2/test/input/NCT03924453_exc.txt wurde erfolgreich geladen.
Die Daten wurden erfolgreich in '/work/eauten2s/ec_criteria_struct/lct/evaluate_struct/model_output/struct2_eval_testdataset/Llama-3-70B-Instruct_3_shot/output/Llama-3-70B-Instruct_NCT03924453_exc.json' gespeichert.
File: NCT03924479_inc 

Das File ist leer.
Die Daten wurden erfolgreich in '/work/eauten2s/ec_criteria_struct/lct/evaluate_struct/model_output/struct2_eval_testdataset/Llama-3-70B-Instruct_3_shot/output/Llama-3-70B-Instruct_NCT03924479_inc.json' gespeichert.
File: NCT03924492_exc 

Das File: /work/eauten2s/ec_criteria_struct/lct/input/dataset_p2/test/input/NCT03924492_exc.txt wurde erfolgreich geladen.
Die Daten wurden erfolgreich in '/work/eauten2s/ec_criteria_struct/lct/evaluate_struct/model_output/struct2_eval_testdataset/Llama-3-70B-Instruct_3_shot/output/Llama-3-70B-Instruct_NCT03924492_exc.json' gespeichert.
File: NCT03924492_inc 

Das File: /work/eauten2s/ec_criteria_struct/lct/input/dataset_p2/test/input/NCT03924492_inc.txt wurde erfolgreich geladen.
Die Daten wurden erfolgreich in '/work/eauten2s/ec_criteria_struct/lct/evaluate_struct/model_output/struct2_eval_testdataset/Llama-3-70B-Instruct_3_shot/output/Llama-3-70B-Instruct_NCT03924492_inc.json' gespeichert.
File: NCT03924505_exc 

Das File: /work/eauten2s/ec_criteria_struct/lct/input/dataset_p2/test/input/NCT03924505_exc.txt wurde erfolgreich geladen.
Die Daten wurden erfolgreich in '/work/eauten2s/ec_criteria_struct/lct/evaluate_struct/model_output/struct2_eval_testdataset/Llama-3-70B-Instruct_3_shot/output/Llama-3-70B-Instruct_NCT03924505_exc.json' gespeichert.
File: NCT03924544_inc 

Das File: /work/eauten2s/ec_criteria_struct/lct/input/dataset_p2/test/input/NCT03924544_inc.txt wurde erfolgreich geladen.
Die Daten wurden erfolgreich in '/work/eauten2s/ec_criteria_struct/lct/evaluate_struct/model_output/struct2_eval_testdataset/Llama-3-70B-Instruct_3_shot/output/Llama-3-70B-Instruct_NCT03924544_inc.json' gespeichert.
File: NCT03924609_exc 

Das File: /work/eauten2s/ec_criteria_struct/lct/input/dataset_p2/test/input/NCT03924609_exc.txt wurde erfolgreich geladen.
Die Daten wurden erfolgreich in '/work/eauten2s/ec_criteria_struct/lct/evaluate_struct/model_output/struct2_eval_testdataset/Llama-3-70B-Instruct_3_shot/output/Llama-3-70B-Instruct_NCT03924609_exc.json' gespeichert.
File: NCT03924609_inc 

Das File: /work/eauten2s/ec_criteria_struct/lct/input/dataset_p2/test/input/NCT03924609_inc.txt wurde erfolgreich geladen.
Die Daten wurden erfolgreich in '/work/eauten2s/ec_criteria_struct/lct/evaluate_struct/model_output/struct2_eval_testdataset/Llama-3-70B-Instruct_3_shot/output/Llama-3-70B-Instruct_NCT03924609_inc.json' gespeichert.
File: NCT03924687_exc 

Das File: /work/eauten2s/ec_criteria_struct/lct/input/dataset_p2/test/input/NCT03924687_exc.txt wurde erfolgreich geladen.
Die Daten wurden erfolgreich in '/work/eauten2s/ec_criteria_struct/lct/evaluate_struct/model_output/struct2_eval_testdataset/Llama-3-70B-Instruct_3_shot/output/Llama-3-70B-Instruct_NCT03924687_exc.json' gespeichert.
File: NCT03924726_inc 

Das File: /work/eauten2s/ec_criteria_struct/lct/input/dataset_p2/test/input/NCT03924726_inc.txt wurde erfolgreich geladen.
Die Daten wurden erfolgreich in '/work/eauten2s/ec_criteria_struct/lct/evaluate_struct/model_output/struct2_eval_testdataset/Llama-3-70B-Instruct_3_shot/output/Llama-3-70B-Instruct_NCT03924726_inc.json' gespeichert.
File: NCT03924752_exc 

Das File: /work/eauten2s/ec_criteria_struct/lct/input/dataset_p2/test/input/NCT03924752_exc.txt wurde erfolgreich geladen.
Die Daten wurden erfolgreich in '/work/eauten2s/ec_criteria_struct/lct/evaluate_struct/model_output/struct2_eval_testdataset/Llama-3-70B-Instruct_3_shot/output/Llama-3-70B-Instruct_NCT03924752_exc.json' gespeichert.
File: NCT03924817_inc 

Das File: /work/eauten2s/ec_criteria_struct/lct/input/dataset_p2/test/input/NCT03924817_inc.txt wurde erfolgreich geladen.
Die Daten wurden erfolgreich in '/work/eauten2s/ec_criteria_struct/lct/evaluate_struct/model_output/struct2_eval_testdataset/Llama-3-70B-Instruct_3_shot/output/Llama-3-70B-Instruct_NCT03924817_inc.json' gespeichert.
File: NCT03924908_exc 

Das File: /work/eauten2s/ec_criteria_struct/lct/input/dataset_p2/test/input/NCT03924908_exc.txt wurde erfolgreich geladen.
Die Daten wurden erfolgreich in '/work/eauten2s/ec_criteria_struct/lct/evaluate_struct/model_output/struct2_eval_testdataset/Llama-3-70B-Instruct_3_shot/output/Llama-3-70B-Instruct_NCT03924908_exc.json' gespeichert.
File: NCT03924921_inc 

Das File: /work/eauten2s/ec_criteria_struct/lct/input/dataset_p2/test/input/NCT03924921_inc.txt wurde erfolgreich geladen.
Die Daten wurden erfolgreich in '/work/eauten2s/ec_criteria_struct/lct/evaluate_struct/model_output/struct2_eval_testdataset/Llama-3-70B-Instruct_3_shot/output/Llama-3-70B-Instruct_NCT03924921_inc.json' gespeichert.
File: NCT03925116_inc 

Das File ist leer.
Die Daten wurden erfolgreich in '/work/eauten2s/ec_criteria_struct/lct/evaluate_struct/model_output/struct2_eval_testdataset/Llama-3-70B-Instruct_3_shot/output/Llama-3-70B-Instruct_NCT03925116_inc.json' gespeichert.
File: NCT03925142_exc 

Das File: /work/eauten2s/ec_criteria_struct/lct/input/dataset_p2/test/input/NCT03925142_exc.txt wurde erfolgreich geladen.
Die Daten wurden erfolgreich in '/work/eauten2s/ec_criteria_struct/lct/evaluate_struct/model_output/struct2_eval_testdataset/Llama-3-70B-Instruct_3_shot/output/Llama-3-70B-Instruct_NCT03925142_exc.json' gespeichert.
File: NCT03925168_inc 

Das File: /work/eauten2s/ec_criteria_struct/lct/input/dataset_p2/test/input/NCT03925168_inc.txt wurde erfolgreich geladen.
Die Daten wurden erfolgreich in '/work/eauten2s/ec_criteria_struct/lct/evaluate_struct/model_output/struct2_eval_testdataset/Llama-3-70B-Instruct_3_shot/output/Llama-3-70B-Instruct_NCT03925168_inc.json' gespeichert.
File: NCT03925181_inc 

Das File ist leer.
Die Daten wurden erfolgreich in '/work/eauten2s/ec_criteria_struct/lct/evaluate_struct/model_output/struct2_eval_testdataset/Llama-3-70B-Instruct_3_shot/output/Llama-3-70B-Instruct_NCT03925181_inc.json' gespeichert.
File: NCT03925298_inc 

Das File: /work/eauten2s/ec_criteria_struct/lct/input/dataset_p2/test/input/NCT03925298_inc.txt wurde erfolgreich geladen.
Die Daten wurden erfolgreich in '/work/eauten2s/ec_criteria_struct/lct/evaluate_struct/model_output/struct2_eval_testdataset/Llama-3-70B-Instruct_3_shot/output/Llama-3-70B-Instruct_NCT03925298_inc.json' gespeichert.
File: NCT03925363_exc 

Das File: /work/eauten2s/ec_criteria_struct/lct/input/dataset_p2/test/input/NCT03925363_exc.txt wurde erfolgreich geladen.
Die Daten wurden erfolgreich in '/work/eauten2s/ec_criteria_struct/lct/evaluate_struct/model_output/struct2_eval_testdataset/Llama-3-70B-Instruct_3_shot/output/Llama-3-70B-Instruct_NCT03925363_exc.json' gespeichert.
File: NCT03925389_inc 

Das File: /work/eauten2s/ec_criteria_struct/lct/input/dataset_p2/test/input/NCT03925389_inc.txt wurde erfolgreich geladen.
Die Daten wurden erfolgreich in '/work/eauten2s/ec_criteria_struct/lct/evaluate_struct/model_output/struct2_eval_testdataset/Llama-3-70B-Instruct_3_shot/output/Llama-3-70B-Instruct_NCT03925389_inc.json' gespeichert.
File: NCT03925441_inc 

Das File: /work/eauten2s/ec_criteria_struct/lct/input/dataset_p2/test/input/NCT03925441_inc.txt wurde erfolgreich geladen.
Die Daten wurden erfolgreich in '/work/eauten2s/ec_criteria_struct/lct/evaluate_struct/model_output/struct2_eval_testdataset/Llama-3-70B-Instruct_3_shot/output/Llama-3-70B-Instruct_NCT03925441_inc.json' gespeichert.
File: NCT03925454_exc 

Das File: /work/eauten2s/ec_criteria_struct/lct/input/dataset_p2/test/input/NCT03925454_exc.txt wurde erfolgreich geladen.
Die Daten wurden erfolgreich in '/work/eauten2s/ec_criteria_struct/lct/evaluate_struct/model_output/struct2_eval_testdataset/Llama-3-70B-Instruct_3_shot/output/Llama-3-70B-Instruct_NCT03925454_exc.json' gespeichert.
File: NCT03925506_exc 

Das File: /work/eauten2s/ec_criteria_struct/lct/input/dataset_p2/test/input/NCT03925506_exc.txt wurde erfolgreich geladen.
Die Daten wurden erfolgreich in '/work/eauten2s/ec_criteria_struct/lct/evaluate_struct/model_output/struct2_eval_testdataset/Llama-3-70B-Instruct_3_shot/output/Llama-3-70B-Instruct_NCT03925506_exc.json' gespeichert.
File: NCT03925519_inc 

Das File: /work/eauten2s/ec_criteria_struct/lct/input/dataset_p2/test/input/NCT03925519_inc.txt wurde erfolgreich geladen.
Die Daten wurden erfolgreich in '/work/eauten2s/ec_criteria_struct/lct/evaluate_struct/model_output/struct2_eval_testdataset/Llama-3-70B-Instruct_3_shot/output/Llama-3-70B-Instruct_NCT03925519_inc.json' gespeichert.
File: NCT03925558_inc 

Das File: /work/eauten2s/ec_criteria_struct/lct/input/dataset_p2/test/input/NCT03925558_inc.txt wurde erfolgreich geladen.
Die Daten wurden erfolgreich in '/work/eauten2s/ec_criteria_struct/lct/evaluate_struct/model_output/struct2_eval_testdataset/Llama-3-70B-Instruct_3_shot/output/Llama-3-70B-Instruct_NCT03925558_inc.json' gespeichert.
File: NCT03925584_inc 

Das File: /work/eauten2s/ec_criteria_struct/lct/input/dataset_p2/test/input/NCT03925584_inc.txt wurde erfolgreich geladen.
Die Daten wurden erfolgreich in '/work/eauten2s/ec_criteria_struct/lct/evaluate_struct/model_output/struct2_eval_testdataset/Llama-3-70B-Instruct_3_shot/output/Llama-3-70B-Instruct_NCT03925584_inc.json' gespeichert.
File: NCT03925610_exc 

Das File: /work/eauten2s/ec_criteria_struct/lct/input/dataset_p2/test/input/NCT03925610_exc.txt wurde erfolgreich geladen.
Die Daten wurden erfolgreich in '/work/eauten2s/ec_criteria_struct/lct/evaluate_struct/model_output/struct2_eval_testdataset/Llama-3-70B-Instruct_3_shot/output/Llama-3-70B-Instruct_NCT03925610_exc.json' gespeichert.
File: NCT03925649_inc 

Das File: /work/eauten2s/ec_criteria_struct/lct/input/dataset_p2/test/input/NCT03925649_inc.txt wurde erfolgreich geladen.
Die Daten wurden erfolgreich in '/work/eauten2s/ec_criteria_struct/lct/evaluate_struct/model_output/struct2_eval_testdataset/Llama-3-70B-Instruct_3_shot/output/Llama-3-70B-Instruct_NCT03925649_inc.json' gespeichert.
File: NCT03925662_exc 

Das File: /work/eauten2s/ec_criteria_struct/lct/input/dataset_p2/test/input/NCT03925662_exc.txt wurde erfolgreich geladen.
Die Daten wurden erfolgreich in '/work/eauten2s/ec_criteria_struct/lct/evaluate_struct/model_output/struct2_eval_testdataset/Llama-3-70B-Instruct_3_shot/output/Llama-3-70B-Instruct_NCT03925662_exc.json' gespeichert.
File: NCT03925675_inc 

Das File: /work/eauten2s/ec_criteria_struct/lct/input/dataset_p2/test/input/NCT03925675_inc.txt wurde erfolgreich geladen.
Die Daten wurden erfolgreich in '/work/eauten2s/ec_criteria_struct/lct/evaluate_struct/model_output/struct2_eval_testdataset/Llama-3-70B-Instruct_3_shot/output/Llama-3-70B-Instruct_NCT03925675_inc.json' gespeichert.
File: NCT03925727_exc 

Das File: /work/eauten2s/ec_criteria_struct/lct/input/dataset_p2/test/input/NCT03925727_exc.txt wurde erfolgreich geladen.
Die Daten wurden erfolgreich in '/work/eauten2s/ec_criteria_struct/lct/evaluate_struct/model_output/struct2_eval_testdataset/Llama-3-70B-Instruct_3_shot/output/Llama-3-70B-Instruct_NCT03925727_exc.json' gespeichert.
File: NCT03925727_inc 

Das File: /work/eauten2s/ec_criteria_struct/lct/input/dataset_p2/test/input/NCT03925727_inc.txt wurde erfolgreich geladen.
Die Daten wurden erfolgreich in '/work/eauten2s/ec_criteria_struct/lct/evaluate_struct/model_output/struct2_eval_testdataset/Llama-3-70B-Instruct_3_shot/output/Llama-3-70B-Instruct_NCT03925727_inc.json' gespeichert.
File: NCT03925753_exc 

Das File: /work/eauten2s/ec_criteria_struct/lct/input/dataset_p2/test/input/NCT03925753_exc.txt wurde erfolgreich geladen.
Die Daten wurden erfolgreich in '/work/eauten2s/ec_criteria_struct/lct/evaluate_struct/model_output/struct2_eval_testdataset/Llama-3-70B-Instruct_3_shot/output/Llama-3-70B-Instruct_NCT03925753_exc.json' gespeichert.
File: NCT03925818_exc 

Das File: /work/eauten2s/ec_criteria_struct/lct/input/dataset_p2/test/input/NCT03925818_exc.txt wurde erfolgreich geladen.
Die Daten wurden erfolgreich in '/work/eauten2s/ec_criteria_struct/lct/evaluate_struct/model_output/struct2_eval_testdataset/Llama-3-70B-Instruct_3_shot/output/Llama-3-70B-Instruct_NCT03925818_exc.json' gespeichert.
File: NCT03925844_inc 

Das File: /work/eauten2s/ec_criteria_struct/lct/input/dataset_p2/test/input/NCT03925844_inc.txt wurde erfolgreich geladen.
Die Daten wurden erfolgreich in '/work/eauten2s/ec_criteria_struct/lct/evaluate_struct/model_output/struct2_eval_testdataset/Llama-3-70B-Instruct_3_shot/output/Llama-3-70B-Instruct_NCT03925844_inc.json' gespeichert.
File: NCT03925883_exc 

Das File: /work/eauten2s/ec_criteria_struct/lct/input/dataset_p2/test/input/NCT03925883_exc.txt wurde erfolgreich geladen.
Die Daten wurden erfolgreich in '/work/eauten2s/ec_criteria_struct/lct/evaluate_struct/model_output/struct2_eval_testdataset/Llama-3-70B-Instruct_3_shot/output/Llama-3-70B-Instruct_NCT03925883_exc.json' gespeichert.
File: NCT03925987_inc 

Das File: /work/eauten2s/ec_criteria_struct/lct/input/dataset_p2/test/input/NCT03925987_inc.txt wurde erfolgreich geladen.
Die Daten wurden erfolgreich in '/work/eauten2s/ec_criteria_struct/lct/evaluate_struct/model_output/struct2_eval_testdataset/Llama-3-70B-Instruct_3_shot/output/Llama-3-70B-Instruct_NCT03925987_inc.json' gespeichert.
File: NCT03926000_inc 

Das File: /work/eauten2s/ec_criteria_struct/lct/input/dataset_p2/test/input/NCT03926000_inc.txt wurde erfolgreich geladen.
Die Daten wurden erfolgreich in '/work/eauten2s/ec_criteria_struct/lct/evaluate_struct/model_output/struct2_eval_testdataset/Llama-3-70B-Instruct_3_shot/output/Llama-3-70B-Instruct_NCT03926000_inc.json' gespeichert.
File: NCT03926013_exc 

Das File: /work/eauten2s/ec_criteria_struct/lct/input/dataset_p2/test/input/NCT03926013_exc.txt wurde erfolgreich geladen.
Die Daten wurden erfolgreich in '/work/eauten2s/ec_criteria_struct/lct/evaluate_struct/model_output/struct2_eval_testdataset/Llama-3-70B-Instruct_3_shot/output/Llama-3-70B-Instruct_NCT03926013_exc.json' gespeichert.
File: NCT03926078_inc 

Das File: /work/eauten2s/ec_criteria_struct/lct/input/dataset_p2/test/input/NCT03926078_inc.txt wurde erfolgreich geladen.
Die Daten wurden erfolgreich in '/work/eauten2s/ec_criteria_struct/lct/evaluate_struct/model_output/struct2_eval_testdataset/Llama-3-70B-Instruct_3_shot/output/Llama-3-70B-Instruct_NCT03926078_inc.json' gespeichert.
File: NCT03926169_exc 

Das File: /work/eauten2s/ec_criteria_struct/lct/input/dataset_p2/test/input/NCT03926169_exc.txt wurde erfolgreich geladen.
Die Daten wurden erfolgreich in '/work/eauten2s/ec_criteria_struct/lct/evaluate_struct/model_output/struct2_eval_testdataset/Llama-3-70B-Instruct_3_shot/output/Llama-3-70B-Instruct_NCT03926169_exc.json' gespeichert.
File: NCT03926169_inc 

Das File: /work/eauten2s/ec_criteria_struct/lct/input/dataset_p2/test/input/NCT03926169_inc.txt wurde erfolgreich geladen.
Die Daten wurden erfolgreich in '/work/eauten2s/ec_criteria_struct/lct/evaluate_struct/model_output/struct2_eval_testdataset/Llama-3-70B-Instruct_3_shot/output/Llama-3-70B-Instruct_NCT03926169_inc.json' gespeichert.
File: NCT03926221_exc 

Das File: /work/eauten2s/ec_criteria_struct/lct/input/dataset_p2/test/input/NCT03926221_exc.txt wurde erfolgreich geladen.
Die Daten wurden erfolgreich in '/work/eauten2s/ec_criteria_struct/lct/evaluate_struct/model_output/struct2_eval_testdataset/Llama-3-70B-Instruct_3_shot/output/Llama-3-70B-Instruct_NCT03926221_exc.json' gespeichert.
File: NCT03926325_inc 

Das File: /work/eauten2s/ec_criteria_struct/lct/input/dataset_p2/test/input/NCT03926325_inc.txt wurde erfolgreich geladen.
Die Daten wurden erfolgreich in '/work/eauten2s/ec_criteria_struct/lct/evaluate_struct/model_output/struct2_eval_testdataset/Llama-3-70B-Instruct_3_shot/output/Llama-3-70B-Instruct_NCT03926325_inc.json' gespeichert.
File: NCT03926429_inc 

Das File: /work/eauten2s/ec_criteria_struct/lct/input/dataset_p2/test/input/NCT03926429_inc.txt wurde erfolgreich geladen.
Die Daten wurden erfolgreich in '/work/eauten2s/ec_criteria_struct/lct/evaluate_struct/model_output/struct2_eval_testdataset/Llama-3-70B-Instruct_3_shot/output/Llama-3-70B-Instruct_NCT03926429_inc.json' gespeichert.
File: NCT03926533_inc 

Das File: /work/eauten2s/ec_criteria_struct/lct/input/dataset_p2/test/input/NCT03926533_inc.txt wurde erfolgreich geladen.
Die Daten wurden erfolgreich in '/work/eauten2s/ec_criteria_struct/lct/evaluate_struct/model_output/struct2_eval_testdataset/Llama-3-70B-Instruct_3_shot/output/Llama-3-70B-Instruct_NCT03926533_inc.json' gespeichert.
File: NCT03926546_exc 

Das File: /work/eauten2s/ec_criteria_struct/lct/input/dataset_p2/test/input/NCT03926546_exc.txt wurde erfolgreich geladen.
Die Daten wurden erfolgreich in '/work/eauten2s/ec_criteria_struct/lct/evaluate_struct/model_output/struct2_eval_testdataset/Llama-3-70B-Instruct_3_shot/output/Llama-3-70B-Instruct_NCT03926546_exc.json' gespeichert.
File: NCT03926572_exc 

Das File: /work/eauten2s/ec_criteria_struct/lct/input/dataset_p2/test/input/NCT03926572_exc.txt wurde erfolgreich geladen.
Die Daten wurden erfolgreich in '/work/eauten2s/ec_criteria_struct/lct/evaluate_struct/model_output/struct2_eval_testdataset/Llama-3-70B-Instruct_3_shot/output/Llama-3-70B-Instruct_NCT03926572_exc.json' gespeichert.
File: NCT03926585_exc 

Das File: /work/eauten2s/ec_criteria_struct/lct/input/dataset_p2/test/input/NCT03926585_exc.txt wurde erfolgreich geladen.
Die Daten wurden erfolgreich in '/work/eauten2s/ec_criteria_struct/lct/evaluate_struct/model_output/struct2_eval_testdataset/Llama-3-70B-Instruct_3_shot/output/Llama-3-70B-Instruct_NCT03926585_exc.json' gespeichert.
File: NCT03926611_exc 

Das File: /work/eauten2s/ec_criteria_struct/lct/input/dataset_p2/test/input/NCT03926611_exc.txt wurde erfolgreich geladen.
Die Daten wurden erfolgreich in '/work/eauten2s/ec_criteria_struct/lct/evaluate_struct/model_output/struct2_eval_testdataset/Llama-3-70B-Instruct_3_shot/output/Llama-3-70B-Instruct_NCT03926611_exc.json' gespeichert.
File: NCT03926663_exc 

Das File: /work/eauten2s/ec_criteria_struct/lct/input/dataset_p2/test/input/NCT03926663_exc.txt wurde erfolgreich geladen.
Die Daten wurden erfolgreich in '/work/eauten2s/ec_criteria_struct/lct/evaluate_struct/model_output/struct2_eval_testdataset/Llama-3-70B-Instruct_3_shot/output/Llama-3-70B-Instruct_NCT03926663_exc.json' gespeichert.
File: NCT03926676_exc 

Das File: /work/eauten2s/ec_criteria_struct/lct/input/dataset_p2/test/input/NCT03926676_exc.txt wurde erfolgreich geladen.
Die Daten wurden erfolgreich in '/work/eauten2s/ec_criteria_struct/lct/evaluate_struct/model_output/struct2_eval_testdataset/Llama-3-70B-Instruct_3_shot/output/Llama-3-70B-Instruct_NCT03926676_exc.json' gespeichert.
File: NCT03926780_inc 

Das File: /work/eauten2s/ec_criteria_struct/lct/input/dataset_p2/test/input/NCT03926780_inc.txt wurde erfolgreich geladen.
Die Daten wurden erfolgreich in '/work/eauten2s/ec_criteria_struct/lct/evaluate_struct/model_output/struct2_eval_testdataset/Llama-3-70B-Instruct_3_shot/output/Llama-3-70B-Instruct_NCT03926780_inc.json' gespeichert.
File: NCT03926806_exc 

Das File: /work/eauten2s/ec_criteria_struct/lct/input/dataset_p2/test/input/NCT03926806_exc.txt wurde erfolgreich geladen.
Die Daten wurden erfolgreich in '/work/eauten2s/ec_criteria_struct/lct/evaluate_struct/model_output/struct2_eval_testdataset/Llama-3-70B-Instruct_3_shot/output/Llama-3-70B-Instruct_NCT03926806_exc.json' gespeichert.
File: NCT03926832_inc 

Das File: /work/eauten2s/ec_criteria_struct/lct/input/dataset_p2/test/input/NCT03926832_inc.txt wurde erfolgreich geladen.
Die Daten wurden erfolgreich in '/work/eauten2s/ec_criteria_struct/lct/evaluate_struct/model_output/struct2_eval_testdataset/Llama-3-70B-Instruct_3_shot/output/Llama-3-70B-Instruct_NCT03926832_inc.json' gespeichert.
File: NCT03926871_inc 

Das File: /work/eauten2s/ec_criteria_struct/lct/input/dataset_p2/test/input/NCT03926871_inc.txt wurde erfolgreich geladen.
Die Daten wurden erfolgreich in '/work/eauten2s/ec_criteria_struct/lct/evaluate_struct/model_output/struct2_eval_testdataset/Llama-3-70B-Instruct_3_shot/output/Llama-3-70B-Instruct_NCT03926871_inc.json' gespeichert.
File: NCT03926949_exc 

Das File: /work/eauten2s/ec_criteria_struct/lct/input/dataset_p2/test/input/NCT03926949_exc.txt wurde erfolgreich geladen.
Die Daten wurden erfolgreich in '/work/eauten2s/ec_criteria_struct/lct/evaluate_struct/model_output/struct2_eval_testdataset/Llama-3-70B-Instruct_3_shot/output/Llama-3-70B-Instruct_NCT03926949_exc.json' gespeichert.
File: NCT03926949_inc 

Das File: /work/eauten2s/ec_criteria_struct/lct/input/dataset_p2/test/input/NCT03926949_inc.txt wurde erfolgreich geladen.
Die Daten wurden erfolgreich in '/work/eauten2s/ec_criteria_struct/lct/evaluate_struct/model_output/struct2_eval_testdataset/Llama-3-70B-Instruct_3_shot/output/Llama-3-70B-Instruct_NCT03926949_inc.json' gespeichert.
File: NCT03926975_inc 

Das File: /work/eauten2s/ec_criteria_struct/lct/input/dataset_p2/test/input/NCT03926975_inc.txt wurde erfolgreich geladen.
Die Daten wurden erfolgreich in '/work/eauten2s/ec_criteria_struct/lct/evaluate_struct/model_output/struct2_eval_testdataset/Llama-3-70B-Instruct_3_shot/output/Llama-3-70B-Instruct_NCT03926975_inc.json' gespeichert.
File: NCT03927079_exc 

Das File: /work/eauten2s/ec_criteria_struct/lct/input/dataset_p2/test/input/NCT03927079_exc.txt wurde erfolgreich geladen.
Die Daten wurden erfolgreich in '/work/eauten2s/ec_criteria_struct/lct/evaluate_struct/model_output/struct2_eval_testdataset/Llama-3-70B-Instruct_3_shot/output/Llama-3-70B-Instruct_NCT03927079_exc.json' gespeichert.
File: NCT03927300_inc 

Das File: /work/eauten2s/ec_criteria_struct/lct/input/dataset_p2/test/input/NCT03927300_inc.txt wurde erfolgreich geladen.
Die Daten wurden erfolgreich in '/work/eauten2s/ec_criteria_struct/lct/evaluate_struct/model_output/struct2_eval_testdataset/Llama-3-70B-Instruct_3_shot/output/Llama-3-70B-Instruct_NCT03927300_inc.json' gespeichert.
File: NCT03927339_exc 

Das File: /work/eauten2s/ec_criteria_struct/lct/input/dataset_p2/test/input/NCT03927339_exc.txt wurde erfolgreich geladen.
Die Daten wurden erfolgreich in '/work/eauten2s/ec_criteria_struct/lct/evaluate_struct/model_output/struct2_eval_testdataset/Llama-3-70B-Instruct_3_shot/output/Llama-3-70B-Instruct_NCT03927339_exc.json' gespeichert.
File: NCT03927378_inc 

Das File: /work/eauten2s/ec_criteria_struct/lct/input/dataset_p2/test/input/NCT03927378_inc.txt wurde erfolgreich geladen.
Die Daten wurden erfolgreich in '/work/eauten2s/ec_criteria_struct/lct/evaluate_struct/model_output/struct2_eval_testdataset/Llama-3-70B-Instruct_3_shot/output/Llama-3-70B-Instruct_NCT03927378_inc.json' gespeichert.
File: NCT03927456_inc 

Das File: /work/eauten2s/ec_criteria_struct/lct/input/dataset_p2/test/input/NCT03927456_inc.txt wurde erfolgreich geladen.
Die Daten wurden erfolgreich in '/work/eauten2s/ec_criteria_struct/lct/evaluate_struct/model_output/struct2_eval_testdataset/Llama-3-70B-Instruct_3_shot/output/Llama-3-70B-Instruct_NCT03927456_inc.json' gespeichert.
File: NCT03927482_exc 

Das File: /work/eauten2s/ec_criteria_struct/lct/input/dataset_p2/test/input/NCT03927482_exc.txt wurde erfolgreich geladen.
Die Daten wurden erfolgreich in '/work/eauten2s/ec_criteria_struct/lct/evaluate_struct/model_output/struct2_eval_testdataset/Llama-3-70B-Instruct_3_shot/output/Llama-3-70B-Instruct_NCT03927482_exc.json' gespeichert.
File: NCT03927612_exc 

Das File: /work/eauten2s/ec_criteria_struct/lct/input/dataset_p2/test/input/NCT03927612_exc.txt wurde erfolgreich geladen.
Die Daten wurden erfolgreich in '/work/eauten2s/ec_criteria_struct/lct/evaluate_struct/model_output/struct2_eval_testdataset/Llama-3-70B-Instruct_3_shot/output/Llama-3-70B-Instruct_NCT03927612_exc.json' gespeichert.
File: NCT03927638_inc 

Das File: /work/eauten2s/ec_criteria_struct/lct/input/dataset_p2/test/input/NCT03927638_inc.txt wurde erfolgreich geladen.
Die Daten wurden erfolgreich in '/work/eauten2s/ec_criteria_struct/lct/evaluate_struct/model_output/struct2_eval_testdataset/Llama-3-70B-Instruct_3_shot/output/Llama-3-70B-Instruct_NCT03927638_inc.json' gespeichert.
File: NCT03927872_inc 

Das File: /work/eauten2s/ec_criteria_struct/lct/input/dataset_p2/test/input/NCT03927872_inc.txt wurde erfolgreich geladen.
Die Daten wurden erfolgreich in '/work/eauten2s/ec_criteria_struct/lct/evaluate_struct/model_output/struct2_eval_testdataset/Llama-3-70B-Instruct_3_shot/output/Llama-3-70B-Instruct_NCT03927872_inc.json' gespeichert.
File: NCT03927924_inc 

Das File: /work/eauten2s/ec_criteria_struct/lct/input/dataset_p2/test/input/NCT03927924_inc.txt wurde erfolgreich geladen.
Die Daten wurden erfolgreich in '/work/eauten2s/ec_criteria_struct/lct/evaluate_struct/model_output/struct2_eval_testdataset/Llama-3-70B-Instruct_3_shot/output/Llama-3-70B-Instruct_NCT03927924_inc.json' gespeichert.
File: NCT03928015_exc 

Das File: /work/eauten2s/ec_criteria_struct/lct/input/dataset_p2/test/input/NCT03928015_exc.txt wurde erfolgreich geladen.
Die Daten wurden erfolgreich in '/work/eauten2s/ec_criteria_struct/lct/evaluate_struct/model_output/struct2_eval_testdataset/Llama-3-70B-Instruct_3_shot/output/Llama-3-70B-Instruct_NCT03928015_exc.json' gespeichert.
File: NCT03928054_exc 

Das File: /work/eauten2s/ec_criteria_struct/lct/input/dataset_p2/test/input/NCT03928054_exc.txt wurde erfolgreich geladen.
Die Daten wurden erfolgreich in '/work/eauten2s/ec_criteria_struct/lct/evaluate_struct/model_output/struct2_eval_testdataset/Llama-3-70B-Instruct_3_shot/output/Llama-3-70B-Instruct_NCT03928054_exc.json' gespeichert.
File: NCT03928158_inc 

Das File: /work/eauten2s/ec_criteria_struct/lct/input/dataset_p2/test/input/NCT03928158_inc.txt wurde erfolgreich geladen.
Die Daten wurden erfolgreich in '/work/eauten2s/ec_criteria_struct/lct/evaluate_struct/model_output/struct2_eval_testdataset/Llama-3-70B-Instruct_3_shot/output/Llama-3-70B-Instruct_NCT03928158_inc.json' gespeichert.
File: NCT03928171_exc 

Das File: /work/eauten2s/ec_criteria_struct/lct/input/dataset_p2/test/input/NCT03928171_exc.txt wurde erfolgreich geladen.
Die Daten wurden erfolgreich in '/work/eauten2s/ec_criteria_struct/lct/evaluate_struct/model_output/struct2_eval_testdataset/Llama-3-70B-Instruct_3_shot/output/Llama-3-70B-Instruct_NCT03928171_exc.json' gespeichert.
File: NCT03928288_exc 

Das File: /work/eauten2s/ec_criteria_struct/lct/input/dataset_p2/test/input/NCT03928288_exc.txt wurde erfolgreich geladen.
Die Daten wurden erfolgreich in '/work/eauten2s/ec_criteria_struct/lct/evaluate_struct/model_output/struct2_eval_testdataset/Llama-3-70B-Instruct_3_shot/output/Llama-3-70B-Instruct_NCT03928288_exc.json' gespeichert.
File: NCT03928392_inc 

Das File: /work/eauten2s/ec_criteria_struct/lct/input/dataset_p2/test/input/NCT03928392_inc.txt wurde erfolgreich geladen.
Die Daten wurden erfolgreich in '/work/eauten2s/ec_criteria_struct/lct/evaluate_struct/model_output/struct2_eval_testdataset/Llama-3-70B-Instruct_3_shot/output/Llama-3-70B-Instruct_NCT03928392_inc.json' gespeichert.
File: NCT03928470_exc 

Das File: /work/eauten2s/ec_criteria_struct/lct/input/dataset_p2/test/input/NCT03928470_exc.txt wurde erfolgreich geladen.
Die Daten wurden erfolgreich in '/work/eauten2s/ec_criteria_struct/lct/evaluate_struct/model_output/struct2_eval_testdataset/Llama-3-70B-Instruct_3_shot/output/Llama-3-70B-Instruct_NCT03928470_exc.json' gespeichert.
File: NCT03928470_inc 

Das File: /work/eauten2s/ec_criteria_struct/lct/input/dataset_p2/test/input/NCT03928470_inc.txt wurde erfolgreich geladen.
Die Daten wurden erfolgreich in '/work/eauten2s/ec_criteria_struct/lct/evaluate_struct/model_output/struct2_eval_testdataset/Llama-3-70B-Instruct_3_shot/output/Llama-3-70B-Instruct_NCT03928470_inc.json' gespeichert.
File: NCT03928535_inc 

Das File: /work/eauten2s/ec_criteria_struct/lct/input/dataset_p2/test/input/NCT03928535_inc.txt wurde erfolgreich geladen.
Die Daten wurden erfolgreich in '/work/eauten2s/ec_criteria_struct/lct/evaluate_struct/model_output/struct2_eval_testdataset/Llama-3-70B-Instruct_3_shot/output/Llama-3-70B-Instruct_NCT03928535_inc.json' gespeichert.
File: NCT03928548_exc 

Das File: /work/eauten2s/ec_criteria_struct/lct/input/dataset_p2/test/input/NCT03928548_exc.txt wurde erfolgreich geladen.
Die Daten wurden erfolgreich in '/work/eauten2s/ec_criteria_struct/lct/evaluate_struct/model_output/struct2_eval_testdataset/Llama-3-70B-Instruct_3_shot/output/Llama-3-70B-Instruct_NCT03928548_exc.json' gespeichert.
File: NCT03928782_exc 

Das File: /work/eauten2s/ec_criteria_struct/lct/input/dataset_p2/test/input/NCT03928782_exc.txt wurde erfolgreich geladen.
Die Daten wurden erfolgreich in '/work/eauten2s/ec_criteria_struct/lct/evaluate_struct/model_output/struct2_eval_testdataset/Llama-3-70B-Instruct_3_shot/output/Llama-3-70B-Instruct_NCT03928782_exc.json' gespeichert.
File: NCT03928795_exc 

Das File: /work/eauten2s/ec_criteria_struct/lct/input/dataset_p2/test/input/NCT03928795_exc.txt wurde erfolgreich geladen.
Die Daten wurden erfolgreich in '/work/eauten2s/ec_criteria_struct/lct/evaluate_struct/model_output/struct2_eval_testdataset/Llama-3-70B-Instruct_3_shot/output/Llama-3-70B-Instruct_NCT03928795_exc.json' gespeichert.
File: NCT03928860_inc 

Das File: /work/eauten2s/ec_criteria_struct/lct/input/dataset_p2/test/input/NCT03928860_inc.txt wurde erfolgreich geladen.
Die Daten wurden erfolgreich in '/work/eauten2s/ec_criteria_struct/lct/evaluate_struct/model_output/struct2_eval_testdataset/Llama-3-70B-Instruct_3_shot/output/Llama-3-70B-Instruct_NCT03928860_inc.json' gespeichert.
File: NCT03928873_exc 

Das File: /work/eauten2s/ec_criteria_struct/lct/input/dataset_p2/test/input/NCT03928873_exc.txt wurde erfolgreich geladen.
Die Daten wurden erfolgreich in '/work/eauten2s/ec_criteria_struct/lct/evaluate_struct/model_output/struct2_eval_testdataset/Llama-3-70B-Instruct_3_shot/output/Llama-3-70B-Instruct_NCT03928873_exc.json' gespeichert.
File: NCT03928938_inc 

Das File: /work/eauten2s/ec_criteria_struct/lct/input/dataset_p2/test/input/NCT03928938_inc.txt wurde erfolgreich geladen.
Die Daten wurden erfolgreich in '/work/eauten2s/ec_criteria_struct/lct/evaluate_struct/model_output/struct2_eval_testdataset/Llama-3-70B-Instruct_3_shot/output/Llama-3-70B-Instruct_NCT03928938_inc.json' gespeichert.
File: NCT03928977_exc 

Das File: /work/eauten2s/ec_criteria_struct/lct/input/dataset_p2/test/input/NCT03928977_exc.txt wurde erfolgreich geladen.
Die Daten wurden erfolgreich in '/work/eauten2s/ec_criteria_struct/lct/evaluate_struct/model_output/struct2_eval_testdataset/Llama-3-70B-Instruct_3_shot/output/Llama-3-70B-Instruct_NCT03928977_exc.json' gespeichert.
File: NCT03929315_exc 

Das File: /work/eauten2s/ec_criteria_struct/lct/input/dataset_p2/test/input/NCT03929315_exc.txt wurde erfolgreich geladen.
Die Daten wurden erfolgreich in '/work/eauten2s/ec_criteria_struct/lct/evaluate_struct/model_output/struct2_eval_testdataset/Llama-3-70B-Instruct_3_shot/output/Llama-3-70B-Instruct_NCT03929315_exc.json' gespeichert.
File: NCT03929471_inc 

Das File: /work/eauten2s/ec_criteria_struct/lct/input/dataset_p2/test/input/NCT03929471_inc.txt wurde erfolgreich geladen.
Die Daten wurden erfolgreich in '/work/eauten2s/ec_criteria_struct/lct/evaluate_struct/model_output/struct2_eval_testdataset/Llama-3-70B-Instruct_3_shot/output/Llama-3-70B-Instruct_NCT03929471_inc.json' gespeichert.
File: NCT03929510_exc 

Das File: /work/eauten2s/ec_criteria_struct/lct/input/dataset_p2/test/input/NCT03929510_exc.txt wurde erfolgreich geladen.
Die Daten wurden erfolgreich in '/work/eauten2s/ec_criteria_struct/lct/evaluate_struct/model_output/struct2_eval_testdataset/Llama-3-70B-Instruct_3_shot/output/Llama-3-70B-Instruct_NCT03929510_exc.json' gespeichert.
File: NCT03929549_exc 

Das File: /work/eauten2s/ec_criteria_struct/lct/input/dataset_p2/test/input/NCT03929549_exc.txt wurde erfolgreich geladen.
Die Daten wurden erfolgreich in '/work/eauten2s/ec_criteria_struct/lct/evaluate_struct/model_output/struct2_eval_testdataset/Llama-3-70B-Instruct_3_shot/output/Llama-3-70B-Instruct_NCT03929549_exc.json' gespeichert.
File: NCT03929562_exc 

Das File: /work/eauten2s/ec_criteria_struct/lct/input/dataset_p2/test/input/NCT03929562_exc.txt wurde erfolgreich geladen.
Die Daten wurden erfolgreich in '/work/eauten2s/ec_criteria_struct/lct/evaluate_struct/model_output/struct2_eval_testdataset/Llama-3-70B-Instruct_3_shot/output/Llama-3-70B-Instruct_NCT03929562_exc.json' gespeichert.
File: NCT03929575_exc 

Das File: /work/eauten2s/ec_criteria_struct/lct/input/dataset_p2/test/input/NCT03929575_exc.txt wurde erfolgreich geladen.
Die Daten wurden erfolgreich in '/work/eauten2s/ec_criteria_struct/lct/evaluate_struct/model_output/struct2_eval_testdataset/Llama-3-70B-Instruct_3_shot/output/Llama-3-70B-Instruct_NCT03929575_exc.json' gespeichert.
File: NCT03929614_inc 

Das File: /work/eauten2s/ec_criteria_struct/lct/input/dataset_p2/test/input/NCT03929614_inc.txt wurde erfolgreich geladen.
Die Daten wurden erfolgreich in '/work/eauten2s/ec_criteria_struct/lct/evaluate_struct/model_output/struct2_eval_testdataset/Llama-3-70B-Instruct_3_shot/output/Llama-3-70B-Instruct_NCT03929614_inc.json' gespeichert.
File: NCT03929640_exc 

Das File: /work/eauten2s/ec_criteria_struct/lct/input/dataset_p2/test/input/NCT03929640_exc.txt wurde erfolgreich geladen.
Die Daten wurden erfolgreich in '/work/eauten2s/ec_criteria_struct/lct/evaluate_struct/model_output/struct2_eval_testdataset/Llama-3-70B-Instruct_3_shot/output/Llama-3-70B-Instruct_NCT03929640_exc.json' gespeichert.
File: NCT03929679_exc 

Das File: /work/eauten2s/ec_criteria_struct/lct/input/dataset_p2/test/input/NCT03929679_exc.txt wurde erfolgreich geladen.
Die Daten wurden erfolgreich in '/work/eauten2s/ec_criteria_struct/lct/evaluate_struct/model_output/struct2_eval_testdataset/Llama-3-70B-Instruct_3_shot/output/Llama-3-70B-Instruct_NCT03929679_exc.json' gespeichert.
File: NCT03929718_exc 

Das File: /work/eauten2s/ec_criteria_struct/lct/input/dataset_p2/test/input/NCT03929718_exc.txt wurde erfolgreich geladen.
Die Daten wurden erfolgreich in '/work/eauten2s/ec_criteria_struct/lct/evaluate_struct/model_output/struct2_eval_testdataset/Llama-3-70B-Instruct_3_shot/output/Llama-3-70B-Instruct_NCT03929718_exc.json' gespeichert.
File: NCT03929718_inc 

Das File: /work/eauten2s/ec_criteria_struct/lct/input/dataset_p2/test/input/NCT03929718_inc.txt wurde erfolgreich geladen.
Die Daten wurden erfolgreich in '/work/eauten2s/ec_criteria_struct/lct/evaluate_struct/model_output/struct2_eval_testdataset/Llama-3-70B-Instruct_3_shot/output/Llama-3-70B-Instruct_NCT03929718_inc.json' gespeichert.
File: NCT03929731_exc 

Das File: /work/eauten2s/ec_criteria_struct/lct/input/dataset_p2/test/input/NCT03929731_exc.txt wurde erfolgreich geladen.
Die Daten wurden erfolgreich in '/work/eauten2s/ec_criteria_struct/lct/evaluate_struct/model_output/struct2_eval_testdataset/Llama-3-70B-Instruct_3_shot/output/Llama-3-70B-Instruct_NCT03929731_exc.json' gespeichert.
File: NCT03929744_exc 

Das File: /work/eauten2s/ec_criteria_struct/lct/input/dataset_p2/test/input/NCT03929744_exc.txt wurde erfolgreich geladen.
Die Daten wurden erfolgreich in '/work/eauten2s/ec_criteria_struct/lct/evaluate_struct/model_output/struct2_eval_testdataset/Llama-3-70B-Instruct_3_shot/output/Llama-3-70B-Instruct_NCT03929744_exc.json' gespeichert.
File: NCT03929744_inc 

Das File: /work/eauten2s/ec_criteria_struct/lct/input/dataset_p2/test/input/NCT03929744_inc.txt wurde erfolgreich geladen.
Die Daten wurden erfolgreich in '/work/eauten2s/ec_criteria_struct/lct/evaluate_struct/model_output/struct2_eval_testdataset/Llama-3-70B-Instruct_3_shot/output/Llama-3-70B-Instruct_NCT03929744_inc.json' gespeichert.
File: NCT03929770_inc 

Das File: /work/eauten2s/ec_criteria_struct/lct/input/dataset_p2/test/input/NCT03929770_inc.txt wurde erfolgreich geladen.
Die Daten wurden erfolgreich in '/work/eauten2s/ec_criteria_struct/lct/evaluate_struct/model_output/struct2_eval_testdataset/Llama-3-70B-Instruct_3_shot/output/Llama-3-70B-Instruct_NCT03929770_inc.json' gespeichert.
File: NCT03929809_exc 

Das File: /work/eauten2s/ec_criteria_struct/lct/input/dataset_p2/test/input/NCT03929809_exc.txt wurde erfolgreich geladen.
Die Daten wurden erfolgreich in '/work/eauten2s/ec_criteria_struct/lct/evaluate_struct/model_output/struct2_eval_testdataset/Llama-3-70B-Instruct_3_shot/output/Llama-3-70B-Instruct_NCT03929809_exc.json' gespeichert.
File: NCT03929822_inc 

Das File: /work/eauten2s/ec_criteria_struct/lct/input/dataset_p2/test/input/NCT03929822_inc.txt wurde erfolgreich geladen.
Die Daten wurden erfolgreich in '/work/eauten2s/ec_criteria_struct/lct/evaluate_struct/model_output/struct2_eval_testdataset/Llama-3-70B-Instruct_3_shot/output/Llama-3-70B-Instruct_NCT03929822_inc.json' gespeichert.
File: NCT03929874_inc 

Das File: /work/eauten2s/ec_criteria_struct/lct/input/dataset_p2/test/input/NCT03929874_inc.txt wurde erfolgreich geladen.
Die Daten wurden erfolgreich in '/work/eauten2s/ec_criteria_struct/lct/evaluate_struct/model_output/struct2_eval_testdataset/Llama-3-70B-Instruct_3_shot/output/Llama-3-70B-Instruct_NCT03929874_inc.json' gespeichert.
File: NCT03929887_exc 

Das File: /work/eauten2s/ec_criteria_struct/lct/input/dataset_p2/test/input/NCT03929887_exc.txt wurde erfolgreich geladen.
Die Daten wurden erfolgreich in '/work/eauten2s/ec_criteria_struct/lct/evaluate_struct/model_output/struct2_eval_testdataset/Llama-3-70B-Instruct_3_shot/output/Llama-3-70B-Instruct_NCT03929887_exc.json' gespeichert.
File: NCT03929926_exc 

Das File: /work/eauten2s/ec_criteria_struct/lct/input/dataset_p2/test/input/NCT03929926_exc.txt wurde erfolgreich geladen.
Die Daten wurden erfolgreich in '/work/eauten2s/ec_criteria_struct/lct/evaluate_struct/model_output/struct2_eval_testdataset/Llama-3-70B-Instruct_3_shot/output/Llama-3-70B-Instruct_NCT03929926_exc.json' gespeichert.
File: NCT03929991_inc 

Das File: /work/eauten2s/ec_criteria_struct/lct/input/dataset_p2/test/input/NCT03929991_inc.txt wurde erfolgreich geladen.
Die Daten wurden erfolgreich in '/work/eauten2s/ec_criteria_struct/lct/evaluate_struct/model_output/struct2_eval_testdataset/Llama-3-70B-Instruct_3_shot/output/Llama-3-70B-Instruct_NCT03929991_inc.json' gespeichert.
File: NCT03930134_inc 

Das File: /work/eauten2s/ec_criteria_struct/lct/input/dataset_p2/test/input/NCT03930134_inc.txt wurde erfolgreich geladen.
Die Daten wurden erfolgreich in '/work/eauten2s/ec_criteria_struct/lct/evaluate_struct/model_output/struct2_eval_testdataset/Llama-3-70B-Instruct_3_shot/output/Llama-3-70B-Instruct_NCT03930134_inc.json' gespeichert.
File: NCT03934034_inc 

Das File: /work/eauten2s/ec_criteria_struct/lct/input/dataset_p2/test/input/NCT03934034_inc.txt wurde erfolgreich geladen.
Die Daten wurden erfolgreich in '/work/eauten2s/ec_criteria_struct/lct/evaluate_struct/model_output/struct2_eval_testdataset/Llama-3-70B-Instruct_3_shot/output/Llama-3-70B-Instruct_NCT03934034_inc.json' gespeichert.
File: NCT03934346_exc 

Das File: /work/eauten2s/ec_criteria_struct/lct/input/dataset_p2/test/input/NCT03934346_exc.txt wurde erfolgreich geladen.
Die Daten wurden erfolgreich in '/work/eauten2s/ec_criteria_struct/lct/evaluate_struct/model_output/struct2_eval_testdataset/Llama-3-70B-Instruct_3_shot/output/Llama-3-70B-Instruct_NCT03934346_exc.json' gespeichert.
File: NCT03934385_exc 

Das File: /work/eauten2s/ec_criteria_struct/lct/input/dataset_p2/test/input/NCT03934385_exc.txt wurde erfolgreich geladen.
Die Daten wurden erfolgreich in '/work/eauten2s/ec_criteria_struct/lct/evaluate_struct/model_output/struct2_eval_testdataset/Llama-3-70B-Instruct_3_shot/output/Llama-3-70B-Instruct_NCT03934385_exc.json' gespeichert.
