Das File: /work/eauten2s/ec_criteria_struct/lct/input/prompt/prompt2.txt wurde erfolgreich geladen.
Hier fängt die Pipeline an
File: NCT03860012 

Das File: /work/eauten2s/ec_criteria_struct/lct/input/lct_txt/NCT03860012.txt wurde erfolgreich geladen.
0
Die Daten wurden erfolgreich in '/work/eauten2s/ec_criteria_struct/lct/evaluate/eval_p1_2/model_output/Llama-3-70B-Instruct_0_shot_tmp_1/output/Llama-3-70B-Instruct_NCT03860012_0_shot.txt' gespeichert.
File: NCT03860025 

Das File: /work/eauten2s/ec_criteria_struct/lct/input/lct_txt/NCT03860025.txt wurde erfolgreich geladen.
0
Die Daten wurden erfolgreich in '/work/eauten2s/ec_criteria_struct/lct/evaluate/eval_p1_2/model_output/Llama-3-70B-Instruct_0_shot_tmp_1/output/Llama-3-70B-Instruct_NCT03860025_0_shot.txt' gespeichert.
File: NCT03860038 

Das File: /work/eauten2s/ec_criteria_struct/lct/input/lct_txt/NCT03860038.txt wurde erfolgreich geladen.
0
Die Daten wurden erfolgreich in '/work/eauten2s/ec_criteria_struct/lct/evaluate/eval_p1_2/model_output/Llama-3-70B-Instruct_0_shot_tmp_1/output/Llama-3-70B-Instruct_NCT03860038_0_shot.txt' gespeichert.
File: NCT03860064 

Das File: /work/eauten2s/ec_criteria_struct/lct/input/lct_txt/NCT03860064.txt wurde erfolgreich geladen.
0
Die Daten wurden erfolgreich in '/work/eauten2s/ec_criteria_struct/lct/evaluate/eval_p1_2/model_output/Llama-3-70B-Instruct_0_shot_tmp_1/output/Llama-3-70B-Instruct_NCT03860064_0_shot.txt' gespeichert.
File: NCT03860090 

Das File: /work/eauten2s/ec_criteria_struct/lct/input/lct_txt/NCT03860090.txt wurde erfolgreich geladen.
0
Die Daten wurden erfolgreich in '/work/eauten2s/ec_criteria_struct/lct/evaluate/eval_p1_2/model_output/Llama-3-70B-Instruct_0_shot_tmp_1/output/Llama-3-70B-Instruct_NCT03860090_0_shot.txt' gespeichert.
File: NCT03860103 

Das File: /work/eauten2s/ec_criteria_struct/lct/input/lct_txt/NCT03860103.txt wurde erfolgreich geladen.
0
Die Daten wurden erfolgreich in '/work/eauten2s/ec_criteria_struct/lct/evaluate/eval_p1_2/model_output/Llama-3-70B-Instruct_0_shot_tmp_1/output/Llama-3-70B-Instruct_NCT03860103_0_shot.txt' gespeichert.
File: NCT03860116 

Das File: /work/eauten2s/ec_criteria_struct/lct/input/lct_txt/NCT03860116.txt wurde erfolgreich geladen.
0
Die Daten wurden erfolgreich in '/work/eauten2s/ec_criteria_struct/lct/evaluate/eval_p1_2/model_output/Llama-3-70B-Instruct_0_shot_tmp_1/output/Llama-3-70B-Instruct_NCT03860116_0_shot.txt' gespeichert.
File: NCT03860142 

Das File: /work/eauten2s/ec_criteria_struct/lct/input/lct_txt/NCT03860142.txt wurde erfolgreich geladen.
0
Die Daten wurden erfolgreich in '/work/eauten2s/ec_criteria_struct/lct/evaluate/eval_p1_2/model_output/Llama-3-70B-Instruct_0_shot_tmp_1/output/Llama-3-70B-Instruct_NCT03860142_0_shot.txt' gespeichert.
File: NCT03860168 

Das File: /work/eauten2s/ec_criteria_struct/lct/input/lct_txt/NCT03860168.txt wurde erfolgreich geladen.
0
Die Daten wurden erfolgreich in '/work/eauten2s/ec_criteria_struct/lct/evaluate/eval_p1_2/model_output/Llama-3-70B-Instruct_0_shot_tmp_1/output/Llama-3-70B-Instruct_NCT03860168_0_shot.txt' gespeichert.
File: NCT03860181 

Das File: /work/eauten2s/ec_criteria_struct/lct/input/lct_txt/NCT03860181.txt wurde erfolgreich geladen.
0
Die Daten wurden erfolgreich in '/work/eauten2s/ec_criteria_struct/lct/evaluate/eval_p1_2/model_output/Llama-3-70B-Instruct_0_shot_tmp_1/output/Llama-3-70B-Instruct_NCT03860181_0_shot.txt' gespeichert.
File: NCT03860194 

Das File: /work/eauten2s/ec_criteria_struct/lct/input/lct_txt/NCT03860194.txt wurde erfolgreich geladen.
0
Die Daten wurden erfolgreich in '/work/eauten2s/ec_criteria_struct/lct/evaluate/eval_p1_2/model_output/Llama-3-70B-Instruct_0_shot_tmp_1/output/Llama-3-70B-Instruct_NCT03860194_0_shot.txt' gespeichert.
File: NCT03860220 

Das File: /work/eauten2s/ec_criteria_struct/lct/input/lct_txt/NCT03860220.txt wurde erfolgreich geladen.
0
Die Daten wurden erfolgreich in '/work/eauten2s/ec_criteria_struct/lct/evaluate/eval_p1_2/model_output/Llama-3-70B-Instruct_0_shot_tmp_1/output/Llama-3-70B-Instruct_NCT03860220_0_shot.txt' gespeichert.
File: NCT03860233 

Das File: /work/eauten2s/ec_criteria_struct/lct/input/lct_txt/NCT03860233.txt wurde erfolgreich geladen.
0
Die Daten wurden erfolgreich in '/work/eauten2s/ec_criteria_struct/lct/evaluate/eval_p1_2/model_output/Llama-3-70B-Instruct_0_shot_tmp_1/output/Llama-3-70B-Instruct_NCT03860233_0_shot.txt' gespeichert.
File: NCT03860246 

Das File: /work/eauten2s/ec_criteria_struct/lct/input/lct_txt/NCT03860246.txt wurde erfolgreich geladen.
0
Die Daten wurden erfolgreich in '/work/eauten2s/ec_criteria_struct/lct/evaluate/eval_p1_2/model_output/Llama-3-70B-Instruct_0_shot_tmp_1/output/Llama-3-70B-Instruct_NCT03860246_0_shot.txt' gespeichert.
File: NCT03860259 

Das File: /work/eauten2s/ec_criteria_struct/lct/input/lct_txt/NCT03860259.txt wurde erfolgreich geladen.
0
Die Daten wurden erfolgreich in '/work/eauten2s/ec_criteria_struct/lct/evaluate/eval_p1_2/model_output/Llama-3-70B-Instruct_0_shot_tmp_1/output/Llama-3-70B-Instruct_NCT03860259_0_shot.txt' gespeichert.
File: NCT03860311 

Das File: /work/eauten2s/ec_criteria_struct/lct/input/lct_txt/NCT03860311.txt wurde erfolgreich geladen.
0
Die Daten wurden erfolgreich in '/work/eauten2s/ec_criteria_struct/lct/evaluate/eval_p1_2/model_output/Llama-3-70B-Instruct_0_shot_tmp_1/output/Llama-3-70B-Instruct_NCT03860311_0_shot.txt' gespeichert.
File: NCT03860324 

Das File: /work/eauten2s/ec_criteria_struct/lct/input/lct_txt/NCT03860324.txt wurde erfolgreich geladen.
0
Die Daten wurden erfolgreich in '/work/eauten2s/ec_criteria_struct/lct/evaluate/eval_p1_2/model_output/Llama-3-70B-Instruct_0_shot_tmp_1/output/Llama-3-70B-Instruct_NCT03860324_0_shot.txt' gespeichert.
File: NCT03860337 

Das File: /work/eauten2s/ec_criteria_struct/lct/input/lct_txt/NCT03860337.txt wurde erfolgreich geladen.
0
Die Daten wurden erfolgreich in '/work/eauten2s/ec_criteria_struct/lct/evaluate/eval_p1_2/model_output/Llama-3-70B-Instruct_0_shot_tmp_1/output/Llama-3-70B-Instruct_NCT03860337_0_shot.txt' gespeichert.
File: NCT03860350 

Das File: /work/eauten2s/ec_criteria_struct/lct/input/lct_txt/NCT03860350.txt wurde erfolgreich geladen.
0
Die Daten wurden erfolgreich in '/work/eauten2s/ec_criteria_struct/lct/evaluate/eval_p1_2/model_output/Llama-3-70B-Instruct_0_shot_tmp_1/output/Llama-3-70B-Instruct_NCT03860350_0_shot.txt' gespeichert.
File: NCT03860363 

Das File: /work/eauten2s/ec_criteria_struct/lct/input/lct_txt/NCT03860363.txt wurde erfolgreich geladen.
0
Die Daten wurden erfolgreich in '/work/eauten2s/ec_criteria_struct/lct/evaluate/eval_p1_2/model_output/Llama-3-70B-Instruct_0_shot_tmp_1/output/Llama-3-70B-Instruct_NCT03860363_0_shot.txt' gespeichert.
File: NCT03860376 

Das File: /work/eauten2s/ec_criteria_struct/lct/input/lct_txt/NCT03860376.txt wurde erfolgreich geladen.
0
Die Daten wurden erfolgreich in '/work/eauten2s/ec_criteria_struct/lct/evaluate/eval_p1_2/model_output/Llama-3-70B-Instruct_0_shot_tmp_1/output/Llama-3-70B-Instruct_NCT03860376_0_shot.txt' gespeichert.
File: NCT03860389 

Das File: /work/eauten2s/ec_criteria_struct/lct/input/lct_txt/NCT03860389.txt wurde erfolgreich geladen.
0
Die Daten wurden erfolgreich in '/work/eauten2s/ec_criteria_struct/lct/evaluate/eval_p1_2/model_output/Llama-3-70B-Instruct_0_shot_tmp_1/output/Llama-3-70B-Instruct_NCT03860389_0_shot.txt' gespeichert.
File: NCT03860402 

Das File: /work/eauten2s/ec_criteria_struct/lct/input/lct_txt/NCT03860402.txt wurde erfolgreich geladen.
0
Die Daten wurden erfolgreich in '/work/eauten2s/ec_criteria_struct/lct/evaluate/eval_p1_2/model_output/Llama-3-70B-Instruct_0_shot_tmp_1/output/Llama-3-70B-Instruct_NCT03860402_0_shot.txt' gespeichert.
File: NCT03860415 

Das File: /work/eauten2s/ec_criteria_struct/lct/input/lct_txt/NCT03860415.txt wurde erfolgreich geladen.
0
Die Daten wurden erfolgreich in '/work/eauten2s/ec_criteria_struct/lct/evaluate/eval_p1_2/model_output/Llama-3-70B-Instruct_0_shot_tmp_1/output/Llama-3-70B-Instruct_NCT03860415_0_shot.txt' gespeichert.
File: NCT03860428 

Das File: /work/eauten2s/ec_criteria_struct/lct/input/lct_txt/NCT03860428.txt wurde erfolgreich geladen.
0
Die Daten wurden erfolgreich in '/work/eauten2s/ec_criteria_struct/lct/evaluate/eval_p1_2/model_output/Llama-3-70B-Instruct_0_shot_tmp_1/output/Llama-3-70B-Instruct_NCT03860428_0_shot.txt' gespeichert.
File: NCT03860454 

Das File: /work/eauten2s/ec_criteria_struct/lct/input/lct_txt/NCT03860454.txt wurde erfolgreich geladen.
0
Die Daten wurden erfolgreich in '/work/eauten2s/ec_criteria_struct/lct/evaluate/eval_p1_2/model_output/Llama-3-70B-Instruct_0_shot_tmp_1/output/Llama-3-70B-Instruct_NCT03860454_0_shot.txt' gespeichert.
File: NCT03860467 

Das File: /work/eauten2s/ec_criteria_struct/lct/input/lct_txt/NCT03860467.txt wurde erfolgreich geladen.
0
Die Daten wurden erfolgreich in '/work/eauten2s/ec_criteria_struct/lct/evaluate/eval_p1_2/model_output/Llama-3-70B-Instruct_0_shot_tmp_1/output/Llama-3-70B-Instruct_NCT03860467_0_shot.txt' gespeichert.
File: NCT03860480 

Das File: /work/eauten2s/ec_criteria_struct/lct/input/lct_txt/NCT03860480.txt wurde erfolgreich geladen.
0
Die Daten wurden erfolgreich in '/work/eauten2s/ec_criteria_struct/lct/evaluate/eval_p1_2/model_output/Llama-3-70B-Instruct_0_shot_tmp_1/output/Llama-3-70B-Instruct_NCT03860480_0_shot.txt' gespeichert.
File: NCT03860493 

Das File: /work/eauten2s/ec_criteria_struct/lct/input/lct_txt/NCT03860493.txt wurde erfolgreich geladen.
0
Die Daten wurden erfolgreich in '/work/eauten2s/ec_criteria_struct/lct/evaluate/eval_p1_2/model_output/Llama-3-70B-Instruct_0_shot_tmp_1/output/Llama-3-70B-Instruct_NCT03860493_0_shot.txt' gespeichert.
File: NCT03860545 

Das File: /work/eauten2s/ec_criteria_struct/lct/input/lct_txt/NCT03860545.txt wurde erfolgreich geladen.
0
Die Daten wurden erfolgreich in '/work/eauten2s/ec_criteria_struct/lct/evaluate/eval_p1_2/model_output/Llama-3-70B-Instruct_0_shot_tmp_1/output/Llama-3-70B-Instruct_NCT03860545_0_shot.txt' gespeichert.
File: NCT03860584 

Das File: /work/eauten2s/ec_criteria_struct/lct/input/lct_txt/NCT03860584.txt wurde erfolgreich geladen.
0
Die Daten wurden erfolgreich in '/work/eauten2s/ec_criteria_struct/lct/evaluate/eval_p1_2/model_output/Llama-3-70B-Instruct_0_shot_tmp_1/output/Llama-3-70B-Instruct_NCT03860584_0_shot.txt' gespeichert.
File: NCT03860597 

Das File: /work/eauten2s/ec_criteria_struct/lct/input/lct_txt/NCT03860597.txt wurde erfolgreich geladen.
0
Die Daten wurden erfolgreich in '/work/eauten2s/ec_criteria_struct/lct/evaluate/eval_p1_2/model_output/Llama-3-70B-Instruct_0_shot_tmp_1/output/Llama-3-70B-Instruct_NCT03860597_0_shot.txt' gespeichert.
File: NCT03860610 

Das File: /work/eauten2s/ec_criteria_struct/lct/input/lct_txt/NCT03860610.txt wurde erfolgreich geladen.
0
Die Daten wurden erfolgreich in '/work/eauten2s/ec_criteria_struct/lct/evaluate/eval_p1_2/model_output/Llama-3-70B-Instruct_0_shot_tmp_1/output/Llama-3-70B-Instruct_NCT03860610_0_shot.txt' gespeichert.
File: NCT03860623 

Das File: /work/eauten2s/ec_criteria_struct/lct/input/lct_txt/NCT03860623.txt wurde erfolgreich geladen.
0
Die Daten wurden erfolgreich in '/work/eauten2s/ec_criteria_struct/lct/evaluate/eval_p1_2/model_output/Llama-3-70B-Instruct_0_shot_tmp_1/output/Llama-3-70B-Instruct_NCT03860623_0_shot.txt' gespeichert.
File: NCT03860662 

Das File: /work/eauten2s/ec_criteria_struct/lct/input/lct_txt/NCT03860662.txt wurde erfolgreich geladen.
0
Die Daten wurden erfolgreich in '/work/eauten2s/ec_criteria_struct/lct/evaluate/eval_p1_2/model_output/Llama-3-70B-Instruct_0_shot_tmp_1/output/Llama-3-70B-Instruct_NCT03860662_0_shot.txt' gespeichert.
File: NCT03860688 

Das File: /work/eauten2s/ec_criteria_struct/lct/input/lct_txt/NCT03860688.txt wurde erfolgreich geladen.
0
Die Daten wurden erfolgreich in '/work/eauten2s/ec_criteria_struct/lct/evaluate/eval_p1_2/model_output/Llama-3-70B-Instruct_0_shot_tmp_1/output/Llama-3-70B-Instruct_NCT03860688_0_shot.txt' gespeichert.
File: NCT03860701 

Das File: /work/eauten2s/ec_criteria_struct/lct/input/lct_txt/NCT03860701.txt wurde erfolgreich geladen.
0
Die Daten wurden erfolgreich in '/work/eauten2s/ec_criteria_struct/lct/evaluate/eval_p1_2/model_output/Llama-3-70B-Instruct_0_shot_tmp_1/output/Llama-3-70B-Instruct_NCT03860701_0_shot.txt' gespeichert.
File: NCT03860714 

Das File: /work/eauten2s/ec_criteria_struct/lct/input/lct_txt/NCT03860714.txt wurde erfolgreich geladen.
0
Die Daten wurden erfolgreich in '/work/eauten2s/ec_criteria_struct/lct/evaluate/eval_p1_2/model_output/Llama-3-70B-Instruct_0_shot_tmp_1/output/Llama-3-70B-Instruct_NCT03860714_0_shot.txt' gespeichert.
File: NCT03860753 

Das File: /work/eauten2s/ec_criteria_struct/lct/input/lct_txt/NCT03860753.txt wurde erfolgreich geladen.
0
Die Daten wurden erfolgreich in '/work/eauten2s/ec_criteria_struct/lct/evaluate/eval_p1_2/model_output/Llama-3-70B-Instruct_0_shot_tmp_1/output/Llama-3-70B-Instruct_NCT03860753_0_shot.txt' gespeichert.
File: NCT03860766 

Das File: /work/eauten2s/ec_criteria_struct/lct/input/lct_txt/NCT03860766.txt wurde erfolgreich geladen.
0
Die Daten wurden erfolgreich in '/work/eauten2s/ec_criteria_struct/lct/evaluate/eval_p1_2/model_output/Llama-3-70B-Instruct_0_shot_tmp_1/output/Llama-3-70B-Instruct_NCT03860766_0_shot.txt' gespeichert.
File: NCT03860779 

Das File: /work/eauten2s/ec_criteria_struct/lct/input/lct_txt/NCT03860779.txt wurde erfolgreich geladen.
0
Die Daten wurden erfolgreich in '/work/eauten2s/ec_criteria_struct/lct/evaluate/eval_p1_2/model_output/Llama-3-70B-Instruct_0_shot_tmp_1/output/Llama-3-70B-Instruct_NCT03860779_0_shot.txt' gespeichert.
File: NCT03860792 

Das File: /work/eauten2s/ec_criteria_struct/lct/input/lct_txt/NCT03860792.txt wurde erfolgreich geladen.
0
Die Daten wurden erfolgreich in '/work/eauten2s/ec_criteria_struct/lct/evaluate/eval_p1_2/model_output/Llama-3-70B-Instruct_0_shot_tmp_1/output/Llama-3-70B-Instruct_NCT03860792_0_shot.txt' gespeichert.
File: NCT03860857 

Das File: /work/eauten2s/ec_criteria_struct/lct/input/lct_txt/NCT03860857.txt wurde erfolgreich geladen.
0
Die Daten wurden erfolgreich in '/work/eauten2s/ec_criteria_struct/lct/evaluate/eval_p1_2/model_output/Llama-3-70B-Instruct_0_shot_tmp_1/output/Llama-3-70B-Instruct_NCT03860857_0_shot.txt' gespeichert.
File: NCT03860870 

Das File: /work/eauten2s/ec_criteria_struct/lct/input/lct_txt/NCT03860870.txt wurde erfolgreich geladen.
0
Die Daten wurden erfolgreich in '/work/eauten2s/ec_criteria_struct/lct/evaluate/eval_p1_2/model_output/Llama-3-70B-Instruct_0_shot_tmp_1/output/Llama-3-70B-Instruct_NCT03860870_0_shot.txt' gespeichert.
File: NCT03860896 

Das File: /work/eauten2s/ec_criteria_struct/lct/input/lct_txt/NCT03860896.txt wurde erfolgreich geladen.
0
Die Daten wurden erfolgreich in '/work/eauten2s/ec_criteria_struct/lct/evaluate/eval_p1_2/model_output/Llama-3-70B-Instruct_0_shot_tmp_1/output/Llama-3-70B-Instruct_NCT03860896_0_shot.txt' gespeichert.
File: NCT03860909 

Das File: /work/eauten2s/ec_criteria_struct/lct/input/lct_txt/NCT03860909.txt wurde erfolgreich geladen.
0
Die Daten wurden erfolgreich in '/work/eauten2s/ec_criteria_struct/lct/evaluate/eval_p1_2/model_output/Llama-3-70B-Instruct_0_shot_tmp_1/output/Llama-3-70B-Instruct_NCT03860909_0_shot.txt' gespeichert.
File: NCT03860922 

Das File: /work/eauten2s/ec_criteria_struct/lct/input/lct_txt/NCT03860922.txt wurde erfolgreich geladen.
0
Die Daten wurden erfolgreich in '/work/eauten2s/ec_criteria_struct/lct/evaluate/eval_p1_2/model_output/Llama-3-70B-Instruct_0_shot_tmp_1/output/Llama-3-70B-Instruct_NCT03860922_0_shot.txt' gespeichert.
File: NCT03860974 

Das File: /work/eauten2s/ec_criteria_struct/lct/input/lct_txt/NCT03860974.txt wurde erfolgreich geladen.
0
Die Daten wurden erfolgreich in '/work/eauten2s/ec_criteria_struct/lct/evaluate/eval_p1_2/model_output/Llama-3-70B-Instruct_0_shot_tmp_1/output/Llama-3-70B-Instruct_NCT03860974_0_shot.txt' gespeichert.
File: NCT03861065 

Das File: /work/eauten2s/ec_criteria_struct/lct/input/lct_txt/NCT03861065.txt wurde erfolgreich geladen.
0
Die Daten wurden erfolgreich in '/work/eauten2s/ec_criteria_struct/lct/evaluate/eval_p1_2/model_output/Llama-3-70B-Instruct_0_shot_tmp_1/output/Llama-3-70B-Instruct_NCT03861065_0_shot.txt' gespeichert.
File: NCT03861078 

Das File: /work/eauten2s/ec_criteria_struct/lct/input/lct_txt/NCT03861078.txt wurde erfolgreich geladen.
0
Die Daten wurden erfolgreich in '/work/eauten2s/ec_criteria_struct/lct/evaluate/eval_p1_2/model_output/Llama-3-70B-Instruct_0_shot_tmp_1/output/Llama-3-70B-Instruct_NCT03861078_0_shot.txt' gespeichert.
File: NCT03861104 

Das File: /work/eauten2s/ec_criteria_struct/lct/input/lct_txt/NCT03861104.txt wurde erfolgreich geladen.
0
Die Daten wurden erfolgreich in '/work/eauten2s/ec_criteria_struct/lct/evaluate/eval_p1_2/model_output/Llama-3-70B-Instruct_0_shot_tmp_1/output/Llama-3-70B-Instruct_NCT03861104_0_shot.txt' gespeichert.
File: NCT03861117 

Das File: /work/eauten2s/ec_criteria_struct/lct/input/lct_txt/NCT03861117.txt wurde erfolgreich geladen.
0
Die Daten wurden erfolgreich in '/work/eauten2s/ec_criteria_struct/lct/evaluate/eval_p1_2/model_output/Llama-3-70B-Instruct_0_shot_tmp_1/output/Llama-3-70B-Instruct_NCT03861117_0_shot.txt' gespeichert.
File: NCT03861130 

Das File: /work/eauten2s/ec_criteria_struct/lct/input/lct_txt/NCT03861130.txt wurde erfolgreich geladen.
0
Die Daten wurden erfolgreich in '/work/eauten2s/ec_criteria_struct/lct/evaluate/eval_p1_2/model_output/Llama-3-70B-Instruct_0_shot_tmp_1/output/Llama-3-70B-Instruct_NCT03861130_0_shot.txt' gespeichert.
File: NCT03861156 

Das File: /work/eauten2s/ec_criteria_struct/lct/input/lct_txt/NCT03861156.txt wurde erfolgreich geladen.
0
Die Daten wurden erfolgreich in '/work/eauten2s/ec_criteria_struct/lct/evaluate/eval_p1_2/model_output/Llama-3-70B-Instruct_0_shot_tmp_1/output/Llama-3-70B-Instruct_NCT03861156_0_shot.txt' gespeichert.
File: NCT03861182 

Das File: /work/eauten2s/ec_criteria_struct/lct/input/lct_txt/NCT03861182.txt wurde erfolgreich geladen.
0
Die Daten wurden erfolgreich in '/work/eauten2s/ec_criteria_struct/lct/evaluate/eval_p1_2/model_output/Llama-3-70B-Instruct_0_shot_tmp_1/output/Llama-3-70B-Instruct_NCT03861182_0_shot.txt' gespeichert.
File: NCT03861195 

Das File: /work/eauten2s/ec_criteria_struct/lct/input/lct_txt/NCT03861195.txt wurde erfolgreich geladen.
0
Die Daten wurden erfolgreich in '/work/eauten2s/ec_criteria_struct/lct/evaluate/eval_p1_2/model_output/Llama-3-70B-Instruct_0_shot_tmp_1/output/Llama-3-70B-Instruct_NCT03861195_0_shot.txt' gespeichert.
File: NCT03861208 

Das File: /work/eauten2s/ec_criteria_struct/lct/input/lct_txt/NCT03861208.txt wurde erfolgreich geladen.
0
Die Daten wurden erfolgreich in '/work/eauten2s/ec_criteria_struct/lct/evaluate/eval_p1_2/model_output/Llama-3-70B-Instruct_0_shot_tmp_1/output/Llama-3-70B-Instruct_NCT03861208_0_shot.txt' gespeichert.
File: NCT03861221 

Das File: /work/eauten2s/ec_criteria_struct/lct/input/lct_txt/NCT03861221.txt wurde erfolgreich geladen.
0
Die Daten wurden erfolgreich in '/work/eauten2s/ec_criteria_struct/lct/evaluate/eval_p1_2/model_output/Llama-3-70B-Instruct_0_shot_tmp_1/output/Llama-3-70B-Instruct_NCT03861221_0_shot.txt' gespeichert.
File: NCT03861286 

Das File: /work/eauten2s/ec_criteria_struct/lct/input/lct_txt/NCT03861286.txt wurde erfolgreich geladen.
0
Die Daten wurden erfolgreich in '/work/eauten2s/ec_criteria_struct/lct/evaluate/eval_p1_2/model_output/Llama-3-70B-Instruct_0_shot_tmp_1/output/Llama-3-70B-Instruct_NCT03861286_0_shot.txt' gespeichert.
File: NCT03861299 

Das File: /work/eauten2s/ec_criteria_struct/lct/input/lct_txt/NCT03861299.txt wurde erfolgreich geladen.
0
Die Daten wurden erfolgreich in '/work/eauten2s/ec_criteria_struct/lct/evaluate/eval_p1_2/model_output/Llama-3-70B-Instruct_0_shot_tmp_1/output/Llama-3-70B-Instruct_NCT03861299_0_shot.txt' gespeichert.
File: NCT03861312 

Das File: /work/eauten2s/ec_criteria_struct/lct/input/lct_txt/NCT03861312.txt wurde erfolgreich geladen.
0
Die Daten wurden erfolgreich in '/work/eauten2s/ec_criteria_struct/lct/evaluate/eval_p1_2/model_output/Llama-3-70B-Instruct_0_shot_tmp_1/output/Llama-3-70B-Instruct_NCT03861312_0_shot.txt' gespeichert.
File: NCT03861325 

Das File: /work/eauten2s/ec_criteria_struct/lct/input/lct_txt/NCT03861325.txt wurde erfolgreich geladen.
0
Die Daten wurden erfolgreich in '/work/eauten2s/ec_criteria_struct/lct/evaluate/eval_p1_2/model_output/Llama-3-70B-Instruct_0_shot_tmp_1/output/Llama-3-70B-Instruct_NCT03861325_0_shot.txt' gespeichert.
File: NCT03861377 

Das File: /work/eauten2s/ec_criteria_struct/lct/input/lct_txt/NCT03861377.txt wurde erfolgreich geladen.
0
Die Daten wurden erfolgreich in '/work/eauten2s/ec_criteria_struct/lct/evaluate/eval_p1_2/model_output/Llama-3-70B-Instruct_0_shot_tmp_1/output/Llama-3-70B-Instruct_NCT03861377_0_shot.txt' gespeichert.
File: NCT03861429 

Das File: /work/eauten2s/ec_criteria_struct/lct/input/lct_txt/NCT03861429.txt wurde erfolgreich geladen.
0
Die Daten wurden erfolgreich in '/work/eauten2s/ec_criteria_struct/lct/evaluate/eval_p1_2/model_output/Llama-3-70B-Instruct_0_shot_tmp_1/output/Llama-3-70B-Instruct_NCT03861429_0_shot.txt' gespeichert.
File: NCT03861442 

Das File: /work/eauten2s/ec_criteria_struct/lct/input/lct_txt/NCT03861442.txt wurde erfolgreich geladen.
0
Die Daten wurden erfolgreich in '/work/eauten2s/ec_criteria_struct/lct/evaluate/eval_p1_2/model_output/Llama-3-70B-Instruct_0_shot_tmp_1/output/Llama-3-70B-Instruct_NCT03861442_0_shot.txt' gespeichert.
File: NCT03861468 

Das File: /work/eauten2s/ec_criteria_struct/lct/input/lct_txt/NCT03861468.txt wurde erfolgreich geladen.
0
Die Daten wurden erfolgreich in '/work/eauten2s/ec_criteria_struct/lct/evaluate/eval_p1_2/model_output/Llama-3-70B-Instruct_0_shot_tmp_1/output/Llama-3-70B-Instruct_NCT03861468_0_shot.txt' gespeichert.
File: NCT03861494 

Das File: /work/eauten2s/ec_criteria_struct/lct/input/lct_txt/NCT03861494.txt wurde erfolgreich geladen.
0
Die Daten wurden erfolgreich in '/work/eauten2s/ec_criteria_struct/lct/evaluate/eval_p1_2/model_output/Llama-3-70B-Instruct_0_shot_tmp_1/output/Llama-3-70B-Instruct_NCT03861494_0_shot.txt' gespeichert.
File: NCT03861507 

Das File: /work/eauten2s/ec_criteria_struct/lct/input/lct_txt/NCT03861507.txt wurde erfolgreich geladen.
0
Die Daten wurden erfolgreich in '/work/eauten2s/ec_criteria_struct/lct/evaluate/eval_p1_2/model_output/Llama-3-70B-Instruct_0_shot_tmp_1/output/Llama-3-70B-Instruct_NCT03861507_0_shot.txt' gespeichert.
File: NCT03861520 

Das File: /work/eauten2s/ec_criteria_struct/lct/input/lct_txt/NCT03861520.txt wurde erfolgreich geladen.
0
Die Daten wurden erfolgreich in '/work/eauten2s/ec_criteria_struct/lct/evaluate/eval_p1_2/model_output/Llama-3-70B-Instruct_0_shot_tmp_1/output/Llama-3-70B-Instruct_NCT03861520_0_shot.txt' gespeichert.
File: NCT03861533 

Das File: /work/eauten2s/ec_criteria_struct/lct/input/lct_txt/NCT03861533.txt wurde erfolgreich geladen.
0
Die Daten wurden erfolgreich in '/work/eauten2s/ec_criteria_struct/lct/evaluate/eval_p1_2/model_output/Llama-3-70B-Instruct_0_shot_tmp_1/output/Llama-3-70B-Instruct_NCT03861533_0_shot.txt' gespeichert.
File: NCT03861546 

Das File: /work/eauten2s/ec_criteria_struct/lct/input/lct_txt/NCT03861546.txt wurde erfolgreich geladen.
0
Die Daten wurden erfolgreich in '/work/eauten2s/ec_criteria_struct/lct/evaluate/eval_p1_2/model_output/Llama-3-70B-Instruct_0_shot_tmp_1/output/Llama-3-70B-Instruct_NCT03861546_0_shot.txt' gespeichert.
File: NCT03861559 

Das File: /work/eauten2s/ec_criteria_struct/lct/input/lct_txt/NCT03861559.txt wurde erfolgreich geladen.
0
Die Daten wurden erfolgreich in '/work/eauten2s/ec_criteria_struct/lct/evaluate/eval_p1_2/model_output/Llama-3-70B-Instruct_0_shot_tmp_1/output/Llama-3-70B-Instruct_NCT03861559_0_shot.txt' gespeichert.
File: NCT03861572 

Das File: /work/eauten2s/ec_criteria_struct/lct/input/lct_txt/NCT03861572.txt wurde erfolgreich geladen.
0
Die Daten wurden erfolgreich in '/work/eauten2s/ec_criteria_struct/lct/evaluate/eval_p1_2/model_output/Llama-3-70B-Instruct_0_shot_tmp_1/output/Llama-3-70B-Instruct_NCT03861572_0_shot.txt' gespeichert.
File: NCT03861585 

Das File: /work/eauten2s/ec_criteria_struct/lct/input/lct_txt/NCT03861585.txt wurde erfolgreich geladen.
0
Die Daten wurden erfolgreich in '/work/eauten2s/ec_criteria_struct/lct/evaluate/eval_p1_2/model_output/Llama-3-70B-Instruct_0_shot_tmp_1/output/Llama-3-70B-Instruct_NCT03861585_0_shot.txt' gespeichert.
File: NCT03861598 

Das File: /work/eauten2s/ec_criteria_struct/lct/input/lct_txt/NCT03861598.txt wurde erfolgreich geladen.
0
Die Daten wurden erfolgreich in '/work/eauten2s/ec_criteria_struct/lct/evaluate/eval_p1_2/model_output/Llama-3-70B-Instruct_0_shot_tmp_1/output/Llama-3-70B-Instruct_NCT03861598_0_shot.txt' gespeichert.
File: NCT03861611 

Das File: /work/eauten2s/ec_criteria_struct/lct/input/lct_txt/NCT03861611.txt wurde erfolgreich geladen.
0
Die Daten wurden erfolgreich in '/work/eauten2s/ec_criteria_struct/lct/evaluate/eval_p1_2/model_output/Llama-3-70B-Instruct_0_shot_tmp_1/output/Llama-3-70B-Instruct_NCT03861611_0_shot.txt' gespeichert.
File: NCT03861624 

Das File: /work/eauten2s/ec_criteria_struct/lct/input/lct_txt/NCT03861624.txt wurde erfolgreich geladen.
0
Die Daten wurden erfolgreich in '/work/eauten2s/ec_criteria_struct/lct/evaluate/eval_p1_2/model_output/Llama-3-70B-Instruct_0_shot_tmp_1/output/Llama-3-70B-Instruct_NCT03861624_0_shot.txt' gespeichert.
File: NCT03861637 

Das File: /work/eauten2s/ec_criteria_struct/lct/input/lct_txt/NCT03861637.txt wurde erfolgreich geladen.
0
Die Daten wurden erfolgreich in '/work/eauten2s/ec_criteria_struct/lct/evaluate/eval_p1_2/model_output/Llama-3-70B-Instruct_0_shot_tmp_1/output/Llama-3-70B-Instruct_NCT03861637_0_shot.txt' gespeichert.
File: NCT03861650 

Das File: /work/eauten2s/ec_criteria_struct/lct/input/lct_txt/NCT03861650.txt wurde erfolgreich geladen.
0
Die Daten wurden erfolgreich in '/work/eauten2s/ec_criteria_struct/lct/evaluate/eval_p1_2/model_output/Llama-3-70B-Instruct_0_shot_tmp_1/output/Llama-3-70B-Instruct_NCT03861650_0_shot.txt' gespeichert.
File: NCT03861676 

Das File: /work/eauten2s/ec_criteria_struct/lct/input/lct_txt/NCT03861676.txt wurde erfolgreich geladen.
0
Die Daten wurden erfolgreich in '/work/eauten2s/ec_criteria_struct/lct/evaluate/eval_p1_2/model_output/Llama-3-70B-Instruct_0_shot_tmp_1/output/Llama-3-70B-Instruct_NCT03861676_0_shot.txt' gespeichert.
File: NCT03861689 

Das File: /work/eauten2s/ec_criteria_struct/lct/input/lct_txt/NCT03861689.txt wurde erfolgreich geladen.
0
Die Daten wurden erfolgreich in '/work/eauten2s/ec_criteria_struct/lct/evaluate/eval_p1_2/model_output/Llama-3-70B-Instruct_0_shot_tmp_1/output/Llama-3-70B-Instruct_NCT03861689_0_shot.txt' gespeichert.
File: NCT03861715 

Das File: /work/eauten2s/ec_criteria_struct/lct/input/lct_txt/NCT03861715.txt wurde erfolgreich geladen.
0
Die Daten wurden erfolgreich in '/work/eauten2s/ec_criteria_struct/lct/evaluate/eval_p1_2/model_output/Llama-3-70B-Instruct_0_shot_tmp_1/output/Llama-3-70B-Instruct_NCT03861715_0_shot.txt' gespeichert.
File: NCT03861741 

Das File: /work/eauten2s/ec_criteria_struct/lct/input/lct_txt/NCT03861741.txt wurde erfolgreich geladen.
0
Die Daten wurden erfolgreich in '/work/eauten2s/ec_criteria_struct/lct/evaluate/eval_p1_2/model_output/Llama-3-70B-Instruct_0_shot_tmp_1/output/Llama-3-70B-Instruct_NCT03861741_0_shot.txt' gespeichert.
File: NCT03861754 

Das File: /work/eauten2s/ec_criteria_struct/lct/input/lct_txt/NCT03861754.txt wurde erfolgreich geladen.
0
Die Daten wurden erfolgreich in '/work/eauten2s/ec_criteria_struct/lct/evaluate/eval_p1_2/model_output/Llama-3-70B-Instruct_0_shot_tmp_1/output/Llama-3-70B-Instruct_NCT03861754_0_shot.txt' gespeichert.
File: NCT03861806 

Das File: /work/eauten2s/ec_criteria_struct/lct/input/lct_txt/NCT03861806.txt wurde erfolgreich geladen.
0
Die Daten wurden erfolgreich in '/work/eauten2s/ec_criteria_struct/lct/evaluate/eval_p1_2/model_output/Llama-3-70B-Instruct_0_shot_tmp_1/output/Llama-3-70B-Instruct_NCT03861806_0_shot.txt' gespeichert.
File: NCT03861819 

Das File: /work/eauten2s/ec_criteria_struct/lct/input/lct_txt/NCT03861819.txt wurde erfolgreich geladen.
0
Die Daten wurden erfolgreich in '/work/eauten2s/ec_criteria_struct/lct/evaluate/eval_p1_2/model_output/Llama-3-70B-Instruct_0_shot_tmp_1/output/Llama-3-70B-Instruct_NCT03861819_0_shot.txt' gespeichert.
File: NCT03861845 

Das File: /work/eauten2s/ec_criteria_struct/lct/input/lct_txt/NCT03861845.txt wurde erfolgreich geladen.
0
Die Daten wurden erfolgreich in '/work/eauten2s/ec_criteria_struct/lct/evaluate/eval_p1_2/model_output/Llama-3-70B-Instruct_0_shot_tmp_1/output/Llama-3-70B-Instruct_NCT03861845_0_shot.txt' gespeichert.
File: NCT03861858 

Das File: /work/eauten2s/ec_criteria_struct/lct/input/lct_txt/NCT03861858.txt wurde erfolgreich geladen.
0
Die Daten wurden erfolgreich in '/work/eauten2s/ec_criteria_struct/lct/evaluate/eval_p1_2/model_output/Llama-3-70B-Instruct_0_shot_tmp_1/output/Llama-3-70B-Instruct_NCT03861858_0_shot.txt' gespeichert.
File: NCT03861884 

Das File: /work/eauten2s/ec_criteria_struct/lct/input/lct_txt/NCT03861884.txt wurde erfolgreich geladen.
0
Die Daten wurden erfolgreich in '/work/eauten2s/ec_criteria_struct/lct/evaluate/eval_p1_2/model_output/Llama-3-70B-Instruct_0_shot_tmp_1/output/Llama-3-70B-Instruct_NCT03861884_0_shot.txt' gespeichert.
File: NCT03861910 

Das File: /work/eauten2s/ec_criteria_struct/lct/input/lct_txt/NCT03861910.txt wurde erfolgreich geladen.
0
Die Daten wurden erfolgreich in '/work/eauten2s/ec_criteria_struct/lct/evaluate/eval_p1_2/model_output/Llama-3-70B-Instruct_0_shot_tmp_1/output/Llama-3-70B-Instruct_NCT03861910_0_shot.txt' gespeichert.
File: NCT03861923 

Das File: /work/eauten2s/ec_criteria_struct/lct/input/lct_txt/NCT03861923.txt wurde erfolgreich geladen.
0
Die Daten wurden erfolgreich in '/work/eauten2s/ec_criteria_struct/lct/evaluate/eval_p1_2/model_output/Llama-3-70B-Instruct_0_shot_tmp_1/output/Llama-3-70B-Instruct_NCT03861923_0_shot.txt' gespeichert.
File: NCT03861949 

Das File: /work/eauten2s/ec_criteria_struct/lct/input/lct_txt/NCT03861949.txt wurde erfolgreich geladen.
0
Die Daten wurden erfolgreich in '/work/eauten2s/ec_criteria_struct/lct/evaluate/eval_p1_2/model_output/Llama-3-70B-Instruct_0_shot_tmp_1/output/Llama-3-70B-Instruct_NCT03861949_0_shot.txt' gespeichert.
File: NCT03861962 

Das File: /work/eauten2s/ec_criteria_struct/lct/input/lct_txt/NCT03861962.txt wurde erfolgreich geladen.
0
Die Daten wurden erfolgreich in '/work/eauten2s/ec_criteria_struct/lct/evaluate/eval_p1_2/model_output/Llama-3-70B-Instruct_0_shot_tmp_1/output/Llama-3-70B-Instruct_NCT03861962_0_shot.txt' gespeichert.
File: NCT03861975 

Das File: /work/eauten2s/ec_criteria_struct/lct/input/lct_txt/NCT03861975.txt wurde erfolgreich geladen.
0
Die Daten wurden erfolgreich in '/work/eauten2s/ec_criteria_struct/lct/evaluate/eval_p1_2/model_output/Llama-3-70B-Instruct_0_shot_tmp_1/output/Llama-3-70B-Instruct_NCT03861975_0_shot.txt' gespeichert.
File: NCT03861988 

Das File: /work/eauten2s/ec_criteria_struct/lct/input/lct_txt/NCT03861988.txt wurde erfolgreich geladen.
0
Die Daten wurden erfolgreich in '/work/eauten2s/ec_criteria_struct/lct/evaluate/eval_p1_2/model_output/Llama-3-70B-Instruct_0_shot_tmp_1/output/Llama-3-70B-Instruct_NCT03861988_0_shot.txt' gespeichert.
File: NCT03862001 

Das File: /work/eauten2s/ec_criteria_struct/lct/input/lct_txt/NCT03862001.txt wurde erfolgreich geladen.
0
Die Daten wurden erfolgreich in '/work/eauten2s/ec_criteria_struct/lct/evaluate/eval_p1_2/model_output/Llama-3-70B-Instruct_0_shot_tmp_1/output/Llama-3-70B-Instruct_NCT03862001_0_shot.txt' gespeichert.
File: NCT03862014 

Das File: /work/eauten2s/ec_criteria_struct/lct/input/lct_txt/NCT03862014.txt wurde erfolgreich geladen.
0
Die Daten wurden erfolgreich in '/work/eauten2s/ec_criteria_struct/lct/evaluate/eval_p1_2/model_output/Llama-3-70B-Instruct_0_shot_tmp_1/output/Llama-3-70B-Instruct_NCT03862014_0_shot.txt' gespeichert.
File: NCT03862027 

Das File: /work/eauten2s/ec_criteria_struct/lct/input/lct_txt/NCT03862027.txt wurde erfolgreich geladen.
0
Die Daten wurden erfolgreich in '/work/eauten2s/ec_criteria_struct/lct/evaluate/eval_p1_2/model_output/Llama-3-70B-Instruct_0_shot_tmp_1/output/Llama-3-70B-Instruct_NCT03862027_0_shot.txt' gespeichert.
File: NCT03862066 

Das File: /work/eauten2s/ec_criteria_struct/lct/input/lct_txt/NCT03862066.txt wurde erfolgreich geladen.
0
Die Daten wurden erfolgreich in '/work/eauten2s/ec_criteria_struct/lct/evaluate/eval_p1_2/model_output/Llama-3-70B-Instruct_0_shot_tmp_1/output/Llama-3-70B-Instruct_NCT03862066_0_shot.txt' gespeichert.
File: NCT03862079 

Das File: /work/eauten2s/ec_criteria_struct/lct/input/lct_txt/NCT03862079.txt wurde erfolgreich geladen.
0
Die Daten wurden erfolgreich in '/work/eauten2s/ec_criteria_struct/lct/evaluate/eval_p1_2/model_output/Llama-3-70B-Instruct_0_shot_tmp_1/output/Llama-3-70B-Instruct_NCT03862079_0_shot.txt' gespeichert.
File: NCT03862092 

Das File: /work/eauten2s/ec_criteria_struct/lct/input/lct_txt/NCT03862092.txt wurde erfolgreich geladen.
0
Die Daten wurden erfolgreich in '/work/eauten2s/ec_criteria_struct/lct/evaluate/eval_p1_2/model_output/Llama-3-70B-Instruct_0_shot_tmp_1/output/Llama-3-70B-Instruct_NCT03862092_0_shot.txt' gespeichert.
File: NCT03862105 

Das File: /work/eauten2s/ec_criteria_struct/lct/input/lct_txt/NCT03862105.txt wurde erfolgreich geladen.
0
Die Daten wurden erfolgreich in '/work/eauten2s/ec_criteria_struct/lct/evaluate/eval_p1_2/model_output/Llama-3-70B-Instruct_0_shot_tmp_1/output/Llama-3-70B-Instruct_NCT03862105_0_shot.txt' gespeichert.
File: NCT03862118 

Das File: /work/eauten2s/ec_criteria_struct/lct/input/lct_txt/NCT03862118.txt wurde erfolgreich geladen.
0
Die Daten wurden erfolgreich in '/work/eauten2s/ec_criteria_struct/lct/evaluate/eval_p1_2/model_output/Llama-3-70B-Instruct_0_shot_tmp_1/output/Llama-3-70B-Instruct_NCT03862118_0_shot.txt' gespeichert.
File: NCT03862131 

Das File: /work/eauten2s/ec_criteria_struct/lct/input/lct_txt/NCT03862131.txt wurde erfolgreich geladen.
0
Die Daten wurden erfolgreich in '/work/eauten2s/ec_criteria_struct/lct/evaluate/eval_p1_2/model_output/Llama-3-70B-Instruct_0_shot_tmp_1/output/Llama-3-70B-Instruct_NCT03862131_0_shot.txt' gespeichert.
File: NCT03862183 

Das File: /work/eauten2s/ec_criteria_struct/lct/input/lct_txt/NCT03862183.txt wurde erfolgreich geladen.
0
Die Daten wurden erfolgreich in '/work/eauten2s/ec_criteria_struct/lct/evaluate/eval_p1_2/model_output/Llama-3-70B-Instruct_0_shot_tmp_1/output/Llama-3-70B-Instruct_NCT03862183_0_shot.txt' gespeichert.
File: NCT03862209 

Das File: /work/eauten2s/ec_criteria_struct/lct/input/lct_txt/NCT03862209.txt wurde erfolgreich geladen.
0
Die Daten wurden erfolgreich in '/work/eauten2s/ec_criteria_struct/lct/evaluate/eval_p1_2/model_output/Llama-3-70B-Instruct_0_shot_tmp_1/output/Llama-3-70B-Instruct_NCT03862209_0_shot.txt' gespeichert.
File: NCT03862235 

Das File: /work/eauten2s/ec_criteria_struct/lct/input/lct_txt/NCT03862235.txt wurde erfolgreich geladen.
0
Die Daten wurden erfolgreich in '/work/eauten2s/ec_criteria_struct/lct/evaluate/eval_p1_2/model_output/Llama-3-70B-Instruct_0_shot_tmp_1/output/Llama-3-70B-Instruct_NCT03862235_0_shot.txt' gespeichert.
File: NCT03862248 

Das File: /work/eauten2s/ec_criteria_struct/lct/input/lct_txt/NCT03862248.txt wurde erfolgreich geladen.
0
Die Daten wurden erfolgreich in '/work/eauten2s/ec_criteria_struct/lct/evaluate/eval_p1_2/model_output/Llama-3-70B-Instruct_0_shot_tmp_1/output/Llama-3-70B-Instruct_NCT03862248_0_shot.txt' gespeichert.
File: NCT03862261 

Das File: /work/eauten2s/ec_criteria_struct/lct/input/lct_txt/NCT03862261.txt wurde erfolgreich geladen.
0
Die Daten wurden erfolgreich in '/work/eauten2s/ec_criteria_struct/lct/evaluate/eval_p1_2/model_output/Llama-3-70B-Instruct_0_shot_tmp_1/output/Llama-3-70B-Instruct_NCT03862261_0_shot.txt' gespeichert.
File: NCT03862274 

Das File: /work/eauten2s/ec_criteria_struct/lct/input/lct_txt/NCT03862274.txt wurde erfolgreich geladen.
0
Die Daten wurden erfolgreich in '/work/eauten2s/ec_criteria_struct/lct/evaluate/eval_p1_2/model_output/Llama-3-70B-Instruct_0_shot_tmp_1/output/Llama-3-70B-Instruct_NCT03862274_0_shot.txt' gespeichert.
File: NCT03862287 

Das File: /work/eauten2s/ec_criteria_struct/lct/input/lct_txt/NCT03862287.txt wurde erfolgreich geladen.
0
Die Daten wurden erfolgreich in '/work/eauten2s/ec_criteria_struct/lct/evaluate/eval_p1_2/model_output/Llama-3-70B-Instruct_0_shot_tmp_1/output/Llama-3-70B-Instruct_NCT03862287_0_shot.txt' gespeichert.
File: NCT03862326 

Das File: /work/eauten2s/ec_criteria_struct/lct/input/lct_txt/NCT03862326.txt wurde erfolgreich geladen.
0
Die Daten wurden erfolgreich in '/work/eauten2s/ec_criteria_struct/lct/evaluate/eval_p1_2/model_output/Llama-3-70B-Instruct_0_shot_tmp_1/output/Llama-3-70B-Instruct_NCT03862326_0_shot.txt' gespeichert.
File: NCT03862352 

Das File: /work/eauten2s/ec_criteria_struct/lct/input/lct_txt/NCT03862352.txt wurde erfolgreich geladen.
0
Die Daten wurden erfolgreich in '/work/eauten2s/ec_criteria_struct/lct/evaluate/eval_p1_2/model_output/Llama-3-70B-Instruct_0_shot_tmp_1/output/Llama-3-70B-Instruct_NCT03862352_0_shot.txt' gespeichert.
File: NCT03862378 

Das File: /work/eauten2s/ec_criteria_struct/lct/input/lct_txt/NCT03862378.txt wurde erfolgreich geladen.
0
Die Daten wurden erfolgreich in '/work/eauten2s/ec_criteria_struct/lct/evaluate/eval_p1_2/model_output/Llama-3-70B-Instruct_0_shot_tmp_1/output/Llama-3-70B-Instruct_NCT03862378_0_shot.txt' gespeichert.
File: NCT03862391 

Das File: /work/eauten2s/ec_criteria_struct/lct/input/lct_txt/NCT03862391.txt wurde erfolgreich geladen.
0
Die Daten wurden erfolgreich in '/work/eauten2s/ec_criteria_struct/lct/evaluate/eval_p1_2/model_output/Llama-3-70B-Instruct_0_shot_tmp_1/output/Llama-3-70B-Instruct_NCT03862391_0_shot.txt' gespeichert.
File: NCT03862404 

Das File: /work/eauten2s/ec_criteria_struct/lct/input/lct_txt/NCT03862404.txt wurde erfolgreich geladen.
0
Die Daten wurden erfolgreich in '/work/eauten2s/ec_criteria_struct/lct/evaluate/eval_p1_2/model_output/Llama-3-70B-Instruct_0_shot_tmp_1/output/Llama-3-70B-Instruct_NCT03862404_0_shot.txt' gespeichert.
File: NCT03862417 

Das File: /work/eauten2s/ec_criteria_struct/lct/input/lct_txt/NCT03862417.txt wurde erfolgreich geladen.
0
Die Daten wurden erfolgreich in '/work/eauten2s/ec_criteria_struct/lct/evaluate/eval_p1_2/model_output/Llama-3-70B-Instruct_0_shot_tmp_1/output/Llama-3-70B-Instruct_NCT03862417_0_shot.txt' gespeichert.
File: NCT03862443 

Das File: /work/eauten2s/ec_criteria_struct/lct/input/lct_txt/NCT03862443.txt wurde erfolgreich geladen.
0
Die Daten wurden erfolgreich in '/work/eauten2s/ec_criteria_struct/lct/evaluate/eval_p1_2/model_output/Llama-3-70B-Instruct_0_shot_tmp_1/output/Llama-3-70B-Instruct_NCT03862443_0_shot.txt' gespeichert.
File: NCT03862456 

Das File: /work/eauten2s/ec_criteria_struct/lct/input/lct_txt/NCT03862456.txt wurde erfolgreich geladen.
0
Die Daten wurden erfolgreich in '/work/eauten2s/ec_criteria_struct/lct/evaluate/eval_p1_2/model_output/Llama-3-70B-Instruct_0_shot_tmp_1/output/Llama-3-70B-Instruct_NCT03862456_0_shot.txt' gespeichert.
File: NCT03862469 

Das File: /work/eauten2s/ec_criteria_struct/lct/input/lct_txt/NCT03862469.txt wurde erfolgreich geladen.
0
Die Daten wurden erfolgreich in '/work/eauten2s/ec_criteria_struct/lct/evaluate/eval_p1_2/model_output/Llama-3-70B-Instruct_0_shot_tmp_1/output/Llama-3-70B-Instruct_NCT03862469_0_shot.txt' gespeichert.
File: NCT03862482 

Das File: /work/eauten2s/ec_criteria_struct/lct/input/lct_txt/NCT03862482.txt wurde erfolgreich geladen.
0
Die Daten wurden erfolgreich in '/work/eauten2s/ec_criteria_struct/lct/evaluate/eval_p1_2/model_output/Llama-3-70B-Instruct_0_shot_tmp_1/output/Llama-3-70B-Instruct_NCT03862482_0_shot.txt' gespeichert.
File: NCT03862495 

Das File: /work/eauten2s/ec_criteria_struct/lct/input/lct_txt/NCT03862495.txt wurde erfolgreich geladen.
0
Die Daten wurden erfolgreich in '/work/eauten2s/ec_criteria_struct/lct/evaluate/eval_p1_2/model_output/Llama-3-70B-Instruct_0_shot_tmp_1/output/Llama-3-70B-Instruct_NCT03862495_0_shot.txt' gespeichert.
File: NCT03862508 

Das File: /work/eauten2s/ec_criteria_struct/lct/input/lct_txt/NCT03862508.txt wurde erfolgreich geladen.
0
Die Daten wurden erfolgreich in '/work/eauten2s/ec_criteria_struct/lct/evaluate/eval_p1_2/model_output/Llama-3-70B-Instruct_0_shot_tmp_1/output/Llama-3-70B-Instruct_NCT03862508_0_shot.txt' gespeichert.
File: NCT03862521 

Das File: /work/eauten2s/ec_criteria_struct/lct/input/lct_txt/NCT03862521.txt wurde erfolgreich geladen.
0
Die Daten wurden erfolgreich in '/work/eauten2s/ec_criteria_struct/lct/evaluate/eval_p1_2/model_output/Llama-3-70B-Instruct_0_shot_tmp_1/output/Llama-3-70B-Instruct_NCT03862521_0_shot.txt' gespeichert.
File: NCT03862534 

Das File: /work/eauten2s/ec_criteria_struct/lct/input/lct_txt/NCT03862534.txt wurde erfolgreich geladen.
0
Die Daten wurden erfolgreich in '/work/eauten2s/ec_criteria_struct/lct/evaluate/eval_p1_2/model_output/Llama-3-70B-Instruct_0_shot_tmp_1/output/Llama-3-70B-Instruct_NCT03862534_0_shot.txt' gespeichert.
File: NCT03862547 

Das File: /work/eauten2s/ec_criteria_struct/lct/input/lct_txt/NCT03862547.txt wurde erfolgreich geladen.
0
Die Daten wurden erfolgreich in '/work/eauten2s/ec_criteria_struct/lct/evaluate/eval_p1_2/model_output/Llama-3-70B-Instruct_0_shot_tmp_1/output/Llama-3-70B-Instruct_NCT03862547_0_shot.txt' gespeichert.
File: NCT03862560 

Das File: /work/eauten2s/ec_criteria_struct/lct/input/lct_txt/NCT03862560.txt wurde erfolgreich geladen.
0
Die Daten wurden erfolgreich in '/work/eauten2s/ec_criteria_struct/lct/evaluate/eval_p1_2/model_output/Llama-3-70B-Instruct_0_shot_tmp_1/output/Llama-3-70B-Instruct_NCT03862560_0_shot.txt' gespeichert.
File: NCT03862573 

Das File: /work/eauten2s/ec_criteria_struct/lct/input/lct_txt/NCT03862573.txt wurde erfolgreich geladen.
0
Die Daten wurden erfolgreich in '/work/eauten2s/ec_criteria_struct/lct/evaluate/eval_p1_2/model_output/Llama-3-70B-Instruct_0_shot_tmp_1/output/Llama-3-70B-Instruct_NCT03862573_0_shot.txt' gespeichert.
File: NCT03862612 

Das File: /work/eauten2s/ec_criteria_struct/lct/input/lct_txt/NCT03862612.txt wurde erfolgreich geladen.
0
Die Daten wurden erfolgreich in '/work/eauten2s/ec_criteria_struct/lct/evaluate/eval_p1_2/model_output/Llama-3-70B-Instruct_0_shot_tmp_1/output/Llama-3-70B-Instruct_NCT03862612_0_shot.txt' gespeichert.
File: NCT03862625 

Das File: /work/eauten2s/ec_criteria_struct/lct/input/lct_txt/NCT03862625.txt wurde erfolgreich geladen.
0
Die Daten wurden erfolgreich in '/work/eauten2s/ec_criteria_struct/lct/evaluate/eval_p1_2/model_output/Llama-3-70B-Instruct_0_shot_tmp_1/output/Llama-3-70B-Instruct_NCT03862625_0_shot.txt' gespeichert.
File: NCT03862638 

Das File: /work/eauten2s/ec_criteria_struct/lct/input/lct_txt/NCT03862638.txt wurde erfolgreich geladen.
0
Die Daten wurden erfolgreich in '/work/eauten2s/ec_criteria_struct/lct/evaluate/eval_p1_2/model_output/Llama-3-70B-Instruct_0_shot_tmp_1/output/Llama-3-70B-Instruct_NCT03862638_0_shot.txt' gespeichert.
File: NCT03862664 

Das File: /work/eauten2s/ec_criteria_struct/lct/input/lct_txt/NCT03862664.txt wurde erfolgreich geladen.
0
Die Daten wurden erfolgreich in '/work/eauten2s/ec_criteria_struct/lct/evaluate/eval_p1_2/model_output/Llama-3-70B-Instruct_0_shot_tmp_1/output/Llama-3-70B-Instruct_NCT03862664_0_shot.txt' gespeichert.
File: NCT03862677 

Das File: /work/eauten2s/ec_criteria_struct/lct/input/lct_txt/NCT03862677.txt wurde erfolgreich geladen.
0
Die Daten wurden erfolgreich in '/work/eauten2s/ec_criteria_struct/lct/evaluate/eval_p1_2/model_output/Llama-3-70B-Instruct_0_shot_tmp_1/output/Llama-3-70B-Instruct_NCT03862677_0_shot.txt' gespeichert.
File: NCT03862690 

Das File: /work/eauten2s/ec_criteria_struct/lct/input/lct_txt/NCT03862690.txt wurde erfolgreich geladen.
0
Die Daten wurden erfolgreich in '/work/eauten2s/ec_criteria_struct/lct/evaluate/eval_p1_2/model_output/Llama-3-70B-Instruct_0_shot_tmp_1/output/Llama-3-70B-Instruct_NCT03862690_0_shot.txt' gespeichert.
File: NCT03862703 

Das File: /work/eauten2s/ec_criteria_struct/lct/input/lct_txt/NCT03862703.txt wurde erfolgreich geladen.
0
Die Daten wurden erfolgreich in '/work/eauten2s/ec_criteria_struct/lct/evaluate/eval_p1_2/model_output/Llama-3-70B-Instruct_0_shot_tmp_1/output/Llama-3-70B-Instruct_NCT03862703_0_shot.txt' gespeichert.
File: NCT03862742 

Das File: /work/eauten2s/ec_criteria_struct/lct/input/lct_txt/NCT03862742.txt wurde erfolgreich geladen.
0
Die Daten wurden erfolgreich in '/work/eauten2s/ec_criteria_struct/lct/evaluate/eval_p1_2/model_output/Llama-3-70B-Instruct_0_shot_tmp_1/output/Llama-3-70B-Instruct_NCT03862742_0_shot.txt' gespeichert.
File: NCT03862755 

Das File: /work/eauten2s/ec_criteria_struct/lct/input/lct_txt/NCT03862755.txt wurde erfolgreich geladen.
0
Die Daten wurden erfolgreich in '/work/eauten2s/ec_criteria_struct/lct/evaluate/eval_p1_2/model_output/Llama-3-70B-Instruct_0_shot_tmp_1/output/Llama-3-70B-Instruct_NCT03862755_0_shot.txt' gespeichert.
File: NCT03862781 

Das File: /work/eauten2s/ec_criteria_struct/lct/input/lct_txt/NCT03862781.txt wurde erfolgreich geladen.
0
Die Daten wurden erfolgreich in '/work/eauten2s/ec_criteria_struct/lct/evaluate/eval_p1_2/model_output/Llama-3-70B-Instruct_0_shot_tmp_1/output/Llama-3-70B-Instruct_NCT03862781_0_shot.txt' gespeichert.
File: NCT03862807 

Das File: /work/eauten2s/ec_criteria_struct/lct/input/lct_txt/NCT03862807.txt wurde erfolgreich geladen.
0
Die Daten wurden erfolgreich in '/work/eauten2s/ec_criteria_struct/lct/evaluate/eval_p1_2/model_output/Llama-3-70B-Instruct_0_shot_tmp_1/output/Llama-3-70B-Instruct_NCT03862807_0_shot.txt' gespeichert.
File: NCT03862820 

Das File: /work/eauten2s/ec_criteria_struct/lct/input/lct_txt/NCT03862820.txt wurde erfolgreich geladen.
0
Die Daten wurden erfolgreich in '/work/eauten2s/ec_criteria_struct/lct/evaluate/eval_p1_2/model_output/Llama-3-70B-Instruct_0_shot_tmp_1/output/Llama-3-70B-Instruct_NCT03862820_0_shot.txt' gespeichert.
File: NCT03862846 

Das File: /work/eauten2s/ec_criteria_struct/lct/input/lct_txt/NCT03862846.txt wurde erfolgreich geladen.
0
Die Daten wurden erfolgreich in '/work/eauten2s/ec_criteria_struct/lct/evaluate/eval_p1_2/model_output/Llama-3-70B-Instruct_0_shot_tmp_1/output/Llama-3-70B-Instruct_NCT03862846_0_shot.txt' gespeichert.
File: NCT03862898 

Das File: /work/eauten2s/ec_criteria_struct/lct/input/lct_txt/NCT03862898.txt wurde erfolgreich geladen.
0
Die Daten wurden erfolgreich in '/work/eauten2s/ec_criteria_struct/lct/evaluate/eval_p1_2/model_output/Llama-3-70B-Instruct_0_shot_tmp_1/output/Llama-3-70B-Instruct_NCT03862898_0_shot.txt' gespeichert.
File: NCT03862924 

Das File: /work/eauten2s/ec_criteria_struct/lct/input/lct_txt/NCT03862924.txt wurde erfolgreich geladen.
0
Die Daten wurden erfolgreich in '/work/eauten2s/ec_criteria_struct/lct/evaluate/eval_p1_2/model_output/Llama-3-70B-Instruct_0_shot_tmp_1/output/Llama-3-70B-Instruct_NCT03862924_0_shot.txt' gespeichert.
File: NCT03862937 

Das File: /work/eauten2s/ec_criteria_struct/lct/input/lct_txt/NCT03862937.txt wurde erfolgreich geladen.
0
Die Daten wurden erfolgreich in '/work/eauten2s/ec_criteria_struct/lct/evaluate/eval_p1_2/model_output/Llama-3-70B-Instruct_0_shot_tmp_1/output/Llama-3-70B-Instruct_NCT03862937_0_shot.txt' gespeichert.
File: NCT03862963 

Das File: /work/eauten2s/ec_criteria_struct/lct/input/lct_txt/NCT03862963.txt wurde erfolgreich geladen.
0
Die Daten wurden erfolgreich in '/work/eauten2s/ec_criteria_struct/lct/evaluate/eval_p1_2/model_output/Llama-3-70B-Instruct_0_shot_tmp_1/output/Llama-3-70B-Instruct_NCT03862963_0_shot.txt' gespeichert.
File: NCT03862976 

Das File: /work/eauten2s/ec_criteria_struct/lct/input/lct_txt/NCT03862976.txt wurde erfolgreich geladen.
0
Die Daten wurden erfolgreich in '/work/eauten2s/ec_criteria_struct/lct/evaluate/eval_p1_2/model_output/Llama-3-70B-Instruct_0_shot_tmp_1/output/Llama-3-70B-Instruct_NCT03862976_0_shot.txt' gespeichert.
File: NCT03862989 

Das File: /work/eauten2s/ec_criteria_struct/lct/input/lct_txt/NCT03862989.txt wurde erfolgreich geladen.
0
Die Daten wurden erfolgreich in '/work/eauten2s/ec_criteria_struct/lct/evaluate/eval_p1_2/model_output/Llama-3-70B-Instruct_0_shot_tmp_1/output/Llama-3-70B-Instruct_NCT03862989_0_shot.txt' gespeichert.
File: NCT03863015 

Das File: /work/eauten2s/ec_criteria_struct/lct/input/lct_txt/NCT03863015.txt wurde erfolgreich geladen.
0
Die Daten wurden erfolgreich in '/work/eauten2s/ec_criteria_struct/lct/evaluate/eval_p1_2/model_output/Llama-3-70B-Instruct_0_shot_tmp_1/output/Llama-3-70B-Instruct_NCT03863015_0_shot.txt' gespeichert.
File: NCT03863067 

Das File: /work/eauten2s/ec_criteria_struct/lct/input/lct_txt/NCT03863067.txt wurde erfolgreich geladen.
0
Die Daten wurden erfolgreich in '/work/eauten2s/ec_criteria_struct/lct/evaluate/eval_p1_2/model_output/Llama-3-70B-Instruct_0_shot_tmp_1/output/Llama-3-70B-Instruct_NCT03863067_0_shot.txt' gespeichert.
File: NCT03863080 

Das File: /work/eauten2s/ec_criteria_struct/lct/input/lct_txt/NCT03863080.txt wurde erfolgreich geladen.
0
Die Daten wurden erfolgreich in '/work/eauten2s/ec_criteria_struct/lct/evaluate/eval_p1_2/model_output/Llama-3-70B-Instruct_0_shot_tmp_1/output/Llama-3-70B-Instruct_NCT03863080_0_shot.txt' gespeichert.
File: NCT03863158 

Das File: /work/eauten2s/ec_criteria_struct/lct/input/lct_txt/NCT03863158.txt wurde erfolgreich geladen.
0
Die Daten wurden erfolgreich in '/work/eauten2s/ec_criteria_struct/lct/evaluate/eval_p1_2/model_output/Llama-3-70B-Instruct_0_shot_tmp_1/output/Llama-3-70B-Instruct_NCT03863158_0_shot.txt' gespeichert.
File: NCT03863171 

Das File: /work/eauten2s/ec_criteria_struct/lct/input/lct_txt/NCT03863171.txt wurde erfolgreich geladen.
0
Die Daten wurden erfolgreich in '/work/eauten2s/ec_criteria_struct/lct/evaluate/eval_p1_2/model_output/Llama-3-70B-Instruct_0_shot_tmp_1/output/Llama-3-70B-Instruct_NCT03863171_0_shot.txt' gespeichert.
File: NCT03863197 

Das File: /work/eauten2s/ec_criteria_struct/lct/input/lct_txt/NCT03863197.txt wurde erfolgreich geladen.
0
Die Daten wurden erfolgreich in '/work/eauten2s/ec_criteria_struct/lct/evaluate/eval_p1_2/model_output/Llama-3-70B-Instruct_0_shot_tmp_1/output/Llama-3-70B-Instruct_NCT03863197_0_shot.txt' gespeichert.
File: NCT03863210 

Das File: /work/eauten2s/ec_criteria_struct/lct/input/lct_txt/NCT03863210.txt wurde erfolgreich geladen.
0
Die Daten wurden erfolgreich in '/work/eauten2s/ec_criteria_struct/lct/evaluate/eval_p1_2/model_output/Llama-3-70B-Instruct_0_shot_tmp_1/output/Llama-3-70B-Instruct_NCT03863210_0_shot.txt' gespeichert.
File: NCT03863223 

Das File: /work/eauten2s/ec_criteria_struct/lct/input/lct_txt/NCT03863223.txt wurde erfolgreich geladen.
0
Die Daten wurden erfolgreich in '/work/eauten2s/ec_criteria_struct/lct/evaluate/eval_p1_2/model_output/Llama-3-70B-Instruct_0_shot_tmp_1/output/Llama-3-70B-Instruct_NCT03863223_0_shot.txt' gespeichert.
File: NCT03863236 

Das File: /work/eauten2s/ec_criteria_struct/lct/input/lct_txt/NCT03863236.txt wurde erfolgreich geladen.
0
Die Daten wurden erfolgreich in '/work/eauten2s/ec_criteria_struct/lct/evaluate/eval_p1_2/model_output/Llama-3-70B-Instruct_0_shot_tmp_1/output/Llama-3-70B-Instruct_NCT03863236_0_shot.txt' gespeichert.
File: NCT03863249 

Das File: /work/eauten2s/ec_criteria_struct/lct/input/lct_txt/NCT03863249.txt wurde erfolgreich geladen.
0
Die Daten wurden erfolgreich in '/work/eauten2s/ec_criteria_struct/lct/evaluate/eval_p1_2/model_output/Llama-3-70B-Instruct_0_shot_tmp_1/output/Llama-3-70B-Instruct_NCT03863249_0_shot.txt' gespeichert.
File: NCT03863262 

Das File: /work/eauten2s/ec_criteria_struct/lct/input/lct_txt/NCT03863262.txt wurde erfolgreich geladen.
0
Die Daten wurden erfolgreich in '/work/eauten2s/ec_criteria_struct/lct/evaluate/eval_p1_2/model_output/Llama-3-70B-Instruct_0_shot_tmp_1/output/Llama-3-70B-Instruct_NCT03863262_0_shot.txt' gespeichert.
File: NCT03863275 

Das File: /work/eauten2s/ec_criteria_struct/lct/input/lct_txt/NCT03863275.txt wurde erfolgreich geladen.
0
Die Daten wurden erfolgreich in '/work/eauten2s/ec_criteria_struct/lct/evaluate/eval_p1_2/model_output/Llama-3-70B-Instruct_0_shot_tmp_1/output/Llama-3-70B-Instruct_NCT03863275_0_shot.txt' gespeichert.
File: NCT03863314 

Das File: /work/eauten2s/ec_criteria_struct/lct/input/lct_txt/NCT03863314.txt wurde erfolgreich geladen.
0
Die Daten wurden erfolgreich in '/work/eauten2s/ec_criteria_struct/lct/evaluate/eval_p1_2/model_output/Llama-3-70B-Instruct_0_shot_tmp_1/output/Llama-3-70B-Instruct_NCT03863314_0_shot.txt' gespeichert.
File: NCT03863327 

Das File: /work/eauten2s/ec_criteria_struct/lct/input/lct_txt/NCT03863327.txt wurde erfolgreich geladen.
0
Die Daten wurden erfolgreich in '/work/eauten2s/ec_criteria_struct/lct/evaluate/eval_p1_2/model_output/Llama-3-70B-Instruct_0_shot_tmp_1/output/Llama-3-70B-Instruct_NCT03863327_0_shot.txt' gespeichert.
File: NCT03863353 

Das File: /work/eauten2s/ec_criteria_struct/lct/input/lct_txt/NCT03863353.txt wurde erfolgreich geladen.
0
Die Daten wurden erfolgreich in '/work/eauten2s/ec_criteria_struct/lct/evaluate/eval_p1_2/model_output/Llama-3-70B-Instruct_0_shot_tmp_1/output/Llama-3-70B-Instruct_NCT03863353_0_shot.txt' gespeichert.
File: NCT03863366 

Das File: /work/eauten2s/ec_criteria_struct/lct/input/lct_txt/NCT03863366.txt wurde erfolgreich geladen.
0
Die Daten wurden erfolgreich in '/work/eauten2s/ec_criteria_struct/lct/evaluate/eval_p1_2/model_output/Llama-3-70B-Instruct_0_shot_tmp_1/output/Llama-3-70B-Instruct_NCT03863366_0_shot.txt' gespeichert.
File: NCT03863379 

Das File: /work/eauten2s/ec_criteria_struct/lct/input/lct_txt/NCT03863379.txt wurde erfolgreich geladen.
0
Die Daten wurden erfolgreich in '/work/eauten2s/ec_criteria_struct/lct/evaluate/eval_p1_2/model_output/Llama-3-70B-Instruct_0_shot_tmp_1/output/Llama-3-70B-Instruct_NCT03863379_0_shot.txt' gespeichert.
File: NCT03863392 

Das File: /work/eauten2s/ec_criteria_struct/lct/input/lct_txt/NCT03863392.txt wurde erfolgreich geladen.
0
Die Daten wurden erfolgreich in '/work/eauten2s/ec_criteria_struct/lct/evaluate/eval_p1_2/model_output/Llama-3-70B-Instruct_0_shot_tmp_1/output/Llama-3-70B-Instruct_NCT03863392_0_shot.txt' gespeichert.
File: NCT03863405 

Das File: /work/eauten2s/ec_criteria_struct/lct/input/lct_txt/NCT03863405.txt wurde erfolgreich geladen.
0
Die Daten wurden erfolgreich in '/work/eauten2s/ec_criteria_struct/lct/evaluate/eval_p1_2/model_output/Llama-3-70B-Instruct_0_shot_tmp_1/output/Llama-3-70B-Instruct_NCT03863405_0_shot.txt' gespeichert.
File: NCT03863418 

Das File: /work/eauten2s/ec_criteria_struct/lct/input/lct_txt/NCT03863418.txt wurde erfolgreich geladen.
0
Die Daten wurden erfolgreich in '/work/eauten2s/ec_criteria_struct/lct/evaluate/eval_p1_2/model_output/Llama-3-70B-Instruct_0_shot_tmp_1/output/Llama-3-70B-Instruct_NCT03863418_0_shot.txt' gespeichert.
File: NCT03863431 

Das File: /work/eauten2s/ec_criteria_struct/lct/input/lct_txt/NCT03863431.txt wurde erfolgreich geladen.
0
Die Daten wurden erfolgreich in '/work/eauten2s/ec_criteria_struct/lct/evaluate/eval_p1_2/model_output/Llama-3-70B-Instruct_0_shot_tmp_1/output/Llama-3-70B-Instruct_NCT03863431_0_shot.txt' gespeichert.
File: NCT03863444 

Das File: /work/eauten2s/ec_criteria_struct/lct/input/lct_txt/NCT03863444.txt wurde erfolgreich geladen.
0
Die Daten wurden erfolgreich in '/work/eauten2s/ec_criteria_struct/lct/evaluate/eval_p1_2/model_output/Llama-3-70B-Instruct_0_shot_tmp_1/output/Llama-3-70B-Instruct_NCT03863444_0_shot.txt' gespeichert.
File: NCT03863457 

Das File: /work/eauten2s/ec_criteria_struct/lct/input/lct_txt/NCT03863457.txt wurde erfolgreich geladen.
0
Die Daten wurden erfolgreich in '/work/eauten2s/ec_criteria_struct/lct/evaluate/eval_p1_2/model_output/Llama-3-70B-Instruct_0_shot_tmp_1/output/Llama-3-70B-Instruct_NCT03863457_0_shot.txt' gespeichert.
File: NCT03863470 

Das File: /work/eauten2s/ec_criteria_struct/lct/input/lct_txt/NCT03863470.txt wurde erfolgreich geladen.
0
Die Daten wurden erfolgreich in '/work/eauten2s/ec_criteria_struct/lct/evaluate/eval_p1_2/model_output/Llama-3-70B-Instruct_0_shot_tmp_1/output/Llama-3-70B-Instruct_NCT03863470_0_shot.txt' gespeichert.
File: NCT03863496 

Das File: /work/eauten2s/ec_criteria_struct/lct/input/lct_txt/NCT03863496.txt wurde erfolgreich geladen.
0
Die Daten wurden erfolgreich in '/work/eauten2s/ec_criteria_struct/lct/evaluate/eval_p1_2/model_output/Llama-3-70B-Instruct_0_shot_tmp_1/output/Llama-3-70B-Instruct_NCT03863496_0_shot.txt' gespeichert.
File: NCT03863509 

Das File: /work/eauten2s/ec_criteria_struct/lct/input/lct_txt/NCT03863509.txt wurde erfolgreich geladen.
0
Die Daten wurden erfolgreich in '/work/eauten2s/ec_criteria_struct/lct/evaluate/eval_p1_2/model_output/Llama-3-70B-Instruct_0_shot_tmp_1/output/Llama-3-70B-Instruct_NCT03863509_0_shot.txt' gespeichert.
File: NCT03863522 

Das File: /work/eauten2s/ec_criteria_struct/lct/input/lct_txt/NCT03863522.txt wurde erfolgreich geladen.
0
Die Daten wurden erfolgreich in '/work/eauten2s/ec_criteria_struct/lct/evaluate/eval_p1_2/model_output/Llama-3-70B-Instruct_0_shot_tmp_1/output/Llama-3-70B-Instruct_NCT03863522_0_shot.txt' gespeichert.
File: NCT03863535 

Das File: /work/eauten2s/ec_criteria_struct/lct/input/lct_txt/NCT03863535.txt wurde erfolgreich geladen.
0
Die Daten wurden erfolgreich in '/work/eauten2s/ec_criteria_struct/lct/evaluate/eval_p1_2/model_output/Llama-3-70B-Instruct_0_shot_tmp_1/output/Llama-3-70B-Instruct_NCT03863535_0_shot.txt' gespeichert.
File: NCT03863548 

Das File: /work/eauten2s/ec_criteria_struct/lct/input/lct_txt/NCT03863548.txt wurde erfolgreich geladen.
0
Die Daten wurden erfolgreich in '/work/eauten2s/ec_criteria_struct/lct/evaluate/eval_p1_2/model_output/Llama-3-70B-Instruct_0_shot_tmp_1/output/Llama-3-70B-Instruct_NCT03863548_0_shot.txt' gespeichert.
File: NCT03863561 

Das File: /work/eauten2s/ec_criteria_struct/lct/input/lct_txt/NCT03863561.txt wurde erfolgreich geladen.
0
Die Daten wurden erfolgreich in '/work/eauten2s/ec_criteria_struct/lct/evaluate/eval_p1_2/model_output/Llama-3-70B-Instruct_0_shot_tmp_1/output/Llama-3-70B-Instruct_NCT03863561_0_shot.txt' gespeichert.
File: NCT03863600 

Das File: /work/eauten2s/ec_criteria_struct/lct/input/lct_txt/NCT03863600.txt wurde erfolgreich geladen.
0
Die Daten wurden erfolgreich in '/work/eauten2s/ec_criteria_struct/lct/evaluate/eval_p1_2/model_output/Llama-3-70B-Instruct_0_shot_tmp_1/output/Llama-3-70B-Instruct_NCT03863600_0_shot.txt' gespeichert.
File: NCT03863613 

Das File: /work/eauten2s/ec_criteria_struct/lct/input/lct_txt/NCT03863613.txt wurde erfolgreich geladen.
0
Die Daten wurden erfolgreich in '/work/eauten2s/ec_criteria_struct/lct/evaluate/eval_p1_2/model_output/Llama-3-70B-Instruct_0_shot_tmp_1/output/Llama-3-70B-Instruct_NCT03863613_0_shot.txt' gespeichert.
File: NCT03863626 

Das File: /work/eauten2s/ec_criteria_struct/lct/input/lct_txt/NCT03863626.txt wurde erfolgreich geladen.
0
Die Daten wurden erfolgreich in '/work/eauten2s/ec_criteria_struct/lct/evaluate/eval_p1_2/model_output/Llama-3-70B-Instruct_0_shot_tmp_1/output/Llama-3-70B-Instruct_NCT03863626_0_shot.txt' gespeichert.
File: NCT03863639 

Das File: /work/eauten2s/ec_criteria_struct/lct/input/lct_txt/NCT03863639.txt wurde erfolgreich geladen.
0
Die Daten wurden erfolgreich in '/work/eauten2s/ec_criteria_struct/lct/evaluate/eval_p1_2/model_output/Llama-3-70B-Instruct_0_shot_tmp_1/output/Llama-3-70B-Instruct_NCT03863639_0_shot.txt' gespeichert.
File: NCT03863652 

Das File: /work/eauten2s/ec_criteria_struct/lct/input/lct_txt/NCT03863652.txt wurde erfolgreich geladen.
0
Die Daten wurden erfolgreich in '/work/eauten2s/ec_criteria_struct/lct/evaluate/eval_p1_2/model_output/Llama-3-70B-Instruct_0_shot_tmp_1/output/Llama-3-70B-Instruct_NCT03863652_0_shot.txt' gespeichert.
File: NCT03863678 

Das File: /work/eauten2s/ec_criteria_struct/lct/input/lct_txt/NCT03863678.txt wurde erfolgreich geladen.
0
Die Daten wurden erfolgreich in '/work/eauten2s/ec_criteria_struct/lct/evaluate/eval_p1_2/model_output/Llama-3-70B-Instruct_0_shot_tmp_1/output/Llama-3-70B-Instruct_NCT03863678_0_shot.txt' gespeichert.
File: NCT03863691 

Das File: /work/eauten2s/ec_criteria_struct/lct/input/lct_txt/NCT03863691.txt wurde erfolgreich geladen.
0
Die Daten wurden erfolgreich in '/work/eauten2s/ec_criteria_struct/lct/evaluate/eval_p1_2/model_output/Llama-3-70B-Instruct_0_shot_tmp_1/output/Llama-3-70B-Instruct_NCT03863691_0_shot.txt' gespeichert.
File: NCT03863717 

Das File: /work/eauten2s/ec_criteria_struct/lct/input/lct_txt/NCT03863717.txt wurde erfolgreich geladen.
0
Die Daten wurden erfolgreich in '/work/eauten2s/ec_criteria_struct/lct/evaluate/eval_p1_2/model_output/Llama-3-70B-Instruct_0_shot_tmp_1/output/Llama-3-70B-Instruct_NCT03863717_0_shot.txt' gespeichert.
File: NCT03863730 

Das File: /work/eauten2s/ec_criteria_struct/lct/input/lct_txt/NCT03863730.txt wurde erfolgreich geladen.
0
Die Daten wurden erfolgreich in '/work/eauten2s/ec_criteria_struct/lct/evaluate/eval_p1_2/model_output/Llama-3-70B-Instruct_0_shot_tmp_1/output/Llama-3-70B-Instruct_NCT03863730_0_shot.txt' gespeichert.
File: NCT03863743 

Das File: /work/eauten2s/ec_criteria_struct/lct/input/lct_txt/NCT03863743.txt wurde erfolgreich geladen.
0
Die Daten wurden erfolgreich in '/work/eauten2s/ec_criteria_struct/lct/evaluate/eval_p1_2/model_output/Llama-3-70B-Instruct_0_shot_tmp_1/output/Llama-3-70B-Instruct_NCT03863743_0_shot.txt' gespeichert.
File: NCT03863756 

Das File: /work/eauten2s/ec_criteria_struct/lct/input/lct_txt/NCT03863756.txt wurde erfolgreich geladen.
0
Die Daten wurden erfolgreich in '/work/eauten2s/ec_criteria_struct/lct/evaluate/eval_p1_2/model_output/Llama-3-70B-Instruct_0_shot_tmp_1/output/Llama-3-70B-Instruct_NCT03863756_0_shot.txt' gespeichert.
File: NCT03863769 

Das File: /work/eauten2s/ec_criteria_struct/lct/input/lct_txt/NCT03863769.txt wurde erfolgreich geladen.
0
Die Daten wurden erfolgreich in '/work/eauten2s/ec_criteria_struct/lct/evaluate/eval_p1_2/model_output/Llama-3-70B-Instruct_0_shot_tmp_1/output/Llama-3-70B-Instruct_NCT03863769_0_shot.txt' gespeichert.
File: NCT03863795 

Das File: /work/eauten2s/ec_criteria_struct/lct/input/lct_txt/NCT03863795.txt wurde erfolgreich geladen.
0
Die Daten wurden erfolgreich in '/work/eauten2s/ec_criteria_struct/lct/evaluate/eval_p1_2/model_output/Llama-3-70B-Instruct_0_shot_tmp_1/output/Llama-3-70B-Instruct_NCT03863795_0_shot.txt' gespeichert.
File: NCT03863821 

Das File: /work/eauten2s/ec_criteria_struct/lct/input/lct_txt/NCT03863821.txt wurde erfolgreich geladen.
0
Die Daten wurden erfolgreich in '/work/eauten2s/ec_criteria_struct/lct/evaluate/eval_p1_2/model_output/Llama-3-70B-Instruct_0_shot_tmp_1/output/Llama-3-70B-Instruct_NCT03863821_0_shot.txt' gespeichert.
File: NCT03863847 

Das File: /work/eauten2s/ec_criteria_struct/lct/input/lct_txt/NCT03863847.txt wurde erfolgreich geladen.
0
Die Daten wurden erfolgreich in '/work/eauten2s/ec_criteria_struct/lct/evaluate/eval_p1_2/model_output/Llama-3-70B-Instruct_0_shot_tmp_1/output/Llama-3-70B-Instruct_NCT03863847_0_shot.txt' gespeichert.
File: NCT03863860 

Das File: /work/eauten2s/ec_criteria_struct/lct/input/lct_txt/NCT03863860.txt wurde erfolgreich geladen.
0
Die Daten wurden erfolgreich in '/work/eauten2s/ec_criteria_struct/lct/evaluate/eval_p1_2/model_output/Llama-3-70B-Instruct_0_shot_tmp_1/output/Llama-3-70B-Instruct_NCT03863860_0_shot.txt' gespeichert.
File: NCT03863873 

Das File: /work/eauten2s/ec_criteria_struct/lct/input/lct_txt/NCT03863873.txt wurde erfolgreich geladen.
0
Die Daten wurden erfolgreich in '/work/eauten2s/ec_criteria_struct/lct/evaluate/eval_p1_2/model_output/Llama-3-70B-Instruct_0_shot_tmp_1/output/Llama-3-70B-Instruct_NCT03863873_0_shot.txt' gespeichert.
File: NCT03863886 

Das File: /work/eauten2s/ec_criteria_struct/lct/input/lct_txt/NCT03863886.txt wurde erfolgreich geladen.
0
Die Daten wurden erfolgreich in '/work/eauten2s/ec_criteria_struct/lct/evaluate/eval_p1_2/model_output/Llama-3-70B-Instruct_0_shot_tmp_1/output/Llama-3-70B-Instruct_NCT03863886_0_shot.txt' gespeichert.
File: NCT03863912 

Das File: /work/eauten2s/ec_criteria_struct/lct/input/lct_txt/NCT03863912.txt wurde erfolgreich geladen.
0
Die Daten wurden erfolgreich in '/work/eauten2s/ec_criteria_struct/lct/evaluate/eval_p1_2/model_output/Llama-3-70B-Instruct_0_shot_tmp_1/output/Llama-3-70B-Instruct_NCT03863912_0_shot.txt' gespeichert.
File: NCT03863925 

Das File: /work/eauten2s/ec_criteria_struct/lct/input/lct_txt/NCT03863925.txt wurde erfolgreich geladen.
0
Die Daten wurden erfolgreich in '/work/eauten2s/ec_criteria_struct/lct/evaluate/eval_p1_2/model_output/Llama-3-70B-Instruct_0_shot_tmp_1/output/Llama-3-70B-Instruct_NCT03863925_0_shot.txt' gespeichert.
File: NCT03863938 

Das File: /work/eauten2s/ec_criteria_struct/lct/input/lct_txt/NCT03863938.txt wurde erfolgreich geladen.
0
Die Daten wurden erfolgreich in '/work/eauten2s/ec_criteria_struct/lct/evaluate/eval_p1_2/model_output/Llama-3-70B-Instruct_0_shot_tmp_1/output/Llama-3-70B-Instruct_NCT03863938_0_shot.txt' gespeichert.
File: NCT03863951 

Das File: /work/eauten2s/ec_criteria_struct/lct/input/lct_txt/NCT03863951.txt wurde erfolgreich geladen.
0
Die Daten wurden erfolgreich in '/work/eauten2s/ec_criteria_struct/lct/evaluate/eval_p1_2/model_output/Llama-3-70B-Instruct_0_shot_tmp_1/output/Llama-3-70B-Instruct_NCT03863951_0_shot.txt' gespeichert.
File: NCT03863977 

Das File: /work/eauten2s/ec_criteria_struct/lct/input/lct_txt/NCT03863977.txt wurde erfolgreich geladen.
0
Die Daten wurden erfolgreich in '/work/eauten2s/ec_criteria_struct/lct/evaluate/eval_p1_2/model_output/Llama-3-70B-Instruct_0_shot_tmp_1/output/Llama-3-70B-Instruct_NCT03863977_0_shot.txt' gespeichert.
File: NCT03864003 

Das File: /work/eauten2s/ec_criteria_struct/lct/input/lct_txt/NCT03864003.txt wurde erfolgreich geladen.
0
Die Daten wurden erfolgreich in '/work/eauten2s/ec_criteria_struct/lct/evaluate/eval_p1_2/model_output/Llama-3-70B-Instruct_0_shot_tmp_1/output/Llama-3-70B-Instruct_NCT03864003_0_shot.txt' gespeichert.
File: NCT03864016 

Das File: /work/eauten2s/ec_criteria_struct/lct/input/lct_txt/NCT03864016.txt wurde erfolgreich geladen.
0
Die Daten wurden erfolgreich in '/work/eauten2s/ec_criteria_struct/lct/evaluate/eval_p1_2/model_output/Llama-3-70B-Instruct_0_shot_tmp_1/output/Llama-3-70B-Instruct_NCT03864016_0_shot.txt' gespeichert.
File: NCT03864029 

Das File: /work/eauten2s/ec_criteria_struct/lct/input/lct_txt/NCT03864029.txt wurde erfolgreich geladen.
0
Die Daten wurden erfolgreich in '/work/eauten2s/ec_criteria_struct/lct/evaluate/eval_p1_2/model_output/Llama-3-70B-Instruct_0_shot_tmp_1/output/Llama-3-70B-Instruct_NCT03864029_0_shot.txt' gespeichert.
File: NCT03864055 

Das File: /work/eauten2s/ec_criteria_struct/lct/input/lct_txt/NCT03864055.txt wurde erfolgreich geladen.
0
Die Daten wurden erfolgreich in '/work/eauten2s/ec_criteria_struct/lct/evaluate/eval_p1_2/model_output/Llama-3-70B-Instruct_0_shot_tmp_1/output/Llama-3-70B-Instruct_NCT03864055_0_shot.txt' gespeichert.
File: NCT03864068 

Das File: /work/eauten2s/ec_criteria_struct/lct/input/lct_txt/NCT03864068.txt wurde erfolgreich geladen.
0
Die Daten wurden erfolgreich in '/work/eauten2s/ec_criteria_struct/lct/evaluate/eval_p1_2/model_output/Llama-3-70B-Instruct_0_shot_tmp_1/output/Llama-3-70B-Instruct_NCT03864068_0_shot.txt' gespeichert.
File: NCT03864094 

Das File: /work/eauten2s/ec_criteria_struct/lct/input/lct_txt/NCT03864094.txt wurde erfolgreich geladen.
0
Die Daten wurden erfolgreich in '/work/eauten2s/ec_criteria_struct/lct/evaluate/eval_p1_2/model_output/Llama-3-70B-Instruct_0_shot_tmp_1/output/Llama-3-70B-Instruct_NCT03864094_0_shot.txt' gespeichert.
File: NCT03864107 

Das File: /work/eauten2s/ec_criteria_struct/lct/input/lct_txt/NCT03864107.txt wurde erfolgreich geladen.
0
Die Daten wurden erfolgreich in '/work/eauten2s/ec_criteria_struct/lct/evaluate/eval_p1_2/model_output/Llama-3-70B-Instruct_0_shot_tmp_1/output/Llama-3-70B-Instruct_NCT03864107_0_shot.txt' gespeichert.
File: NCT03864120 

Das File: /work/eauten2s/ec_criteria_struct/lct/input/lct_txt/NCT03864120.txt wurde erfolgreich geladen.
0
Die Daten wurden erfolgreich in '/work/eauten2s/ec_criteria_struct/lct/evaluate/eval_p1_2/model_output/Llama-3-70B-Instruct_0_shot_tmp_1/output/Llama-3-70B-Instruct_NCT03864120_0_shot.txt' gespeichert.
File: NCT03864133 

Das File: /work/eauten2s/ec_criteria_struct/lct/input/lct_txt/NCT03864133.txt wurde erfolgreich geladen.
0
Die Daten wurden erfolgreich in '/work/eauten2s/ec_criteria_struct/lct/evaluate/eval_p1_2/model_output/Llama-3-70B-Instruct_0_shot_tmp_1/output/Llama-3-70B-Instruct_NCT03864133_0_shot.txt' gespeichert.
File: NCT03864159 

Das File: /work/eauten2s/ec_criteria_struct/lct/input/lct_txt/NCT03864159.txt wurde erfolgreich geladen.
0
Die Daten wurden erfolgreich in '/work/eauten2s/ec_criteria_struct/lct/evaluate/eval_p1_2/model_output/Llama-3-70B-Instruct_0_shot_tmp_1/output/Llama-3-70B-Instruct_NCT03864159_0_shot.txt' gespeichert.
File: NCT03864172 

Das File: /work/eauten2s/ec_criteria_struct/lct/input/lct_txt/NCT03864172.txt wurde erfolgreich geladen.
0
Die Daten wurden erfolgreich in '/work/eauten2s/ec_criteria_struct/lct/evaluate/eval_p1_2/model_output/Llama-3-70B-Instruct_0_shot_tmp_1/output/Llama-3-70B-Instruct_NCT03864172_0_shot.txt' gespeichert.
File: NCT03864198 

Das File: /work/eauten2s/ec_criteria_struct/lct/input/lct_txt/NCT03864198.txt wurde erfolgreich geladen.
0
Die Daten wurden erfolgreich in '/work/eauten2s/ec_criteria_struct/lct/evaluate/eval_p1_2/model_output/Llama-3-70B-Instruct_0_shot_tmp_1/output/Llama-3-70B-Instruct_NCT03864198_0_shot.txt' gespeichert.
File: NCT03864224 

Das File: /work/eauten2s/ec_criteria_struct/lct/input/lct_txt/NCT03864224.txt wurde erfolgreich geladen.
0
Die Daten wurden erfolgreich in '/work/eauten2s/ec_criteria_struct/lct/evaluate/eval_p1_2/model_output/Llama-3-70B-Instruct_0_shot_tmp_1/output/Llama-3-70B-Instruct_NCT03864224_0_shot.txt' gespeichert.
File: NCT03864263 

Das File: /work/eauten2s/ec_criteria_struct/lct/input/lct_txt/NCT03864263.txt wurde erfolgreich geladen.
0
Die Daten wurden erfolgreich in '/work/eauten2s/ec_criteria_struct/lct/evaluate/eval_p1_2/model_output/Llama-3-70B-Instruct_0_shot_tmp_1/output/Llama-3-70B-Instruct_NCT03864263_0_shot.txt' gespeichert.
File: NCT03864276 

Das File: /work/eauten2s/ec_criteria_struct/lct/input/lct_txt/NCT03864276.txt wurde erfolgreich geladen.
0
Die Daten wurden erfolgreich in '/work/eauten2s/ec_criteria_struct/lct/evaluate/eval_p1_2/model_output/Llama-3-70B-Instruct_0_shot_tmp_1/output/Llama-3-70B-Instruct_NCT03864276_0_shot.txt' gespeichert.
File: NCT03864289 

Das File: /work/eauten2s/ec_criteria_struct/lct/input/lct_txt/NCT03864289.txt wurde erfolgreich geladen.
0
Die Daten wurden erfolgreich in '/work/eauten2s/ec_criteria_struct/lct/evaluate/eval_p1_2/model_output/Llama-3-70B-Instruct_0_shot_tmp_1/output/Llama-3-70B-Instruct_NCT03864289_0_shot.txt' gespeichert.
File: NCT03864302 

Das File: /work/eauten2s/ec_criteria_struct/lct/input/lct_txt/NCT03864302.txt wurde erfolgreich geladen.
0
Die Daten wurden erfolgreich in '/work/eauten2s/ec_criteria_struct/lct/evaluate/eval_p1_2/model_output/Llama-3-70B-Instruct_0_shot_tmp_1/output/Llama-3-70B-Instruct_NCT03864302_0_shot.txt' gespeichert.
File: NCT03864315 

Das File: /work/eauten2s/ec_criteria_struct/lct/input/lct_txt/NCT03864315.txt wurde erfolgreich geladen.
0
Die Daten wurden erfolgreich in '/work/eauten2s/ec_criteria_struct/lct/evaluate/eval_p1_2/model_output/Llama-3-70B-Instruct_0_shot_tmp_1/output/Llama-3-70B-Instruct_NCT03864315_0_shot.txt' gespeichert.
File: NCT03864341 

Das File: /work/eauten2s/ec_criteria_struct/lct/input/lct_txt/NCT03864341.txt wurde erfolgreich geladen.
0
Die Daten wurden erfolgreich in '/work/eauten2s/ec_criteria_struct/lct/evaluate/eval_p1_2/model_output/Llama-3-70B-Instruct_0_shot_tmp_1/output/Llama-3-70B-Instruct_NCT03864341_0_shot.txt' gespeichert.
File: NCT03864354 

Das File: /work/eauten2s/ec_criteria_struct/lct/input/lct_txt/NCT03864354.txt wurde erfolgreich geladen.
0
Die Daten wurden erfolgreich in '/work/eauten2s/ec_criteria_struct/lct/evaluate/eval_p1_2/model_output/Llama-3-70B-Instruct_0_shot_tmp_1/output/Llama-3-70B-Instruct_NCT03864354_0_shot.txt' gespeichert.
File: NCT03864367 

Das File: /work/eauten2s/ec_criteria_struct/lct/input/lct_txt/NCT03864367.txt wurde erfolgreich geladen.
0
Die Daten wurden erfolgreich in '/work/eauten2s/ec_criteria_struct/lct/evaluate/eval_p1_2/model_output/Llama-3-70B-Instruct_0_shot_tmp_1/output/Llama-3-70B-Instruct_NCT03864367_0_shot.txt' gespeichert.
File: NCT03864380 

Das File: /work/eauten2s/ec_criteria_struct/lct/input/lct_txt/NCT03864380.txt wurde erfolgreich geladen.
0
Die Daten wurden erfolgreich in '/work/eauten2s/ec_criteria_struct/lct/evaluate/eval_p1_2/model_output/Llama-3-70B-Instruct_0_shot_tmp_1/output/Llama-3-70B-Instruct_NCT03864380_0_shot.txt' gespeichert.
File: NCT03864393 

Das File: /work/eauten2s/ec_criteria_struct/lct/input/lct_txt/NCT03864393.txt wurde erfolgreich geladen.
0
Die Daten wurden erfolgreich in '/work/eauten2s/ec_criteria_struct/lct/evaluate/eval_p1_2/model_output/Llama-3-70B-Instruct_0_shot_tmp_1/output/Llama-3-70B-Instruct_NCT03864393_0_shot.txt' gespeichert.
File: NCT03864432 

Das File: /work/eauten2s/ec_criteria_struct/lct/input/lct_txt/NCT03864432.txt wurde erfolgreich geladen.
0
Die Daten wurden erfolgreich in '/work/eauten2s/ec_criteria_struct/lct/evaluate/eval_p1_2/model_output/Llama-3-70B-Instruct_0_shot_tmp_1/output/Llama-3-70B-Instruct_NCT03864432_0_shot.txt' gespeichert.
File: NCT03864471 

Das File: /work/eauten2s/ec_criteria_struct/lct/input/lct_txt/NCT03864471.txt wurde erfolgreich geladen.
0
Die Daten wurden erfolgreich in '/work/eauten2s/ec_criteria_struct/lct/evaluate/eval_p1_2/model_output/Llama-3-70B-Instruct_0_shot_tmp_1/output/Llama-3-70B-Instruct_NCT03864471_0_shot.txt' gespeichert.
File: NCT03864484 

Das File: /work/eauten2s/ec_criteria_struct/lct/input/lct_txt/NCT03864484.txt wurde erfolgreich geladen.
0
Die Daten wurden erfolgreich in '/work/eauten2s/ec_criteria_struct/lct/evaluate/eval_p1_2/model_output/Llama-3-70B-Instruct_0_shot_tmp_1/output/Llama-3-70B-Instruct_NCT03864484_0_shot.txt' gespeichert.
File: NCT03864497 

Das File: /work/eauten2s/ec_criteria_struct/lct/input/lct_txt/NCT03864497.txt wurde erfolgreich geladen.
0
Die Daten wurden erfolgreich in '/work/eauten2s/ec_criteria_struct/lct/evaluate/eval_p1_2/model_output/Llama-3-70B-Instruct_0_shot_tmp_1/output/Llama-3-70B-Instruct_NCT03864497_0_shot.txt' gespeichert.
File: NCT03864510 

Das File: /work/eauten2s/ec_criteria_struct/lct/input/lct_txt/NCT03864510.txt wurde erfolgreich geladen.
0
Die Daten wurden erfolgreich in '/work/eauten2s/ec_criteria_struct/lct/evaluate/eval_p1_2/model_output/Llama-3-70B-Instruct_0_shot_tmp_1/output/Llama-3-70B-Instruct_NCT03864510_0_shot.txt' gespeichert.
File: NCT03864536 

Das File: /work/eauten2s/ec_criteria_struct/lct/input/lct_txt/NCT03864536.txt wurde erfolgreich geladen.
0
Die Daten wurden erfolgreich in '/work/eauten2s/ec_criteria_struct/lct/evaluate/eval_p1_2/model_output/Llama-3-70B-Instruct_0_shot_tmp_1/output/Llama-3-70B-Instruct_NCT03864536_0_shot.txt' gespeichert.
File: NCT03864549 

Das File: /work/eauten2s/ec_criteria_struct/lct/input/lct_txt/NCT03864549.txt wurde erfolgreich geladen.
0
Die Daten wurden erfolgreich in '/work/eauten2s/ec_criteria_struct/lct/evaluate/eval_p1_2/model_output/Llama-3-70B-Instruct_0_shot_tmp_1/output/Llama-3-70B-Instruct_NCT03864549_0_shot.txt' gespeichert.
File: NCT03864562 

Das File: /work/eauten2s/ec_criteria_struct/lct/input/lct_txt/NCT03864562.txt wurde erfolgreich geladen.
0
Die Daten wurden erfolgreich in '/work/eauten2s/ec_criteria_struct/lct/evaluate/eval_p1_2/model_output/Llama-3-70B-Instruct_0_shot_tmp_1/output/Llama-3-70B-Instruct_NCT03864562_0_shot.txt' gespeichert.
File: NCT03864614 

Das File: /work/eauten2s/ec_criteria_struct/lct/input/lct_txt/NCT03864614.txt wurde erfolgreich geladen.
0
Die Daten wurden erfolgreich in '/work/eauten2s/ec_criteria_struct/lct/evaluate/eval_p1_2/model_output/Llama-3-70B-Instruct_0_shot_tmp_1/output/Llama-3-70B-Instruct_NCT03864614_0_shot.txt' gespeichert.
File: NCT03864640 

Das File: /work/eauten2s/ec_criteria_struct/lct/input/lct_txt/NCT03864640.txt wurde erfolgreich geladen.
0
Die Daten wurden erfolgreich in '/work/eauten2s/ec_criteria_struct/lct/evaluate/eval_p1_2/model_output/Llama-3-70B-Instruct_0_shot_tmp_1/output/Llama-3-70B-Instruct_NCT03864640_0_shot.txt' gespeichert.
File: NCT03864653 

Das File: /work/eauten2s/ec_criteria_struct/lct/input/lct_txt/NCT03864653.txt wurde erfolgreich geladen.
0
Die Daten wurden erfolgreich in '/work/eauten2s/ec_criteria_struct/lct/evaluate/eval_p1_2/model_output/Llama-3-70B-Instruct_0_shot_tmp_1/output/Llama-3-70B-Instruct_NCT03864653_0_shot.txt' gespeichert.
File: NCT03864692 

Das File: /work/eauten2s/ec_criteria_struct/lct/input/lct_txt/NCT03864692.txt wurde erfolgreich geladen.
0
Die Daten wurden erfolgreich in '/work/eauten2s/ec_criteria_struct/lct/evaluate/eval_p1_2/model_output/Llama-3-70B-Instruct_0_shot_tmp_1/output/Llama-3-70B-Instruct_NCT03864692_0_shot.txt' gespeichert.
File: NCT03864705 

Das File: /work/eauten2s/ec_criteria_struct/lct/input/lct_txt/NCT03864705.txt wurde erfolgreich geladen.
0
Die Daten wurden erfolgreich in '/work/eauten2s/ec_criteria_struct/lct/evaluate/eval_p1_2/model_output/Llama-3-70B-Instruct_0_shot_tmp_1/output/Llama-3-70B-Instruct_NCT03864705_0_shot.txt' gespeichert.
File: NCT03864718 

Das File: /work/eauten2s/ec_criteria_struct/lct/input/lct_txt/NCT03864718.txt wurde erfolgreich geladen.
0
Die Daten wurden erfolgreich in '/work/eauten2s/ec_criteria_struct/lct/evaluate/eval_p1_2/model_output/Llama-3-70B-Instruct_0_shot_tmp_1/output/Llama-3-70B-Instruct_NCT03864718_0_shot.txt' gespeichert.
File: NCT03864731 

Das File: /work/eauten2s/ec_criteria_struct/lct/input/lct_txt/NCT03864731.txt wurde erfolgreich geladen.
0
Die Daten wurden erfolgreich in '/work/eauten2s/ec_criteria_struct/lct/evaluate/eval_p1_2/model_output/Llama-3-70B-Instruct_0_shot_tmp_1/output/Llama-3-70B-Instruct_NCT03864731_0_shot.txt' gespeichert.
File: NCT03864744 

Das File: /work/eauten2s/ec_criteria_struct/lct/input/lct_txt/NCT03864744.txt wurde erfolgreich geladen.
0
Die Daten wurden erfolgreich in '/work/eauten2s/ec_criteria_struct/lct/evaluate/eval_p1_2/model_output/Llama-3-70B-Instruct_0_shot_tmp_1/output/Llama-3-70B-Instruct_NCT03864744_0_shot.txt' gespeichert.
File: NCT03864757 

Das File: /work/eauten2s/ec_criteria_struct/lct/input/lct_txt/NCT03864757.txt wurde erfolgreich geladen.
0
Die Daten wurden erfolgreich in '/work/eauten2s/ec_criteria_struct/lct/evaluate/eval_p1_2/model_output/Llama-3-70B-Instruct_0_shot_tmp_1/output/Llama-3-70B-Instruct_NCT03864757_0_shot.txt' gespeichert.
File: NCT03864770 

Das File: /work/eauten2s/ec_criteria_struct/lct/input/lct_txt/NCT03864770.txt wurde erfolgreich geladen.
0
Die Daten wurden erfolgreich in '/work/eauten2s/ec_criteria_struct/lct/evaluate/eval_p1_2/model_output/Llama-3-70B-Instruct_0_shot_tmp_1/output/Llama-3-70B-Instruct_NCT03864770_0_shot.txt' gespeichert.
File: NCT03864796 

Das File: /work/eauten2s/ec_criteria_struct/lct/input/lct_txt/NCT03864796.txt wurde erfolgreich geladen.
0
Die Daten wurden erfolgreich in '/work/eauten2s/ec_criteria_struct/lct/evaluate/eval_p1_2/model_output/Llama-3-70B-Instruct_0_shot_tmp_1/output/Llama-3-70B-Instruct_NCT03864796_0_shot.txt' gespeichert.
File: NCT03864809 

Das File: /work/eauten2s/ec_criteria_struct/lct/input/lct_txt/NCT03864809.txt wurde erfolgreich geladen.
0
Die Daten wurden erfolgreich in '/work/eauten2s/ec_criteria_struct/lct/evaluate/eval_p1_2/model_output/Llama-3-70B-Instruct_0_shot_tmp_1/output/Llama-3-70B-Instruct_NCT03864809_0_shot.txt' gespeichert.
File: NCT03864822 

Das File: /work/eauten2s/ec_criteria_struct/lct/input/lct_txt/NCT03864822.txt wurde erfolgreich geladen.
0
Die Daten wurden erfolgreich in '/work/eauten2s/ec_criteria_struct/lct/evaluate/eval_p1_2/model_output/Llama-3-70B-Instruct_0_shot_tmp_1/output/Llama-3-70B-Instruct_NCT03864822_0_shot.txt' gespeichert.
File: NCT03864835 

Das File: /work/eauten2s/ec_criteria_struct/lct/input/lct_txt/NCT03864835.txt wurde erfolgreich geladen.
0
Die Daten wurden erfolgreich in '/work/eauten2s/ec_criteria_struct/lct/evaluate/eval_p1_2/model_output/Llama-3-70B-Instruct_0_shot_tmp_1/output/Llama-3-70B-Instruct_NCT03864835_0_shot.txt' gespeichert.
File: NCT03864861 

Das File: /work/eauten2s/ec_criteria_struct/lct/input/lct_txt/NCT03864861.txt wurde erfolgreich geladen.
0
Die Daten wurden erfolgreich in '/work/eauten2s/ec_criteria_struct/lct/evaluate/eval_p1_2/model_output/Llama-3-70B-Instruct_0_shot_tmp_1/output/Llama-3-70B-Instruct_NCT03864861_0_shot.txt' gespeichert.
File: NCT03864874 

Das File: /work/eauten2s/ec_criteria_struct/lct/input/lct_txt/NCT03864874.txt wurde erfolgreich geladen.
0
Die Daten wurden erfolgreich in '/work/eauten2s/ec_criteria_struct/lct/evaluate/eval_p1_2/model_output/Llama-3-70B-Instruct_0_shot_tmp_1/output/Llama-3-70B-Instruct_NCT03864874_0_shot.txt' gespeichert.
File: NCT03864887 

Das File: /work/eauten2s/ec_criteria_struct/lct/input/lct_txt/NCT03864887.txt wurde erfolgreich geladen.
0
Die Daten wurden erfolgreich in '/work/eauten2s/ec_criteria_struct/lct/evaluate/eval_p1_2/model_output/Llama-3-70B-Instruct_0_shot_tmp_1/output/Llama-3-70B-Instruct_NCT03864887_0_shot.txt' gespeichert.
File: NCT03864900 

Das File: /work/eauten2s/ec_criteria_struct/lct/input/lct_txt/NCT03864900.txt wurde erfolgreich geladen.
0
Die Daten wurden erfolgreich in '/work/eauten2s/ec_criteria_struct/lct/evaluate/eval_p1_2/model_output/Llama-3-70B-Instruct_0_shot_tmp_1/output/Llama-3-70B-Instruct_NCT03864900_0_shot.txt' gespeichert.
File: NCT03864913 

Das File: /work/eauten2s/ec_criteria_struct/lct/input/lct_txt/NCT03864913.txt wurde erfolgreich geladen.
0
Die Daten wurden erfolgreich in '/work/eauten2s/ec_criteria_struct/lct/evaluate/eval_p1_2/model_output/Llama-3-70B-Instruct_0_shot_tmp_1/output/Llama-3-70B-Instruct_NCT03864913_0_shot.txt' gespeichert.
File: NCT03864939 

Das File: /work/eauten2s/ec_criteria_struct/lct/input/lct_txt/NCT03864939.txt wurde erfolgreich geladen.
0
Die Daten wurden erfolgreich in '/work/eauten2s/ec_criteria_struct/lct/evaluate/eval_p1_2/model_output/Llama-3-70B-Instruct_0_shot_tmp_1/output/Llama-3-70B-Instruct_NCT03864939_0_shot.txt' gespeichert.
File: NCT03864952 

Das File: /work/eauten2s/ec_criteria_struct/lct/input/lct_txt/NCT03864952.txt wurde erfolgreich geladen.
0
Die Daten wurden erfolgreich in '/work/eauten2s/ec_criteria_struct/lct/evaluate/eval_p1_2/model_output/Llama-3-70B-Instruct_0_shot_tmp_1/output/Llama-3-70B-Instruct_NCT03864952_0_shot.txt' gespeichert.
File: NCT03864965 

Das File: /work/eauten2s/ec_criteria_struct/lct/input/lct_txt/NCT03864965.txt wurde erfolgreich geladen.
0
Die Daten wurden erfolgreich in '/work/eauten2s/ec_criteria_struct/lct/evaluate/eval_p1_2/model_output/Llama-3-70B-Instruct_0_shot_tmp_1/output/Llama-3-70B-Instruct_NCT03864965_0_shot.txt' gespeichert.
File: NCT03864991 

Das File: /work/eauten2s/ec_criteria_struct/lct/input/lct_txt/NCT03864991.txt wurde erfolgreich geladen.
0
Die Daten wurden erfolgreich in '/work/eauten2s/ec_criteria_struct/lct/evaluate/eval_p1_2/model_output/Llama-3-70B-Instruct_0_shot_tmp_1/output/Llama-3-70B-Instruct_NCT03864991_0_shot.txt' gespeichert.
File: NCT03865004 

Das File: /work/eauten2s/ec_criteria_struct/lct/input/lct_txt/NCT03865004.txt wurde erfolgreich geladen.
0
Die Daten wurden erfolgreich in '/work/eauten2s/ec_criteria_struct/lct/evaluate/eval_p1_2/model_output/Llama-3-70B-Instruct_0_shot_tmp_1/output/Llama-3-70B-Instruct_NCT03865004_0_shot.txt' gespeichert.
File: NCT03865030 

Das File: /work/eauten2s/ec_criteria_struct/lct/input/lct_txt/NCT03865030.txt wurde erfolgreich geladen.
0
Die Daten wurden erfolgreich in '/work/eauten2s/ec_criteria_struct/lct/evaluate/eval_p1_2/model_output/Llama-3-70B-Instruct_0_shot_tmp_1/output/Llama-3-70B-Instruct_NCT03865030_0_shot.txt' gespeichert.
File: NCT03865043 

Das File: /work/eauten2s/ec_criteria_struct/lct/input/lct_txt/NCT03865043.txt wurde erfolgreich geladen.
0
Die Daten wurden erfolgreich in '/work/eauten2s/ec_criteria_struct/lct/evaluate/eval_p1_2/model_output/Llama-3-70B-Instruct_0_shot_tmp_1/output/Llama-3-70B-Instruct_NCT03865043_0_shot.txt' gespeichert.
File: NCT03865056 

Das File: /work/eauten2s/ec_criteria_struct/lct/input/lct_txt/NCT03865056.txt wurde erfolgreich geladen.
0
Die Daten wurden erfolgreich in '/work/eauten2s/ec_criteria_struct/lct/evaluate/eval_p1_2/model_output/Llama-3-70B-Instruct_0_shot_tmp_1/output/Llama-3-70B-Instruct_NCT03865056_0_shot.txt' gespeichert.
File: NCT03865095 

Das File: /work/eauten2s/ec_criteria_struct/lct/input/lct_txt/NCT03865095.txt wurde erfolgreich geladen.
0
Die Daten wurden erfolgreich in '/work/eauten2s/ec_criteria_struct/lct/evaluate/eval_p1_2/model_output/Llama-3-70B-Instruct_0_shot_tmp_1/output/Llama-3-70B-Instruct_NCT03865095_0_shot.txt' gespeichert.
File: NCT03865108 

Das File: /work/eauten2s/ec_criteria_struct/lct/input/lct_txt/NCT03865108.txt wurde erfolgreich geladen.
0
Die Daten wurden erfolgreich in '/work/eauten2s/ec_criteria_struct/lct/evaluate/eval_p1_2/model_output/Llama-3-70B-Instruct_0_shot_tmp_1/output/Llama-3-70B-Instruct_NCT03865108_0_shot.txt' gespeichert.
File: NCT03865121 

Das File: /work/eauten2s/ec_criteria_struct/lct/input/lct_txt/NCT03865121.txt wurde erfolgreich geladen.
0
Die Daten wurden erfolgreich in '/work/eauten2s/ec_criteria_struct/lct/evaluate/eval_p1_2/model_output/Llama-3-70B-Instruct_0_shot_tmp_1/output/Llama-3-70B-Instruct_NCT03865121_0_shot.txt' gespeichert.
File: NCT03865134 

Das File: /work/eauten2s/ec_criteria_struct/lct/input/lct_txt/NCT03865134.txt wurde erfolgreich geladen.
0
Die Daten wurden erfolgreich in '/work/eauten2s/ec_criteria_struct/lct/evaluate/eval_p1_2/model_output/Llama-3-70B-Instruct_0_shot_tmp_1/output/Llama-3-70B-Instruct_NCT03865134_0_shot.txt' gespeichert.
File: NCT03865160 

Das File: /work/eauten2s/ec_criteria_struct/lct/input/lct_txt/NCT03865160.txt wurde erfolgreich geladen.
0
Die Daten wurden erfolgreich in '/work/eauten2s/ec_criteria_struct/lct/evaluate/eval_p1_2/model_output/Llama-3-70B-Instruct_0_shot_tmp_1/output/Llama-3-70B-Instruct_NCT03865160_0_shot.txt' gespeichert.
File: NCT03865173 

Das File: /work/eauten2s/ec_criteria_struct/lct/input/lct_txt/NCT03865173.txt wurde erfolgreich geladen.
0
Die Daten wurden erfolgreich in '/work/eauten2s/ec_criteria_struct/lct/evaluate/eval_p1_2/model_output/Llama-3-70B-Instruct_0_shot_tmp_1/output/Llama-3-70B-Instruct_NCT03865173_0_shot.txt' gespeichert.
File: NCT03865186 

Das File: /work/eauten2s/ec_criteria_struct/lct/input/lct_txt/NCT03865186.txt wurde erfolgreich geladen.
0
Die Daten wurden erfolgreich in '/work/eauten2s/ec_criteria_struct/lct/evaluate/eval_p1_2/model_output/Llama-3-70B-Instruct_0_shot_tmp_1/output/Llama-3-70B-Instruct_NCT03865186_0_shot.txt' gespeichert.
File: NCT03865199 

Das File: /work/eauten2s/ec_criteria_struct/lct/input/lct_txt/NCT03865199.txt wurde erfolgreich geladen.
0
Die Daten wurden erfolgreich in '/work/eauten2s/ec_criteria_struct/lct/evaluate/eval_p1_2/model_output/Llama-3-70B-Instruct_0_shot_tmp_1/output/Llama-3-70B-Instruct_NCT03865199_0_shot.txt' gespeichert.
File: NCT03865225 

Das File: /work/eauten2s/ec_criteria_struct/lct/input/lct_txt/NCT03865225.txt wurde erfolgreich geladen.
0
Die Daten wurden erfolgreich in '/work/eauten2s/ec_criteria_struct/lct/evaluate/eval_p1_2/model_output/Llama-3-70B-Instruct_0_shot_tmp_1/output/Llama-3-70B-Instruct_NCT03865225_0_shot.txt' gespeichert.
File: NCT03865251 

Das File: /work/eauten2s/ec_criteria_struct/lct/input/lct_txt/NCT03865251.txt wurde erfolgreich geladen.
0
Die Daten wurden erfolgreich in '/work/eauten2s/ec_criteria_struct/lct/evaluate/eval_p1_2/model_output/Llama-3-70B-Instruct_0_shot_tmp_1/output/Llama-3-70B-Instruct_NCT03865251_0_shot.txt' gespeichert.
File: NCT03865277 

Das File: /work/eauten2s/ec_criteria_struct/lct/input/lct_txt/NCT03865277.txt wurde erfolgreich geladen.
0
Die Daten wurden erfolgreich in '/work/eauten2s/ec_criteria_struct/lct/evaluate/eval_p1_2/model_output/Llama-3-70B-Instruct_0_shot_tmp_1/output/Llama-3-70B-Instruct_NCT03865277_0_shot.txt' gespeichert.
File: NCT03865303 

Das File: /work/eauten2s/ec_criteria_struct/lct/input/lct_txt/NCT03865303.txt wurde erfolgreich geladen.
0
Die Daten wurden erfolgreich in '/work/eauten2s/ec_criteria_struct/lct/evaluate/eval_p1_2/model_output/Llama-3-70B-Instruct_0_shot_tmp_1/output/Llama-3-70B-Instruct_NCT03865303_0_shot.txt' gespeichert.
File: NCT03865316 

Das File: /work/eauten2s/ec_criteria_struct/lct/input/lct_txt/NCT03865316.txt wurde erfolgreich geladen.
0
Die Daten wurden erfolgreich in '/work/eauten2s/ec_criteria_struct/lct/evaluate/eval_p1_2/model_output/Llama-3-70B-Instruct_0_shot_tmp_1/output/Llama-3-70B-Instruct_NCT03865316_0_shot.txt' gespeichert.
File: NCT03865329 

Das File: /work/eauten2s/ec_criteria_struct/lct/input/lct_txt/NCT03865329.txt wurde erfolgreich geladen.
0
Die Daten wurden erfolgreich in '/work/eauten2s/ec_criteria_struct/lct/evaluate/eval_p1_2/model_output/Llama-3-70B-Instruct_0_shot_tmp_1/output/Llama-3-70B-Instruct_NCT03865329_0_shot.txt' gespeichert.
File: NCT03865342 

Das File: /work/eauten2s/ec_criteria_struct/lct/input/lct_txt/NCT03865342.txt wurde erfolgreich geladen.
0
Die Daten wurden erfolgreich in '/work/eauten2s/ec_criteria_struct/lct/evaluate/eval_p1_2/model_output/Llama-3-70B-Instruct_0_shot_tmp_1/output/Llama-3-70B-Instruct_NCT03865342_0_shot.txt' gespeichert.
File: NCT03865355 

Das File: /work/eauten2s/ec_criteria_struct/lct/input/lct_txt/NCT03865355.txt wurde erfolgreich geladen.
0
Die Daten wurden erfolgreich in '/work/eauten2s/ec_criteria_struct/lct/evaluate/eval_p1_2/model_output/Llama-3-70B-Instruct_0_shot_tmp_1/output/Llama-3-70B-Instruct_NCT03865355_0_shot.txt' gespeichert.
File: NCT03865368 

Das File: /work/eauten2s/ec_criteria_struct/lct/input/lct_txt/NCT03865368.txt wurde erfolgreich geladen.
0
Die Daten wurden erfolgreich in '/work/eauten2s/ec_criteria_struct/lct/evaluate/eval_p1_2/model_output/Llama-3-70B-Instruct_0_shot_tmp_1/output/Llama-3-70B-Instruct_NCT03865368_0_shot.txt' gespeichert.
File: NCT03865381 

Das File: /work/eauten2s/ec_criteria_struct/lct/input/lct_txt/NCT03865381.txt wurde erfolgreich geladen.
0
Die Daten wurden erfolgreich in '/work/eauten2s/ec_criteria_struct/lct/evaluate/eval_p1_2/model_output/Llama-3-70B-Instruct_0_shot_tmp_1/output/Llama-3-70B-Instruct_NCT03865381_0_shot.txt' gespeichert.
File: NCT03865407 

Das File: /work/eauten2s/ec_criteria_struct/lct/input/lct_txt/NCT03865407.txt wurde erfolgreich geladen.
0
Die Daten wurden erfolgreich in '/work/eauten2s/ec_criteria_struct/lct/evaluate/eval_p1_2/model_output/Llama-3-70B-Instruct_0_shot_tmp_1/output/Llama-3-70B-Instruct_NCT03865407_0_shot.txt' gespeichert.
File: NCT03865420 

Das File: /work/eauten2s/ec_criteria_struct/lct/input/lct_txt/NCT03865420.txt wurde erfolgreich geladen.
0
Die Daten wurden erfolgreich in '/work/eauten2s/ec_criteria_struct/lct/evaluate/eval_p1_2/model_output/Llama-3-70B-Instruct_0_shot_tmp_1/output/Llama-3-70B-Instruct_NCT03865420_0_shot.txt' gespeichert.
File: NCT03865433 

Das File: /work/eauten2s/ec_criteria_struct/lct/input/lct_txt/NCT03865433.txt wurde erfolgreich geladen.
0
Die Daten wurden erfolgreich in '/work/eauten2s/ec_criteria_struct/lct/evaluate/eval_p1_2/model_output/Llama-3-70B-Instruct_0_shot_tmp_1/output/Llama-3-70B-Instruct_NCT03865433_0_shot.txt' gespeichert.
File: NCT03865459 

Das File: /work/eauten2s/ec_criteria_struct/lct/input/lct_txt/NCT03865459.txt wurde erfolgreich geladen.
0
Die Daten wurden erfolgreich in '/work/eauten2s/ec_criteria_struct/lct/evaluate/eval_p1_2/model_output/Llama-3-70B-Instruct_0_shot_tmp_1/output/Llama-3-70B-Instruct_NCT03865459_0_shot.txt' gespeichert.
File: NCT03865498 

Das File: /work/eauten2s/ec_criteria_struct/lct/input/lct_txt/NCT03865498.txt wurde erfolgreich geladen.
0
Die Daten wurden erfolgreich in '/work/eauten2s/ec_criteria_struct/lct/evaluate/eval_p1_2/model_output/Llama-3-70B-Instruct_0_shot_tmp_1/output/Llama-3-70B-Instruct_NCT03865498_0_shot.txt' gespeichert.
File: NCT03865524 

Das File: /work/eauten2s/ec_criteria_struct/lct/input/lct_txt/NCT03865524.txt wurde erfolgreich geladen.
0
Die Daten wurden erfolgreich in '/work/eauten2s/ec_criteria_struct/lct/evaluate/eval_p1_2/model_output/Llama-3-70B-Instruct_0_shot_tmp_1/output/Llama-3-70B-Instruct_NCT03865524_0_shot.txt' gespeichert.
File: NCT03865537 

Das File: /work/eauten2s/ec_criteria_struct/lct/input/lct_txt/NCT03865537.txt wurde erfolgreich geladen.
0
Die Daten wurden erfolgreich in '/work/eauten2s/ec_criteria_struct/lct/evaluate/eval_p1_2/model_output/Llama-3-70B-Instruct_0_shot_tmp_1/output/Llama-3-70B-Instruct_NCT03865537_0_shot.txt' gespeichert.
File: NCT03865550 

Das File: /work/eauten2s/ec_criteria_struct/lct/input/lct_txt/NCT03865550.txt wurde erfolgreich geladen.
0
Die Daten wurden erfolgreich in '/work/eauten2s/ec_criteria_struct/lct/evaluate/eval_p1_2/model_output/Llama-3-70B-Instruct_0_shot_tmp_1/output/Llama-3-70B-Instruct_NCT03865550_0_shot.txt' gespeichert.
File: NCT03865576 

Das File: /work/eauten2s/ec_criteria_struct/lct/input/lct_txt/NCT03865576.txt wurde erfolgreich geladen.
0
Die Daten wurden erfolgreich in '/work/eauten2s/ec_criteria_struct/lct/evaluate/eval_p1_2/model_output/Llama-3-70B-Instruct_0_shot_tmp_1/output/Llama-3-70B-Instruct_NCT03865576_0_shot.txt' gespeichert.
File: NCT03865589 

Das File: /work/eauten2s/ec_criteria_struct/lct/input/lct_txt/NCT03865589.txt wurde erfolgreich geladen.
0
Die Daten wurden erfolgreich in '/work/eauten2s/ec_criteria_struct/lct/evaluate/eval_p1_2/model_output/Llama-3-70B-Instruct_0_shot_tmp_1/output/Llama-3-70B-Instruct_NCT03865589_0_shot.txt' gespeichert.
File: NCT03865602 

Das File: /work/eauten2s/ec_criteria_struct/lct/input/lct_txt/NCT03865602.txt wurde erfolgreich geladen.
0
Die Daten wurden erfolgreich in '/work/eauten2s/ec_criteria_struct/lct/evaluate/eval_p1_2/model_output/Llama-3-70B-Instruct_0_shot_tmp_1/output/Llama-3-70B-Instruct_NCT03865602_0_shot.txt' gespeichert.
File: NCT03865628 

Das File: /work/eauten2s/ec_criteria_struct/lct/input/lct_txt/NCT03865628.txt wurde erfolgreich geladen.
0
Die Daten wurden erfolgreich in '/work/eauten2s/ec_criteria_struct/lct/evaluate/eval_p1_2/model_output/Llama-3-70B-Instruct_0_shot_tmp_1/output/Llama-3-70B-Instruct_NCT03865628_0_shot.txt' gespeichert.
File: NCT03865641 

Das File: /work/eauten2s/ec_criteria_struct/lct/input/lct_txt/NCT03865641.txt wurde erfolgreich geladen.
0
Die Daten wurden erfolgreich in '/work/eauten2s/ec_criteria_struct/lct/evaluate/eval_p1_2/model_output/Llama-3-70B-Instruct_0_shot_tmp_1/output/Llama-3-70B-Instruct_NCT03865641_0_shot.txt' gespeichert.
File: NCT03865680 

Das File: /work/eauten2s/ec_criteria_struct/lct/input/lct_txt/NCT03865680.txt wurde erfolgreich geladen.
0
Die Daten wurden erfolgreich in '/work/eauten2s/ec_criteria_struct/lct/evaluate/eval_p1_2/model_output/Llama-3-70B-Instruct_0_shot_tmp_1/output/Llama-3-70B-Instruct_NCT03865680_0_shot.txt' gespeichert.
File: NCT03865693 

Das File: /work/eauten2s/ec_criteria_struct/lct/input/lct_txt/NCT03865693.txt wurde erfolgreich geladen.
0
Die Daten wurden erfolgreich in '/work/eauten2s/ec_criteria_struct/lct/evaluate/eval_p1_2/model_output/Llama-3-70B-Instruct_0_shot_tmp_1/output/Llama-3-70B-Instruct_NCT03865693_0_shot.txt' gespeichert.
File: NCT03865706 

Das File: /work/eauten2s/ec_criteria_struct/lct/input/lct_txt/NCT03865706.txt wurde erfolgreich geladen.
0
Die Daten wurden erfolgreich in '/work/eauten2s/ec_criteria_struct/lct/evaluate/eval_p1_2/model_output/Llama-3-70B-Instruct_0_shot_tmp_1/output/Llama-3-70B-Instruct_NCT03865706_0_shot.txt' gespeichert.
File: NCT03865732 

Das File: /work/eauten2s/ec_criteria_struct/lct/input/lct_txt/NCT03865732.txt wurde erfolgreich geladen.
0
Die Daten wurden erfolgreich in '/work/eauten2s/ec_criteria_struct/lct/evaluate/eval_p1_2/model_output/Llama-3-70B-Instruct_0_shot_tmp_1/output/Llama-3-70B-Instruct_NCT03865732_0_shot.txt' gespeichert.
File: NCT03865745 

Das File: /work/eauten2s/ec_criteria_struct/lct/input/lct_txt/NCT03865745.txt wurde erfolgreich geladen.
0
Die Daten wurden erfolgreich in '/work/eauten2s/ec_criteria_struct/lct/evaluate/eval_p1_2/model_output/Llama-3-70B-Instruct_0_shot_tmp_1/output/Llama-3-70B-Instruct_NCT03865745_0_shot.txt' gespeichert.
File: NCT03865758 

Das File: /work/eauten2s/ec_criteria_struct/lct/input/lct_txt/NCT03865758.txt wurde erfolgreich geladen.
0
Die Daten wurden erfolgreich in '/work/eauten2s/ec_criteria_struct/lct/evaluate/eval_p1_2/model_output/Llama-3-70B-Instruct_0_shot_tmp_1/output/Llama-3-70B-Instruct_NCT03865758_0_shot.txt' gespeichert.
File: NCT03865771 

Das File: /work/eauten2s/ec_criteria_struct/lct/input/lct_txt/NCT03865771.txt wurde erfolgreich geladen.
0
Die Daten wurden erfolgreich in '/work/eauten2s/ec_criteria_struct/lct/evaluate/eval_p1_2/model_output/Llama-3-70B-Instruct_0_shot_tmp_1/output/Llama-3-70B-Instruct_NCT03865771_0_shot.txt' gespeichert.
File: NCT03865784 

Das File: /work/eauten2s/ec_criteria_struct/lct/input/lct_txt/NCT03865784.txt wurde erfolgreich geladen.
0
Die Daten wurden erfolgreich in '/work/eauten2s/ec_criteria_struct/lct/evaluate/eval_p1_2/model_output/Llama-3-70B-Instruct_0_shot_tmp_1/output/Llama-3-70B-Instruct_NCT03865784_0_shot.txt' gespeichert.
File: NCT03865797 

Das File: /work/eauten2s/ec_criteria_struct/lct/input/lct_txt/NCT03865797.txt wurde erfolgreich geladen.
0
Die Daten wurden erfolgreich in '/work/eauten2s/ec_criteria_struct/lct/evaluate/eval_p1_2/model_output/Llama-3-70B-Instruct_0_shot_tmp_1/output/Llama-3-70B-Instruct_NCT03865797_0_shot.txt' gespeichert.
File: NCT03865810 

Das File: /work/eauten2s/ec_criteria_struct/lct/input/lct_txt/NCT03865810.txt wurde erfolgreich geladen.
0
Die Daten wurden erfolgreich in '/work/eauten2s/ec_criteria_struct/lct/evaluate/eval_p1_2/model_output/Llama-3-70B-Instruct_0_shot_tmp_1/output/Llama-3-70B-Instruct_NCT03865810_0_shot.txt' gespeichert.
File: NCT03865823 

Das File: /work/eauten2s/ec_criteria_struct/lct/input/lct_txt/NCT03865823.txt wurde erfolgreich geladen.
0
Die Daten wurden erfolgreich in '/work/eauten2s/ec_criteria_struct/lct/evaluate/eval_p1_2/model_output/Llama-3-70B-Instruct_0_shot_tmp_1/output/Llama-3-70B-Instruct_NCT03865823_0_shot.txt' gespeichert.
File: NCT03865836 

Das File: /work/eauten2s/ec_criteria_struct/lct/input/lct_txt/NCT03865836.txt wurde erfolgreich geladen.
0
Die Daten wurden erfolgreich in '/work/eauten2s/ec_criteria_struct/lct/evaluate/eval_p1_2/model_output/Llama-3-70B-Instruct_0_shot_tmp_1/output/Llama-3-70B-Instruct_NCT03865836_0_shot.txt' gespeichert.
File: NCT03865862 

Das File: /work/eauten2s/ec_criteria_struct/lct/input/lct_txt/NCT03865862.txt wurde erfolgreich geladen.
0
Die Daten wurden erfolgreich in '/work/eauten2s/ec_criteria_struct/lct/evaluate/eval_p1_2/model_output/Llama-3-70B-Instruct_0_shot_tmp_1/output/Llama-3-70B-Instruct_NCT03865862_0_shot.txt' gespeichert.
File: NCT03865875 

Das File: /work/eauten2s/ec_criteria_struct/lct/input/lct_txt/NCT03865875.txt wurde erfolgreich geladen.
0
Die Daten wurden erfolgreich in '/work/eauten2s/ec_criteria_struct/lct/evaluate/eval_p1_2/model_output/Llama-3-70B-Instruct_0_shot_tmp_1/output/Llama-3-70B-Instruct_NCT03865875_0_shot.txt' gespeichert.
File: NCT03865901 

Das File: /work/eauten2s/ec_criteria_struct/lct/input/lct_txt/NCT03865901.txt wurde erfolgreich geladen.
0
Die Daten wurden erfolgreich in '/work/eauten2s/ec_criteria_struct/lct/evaluate/eval_p1_2/model_output/Llama-3-70B-Instruct_0_shot_tmp_1/output/Llama-3-70B-Instruct_NCT03865901_0_shot.txt' gespeichert.
File: NCT03865914 

Das File: /work/eauten2s/ec_criteria_struct/lct/input/lct_txt/NCT03865914.txt wurde erfolgreich geladen.
0
Die Daten wurden erfolgreich in '/work/eauten2s/ec_criteria_struct/lct/evaluate/eval_p1_2/model_output/Llama-3-70B-Instruct_0_shot_tmp_1/output/Llama-3-70B-Instruct_NCT03865914_0_shot.txt' gespeichert.
File: NCT03865953 

Das File: /work/eauten2s/ec_criteria_struct/lct/input/lct_txt/NCT03865953.txt wurde erfolgreich geladen.
0
Die Daten wurden erfolgreich in '/work/eauten2s/ec_criteria_struct/lct/evaluate/eval_p1_2/model_output/Llama-3-70B-Instruct_0_shot_tmp_1/output/Llama-3-70B-Instruct_NCT03865953_0_shot.txt' gespeichert.
File: NCT03865966 

Das File: /work/eauten2s/ec_criteria_struct/lct/input/lct_txt/NCT03865966.txt wurde erfolgreich geladen.
0
Die Daten wurden erfolgreich in '/work/eauten2s/ec_criteria_struct/lct/evaluate/eval_p1_2/model_output/Llama-3-70B-Instruct_0_shot_tmp_1/output/Llama-3-70B-Instruct_NCT03865966_0_shot.txt' gespeichert.
File: NCT03865979 

Das File: /work/eauten2s/ec_criteria_struct/lct/input/lct_txt/NCT03865979.txt wurde erfolgreich geladen.
0
Die Daten wurden erfolgreich in '/work/eauten2s/ec_criteria_struct/lct/evaluate/eval_p1_2/model_output/Llama-3-70B-Instruct_0_shot_tmp_1/output/Llama-3-70B-Instruct_NCT03865979_0_shot.txt' gespeichert.
File: NCT03866005 

Das File: /work/eauten2s/ec_criteria_struct/lct/input/lct_txt/NCT03866005.txt wurde erfolgreich geladen.
0
Die Daten wurden erfolgreich in '/work/eauten2s/ec_criteria_struct/lct/evaluate/eval_p1_2/model_output/Llama-3-70B-Instruct_0_shot_tmp_1/output/Llama-3-70B-Instruct_NCT03866005_0_shot.txt' gespeichert.
File: NCT03866018 

Das File: /work/eauten2s/ec_criteria_struct/lct/input/lct_txt/NCT03866018.txt wurde erfolgreich geladen.
0
Die Daten wurden erfolgreich in '/work/eauten2s/ec_criteria_struct/lct/evaluate/eval_p1_2/model_output/Llama-3-70B-Instruct_0_shot_tmp_1/output/Llama-3-70B-Instruct_NCT03866018_0_shot.txt' gespeichert.
File: NCT03866031 

Das File: /work/eauten2s/ec_criteria_struct/lct/input/lct_txt/NCT03866031.txt wurde erfolgreich geladen.
0
Die Daten wurden erfolgreich in '/work/eauten2s/ec_criteria_struct/lct/evaluate/eval_p1_2/model_output/Llama-3-70B-Instruct_0_shot_tmp_1/output/Llama-3-70B-Instruct_NCT03866031_0_shot.txt' gespeichert.
File: NCT03866044 

Das File: /work/eauten2s/ec_criteria_struct/lct/input/lct_txt/NCT03866044.txt wurde erfolgreich geladen.
0
Die Daten wurden erfolgreich in '/work/eauten2s/ec_criteria_struct/lct/evaluate/eval_p1_2/model_output/Llama-3-70B-Instruct_0_shot_tmp_1/output/Llama-3-70B-Instruct_NCT03866044_0_shot.txt' gespeichert.
File: NCT03866057 

Das File: /work/eauten2s/ec_criteria_struct/lct/input/lct_txt/NCT03866057.txt wurde erfolgreich geladen.
0
Die Daten wurden erfolgreich in '/work/eauten2s/ec_criteria_struct/lct/evaluate/eval_p1_2/model_output/Llama-3-70B-Instruct_0_shot_tmp_1/output/Llama-3-70B-Instruct_NCT03866057_0_shot.txt' gespeichert.
File: NCT03866070 

Das File: /work/eauten2s/ec_criteria_struct/lct/input/lct_txt/NCT03866070.txt wurde erfolgreich geladen.
0
Die Daten wurden erfolgreich in '/work/eauten2s/ec_criteria_struct/lct/evaluate/eval_p1_2/model_output/Llama-3-70B-Instruct_0_shot_tmp_1/output/Llama-3-70B-Instruct_NCT03866070_0_shot.txt' gespeichert.
File: NCT03866083 

Das File: /work/eauten2s/ec_criteria_struct/lct/input/lct_txt/NCT03866083.txt wurde erfolgreich geladen.
0
Die Daten wurden erfolgreich in '/work/eauten2s/ec_criteria_struct/lct/evaluate/eval_p1_2/model_output/Llama-3-70B-Instruct_0_shot_tmp_1/output/Llama-3-70B-Instruct_NCT03866083_0_shot.txt' gespeichert.
File: NCT03866096 

Das File: /work/eauten2s/ec_criteria_struct/lct/input/lct_txt/NCT03866096.txt wurde erfolgreich geladen.
0
Die Daten wurden erfolgreich in '/work/eauten2s/ec_criteria_struct/lct/evaluate/eval_p1_2/model_output/Llama-3-70B-Instruct_0_shot_tmp_1/output/Llama-3-70B-Instruct_NCT03866096_0_shot.txt' gespeichert.
File: NCT03866122 

Das File: /work/eauten2s/ec_criteria_struct/lct/input/lct_txt/NCT03866122.txt wurde erfolgreich geladen.
0
Die Daten wurden erfolgreich in '/work/eauten2s/ec_criteria_struct/lct/evaluate/eval_p1_2/model_output/Llama-3-70B-Instruct_0_shot_tmp_1/output/Llama-3-70B-Instruct_NCT03866122_0_shot.txt' gespeichert.
File: NCT03866135 

Das File: /work/eauten2s/ec_criteria_struct/lct/input/lct_txt/NCT03866135.txt wurde erfolgreich geladen.
0
Die Daten wurden erfolgreich in '/work/eauten2s/ec_criteria_struct/lct/evaluate/eval_p1_2/model_output/Llama-3-70B-Instruct_0_shot_tmp_1/output/Llama-3-70B-Instruct_NCT03866135_0_shot.txt' gespeichert.
File: NCT03866148 

Das File: /work/eauten2s/ec_criteria_struct/lct/input/lct_txt/NCT03866148.txt wurde erfolgreich geladen.
0
Die Daten wurden erfolgreich in '/work/eauten2s/ec_criteria_struct/lct/evaluate/eval_p1_2/model_output/Llama-3-70B-Instruct_0_shot_tmp_1/output/Llama-3-70B-Instruct_NCT03866148_0_shot.txt' gespeichert.
File: NCT03866161 

Das File: /work/eauten2s/ec_criteria_struct/lct/input/lct_txt/NCT03866161.txt wurde erfolgreich geladen.
0
Die Daten wurden erfolgreich in '/work/eauten2s/ec_criteria_struct/lct/evaluate/eval_p1_2/model_output/Llama-3-70B-Instruct_0_shot_tmp_1/output/Llama-3-70B-Instruct_NCT03866161_0_shot.txt' gespeichert.
File: NCT03866200 

Das File: /work/eauten2s/ec_criteria_struct/lct/input/lct_txt/NCT03866200.txt wurde erfolgreich geladen.
0
Die Daten wurden erfolgreich in '/work/eauten2s/ec_criteria_struct/lct/evaluate/eval_p1_2/model_output/Llama-3-70B-Instruct_0_shot_tmp_1/output/Llama-3-70B-Instruct_NCT03866200_0_shot.txt' gespeichert.
File: NCT03866213 

Das File: /work/eauten2s/ec_criteria_struct/lct/input/lct_txt/NCT03866213.txt wurde erfolgreich geladen.
0
Die Daten wurden erfolgreich in '/work/eauten2s/ec_criteria_struct/lct/evaluate/eval_p1_2/model_output/Llama-3-70B-Instruct_0_shot_tmp_1/output/Llama-3-70B-Instruct_NCT03866213_0_shot.txt' gespeichert.
File: NCT03866226 

Das File: /work/eauten2s/ec_criteria_struct/lct/input/lct_txt/NCT03866226.txt wurde erfolgreich geladen.
0
Die Daten wurden erfolgreich in '/work/eauten2s/ec_criteria_struct/lct/evaluate/eval_p1_2/model_output/Llama-3-70B-Instruct_0_shot_tmp_1/output/Llama-3-70B-Instruct_NCT03866226_0_shot.txt' gespeichert.
File: NCT03866252 

Das File: /work/eauten2s/ec_criteria_struct/lct/input/lct_txt/NCT03866252.txt wurde erfolgreich geladen.
0
Die Daten wurden erfolgreich in '/work/eauten2s/ec_criteria_struct/lct/evaluate/eval_p1_2/model_output/Llama-3-70B-Instruct_0_shot_tmp_1/output/Llama-3-70B-Instruct_NCT03866252_0_shot.txt' gespeichert.
File: NCT03866265 

Das File: /work/eauten2s/ec_criteria_struct/lct/input/lct_txt/NCT03866265.txt wurde erfolgreich geladen.
0
Die Daten wurden erfolgreich in '/work/eauten2s/ec_criteria_struct/lct/evaluate/eval_p1_2/model_output/Llama-3-70B-Instruct_0_shot_tmp_1/output/Llama-3-70B-Instruct_NCT03866265_0_shot.txt' gespeichert.
File: NCT03866291 

Das File: /work/eauten2s/ec_criteria_struct/lct/input/lct_txt/NCT03866291.txt wurde erfolgreich geladen.
0
Die Daten wurden erfolgreich in '/work/eauten2s/ec_criteria_struct/lct/evaluate/eval_p1_2/model_output/Llama-3-70B-Instruct_0_shot_tmp_1/output/Llama-3-70B-Instruct_NCT03866291_0_shot.txt' gespeichert.
File: NCT03866317 

Das File: /work/eauten2s/ec_criteria_struct/lct/input/lct_txt/NCT03866317.txt wurde erfolgreich geladen.
0
Die Daten wurden erfolgreich in '/work/eauten2s/ec_criteria_struct/lct/evaluate/eval_p1_2/model_output/Llama-3-70B-Instruct_0_shot_tmp_1/output/Llama-3-70B-Instruct_NCT03866317_0_shot.txt' gespeichert.
File: NCT03866356 

Das File: /work/eauten2s/ec_criteria_struct/lct/input/lct_txt/NCT03866356.txt wurde erfolgreich geladen.
0
Die Daten wurden erfolgreich in '/work/eauten2s/ec_criteria_struct/lct/evaluate/eval_p1_2/model_output/Llama-3-70B-Instruct_0_shot_tmp_1/output/Llama-3-70B-Instruct_NCT03866356_0_shot.txt' gespeichert.
File: NCT03866421 

Das File: /work/eauten2s/ec_criteria_struct/lct/input/lct_txt/NCT03866421.txt wurde erfolgreich geladen.
0
Die Daten wurden erfolgreich in '/work/eauten2s/ec_criteria_struct/lct/evaluate/eval_p1_2/model_output/Llama-3-70B-Instruct_0_shot_tmp_1/output/Llama-3-70B-Instruct_NCT03866421_0_shot.txt' gespeichert.
File: NCT03866447 

Das File: /work/eauten2s/ec_criteria_struct/lct/input/lct_txt/NCT03866447.txt wurde erfolgreich geladen.
0
Die Daten wurden erfolgreich in '/work/eauten2s/ec_criteria_struct/lct/evaluate/eval_p1_2/model_output/Llama-3-70B-Instruct_0_shot_tmp_1/output/Llama-3-70B-Instruct_NCT03866447_0_shot.txt' gespeichert.
File: NCT03866460 

Das File: /work/eauten2s/ec_criteria_struct/lct/input/lct_txt/NCT03866460.txt wurde erfolgreich geladen.
0
Die Daten wurden erfolgreich in '/work/eauten2s/ec_criteria_struct/lct/evaluate/eval_p1_2/model_output/Llama-3-70B-Instruct_0_shot_tmp_1/output/Llama-3-70B-Instruct_NCT03866460_0_shot.txt' gespeichert.
File: NCT03866486 

Das File: /work/eauten2s/ec_criteria_struct/lct/input/lct_txt/NCT03866486.txt wurde erfolgreich geladen.
0
Die Daten wurden erfolgreich in '/work/eauten2s/ec_criteria_struct/lct/evaluate/eval_p1_2/model_output/Llama-3-70B-Instruct_0_shot_tmp_1/output/Llama-3-70B-Instruct_NCT03866486_0_shot.txt' gespeichert.
File: NCT03866499 

Das File: /work/eauten2s/ec_criteria_struct/lct/input/lct_txt/NCT03866499.txt wurde erfolgreich geladen.
0
Die Daten wurden erfolgreich in '/work/eauten2s/ec_criteria_struct/lct/evaluate/eval_p1_2/model_output/Llama-3-70B-Instruct_0_shot_tmp_1/output/Llama-3-70B-Instruct_NCT03866499_0_shot.txt' gespeichert.
File: NCT03866512 

Das File: /work/eauten2s/ec_criteria_struct/lct/input/lct_txt/NCT03866512.txt wurde erfolgreich geladen.
0
Die Daten wurden erfolgreich in '/work/eauten2s/ec_criteria_struct/lct/evaluate/eval_p1_2/model_output/Llama-3-70B-Instruct_0_shot_tmp_1/output/Llama-3-70B-Instruct_NCT03866512_0_shot.txt' gespeichert.
File: NCT03866538 

Das File: /work/eauten2s/ec_criteria_struct/lct/input/lct_txt/NCT03866538.txt wurde erfolgreich geladen.
0
Die Daten wurden erfolgreich in '/work/eauten2s/ec_criteria_struct/lct/evaluate/eval_p1_2/model_output/Llama-3-70B-Instruct_0_shot_tmp_1/output/Llama-3-70B-Instruct_NCT03866538_0_shot.txt' gespeichert.
File: NCT03866564 

Das File: /work/eauten2s/ec_criteria_struct/lct/input/lct_txt/NCT03866564.txt wurde erfolgreich geladen.
0
Die Daten wurden erfolgreich in '/work/eauten2s/ec_criteria_struct/lct/evaluate/eval_p1_2/model_output/Llama-3-70B-Instruct_0_shot_tmp_1/output/Llama-3-70B-Instruct_NCT03866564_0_shot.txt' gespeichert.
File: NCT03866577 

Das File: /work/eauten2s/ec_criteria_struct/lct/input/lct_txt/NCT03866577.txt wurde erfolgreich geladen.
0
Die Daten wurden erfolgreich in '/work/eauten2s/ec_criteria_struct/lct/evaluate/eval_p1_2/model_output/Llama-3-70B-Instruct_0_shot_tmp_1/output/Llama-3-70B-Instruct_NCT03866577_0_shot.txt' gespeichert.
File: NCT03866590 

Das File: /work/eauten2s/ec_criteria_struct/lct/input/lct_txt/NCT03866590.txt wurde erfolgreich geladen.
0
Die Daten wurden erfolgreich in '/work/eauten2s/ec_criteria_struct/lct/evaluate/eval_p1_2/model_output/Llama-3-70B-Instruct_0_shot_tmp_1/output/Llama-3-70B-Instruct_NCT03866590_0_shot.txt' gespeichert.
File: NCT03866603 

Das File: /work/eauten2s/ec_criteria_struct/lct/input/lct_txt/NCT03866603.txt wurde erfolgreich geladen.
0
Die Daten wurden erfolgreich in '/work/eauten2s/ec_criteria_struct/lct/evaluate/eval_p1_2/model_output/Llama-3-70B-Instruct_0_shot_tmp_1/output/Llama-3-70B-Instruct_NCT03866603_0_shot.txt' gespeichert.
File: NCT03866642 

Das File: /work/eauten2s/ec_criteria_struct/lct/input/lct_txt/NCT03866642.txt wurde erfolgreich geladen.
0
Die Daten wurden erfolgreich in '/work/eauten2s/ec_criteria_struct/lct/evaluate/eval_p1_2/model_output/Llama-3-70B-Instruct_0_shot_tmp_1/output/Llama-3-70B-Instruct_NCT03866642_0_shot.txt' gespeichert.
File: NCT03866655 

Das File: /work/eauten2s/ec_criteria_struct/lct/input/lct_txt/NCT03866655.txt wurde erfolgreich geladen.
0
Die Daten wurden erfolgreich in '/work/eauten2s/ec_criteria_struct/lct/evaluate/eval_p1_2/model_output/Llama-3-70B-Instruct_0_shot_tmp_1/output/Llama-3-70B-Instruct_NCT03866655_0_shot.txt' gespeichert.
File: NCT03866668 

Das File: /work/eauten2s/ec_criteria_struct/lct/input/lct_txt/NCT03866668.txt wurde erfolgreich geladen.
0
Die Daten wurden erfolgreich in '/work/eauten2s/ec_criteria_struct/lct/evaluate/eval_p1_2/model_output/Llama-3-70B-Instruct_0_shot_tmp_1/output/Llama-3-70B-Instruct_NCT03866668_0_shot.txt' gespeichert.
File: NCT03866681 

Das File: /work/eauten2s/ec_criteria_struct/lct/input/lct_txt/NCT03866681.txt wurde erfolgreich geladen.
0
Die Daten wurden erfolgreich in '/work/eauten2s/ec_criteria_struct/lct/evaluate/eval_p1_2/model_output/Llama-3-70B-Instruct_0_shot_tmp_1/output/Llama-3-70B-Instruct_NCT03866681_0_shot.txt' gespeichert.
File: NCT03866707 

Das File: /work/eauten2s/ec_criteria_struct/lct/input/lct_txt/NCT03866707.txt wurde erfolgreich geladen.
0
Die Daten wurden erfolgreich in '/work/eauten2s/ec_criteria_struct/lct/evaluate/eval_p1_2/model_output/Llama-3-70B-Instruct_0_shot_tmp_1/output/Llama-3-70B-Instruct_NCT03866707_0_shot.txt' gespeichert.
File: NCT03866720 

Das File: /work/eauten2s/ec_criteria_struct/lct/input/lct_txt/NCT03866720.txt wurde erfolgreich geladen.
0
Die Daten wurden erfolgreich in '/work/eauten2s/ec_criteria_struct/lct/evaluate/eval_p1_2/model_output/Llama-3-70B-Instruct_0_shot_tmp_1/output/Llama-3-70B-Instruct_NCT03866720_0_shot.txt' gespeichert.
File: NCT03866733 

Das File: /work/eauten2s/ec_criteria_struct/lct/input/lct_txt/NCT03866733.txt wurde erfolgreich geladen.
0
Die Daten wurden erfolgreich in '/work/eauten2s/ec_criteria_struct/lct/evaluate/eval_p1_2/model_output/Llama-3-70B-Instruct_0_shot_tmp_1/output/Llama-3-70B-Instruct_NCT03866733_0_shot.txt' gespeichert.
File: NCT03866746 

Das File: /work/eauten2s/ec_criteria_struct/lct/input/lct_txt/NCT03866746.txt wurde erfolgreich geladen.
0
Die Daten wurden erfolgreich in '/work/eauten2s/ec_criteria_struct/lct/evaluate/eval_p1_2/model_output/Llama-3-70B-Instruct_0_shot_tmp_1/output/Llama-3-70B-Instruct_NCT03866746_0_shot.txt' gespeichert.
File: NCT03866772 

Das File: /work/eauten2s/ec_criteria_struct/lct/input/lct_txt/NCT03866772.txt wurde erfolgreich geladen.
0
Die Daten wurden erfolgreich in '/work/eauten2s/ec_criteria_struct/lct/evaluate/eval_p1_2/model_output/Llama-3-70B-Instruct_0_shot_tmp_1/output/Llama-3-70B-Instruct_NCT03866772_0_shot.txt' gespeichert.
File: NCT03866811 

Das File: /work/eauten2s/ec_criteria_struct/lct/input/lct_txt/NCT03866811.txt wurde erfolgreich geladen.
0
Die Daten wurden erfolgreich in '/work/eauten2s/ec_criteria_struct/lct/evaluate/eval_p1_2/model_output/Llama-3-70B-Instruct_0_shot_tmp_1/output/Llama-3-70B-Instruct_NCT03866811_0_shot.txt' gespeichert.
File: NCT03866824 

Das File: /work/eauten2s/ec_criteria_struct/lct/input/lct_txt/NCT03866824.txt wurde erfolgreich geladen.
0
Die Daten wurden erfolgreich in '/work/eauten2s/ec_criteria_struct/lct/evaluate/eval_p1_2/model_output/Llama-3-70B-Instruct_0_shot_tmp_1/output/Llama-3-70B-Instruct_NCT03866824_0_shot.txt' gespeichert.
File: NCT03866837 

Das File: /work/eauten2s/ec_criteria_struct/lct/input/lct_txt/NCT03866837.txt wurde erfolgreich geladen.
0
Die Daten wurden erfolgreich in '/work/eauten2s/ec_criteria_struct/lct/evaluate/eval_p1_2/model_output/Llama-3-70B-Instruct_0_shot_tmp_1/output/Llama-3-70B-Instruct_NCT03866837_0_shot.txt' gespeichert.
File: NCT03866850 

Das File: /work/eauten2s/ec_criteria_struct/lct/input/lct_txt/NCT03866850.txt wurde erfolgreich geladen.
0
Die Daten wurden erfolgreich in '/work/eauten2s/ec_criteria_struct/lct/evaluate/eval_p1_2/model_output/Llama-3-70B-Instruct_0_shot_tmp_1/output/Llama-3-70B-Instruct_NCT03866850_0_shot.txt' gespeichert.
File: NCT03866863 

Das File: /work/eauten2s/ec_criteria_struct/lct/input/lct_txt/NCT03866863.txt wurde erfolgreich geladen.
0
Die Daten wurden erfolgreich in '/work/eauten2s/ec_criteria_struct/lct/evaluate/eval_p1_2/model_output/Llama-3-70B-Instruct_0_shot_tmp_1/output/Llama-3-70B-Instruct_NCT03866863_0_shot.txt' gespeichert.
File: NCT03866876 

Das File: /work/eauten2s/ec_criteria_struct/lct/input/lct_txt/NCT03866876.txt wurde erfolgreich geladen.
0
Die Daten wurden erfolgreich in '/work/eauten2s/ec_criteria_struct/lct/evaluate/eval_p1_2/model_output/Llama-3-70B-Instruct_0_shot_tmp_1/output/Llama-3-70B-Instruct_NCT03866876_0_shot.txt' gespeichert.
File: NCT03866889 

Das File: /work/eauten2s/ec_criteria_struct/lct/input/lct_txt/NCT03866889.txt wurde erfolgreich geladen.
0
Die Daten wurden erfolgreich in '/work/eauten2s/ec_criteria_struct/lct/evaluate/eval_p1_2/model_output/Llama-3-70B-Instruct_0_shot_tmp_1/output/Llama-3-70B-Instruct_NCT03866889_0_shot.txt' gespeichert.
File: NCT03866902 

Das File: /work/eauten2s/ec_criteria_struct/lct/input/lct_txt/NCT03866902.txt wurde erfolgreich geladen.
0
Die Daten wurden erfolgreich in '/work/eauten2s/ec_criteria_struct/lct/evaluate/eval_p1_2/model_output/Llama-3-70B-Instruct_0_shot_tmp_1/output/Llama-3-70B-Instruct_NCT03866902_0_shot.txt' gespeichert.
File: NCT03866915 

Das File: /work/eauten2s/ec_criteria_struct/lct/input/lct_txt/NCT03866915.txt wurde erfolgreich geladen.
0
Die Daten wurden erfolgreich in '/work/eauten2s/ec_criteria_struct/lct/evaluate/eval_p1_2/model_output/Llama-3-70B-Instruct_0_shot_tmp_1/output/Llama-3-70B-Instruct_NCT03866915_0_shot.txt' gespeichert.
File: NCT03866941 

Das File: /work/eauten2s/ec_criteria_struct/lct/input/lct_txt/NCT03866941.txt wurde erfolgreich geladen.
0
Die Daten wurden erfolgreich in '/work/eauten2s/ec_criteria_struct/lct/evaluate/eval_p1_2/model_output/Llama-3-70B-Instruct_0_shot_tmp_1/output/Llama-3-70B-Instruct_NCT03866941_0_shot.txt' gespeichert.
File: NCT03867019 

Das File: /work/eauten2s/ec_criteria_struct/lct/input/lct_txt/NCT03867019.txt wurde erfolgreich geladen.
0
Die Daten wurden erfolgreich in '/work/eauten2s/ec_criteria_struct/lct/evaluate/eval_p1_2/model_output/Llama-3-70B-Instruct_0_shot_tmp_1/output/Llama-3-70B-Instruct_NCT03867019_0_shot.txt' gespeichert.
File: NCT03867032 

Das File: /work/eauten2s/ec_criteria_struct/lct/input/lct_txt/NCT03867032.txt wurde erfolgreich geladen.
0
Die Daten wurden erfolgreich in '/work/eauten2s/ec_criteria_struct/lct/evaluate/eval_p1_2/model_output/Llama-3-70B-Instruct_0_shot_tmp_1/output/Llama-3-70B-Instruct_NCT03867032_0_shot.txt' gespeichert.
File: NCT03867045 

Das File: /work/eauten2s/ec_criteria_struct/lct/input/lct_txt/NCT03867045.txt wurde erfolgreich geladen.
0
Die Daten wurden erfolgreich in '/work/eauten2s/ec_criteria_struct/lct/evaluate/eval_p1_2/model_output/Llama-3-70B-Instruct_0_shot_tmp_1/output/Llama-3-70B-Instruct_NCT03867045_0_shot.txt' gespeichert.
File: NCT03867058 

Das File: /work/eauten2s/ec_criteria_struct/lct/input/lct_txt/NCT03867058.txt wurde erfolgreich geladen.
0
Die Daten wurden erfolgreich in '/work/eauten2s/ec_criteria_struct/lct/evaluate/eval_p1_2/model_output/Llama-3-70B-Instruct_0_shot_tmp_1/output/Llama-3-70B-Instruct_NCT03867058_0_shot.txt' gespeichert.
File: NCT03867071 

Das File: /work/eauten2s/ec_criteria_struct/lct/input/lct_txt/NCT03867071.txt wurde erfolgreich geladen.
0
Die Daten wurden erfolgreich in '/work/eauten2s/ec_criteria_struct/lct/evaluate/eval_p1_2/model_output/Llama-3-70B-Instruct_0_shot_tmp_1/output/Llama-3-70B-Instruct_NCT03867071_0_shot.txt' gespeichert.
File: NCT03867188 

Das File: /work/eauten2s/ec_criteria_struct/lct/input/lct_txt/NCT03867188.txt wurde erfolgreich geladen.
0
Die Daten wurden erfolgreich in '/work/eauten2s/ec_criteria_struct/lct/evaluate/eval_p1_2/model_output/Llama-3-70B-Instruct_0_shot_tmp_1/output/Llama-3-70B-Instruct_NCT03867188_0_shot.txt' gespeichert.
File: NCT03867201 

Das File: /work/eauten2s/ec_criteria_struct/lct/input/lct_txt/NCT03867201.txt wurde erfolgreich geladen.
0
Die Daten wurden erfolgreich in '/work/eauten2s/ec_criteria_struct/lct/evaluate/eval_p1_2/model_output/Llama-3-70B-Instruct_0_shot_tmp_1/output/Llama-3-70B-Instruct_NCT03867201_0_shot.txt' gespeichert.
File: NCT03867214 

Das File: /work/eauten2s/ec_criteria_struct/lct/input/lct_txt/NCT03867214.txt wurde erfolgreich geladen.
0
Die Daten wurden erfolgreich in '/work/eauten2s/ec_criteria_struct/lct/evaluate/eval_p1_2/model_output/Llama-3-70B-Instruct_0_shot_tmp_1/output/Llama-3-70B-Instruct_NCT03867214_0_shot.txt' gespeichert.
File: NCT03867227 

Das File: /work/eauten2s/ec_criteria_struct/lct/input/lct_txt/NCT03867227.txt wurde erfolgreich geladen.
0
Die Daten wurden erfolgreich in '/work/eauten2s/ec_criteria_struct/lct/evaluate/eval_p1_2/model_output/Llama-3-70B-Instruct_0_shot_tmp_1/output/Llama-3-70B-Instruct_NCT03867227_0_shot.txt' gespeichert.
File: NCT03867240 

Das File: /work/eauten2s/ec_criteria_struct/lct/input/lct_txt/NCT03867240.txt wurde erfolgreich geladen.
0
Die Daten wurden erfolgreich in '/work/eauten2s/ec_criteria_struct/lct/evaluate/eval_p1_2/model_output/Llama-3-70B-Instruct_0_shot_tmp_1/output/Llama-3-70B-Instruct_NCT03867240_0_shot.txt' gespeichert.
File: NCT03867266 

Das File: /work/eauten2s/ec_criteria_struct/lct/input/lct_txt/NCT03867266.txt wurde erfolgreich geladen.
0
Die Daten wurden erfolgreich in '/work/eauten2s/ec_criteria_struct/lct/evaluate/eval_p1_2/model_output/Llama-3-70B-Instruct_0_shot_tmp_1/output/Llama-3-70B-Instruct_NCT03867266_0_shot.txt' gespeichert.
File: NCT03867279 

Das File: /work/eauten2s/ec_criteria_struct/lct/input/lct_txt/NCT03867279.txt wurde erfolgreich geladen.
0
Die Daten wurden erfolgreich in '/work/eauten2s/ec_criteria_struct/lct/evaluate/eval_p1_2/model_output/Llama-3-70B-Instruct_0_shot_tmp_1/output/Llama-3-70B-Instruct_NCT03867279_0_shot.txt' gespeichert.
File: NCT03867292 

Das File: /work/eauten2s/ec_criteria_struct/lct/input/lct_txt/NCT03867292.txt wurde erfolgreich geladen.
0
Die Daten wurden erfolgreich in '/work/eauten2s/ec_criteria_struct/lct/evaluate/eval_p1_2/model_output/Llama-3-70B-Instruct_0_shot_tmp_1/output/Llama-3-70B-Instruct_NCT03867292_0_shot.txt' gespeichert.
File: NCT03867305 

Das File: /work/eauten2s/ec_criteria_struct/lct/input/lct_txt/NCT03867305.txt wurde erfolgreich geladen.
0
Die Daten wurden erfolgreich in '/work/eauten2s/ec_criteria_struct/lct/evaluate/eval_p1_2/model_output/Llama-3-70B-Instruct_0_shot_tmp_1/output/Llama-3-70B-Instruct_NCT03867305_0_shot.txt' gespeichert.
File: NCT03867344 

Das File: /work/eauten2s/ec_criteria_struct/lct/input/lct_txt/NCT03867344.txt wurde erfolgreich geladen.
0
Die Daten wurden erfolgreich in '/work/eauten2s/ec_criteria_struct/lct/evaluate/eval_p1_2/model_output/Llama-3-70B-Instruct_0_shot_tmp_1/output/Llama-3-70B-Instruct_NCT03867344_0_shot.txt' gespeichert.
File: NCT03867370 

Das File: /work/eauten2s/ec_criteria_struct/lct/input/lct_txt/NCT03867370.txt wurde erfolgreich geladen.
0
Die Daten wurden erfolgreich in '/work/eauten2s/ec_criteria_struct/lct/evaluate/eval_p1_2/model_output/Llama-3-70B-Instruct_0_shot_tmp_1/output/Llama-3-70B-Instruct_NCT03867370_0_shot.txt' gespeichert.
File: NCT03867396 

Das File: /work/eauten2s/ec_criteria_struct/lct/input/lct_txt/NCT03867396.txt wurde erfolgreich geladen.
0
Die Daten wurden erfolgreich in '/work/eauten2s/ec_criteria_struct/lct/evaluate/eval_p1_2/model_output/Llama-3-70B-Instruct_0_shot_tmp_1/output/Llama-3-70B-Instruct_NCT03867396_0_shot.txt' gespeichert.
File: NCT03867409 

Das File: /work/eauten2s/ec_criteria_struct/lct/input/lct_txt/NCT03867409.txt wurde erfolgreich geladen.
0
Die Daten wurden erfolgreich in '/work/eauten2s/ec_criteria_struct/lct/evaluate/eval_p1_2/model_output/Llama-3-70B-Instruct_0_shot_tmp_1/output/Llama-3-70B-Instruct_NCT03867409_0_shot.txt' gespeichert.
File: NCT03867422 

Das File: /work/eauten2s/ec_criteria_struct/lct/input/lct_txt/NCT03867422.txt wurde erfolgreich geladen.
0
Die Daten wurden erfolgreich in '/work/eauten2s/ec_criteria_struct/lct/evaluate/eval_p1_2/model_output/Llama-3-70B-Instruct_0_shot_tmp_1/output/Llama-3-70B-Instruct_NCT03867422_0_shot.txt' gespeichert.
File: NCT03867461 

Das File: /work/eauten2s/ec_criteria_struct/lct/input/lct_txt/NCT03867461.txt wurde erfolgreich geladen.
0
Die Daten wurden erfolgreich in '/work/eauten2s/ec_criteria_struct/lct/evaluate/eval_p1_2/model_output/Llama-3-70B-Instruct_0_shot_tmp_1/output/Llama-3-70B-Instruct_NCT03867461_0_shot.txt' gespeichert.
File: NCT03867474 

Das File: /work/eauten2s/ec_criteria_struct/lct/input/lct_txt/NCT03867474.txt wurde erfolgreich geladen.
0
Die Daten wurden erfolgreich in '/work/eauten2s/ec_criteria_struct/lct/evaluate/eval_p1_2/model_output/Llama-3-70B-Instruct_0_shot_tmp_1/output/Llama-3-70B-Instruct_NCT03867474_0_shot.txt' gespeichert.
File: NCT03867500 

Das File: /work/eauten2s/ec_criteria_struct/lct/input/lct_txt/NCT03867500.txt wurde erfolgreich geladen.
0
Die Daten wurden erfolgreich in '/work/eauten2s/ec_criteria_struct/lct/evaluate/eval_p1_2/model_output/Llama-3-70B-Instruct_0_shot_tmp_1/output/Llama-3-70B-Instruct_NCT03867500_0_shot.txt' gespeichert.
File: NCT03867526 

Das File: /work/eauten2s/ec_criteria_struct/lct/input/lct_txt/NCT03867526.txt wurde erfolgreich geladen.
0
Die Daten wurden erfolgreich in '/work/eauten2s/ec_criteria_struct/lct/evaluate/eval_p1_2/model_output/Llama-3-70B-Instruct_0_shot_tmp_1/output/Llama-3-70B-Instruct_NCT03867526_0_shot.txt' gespeichert.
File: NCT03867539 

Das File: /work/eauten2s/ec_criteria_struct/lct/input/lct_txt/NCT03867539.txt wurde erfolgreich geladen.
0
Die Daten wurden erfolgreich in '/work/eauten2s/ec_criteria_struct/lct/evaluate/eval_p1_2/model_output/Llama-3-70B-Instruct_0_shot_tmp_1/output/Llama-3-70B-Instruct_NCT03867539_0_shot.txt' gespeichert.
File: NCT03867552 

Das File: /work/eauten2s/ec_criteria_struct/lct/input/lct_txt/NCT03867552.txt wurde erfolgreich geladen.
0
Die Daten wurden erfolgreich in '/work/eauten2s/ec_criteria_struct/lct/evaluate/eval_p1_2/model_output/Llama-3-70B-Instruct_0_shot_tmp_1/output/Llama-3-70B-Instruct_NCT03867552_0_shot.txt' gespeichert.
File: NCT03867565 

Das File: /work/eauten2s/ec_criteria_struct/lct/input/lct_txt/NCT03867565.txt wurde erfolgreich geladen.
0
Die Daten wurden erfolgreich in '/work/eauten2s/ec_criteria_struct/lct/evaluate/eval_p1_2/model_output/Llama-3-70B-Instruct_0_shot_tmp_1/output/Llama-3-70B-Instruct_NCT03867565_0_shot.txt' gespeichert.
File: NCT03867591 

Das File: /work/eauten2s/ec_criteria_struct/lct/input/lct_txt/NCT03867591.txt wurde erfolgreich geladen.
0
Die Daten wurden erfolgreich in '/work/eauten2s/ec_criteria_struct/lct/evaluate/eval_p1_2/model_output/Llama-3-70B-Instruct_0_shot_tmp_1/output/Llama-3-70B-Instruct_NCT03867591_0_shot.txt' gespeichert.
File: NCT03867604 

Das File: /work/eauten2s/ec_criteria_struct/lct/input/lct_txt/NCT03867604.txt wurde erfolgreich geladen.
0
Die Daten wurden erfolgreich in '/work/eauten2s/ec_criteria_struct/lct/evaluate/eval_p1_2/model_output/Llama-3-70B-Instruct_0_shot_tmp_1/output/Llama-3-70B-Instruct_NCT03867604_0_shot.txt' gespeichert.
File: NCT03867617 

Das File: /work/eauten2s/ec_criteria_struct/lct/input/lct_txt/NCT03867617.txt wurde erfolgreich geladen.
0
Die Daten wurden erfolgreich in '/work/eauten2s/ec_criteria_struct/lct/evaluate/eval_p1_2/model_output/Llama-3-70B-Instruct_0_shot_tmp_1/output/Llama-3-70B-Instruct_NCT03867617_0_shot.txt' gespeichert.
File: NCT03867630 

Das File: /work/eauten2s/ec_criteria_struct/lct/input/lct_txt/NCT03867630.txt wurde erfolgreich geladen.
0
Die Daten wurden erfolgreich in '/work/eauten2s/ec_criteria_struct/lct/evaluate/eval_p1_2/model_output/Llama-3-70B-Instruct_0_shot_tmp_1/output/Llama-3-70B-Instruct_NCT03867630_0_shot.txt' gespeichert.
File: NCT03867643 

Das File: /work/eauten2s/ec_criteria_struct/lct/input/lct_txt/NCT03867643.txt wurde erfolgreich geladen.
0
Die Daten wurden erfolgreich in '/work/eauten2s/ec_criteria_struct/lct/evaluate/eval_p1_2/model_output/Llama-3-70B-Instruct_0_shot_tmp_1/output/Llama-3-70B-Instruct_NCT03867643_0_shot.txt' gespeichert.
File: NCT03867656 

Das File: /work/eauten2s/ec_criteria_struct/lct/input/lct_txt/NCT03867656.txt wurde erfolgreich geladen.
0
Die Daten wurden erfolgreich in '/work/eauten2s/ec_criteria_struct/lct/evaluate/eval_p1_2/model_output/Llama-3-70B-Instruct_0_shot_tmp_1/output/Llama-3-70B-Instruct_NCT03867656_0_shot.txt' gespeichert.
File: NCT03867682 

Das File: /work/eauten2s/ec_criteria_struct/lct/input/lct_txt/NCT03867682.txt wurde erfolgreich geladen.
0
Die Daten wurden erfolgreich in '/work/eauten2s/ec_criteria_struct/lct/evaluate/eval_p1_2/model_output/Llama-3-70B-Instruct_0_shot_tmp_1/output/Llama-3-70B-Instruct_NCT03867682_0_shot.txt' gespeichert.
File: NCT03867695 

Das File: /work/eauten2s/ec_criteria_struct/lct/input/lct_txt/NCT03867695.txt wurde erfolgreich geladen.
0
Die Daten wurden erfolgreich in '/work/eauten2s/ec_criteria_struct/lct/evaluate/eval_p1_2/model_output/Llama-3-70B-Instruct_0_shot_tmp_1/output/Llama-3-70B-Instruct_NCT03867695_0_shot.txt' gespeichert.
File: NCT03867708 

Das File: /work/eauten2s/ec_criteria_struct/lct/input/lct_txt/NCT03867708.txt wurde erfolgreich geladen.
0
Die Daten wurden erfolgreich in '/work/eauten2s/ec_criteria_struct/lct/evaluate/eval_p1_2/model_output/Llama-3-70B-Instruct_0_shot_tmp_1/output/Llama-3-70B-Instruct_NCT03867708_0_shot.txt' gespeichert.
File: NCT03867721 

Das File: /work/eauten2s/ec_criteria_struct/lct/input/lct_txt/NCT03867721.txt wurde erfolgreich geladen.
0
Die Daten wurden erfolgreich in '/work/eauten2s/ec_criteria_struct/lct/evaluate/eval_p1_2/model_output/Llama-3-70B-Instruct_0_shot_tmp_1/output/Llama-3-70B-Instruct_NCT03867721_0_shot.txt' gespeichert.
File: NCT03867734 

Das File: /work/eauten2s/ec_criteria_struct/lct/input/lct_txt/NCT03867734.txt wurde erfolgreich geladen.
0
Die Daten wurden erfolgreich in '/work/eauten2s/ec_criteria_struct/lct/evaluate/eval_p1_2/model_output/Llama-3-70B-Instruct_0_shot_tmp_1/output/Llama-3-70B-Instruct_NCT03867734_0_shot.txt' gespeichert.
File: NCT03867747 

Das File: /work/eauten2s/ec_criteria_struct/lct/input/lct_txt/NCT03867747.txt wurde erfolgreich geladen.
0
Die Daten wurden erfolgreich in '/work/eauten2s/ec_criteria_struct/lct/evaluate/eval_p1_2/model_output/Llama-3-70B-Instruct_0_shot_tmp_1/output/Llama-3-70B-Instruct_NCT03867747_0_shot.txt' gespeichert.
File: NCT03867760 

Das File: /work/eauten2s/ec_criteria_struct/lct/input/lct_txt/NCT03867760.txt wurde erfolgreich geladen.
0
Die Daten wurden erfolgreich in '/work/eauten2s/ec_criteria_struct/lct/evaluate/eval_p1_2/model_output/Llama-3-70B-Instruct_0_shot_tmp_1/output/Llama-3-70B-Instruct_NCT03867760_0_shot.txt' gespeichert.
File: NCT03867773 

Das File: /work/eauten2s/ec_criteria_struct/lct/input/lct_txt/NCT03867773.txt wurde erfolgreich geladen.
0
Die Daten wurden erfolgreich in '/work/eauten2s/ec_criteria_struct/lct/evaluate/eval_p1_2/model_output/Llama-3-70B-Instruct_0_shot_tmp_1/output/Llama-3-70B-Instruct_NCT03867773_0_shot.txt' gespeichert.
File: NCT03867825 

Das File: /work/eauten2s/ec_criteria_struct/lct/input/lct_txt/NCT03867825.txt wurde erfolgreich geladen.
0
Die Daten wurden erfolgreich in '/work/eauten2s/ec_criteria_struct/lct/evaluate/eval_p1_2/model_output/Llama-3-70B-Instruct_0_shot_tmp_1/output/Llama-3-70B-Instruct_NCT03867825_0_shot.txt' gespeichert.
File: NCT03867838 

Das File: /work/eauten2s/ec_criteria_struct/lct/input/lct_txt/NCT03867838.txt wurde erfolgreich geladen.
0
Die Daten wurden erfolgreich in '/work/eauten2s/ec_criteria_struct/lct/evaluate/eval_p1_2/model_output/Llama-3-70B-Instruct_0_shot_tmp_1/output/Llama-3-70B-Instruct_NCT03867838_0_shot.txt' gespeichert.
File: NCT03867864 

Das File: /work/eauten2s/ec_criteria_struct/lct/input/lct_txt/NCT03867864.txt wurde erfolgreich geladen.
0
Die Daten wurden erfolgreich in '/work/eauten2s/ec_criteria_struct/lct/evaluate/eval_p1_2/model_output/Llama-3-70B-Instruct_0_shot_tmp_1/output/Llama-3-70B-Instruct_NCT03867864_0_shot.txt' gespeichert.
File: NCT03867877 

Das File: /work/eauten2s/ec_criteria_struct/lct/input/lct_txt/NCT03867877.txt wurde erfolgreich geladen.
0
Die Daten wurden erfolgreich in '/work/eauten2s/ec_criteria_struct/lct/evaluate/eval_p1_2/model_output/Llama-3-70B-Instruct_0_shot_tmp_1/output/Llama-3-70B-Instruct_NCT03867877_0_shot.txt' gespeichert.
File: NCT03867890 

Das File: /work/eauten2s/ec_criteria_struct/lct/input/lct_txt/NCT03867890.txt wurde erfolgreich geladen.
0
Die Daten wurden erfolgreich in '/work/eauten2s/ec_criteria_struct/lct/evaluate/eval_p1_2/model_output/Llama-3-70B-Instruct_0_shot_tmp_1/output/Llama-3-70B-Instruct_NCT03867890_0_shot.txt' gespeichert.
File: NCT03867903 

Das File: /work/eauten2s/ec_criteria_struct/lct/input/lct_txt/NCT03867903.txt wurde erfolgreich geladen.
0
Die Daten wurden erfolgreich in '/work/eauten2s/ec_criteria_struct/lct/evaluate/eval_p1_2/model_output/Llama-3-70B-Instruct_0_shot_tmp_1/output/Llama-3-70B-Instruct_NCT03867903_0_shot.txt' gespeichert.
File: NCT03867916 

Das File: /work/eauten2s/ec_criteria_struct/lct/input/lct_txt/NCT03867916.txt wurde erfolgreich geladen.
0
Die Daten wurden erfolgreich in '/work/eauten2s/ec_criteria_struct/lct/evaluate/eval_p1_2/model_output/Llama-3-70B-Instruct_0_shot_tmp_1/output/Llama-3-70B-Instruct_NCT03867916_0_shot.txt' gespeichert.
File: NCT03867929 

Das File: /work/eauten2s/ec_criteria_struct/lct/input/lct_txt/NCT03867929.txt wurde erfolgreich geladen.
0
Die Daten wurden erfolgreich in '/work/eauten2s/ec_criteria_struct/lct/evaluate/eval_p1_2/model_output/Llama-3-70B-Instruct_0_shot_tmp_1/output/Llama-3-70B-Instruct_NCT03867929_0_shot.txt' gespeichert.
File: NCT03867942 

Das File: /work/eauten2s/ec_criteria_struct/lct/input/lct_txt/NCT03867942.txt wurde erfolgreich geladen.
0
Die Daten wurden erfolgreich in '/work/eauten2s/ec_criteria_struct/lct/evaluate/eval_p1_2/model_output/Llama-3-70B-Instruct_0_shot_tmp_1/output/Llama-3-70B-Instruct_NCT03867942_0_shot.txt' gespeichert.
File: NCT03867955 

Das File: /work/eauten2s/ec_criteria_struct/lct/input/lct_txt/NCT03867955.txt wurde erfolgreich geladen.
0
Die Daten wurden erfolgreich in '/work/eauten2s/ec_criteria_struct/lct/evaluate/eval_p1_2/model_output/Llama-3-70B-Instruct_0_shot_tmp_1/output/Llama-3-70B-Instruct_NCT03867955_0_shot.txt' gespeichert.
File: NCT03867968 

Das File: /work/eauten2s/ec_criteria_struct/lct/input/lct_txt/NCT03867968.txt wurde erfolgreich geladen.
0
Die Daten wurden erfolgreich in '/work/eauten2s/ec_criteria_struct/lct/evaluate/eval_p1_2/model_output/Llama-3-70B-Instruct_0_shot_tmp_1/output/Llama-3-70B-Instruct_NCT03867968_0_shot.txt' gespeichert.
File: NCT03867981 

Das File: /work/eauten2s/ec_criteria_struct/lct/input/lct_txt/NCT03867981.txt wurde erfolgreich geladen.
0
Die Daten wurden erfolgreich in '/work/eauten2s/ec_criteria_struct/lct/evaluate/eval_p1_2/model_output/Llama-3-70B-Instruct_0_shot_tmp_1/output/Llama-3-70B-Instruct_NCT03867981_0_shot.txt' gespeichert.
File: NCT03867994 

Das File: /work/eauten2s/ec_criteria_struct/lct/input/lct_txt/NCT03867994.txt wurde erfolgreich geladen.
0
Die Daten wurden erfolgreich in '/work/eauten2s/ec_criteria_struct/lct/evaluate/eval_p1_2/model_output/Llama-3-70B-Instruct_0_shot_tmp_1/output/Llama-3-70B-Instruct_NCT03867994_0_shot.txt' gespeichert.
File: NCT03868020 

Das File: /work/eauten2s/ec_criteria_struct/lct/input/lct_txt/NCT03868020.txt wurde erfolgreich geladen.
0
Die Daten wurden erfolgreich in '/work/eauten2s/ec_criteria_struct/lct/evaluate/eval_p1_2/model_output/Llama-3-70B-Instruct_0_shot_tmp_1/output/Llama-3-70B-Instruct_NCT03868020_0_shot.txt' gespeichert.
File: NCT03868033 

Das File: /work/eauten2s/ec_criteria_struct/lct/input/lct_txt/NCT03868033.txt wurde erfolgreich geladen.
0
Die Daten wurden erfolgreich in '/work/eauten2s/ec_criteria_struct/lct/evaluate/eval_p1_2/model_output/Llama-3-70B-Instruct_0_shot_tmp_1/output/Llama-3-70B-Instruct_NCT03868033_0_shot.txt' gespeichert.
File: NCT03868046 

Das File: /work/eauten2s/ec_criteria_struct/lct/input/lct_txt/NCT03868046.txt wurde erfolgreich geladen.
0
Die Daten wurden erfolgreich in '/work/eauten2s/ec_criteria_struct/lct/evaluate/eval_p1_2/model_output/Llama-3-70B-Instruct_0_shot_tmp_1/output/Llama-3-70B-Instruct_NCT03868046_0_shot.txt' gespeichert.
File: NCT03868111 

Das File: /work/eauten2s/ec_criteria_struct/lct/input/lct_txt/NCT03868111.txt wurde erfolgreich geladen.
0
Die Daten wurden erfolgreich in '/work/eauten2s/ec_criteria_struct/lct/evaluate/eval_p1_2/model_output/Llama-3-70B-Instruct_0_shot_tmp_1/output/Llama-3-70B-Instruct_NCT03868111_0_shot.txt' gespeichert.
File: NCT03868124 

Das File: /work/eauten2s/ec_criteria_struct/lct/input/lct_txt/NCT03868124.txt wurde erfolgreich geladen.
0
Die Daten wurden erfolgreich in '/work/eauten2s/ec_criteria_struct/lct/evaluate/eval_p1_2/model_output/Llama-3-70B-Instruct_0_shot_tmp_1/output/Llama-3-70B-Instruct_NCT03868124_0_shot.txt' gespeichert.
File: NCT03868137 

Das File: /work/eauten2s/ec_criteria_struct/lct/input/lct_txt/NCT03868137.txt wurde erfolgreich geladen.
0
Die Daten wurden erfolgreich in '/work/eauten2s/ec_criteria_struct/lct/evaluate/eval_p1_2/model_output/Llama-3-70B-Instruct_0_shot_tmp_1/output/Llama-3-70B-Instruct_NCT03868137_0_shot.txt' gespeichert.
File: NCT03868150 

Das File: /work/eauten2s/ec_criteria_struct/lct/input/lct_txt/NCT03868150.txt wurde erfolgreich geladen.
0
Die Daten wurden erfolgreich in '/work/eauten2s/ec_criteria_struct/lct/evaluate/eval_p1_2/model_output/Llama-3-70B-Instruct_0_shot_tmp_1/output/Llama-3-70B-Instruct_NCT03868150_0_shot.txt' gespeichert.
File: NCT03868163 

Das File: /work/eauten2s/ec_criteria_struct/lct/input/lct_txt/NCT03868163.txt wurde erfolgreich geladen.
0
Die Daten wurden erfolgreich in '/work/eauten2s/ec_criteria_struct/lct/evaluate/eval_p1_2/model_output/Llama-3-70B-Instruct_0_shot_tmp_1/output/Llama-3-70B-Instruct_NCT03868163_0_shot.txt' gespeichert.
File: NCT03868176 

Das File: /work/eauten2s/ec_criteria_struct/lct/input/lct_txt/NCT03868176.txt wurde erfolgreich geladen.
0
Die Daten wurden erfolgreich in '/work/eauten2s/ec_criteria_struct/lct/evaluate/eval_p1_2/model_output/Llama-3-70B-Instruct_0_shot_tmp_1/output/Llama-3-70B-Instruct_NCT03868176_0_shot.txt' gespeichert.
File: NCT03868189 

Das File: /work/eauten2s/ec_criteria_struct/lct/input/lct_txt/NCT03868189.txt wurde erfolgreich geladen.
0
Die Daten wurden erfolgreich in '/work/eauten2s/ec_criteria_struct/lct/evaluate/eval_p1_2/model_output/Llama-3-70B-Instruct_0_shot_tmp_1/output/Llama-3-70B-Instruct_NCT03868189_0_shot.txt' gespeichert.
File: NCT03868228 

Das File: /work/eauten2s/ec_criteria_struct/lct/input/lct_txt/NCT03868228.txt wurde erfolgreich geladen.
0
Die Daten wurden erfolgreich in '/work/eauten2s/ec_criteria_struct/lct/evaluate/eval_p1_2/model_output/Llama-3-70B-Instruct_0_shot_tmp_1/output/Llama-3-70B-Instruct_NCT03868228_0_shot.txt' gespeichert.
File: NCT03868241 

Das File: /work/eauten2s/ec_criteria_struct/lct/input/lct_txt/NCT03868241.txt wurde erfolgreich geladen.
0
Die Daten wurden erfolgreich in '/work/eauten2s/ec_criteria_struct/lct/evaluate/eval_p1_2/model_output/Llama-3-70B-Instruct_0_shot_tmp_1/output/Llama-3-70B-Instruct_NCT03868241_0_shot.txt' gespeichert.
File: NCT03868254 

Das File: /work/eauten2s/ec_criteria_struct/lct/input/lct_txt/NCT03868254.txt wurde erfolgreich geladen.
0
Die Daten wurden erfolgreich in '/work/eauten2s/ec_criteria_struct/lct/evaluate/eval_p1_2/model_output/Llama-3-70B-Instruct_0_shot_tmp_1/output/Llama-3-70B-Instruct_NCT03868254_0_shot.txt' gespeichert.
File: NCT03868267 

Das File: /work/eauten2s/ec_criteria_struct/lct/input/lct_txt/NCT03868267.txt wurde erfolgreich geladen.
0
Die Daten wurden erfolgreich in '/work/eauten2s/ec_criteria_struct/lct/evaluate/eval_p1_2/model_output/Llama-3-70B-Instruct_0_shot_tmp_1/output/Llama-3-70B-Instruct_NCT03868267_0_shot.txt' gespeichert.
File: NCT03868280 

Das File: /work/eauten2s/ec_criteria_struct/lct/input/lct_txt/NCT03868280.txt wurde erfolgreich geladen.
0
Die Daten wurden erfolgreich in '/work/eauten2s/ec_criteria_struct/lct/evaluate/eval_p1_2/model_output/Llama-3-70B-Instruct_0_shot_tmp_1/output/Llama-3-70B-Instruct_NCT03868280_0_shot.txt' gespeichert.
File: NCT03868306 

Das File: /work/eauten2s/ec_criteria_struct/lct/input/lct_txt/NCT03868306.txt wurde erfolgreich geladen.
0
Die Daten wurden erfolgreich in '/work/eauten2s/ec_criteria_struct/lct/evaluate/eval_p1_2/model_output/Llama-3-70B-Instruct_0_shot_tmp_1/output/Llama-3-70B-Instruct_NCT03868306_0_shot.txt' gespeichert.
File: NCT03868319 

Das File: /work/eauten2s/ec_criteria_struct/lct/input/lct_txt/NCT03868319.txt wurde erfolgreich geladen.
0
Die Daten wurden erfolgreich in '/work/eauten2s/ec_criteria_struct/lct/evaluate/eval_p1_2/model_output/Llama-3-70B-Instruct_0_shot_tmp_1/output/Llama-3-70B-Instruct_NCT03868319_0_shot.txt' gespeichert.
File: NCT03868332 

Das File: /work/eauten2s/ec_criteria_struct/lct/input/lct_txt/NCT03868332.txt wurde erfolgreich geladen.
0
Die Daten wurden erfolgreich in '/work/eauten2s/ec_criteria_struct/lct/evaluate/eval_p1_2/model_output/Llama-3-70B-Instruct_0_shot_tmp_1/output/Llama-3-70B-Instruct_NCT03868332_0_shot.txt' gespeichert.
File: NCT03868345 

Das File: /work/eauten2s/ec_criteria_struct/lct/input/lct_txt/NCT03868345.txt wurde erfolgreich geladen.
0
Die Daten wurden erfolgreich in '/work/eauten2s/ec_criteria_struct/lct/evaluate/eval_p1_2/model_output/Llama-3-70B-Instruct_0_shot_tmp_1/output/Llama-3-70B-Instruct_NCT03868345_0_shot.txt' gespeichert.
File: NCT03868358 

Das File: /work/eauten2s/ec_criteria_struct/lct/input/lct_txt/NCT03868358.txt wurde erfolgreich geladen.
0
Die Daten wurden erfolgreich in '/work/eauten2s/ec_criteria_struct/lct/evaluate/eval_p1_2/model_output/Llama-3-70B-Instruct_0_shot_tmp_1/output/Llama-3-70B-Instruct_NCT03868358_0_shot.txt' gespeichert.
File: NCT03868371 

Das File: /work/eauten2s/ec_criteria_struct/lct/input/lct_txt/NCT03868371.txt wurde erfolgreich geladen.
0
Die Daten wurden erfolgreich in '/work/eauten2s/ec_criteria_struct/lct/evaluate/eval_p1_2/model_output/Llama-3-70B-Instruct_0_shot_tmp_1/output/Llama-3-70B-Instruct_NCT03868371_0_shot.txt' gespeichert.
File: NCT03868384 

Das File: /work/eauten2s/ec_criteria_struct/lct/input/lct_txt/NCT03868384.txt wurde erfolgreich geladen.
0
Die Daten wurden erfolgreich in '/work/eauten2s/ec_criteria_struct/lct/evaluate/eval_p1_2/model_output/Llama-3-70B-Instruct_0_shot_tmp_1/output/Llama-3-70B-Instruct_NCT03868384_0_shot.txt' gespeichert.
File: NCT03868397 

Das File: /work/eauten2s/ec_criteria_struct/lct/input/lct_txt/NCT03868397.txt wurde erfolgreich geladen.
0
Die Daten wurden erfolgreich in '/work/eauten2s/ec_criteria_struct/lct/evaluate/eval_p1_2/model_output/Llama-3-70B-Instruct_0_shot_tmp_1/output/Llama-3-70B-Instruct_NCT03868397_0_shot.txt' gespeichert.
File: NCT03868436 

Das File: /work/eauten2s/ec_criteria_struct/lct/input/lct_txt/NCT03868436.txt wurde erfolgreich geladen.
0
Die Daten wurden erfolgreich in '/work/eauten2s/ec_criteria_struct/lct/evaluate/eval_p1_2/model_output/Llama-3-70B-Instruct_0_shot_tmp_1/output/Llama-3-70B-Instruct_NCT03868436_0_shot.txt' gespeichert.
File: NCT03868449 

Das File: /work/eauten2s/ec_criteria_struct/lct/input/lct_txt/NCT03868449.txt wurde erfolgreich geladen.
0
Die Daten wurden erfolgreich in '/work/eauten2s/ec_criteria_struct/lct/evaluate/eval_p1_2/model_output/Llama-3-70B-Instruct_0_shot_tmp_1/output/Llama-3-70B-Instruct_NCT03868449_0_shot.txt' gespeichert.
File: NCT03868475 

Das File: /work/eauten2s/ec_criteria_struct/lct/input/lct_txt/NCT03868475.txt wurde erfolgreich geladen.
0
Die Daten wurden erfolgreich in '/work/eauten2s/ec_criteria_struct/lct/evaluate/eval_p1_2/model_output/Llama-3-70B-Instruct_0_shot_tmp_1/output/Llama-3-70B-Instruct_NCT03868475_0_shot.txt' gespeichert.
File: NCT03868488 

Das File: /work/eauten2s/ec_criteria_struct/lct/input/lct_txt/NCT03868488.txt wurde erfolgreich geladen.
0
Die Daten wurden erfolgreich in '/work/eauten2s/ec_criteria_struct/lct/evaluate/eval_p1_2/model_output/Llama-3-70B-Instruct_0_shot_tmp_1/output/Llama-3-70B-Instruct_NCT03868488_0_shot.txt' gespeichert.
File: NCT03868514 

Das File: /work/eauten2s/ec_criteria_struct/lct/input/lct_txt/NCT03868514.txt wurde erfolgreich geladen.
0
Die Daten wurden erfolgreich in '/work/eauten2s/ec_criteria_struct/lct/evaluate/eval_p1_2/model_output/Llama-3-70B-Instruct_0_shot_tmp_1/output/Llama-3-70B-Instruct_NCT03868514_0_shot.txt' gespeichert.
File: NCT03868527 

Das File: /work/eauten2s/ec_criteria_struct/lct/input/lct_txt/NCT03868527.txt wurde erfolgreich geladen.
0
Die Daten wurden erfolgreich in '/work/eauten2s/ec_criteria_struct/lct/evaluate/eval_p1_2/model_output/Llama-3-70B-Instruct_0_shot_tmp_1/output/Llama-3-70B-Instruct_NCT03868527_0_shot.txt' gespeichert.
File: NCT03868579 

Das File: /work/eauten2s/ec_criteria_struct/lct/input/lct_txt/NCT03868579.txt wurde erfolgreich geladen.
0
Die Daten wurden erfolgreich in '/work/eauten2s/ec_criteria_struct/lct/evaluate/eval_p1_2/model_output/Llama-3-70B-Instruct_0_shot_tmp_1/output/Llama-3-70B-Instruct_NCT03868579_0_shot.txt' gespeichert.
File: NCT03868592 

Das File: /work/eauten2s/ec_criteria_struct/lct/input/lct_txt/NCT03868592.txt wurde erfolgreich geladen.
0
Die Daten wurden erfolgreich in '/work/eauten2s/ec_criteria_struct/lct/evaluate/eval_p1_2/model_output/Llama-3-70B-Instruct_0_shot_tmp_1/output/Llama-3-70B-Instruct_NCT03868592_0_shot.txt' gespeichert.
File: NCT03868605 

Das File: /work/eauten2s/ec_criteria_struct/lct/input/lct_txt/NCT03868605.txt wurde erfolgreich geladen.
0
Die Daten wurden erfolgreich in '/work/eauten2s/ec_criteria_struct/lct/evaluate/eval_p1_2/model_output/Llama-3-70B-Instruct_0_shot_tmp_1/output/Llama-3-70B-Instruct_NCT03868605_0_shot.txt' gespeichert.
File: NCT03868618 

Das File: /work/eauten2s/ec_criteria_struct/lct/input/lct_txt/NCT03868618.txt wurde erfolgreich geladen.
0
Die Daten wurden erfolgreich in '/work/eauten2s/ec_criteria_struct/lct/evaluate/eval_p1_2/model_output/Llama-3-70B-Instruct_0_shot_tmp_1/output/Llama-3-70B-Instruct_NCT03868618_0_shot.txt' gespeichert.
File: NCT03868631 

Das File: /work/eauten2s/ec_criteria_struct/lct/input/lct_txt/NCT03868631.txt wurde erfolgreich geladen.
0
Die Daten wurden erfolgreich in '/work/eauten2s/ec_criteria_struct/lct/evaluate/eval_p1_2/model_output/Llama-3-70B-Instruct_0_shot_tmp_1/output/Llama-3-70B-Instruct_NCT03868631_0_shot.txt' gespeichert.
File: NCT03868644 

Das File: /work/eauten2s/ec_criteria_struct/lct/input/lct_txt/NCT03868644.txt wurde erfolgreich geladen.
0
Die Daten wurden erfolgreich in '/work/eauten2s/ec_criteria_struct/lct/evaluate/eval_p1_2/model_output/Llama-3-70B-Instruct_0_shot_tmp_1/output/Llama-3-70B-Instruct_NCT03868644_0_shot.txt' gespeichert.
File: NCT03868657 

Das File: /work/eauten2s/ec_criteria_struct/lct/input/lct_txt/NCT03868657.txt wurde erfolgreich geladen.
0
Die Daten wurden erfolgreich in '/work/eauten2s/ec_criteria_struct/lct/evaluate/eval_p1_2/model_output/Llama-3-70B-Instruct_0_shot_tmp_1/output/Llama-3-70B-Instruct_NCT03868657_0_shot.txt' gespeichert.
File: NCT03868670 

Das File: /work/eauten2s/ec_criteria_struct/lct/input/lct_txt/NCT03868670.txt wurde erfolgreich geladen.
0
Die Daten wurden erfolgreich in '/work/eauten2s/ec_criteria_struct/lct/evaluate/eval_p1_2/model_output/Llama-3-70B-Instruct_0_shot_tmp_1/output/Llama-3-70B-Instruct_NCT03868670_0_shot.txt' gespeichert.
File: NCT03868683 

Das File: /work/eauten2s/ec_criteria_struct/lct/input/lct_txt/NCT03868683.txt wurde erfolgreich geladen.
0
Die Daten wurden erfolgreich in '/work/eauten2s/ec_criteria_struct/lct/evaluate/eval_p1_2/model_output/Llama-3-70B-Instruct_0_shot_tmp_1/output/Llama-3-70B-Instruct_NCT03868683_0_shot.txt' gespeichert.
File: NCT03868696 

Das File: /work/eauten2s/ec_criteria_struct/lct/input/lct_txt/NCT03868696.txt wurde erfolgreich geladen.
0
Die Daten wurden erfolgreich in '/work/eauten2s/ec_criteria_struct/lct/evaluate/eval_p1_2/model_output/Llama-3-70B-Instruct_0_shot_tmp_1/output/Llama-3-70B-Instruct_NCT03868696_0_shot.txt' gespeichert.
File: NCT03868709 

Das File: /work/eauten2s/ec_criteria_struct/lct/input/lct_txt/NCT03868709.txt wurde erfolgreich geladen.
0
Die Daten wurden erfolgreich in '/work/eauten2s/ec_criteria_struct/lct/evaluate/eval_p1_2/model_output/Llama-3-70B-Instruct_0_shot_tmp_1/output/Llama-3-70B-Instruct_NCT03868709_0_shot.txt' gespeichert.
File: NCT03868735 

Das File: /work/eauten2s/ec_criteria_struct/lct/input/lct_txt/NCT03868735.txt wurde erfolgreich geladen.
0
Die Daten wurden erfolgreich in '/work/eauten2s/ec_criteria_struct/lct/evaluate/eval_p1_2/model_output/Llama-3-70B-Instruct_0_shot_tmp_1/output/Llama-3-70B-Instruct_NCT03868735_0_shot.txt' gespeichert.
File: NCT03868761 

Das File: /work/eauten2s/ec_criteria_struct/lct/input/lct_txt/NCT03868761.txt wurde erfolgreich geladen.
0
Die Daten wurden erfolgreich in '/work/eauten2s/ec_criteria_struct/lct/evaluate/eval_p1_2/model_output/Llama-3-70B-Instruct_0_shot_tmp_1/output/Llama-3-70B-Instruct_NCT03868761_0_shot.txt' gespeichert.
File: NCT03868774 

Das File: /work/eauten2s/ec_criteria_struct/lct/input/lct_txt/NCT03868774.txt wurde erfolgreich geladen.
0
Die Daten wurden erfolgreich in '/work/eauten2s/ec_criteria_struct/lct/evaluate/eval_p1_2/model_output/Llama-3-70B-Instruct_0_shot_tmp_1/output/Llama-3-70B-Instruct_NCT03868774_0_shot.txt' gespeichert.
File: NCT03868787 

Das File: /work/eauten2s/ec_criteria_struct/lct/input/lct_txt/NCT03868787.txt wurde erfolgreich geladen.
0
Die Daten wurden erfolgreich in '/work/eauten2s/ec_criteria_struct/lct/evaluate/eval_p1_2/model_output/Llama-3-70B-Instruct_0_shot_tmp_1/output/Llama-3-70B-Instruct_NCT03868787_0_shot.txt' gespeichert.
File: NCT03868800 

Das File: /work/eauten2s/ec_criteria_struct/lct/input/lct_txt/NCT03868800.txt wurde erfolgreich geladen.
0
Die Daten wurden erfolgreich in '/work/eauten2s/ec_criteria_struct/lct/evaluate/eval_p1_2/model_output/Llama-3-70B-Instruct_0_shot_tmp_1/output/Llama-3-70B-Instruct_NCT03868800_0_shot.txt' gespeichert.
File: NCT03868813 

Das File: /work/eauten2s/ec_criteria_struct/lct/input/lct_txt/NCT03868813.txt wurde erfolgreich geladen.
0
Die Daten wurden erfolgreich in '/work/eauten2s/ec_criteria_struct/lct/evaluate/eval_p1_2/model_output/Llama-3-70B-Instruct_0_shot_tmp_1/output/Llama-3-70B-Instruct_NCT03868813_0_shot.txt' gespeichert.
File: NCT03868826 

Das File: /work/eauten2s/ec_criteria_struct/lct/input/lct_txt/NCT03868826.txt wurde erfolgreich geladen.
0
Die Daten wurden erfolgreich in '/work/eauten2s/ec_criteria_struct/lct/evaluate/eval_p1_2/model_output/Llama-3-70B-Instruct_0_shot_tmp_1/output/Llama-3-70B-Instruct_NCT03868826_0_shot.txt' gespeichert.
File: NCT03868852 

Das File: /work/eauten2s/ec_criteria_struct/lct/input/lct_txt/NCT03868852.txt wurde erfolgreich geladen.
0
Die Daten wurden erfolgreich in '/work/eauten2s/ec_criteria_struct/lct/evaluate/eval_p1_2/model_output/Llama-3-70B-Instruct_0_shot_tmp_1/output/Llama-3-70B-Instruct_NCT03868852_0_shot.txt' gespeichert.
File: NCT03868865 

Das File: /work/eauten2s/ec_criteria_struct/lct/input/lct_txt/NCT03868865.txt wurde erfolgreich geladen.
0
Die Daten wurden erfolgreich in '/work/eauten2s/ec_criteria_struct/lct/evaluate/eval_p1_2/model_output/Llama-3-70B-Instruct_0_shot_tmp_1/output/Llama-3-70B-Instruct_NCT03868865_0_shot.txt' gespeichert.
File: NCT03868878 

Das File: /work/eauten2s/ec_criteria_struct/lct/input/lct_txt/NCT03868878.txt wurde erfolgreich geladen.
0
Die Daten wurden erfolgreich in '/work/eauten2s/ec_criteria_struct/lct/evaluate/eval_p1_2/model_output/Llama-3-70B-Instruct_0_shot_tmp_1/output/Llama-3-70B-Instruct_NCT03868878_0_shot.txt' gespeichert.
File: NCT03868891 

Das File: /work/eauten2s/ec_criteria_struct/lct/input/lct_txt/NCT03868891.txt wurde erfolgreich geladen.
0
Die Daten wurden erfolgreich in '/work/eauten2s/ec_criteria_struct/lct/evaluate/eval_p1_2/model_output/Llama-3-70B-Instruct_0_shot_tmp_1/output/Llama-3-70B-Instruct_NCT03868891_0_shot.txt' gespeichert.
File: NCT03868904 

Das File: /work/eauten2s/ec_criteria_struct/lct/input/lct_txt/NCT03868904.txt wurde erfolgreich geladen.
0
Die Daten wurden erfolgreich in '/work/eauten2s/ec_criteria_struct/lct/evaluate/eval_p1_2/model_output/Llama-3-70B-Instruct_0_shot_tmp_1/output/Llama-3-70B-Instruct_NCT03868904_0_shot.txt' gespeichert.
File: NCT03868917 

Das File: /work/eauten2s/ec_criteria_struct/lct/input/lct_txt/NCT03868917.txt wurde erfolgreich geladen.
0
Die Daten wurden erfolgreich in '/work/eauten2s/ec_criteria_struct/lct/evaluate/eval_p1_2/model_output/Llama-3-70B-Instruct_0_shot_tmp_1/output/Llama-3-70B-Instruct_NCT03868917_0_shot.txt' gespeichert.
File: NCT03868930 

Das File: /work/eauten2s/ec_criteria_struct/lct/input/lct_txt/NCT03868930.txt wurde erfolgreich geladen.
0
Die Daten wurden erfolgreich in '/work/eauten2s/ec_criteria_struct/lct/evaluate/eval_p1_2/model_output/Llama-3-70B-Instruct_0_shot_tmp_1/output/Llama-3-70B-Instruct_NCT03868930_0_shot.txt' gespeichert.
File: NCT03868956 

Das File: /work/eauten2s/ec_criteria_struct/lct/input/lct_txt/NCT03868956.txt wurde erfolgreich geladen.
0
Die Daten wurden erfolgreich in '/work/eauten2s/ec_criteria_struct/lct/evaluate/eval_p1_2/model_output/Llama-3-70B-Instruct_0_shot_tmp_1/output/Llama-3-70B-Instruct_NCT03868956_0_shot.txt' gespeichert.
File: NCT03868969 

Das File: /work/eauten2s/ec_criteria_struct/lct/input/lct_txt/NCT03868969.txt wurde erfolgreich geladen.
0
Die Daten wurden erfolgreich in '/work/eauten2s/ec_criteria_struct/lct/evaluate/eval_p1_2/model_output/Llama-3-70B-Instruct_0_shot_tmp_1/output/Llama-3-70B-Instruct_NCT03868969_0_shot.txt' gespeichert.
File: NCT03868982 

Das File: /work/eauten2s/ec_criteria_struct/lct/input/lct_txt/NCT03868982.txt wurde erfolgreich geladen.
0
Die Daten wurden erfolgreich in '/work/eauten2s/ec_criteria_struct/lct/evaluate/eval_p1_2/model_output/Llama-3-70B-Instruct_0_shot_tmp_1/output/Llama-3-70B-Instruct_NCT03868982_0_shot.txt' gespeichert.
File: NCT03868995 

Das File: /work/eauten2s/ec_criteria_struct/lct/input/lct_txt/NCT03868995.txt wurde erfolgreich geladen.
0
Die Daten wurden erfolgreich in '/work/eauten2s/ec_criteria_struct/lct/evaluate/eval_p1_2/model_output/Llama-3-70B-Instruct_0_shot_tmp_1/output/Llama-3-70B-Instruct_NCT03868995_0_shot.txt' gespeichert.
File: NCT03869008 

Das File: /work/eauten2s/ec_criteria_struct/lct/input/lct_txt/NCT03869008.txt wurde erfolgreich geladen.
0
Die Daten wurden erfolgreich in '/work/eauten2s/ec_criteria_struct/lct/evaluate/eval_p1_2/model_output/Llama-3-70B-Instruct_0_shot_tmp_1/output/Llama-3-70B-Instruct_NCT03869008_0_shot.txt' gespeichert.
File: NCT03869021 

Das File: /work/eauten2s/ec_criteria_struct/lct/input/lct_txt/NCT03869021.txt wurde erfolgreich geladen.
0
Die Daten wurden erfolgreich in '/work/eauten2s/ec_criteria_struct/lct/evaluate/eval_p1_2/model_output/Llama-3-70B-Instruct_0_shot_tmp_1/output/Llama-3-70B-Instruct_NCT03869021_0_shot.txt' gespeichert.
File: NCT03869047 

Das File: /work/eauten2s/ec_criteria_struct/lct/input/lct_txt/NCT03869047.txt wurde erfolgreich geladen.
0
Die Daten wurden erfolgreich in '/work/eauten2s/ec_criteria_struct/lct/evaluate/eval_p1_2/model_output/Llama-3-70B-Instruct_0_shot_tmp_1/output/Llama-3-70B-Instruct_NCT03869047_0_shot.txt' gespeichert.
File: NCT03869073 

Das File: /work/eauten2s/ec_criteria_struct/lct/input/lct_txt/NCT03869073.txt wurde erfolgreich geladen.
0
Die Daten wurden erfolgreich in '/work/eauten2s/ec_criteria_struct/lct/evaluate/eval_p1_2/model_output/Llama-3-70B-Instruct_0_shot_tmp_1/output/Llama-3-70B-Instruct_NCT03869073_0_shot.txt' gespeichert.
File: NCT03869086 

Das File: /work/eauten2s/ec_criteria_struct/lct/input/lct_txt/NCT03869086.txt wurde erfolgreich geladen.
0
Die Daten wurden erfolgreich in '/work/eauten2s/ec_criteria_struct/lct/evaluate/eval_p1_2/model_output/Llama-3-70B-Instruct_0_shot_tmp_1/output/Llama-3-70B-Instruct_NCT03869086_0_shot.txt' gespeichert.
File: NCT03869112 

Das File: /work/eauten2s/ec_criteria_struct/lct/input/lct_txt/NCT03869112.txt wurde erfolgreich geladen.
0
Die Daten wurden erfolgreich in '/work/eauten2s/ec_criteria_struct/lct/evaluate/eval_p1_2/model_output/Llama-3-70B-Instruct_0_shot_tmp_1/output/Llama-3-70B-Instruct_NCT03869112_0_shot.txt' gespeichert.
File: NCT03869125 

Das File: /work/eauten2s/ec_criteria_struct/lct/input/lct_txt/NCT03869125.txt wurde erfolgreich geladen.
0
Die Daten wurden erfolgreich in '/work/eauten2s/ec_criteria_struct/lct/evaluate/eval_p1_2/model_output/Llama-3-70B-Instruct_0_shot_tmp_1/output/Llama-3-70B-Instruct_NCT03869125_0_shot.txt' gespeichert.
File: NCT03869151 

Das File: /work/eauten2s/ec_criteria_struct/lct/input/lct_txt/NCT03869151.txt wurde erfolgreich geladen.
0
Die Daten wurden erfolgreich in '/work/eauten2s/ec_criteria_struct/lct/evaluate/eval_p1_2/model_output/Llama-3-70B-Instruct_0_shot_tmp_1/output/Llama-3-70B-Instruct_NCT03869151_0_shot.txt' gespeichert.
File: NCT03869164 

Das File: /work/eauten2s/ec_criteria_struct/lct/input/lct_txt/NCT03869164.txt wurde erfolgreich geladen.
0
Die Daten wurden erfolgreich in '/work/eauten2s/ec_criteria_struct/lct/evaluate/eval_p1_2/model_output/Llama-3-70B-Instruct_0_shot_tmp_1/output/Llama-3-70B-Instruct_NCT03869164_0_shot.txt' gespeichert.
File: NCT03869203 

Das File: /work/eauten2s/ec_criteria_struct/lct/input/lct_txt/NCT03869203.txt wurde erfolgreich geladen.
0
Die Daten wurden erfolgreich in '/work/eauten2s/ec_criteria_struct/lct/evaluate/eval_p1_2/model_output/Llama-3-70B-Instruct_0_shot_tmp_1/output/Llama-3-70B-Instruct_NCT03869203_0_shot.txt' gespeichert.
File: NCT03869216 

Das File: /work/eauten2s/ec_criteria_struct/lct/input/lct_txt/NCT03869216.txt wurde erfolgreich geladen.
0
Die Daten wurden erfolgreich in '/work/eauten2s/ec_criteria_struct/lct/evaluate/eval_p1_2/model_output/Llama-3-70B-Instruct_0_shot_tmp_1/output/Llama-3-70B-Instruct_NCT03869216_0_shot.txt' gespeichert.
File: NCT03869255 

Das File: /work/eauten2s/ec_criteria_struct/lct/input/lct_txt/NCT03869255.txt wurde erfolgreich geladen.
0
Die Daten wurden erfolgreich in '/work/eauten2s/ec_criteria_struct/lct/evaluate/eval_p1_2/model_output/Llama-3-70B-Instruct_0_shot_tmp_1/output/Llama-3-70B-Instruct_NCT03869255_0_shot.txt' gespeichert.
File: NCT03869281 

Das File: /work/eauten2s/ec_criteria_struct/lct/input/lct_txt/NCT03869281.txt wurde erfolgreich geladen.
0
Die Daten wurden erfolgreich in '/work/eauten2s/ec_criteria_struct/lct/evaluate/eval_p1_2/model_output/Llama-3-70B-Instruct_0_shot_tmp_1/output/Llama-3-70B-Instruct_NCT03869281_0_shot.txt' gespeichert.
File: NCT03869294 

Das File: /work/eauten2s/ec_criteria_struct/lct/input/lct_txt/NCT03869294.txt wurde erfolgreich geladen.
0
Die Daten wurden erfolgreich in '/work/eauten2s/ec_criteria_struct/lct/evaluate/eval_p1_2/model_output/Llama-3-70B-Instruct_0_shot_tmp_1/output/Llama-3-70B-Instruct_NCT03869294_0_shot.txt' gespeichert.
File: NCT03869307 

Das File: /work/eauten2s/ec_criteria_struct/lct/input/lct_txt/NCT03869307.txt wurde erfolgreich geladen.
0
Die Daten wurden erfolgreich in '/work/eauten2s/ec_criteria_struct/lct/evaluate/eval_p1_2/model_output/Llama-3-70B-Instruct_0_shot_tmp_1/output/Llama-3-70B-Instruct_NCT03869307_0_shot.txt' gespeichert.
File: NCT03869346 

Das File: /work/eauten2s/ec_criteria_struct/lct/input/lct_txt/NCT03869346.txt wurde erfolgreich geladen.
0
Die Daten wurden erfolgreich in '/work/eauten2s/ec_criteria_struct/lct/evaluate/eval_p1_2/model_output/Llama-3-70B-Instruct_0_shot_tmp_1/output/Llama-3-70B-Instruct_NCT03869346_0_shot.txt' gespeichert.
File: NCT03869359 

Das File: /work/eauten2s/ec_criteria_struct/lct/input/lct_txt/NCT03869359.txt wurde erfolgreich geladen.
0
Die Daten wurden erfolgreich in '/work/eauten2s/ec_criteria_struct/lct/evaluate/eval_p1_2/model_output/Llama-3-70B-Instruct_0_shot_tmp_1/output/Llama-3-70B-Instruct_NCT03869359_0_shot.txt' gespeichert.
File: NCT03869372 

Das File: /work/eauten2s/ec_criteria_struct/lct/input/lct_txt/NCT03869372.txt wurde erfolgreich geladen.
0
Die Daten wurden erfolgreich in '/work/eauten2s/ec_criteria_struct/lct/evaluate/eval_p1_2/model_output/Llama-3-70B-Instruct_0_shot_tmp_1/output/Llama-3-70B-Instruct_NCT03869372_0_shot.txt' gespeichert.
File: NCT03869398 

Das File: /work/eauten2s/ec_criteria_struct/lct/input/lct_txt/NCT03869398.txt wurde erfolgreich geladen.
0
Die Daten wurden erfolgreich in '/work/eauten2s/ec_criteria_struct/lct/evaluate/eval_p1_2/model_output/Llama-3-70B-Instruct_0_shot_tmp_1/output/Llama-3-70B-Instruct_NCT03869398_0_shot.txt' gespeichert.
File: NCT03869411 

Das File: /work/eauten2s/ec_criteria_struct/lct/input/lct_txt/NCT03869411.txt wurde erfolgreich geladen.
0
Die Daten wurden erfolgreich in '/work/eauten2s/ec_criteria_struct/lct/evaluate/eval_p1_2/model_output/Llama-3-70B-Instruct_0_shot_tmp_1/output/Llama-3-70B-Instruct_NCT03869411_0_shot.txt' gespeichert.
File: NCT03869424 

Das File: /work/eauten2s/ec_criteria_struct/lct/input/lct_txt/NCT03869424.txt wurde erfolgreich geladen.
0
Die Daten wurden erfolgreich in '/work/eauten2s/ec_criteria_struct/lct/evaluate/eval_p1_2/model_output/Llama-3-70B-Instruct_0_shot_tmp_1/output/Llama-3-70B-Instruct_NCT03869424_0_shot.txt' gespeichert.
File: NCT03869463 

Das File: /work/eauten2s/ec_criteria_struct/lct/input/lct_txt/NCT03869463.txt wurde erfolgreich geladen.
0
Die Daten wurden erfolgreich in '/work/eauten2s/ec_criteria_struct/lct/evaluate/eval_p1_2/model_output/Llama-3-70B-Instruct_0_shot_tmp_1/output/Llama-3-70B-Instruct_NCT03869463_0_shot.txt' gespeichert.
File: NCT03869476 

Das File: /work/eauten2s/ec_criteria_struct/lct/input/lct_txt/NCT03869476.txt wurde erfolgreich geladen.
0
Die Daten wurden erfolgreich in '/work/eauten2s/ec_criteria_struct/lct/evaluate/eval_p1_2/model_output/Llama-3-70B-Instruct_0_shot_tmp_1/output/Llama-3-70B-Instruct_NCT03869476_0_shot.txt' gespeichert.
File: NCT03869489 

Das File: /work/eauten2s/ec_criteria_struct/lct/input/lct_txt/NCT03869489.txt wurde erfolgreich geladen.
0
Die Daten wurden erfolgreich in '/work/eauten2s/ec_criteria_struct/lct/evaluate/eval_p1_2/model_output/Llama-3-70B-Instruct_0_shot_tmp_1/output/Llama-3-70B-Instruct_NCT03869489_0_shot.txt' gespeichert.
File: NCT03869502 

Das File: /work/eauten2s/ec_criteria_struct/lct/input/lct_txt/NCT03869502.txt wurde erfolgreich geladen.
0
Die Daten wurden erfolgreich in '/work/eauten2s/ec_criteria_struct/lct/evaluate/eval_p1_2/model_output/Llama-3-70B-Instruct_0_shot_tmp_1/output/Llama-3-70B-Instruct_NCT03869502_0_shot.txt' gespeichert.
File: NCT03869515 

Das File: /work/eauten2s/ec_criteria_struct/lct/input/lct_txt/NCT03869515.txt wurde erfolgreich geladen.
0
Die Daten wurden erfolgreich in '/work/eauten2s/ec_criteria_struct/lct/evaluate/eval_p1_2/model_output/Llama-3-70B-Instruct_0_shot_tmp_1/output/Llama-3-70B-Instruct_NCT03869515_0_shot.txt' gespeichert.
File: NCT03869528 

Das File: /work/eauten2s/ec_criteria_struct/lct/input/lct_txt/NCT03869528.txt wurde erfolgreich geladen.
0
Die Daten wurden erfolgreich in '/work/eauten2s/ec_criteria_struct/lct/evaluate/eval_p1_2/model_output/Llama-3-70B-Instruct_0_shot_tmp_1/output/Llama-3-70B-Instruct_NCT03869528_0_shot.txt' gespeichert.
File: NCT03869541 

Das File: /work/eauten2s/ec_criteria_struct/lct/input/lct_txt/NCT03869541.txt wurde erfolgreich geladen.
0
Die Daten wurden erfolgreich in '/work/eauten2s/ec_criteria_struct/lct/evaluate/eval_p1_2/model_output/Llama-3-70B-Instruct_0_shot_tmp_1/output/Llama-3-70B-Instruct_NCT03869541_0_shot.txt' gespeichert.
File: NCT03869554 

Das File: /work/eauten2s/ec_criteria_struct/lct/input/lct_txt/NCT03869554.txt wurde erfolgreich geladen.
0
Die Daten wurden erfolgreich in '/work/eauten2s/ec_criteria_struct/lct/evaluate/eval_p1_2/model_output/Llama-3-70B-Instruct_0_shot_tmp_1/output/Llama-3-70B-Instruct_NCT03869554_0_shot.txt' gespeichert.
File: NCT03869567 

Das File: /work/eauten2s/ec_criteria_struct/lct/input/lct_txt/NCT03869567.txt wurde erfolgreich geladen.
0
Die Daten wurden erfolgreich in '/work/eauten2s/ec_criteria_struct/lct/evaluate/eval_p1_2/model_output/Llama-3-70B-Instruct_0_shot_tmp_1/output/Llama-3-70B-Instruct_NCT03869567_0_shot.txt' gespeichert.
File: NCT03869580 

Das File: /work/eauten2s/ec_criteria_struct/lct/input/lct_txt/NCT03869580.txt wurde erfolgreich geladen.
0
Die Daten wurden erfolgreich in '/work/eauten2s/ec_criteria_struct/lct/evaluate/eval_p1_2/model_output/Llama-3-70B-Instruct_0_shot_tmp_1/output/Llama-3-70B-Instruct_NCT03869580_0_shot.txt' gespeichert.
File: NCT03869593 

Das File: /work/eauten2s/ec_criteria_struct/lct/input/lct_txt/NCT03869593.txt wurde erfolgreich geladen.
0
Die Daten wurden erfolgreich in '/work/eauten2s/ec_criteria_struct/lct/evaluate/eval_p1_2/model_output/Llama-3-70B-Instruct_0_shot_tmp_1/output/Llama-3-70B-Instruct_NCT03869593_0_shot.txt' gespeichert.
File: NCT03869606 

Das File: /work/eauten2s/ec_criteria_struct/lct/input/lct_txt/NCT03869606.txt wurde erfolgreich geladen.
0
Die Daten wurden erfolgreich in '/work/eauten2s/ec_criteria_struct/lct/evaluate/eval_p1_2/model_output/Llama-3-70B-Instruct_0_shot_tmp_1/output/Llama-3-70B-Instruct_NCT03869606_0_shot.txt' gespeichert.
File: NCT03869645 

Das File: /work/eauten2s/ec_criteria_struct/lct/input/lct_txt/NCT03869645.txt wurde erfolgreich geladen.
0
Die Daten wurden erfolgreich in '/work/eauten2s/ec_criteria_struct/lct/evaluate/eval_p1_2/model_output/Llama-3-70B-Instruct_0_shot_tmp_1/output/Llama-3-70B-Instruct_NCT03869645_0_shot.txt' gespeichert.
File: NCT03869671 

Das File: /work/eauten2s/ec_criteria_struct/lct/input/lct_txt/NCT03869671.txt wurde erfolgreich geladen.
0
Die Daten wurden erfolgreich in '/work/eauten2s/ec_criteria_struct/lct/evaluate/eval_p1_2/model_output/Llama-3-70B-Instruct_0_shot_tmp_1/output/Llama-3-70B-Instruct_NCT03869671_0_shot.txt' gespeichert.
File: NCT03869684 

Das File: /work/eauten2s/ec_criteria_struct/lct/input/lct_txt/NCT03869684.txt wurde erfolgreich geladen.
0
Die Daten wurden erfolgreich in '/work/eauten2s/ec_criteria_struct/lct/evaluate/eval_p1_2/model_output/Llama-3-70B-Instruct_0_shot_tmp_1/output/Llama-3-70B-Instruct_NCT03869684_0_shot.txt' gespeichert.
File: NCT03869710 

Das File: /work/eauten2s/ec_criteria_struct/lct/input/lct_txt/NCT03869710.txt wurde erfolgreich geladen.
0
Die Daten wurden erfolgreich in '/work/eauten2s/ec_criteria_struct/lct/evaluate/eval_p1_2/model_output/Llama-3-70B-Instruct_0_shot_tmp_1/output/Llama-3-70B-Instruct_NCT03869710_0_shot.txt' gespeichert.
File: NCT03869723 

Das File: /work/eauten2s/ec_criteria_struct/lct/input/lct_txt/NCT03869723.txt wurde erfolgreich geladen.
0
Die Daten wurden erfolgreich in '/work/eauten2s/ec_criteria_struct/lct/evaluate/eval_p1_2/model_output/Llama-3-70B-Instruct_0_shot_tmp_1/output/Llama-3-70B-Instruct_NCT03869723_0_shot.txt' gespeichert.
File: NCT03869749 

Das File: /work/eauten2s/ec_criteria_struct/lct/input/lct_txt/NCT03869749.txt wurde erfolgreich geladen.
0
Die Daten wurden erfolgreich in '/work/eauten2s/ec_criteria_struct/lct/evaluate/eval_p1_2/model_output/Llama-3-70B-Instruct_0_shot_tmp_1/output/Llama-3-70B-Instruct_NCT03869749_0_shot.txt' gespeichert.
File: NCT03869775 

Das File: /work/eauten2s/ec_criteria_struct/lct/input/lct_txt/NCT03869775.txt wurde erfolgreich geladen.
0
Die Daten wurden erfolgreich in '/work/eauten2s/ec_criteria_struct/lct/evaluate/eval_p1_2/model_output/Llama-3-70B-Instruct_0_shot_tmp_1/output/Llama-3-70B-Instruct_NCT03869775_0_shot.txt' gespeichert.
File: NCT03869788 

Das File: /work/eauten2s/ec_criteria_struct/lct/input/lct_txt/NCT03869788.txt wurde erfolgreich geladen.
0
Die Daten wurden erfolgreich in '/work/eauten2s/ec_criteria_struct/lct/evaluate/eval_p1_2/model_output/Llama-3-70B-Instruct_0_shot_tmp_1/output/Llama-3-70B-Instruct_NCT03869788_0_shot.txt' gespeichert.
File: NCT03869801 

Das File: /work/eauten2s/ec_criteria_struct/lct/input/lct_txt/NCT03869801.txt wurde erfolgreich geladen.
0
Die Daten wurden erfolgreich in '/work/eauten2s/ec_criteria_struct/lct/evaluate/eval_p1_2/model_output/Llama-3-70B-Instruct_0_shot_tmp_1/output/Llama-3-70B-Instruct_NCT03869801_0_shot.txt' gespeichert.
File: NCT03869814 

Das File: /work/eauten2s/ec_criteria_struct/lct/input/lct_txt/NCT03869814.txt wurde erfolgreich geladen.
0
Die Daten wurden erfolgreich in '/work/eauten2s/ec_criteria_struct/lct/evaluate/eval_p1_2/model_output/Llama-3-70B-Instruct_0_shot_tmp_1/output/Llama-3-70B-Instruct_NCT03869814_0_shot.txt' gespeichert.
File: NCT03869827 

Das File: /work/eauten2s/ec_criteria_struct/lct/input/lct_txt/NCT03869827.txt wurde erfolgreich geladen.
0
Die Daten wurden erfolgreich in '/work/eauten2s/ec_criteria_struct/lct/evaluate/eval_p1_2/model_output/Llama-3-70B-Instruct_0_shot_tmp_1/output/Llama-3-70B-Instruct_NCT03869827_0_shot.txt' gespeichert.
File: NCT03869879 

Das File: /work/eauten2s/ec_criteria_struct/lct/input/lct_txt/NCT03869879.txt wurde erfolgreich geladen.
0
Die Daten wurden erfolgreich in '/work/eauten2s/ec_criteria_struct/lct/evaluate/eval_p1_2/model_output/Llama-3-70B-Instruct_0_shot_tmp_1/output/Llama-3-70B-Instruct_NCT03869879_0_shot.txt' gespeichert.
File: NCT03869905 

Das File: /work/eauten2s/ec_criteria_struct/lct/input/lct_txt/NCT03869905.txt wurde erfolgreich geladen.
0
Die Daten wurden erfolgreich in '/work/eauten2s/ec_criteria_struct/lct/evaluate/eval_p1_2/model_output/Llama-3-70B-Instruct_0_shot_tmp_1/output/Llama-3-70B-Instruct_NCT03869905_0_shot.txt' gespeichert.
File: NCT03869918 

Das File: /work/eauten2s/ec_criteria_struct/lct/input/lct_txt/NCT03869918.txt wurde erfolgreich geladen.
0
Die Daten wurden erfolgreich in '/work/eauten2s/ec_criteria_struct/lct/evaluate/eval_p1_2/model_output/Llama-3-70B-Instruct_0_shot_tmp_1/output/Llama-3-70B-Instruct_NCT03869918_0_shot.txt' gespeichert.
File: NCT03869957 

Das File: /work/eauten2s/ec_criteria_struct/lct/input/lct_txt/NCT03869957.txt wurde erfolgreich geladen.
0
Die Daten wurden erfolgreich in '/work/eauten2s/ec_criteria_struct/lct/evaluate/eval_p1_2/model_output/Llama-3-70B-Instruct_0_shot_tmp_1/output/Llama-3-70B-Instruct_NCT03869957_0_shot.txt' gespeichert.
File: NCT03869970 

Das File: /work/eauten2s/ec_criteria_struct/lct/input/lct_txt/NCT03869970.txt wurde erfolgreich geladen.
0
Die Daten wurden erfolgreich in '/work/eauten2s/ec_criteria_struct/lct/evaluate/eval_p1_2/model_output/Llama-3-70B-Instruct_0_shot_tmp_1/output/Llama-3-70B-Instruct_NCT03869970_0_shot.txt' gespeichert.
File: NCT03869996 

Das File: /work/eauten2s/ec_criteria_struct/lct/input/lct_txt/NCT03869996.txt wurde erfolgreich geladen.
0
Die Daten wurden erfolgreich in '/work/eauten2s/ec_criteria_struct/lct/evaluate/eval_p1_2/model_output/Llama-3-70B-Instruct_0_shot_tmp_1/output/Llama-3-70B-Instruct_NCT03869996_0_shot.txt' gespeichert.
File: NCT03920020 

Das File: /work/eauten2s/ec_criteria_struct/lct/input/lct_txt/NCT03920020.txt wurde erfolgreich geladen.
0
Die Daten wurden erfolgreich in '/work/eauten2s/ec_criteria_struct/lct/evaluate/eval_p1_2/model_output/Llama-3-70B-Instruct_0_shot_tmp_1/output/Llama-3-70B-Instruct_NCT03920020_0_shot.txt' gespeichert.
File: NCT03920033 

Das File: /work/eauten2s/ec_criteria_struct/lct/input/lct_txt/NCT03920033.txt wurde erfolgreich geladen.
0
Die Daten wurden erfolgreich in '/work/eauten2s/ec_criteria_struct/lct/evaluate/eval_p1_2/model_output/Llama-3-70B-Instruct_0_shot_tmp_1/output/Llama-3-70B-Instruct_NCT03920033_0_shot.txt' gespeichert.
File: NCT03920046 

Das File: /work/eauten2s/ec_criteria_struct/lct/input/lct_txt/NCT03920046.txt wurde erfolgreich geladen.
0
Die Daten wurden erfolgreich in '/work/eauten2s/ec_criteria_struct/lct/evaluate/eval_p1_2/model_output/Llama-3-70B-Instruct_0_shot_tmp_1/output/Llama-3-70B-Instruct_NCT03920046_0_shot.txt' gespeichert.
File: NCT03920085 

Das File: /work/eauten2s/ec_criteria_struct/lct/input/lct_txt/NCT03920085.txt wurde erfolgreich geladen.
0
Die Daten wurden erfolgreich in '/work/eauten2s/ec_criteria_struct/lct/evaluate/eval_p1_2/model_output/Llama-3-70B-Instruct_0_shot_tmp_1/output/Llama-3-70B-Instruct_NCT03920085_0_shot.txt' gespeichert.
File: NCT03920098 

Das File: /work/eauten2s/ec_criteria_struct/lct/input/lct_txt/NCT03920098.txt wurde erfolgreich geladen.
0
Die Daten wurden erfolgreich in '/work/eauten2s/ec_criteria_struct/lct/evaluate/eval_p1_2/model_output/Llama-3-70B-Instruct_0_shot_tmp_1/output/Llama-3-70B-Instruct_NCT03920098_0_shot.txt' gespeichert.
File: NCT03920150 

Das File: /work/eauten2s/ec_criteria_struct/lct/input/lct_txt/NCT03920150.txt wurde erfolgreich geladen.
0
Die Daten wurden erfolgreich in '/work/eauten2s/ec_criteria_struct/lct/evaluate/eval_p1_2/model_output/Llama-3-70B-Instruct_0_shot_tmp_1/output/Llama-3-70B-Instruct_NCT03920150_0_shot.txt' gespeichert.
File: NCT03920241 

Das File: /work/eauten2s/ec_criteria_struct/lct/input/lct_txt/NCT03920241.txt wurde erfolgreich geladen.
0
Die Daten wurden erfolgreich in '/work/eauten2s/ec_criteria_struct/lct/evaluate/eval_p1_2/model_output/Llama-3-70B-Instruct_0_shot_tmp_1/output/Llama-3-70B-Instruct_NCT03920241_0_shot.txt' gespeichert.
File: NCT03920267 

Das File: /work/eauten2s/ec_criteria_struct/lct/input/lct_txt/NCT03920267.txt wurde erfolgreich geladen.
0
Die Daten wurden erfolgreich in '/work/eauten2s/ec_criteria_struct/lct/evaluate/eval_p1_2/model_output/Llama-3-70B-Instruct_0_shot_tmp_1/output/Llama-3-70B-Instruct_NCT03920267_0_shot.txt' gespeichert.
File: NCT03920293 

Das File: /work/eauten2s/ec_criteria_struct/lct/input/lct_txt/NCT03920293.txt wurde erfolgreich geladen.
0
Die Daten wurden erfolgreich in '/work/eauten2s/ec_criteria_struct/lct/evaluate/eval_p1_2/model_output/Llama-3-70B-Instruct_0_shot_tmp_1/output/Llama-3-70B-Instruct_NCT03920293_0_shot.txt' gespeichert.
File: NCT03920306 

Das File: /work/eauten2s/ec_criteria_struct/lct/input/lct_txt/NCT03920306.txt wurde erfolgreich geladen.
0
Die Daten wurden erfolgreich in '/work/eauten2s/ec_criteria_struct/lct/evaluate/eval_p1_2/model_output/Llama-3-70B-Instruct_0_shot_tmp_1/output/Llama-3-70B-Instruct_NCT03920306_0_shot.txt' gespeichert.
File: NCT03920319 

Das File: /work/eauten2s/ec_criteria_struct/lct/input/lct_txt/NCT03920319.txt wurde erfolgreich geladen.
0
Die Daten wurden erfolgreich in '/work/eauten2s/ec_criteria_struct/lct/evaluate/eval_p1_2/model_output/Llama-3-70B-Instruct_0_shot_tmp_1/output/Llama-3-70B-Instruct_NCT03920319_0_shot.txt' gespeichert.
File: NCT03920332 

Das File: /work/eauten2s/ec_criteria_struct/lct/input/lct_txt/NCT03920332.txt wurde erfolgreich geladen.
0
Die Daten wurden erfolgreich in '/work/eauten2s/ec_criteria_struct/lct/evaluate/eval_p1_2/model_output/Llama-3-70B-Instruct_0_shot_tmp_1/output/Llama-3-70B-Instruct_NCT03920332_0_shot.txt' gespeichert.
File: NCT03920345 

Das File: /work/eauten2s/ec_criteria_struct/lct/input/lct_txt/NCT03920345.txt wurde erfolgreich geladen.
0
Die Daten wurden erfolgreich in '/work/eauten2s/ec_criteria_struct/lct/evaluate/eval_p1_2/model_output/Llama-3-70B-Instruct_0_shot_tmp_1/output/Llama-3-70B-Instruct_NCT03920345_0_shot.txt' gespeichert.
File: NCT03920384 

Das File: /work/eauten2s/ec_criteria_struct/lct/input/lct_txt/NCT03920384.txt wurde erfolgreich geladen.
0
Die Daten wurden erfolgreich in '/work/eauten2s/ec_criteria_struct/lct/evaluate/eval_p1_2/model_output/Llama-3-70B-Instruct_0_shot_tmp_1/output/Llama-3-70B-Instruct_NCT03920384_0_shot.txt' gespeichert.
File: NCT03920397 

Das File: /work/eauten2s/ec_criteria_struct/lct/input/lct_txt/NCT03920397.txt wurde erfolgreich geladen.
0
Die Daten wurden erfolgreich in '/work/eauten2s/ec_criteria_struct/lct/evaluate/eval_p1_2/model_output/Llama-3-70B-Instruct_0_shot_tmp_1/output/Llama-3-70B-Instruct_NCT03920397_0_shot.txt' gespeichert.
File: NCT03920423 

Das File: /work/eauten2s/ec_criteria_struct/lct/input/lct_txt/NCT03920423.txt wurde erfolgreich geladen.
0
Die Daten wurden erfolgreich in '/work/eauten2s/ec_criteria_struct/lct/evaluate/eval_p1_2/model_output/Llama-3-70B-Instruct_0_shot_tmp_1/output/Llama-3-70B-Instruct_NCT03920423_0_shot.txt' gespeichert.
File: NCT03920436 

Das File: /work/eauten2s/ec_criteria_struct/lct/input/lct_txt/NCT03920436.txt wurde erfolgreich geladen.
0
Die Daten wurden erfolgreich in '/work/eauten2s/ec_criteria_struct/lct/evaluate/eval_p1_2/model_output/Llama-3-70B-Instruct_0_shot_tmp_1/output/Llama-3-70B-Instruct_NCT03920436_0_shot.txt' gespeichert.
File: NCT03920449 

Das File: /work/eauten2s/ec_criteria_struct/lct/input/lct_txt/NCT03920449.txt wurde erfolgreich geladen.
0
Die Daten wurden erfolgreich in '/work/eauten2s/ec_criteria_struct/lct/evaluate/eval_p1_2/model_output/Llama-3-70B-Instruct_0_shot_tmp_1/output/Llama-3-70B-Instruct_NCT03920449_0_shot.txt' gespeichert.
File: NCT03920462 

Das File: /work/eauten2s/ec_criteria_struct/lct/input/lct_txt/NCT03920462.txt wurde erfolgreich geladen.
0
Die Daten wurden erfolgreich in '/work/eauten2s/ec_criteria_struct/lct/evaluate/eval_p1_2/model_output/Llama-3-70B-Instruct_0_shot_tmp_1/output/Llama-3-70B-Instruct_NCT03920462_0_shot.txt' gespeichert.
File: NCT03920475 

Das File: /work/eauten2s/ec_criteria_struct/lct/input/lct_txt/NCT03920475.txt wurde erfolgreich geladen.
0
Die Daten wurden erfolgreich in '/work/eauten2s/ec_criteria_struct/lct/evaluate/eval_p1_2/model_output/Llama-3-70B-Instruct_0_shot_tmp_1/output/Llama-3-70B-Instruct_NCT03920475_0_shot.txt' gespeichert.
File: NCT03920488 

Das File: /work/eauten2s/ec_criteria_struct/lct/input/lct_txt/NCT03920488.txt wurde erfolgreich geladen.
0
Die Daten wurden erfolgreich in '/work/eauten2s/ec_criteria_struct/lct/evaluate/eval_p1_2/model_output/Llama-3-70B-Instruct_0_shot_tmp_1/output/Llama-3-70B-Instruct_NCT03920488_0_shot.txt' gespeichert.
File: NCT03920514 

Das File: /work/eauten2s/ec_criteria_struct/lct/input/lct_txt/NCT03920514.txt wurde erfolgreich geladen.
0
Die Daten wurden erfolgreich in '/work/eauten2s/ec_criteria_struct/lct/evaluate/eval_p1_2/model_output/Llama-3-70B-Instruct_0_shot_tmp_1/output/Llama-3-70B-Instruct_NCT03920514_0_shot.txt' gespeichert.
File: NCT03920527 

Das File: /work/eauten2s/ec_criteria_struct/lct/input/lct_txt/NCT03920527.txt wurde erfolgreich geladen.
0
Die Daten wurden erfolgreich in '/work/eauten2s/ec_criteria_struct/lct/evaluate/eval_p1_2/model_output/Llama-3-70B-Instruct_0_shot_tmp_1/output/Llama-3-70B-Instruct_NCT03920527_0_shot.txt' gespeichert.
File: NCT03920540 

Das File: /work/eauten2s/ec_criteria_struct/lct/input/lct_txt/NCT03920540.txt wurde erfolgreich geladen.
0
Die Daten wurden erfolgreich in '/work/eauten2s/ec_criteria_struct/lct/evaluate/eval_p1_2/model_output/Llama-3-70B-Instruct_0_shot_tmp_1/output/Llama-3-70B-Instruct_NCT03920540_0_shot.txt' gespeichert.
File: NCT03920553 

Das File: /work/eauten2s/ec_criteria_struct/lct/input/lct_txt/NCT03920553.txt wurde erfolgreich geladen.
0
Die Daten wurden erfolgreich in '/work/eauten2s/ec_criteria_struct/lct/evaluate/eval_p1_2/model_output/Llama-3-70B-Instruct_0_shot_tmp_1/output/Llama-3-70B-Instruct_NCT03920553_0_shot.txt' gespeichert.
File: NCT03920579 

Das File: /work/eauten2s/ec_criteria_struct/lct/input/lct_txt/NCT03920579.txt wurde erfolgreich geladen.
0
Die Daten wurden erfolgreich in '/work/eauten2s/ec_criteria_struct/lct/evaluate/eval_p1_2/model_output/Llama-3-70B-Instruct_0_shot_tmp_1/output/Llama-3-70B-Instruct_NCT03920579_0_shot.txt' gespeichert.
File: NCT03920592 

Das File: /work/eauten2s/ec_criteria_struct/lct/input/lct_txt/NCT03920592.txt wurde erfolgreich geladen.
0
Die Daten wurden erfolgreich in '/work/eauten2s/ec_criteria_struct/lct/evaluate/eval_p1_2/model_output/Llama-3-70B-Instruct_0_shot_tmp_1/output/Llama-3-70B-Instruct_NCT03920592_0_shot.txt' gespeichert.
File: NCT03920618 

Das File: /work/eauten2s/ec_criteria_struct/lct/input/lct_txt/NCT03920618.txt wurde erfolgreich geladen.
0
Die Daten wurden erfolgreich in '/work/eauten2s/ec_criteria_struct/lct/evaluate/eval_p1_2/model_output/Llama-3-70B-Instruct_0_shot_tmp_1/output/Llama-3-70B-Instruct_NCT03920618_0_shot.txt' gespeichert.
File: NCT03920670 

Das File: /work/eauten2s/ec_criteria_struct/lct/input/lct_txt/NCT03920670.txt wurde erfolgreich geladen.
0
Die Daten wurden erfolgreich in '/work/eauten2s/ec_criteria_struct/lct/evaluate/eval_p1_2/model_output/Llama-3-70B-Instruct_0_shot_tmp_1/output/Llama-3-70B-Instruct_NCT03920670_0_shot.txt' gespeichert.
File: NCT03920683 

Das File: /work/eauten2s/ec_criteria_struct/lct/input/lct_txt/NCT03920683.txt wurde erfolgreich geladen.
0
Die Daten wurden erfolgreich in '/work/eauten2s/ec_criteria_struct/lct/evaluate/eval_p1_2/model_output/Llama-3-70B-Instruct_0_shot_tmp_1/output/Llama-3-70B-Instruct_NCT03920683_0_shot.txt' gespeichert.
File: NCT03920696 

Das File: /work/eauten2s/ec_criteria_struct/lct/input/lct_txt/NCT03920696.txt wurde erfolgreich geladen.
0
Die Daten wurden erfolgreich in '/work/eauten2s/ec_criteria_struct/lct/evaluate/eval_p1_2/model_output/Llama-3-70B-Instruct_0_shot_tmp_1/output/Llama-3-70B-Instruct_NCT03920696_0_shot.txt' gespeichert.
File: NCT03920748 

Das File: /work/eauten2s/ec_criteria_struct/lct/input/lct_txt/NCT03920748.txt wurde erfolgreich geladen.
0
Die Daten wurden erfolgreich in '/work/eauten2s/ec_criteria_struct/lct/evaluate/eval_p1_2/model_output/Llama-3-70B-Instruct_0_shot_tmp_1/output/Llama-3-70B-Instruct_NCT03920748_0_shot.txt' gespeichert.
File: NCT03920774 

Das File: /work/eauten2s/ec_criteria_struct/lct/input/lct_txt/NCT03920774.txt wurde erfolgreich geladen.
0
Die Daten wurden erfolgreich in '/work/eauten2s/ec_criteria_struct/lct/evaluate/eval_p1_2/model_output/Llama-3-70B-Instruct_0_shot_tmp_1/output/Llama-3-70B-Instruct_NCT03920774_0_shot.txt' gespeichert.
File: NCT03920787 

Das File: /work/eauten2s/ec_criteria_struct/lct/input/lct_txt/NCT03920787.txt wurde erfolgreich geladen.
0
Die Daten wurden erfolgreich in '/work/eauten2s/ec_criteria_struct/lct/evaluate/eval_p1_2/model_output/Llama-3-70B-Instruct_0_shot_tmp_1/output/Llama-3-70B-Instruct_NCT03920787_0_shot.txt' gespeichert.
File: NCT03920800 

Das File: /work/eauten2s/ec_criteria_struct/lct/input/lct_txt/NCT03920800.txt wurde erfolgreich geladen.
0
Die Daten wurden erfolgreich in '/work/eauten2s/ec_criteria_struct/lct/evaluate/eval_p1_2/model_output/Llama-3-70B-Instruct_0_shot_tmp_1/output/Llama-3-70B-Instruct_NCT03920800_0_shot.txt' gespeichert.
File: NCT03920813 

Das File: /work/eauten2s/ec_criteria_struct/lct/input/lct_txt/NCT03920813.txt wurde erfolgreich geladen.
0
Die Daten wurden erfolgreich in '/work/eauten2s/ec_criteria_struct/lct/evaluate/eval_p1_2/model_output/Llama-3-70B-Instruct_0_shot_tmp_1/output/Llama-3-70B-Instruct_NCT03920813_0_shot.txt' gespeichert.
File: NCT03920878 

Das File: /work/eauten2s/ec_criteria_struct/lct/input/lct_txt/NCT03920878.txt wurde erfolgreich geladen.
0
Die Daten wurden erfolgreich in '/work/eauten2s/ec_criteria_struct/lct/evaluate/eval_p1_2/model_output/Llama-3-70B-Instruct_0_shot_tmp_1/output/Llama-3-70B-Instruct_NCT03920878_0_shot.txt' gespeichert.
File: NCT03920891 

Das File: /work/eauten2s/ec_criteria_struct/lct/input/lct_txt/NCT03920891.txt wurde erfolgreich geladen.
0
Die Daten wurden erfolgreich in '/work/eauten2s/ec_criteria_struct/lct/evaluate/eval_p1_2/model_output/Llama-3-70B-Instruct_0_shot_tmp_1/output/Llama-3-70B-Instruct_NCT03920891_0_shot.txt' gespeichert.
File: NCT03920904 

Das File: /work/eauten2s/ec_criteria_struct/lct/input/lct_txt/NCT03920904.txt wurde erfolgreich geladen.
0
Die Daten wurden erfolgreich in '/work/eauten2s/ec_criteria_struct/lct/evaluate/eval_p1_2/model_output/Llama-3-70B-Instruct_0_shot_tmp_1/output/Llama-3-70B-Instruct_NCT03920904_0_shot.txt' gespeichert.
File: NCT03920917 

Das File: /work/eauten2s/ec_criteria_struct/lct/input/lct_txt/NCT03920917.txt wurde erfolgreich geladen.
0
Die Daten wurden erfolgreich in '/work/eauten2s/ec_criteria_struct/lct/evaluate/eval_p1_2/model_output/Llama-3-70B-Instruct_0_shot_tmp_1/output/Llama-3-70B-Instruct_NCT03920917_0_shot.txt' gespeichert.
File: NCT03920930 

Das File: /work/eauten2s/ec_criteria_struct/lct/input/lct_txt/NCT03920930.txt wurde erfolgreich geladen.
0
Die Daten wurden erfolgreich in '/work/eauten2s/ec_criteria_struct/lct/evaluate/eval_p1_2/model_output/Llama-3-70B-Instruct_0_shot_tmp_1/output/Llama-3-70B-Instruct_NCT03920930_0_shot.txt' gespeichert.
File: NCT03921034 

Das File: /work/eauten2s/ec_criteria_struct/lct/input/lct_txt/NCT03921034.txt wurde erfolgreich geladen.
0
Die Daten wurden erfolgreich in '/work/eauten2s/ec_criteria_struct/lct/evaluate/eval_p1_2/model_output/Llama-3-70B-Instruct_0_shot_tmp_1/output/Llama-3-70B-Instruct_NCT03921034_0_shot.txt' gespeichert.
File: NCT03921047 

Das File: /work/eauten2s/ec_criteria_struct/lct/input/lct_txt/NCT03921047.txt wurde erfolgreich geladen.
0
Die Daten wurden erfolgreich in '/work/eauten2s/ec_criteria_struct/lct/evaluate/eval_p1_2/model_output/Llama-3-70B-Instruct_0_shot_tmp_1/output/Llama-3-70B-Instruct_NCT03921047_0_shot.txt' gespeichert.
File: NCT03921060 

Das File: /work/eauten2s/ec_criteria_struct/lct/input/lct_txt/NCT03921060.txt wurde erfolgreich geladen.
0
Die Daten wurden erfolgreich in '/work/eauten2s/ec_criteria_struct/lct/evaluate/eval_p1_2/model_output/Llama-3-70B-Instruct_0_shot_tmp_1/output/Llama-3-70B-Instruct_NCT03921060_0_shot.txt' gespeichert.
File: NCT03921086 

Das File: /work/eauten2s/ec_criteria_struct/lct/input/lct_txt/NCT03921086.txt wurde erfolgreich geladen.
0
Die Daten wurden erfolgreich in '/work/eauten2s/ec_criteria_struct/lct/evaluate/eval_p1_2/model_output/Llama-3-70B-Instruct_0_shot_tmp_1/output/Llama-3-70B-Instruct_NCT03921086_0_shot.txt' gespeichert.
File: NCT03921099 

Das File: /work/eauten2s/ec_criteria_struct/lct/input/lct_txt/NCT03921099.txt wurde erfolgreich geladen.
0
Die Daten wurden erfolgreich in '/work/eauten2s/ec_criteria_struct/lct/evaluate/eval_p1_2/model_output/Llama-3-70B-Instruct_0_shot_tmp_1/output/Llama-3-70B-Instruct_NCT03921099_0_shot.txt' gespeichert.
File: NCT03921112 

Das File: /work/eauten2s/ec_criteria_struct/lct/input/lct_txt/NCT03921112.txt wurde erfolgreich geladen.
0
Die Daten wurden erfolgreich in '/work/eauten2s/ec_criteria_struct/lct/evaluate/eval_p1_2/model_output/Llama-3-70B-Instruct_0_shot_tmp_1/output/Llama-3-70B-Instruct_NCT03921112_0_shot.txt' gespeichert.
File: NCT03921125 

Das File: /work/eauten2s/ec_criteria_struct/lct/input/lct_txt/NCT03921125.txt wurde erfolgreich geladen.
0
Die Daten wurden erfolgreich in '/work/eauten2s/ec_criteria_struct/lct/evaluate/eval_p1_2/model_output/Llama-3-70B-Instruct_0_shot_tmp_1/output/Llama-3-70B-Instruct_NCT03921125_0_shot.txt' gespeichert.
File: NCT03921138 

Das File: /work/eauten2s/ec_criteria_struct/lct/input/lct_txt/NCT03921138.txt wurde erfolgreich geladen.
0
Die Daten wurden erfolgreich in '/work/eauten2s/ec_criteria_struct/lct/evaluate/eval_p1_2/model_output/Llama-3-70B-Instruct_0_shot_tmp_1/output/Llama-3-70B-Instruct_NCT03921138_0_shot.txt' gespeichert.
File: NCT03921164 

Das File: /work/eauten2s/ec_criteria_struct/lct/input/lct_txt/NCT03921164.txt wurde erfolgreich geladen.
0
Die Daten wurden erfolgreich in '/work/eauten2s/ec_criteria_struct/lct/evaluate/eval_p1_2/model_output/Llama-3-70B-Instruct_0_shot_tmp_1/output/Llama-3-70B-Instruct_NCT03921164_0_shot.txt' gespeichert.
File: NCT03921177 

Das File: /work/eauten2s/ec_criteria_struct/lct/input/lct_txt/NCT03921177.txt wurde erfolgreich geladen.
0
Die Daten wurden erfolgreich in '/work/eauten2s/ec_criteria_struct/lct/evaluate/eval_p1_2/model_output/Llama-3-70B-Instruct_0_shot_tmp_1/output/Llama-3-70B-Instruct_NCT03921177_0_shot.txt' gespeichert.
File: NCT03921190 

Das File: /work/eauten2s/ec_criteria_struct/lct/input/lct_txt/NCT03921190.txt wurde erfolgreich geladen.
0
Die Daten wurden erfolgreich in '/work/eauten2s/ec_criteria_struct/lct/evaluate/eval_p1_2/model_output/Llama-3-70B-Instruct_0_shot_tmp_1/output/Llama-3-70B-Instruct_NCT03921190_0_shot.txt' gespeichert.
File: NCT03921203 

Das File: /work/eauten2s/ec_criteria_struct/lct/input/lct_txt/NCT03921203.txt wurde erfolgreich geladen.
0
Die Daten wurden erfolgreich in '/work/eauten2s/ec_criteria_struct/lct/evaluate/eval_p1_2/model_output/Llama-3-70B-Instruct_0_shot_tmp_1/output/Llama-3-70B-Instruct_NCT03921203_0_shot.txt' gespeichert.
File: NCT03921216 

Das File: /work/eauten2s/ec_criteria_struct/lct/input/lct_txt/NCT03921216.txt wurde erfolgreich geladen.
0
Die Daten wurden erfolgreich in '/work/eauten2s/ec_criteria_struct/lct/evaluate/eval_p1_2/model_output/Llama-3-70B-Instruct_0_shot_tmp_1/output/Llama-3-70B-Instruct_NCT03921216_0_shot.txt' gespeichert.
File: NCT03921307 

Das File: /work/eauten2s/ec_criteria_struct/lct/input/lct_txt/NCT03921307.txt wurde erfolgreich geladen.
0
Die Daten wurden erfolgreich in '/work/eauten2s/ec_criteria_struct/lct/evaluate/eval_p1_2/model_output/Llama-3-70B-Instruct_0_shot_tmp_1/output/Llama-3-70B-Instruct_NCT03921307_0_shot.txt' gespeichert.
File: NCT03921398 

Das File: /work/eauten2s/ec_criteria_struct/lct/input/lct_txt/NCT03921398.txt wurde erfolgreich geladen.
0
Die Daten wurden erfolgreich in '/work/eauten2s/ec_criteria_struct/lct/evaluate/eval_p1_2/model_output/Llama-3-70B-Instruct_0_shot_tmp_1/output/Llama-3-70B-Instruct_NCT03921398_0_shot.txt' gespeichert.
File: NCT03921411 

Das File: /work/eauten2s/ec_criteria_struct/lct/input/lct_txt/NCT03921411.txt wurde erfolgreich geladen.
0
Die Daten wurden erfolgreich in '/work/eauten2s/ec_criteria_struct/lct/evaluate/eval_p1_2/model_output/Llama-3-70B-Instruct_0_shot_tmp_1/output/Llama-3-70B-Instruct_NCT03921411_0_shot.txt' gespeichert.
File: NCT03921437 

Das File: /work/eauten2s/ec_criteria_struct/lct/input/lct_txt/NCT03921437.txt wurde erfolgreich geladen.
0
Die Daten wurden erfolgreich in '/work/eauten2s/ec_criteria_struct/lct/evaluate/eval_p1_2/model_output/Llama-3-70B-Instruct_0_shot_tmp_1/output/Llama-3-70B-Instruct_NCT03921437_0_shot.txt' gespeichert.
File: NCT03921463 

Das File: /work/eauten2s/ec_criteria_struct/lct/input/lct_txt/NCT03921463.txt wurde erfolgreich geladen.
0
Die Daten wurden erfolgreich in '/work/eauten2s/ec_criteria_struct/lct/evaluate/eval_p1_2/model_output/Llama-3-70B-Instruct_0_shot_tmp_1/output/Llama-3-70B-Instruct_NCT03921463_0_shot.txt' gespeichert.
File: NCT03921476 

Das File: /work/eauten2s/ec_criteria_struct/lct/input/lct_txt/NCT03921476.txt wurde erfolgreich geladen.
0
Die Daten wurden erfolgreich in '/work/eauten2s/ec_criteria_struct/lct/evaluate/eval_p1_2/model_output/Llama-3-70B-Instruct_0_shot_tmp_1/output/Llama-3-70B-Instruct_NCT03921476_0_shot.txt' gespeichert.
File: NCT03921489 

Das File: /work/eauten2s/ec_criteria_struct/lct/input/lct_txt/NCT03921489.txt wurde erfolgreich geladen.
0
Die Daten wurden erfolgreich in '/work/eauten2s/ec_criteria_struct/lct/evaluate/eval_p1_2/model_output/Llama-3-70B-Instruct_0_shot_tmp_1/output/Llama-3-70B-Instruct_NCT03921489_0_shot.txt' gespeichert.
File: NCT03921502 

Das File: /work/eauten2s/ec_criteria_struct/lct/input/lct_txt/NCT03921502.txt wurde erfolgreich geladen.
0
Die Daten wurden erfolgreich in '/work/eauten2s/ec_criteria_struct/lct/evaluate/eval_p1_2/model_output/Llama-3-70B-Instruct_0_shot_tmp_1/output/Llama-3-70B-Instruct_NCT03921502_0_shot.txt' gespeichert.
File: NCT03921515 

Das File: /work/eauten2s/ec_criteria_struct/lct/input/lct_txt/NCT03921515.txt wurde erfolgreich geladen.
0
Die Daten wurden erfolgreich in '/work/eauten2s/ec_criteria_struct/lct/evaluate/eval_p1_2/model_output/Llama-3-70B-Instruct_0_shot_tmp_1/output/Llama-3-70B-Instruct_NCT03921515_0_shot.txt' gespeichert.
File: NCT03921567 

Das File: /work/eauten2s/ec_criteria_struct/lct/input/lct_txt/NCT03921567.txt wurde erfolgreich geladen.
0
Die Daten wurden erfolgreich in '/work/eauten2s/ec_criteria_struct/lct/evaluate/eval_p1_2/model_output/Llama-3-70B-Instruct_0_shot_tmp_1/output/Llama-3-70B-Instruct_NCT03921567_0_shot.txt' gespeichert.
File: NCT03921580 

Das File: /work/eauten2s/ec_criteria_struct/lct/input/lct_txt/NCT03921580.txt wurde erfolgreich geladen.
0
Die Daten wurden erfolgreich in '/work/eauten2s/ec_criteria_struct/lct/evaluate/eval_p1_2/model_output/Llama-3-70B-Instruct_0_shot_tmp_1/output/Llama-3-70B-Instruct_NCT03921580_0_shot.txt' gespeichert.
File: NCT03921593 

Das File: /work/eauten2s/ec_criteria_struct/lct/input/lct_txt/NCT03921593.txt wurde erfolgreich geladen.
0
Die Daten wurden erfolgreich in '/work/eauten2s/ec_criteria_struct/lct/evaluate/eval_p1_2/model_output/Llama-3-70B-Instruct_0_shot_tmp_1/output/Llama-3-70B-Instruct_NCT03921593_0_shot.txt' gespeichert.
File: NCT03921606 

Das File: /work/eauten2s/ec_criteria_struct/lct/input/lct_txt/NCT03921606.txt wurde erfolgreich geladen.
0
Die Daten wurden erfolgreich in '/work/eauten2s/ec_criteria_struct/lct/evaluate/eval_p1_2/model_output/Llama-3-70B-Instruct_0_shot_tmp_1/output/Llama-3-70B-Instruct_NCT03921606_0_shot.txt' gespeichert.
File: NCT03921619 

Das File: /work/eauten2s/ec_criteria_struct/lct/input/lct_txt/NCT03921619.txt wurde erfolgreich geladen.
0
Die Daten wurden erfolgreich in '/work/eauten2s/ec_criteria_struct/lct/evaluate/eval_p1_2/model_output/Llama-3-70B-Instruct_0_shot_tmp_1/output/Llama-3-70B-Instruct_NCT03921619_0_shot.txt' gespeichert.
File: NCT03921632 

Das File: /work/eauten2s/ec_criteria_struct/lct/input/lct_txt/NCT03921632.txt wurde erfolgreich geladen.
0
Die Daten wurden erfolgreich in '/work/eauten2s/ec_criteria_struct/lct/evaluate/eval_p1_2/model_output/Llama-3-70B-Instruct_0_shot_tmp_1/output/Llama-3-70B-Instruct_NCT03921632_0_shot.txt' gespeichert.
File: NCT03921658 

Das File: /work/eauten2s/ec_criteria_struct/lct/input/lct_txt/NCT03921658.txt wurde erfolgreich geladen.
0
Die Daten wurden erfolgreich in '/work/eauten2s/ec_criteria_struct/lct/evaluate/eval_p1_2/model_output/Llama-3-70B-Instruct_0_shot_tmp_1/output/Llama-3-70B-Instruct_NCT03921658_0_shot.txt' gespeichert.
File: NCT03921697 

Das File: /work/eauten2s/ec_criteria_struct/lct/input/lct_txt/NCT03921697.txt wurde erfolgreich geladen.
0
Die Daten wurden erfolgreich in '/work/eauten2s/ec_criteria_struct/lct/evaluate/eval_p1_2/model_output/Llama-3-70B-Instruct_0_shot_tmp_1/output/Llama-3-70B-Instruct_NCT03921697_0_shot.txt' gespeichert.
File: NCT03921710 

Das File: /work/eauten2s/ec_criteria_struct/lct/input/lct_txt/NCT03921710.txt wurde erfolgreich geladen.
0
Die Daten wurden erfolgreich in '/work/eauten2s/ec_criteria_struct/lct/evaluate/eval_p1_2/model_output/Llama-3-70B-Instruct_0_shot_tmp_1/output/Llama-3-70B-Instruct_NCT03921710_0_shot.txt' gespeichert.
File: NCT03921736 

Das File: /work/eauten2s/ec_criteria_struct/lct/input/lct_txt/NCT03921736.txt wurde erfolgreich geladen.
0
Die Daten wurden erfolgreich in '/work/eauten2s/ec_criteria_struct/lct/evaluate/eval_p1_2/model_output/Llama-3-70B-Instruct_0_shot_tmp_1/output/Llama-3-70B-Instruct_NCT03921736_0_shot.txt' gespeichert.
File: NCT03921749 

Das File: /work/eauten2s/ec_criteria_struct/lct/input/lct_txt/NCT03921749.txt wurde erfolgreich geladen.
0
Die Daten wurden erfolgreich in '/work/eauten2s/ec_criteria_struct/lct/evaluate/eval_p1_2/model_output/Llama-3-70B-Instruct_0_shot_tmp_1/output/Llama-3-70B-Instruct_NCT03921749_0_shot.txt' gespeichert.
File: NCT03921762 

Das File: /work/eauten2s/ec_criteria_struct/lct/input/lct_txt/NCT03921762.txt wurde erfolgreich geladen.
0
Die Daten wurden erfolgreich in '/work/eauten2s/ec_criteria_struct/lct/evaluate/eval_p1_2/model_output/Llama-3-70B-Instruct_0_shot_tmp_1/output/Llama-3-70B-Instruct_NCT03921762_0_shot.txt' gespeichert.
File: NCT03921775 

Das File: /work/eauten2s/ec_criteria_struct/lct/input/lct_txt/NCT03921775.txt wurde erfolgreich geladen.
0
Die Daten wurden erfolgreich in '/work/eauten2s/ec_criteria_struct/lct/evaluate/eval_p1_2/model_output/Llama-3-70B-Instruct_0_shot_tmp_1/output/Llama-3-70B-Instruct_NCT03921775_0_shot.txt' gespeichert.
File: NCT03921788 

Das File: /work/eauten2s/ec_criteria_struct/lct/input/lct_txt/NCT03921788.txt wurde erfolgreich geladen.
0
Die Daten wurden erfolgreich in '/work/eauten2s/ec_criteria_struct/lct/evaluate/eval_p1_2/model_output/Llama-3-70B-Instruct_0_shot_tmp_1/output/Llama-3-70B-Instruct_NCT03921788_0_shot.txt' gespeichert.
File: NCT03921827 

Das File: /work/eauten2s/ec_criteria_struct/lct/input/lct_txt/NCT03921827.txt wurde erfolgreich geladen.
0
Die Daten wurden erfolgreich in '/work/eauten2s/ec_criteria_struct/lct/evaluate/eval_p1_2/model_output/Llama-3-70B-Instruct_0_shot_tmp_1/output/Llama-3-70B-Instruct_NCT03921827_0_shot.txt' gespeichert.
File: NCT03921840 

Das File: /work/eauten2s/ec_criteria_struct/lct/input/lct_txt/NCT03921840.txt wurde erfolgreich geladen.
0
Die Daten wurden erfolgreich in '/work/eauten2s/ec_criteria_struct/lct/evaluate/eval_p1_2/model_output/Llama-3-70B-Instruct_0_shot_tmp_1/output/Llama-3-70B-Instruct_NCT03921840_0_shot.txt' gespeichert.
File: NCT03921853 

Das File: /work/eauten2s/ec_criteria_struct/lct/input/lct_txt/NCT03921853.txt wurde erfolgreich geladen.
0
Die Daten wurden erfolgreich in '/work/eauten2s/ec_criteria_struct/lct/evaluate/eval_p1_2/model_output/Llama-3-70B-Instruct_0_shot_tmp_1/output/Llama-3-70B-Instruct_NCT03921853_0_shot.txt' gespeichert.
File: NCT03921892 

Das File: /work/eauten2s/ec_criteria_struct/lct/input/lct_txt/NCT03921892.txt wurde erfolgreich geladen.
0
Die Daten wurden erfolgreich in '/work/eauten2s/ec_criteria_struct/lct/evaluate/eval_p1_2/model_output/Llama-3-70B-Instruct_0_shot_tmp_1/output/Llama-3-70B-Instruct_NCT03921892_0_shot.txt' gespeichert.
File: NCT03921905 

Das File: /work/eauten2s/ec_criteria_struct/lct/input/lct_txt/NCT03921905.txt wurde erfolgreich geladen.
0
Die Daten wurden erfolgreich in '/work/eauten2s/ec_criteria_struct/lct/evaluate/eval_p1_2/model_output/Llama-3-70B-Instruct_0_shot_tmp_1/output/Llama-3-70B-Instruct_NCT03921905_0_shot.txt' gespeichert.
File: NCT03921918 

Das File: /work/eauten2s/ec_criteria_struct/lct/input/lct_txt/NCT03921918.txt wurde erfolgreich geladen.
0
Die Daten wurden erfolgreich in '/work/eauten2s/ec_criteria_struct/lct/evaluate/eval_p1_2/model_output/Llama-3-70B-Instruct_0_shot_tmp_1/output/Llama-3-70B-Instruct_NCT03921918_0_shot.txt' gespeichert.
File: NCT03921931 

Das File: /work/eauten2s/ec_criteria_struct/lct/input/lct_txt/NCT03921931.txt wurde erfolgreich geladen.
0
Die Daten wurden erfolgreich in '/work/eauten2s/ec_criteria_struct/lct/evaluate/eval_p1_2/model_output/Llama-3-70B-Instruct_0_shot_tmp_1/output/Llama-3-70B-Instruct_NCT03921931_0_shot.txt' gespeichert.
File: NCT03921944 

Das File: /work/eauten2s/ec_criteria_struct/lct/input/lct_txt/NCT03921944.txt wurde erfolgreich geladen.
0
Die Daten wurden erfolgreich in '/work/eauten2s/ec_criteria_struct/lct/evaluate/eval_p1_2/model_output/Llama-3-70B-Instruct_0_shot_tmp_1/output/Llama-3-70B-Instruct_NCT03921944_0_shot.txt' gespeichert.
File: NCT03921970 

Das File: /work/eauten2s/ec_criteria_struct/lct/input/lct_txt/NCT03921970.txt wurde erfolgreich geladen.
0
Die Daten wurden erfolgreich in '/work/eauten2s/ec_criteria_struct/lct/evaluate/eval_p1_2/model_output/Llama-3-70B-Instruct_0_shot_tmp_1/output/Llama-3-70B-Instruct_NCT03921970_0_shot.txt' gespeichert.
File: NCT03921983 

Das File: /work/eauten2s/ec_criteria_struct/lct/input/lct_txt/NCT03921983.txt wurde erfolgreich geladen.
0
Die Daten wurden erfolgreich in '/work/eauten2s/ec_criteria_struct/lct/evaluate/eval_p1_2/model_output/Llama-3-70B-Instruct_0_shot_tmp_1/output/Llama-3-70B-Instruct_NCT03921983_0_shot.txt' gespeichert.
File: NCT03922009 

Das File: /work/eauten2s/ec_criteria_struct/lct/input/lct_txt/NCT03922009.txt wurde erfolgreich geladen.
0
Die Daten wurden erfolgreich in '/work/eauten2s/ec_criteria_struct/lct/evaluate/eval_p1_2/model_output/Llama-3-70B-Instruct_0_shot_tmp_1/output/Llama-3-70B-Instruct_NCT03922009_0_shot.txt' gespeichert.
File: NCT03922074 

Das File: /work/eauten2s/ec_criteria_struct/lct/input/lct_txt/NCT03922074.txt wurde erfolgreich geladen.
0
Die Daten wurden erfolgreich in '/work/eauten2s/ec_criteria_struct/lct/evaluate/eval_p1_2/model_output/Llama-3-70B-Instruct_0_shot_tmp_1/output/Llama-3-70B-Instruct_NCT03922074_0_shot.txt' gespeichert.
File: NCT03922087 

Das File: /work/eauten2s/ec_criteria_struct/lct/input/lct_txt/NCT03922087.txt wurde erfolgreich geladen.
0
Die Daten wurden erfolgreich in '/work/eauten2s/ec_criteria_struct/lct/evaluate/eval_p1_2/model_output/Llama-3-70B-Instruct_0_shot_tmp_1/output/Llama-3-70B-Instruct_NCT03922087_0_shot.txt' gespeichert.
File: NCT03922113 

Das File: /work/eauten2s/ec_criteria_struct/lct/input/lct_txt/NCT03922113.txt wurde erfolgreich geladen.
0
Die Daten wurden erfolgreich in '/work/eauten2s/ec_criteria_struct/lct/evaluate/eval_p1_2/model_output/Llama-3-70B-Instruct_0_shot_tmp_1/output/Llama-3-70B-Instruct_NCT03922113_0_shot.txt' gespeichert.
File: NCT03922126 

Das File: /work/eauten2s/ec_criteria_struct/lct/input/lct_txt/NCT03922126.txt wurde erfolgreich geladen.
0
Die Daten wurden erfolgreich in '/work/eauten2s/ec_criteria_struct/lct/evaluate/eval_p1_2/model_output/Llama-3-70B-Instruct_0_shot_tmp_1/output/Llama-3-70B-Instruct_NCT03922126_0_shot.txt' gespeichert.
File: NCT03922152 

Das File: /work/eauten2s/ec_criteria_struct/lct/input/lct_txt/NCT03922152.txt wurde erfolgreich geladen.
0
Die Daten wurden erfolgreich in '/work/eauten2s/ec_criteria_struct/lct/evaluate/eval_p1_2/model_output/Llama-3-70B-Instruct_0_shot_tmp_1/output/Llama-3-70B-Instruct_NCT03922152_0_shot.txt' gespeichert.
File: NCT03922178 

Das File: /work/eauten2s/ec_criteria_struct/lct/input/lct_txt/NCT03922178.txt wurde erfolgreich geladen.
0
Die Daten wurden erfolgreich in '/work/eauten2s/ec_criteria_struct/lct/evaluate/eval_p1_2/model_output/Llama-3-70B-Instruct_0_shot_tmp_1/output/Llama-3-70B-Instruct_NCT03922178_0_shot.txt' gespeichert.
File: NCT03922191 

Das File: /work/eauten2s/ec_criteria_struct/lct/input/lct_txt/NCT03922191.txt wurde erfolgreich geladen.
0
Die Daten wurden erfolgreich in '/work/eauten2s/ec_criteria_struct/lct/evaluate/eval_p1_2/model_output/Llama-3-70B-Instruct_0_shot_tmp_1/output/Llama-3-70B-Instruct_NCT03922191_0_shot.txt' gespeichert.
File: NCT03922230 

Das File: /work/eauten2s/ec_criteria_struct/lct/input/lct_txt/NCT03922230.txt wurde erfolgreich geladen.
0
Die Daten wurden erfolgreich in '/work/eauten2s/ec_criteria_struct/lct/evaluate/eval_p1_2/model_output/Llama-3-70B-Instruct_0_shot_tmp_1/output/Llama-3-70B-Instruct_NCT03922230_0_shot.txt' gespeichert.
File: NCT03922243 

Das File: /work/eauten2s/ec_criteria_struct/lct/input/lct_txt/NCT03922243.txt wurde erfolgreich geladen.
0
Die Daten wurden erfolgreich in '/work/eauten2s/ec_criteria_struct/lct/evaluate/eval_p1_2/model_output/Llama-3-70B-Instruct_0_shot_tmp_1/output/Llama-3-70B-Instruct_NCT03922243_0_shot.txt' gespeichert.
File: NCT03922256 

Das File: /work/eauten2s/ec_criteria_struct/lct/input/lct_txt/NCT03922256.txt wurde erfolgreich geladen.
0
Die Daten wurden erfolgreich in '/work/eauten2s/ec_criteria_struct/lct/evaluate/eval_p1_2/model_output/Llama-3-70B-Instruct_0_shot_tmp_1/output/Llama-3-70B-Instruct_NCT03922256_0_shot.txt' gespeichert.
File: NCT03922269 

Das File: /work/eauten2s/ec_criteria_struct/lct/input/lct_txt/NCT03922269.txt wurde erfolgreich geladen.
0
Die Daten wurden erfolgreich in '/work/eauten2s/ec_criteria_struct/lct/evaluate/eval_p1_2/model_output/Llama-3-70B-Instruct_0_shot_tmp_1/output/Llama-3-70B-Instruct_NCT03922269_0_shot.txt' gespeichert.
File: NCT03922282 

Das File: /work/eauten2s/ec_criteria_struct/lct/input/lct_txt/NCT03922282.txt wurde erfolgreich geladen.
0
Die Daten wurden erfolgreich in '/work/eauten2s/ec_criteria_struct/lct/evaluate/eval_p1_2/model_output/Llama-3-70B-Instruct_0_shot_tmp_1/output/Llama-3-70B-Instruct_NCT03922282_0_shot.txt' gespeichert.
File: NCT03922295 

Das File: /work/eauten2s/ec_criteria_struct/lct/input/lct_txt/NCT03922295.txt wurde erfolgreich geladen.
0
Die Daten wurden erfolgreich in '/work/eauten2s/ec_criteria_struct/lct/evaluate/eval_p1_2/model_output/Llama-3-70B-Instruct_0_shot_tmp_1/output/Llama-3-70B-Instruct_NCT03922295_0_shot.txt' gespeichert.
File: NCT03922321 

Das File: /work/eauten2s/ec_criteria_struct/lct/input/lct_txt/NCT03922321.txt wurde erfolgreich geladen.
0
Die Daten wurden erfolgreich in '/work/eauten2s/ec_criteria_struct/lct/evaluate/eval_p1_2/model_output/Llama-3-70B-Instruct_0_shot_tmp_1/output/Llama-3-70B-Instruct_NCT03922321_0_shot.txt' gespeichert.
File: NCT03922334 

Das File: /work/eauten2s/ec_criteria_struct/lct/input/lct_txt/NCT03922334.txt wurde erfolgreich geladen.
0
Die Daten wurden erfolgreich in '/work/eauten2s/ec_criteria_struct/lct/evaluate/eval_p1_2/model_output/Llama-3-70B-Instruct_0_shot_tmp_1/output/Llama-3-70B-Instruct_NCT03922334_0_shot.txt' gespeichert.
File: NCT03922347 

Das File: /work/eauten2s/ec_criteria_struct/lct/input/lct_txt/NCT03922347.txt wurde erfolgreich geladen.
0
Die Daten wurden erfolgreich in '/work/eauten2s/ec_criteria_struct/lct/evaluate/eval_p1_2/model_output/Llama-3-70B-Instruct_0_shot_tmp_1/output/Llama-3-70B-Instruct_NCT03922347_0_shot.txt' gespeichert.
File: NCT03922386 

Das File: /work/eauten2s/ec_criteria_struct/lct/input/lct_txt/NCT03922386.txt wurde erfolgreich geladen.
0
Die Daten wurden erfolgreich in '/work/eauten2s/ec_criteria_struct/lct/evaluate/eval_p1_2/model_output/Llama-3-70B-Instruct_0_shot_tmp_1/output/Llama-3-70B-Instruct_NCT03922386_0_shot.txt' gespeichert.
File: NCT03922425 

Das File: /work/eauten2s/ec_criteria_struct/lct/input/lct_txt/NCT03922425.txt wurde erfolgreich geladen.
0
Die Daten wurden erfolgreich in '/work/eauten2s/ec_criteria_struct/lct/evaluate/eval_p1_2/model_output/Llama-3-70B-Instruct_0_shot_tmp_1/output/Llama-3-70B-Instruct_NCT03922425_0_shot.txt' gespeichert.
File: NCT03922438 

Das File: /work/eauten2s/ec_criteria_struct/lct/input/lct_txt/NCT03922438.txt wurde erfolgreich geladen.
0
Die Daten wurden erfolgreich in '/work/eauten2s/ec_criteria_struct/lct/evaluate/eval_p1_2/model_output/Llama-3-70B-Instruct_0_shot_tmp_1/output/Llama-3-70B-Instruct_NCT03922438_0_shot.txt' gespeichert.
File: NCT03922451 

Das File: /work/eauten2s/ec_criteria_struct/lct/input/lct_txt/NCT03922451.txt wurde erfolgreich geladen.
0
Die Daten wurden erfolgreich in '/work/eauten2s/ec_criteria_struct/lct/evaluate/eval_p1_2/model_output/Llama-3-70B-Instruct_0_shot_tmp_1/output/Llama-3-70B-Instruct_NCT03922451_0_shot.txt' gespeichert.
File: NCT03922503 

Das File: /work/eauten2s/ec_criteria_struct/lct/input/lct_txt/NCT03922503.txt wurde erfolgreich geladen.
0
Die Daten wurden erfolgreich in '/work/eauten2s/ec_criteria_struct/lct/evaluate/eval_p1_2/model_output/Llama-3-70B-Instruct_0_shot_tmp_1/output/Llama-3-70B-Instruct_NCT03922503_0_shot.txt' gespeichert.
File: NCT03922516 

Das File: /work/eauten2s/ec_criteria_struct/lct/input/lct_txt/NCT03922516.txt wurde erfolgreich geladen.
0
Die Daten wurden erfolgreich in '/work/eauten2s/ec_criteria_struct/lct/evaluate/eval_p1_2/model_output/Llama-3-70B-Instruct_0_shot_tmp_1/output/Llama-3-70B-Instruct_NCT03922516_0_shot.txt' gespeichert.
File: NCT03922529 

Das File: /work/eauten2s/ec_criteria_struct/lct/input/lct_txt/NCT03922529.txt wurde erfolgreich geladen.
0
Die Daten wurden erfolgreich in '/work/eauten2s/ec_criteria_struct/lct/evaluate/eval_p1_2/model_output/Llama-3-70B-Instruct_0_shot_tmp_1/output/Llama-3-70B-Instruct_NCT03922529_0_shot.txt' gespeichert.
File: NCT03922542 

Das File: /work/eauten2s/ec_criteria_struct/lct/input/lct_txt/NCT03922542.txt wurde erfolgreich geladen.
0
Die Daten wurden erfolgreich in '/work/eauten2s/ec_criteria_struct/lct/evaluate/eval_p1_2/model_output/Llama-3-70B-Instruct_0_shot_tmp_1/output/Llama-3-70B-Instruct_NCT03922542_0_shot.txt' gespeichert.
File: NCT03922568 

Das File: /work/eauten2s/ec_criteria_struct/lct/input/lct_txt/NCT03922568.txt wurde erfolgreich geladen.
0
Die Daten wurden erfolgreich in '/work/eauten2s/ec_criteria_struct/lct/evaluate/eval_p1_2/model_output/Llama-3-70B-Instruct_0_shot_tmp_1/output/Llama-3-70B-Instruct_NCT03922568_0_shot.txt' gespeichert.
File: NCT03922581 

Das File: /work/eauten2s/ec_criteria_struct/lct/input/lct_txt/NCT03922581.txt wurde erfolgreich geladen.
0
Die Daten wurden erfolgreich in '/work/eauten2s/ec_criteria_struct/lct/evaluate/eval_p1_2/model_output/Llama-3-70B-Instruct_0_shot_tmp_1/output/Llama-3-70B-Instruct_NCT03922581_0_shot.txt' gespeichert.
File: NCT03922594 

Das File: /work/eauten2s/ec_criteria_struct/lct/input/lct_txt/NCT03922594.txt wurde erfolgreich geladen.
0
Die Daten wurden erfolgreich in '/work/eauten2s/ec_criteria_struct/lct/evaluate/eval_p1_2/model_output/Llama-3-70B-Instruct_0_shot_tmp_1/output/Llama-3-70B-Instruct_NCT03922594_0_shot.txt' gespeichert.
File: NCT03922607 

Das File: /work/eauten2s/ec_criteria_struct/lct/input/lct_txt/NCT03922607.txt wurde erfolgreich geladen.
0
Die Daten wurden erfolgreich in '/work/eauten2s/ec_criteria_struct/lct/evaluate/eval_p1_2/model_output/Llama-3-70B-Instruct_0_shot_tmp_1/output/Llama-3-70B-Instruct_NCT03922607_0_shot.txt' gespeichert.
File: NCT03922620 

Das File: /work/eauten2s/ec_criteria_struct/lct/input/lct_txt/NCT03922620.txt wurde erfolgreich geladen.
0
Die Daten wurden erfolgreich in '/work/eauten2s/ec_criteria_struct/lct/evaluate/eval_p1_2/model_output/Llama-3-70B-Instruct_0_shot_tmp_1/output/Llama-3-70B-Instruct_NCT03922620_0_shot.txt' gespeichert.
File: NCT03922659 

Das File: /work/eauten2s/ec_criteria_struct/lct/input/lct_txt/NCT03922659.txt wurde erfolgreich geladen.
0
Die Daten wurden erfolgreich in '/work/eauten2s/ec_criteria_struct/lct/evaluate/eval_p1_2/model_output/Llama-3-70B-Instruct_0_shot_tmp_1/output/Llama-3-70B-Instruct_NCT03922659_0_shot.txt' gespeichert.
File: NCT03922672 

Das File: /work/eauten2s/ec_criteria_struct/lct/input/lct_txt/NCT03922672.txt wurde erfolgreich geladen.
0
Die Daten wurden erfolgreich in '/work/eauten2s/ec_criteria_struct/lct/evaluate/eval_p1_2/model_output/Llama-3-70B-Instruct_0_shot_tmp_1/output/Llama-3-70B-Instruct_NCT03922672_0_shot.txt' gespeichert.
File: NCT03922685 

Das File: /work/eauten2s/ec_criteria_struct/lct/input/lct_txt/NCT03922685.txt wurde erfolgreich geladen.
0
Die Daten wurden erfolgreich in '/work/eauten2s/ec_criteria_struct/lct/evaluate/eval_p1_2/model_output/Llama-3-70B-Instruct_0_shot_tmp_1/output/Llama-3-70B-Instruct_NCT03922685_0_shot.txt' gespeichert.
File: NCT03922698 

Das File: /work/eauten2s/ec_criteria_struct/lct/input/lct_txt/NCT03922698.txt wurde erfolgreich geladen.
0
Die Daten wurden erfolgreich in '/work/eauten2s/ec_criteria_struct/lct/evaluate/eval_p1_2/model_output/Llama-3-70B-Instruct_0_shot_tmp_1/output/Llama-3-70B-Instruct_NCT03922698_0_shot.txt' gespeichert.
File: NCT03922737 

Das File: /work/eauten2s/ec_criteria_struct/lct/input/lct_txt/NCT03922737.txt wurde erfolgreich geladen.
0
Die Daten wurden erfolgreich in '/work/eauten2s/ec_criteria_struct/lct/evaluate/eval_p1_2/model_output/Llama-3-70B-Instruct_0_shot_tmp_1/output/Llama-3-70B-Instruct_NCT03922737_0_shot.txt' gespeichert.
File: NCT03922815 

Das File: /work/eauten2s/ec_criteria_struct/lct/input/lct_txt/NCT03922815.txt wurde erfolgreich geladen.
0
Die Daten wurden erfolgreich in '/work/eauten2s/ec_criteria_struct/lct/evaluate/eval_p1_2/model_output/Llama-3-70B-Instruct_0_shot_tmp_1/output/Llama-3-70B-Instruct_NCT03922815_0_shot.txt' gespeichert.
File: NCT03922828 

Das File: /work/eauten2s/ec_criteria_struct/lct/input/lct_txt/NCT03922828.txt wurde erfolgreich geladen.
0
Die Daten wurden erfolgreich in '/work/eauten2s/ec_criteria_struct/lct/evaluate/eval_p1_2/model_output/Llama-3-70B-Instruct_0_shot_tmp_1/output/Llama-3-70B-Instruct_NCT03922828_0_shot.txt' gespeichert.
File: NCT03922841 

Das File: /work/eauten2s/ec_criteria_struct/lct/input/lct_txt/NCT03922841.txt wurde erfolgreich geladen.
0
Die Daten wurden erfolgreich in '/work/eauten2s/ec_criteria_struct/lct/evaluate/eval_p1_2/model_output/Llama-3-70B-Instruct_0_shot_tmp_1/output/Llama-3-70B-Instruct_NCT03922841_0_shot.txt' gespeichert.
File: NCT03922867 

Das File: /work/eauten2s/ec_criteria_struct/lct/input/lct_txt/NCT03922867.txt wurde erfolgreich geladen.
0
Die Daten wurden erfolgreich in '/work/eauten2s/ec_criteria_struct/lct/evaluate/eval_p1_2/model_output/Llama-3-70B-Instruct_0_shot_tmp_1/output/Llama-3-70B-Instruct_NCT03922867_0_shot.txt' gespeichert.
File: NCT03922893 

Das File: /work/eauten2s/ec_criteria_struct/lct/input/lct_txt/NCT03922893.txt wurde erfolgreich geladen.
0
Die Daten wurden erfolgreich in '/work/eauten2s/ec_criteria_struct/lct/evaluate/eval_p1_2/model_output/Llama-3-70B-Instruct_0_shot_tmp_1/output/Llama-3-70B-Instruct_NCT03922893_0_shot.txt' gespeichert.
File: NCT03922906 

Das File: /work/eauten2s/ec_criteria_struct/lct/input/lct_txt/NCT03922906.txt wurde erfolgreich geladen.
0
Die Daten wurden erfolgreich in '/work/eauten2s/ec_criteria_struct/lct/evaluate/eval_p1_2/model_output/Llama-3-70B-Instruct_0_shot_tmp_1/output/Llama-3-70B-Instruct_NCT03922906_0_shot.txt' gespeichert.
File: NCT03922919 

Das File: /work/eauten2s/ec_criteria_struct/lct/input/lct_txt/NCT03922919.txt wurde erfolgreich geladen.
0
Die Daten wurden erfolgreich in '/work/eauten2s/ec_criteria_struct/lct/evaluate/eval_p1_2/model_output/Llama-3-70B-Instruct_0_shot_tmp_1/output/Llama-3-70B-Instruct_NCT03922919_0_shot.txt' gespeichert.
File: NCT03922932 

Das File: /work/eauten2s/ec_criteria_struct/lct/input/lct_txt/NCT03922932.txt wurde erfolgreich geladen.
0
Die Daten wurden erfolgreich in '/work/eauten2s/ec_criteria_struct/lct/evaluate/eval_p1_2/model_output/Llama-3-70B-Instruct_0_shot_tmp_1/output/Llama-3-70B-Instruct_NCT03922932_0_shot.txt' gespeichert.
File: NCT03922958 

Das File: /work/eauten2s/ec_criteria_struct/lct/input/lct_txt/NCT03922958.txt wurde erfolgreich geladen.
0
Die Daten wurden erfolgreich in '/work/eauten2s/ec_criteria_struct/lct/evaluate/eval_p1_2/model_output/Llama-3-70B-Instruct_0_shot_tmp_1/output/Llama-3-70B-Instruct_NCT03922958_0_shot.txt' gespeichert.
File: NCT03922971 

Das File: /work/eauten2s/ec_criteria_struct/lct/input/lct_txt/NCT03922971.txt wurde erfolgreich geladen.
0
Die Daten wurden erfolgreich in '/work/eauten2s/ec_criteria_struct/lct/evaluate/eval_p1_2/model_output/Llama-3-70B-Instruct_0_shot_tmp_1/output/Llama-3-70B-Instruct_NCT03922971_0_shot.txt' gespeichert.
File: NCT03923023 

Das File: /work/eauten2s/ec_criteria_struct/lct/input/lct_txt/NCT03923023.txt wurde erfolgreich geladen.
0
Die Daten wurden erfolgreich in '/work/eauten2s/ec_criteria_struct/lct/evaluate/eval_p1_2/model_output/Llama-3-70B-Instruct_0_shot_tmp_1/output/Llama-3-70B-Instruct_NCT03923023_0_shot.txt' gespeichert.
File: NCT03923049 

Das File: /work/eauten2s/ec_criteria_struct/lct/input/lct_txt/NCT03923049.txt wurde erfolgreich geladen.
0
Die Daten wurden erfolgreich in '/work/eauten2s/ec_criteria_struct/lct/evaluate/eval_p1_2/model_output/Llama-3-70B-Instruct_0_shot_tmp_1/output/Llama-3-70B-Instruct_NCT03923049_0_shot.txt' gespeichert.
File: NCT03923062 

Das File: /work/eauten2s/ec_criteria_struct/lct/input/lct_txt/NCT03923062.txt wurde erfolgreich geladen.
0
Die Daten wurden erfolgreich in '/work/eauten2s/ec_criteria_struct/lct/evaluate/eval_p1_2/model_output/Llama-3-70B-Instruct_0_shot_tmp_1/output/Llama-3-70B-Instruct_NCT03923062_0_shot.txt' gespeichert.
File: NCT03923075 

Das File: /work/eauten2s/ec_criteria_struct/lct/input/lct_txt/NCT03923075.txt wurde erfolgreich geladen.
0
Die Daten wurden erfolgreich in '/work/eauten2s/ec_criteria_struct/lct/evaluate/eval_p1_2/model_output/Llama-3-70B-Instruct_0_shot_tmp_1/output/Llama-3-70B-Instruct_NCT03923075_0_shot.txt' gespeichert.
File: NCT03923088 

Das File: /work/eauten2s/ec_criteria_struct/lct/input/lct_txt/NCT03923088.txt wurde erfolgreich geladen.
0
Die Daten wurden erfolgreich in '/work/eauten2s/ec_criteria_struct/lct/evaluate/eval_p1_2/model_output/Llama-3-70B-Instruct_0_shot_tmp_1/output/Llama-3-70B-Instruct_NCT03923088_0_shot.txt' gespeichert.
File: NCT03923101 

Das File: /work/eauten2s/ec_criteria_struct/lct/input/lct_txt/NCT03923101.txt wurde erfolgreich geladen.
0
Die Daten wurden erfolgreich in '/work/eauten2s/ec_criteria_struct/lct/evaluate/eval_p1_2/model_output/Llama-3-70B-Instruct_0_shot_tmp_1/output/Llama-3-70B-Instruct_NCT03923101_0_shot.txt' gespeichert.
File: NCT03923114 

Das File: /work/eauten2s/ec_criteria_struct/lct/input/lct_txt/NCT03923114.txt wurde erfolgreich geladen.
0
Die Daten wurden erfolgreich in '/work/eauten2s/ec_criteria_struct/lct/evaluate/eval_p1_2/model_output/Llama-3-70B-Instruct_0_shot_tmp_1/output/Llama-3-70B-Instruct_NCT03923114_0_shot.txt' gespeichert.
File: NCT03923140 

Das File: /work/eauten2s/ec_criteria_struct/lct/input/lct_txt/NCT03923140.txt wurde erfolgreich geladen.
0
Die Daten wurden erfolgreich in '/work/eauten2s/ec_criteria_struct/lct/evaluate/eval_p1_2/model_output/Llama-3-70B-Instruct_0_shot_tmp_1/output/Llama-3-70B-Instruct_NCT03923140_0_shot.txt' gespeichert.
File: NCT03923153 

Das File: /work/eauten2s/ec_criteria_struct/lct/input/lct_txt/NCT03923153.txt wurde erfolgreich geladen.
0
Die Daten wurden erfolgreich in '/work/eauten2s/ec_criteria_struct/lct/evaluate/eval_p1_2/model_output/Llama-3-70B-Instruct_0_shot_tmp_1/output/Llama-3-70B-Instruct_NCT03923153_0_shot.txt' gespeichert.
File: NCT03923192 

Das File: /work/eauten2s/ec_criteria_struct/lct/input/lct_txt/NCT03923192.txt wurde erfolgreich geladen.
0
Die Daten wurden erfolgreich in '/work/eauten2s/ec_criteria_struct/lct/evaluate/eval_p1_2/model_output/Llama-3-70B-Instruct_0_shot_tmp_1/output/Llama-3-70B-Instruct_NCT03923192_0_shot.txt' gespeichert.
File: NCT03923205 

Das File: /work/eauten2s/ec_criteria_struct/lct/input/lct_txt/NCT03923205.txt wurde erfolgreich geladen.
0
Die Daten wurden erfolgreich in '/work/eauten2s/ec_criteria_struct/lct/evaluate/eval_p1_2/model_output/Llama-3-70B-Instruct_0_shot_tmp_1/output/Llama-3-70B-Instruct_NCT03923205_0_shot.txt' gespeichert.
File: NCT03923218 

Das File: /work/eauten2s/ec_criteria_struct/lct/input/lct_txt/NCT03923218.txt wurde erfolgreich geladen.
0
Die Daten wurden erfolgreich in '/work/eauten2s/ec_criteria_struct/lct/evaluate/eval_p1_2/model_output/Llama-3-70B-Instruct_0_shot_tmp_1/output/Llama-3-70B-Instruct_NCT03923218_0_shot.txt' gespeichert.
File: NCT03923231 

Das File: /work/eauten2s/ec_criteria_struct/lct/input/lct_txt/NCT03923231.txt wurde erfolgreich geladen.
0
Die Daten wurden erfolgreich in '/work/eauten2s/ec_criteria_struct/lct/evaluate/eval_p1_2/model_output/Llama-3-70B-Instruct_0_shot_tmp_1/output/Llama-3-70B-Instruct_NCT03923231_0_shot.txt' gespeichert.
File: NCT03923309 

Das File: /work/eauten2s/ec_criteria_struct/lct/input/lct_txt/NCT03923309.txt wurde erfolgreich geladen.
0
Die Daten wurden erfolgreich in '/work/eauten2s/ec_criteria_struct/lct/evaluate/eval_p1_2/model_output/Llama-3-70B-Instruct_0_shot_tmp_1/output/Llama-3-70B-Instruct_NCT03923309_0_shot.txt' gespeichert.
File: NCT03923335 

Das File: /work/eauten2s/ec_criteria_struct/lct/input/lct_txt/NCT03923335.txt wurde erfolgreich geladen.
0
Die Daten wurden erfolgreich in '/work/eauten2s/ec_criteria_struct/lct/evaluate/eval_p1_2/model_output/Llama-3-70B-Instruct_0_shot_tmp_1/output/Llama-3-70B-Instruct_NCT03923335_0_shot.txt' gespeichert.
File: NCT03923361 

Das File: /work/eauten2s/ec_criteria_struct/lct/input/lct_txt/NCT03923361.txt wurde erfolgreich geladen.
0
Die Daten wurden erfolgreich in '/work/eauten2s/ec_criteria_struct/lct/evaluate/eval_p1_2/model_output/Llama-3-70B-Instruct_0_shot_tmp_1/output/Llama-3-70B-Instruct_NCT03923361_0_shot.txt' gespeichert.
File: NCT03923400 

Das File: /work/eauten2s/ec_criteria_struct/lct/input/lct_txt/NCT03923400.txt wurde erfolgreich geladen.
0
Die Daten wurden erfolgreich in '/work/eauten2s/ec_criteria_struct/lct/evaluate/eval_p1_2/model_output/Llama-3-70B-Instruct_0_shot_tmp_1/output/Llama-3-70B-Instruct_NCT03923400_0_shot.txt' gespeichert.
File: NCT03923413 

Das File: /work/eauten2s/ec_criteria_struct/lct/input/lct_txt/NCT03923413.txt wurde erfolgreich geladen.
0
Die Daten wurden erfolgreich in '/work/eauten2s/ec_criteria_struct/lct/evaluate/eval_p1_2/model_output/Llama-3-70B-Instruct_0_shot_tmp_1/output/Llama-3-70B-Instruct_NCT03923413_0_shot.txt' gespeichert.
File: NCT03923426 

Das File: /work/eauten2s/ec_criteria_struct/lct/input/lct_txt/NCT03923426.txt wurde erfolgreich geladen.
0
Die Daten wurden erfolgreich in '/work/eauten2s/ec_criteria_struct/lct/evaluate/eval_p1_2/model_output/Llama-3-70B-Instruct_0_shot_tmp_1/output/Llama-3-70B-Instruct_NCT03923426_0_shot.txt' gespeichert.
File: NCT03923439 

Das File: /work/eauten2s/ec_criteria_struct/lct/input/lct_txt/NCT03923439.txt wurde erfolgreich geladen.
0
Die Daten wurden erfolgreich in '/work/eauten2s/ec_criteria_struct/lct/evaluate/eval_p1_2/model_output/Llama-3-70B-Instruct_0_shot_tmp_1/output/Llama-3-70B-Instruct_NCT03923439_0_shot.txt' gespeichert.
File: NCT03923465 

Das File: /work/eauten2s/ec_criteria_struct/lct/input/lct_txt/NCT03923465.txt wurde erfolgreich geladen.
0
Die Daten wurden erfolgreich in '/work/eauten2s/ec_criteria_struct/lct/evaluate/eval_p1_2/model_output/Llama-3-70B-Instruct_0_shot_tmp_1/output/Llama-3-70B-Instruct_NCT03923465_0_shot.txt' gespeichert.
File: NCT03923478 

Das File: /work/eauten2s/ec_criteria_struct/lct/input/lct_txt/NCT03923478.txt wurde erfolgreich geladen.
0
Die Daten wurden erfolgreich in '/work/eauten2s/ec_criteria_struct/lct/evaluate/eval_p1_2/model_output/Llama-3-70B-Instruct_0_shot_tmp_1/output/Llama-3-70B-Instruct_NCT03923478_0_shot.txt' gespeichert.
File: NCT03923504 

Das File: /work/eauten2s/ec_criteria_struct/lct/input/lct_txt/NCT03923504.txt wurde erfolgreich geladen.
0
Die Daten wurden erfolgreich in '/work/eauten2s/ec_criteria_struct/lct/evaluate/eval_p1_2/model_output/Llama-3-70B-Instruct_0_shot_tmp_1/output/Llama-3-70B-Instruct_NCT03923504_0_shot.txt' gespeichert.
File: NCT03923517 

Das File: /work/eauten2s/ec_criteria_struct/lct/input/lct_txt/NCT03923517.txt wurde erfolgreich geladen.
0
Die Daten wurden erfolgreich in '/work/eauten2s/ec_criteria_struct/lct/evaluate/eval_p1_2/model_output/Llama-3-70B-Instruct_0_shot_tmp_1/output/Llama-3-70B-Instruct_NCT03923517_0_shot.txt' gespeichert.
File: NCT03923543 

Das File: /work/eauten2s/ec_criteria_struct/lct/input/lct_txt/NCT03923543.txt wurde erfolgreich geladen.
0
Die Daten wurden erfolgreich in '/work/eauten2s/ec_criteria_struct/lct/evaluate/eval_p1_2/model_output/Llama-3-70B-Instruct_0_shot_tmp_1/output/Llama-3-70B-Instruct_NCT03923543_0_shot.txt' gespeichert.
File: NCT03923556 

Das File: /work/eauten2s/ec_criteria_struct/lct/input/lct_txt/NCT03923556.txt wurde erfolgreich geladen.
0
Die Daten wurden erfolgreich in '/work/eauten2s/ec_criteria_struct/lct/evaluate/eval_p1_2/model_output/Llama-3-70B-Instruct_0_shot_tmp_1/output/Llama-3-70B-Instruct_NCT03923556_0_shot.txt' gespeichert.
File: NCT03923569 

Das File: /work/eauten2s/ec_criteria_struct/lct/input/lct_txt/NCT03923569.txt wurde erfolgreich geladen.
0
Die Daten wurden erfolgreich in '/work/eauten2s/ec_criteria_struct/lct/evaluate/eval_p1_2/model_output/Llama-3-70B-Instruct_0_shot_tmp_1/output/Llama-3-70B-Instruct_NCT03923569_0_shot.txt' gespeichert.
File: NCT03923595 

Das File: /work/eauten2s/ec_criteria_struct/lct/input/lct_txt/NCT03923595.txt wurde erfolgreich geladen.
0
Die Daten wurden erfolgreich in '/work/eauten2s/ec_criteria_struct/lct/evaluate/eval_p1_2/model_output/Llama-3-70B-Instruct_0_shot_tmp_1/output/Llama-3-70B-Instruct_NCT03923595_0_shot.txt' gespeichert.
File: NCT03923608 

Das File: /work/eauten2s/ec_criteria_struct/lct/input/lct_txt/NCT03923608.txt wurde erfolgreich geladen.
0
Die Daten wurden erfolgreich in '/work/eauten2s/ec_criteria_struct/lct/evaluate/eval_p1_2/model_output/Llama-3-70B-Instruct_0_shot_tmp_1/output/Llama-3-70B-Instruct_NCT03923608_0_shot.txt' gespeichert.
File: NCT03923621 

Das File: /work/eauten2s/ec_criteria_struct/lct/input/lct_txt/NCT03923621.txt wurde erfolgreich geladen.
0
Die Daten wurden erfolgreich in '/work/eauten2s/ec_criteria_struct/lct/evaluate/eval_p1_2/model_output/Llama-3-70B-Instruct_0_shot_tmp_1/output/Llama-3-70B-Instruct_NCT03923621_0_shot.txt' gespeichert.
File: NCT03923647 

Das File: /work/eauten2s/ec_criteria_struct/lct/input/lct_txt/NCT03923647.txt wurde erfolgreich geladen.
0
Die Daten wurden erfolgreich in '/work/eauten2s/ec_criteria_struct/lct/evaluate/eval_p1_2/model_output/Llama-3-70B-Instruct_0_shot_tmp_1/output/Llama-3-70B-Instruct_NCT03923647_0_shot.txt' gespeichert.
File: NCT03923660 

Das File: /work/eauten2s/ec_criteria_struct/lct/input/lct_txt/NCT03923660.txt wurde erfolgreich geladen.
0
Die Daten wurden erfolgreich in '/work/eauten2s/ec_criteria_struct/lct/evaluate/eval_p1_2/model_output/Llama-3-70B-Instruct_0_shot_tmp_1/output/Llama-3-70B-Instruct_NCT03923660_0_shot.txt' gespeichert.
File: NCT03923686 

Das File: /work/eauten2s/ec_criteria_struct/lct/input/lct_txt/NCT03923686.txt wurde erfolgreich geladen.
0
Die Daten wurden erfolgreich in '/work/eauten2s/ec_criteria_struct/lct/evaluate/eval_p1_2/model_output/Llama-3-70B-Instruct_0_shot_tmp_1/output/Llama-3-70B-Instruct_NCT03923686_0_shot.txt' gespeichert.
File: NCT03923699 

Das File: /work/eauten2s/ec_criteria_struct/lct/input/lct_txt/NCT03923699.txt wurde erfolgreich geladen.
0
Die Daten wurden erfolgreich in '/work/eauten2s/ec_criteria_struct/lct/evaluate/eval_p1_2/model_output/Llama-3-70B-Instruct_0_shot_tmp_1/output/Llama-3-70B-Instruct_NCT03923699_0_shot.txt' gespeichert.
File: NCT03923738 

Das File: /work/eauten2s/ec_criteria_struct/lct/input/lct_txt/NCT03923738.txt wurde erfolgreich geladen.
0
Die Daten wurden erfolgreich in '/work/eauten2s/ec_criteria_struct/lct/evaluate/eval_p1_2/model_output/Llama-3-70B-Instruct_0_shot_tmp_1/output/Llama-3-70B-Instruct_NCT03923738_0_shot.txt' gespeichert.
File: NCT03923751 

Das File: /work/eauten2s/ec_criteria_struct/lct/input/lct_txt/NCT03923751.txt wurde erfolgreich geladen.
0
Die Daten wurden erfolgreich in '/work/eauten2s/ec_criteria_struct/lct/evaluate/eval_p1_2/model_output/Llama-3-70B-Instruct_0_shot_tmp_1/output/Llama-3-70B-Instruct_NCT03923751_0_shot.txt' gespeichert.
File: NCT03923764 

Das File: /work/eauten2s/ec_criteria_struct/lct/input/lct_txt/NCT03923764.txt wurde erfolgreich geladen.
0
Die Daten wurden erfolgreich in '/work/eauten2s/ec_criteria_struct/lct/evaluate/eval_p1_2/model_output/Llama-3-70B-Instruct_0_shot_tmp_1/output/Llama-3-70B-Instruct_NCT03923764_0_shot.txt' gespeichert.
File: NCT03923790 

Das File: /work/eauten2s/ec_criteria_struct/lct/input/lct_txt/NCT03923790.txt wurde erfolgreich geladen.
0
Die Daten wurden erfolgreich in '/work/eauten2s/ec_criteria_struct/lct/evaluate/eval_p1_2/model_output/Llama-3-70B-Instruct_0_shot_tmp_1/output/Llama-3-70B-Instruct_NCT03923790_0_shot.txt' gespeichert.
File: NCT03923803 

Das File: /work/eauten2s/ec_criteria_struct/lct/input/lct_txt/NCT03923803.txt wurde erfolgreich geladen.
0
Die Daten wurden erfolgreich in '/work/eauten2s/ec_criteria_struct/lct/evaluate/eval_p1_2/model_output/Llama-3-70B-Instruct_0_shot_tmp_1/output/Llama-3-70B-Instruct_NCT03923803_0_shot.txt' gespeichert.
File: NCT03923816 

Das File: /work/eauten2s/ec_criteria_struct/lct/input/lct_txt/NCT03923816.txt wurde erfolgreich geladen.
0
Die Daten wurden erfolgreich in '/work/eauten2s/ec_criteria_struct/lct/evaluate/eval_p1_2/model_output/Llama-3-70B-Instruct_0_shot_tmp_1/output/Llama-3-70B-Instruct_NCT03923816_0_shot.txt' gespeichert.
File: NCT03923829 

Das File: /work/eauten2s/ec_criteria_struct/lct/input/lct_txt/NCT03923829.txt wurde erfolgreich geladen.
0
Die Daten wurden erfolgreich in '/work/eauten2s/ec_criteria_struct/lct/evaluate/eval_p1_2/model_output/Llama-3-70B-Instruct_0_shot_tmp_1/output/Llama-3-70B-Instruct_NCT03923829_0_shot.txt' gespeichert.
File: NCT03923894 

Das File: /work/eauten2s/ec_criteria_struct/lct/input/lct_txt/NCT03923894.txt wurde erfolgreich geladen.
0
Die Daten wurden erfolgreich in '/work/eauten2s/ec_criteria_struct/lct/evaluate/eval_p1_2/model_output/Llama-3-70B-Instruct_0_shot_tmp_1/output/Llama-3-70B-Instruct_NCT03923894_0_shot.txt' gespeichert.
File: NCT03923920 

Das File: /work/eauten2s/ec_criteria_struct/lct/input/lct_txt/NCT03923920.txt wurde erfolgreich geladen.
0
Die Daten wurden erfolgreich in '/work/eauten2s/ec_criteria_struct/lct/evaluate/eval_p1_2/model_output/Llama-3-70B-Instruct_0_shot_tmp_1/output/Llama-3-70B-Instruct_NCT03923920_0_shot.txt' gespeichert.
File: NCT03923933 

Das File: /work/eauten2s/ec_criteria_struct/lct/input/lct_txt/NCT03923933.txt wurde erfolgreich geladen.
0
Die Daten wurden erfolgreich in '/work/eauten2s/ec_criteria_struct/lct/evaluate/eval_p1_2/model_output/Llama-3-70B-Instruct_0_shot_tmp_1/output/Llama-3-70B-Instruct_NCT03923933_0_shot.txt' gespeichert.
File: NCT03923946 

Das File: /work/eauten2s/ec_criteria_struct/lct/input/lct_txt/NCT03923946.txt wurde erfolgreich geladen.
0
Die Daten wurden erfolgreich in '/work/eauten2s/ec_criteria_struct/lct/evaluate/eval_p1_2/model_output/Llama-3-70B-Instruct_0_shot_tmp_1/output/Llama-3-70B-Instruct_NCT03923946_0_shot.txt' gespeichert.
File: NCT03923959 

Das File: /work/eauten2s/ec_criteria_struct/lct/input/lct_txt/NCT03923959.txt wurde erfolgreich geladen.
0
Die Daten wurden erfolgreich in '/work/eauten2s/ec_criteria_struct/lct/evaluate/eval_p1_2/model_output/Llama-3-70B-Instruct_0_shot_tmp_1/output/Llama-3-70B-Instruct_NCT03923959_0_shot.txt' gespeichert.
File: NCT03923972 

Das File: /work/eauten2s/ec_criteria_struct/lct/input/lct_txt/NCT03923972.txt wurde erfolgreich geladen.
0
Die Daten wurden erfolgreich in '/work/eauten2s/ec_criteria_struct/lct/evaluate/eval_p1_2/model_output/Llama-3-70B-Instruct_0_shot_tmp_1/output/Llama-3-70B-Instruct_NCT03923972_0_shot.txt' gespeichert.
File: NCT03923985 

Das File: /work/eauten2s/ec_criteria_struct/lct/input/lct_txt/NCT03923985.txt wurde erfolgreich geladen.
0
Die Daten wurden erfolgreich in '/work/eauten2s/ec_criteria_struct/lct/evaluate/eval_p1_2/model_output/Llama-3-70B-Instruct_0_shot_tmp_1/output/Llama-3-70B-Instruct_NCT03923985_0_shot.txt' gespeichert.
File: NCT03923998 

Das File: /work/eauten2s/ec_criteria_struct/lct/input/lct_txt/NCT03923998.txt wurde erfolgreich geladen.
0
Die Daten wurden erfolgreich in '/work/eauten2s/ec_criteria_struct/lct/evaluate/eval_p1_2/model_output/Llama-3-70B-Instruct_0_shot_tmp_1/output/Llama-3-70B-Instruct_NCT03923998_0_shot.txt' gespeichert.
File: NCT03924011 

Das File: /work/eauten2s/ec_criteria_struct/lct/input/lct_txt/NCT03924011.txt wurde erfolgreich geladen.
0
Die Daten wurden erfolgreich in '/work/eauten2s/ec_criteria_struct/lct/evaluate/eval_p1_2/model_output/Llama-3-70B-Instruct_0_shot_tmp_1/output/Llama-3-70B-Instruct_NCT03924011_0_shot.txt' gespeichert.
File: NCT03924024 

Das File: /work/eauten2s/ec_criteria_struct/lct/input/lct_txt/NCT03924024.txt wurde erfolgreich geladen.
0
Die Daten wurden erfolgreich in '/work/eauten2s/ec_criteria_struct/lct/evaluate/eval_p1_2/model_output/Llama-3-70B-Instruct_0_shot_tmp_1/output/Llama-3-70B-Instruct_NCT03924024_0_shot.txt' gespeichert.
File: NCT03924037 

Das File: /work/eauten2s/ec_criteria_struct/lct/input/lct_txt/NCT03924037.txt wurde erfolgreich geladen.
0
Die Daten wurden erfolgreich in '/work/eauten2s/ec_criteria_struct/lct/evaluate/eval_p1_2/model_output/Llama-3-70B-Instruct_0_shot_tmp_1/output/Llama-3-70B-Instruct_NCT03924037_0_shot.txt' gespeichert.
File: NCT03924076 

Das File: /work/eauten2s/ec_criteria_struct/lct/input/lct_txt/NCT03924076.txt wurde erfolgreich geladen.
0
Die Daten wurden erfolgreich in '/work/eauten2s/ec_criteria_struct/lct/evaluate/eval_p1_2/model_output/Llama-3-70B-Instruct_0_shot_tmp_1/output/Llama-3-70B-Instruct_NCT03924076_0_shot.txt' gespeichert.
File: NCT03924102 

Das File: /work/eauten2s/ec_criteria_struct/lct/input/lct_txt/NCT03924102.txt wurde erfolgreich geladen.
0
Die Daten wurden erfolgreich in '/work/eauten2s/ec_criteria_struct/lct/evaluate/eval_p1_2/model_output/Llama-3-70B-Instruct_0_shot_tmp_1/output/Llama-3-70B-Instruct_NCT03924102_0_shot.txt' gespeichert.
File: NCT03924115 

Das File: /work/eauten2s/ec_criteria_struct/lct/input/lct_txt/NCT03924115.txt wurde erfolgreich geladen.
0
Die Daten wurden erfolgreich in '/work/eauten2s/ec_criteria_struct/lct/evaluate/eval_p1_2/model_output/Llama-3-70B-Instruct_0_shot_tmp_1/output/Llama-3-70B-Instruct_NCT03924115_0_shot.txt' gespeichert.
File: NCT03924128 

Das File: /work/eauten2s/ec_criteria_struct/lct/input/lct_txt/NCT03924128.txt wurde erfolgreich geladen.
0
Die Daten wurden erfolgreich in '/work/eauten2s/ec_criteria_struct/lct/evaluate/eval_p1_2/model_output/Llama-3-70B-Instruct_0_shot_tmp_1/output/Llama-3-70B-Instruct_NCT03924128_0_shot.txt' gespeichert.
File: NCT03924141 

Das File: /work/eauten2s/ec_criteria_struct/lct/input/lct_txt/NCT03924141.txt wurde erfolgreich geladen.
0
Die Daten wurden erfolgreich in '/work/eauten2s/ec_criteria_struct/lct/evaluate/eval_p1_2/model_output/Llama-3-70B-Instruct_0_shot_tmp_1/output/Llama-3-70B-Instruct_NCT03924141_0_shot.txt' gespeichert.
File: NCT03924167 

Das File: /work/eauten2s/ec_criteria_struct/lct/input/lct_txt/NCT03924167.txt wurde erfolgreich geladen.
0
Die Daten wurden erfolgreich in '/work/eauten2s/ec_criteria_struct/lct/evaluate/eval_p1_2/model_output/Llama-3-70B-Instruct_0_shot_tmp_1/output/Llama-3-70B-Instruct_NCT03924167_0_shot.txt' gespeichert.
File: NCT03924180 

Das File: /work/eauten2s/ec_criteria_struct/lct/input/lct_txt/NCT03924180.txt wurde erfolgreich geladen.
0
Die Daten wurden erfolgreich in '/work/eauten2s/ec_criteria_struct/lct/evaluate/eval_p1_2/model_output/Llama-3-70B-Instruct_0_shot_tmp_1/output/Llama-3-70B-Instruct_NCT03924180_0_shot.txt' gespeichert.
File: NCT03924206 

Das File: /work/eauten2s/ec_criteria_struct/lct/input/lct_txt/NCT03924206.txt wurde erfolgreich geladen.
0
Die Daten wurden erfolgreich in '/work/eauten2s/ec_criteria_struct/lct/evaluate/eval_p1_2/model_output/Llama-3-70B-Instruct_0_shot_tmp_1/output/Llama-3-70B-Instruct_NCT03924206_0_shot.txt' gespeichert.
File: NCT03924232 

Das File: /work/eauten2s/ec_criteria_struct/lct/input/lct_txt/NCT03924232.txt wurde erfolgreich geladen.
0
Die Daten wurden erfolgreich in '/work/eauten2s/ec_criteria_struct/lct/evaluate/eval_p1_2/model_output/Llama-3-70B-Instruct_0_shot_tmp_1/output/Llama-3-70B-Instruct_NCT03924232_0_shot.txt' gespeichert.
File: NCT03924284 

Das File: /work/eauten2s/ec_criteria_struct/lct/input/lct_txt/NCT03924284.txt wurde erfolgreich geladen.
0
Die Daten wurden erfolgreich in '/work/eauten2s/ec_criteria_struct/lct/evaluate/eval_p1_2/model_output/Llama-3-70B-Instruct_0_shot_tmp_1/output/Llama-3-70B-Instruct_NCT03924284_0_shot.txt' gespeichert.
File: NCT03924297 

Das File: /work/eauten2s/ec_criteria_struct/lct/input/lct_txt/NCT03924297.txt wurde erfolgreich geladen.
0
Die Daten wurden erfolgreich in '/work/eauten2s/ec_criteria_struct/lct/evaluate/eval_p1_2/model_output/Llama-3-70B-Instruct_0_shot_tmp_1/output/Llama-3-70B-Instruct_NCT03924297_0_shot.txt' gespeichert.
File: NCT03924336 

Das File: /work/eauten2s/ec_criteria_struct/lct/input/lct_txt/NCT03924336.txt wurde erfolgreich geladen.
0
Die Daten wurden erfolgreich in '/work/eauten2s/ec_criteria_struct/lct/evaluate/eval_p1_2/model_output/Llama-3-70B-Instruct_0_shot_tmp_1/output/Llama-3-70B-Instruct_NCT03924336_0_shot.txt' gespeichert.
File: NCT03924349 

Das File: /work/eauten2s/ec_criteria_struct/lct/input/lct_txt/NCT03924349.txt wurde erfolgreich geladen.
0
Die Daten wurden erfolgreich in '/work/eauten2s/ec_criteria_struct/lct/evaluate/eval_p1_2/model_output/Llama-3-70B-Instruct_0_shot_tmp_1/output/Llama-3-70B-Instruct_NCT03924349_0_shot.txt' gespeichert.
File: NCT03924362 

Das File: /work/eauten2s/ec_criteria_struct/lct/input/lct_txt/NCT03924362.txt wurde erfolgreich geladen.
0
Die Daten wurden erfolgreich in '/work/eauten2s/ec_criteria_struct/lct/evaluate/eval_p1_2/model_output/Llama-3-70B-Instruct_0_shot_tmp_1/output/Llama-3-70B-Instruct_NCT03924362_0_shot.txt' gespeichert.
File: NCT03924375 

Das File: /work/eauten2s/ec_criteria_struct/lct/input/lct_txt/NCT03924375.txt wurde erfolgreich geladen.
0
Die Daten wurden erfolgreich in '/work/eauten2s/ec_criteria_struct/lct/evaluate/eval_p1_2/model_output/Llama-3-70B-Instruct_0_shot_tmp_1/output/Llama-3-70B-Instruct_NCT03924375_0_shot.txt' gespeichert.
File: NCT03924414 

Das File: /work/eauten2s/ec_criteria_struct/lct/input/lct_txt/NCT03924414.txt wurde erfolgreich geladen.
0
Die Daten wurden erfolgreich in '/work/eauten2s/ec_criteria_struct/lct/evaluate/eval_p1_2/model_output/Llama-3-70B-Instruct_0_shot_tmp_1/output/Llama-3-70B-Instruct_NCT03924414_0_shot.txt' gespeichert.
File: NCT03924427 

Das File: /work/eauten2s/ec_criteria_struct/lct/input/lct_txt/NCT03924427.txt wurde erfolgreich geladen.
0
Die Daten wurden erfolgreich in '/work/eauten2s/ec_criteria_struct/lct/evaluate/eval_p1_2/model_output/Llama-3-70B-Instruct_0_shot_tmp_1/output/Llama-3-70B-Instruct_NCT03924427_0_shot.txt' gespeichert.
File: NCT03924440 

Das File: /work/eauten2s/ec_criteria_struct/lct/input/lct_txt/NCT03924440.txt wurde erfolgreich geladen.
0
Die Daten wurden erfolgreich in '/work/eauten2s/ec_criteria_struct/lct/evaluate/eval_p1_2/model_output/Llama-3-70B-Instruct_0_shot_tmp_1/output/Llama-3-70B-Instruct_NCT03924440_0_shot.txt' gespeichert.
File: NCT03924453 

Das File: /work/eauten2s/ec_criteria_struct/lct/input/lct_txt/NCT03924453.txt wurde erfolgreich geladen.
0
Die Daten wurden erfolgreich in '/work/eauten2s/ec_criteria_struct/lct/evaluate/eval_p1_2/model_output/Llama-3-70B-Instruct_0_shot_tmp_1/output/Llama-3-70B-Instruct_NCT03924453_0_shot.txt' gespeichert.
File: NCT03924466 

Das File: /work/eauten2s/ec_criteria_struct/lct/input/lct_txt/NCT03924466.txt wurde erfolgreich geladen.
0
Die Daten wurden erfolgreich in '/work/eauten2s/ec_criteria_struct/lct/evaluate/eval_p1_2/model_output/Llama-3-70B-Instruct_0_shot_tmp_1/output/Llama-3-70B-Instruct_NCT03924466_0_shot.txt' gespeichert.
File: NCT03924479 

Das File: /work/eauten2s/ec_criteria_struct/lct/input/lct_txt/NCT03924479.txt wurde erfolgreich geladen.
0
Die Daten wurden erfolgreich in '/work/eauten2s/ec_criteria_struct/lct/evaluate/eval_p1_2/model_output/Llama-3-70B-Instruct_0_shot_tmp_1/output/Llama-3-70B-Instruct_NCT03924479_0_shot.txt' gespeichert.
File: NCT03924492 

Das File: /work/eauten2s/ec_criteria_struct/lct/input/lct_txt/NCT03924492.txt wurde erfolgreich geladen.
0
Die Daten wurden erfolgreich in '/work/eauten2s/ec_criteria_struct/lct/evaluate/eval_p1_2/model_output/Llama-3-70B-Instruct_0_shot_tmp_1/output/Llama-3-70B-Instruct_NCT03924492_0_shot.txt' gespeichert.
File: NCT03924505 

Das File: /work/eauten2s/ec_criteria_struct/lct/input/lct_txt/NCT03924505.txt wurde erfolgreich geladen.
0
Die Daten wurden erfolgreich in '/work/eauten2s/ec_criteria_struct/lct/evaluate/eval_p1_2/model_output/Llama-3-70B-Instruct_0_shot_tmp_1/output/Llama-3-70B-Instruct_NCT03924505_0_shot.txt' gespeichert.
File: NCT03924518 

Das File: /work/eauten2s/ec_criteria_struct/lct/input/lct_txt/NCT03924518.txt wurde erfolgreich geladen.
0
Die Daten wurden erfolgreich in '/work/eauten2s/ec_criteria_struct/lct/evaluate/eval_p1_2/model_output/Llama-3-70B-Instruct_0_shot_tmp_1/output/Llama-3-70B-Instruct_NCT03924518_0_shot.txt' gespeichert.
File: NCT03924531 

Das File: /work/eauten2s/ec_criteria_struct/lct/input/lct_txt/NCT03924531.txt wurde erfolgreich geladen.
0
Die Daten wurden erfolgreich in '/work/eauten2s/ec_criteria_struct/lct/evaluate/eval_p1_2/model_output/Llama-3-70B-Instruct_0_shot_tmp_1/output/Llama-3-70B-Instruct_NCT03924531_0_shot.txt' gespeichert.
File: NCT03924544 

Das File: /work/eauten2s/ec_criteria_struct/lct/input/lct_txt/NCT03924544.txt wurde erfolgreich geladen.
0
Die Daten wurden erfolgreich in '/work/eauten2s/ec_criteria_struct/lct/evaluate/eval_p1_2/model_output/Llama-3-70B-Instruct_0_shot_tmp_1/output/Llama-3-70B-Instruct_NCT03924544_0_shot.txt' gespeichert.
File: NCT03924557 

Das File: /work/eauten2s/ec_criteria_struct/lct/input/lct_txt/NCT03924557.txt wurde erfolgreich geladen.
0
Die Daten wurden erfolgreich in '/work/eauten2s/ec_criteria_struct/lct/evaluate/eval_p1_2/model_output/Llama-3-70B-Instruct_0_shot_tmp_1/output/Llama-3-70B-Instruct_NCT03924557_0_shot.txt' gespeichert.
File: NCT03924583 

Das File: /work/eauten2s/ec_criteria_struct/lct/input/lct_txt/NCT03924583.txt wurde erfolgreich geladen.
0
Die Daten wurden erfolgreich in '/work/eauten2s/ec_criteria_struct/lct/evaluate/eval_p1_2/model_output/Llama-3-70B-Instruct_0_shot_tmp_1/output/Llama-3-70B-Instruct_NCT03924583_0_shot.txt' gespeichert.
File: NCT03924596 

Das File: /work/eauten2s/ec_criteria_struct/lct/input/lct_txt/NCT03924596.txt wurde erfolgreich geladen.
0
Die Daten wurden erfolgreich in '/work/eauten2s/ec_criteria_struct/lct/evaluate/eval_p1_2/model_output/Llama-3-70B-Instruct_0_shot_tmp_1/output/Llama-3-70B-Instruct_NCT03924596_0_shot.txt' gespeichert.
File: NCT03924609 

Das File: /work/eauten2s/ec_criteria_struct/lct/input/lct_txt/NCT03924609.txt wurde erfolgreich geladen.
0
Die Daten wurden erfolgreich in '/work/eauten2s/ec_criteria_struct/lct/evaluate/eval_p1_2/model_output/Llama-3-70B-Instruct_0_shot_tmp_1/output/Llama-3-70B-Instruct_NCT03924609_0_shot.txt' gespeichert.
File: NCT03924622 

Das File: /work/eauten2s/ec_criteria_struct/lct/input/lct_txt/NCT03924622.txt wurde erfolgreich geladen.
0
Die Daten wurden erfolgreich in '/work/eauten2s/ec_criteria_struct/lct/evaluate/eval_p1_2/model_output/Llama-3-70B-Instruct_0_shot_tmp_1/output/Llama-3-70B-Instruct_NCT03924622_0_shot.txt' gespeichert.
File: NCT03924687 

Das File: /work/eauten2s/ec_criteria_struct/lct/input/lct_txt/NCT03924687.txt wurde erfolgreich geladen.
0
Die Daten wurden erfolgreich in '/work/eauten2s/ec_criteria_struct/lct/evaluate/eval_p1_2/model_output/Llama-3-70B-Instruct_0_shot_tmp_1/output/Llama-3-70B-Instruct_NCT03924687_0_shot.txt' gespeichert.
File: NCT03924713 

Das File: /work/eauten2s/ec_criteria_struct/lct/input/lct_txt/NCT03924713.txt wurde erfolgreich geladen.
0
Die Daten wurden erfolgreich in '/work/eauten2s/ec_criteria_struct/lct/evaluate/eval_p1_2/model_output/Llama-3-70B-Instruct_0_shot_tmp_1/output/Llama-3-70B-Instruct_NCT03924713_0_shot.txt' gespeichert.
File: NCT03924726 

Das File: /work/eauten2s/ec_criteria_struct/lct/input/lct_txt/NCT03924726.txt wurde erfolgreich geladen.
0
Die Daten wurden erfolgreich in '/work/eauten2s/ec_criteria_struct/lct/evaluate/eval_p1_2/model_output/Llama-3-70B-Instruct_0_shot_tmp_1/output/Llama-3-70B-Instruct_NCT03924726_0_shot.txt' gespeichert.
File: NCT03924752 

Das File: /work/eauten2s/ec_criteria_struct/lct/input/lct_txt/NCT03924752.txt wurde erfolgreich geladen.
0
Die Daten wurden erfolgreich in '/work/eauten2s/ec_criteria_struct/lct/evaluate/eval_p1_2/model_output/Llama-3-70B-Instruct_0_shot_tmp_1/output/Llama-3-70B-Instruct_NCT03924752_0_shot.txt' gespeichert.
File: NCT03924778 

Das File: /work/eauten2s/ec_criteria_struct/lct/input/lct_txt/NCT03924778.txt wurde erfolgreich geladen.
0
Die Daten wurden erfolgreich in '/work/eauten2s/ec_criteria_struct/lct/evaluate/eval_p1_2/model_output/Llama-3-70B-Instruct_0_shot_tmp_1/output/Llama-3-70B-Instruct_NCT03924778_0_shot.txt' gespeichert.
File: NCT03924791 

Das File: /work/eauten2s/ec_criteria_struct/lct/input/lct_txt/NCT03924791.txt wurde erfolgreich geladen.
0
Die Daten wurden erfolgreich in '/work/eauten2s/ec_criteria_struct/lct/evaluate/eval_p1_2/model_output/Llama-3-70B-Instruct_0_shot_tmp_1/output/Llama-3-70B-Instruct_NCT03924791_0_shot.txt' gespeichert.
File: NCT03924804 

Das File: /work/eauten2s/ec_criteria_struct/lct/input/lct_txt/NCT03924804.txt wurde erfolgreich geladen.
0
Die Daten wurden erfolgreich in '/work/eauten2s/ec_criteria_struct/lct/evaluate/eval_p1_2/model_output/Llama-3-70B-Instruct_0_shot_tmp_1/output/Llama-3-70B-Instruct_NCT03924804_0_shot.txt' gespeichert.
File: NCT03924817 

Das File: /work/eauten2s/ec_criteria_struct/lct/input/lct_txt/NCT03924817.txt wurde erfolgreich geladen.
0
Die Daten wurden erfolgreich in '/work/eauten2s/ec_criteria_struct/lct/evaluate/eval_p1_2/model_output/Llama-3-70B-Instruct_0_shot_tmp_1/output/Llama-3-70B-Instruct_NCT03924817_0_shot.txt' gespeichert.
File: NCT03924830 

Das File: /work/eauten2s/ec_criteria_struct/lct/input/lct_txt/NCT03924830.txt wurde erfolgreich geladen.
0
Die Daten wurden erfolgreich in '/work/eauten2s/ec_criteria_struct/lct/evaluate/eval_p1_2/model_output/Llama-3-70B-Instruct_0_shot_tmp_1/output/Llama-3-70B-Instruct_NCT03924830_0_shot.txt' gespeichert.
File: NCT03924843 

Das File: /work/eauten2s/ec_criteria_struct/lct/input/lct_txt/NCT03924843.txt wurde erfolgreich geladen.
0
Die Daten wurden erfolgreich in '/work/eauten2s/ec_criteria_struct/lct/evaluate/eval_p1_2/model_output/Llama-3-70B-Instruct_0_shot_tmp_1/output/Llama-3-70B-Instruct_NCT03924843_0_shot.txt' gespeichert.
File: NCT03924882 

Das File: /work/eauten2s/ec_criteria_struct/lct/input/lct_txt/NCT03924882.txt wurde erfolgreich geladen.
0
Die Daten wurden erfolgreich in '/work/eauten2s/ec_criteria_struct/lct/evaluate/eval_p1_2/model_output/Llama-3-70B-Instruct_0_shot_tmp_1/output/Llama-3-70B-Instruct_NCT03924882_0_shot.txt' gespeichert.
File: NCT03924908 

Das File: /work/eauten2s/ec_criteria_struct/lct/input/lct_txt/NCT03924908.txt wurde erfolgreich geladen.
0
Die Daten wurden erfolgreich in '/work/eauten2s/ec_criteria_struct/lct/evaluate/eval_p1_2/model_output/Llama-3-70B-Instruct_0_shot_tmp_1/output/Llama-3-70B-Instruct_NCT03924908_0_shot.txt' gespeichert.
File: NCT03924921 

Das File: /work/eauten2s/ec_criteria_struct/lct/input/lct_txt/NCT03924921.txt wurde erfolgreich geladen.
0
Die Daten wurden erfolgreich in '/work/eauten2s/ec_criteria_struct/lct/evaluate/eval_p1_2/model_output/Llama-3-70B-Instruct_0_shot_tmp_1/output/Llama-3-70B-Instruct_NCT03924921_0_shot.txt' gespeichert.
File: NCT03924934 

Das File: /work/eauten2s/ec_criteria_struct/lct/input/lct_txt/NCT03924934.txt wurde erfolgreich geladen.
0
Die Daten wurden erfolgreich in '/work/eauten2s/ec_criteria_struct/lct/evaluate/eval_p1_2/model_output/Llama-3-70B-Instruct_0_shot_tmp_1/output/Llama-3-70B-Instruct_NCT03924934_0_shot.txt' gespeichert.
File: NCT03924960 

Das File: /work/eauten2s/ec_criteria_struct/lct/input/lct_txt/NCT03924960.txt wurde erfolgreich geladen.
0
Die Daten wurden erfolgreich in '/work/eauten2s/ec_criteria_struct/lct/evaluate/eval_p1_2/model_output/Llama-3-70B-Instruct_0_shot_tmp_1/output/Llama-3-70B-Instruct_NCT03924960_0_shot.txt' gespeichert.
File: NCT03924973 

Das File: /work/eauten2s/ec_criteria_struct/lct/input/lct_txt/NCT03924973.txt wurde erfolgreich geladen.
0
Die Daten wurden erfolgreich in '/work/eauten2s/ec_criteria_struct/lct/evaluate/eval_p1_2/model_output/Llama-3-70B-Instruct_0_shot_tmp_1/output/Llama-3-70B-Instruct_NCT03924973_0_shot.txt' gespeichert.
File: NCT03924999 

Das File: /work/eauten2s/ec_criteria_struct/lct/input/lct_txt/NCT03924999.txt wurde erfolgreich geladen.
0
Die Daten wurden erfolgreich in '/work/eauten2s/ec_criteria_struct/lct/evaluate/eval_p1_2/model_output/Llama-3-70B-Instruct_0_shot_tmp_1/output/Llama-3-70B-Instruct_NCT03924999_0_shot.txt' gespeichert.
File: NCT03925038 

Das File: /work/eauten2s/ec_criteria_struct/lct/input/lct_txt/NCT03925038.txt wurde erfolgreich geladen.
0
Die Daten wurden erfolgreich in '/work/eauten2s/ec_criteria_struct/lct/evaluate/eval_p1_2/model_output/Llama-3-70B-Instruct_0_shot_tmp_1/output/Llama-3-70B-Instruct_NCT03925038_0_shot.txt' gespeichert.
File: NCT03925064 

Das File: /work/eauten2s/ec_criteria_struct/lct/input/lct_txt/NCT03925064.txt wurde erfolgreich geladen.
0
Die Daten wurden erfolgreich in '/work/eauten2s/ec_criteria_struct/lct/evaluate/eval_p1_2/model_output/Llama-3-70B-Instruct_0_shot_tmp_1/output/Llama-3-70B-Instruct_NCT03925064_0_shot.txt' gespeichert.
File: NCT03925077 

Das File: /work/eauten2s/ec_criteria_struct/lct/input/lct_txt/NCT03925077.txt wurde erfolgreich geladen.
0
Die Daten wurden erfolgreich in '/work/eauten2s/ec_criteria_struct/lct/evaluate/eval_p1_2/model_output/Llama-3-70B-Instruct_0_shot_tmp_1/output/Llama-3-70B-Instruct_NCT03925077_0_shot.txt' gespeichert.
File: NCT03925103 

Das File: /work/eauten2s/ec_criteria_struct/lct/input/lct_txt/NCT03925103.txt wurde erfolgreich geladen.
0
Die Daten wurden erfolgreich in '/work/eauten2s/ec_criteria_struct/lct/evaluate/eval_p1_2/model_output/Llama-3-70B-Instruct_0_shot_tmp_1/output/Llama-3-70B-Instruct_NCT03925103_0_shot.txt' gespeichert.
File: NCT03925116 

Das File: /work/eauten2s/ec_criteria_struct/lct/input/lct_txt/NCT03925116.txt wurde erfolgreich geladen.
0
Die Daten wurden erfolgreich in '/work/eauten2s/ec_criteria_struct/lct/evaluate/eval_p1_2/model_output/Llama-3-70B-Instruct_0_shot_tmp_1/output/Llama-3-70B-Instruct_NCT03925116_0_shot.txt' gespeichert.
File: NCT03925129 

Das File: /work/eauten2s/ec_criteria_struct/lct/input/lct_txt/NCT03925129.txt wurde erfolgreich geladen.
0
Die Daten wurden erfolgreich in '/work/eauten2s/ec_criteria_struct/lct/evaluate/eval_p1_2/model_output/Llama-3-70B-Instruct_0_shot_tmp_1/output/Llama-3-70B-Instruct_NCT03925129_0_shot.txt' gespeichert.
File: NCT03925142 

Das File: /work/eauten2s/ec_criteria_struct/lct/input/lct_txt/NCT03925142.txt wurde erfolgreich geladen.
0
Die Daten wurden erfolgreich in '/work/eauten2s/ec_criteria_struct/lct/evaluate/eval_p1_2/model_output/Llama-3-70B-Instruct_0_shot_tmp_1/output/Llama-3-70B-Instruct_NCT03925142_0_shot.txt' gespeichert.
File: NCT03925155 

Das File: /work/eauten2s/ec_criteria_struct/lct/input/lct_txt/NCT03925155.txt wurde erfolgreich geladen.
0
Die Daten wurden erfolgreich in '/work/eauten2s/ec_criteria_struct/lct/evaluate/eval_p1_2/model_output/Llama-3-70B-Instruct_0_shot_tmp_1/output/Llama-3-70B-Instruct_NCT03925155_0_shot.txt' gespeichert.
File: NCT03925168 

Das File: /work/eauten2s/ec_criteria_struct/lct/input/lct_txt/NCT03925168.txt wurde erfolgreich geladen.
0
Die Daten wurden erfolgreich in '/work/eauten2s/ec_criteria_struct/lct/evaluate/eval_p1_2/model_output/Llama-3-70B-Instruct_0_shot_tmp_1/output/Llama-3-70B-Instruct_NCT03925168_0_shot.txt' gespeichert.
File: NCT03925181 

Das File: /work/eauten2s/ec_criteria_struct/lct/input/lct_txt/NCT03925181.txt wurde erfolgreich geladen.
0
Die Daten wurden erfolgreich in '/work/eauten2s/ec_criteria_struct/lct/evaluate/eval_p1_2/model_output/Llama-3-70B-Instruct_0_shot_tmp_1/output/Llama-3-70B-Instruct_NCT03925181_0_shot.txt' gespeichert.
File: NCT03925207 

Das File: /work/eauten2s/ec_criteria_struct/lct/input/lct_txt/NCT03925207.txt wurde erfolgreich geladen.
0
Die Daten wurden erfolgreich in '/work/eauten2s/ec_criteria_struct/lct/evaluate/eval_p1_2/model_output/Llama-3-70B-Instruct_0_shot_tmp_1/output/Llama-3-70B-Instruct_NCT03925207_0_shot.txt' gespeichert.
File: NCT03925259 

Das File: /work/eauten2s/ec_criteria_struct/lct/input/lct_txt/NCT03925259.txt wurde erfolgreich geladen.
0
Die Daten wurden erfolgreich in '/work/eauten2s/ec_criteria_struct/lct/evaluate/eval_p1_2/model_output/Llama-3-70B-Instruct_0_shot_tmp_1/output/Llama-3-70B-Instruct_NCT03925259_0_shot.txt' gespeichert.
File: NCT03925272 

Das File: /work/eauten2s/ec_criteria_struct/lct/input/lct_txt/NCT03925272.txt wurde erfolgreich geladen.
0
Die Daten wurden erfolgreich in '/work/eauten2s/ec_criteria_struct/lct/evaluate/eval_p1_2/model_output/Llama-3-70B-Instruct_0_shot_tmp_1/output/Llama-3-70B-Instruct_NCT03925272_0_shot.txt' gespeichert.
File: NCT03925285 

Das File: /work/eauten2s/ec_criteria_struct/lct/input/lct_txt/NCT03925285.txt wurde erfolgreich geladen.
0
Die Daten wurden erfolgreich in '/work/eauten2s/ec_criteria_struct/lct/evaluate/eval_p1_2/model_output/Llama-3-70B-Instruct_0_shot_tmp_1/output/Llama-3-70B-Instruct_NCT03925285_0_shot.txt' gespeichert.
File: NCT03925298 

Das File: /work/eauten2s/ec_criteria_struct/lct/input/lct_txt/NCT03925298.txt wurde erfolgreich geladen.
0
Die Daten wurden erfolgreich in '/work/eauten2s/ec_criteria_struct/lct/evaluate/eval_p1_2/model_output/Llama-3-70B-Instruct_0_shot_tmp_1/output/Llama-3-70B-Instruct_NCT03925298_0_shot.txt' gespeichert.
File: NCT03925311 

Das File: /work/eauten2s/ec_criteria_struct/lct/input/lct_txt/NCT03925311.txt wurde erfolgreich geladen.
0
Die Daten wurden erfolgreich in '/work/eauten2s/ec_criteria_struct/lct/evaluate/eval_p1_2/model_output/Llama-3-70B-Instruct_0_shot_tmp_1/output/Llama-3-70B-Instruct_NCT03925311_0_shot.txt' gespeichert.
File: NCT03925337 

Das File: /work/eauten2s/ec_criteria_struct/lct/input/lct_txt/NCT03925337.txt wurde erfolgreich geladen.
0
Die Daten wurden erfolgreich in '/work/eauten2s/ec_criteria_struct/lct/evaluate/eval_p1_2/model_output/Llama-3-70B-Instruct_0_shot_tmp_1/output/Llama-3-70B-Instruct_NCT03925337_0_shot.txt' gespeichert.
File: NCT03925363 

Das File: /work/eauten2s/ec_criteria_struct/lct/input/lct_txt/NCT03925363.txt wurde erfolgreich geladen.
0
Die Daten wurden erfolgreich in '/work/eauten2s/ec_criteria_struct/lct/evaluate/eval_p1_2/model_output/Llama-3-70B-Instruct_0_shot_tmp_1/output/Llama-3-70B-Instruct_NCT03925363_0_shot.txt' gespeichert.
File: NCT03925376 

Das File: /work/eauten2s/ec_criteria_struct/lct/input/lct_txt/NCT03925376.txt wurde erfolgreich geladen.
0
Die Daten wurden erfolgreich in '/work/eauten2s/ec_criteria_struct/lct/evaluate/eval_p1_2/model_output/Llama-3-70B-Instruct_0_shot_tmp_1/output/Llama-3-70B-Instruct_NCT03925376_0_shot.txt' gespeichert.
File: NCT03925389 

Das File: /work/eauten2s/ec_criteria_struct/lct/input/lct_txt/NCT03925389.txt wurde erfolgreich geladen.
0
Die Daten wurden erfolgreich in '/work/eauten2s/ec_criteria_struct/lct/evaluate/eval_p1_2/model_output/Llama-3-70B-Instruct_0_shot_tmp_1/output/Llama-3-70B-Instruct_NCT03925389_0_shot.txt' gespeichert.
File: NCT03925402 

Das File: /work/eauten2s/ec_criteria_struct/lct/input/lct_txt/NCT03925402.txt wurde erfolgreich geladen.
0
Die Daten wurden erfolgreich in '/work/eauten2s/ec_criteria_struct/lct/evaluate/eval_p1_2/model_output/Llama-3-70B-Instruct_0_shot_tmp_1/output/Llama-3-70B-Instruct_NCT03925402_0_shot.txt' gespeichert.
File: NCT03925441 

Das File: /work/eauten2s/ec_criteria_struct/lct/input/lct_txt/NCT03925441.txt wurde erfolgreich geladen.
0
Die Daten wurden erfolgreich in '/work/eauten2s/ec_criteria_struct/lct/evaluate/eval_p1_2/model_output/Llama-3-70B-Instruct_0_shot_tmp_1/output/Llama-3-70B-Instruct_NCT03925441_0_shot.txt' gespeichert.
File: NCT03925454 

Das File: /work/eauten2s/ec_criteria_struct/lct/input/lct_txt/NCT03925454.txt wurde erfolgreich geladen.
0
Die Daten wurden erfolgreich in '/work/eauten2s/ec_criteria_struct/lct/evaluate/eval_p1_2/model_output/Llama-3-70B-Instruct_0_shot_tmp_1/output/Llama-3-70B-Instruct_NCT03925454_0_shot.txt' gespeichert.
File: NCT03925467 

Das File: /work/eauten2s/ec_criteria_struct/lct/input/lct_txt/NCT03925467.txt wurde erfolgreich geladen.
0
Die Daten wurden erfolgreich in '/work/eauten2s/ec_criteria_struct/lct/evaluate/eval_p1_2/model_output/Llama-3-70B-Instruct_0_shot_tmp_1/output/Llama-3-70B-Instruct_NCT03925467_0_shot.txt' gespeichert.
File: NCT03925506 

Das File: /work/eauten2s/ec_criteria_struct/lct/input/lct_txt/NCT03925506.txt wurde erfolgreich geladen.
0
Die Daten wurden erfolgreich in '/work/eauten2s/ec_criteria_struct/lct/evaluate/eval_p1_2/model_output/Llama-3-70B-Instruct_0_shot_tmp_1/output/Llama-3-70B-Instruct_NCT03925506_0_shot.txt' gespeichert.
File: NCT03925519 

Das File: /work/eauten2s/ec_criteria_struct/lct/input/lct_txt/NCT03925519.txt wurde erfolgreich geladen.
0
Die Daten wurden erfolgreich in '/work/eauten2s/ec_criteria_struct/lct/evaluate/eval_p1_2/model_output/Llama-3-70B-Instruct_0_shot_tmp_1/output/Llama-3-70B-Instruct_NCT03925519_0_shot.txt' gespeichert.
File: NCT03925558 

Das File: /work/eauten2s/ec_criteria_struct/lct/input/lct_txt/NCT03925558.txt wurde erfolgreich geladen.
0
Die Daten wurden erfolgreich in '/work/eauten2s/ec_criteria_struct/lct/evaluate/eval_p1_2/model_output/Llama-3-70B-Instruct_0_shot_tmp_1/output/Llama-3-70B-Instruct_NCT03925558_0_shot.txt' gespeichert.
File: NCT03925571 

Das File: /work/eauten2s/ec_criteria_struct/lct/input/lct_txt/NCT03925571.txt wurde erfolgreich geladen.
0
Die Daten wurden erfolgreich in '/work/eauten2s/ec_criteria_struct/lct/evaluate/eval_p1_2/model_output/Llama-3-70B-Instruct_0_shot_tmp_1/output/Llama-3-70B-Instruct_NCT03925571_0_shot.txt' gespeichert.
File: NCT03925584 

Das File: /work/eauten2s/ec_criteria_struct/lct/input/lct_txt/NCT03925584.txt wurde erfolgreich geladen.
0
Die Daten wurden erfolgreich in '/work/eauten2s/ec_criteria_struct/lct/evaluate/eval_p1_2/model_output/Llama-3-70B-Instruct_0_shot_tmp_1/output/Llama-3-70B-Instruct_NCT03925584_0_shot.txt' gespeichert.
File: NCT03925610 

Das File: /work/eauten2s/ec_criteria_struct/lct/input/lct_txt/NCT03925610.txt wurde erfolgreich geladen.
0
Die Daten wurden erfolgreich in '/work/eauten2s/ec_criteria_struct/lct/evaluate/eval_p1_2/model_output/Llama-3-70B-Instruct_0_shot_tmp_1/output/Llama-3-70B-Instruct_NCT03925610_0_shot.txt' gespeichert.
File: NCT03925649 

Das File: /work/eauten2s/ec_criteria_struct/lct/input/lct_txt/NCT03925649.txt wurde erfolgreich geladen.
0
Die Daten wurden erfolgreich in '/work/eauten2s/ec_criteria_struct/lct/evaluate/eval_p1_2/model_output/Llama-3-70B-Instruct_0_shot_tmp_1/output/Llama-3-70B-Instruct_NCT03925649_0_shot.txt' gespeichert.
File: NCT03925662 

Das File: /work/eauten2s/ec_criteria_struct/lct/input/lct_txt/NCT03925662.txt wurde erfolgreich geladen.
0
Die Daten wurden erfolgreich in '/work/eauten2s/ec_criteria_struct/lct/evaluate/eval_p1_2/model_output/Llama-3-70B-Instruct_0_shot_tmp_1/output/Llama-3-70B-Instruct_NCT03925662_0_shot.txt' gespeichert.
File: NCT03925675 

Das File: /work/eauten2s/ec_criteria_struct/lct/input/lct_txt/NCT03925675.txt wurde erfolgreich geladen.
0
Die Daten wurden erfolgreich in '/work/eauten2s/ec_criteria_struct/lct/evaluate/eval_p1_2/model_output/Llama-3-70B-Instruct_0_shot_tmp_1/output/Llama-3-70B-Instruct_NCT03925675_0_shot.txt' gespeichert.
File: NCT03925688 

Das File: /work/eauten2s/ec_criteria_struct/lct/input/lct_txt/NCT03925688.txt wurde erfolgreich geladen.
0
Die Daten wurden erfolgreich in '/work/eauten2s/ec_criteria_struct/lct/evaluate/eval_p1_2/model_output/Llama-3-70B-Instruct_0_shot_tmp_1/output/Llama-3-70B-Instruct_NCT03925688_0_shot.txt' gespeichert.
File: NCT03925701 

Das File: /work/eauten2s/ec_criteria_struct/lct/input/lct_txt/NCT03925701.txt wurde erfolgreich geladen.
0
Die Daten wurden erfolgreich in '/work/eauten2s/ec_criteria_struct/lct/evaluate/eval_p1_2/model_output/Llama-3-70B-Instruct_0_shot_tmp_1/output/Llama-3-70B-Instruct_NCT03925701_0_shot.txt' gespeichert.
File: NCT03925714 

Das File: /work/eauten2s/ec_criteria_struct/lct/input/lct_txt/NCT03925714.txt wurde erfolgreich geladen.
0
Die Daten wurden erfolgreich in '/work/eauten2s/ec_criteria_struct/lct/evaluate/eval_p1_2/model_output/Llama-3-70B-Instruct_0_shot_tmp_1/output/Llama-3-70B-Instruct_NCT03925714_0_shot.txt' gespeichert.
File: NCT03925727 

Das File: /work/eauten2s/ec_criteria_struct/lct/input/lct_txt/NCT03925727.txt wurde erfolgreich geladen.
0
Die Daten wurden erfolgreich in '/work/eauten2s/ec_criteria_struct/lct/evaluate/eval_p1_2/model_output/Llama-3-70B-Instruct_0_shot_tmp_1/output/Llama-3-70B-Instruct_NCT03925727_0_shot.txt' gespeichert.
File: NCT03925753 

Das File: /work/eauten2s/ec_criteria_struct/lct/input/lct_txt/NCT03925753.txt wurde erfolgreich geladen.
0
Die Daten wurden erfolgreich in '/work/eauten2s/ec_criteria_struct/lct/evaluate/eval_p1_2/model_output/Llama-3-70B-Instruct_0_shot_tmp_1/output/Llama-3-70B-Instruct_NCT03925753_0_shot.txt' gespeichert.
File: NCT03925766 

Das File: /work/eauten2s/ec_criteria_struct/lct/input/lct_txt/NCT03925766.txt wurde erfolgreich geladen.
0
Die Daten wurden erfolgreich in '/work/eauten2s/ec_criteria_struct/lct/evaluate/eval_p1_2/model_output/Llama-3-70B-Instruct_0_shot_tmp_1/output/Llama-3-70B-Instruct_NCT03925766_0_shot.txt' gespeichert.
File: NCT03925779 

Das File: /work/eauten2s/ec_criteria_struct/lct/input/lct_txt/NCT03925779.txt wurde erfolgreich geladen.
0
Die Daten wurden erfolgreich in '/work/eauten2s/ec_criteria_struct/lct/evaluate/eval_p1_2/model_output/Llama-3-70B-Instruct_0_shot_tmp_1/output/Llama-3-70B-Instruct_NCT03925779_0_shot.txt' gespeichert.
File: NCT03925818 

Das File: /work/eauten2s/ec_criteria_struct/lct/input/lct_txt/NCT03925818.txt wurde erfolgreich geladen.
0
Die Daten wurden erfolgreich in '/work/eauten2s/ec_criteria_struct/lct/evaluate/eval_p1_2/model_output/Llama-3-70B-Instruct_0_shot_tmp_1/output/Llama-3-70B-Instruct_NCT03925818_0_shot.txt' gespeichert.
File: NCT03925831 

Das File: /work/eauten2s/ec_criteria_struct/lct/input/lct_txt/NCT03925831.txt wurde erfolgreich geladen.
0
Die Daten wurden erfolgreich in '/work/eauten2s/ec_criteria_struct/lct/evaluate/eval_p1_2/model_output/Llama-3-70B-Instruct_0_shot_tmp_1/output/Llama-3-70B-Instruct_NCT03925831_0_shot.txt' gespeichert.
File: NCT03925844 

Das File: /work/eauten2s/ec_criteria_struct/lct/input/lct_txt/NCT03925844.txt wurde erfolgreich geladen.
0
Die Daten wurden erfolgreich in '/work/eauten2s/ec_criteria_struct/lct/evaluate/eval_p1_2/model_output/Llama-3-70B-Instruct_0_shot_tmp_1/output/Llama-3-70B-Instruct_NCT03925844_0_shot.txt' gespeichert.
File: NCT03925883 

Das File: /work/eauten2s/ec_criteria_struct/lct/input/lct_txt/NCT03925883.txt wurde erfolgreich geladen.
0
Die Daten wurden erfolgreich in '/work/eauten2s/ec_criteria_struct/lct/evaluate/eval_p1_2/model_output/Llama-3-70B-Instruct_0_shot_tmp_1/output/Llama-3-70B-Instruct_NCT03925883_0_shot.txt' gespeichert.
File: NCT03925909 

Das File: /work/eauten2s/ec_criteria_struct/lct/input/lct_txt/NCT03925909.txt wurde erfolgreich geladen.
0
Die Daten wurden erfolgreich in '/work/eauten2s/ec_criteria_struct/lct/evaluate/eval_p1_2/model_output/Llama-3-70B-Instruct_0_shot_tmp_1/output/Llama-3-70B-Instruct_NCT03925909_0_shot.txt' gespeichert.
File: NCT03925922 

Das File: /work/eauten2s/ec_criteria_struct/lct/input/lct_txt/NCT03925922.txt wurde erfolgreich geladen.
0
Die Daten wurden erfolgreich in '/work/eauten2s/ec_criteria_struct/lct/evaluate/eval_p1_2/model_output/Llama-3-70B-Instruct_0_shot_tmp_1/output/Llama-3-70B-Instruct_NCT03925922_0_shot.txt' gespeichert.
File: NCT03925948 

Das File: /work/eauten2s/ec_criteria_struct/lct/input/lct_txt/NCT03925948.txt wurde erfolgreich geladen.
0
Die Daten wurden erfolgreich in '/work/eauten2s/ec_criteria_struct/lct/evaluate/eval_p1_2/model_output/Llama-3-70B-Instruct_0_shot_tmp_1/output/Llama-3-70B-Instruct_NCT03925948_0_shot.txt' gespeichert.
File: NCT03925961 

Das File: /work/eauten2s/ec_criteria_struct/lct/input/lct_txt/NCT03925961.txt wurde erfolgreich geladen.
0
Die Daten wurden erfolgreich in '/work/eauten2s/ec_criteria_struct/lct/evaluate/eval_p1_2/model_output/Llama-3-70B-Instruct_0_shot_tmp_1/output/Llama-3-70B-Instruct_NCT03925961_0_shot.txt' gespeichert.
File: NCT03925987 

Das File: /work/eauten2s/ec_criteria_struct/lct/input/lct_txt/NCT03925987.txt wurde erfolgreich geladen.
0
Die Daten wurden erfolgreich in '/work/eauten2s/ec_criteria_struct/lct/evaluate/eval_p1_2/model_output/Llama-3-70B-Instruct_0_shot_tmp_1/output/Llama-3-70B-Instruct_NCT03925987_0_shot.txt' gespeichert.
File: NCT03926000 

Das File: /work/eauten2s/ec_criteria_struct/lct/input/lct_txt/NCT03926000.txt wurde erfolgreich geladen.
0
Die Daten wurden erfolgreich in '/work/eauten2s/ec_criteria_struct/lct/evaluate/eval_p1_2/model_output/Llama-3-70B-Instruct_0_shot_tmp_1/output/Llama-3-70B-Instruct_NCT03926000_0_shot.txt' gespeichert.
File: NCT03926013 

Das File: /work/eauten2s/ec_criteria_struct/lct/input/lct_txt/NCT03926013.txt wurde erfolgreich geladen.
0
Die Daten wurden erfolgreich in '/work/eauten2s/ec_criteria_struct/lct/evaluate/eval_p1_2/model_output/Llama-3-70B-Instruct_0_shot_tmp_1/output/Llama-3-70B-Instruct_NCT03926013_0_shot.txt' gespeichert.
File: NCT03926026 

Das File: /work/eauten2s/ec_criteria_struct/lct/input/lct_txt/NCT03926026.txt wurde erfolgreich geladen.
0
Die Daten wurden erfolgreich in '/work/eauten2s/ec_criteria_struct/lct/evaluate/eval_p1_2/model_output/Llama-3-70B-Instruct_0_shot_tmp_1/output/Llama-3-70B-Instruct_NCT03926026_0_shot.txt' gespeichert.
File: NCT03926039 

Das File: /work/eauten2s/ec_criteria_struct/lct/input/lct_txt/NCT03926039.txt wurde erfolgreich geladen.
0
Die Daten wurden erfolgreich in '/work/eauten2s/ec_criteria_struct/lct/evaluate/eval_p1_2/model_output/Llama-3-70B-Instruct_0_shot_tmp_1/output/Llama-3-70B-Instruct_NCT03926039_0_shot.txt' gespeichert.
File: NCT03926078 

Das File: /work/eauten2s/ec_criteria_struct/lct/input/lct_txt/NCT03926078.txt wurde erfolgreich geladen.
0
Die Daten wurden erfolgreich in '/work/eauten2s/ec_criteria_struct/lct/evaluate/eval_p1_2/model_output/Llama-3-70B-Instruct_0_shot_tmp_1/output/Llama-3-70B-Instruct_NCT03926078_0_shot.txt' gespeichert.
File: NCT03926104 

Das File: /work/eauten2s/ec_criteria_struct/lct/input/lct_txt/NCT03926104.txt wurde erfolgreich geladen.
0
Die Daten wurden erfolgreich in '/work/eauten2s/ec_criteria_struct/lct/evaluate/eval_p1_2/model_output/Llama-3-70B-Instruct_0_shot_tmp_1/output/Llama-3-70B-Instruct_NCT03926104_0_shot.txt' gespeichert.
File: NCT03926130 

Das File: /work/eauten2s/ec_criteria_struct/lct/input/lct_txt/NCT03926130.txt wurde erfolgreich geladen.
0
Die Daten wurden erfolgreich in '/work/eauten2s/ec_criteria_struct/lct/evaluate/eval_p1_2/model_output/Llama-3-70B-Instruct_0_shot_tmp_1/output/Llama-3-70B-Instruct_NCT03926130_0_shot.txt' gespeichert.
File: NCT03926143 

Das File: /work/eauten2s/ec_criteria_struct/lct/input/lct_txt/NCT03926143.txt wurde erfolgreich geladen.
0
Die Daten wurden erfolgreich in '/work/eauten2s/ec_criteria_struct/lct/evaluate/eval_p1_2/model_output/Llama-3-70B-Instruct_0_shot_tmp_1/output/Llama-3-70B-Instruct_NCT03926143_0_shot.txt' gespeichert.
File: NCT03926156 

Das File: /work/eauten2s/ec_criteria_struct/lct/input/lct_txt/NCT03926156.txt wurde erfolgreich geladen.
0
Die Daten wurden erfolgreich in '/work/eauten2s/ec_criteria_struct/lct/evaluate/eval_p1_2/model_output/Llama-3-70B-Instruct_0_shot_tmp_1/output/Llama-3-70B-Instruct_NCT03926156_0_shot.txt' gespeichert.
File: NCT03926169 

Das File: /work/eauten2s/ec_criteria_struct/lct/input/lct_txt/NCT03926169.txt wurde erfolgreich geladen.
0
Die Daten wurden erfolgreich in '/work/eauten2s/ec_criteria_struct/lct/evaluate/eval_p1_2/model_output/Llama-3-70B-Instruct_0_shot_tmp_1/output/Llama-3-70B-Instruct_NCT03926169_0_shot.txt' gespeichert.
File: NCT03926195 

Das File: /work/eauten2s/ec_criteria_struct/lct/input/lct_txt/NCT03926195.txt wurde erfolgreich geladen.
0
Die Daten wurden erfolgreich in '/work/eauten2s/ec_criteria_struct/lct/evaluate/eval_p1_2/model_output/Llama-3-70B-Instruct_0_shot_tmp_1/output/Llama-3-70B-Instruct_NCT03926195_0_shot.txt' gespeichert.
File: NCT03926208 

Das File: /work/eauten2s/ec_criteria_struct/lct/input/lct_txt/NCT03926208.txt wurde erfolgreich geladen.
0
Die Daten wurden erfolgreich in '/work/eauten2s/ec_criteria_struct/lct/evaluate/eval_p1_2/model_output/Llama-3-70B-Instruct_0_shot_tmp_1/output/Llama-3-70B-Instruct_NCT03926208_0_shot.txt' gespeichert.
File: NCT03926221 

Das File: /work/eauten2s/ec_criteria_struct/lct/input/lct_txt/NCT03926221.txt wurde erfolgreich geladen.
0
Die Daten wurden erfolgreich in '/work/eauten2s/ec_criteria_struct/lct/evaluate/eval_p1_2/model_output/Llama-3-70B-Instruct_0_shot_tmp_1/output/Llama-3-70B-Instruct_NCT03926221_0_shot.txt' gespeichert.
File: NCT03926234 

Das File: /work/eauten2s/ec_criteria_struct/lct/input/lct_txt/NCT03926234.txt wurde erfolgreich geladen.
0
Die Daten wurden erfolgreich in '/work/eauten2s/ec_criteria_struct/lct/evaluate/eval_p1_2/model_output/Llama-3-70B-Instruct_0_shot_tmp_1/output/Llama-3-70B-Instruct_NCT03926234_0_shot.txt' gespeichert.
File: NCT03926247 

Das File: /work/eauten2s/ec_criteria_struct/lct/input/lct_txt/NCT03926247.txt wurde erfolgreich geladen.
0
Die Daten wurden erfolgreich in '/work/eauten2s/ec_criteria_struct/lct/evaluate/eval_p1_2/model_output/Llama-3-70B-Instruct_0_shot_tmp_1/output/Llama-3-70B-Instruct_NCT03926247_0_shot.txt' gespeichert.
File: NCT03926273 

Das File: /work/eauten2s/ec_criteria_struct/lct/input/lct_txt/NCT03926273.txt wurde erfolgreich geladen.
0
Die Daten wurden erfolgreich in '/work/eauten2s/ec_criteria_struct/lct/evaluate/eval_p1_2/model_output/Llama-3-70B-Instruct_0_shot_tmp_1/output/Llama-3-70B-Instruct_NCT03926273_0_shot.txt' gespeichert.
File: NCT03926299 

Das File: /work/eauten2s/ec_criteria_struct/lct/input/lct_txt/NCT03926299.txt wurde erfolgreich geladen.
0
Die Daten wurden erfolgreich in '/work/eauten2s/ec_criteria_struct/lct/evaluate/eval_p1_2/model_output/Llama-3-70B-Instruct_0_shot_tmp_1/output/Llama-3-70B-Instruct_NCT03926299_0_shot.txt' gespeichert.
File: NCT03926312 

Das File: /work/eauten2s/ec_criteria_struct/lct/input/lct_txt/NCT03926312.txt wurde erfolgreich geladen.
0
Die Daten wurden erfolgreich in '/work/eauten2s/ec_criteria_struct/lct/evaluate/eval_p1_2/model_output/Llama-3-70B-Instruct_0_shot_tmp_1/output/Llama-3-70B-Instruct_NCT03926312_0_shot.txt' gespeichert.
File: NCT03926325 

Das File: /work/eauten2s/ec_criteria_struct/lct/input/lct_txt/NCT03926325.txt wurde erfolgreich geladen.
0
Die Daten wurden erfolgreich in '/work/eauten2s/ec_criteria_struct/lct/evaluate/eval_p1_2/model_output/Llama-3-70B-Instruct_0_shot_tmp_1/output/Llama-3-70B-Instruct_NCT03926325_0_shot.txt' gespeichert.
File: NCT03926351 

Das File: /work/eauten2s/ec_criteria_struct/lct/input/lct_txt/NCT03926351.txt wurde erfolgreich geladen.
0
Die Daten wurden erfolgreich in '/work/eauten2s/ec_criteria_struct/lct/evaluate/eval_p1_2/model_output/Llama-3-70B-Instruct_0_shot_tmp_1/output/Llama-3-70B-Instruct_NCT03926351_0_shot.txt' gespeichert.
File: NCT03926377 

Das File: /work/eauten2s/ec_criteria_struct/lct/input/lct_txt/NCT03926377.txt wurde erfolgreich geladen.
0
Die Daten wurden erfolgreich in '/work/eauten2s/ec_criteria_struct/lct/evaluate/eval_p1_2/model_output/Llama-3-70B-Instruct_0_shot_tmp_1/output/Llama-3-70B-Instruct_NCT03926377_0_shot.txt' gespeichert.
File: NCT03926403 

Das File: /work/eauten2s/ec_criteria_struct/lct/input/lct_txt/NCT03926403.txt wurde erfolgreich geladen.
0
Die Daten wurden erfolgreich in '/work/eauten2s/ec_criteria_struct/lct/evaluate/eval_p1_2/model_output/Llama-3-70B-Instruct_0_shot_tmp_1/output/Llama-3-70B-Instruct_NCT03926403_0_shot.txt' gespeichert.
File: NCT03926429 

Das File: /work/eauten2s/ec_criteria_struct/lct/input/lct_txt/NCT03926429.txt wurde erfolgreich geladen.
0
Die Daten wurden erfolgreich in '/work/eauten2s/ec_criteria_struct/lct/evaluate/eval_p1_2/model_output/Llama-3-70B-Instruct_0_shot_tmp_1/output/Llama-3-70B-Instruct_NCT03926429_0_shot.txt' gespeichert.
File: NCT03926455 

Das File: /work/eauten2s/ec_criteria_struct/lct/input/lct_txt/NCT03926455.txt wurde erfolgreich geladen.
0
Die Daten wurden erfolgreich in '/work/eauten2s/ec_criteria_struct/lct/evaluate/eval_p1_2/model_output/Llama-3-70B-Instruct_0_shot_tmp_1/output/Llama-3-70B-Instruct_NCT03926455_0_shot.txt' gespeichert.
File: NCT03926468 

Das File: /work/eauten2s/ec_criteria_struct/lct/input/lct_txt/NCT03926468.txt wurde erfolgreich geladen.
0
Die Daten wurden erfolgreich in '/work/eauten2s/ec_criteria_struct/lct/evaluate/eval_p1_2/model_output/Llama-3-70B-Instruct_0_shot_tmp_1/output/Llama-3-70B-Instruct_NCT03926468_0_shot.txt' gespeichert.
File: NCT03926481 

Das File: /work/eauten2s/ec_criteria_struct/lct/input/lct_txt/NCT03926481.txt wurde erfolgreich geladen.
0
Die Daten wurden erfolgreich in '/work/eauten2s/ec_criteria_struct/lct/evaluate/eval_p1_2/model_output/Llama-3-70B-Instruct_0_shot_tmp_1/output/Llama-3-70B-Instruct_NCT03926481_0_shot.txt' gespeichert.
File: NCT03926494 

Das File: /work/eauten2s/ec_criteria_struct/lct/input/lct_txt/NCT03926494.txt wurde erfolgreich geladen.
0
Die Daten wurden erfolgreich in '/work/eauten2s/ec_criteria_struct/lct/evaluate/eval_p1_2/model_output/Llama-3-70B-Instruct_0_shot_tmp_1/output/Llama-3-70B-Instruct_NCT03926494_0_shot.txt' gespeichert.
File: NCT03926520 

Das File: /work/eauten2s/ec_criteria_struct/lct/input/lct_txt/NCT03926520.txt wurde erfolgreich geladen.
0
Die Daten wurden erfolgreich in '/work/eauten2s/ec_criteria_struct/lct/evaluate/eval_p1_2/model_output/Llama-3-70B-Instruct_0_shot_tmp_1/output/Llama-3-70B-Instruct_NCT03926520_0_shot.txt' gespeichert.
File: NCT03926533 

Das File: /work/eauten2s/ec_criteria_struct/lct/input/lct_txt/NCT03926533.txt wurde erfolgreich geladen.
0
Die Daten wurden erfolgreich in '/work/eauten2s/ec_criteria_struct/lct/evaluate/eval_p1_2/model_output/Llama-3-70B-Instruct_0_shot_tmp_1/output/Llama-3-70B-Instruct_NCT03926533_0_shot.txt' gespeichert.
File: NCT03926546 

Das File: /work/eauten2s/ec_criteria_struct/lct/input/lct_txt/NCT03926546.txt wurde erfolgreich geladen.
0
Die Daten wurden erfolgreich in '/work/eauten2s/ec_criteria_struct/lct/evaluate/eval_p1_2/model_output/Llama-3-70B-Instruct_0_shot_tmp_1/output/Llama-3-70B-Instruct_NCT03926546_0_shot.txt' gespeichert.
File: NCT03926559 

Das File: /work/eauten2s/ec_criteria_struct/lct/input/lct_txt/NCT03926559.txt wurde erfolgreich geladen.
0
Die Daten wurden erfolgreich in '/work/eauten2s/ec_criteria_struct/lct/evaluate/eval_p1_2/model_output/Llama-3-70B-Instruct_0_shot_tmp_1/output/Llama-3-70B-Instruct_NCT03926559_0_shot.txt' gespeichert.
File: NCT03926572 

Das File: /work/eauten2s/ec_criteria_struct/lct/input/lct_txt/NCT03926572.txt wurde erfolgreich geladen.
0
Die Daten wurden erfolgreich in '/work/eauten2s/ec_criteria_struct/lct/evaluate/eval_p1_2/model_output/Llama-3-70B-Instruct_0_shot_tmp_1/output/Llama-3-70B-Instruct_NCT03926572_0_shot.txt' gespeichert.
File: NCT03926585 

Das File: /work/eauten2s/ec_criteria_struct/lct/input/lct_txt/NCT03926585.txt wurde erfolgreich geladen.
0
Die Daten wurden erfolgreich in '/work/eauten2s/ec_criteria_struct/lct/evaluate/eval_p1_2/model_output/Llama-3-70B-Instruct_0_shot_tmp_1/output/Llama-3-70B-Instruct_NCT03926585_0_shot.txt' gespeichert.
File: NCT03926598 

Das File: /work/eauten2s/ec_criteria_struct/lct/input/lct_txt/NCT03926598.txt wurde erfolgreich geladen.
0
Die Daten wurden erfolgreich in '/work/eauten2s/ec_criteria_struct/lct/evaluate/eval_p1_2/model_output/Llama-3-70B-Instruct_0_shot_tmp_1/output/Llama-3-70B-Instruct_NCT03926598_0_shot.txt' gespeichert.
File: NCT03926611 

Das File: /work/eauten2s/ec_criteria_struct/lct/input/lct_txt/NCT03926611.txt wurde erfolgreich geladen.
0
Die Daten wurden erfolgreich in '/work/eauten2s/ec_criteria_struct/lct/evaluate/eval_p1_2/model_output/Llama-3-70B-Instruct_0_shot_tmp_1/output/Llama-3-70B-Instruct_NCT03926611_0_shot.txt' gespeichert.
File: NCT03926637 

Das File: /work/eauten2s/ec_criteria_struct/lct/input/lct_txt/NCT03926637.txt wurde erfolgreich geladen.
0
Die Daten wurden erfolgreich in '/work/eauten2s/ec_criteria_struct/lct/evaluate/eval_p1_2/model_output/Llama-3-70B-Instruct_0_shot_tmp_1/output/Llama-3-70B-Instruct_NCT03926637_0_shot.txt' gespeichert.
File: NCT03926650 

Das File: /work/eauten2s/ec_criteria_struct/lct/input/lct_txt/NCT03926650.txt wurde erfolgreich geladen.
0
Die Daten wurden erfolgreich in '/work/eauten2s/ec_criteria_struct/lct/evaluate/eval_p1_2/model_output/Llama-3-70B-Instruct_0_shot_tmp_1/output/Llama-3-70B-Instruct_NCT03926650_0_shot.txt' gespeichert.
File: NCT03926663 

Das File: /work/eauten2s/ec_criteria_struct/lct/input/lct_txt/NCT03926663.txt wurde erfolgreich geladen.
0
Die Daten wurden erfolgreich in '/work/eauten2s/ec_criteria_struct/lct/evaluate/eval_p1_2/model_output/Llama-3-70B-Instruct_0_shot_tmp_1/output/Llama-3-70B-Instruct_NCT03926663_0_shot.txt' gespeichert.
File: NCT03926676 

Das File: /work/eauten2s/ec_criteria_struct/lct/input/lct_txt/NCT03926676.txt wurde erfolgreich geladen.
0
Die Daten wurden erfolgreich in '/work/eauten2s/ec_criteria_struct/lct/evaluate/eval_p1_2/model_output/Llama-3-70B-Instruct_0_shot_tmp_1/output/Llama-3-70B-Instruct_NCT03926676_0_shot.txt' gespeichert.
File: NCT03926702 

Das File: /work/eauten2s/ec_criteria_struct/lct/input/lct_txt/NCT03926702.txt wurde erfolgreich geladen.
0
Die Daten wurden erfolgreich in '/work/eauten2s/ec_criteria_struct/lct/evaluate/eval_p1_2/model_output/Llama-3-70B-Instruct_0_shot_tmp_1/output/Llama-3-70B-Instruct_NCT03926702_0_shot.txt' gespeichert.
File: NCT03926767 

Das File: /work/eauten2s/ec_criteria_struct/lct/input/lct_txt/NCT03926767.txt wurde erfolgreich geladen.
0
Die Daten wurden erfolgreich in '/work/eauten2s/ec_criteria_struct/lct/evaluate/eval_p1_2/model_output/Llama-3-70B-Instruct_0_shot_tmp_1/output/Llama-3-70B-Instruct_NCT03926767_0_shot.txt' gespeichert.
File: NCT03926780 

Das File: /work/eauten2s/ec_criteria_struct/lct/input/lct_txt/NCT03926780.txt wurde erfolgreich geladen.
0
Die Daten wurden erfolgreich in '/work/eauten2s/ec_criteria_struct/lct/evaluate/eval_p1_2/model_output/Llama-3-70B-Instruct_0_shot_tmp_1/output/Llama-3-70B-Instruct_NCT03926780_0_shot.txt' gespeichert.
File: NCT03926793 

Das File: /work/eauten2s/ec_criteria_struct/lct/input/lct_txt/NCT03926793.txt wurde erfolgreich geladen.
0
Die Daten wurden erfolgreich in '/work/eauten2s/ec_criteria_struct/lct/evaluate/eval_p1_2/model_output/Llama-3-70B-Instruct_0_shot_tmp_1/output/Llama-3-70B-Instruct_NCT03926793_0_shot.txt' gespeichert.
File: NCT03926806 

Das File: /work/eauten2s/ec_criteria_struct/lct/input/lct_txt/NCT03926806.txt wurde erfolgreich geladen.
0
Die Daten wurden erfolgreich in '/work/eauten2s/ec_criteria_struct/lct/evaluate/eval_p1_2/model_output/Llama-3-70B-Instruct_0_shot_tmp_1/output/Llama-3-70B-Instruct_NCT03926806_0_shot.txt' gespeichert.
File: NCT03926832 

Das File: /work/eauten2s/ec_criteria_struct/lct/input/lct_txt/NCT03926832.txt wurde erfolgreich geladen.
0
Die Daten wurden erfolgreich in '/work/eauten2s/ec_criteria_struct/lct/evaluate/eval_p1_2/model_output/Llama-3-70B-Instruct_0_shot_tmp_1/output/Llama-3-70B-Instruct_NCT03926832_0_shot.txt' gespeichert.
File: NCT03926858 

Das File: /work/eauten2s/ec_criteria_struct/lct/input/lct_txt/NCT03926858.txt wurde erfolgreich geladen.
0
Die Daten wurden erfolgreich in '/work/eauten2s/ec_criteria_struct/lct/evaluate/eval_p1_2/model_output/Llama-3-70B-Instruct_0_shot_tmp_1/output/Llama-3-70B-Instruct_NCT03926858_0_shot.txt' gespeichert.
File: NCT03926871 

Das File: /work/eauten2s/ec_criteria_struct/lct/input/lct_txt/NCT03926871.txt wurde erfolgreich geladen.
0
Die Daten wurden erfolgreich in '/work/eauten2s/ec_criteria_struct/lct/evaluate/eval_p1_2/model_output/Llama-3-70B-Instruct_0_shot_tmp_1/output/Llama-3-70B-Instruct_NCT03926871_0_shot.txt' gespeichert.
File: NCT03926910 

Das File: /work/eauten2s/ec_criteria_struct/lct/input/lct_txt/NCT03926910.txt wurde erfolgreich geladen.
0
Die Daten wurden erfolgreich in '/work/eauten2s/ec_criteria_struct/lct/evaluate/eval_p1_2/model_output/Llama-3-70B-Instruct_0_shot_tmp_1/output/Llama-3-70B-Instruct_NCT03926910_0_shot.txt' gespeichert.
File: NCT03926949 

Das File: /work/eauten2s/ec_criteria_struct/lct/input/lct_txt/NCT03926949.txt wurde erfolgreich geladen.
0
Die Daten wurden erfolgreich in '/work/eauten2s/ec_criteria_struct/lct/evaluate/eval_p1_2/model_output/Llama-3-70B-Instruct_0_shot_tmp_1/output/Llama-3-70B-Instruct_NCT03926949_0_shot.txt' gespeichert.
File: NCT03926962 

Das File: /work/eauten2s/ec_criteria_struct/lct/input/lct_txt/NCT03926962.txt wurde erfolgreich geladen.
0
Die Daten wurden erfolgreich in '/work/eauten2s/ec_criteria_struct/lct/evaluate/eval_p1_2/model_output/Llama-3-70B-Instruct_0_shot_tmp_1/output/Llama-3-70B-Instruct_NCT03926962_0_shot.txt' gespeichert.
File: NCT03926975 

Das File: /work/eauten2s/ec_criteria_struct/lct/input/lct_txt/NCT03926975.txt wurde erfolgreich geladen.
0
Die Daten wurden erfolgreich in '/work/eauten2s/ec_criteria_struct/lct/evaluate/eval_p1_2/model_output/Llama-3-70B-Instruct_0_shot_tmp_1/output/Llama-3-70B-Instruct_NCT03926975_0_shot.txt' gespeichert.
File: NCT03927014 

Das File: /work/eauten2s/ec_criteria_struct/lct/input/lct_txt/NCT03927014.txt wurde erfolgreich geladen.
0
Die Daten wurden erfolgreich in '/work/eauten2s/ec_criteria_struct/lct/evaluate/eval_p1_2/model_output/Llama-3-70B-Instruct_0_shot_tmp_1/output/Llama-3-70B-Instruct_NCT03927014_0_shot.txt' gespeichert.
File: NCT03927066 

Das File: /work/eauten2s/ec_criteria_struct/lct/input/lct_txt/NCT03927066.txt wurde erfolgreich geladen.
0
Die Daten wurden erfolgreich in '/work/eauten2s/ec_criteria_struct/lct/evaluate/eval_p1_2/model_output/Llama-3-70B-Instruct_0_shot_tmp_1/output/Llama-3-70B-Instruct_NCT03927066_0_shot.txt' gespeichert.
File: NCT03927079 

Das File: /work/eauten2s/ec_criteria_struct/lct/input/lct_txt/NCT03927079.txt wurde erfolgreich geladen.
0
Die Daten wurden erfolgreich in '/work/eauten2s/ec_criteria_struct/lct/evaluate/eval_p1_2/model_output/Llama-3-70B-Instruct_0_shot_tmp_1/output/Llama-3-70B-Instruct_NCT03927079_0_shot.txt' gespeichert.
File: NCT03927092 

Das File: /work/eauten2s/ec_criteria_struct/lct/input/lct_txt/NCT03927092.txt wurde erfolgreich geladen.
0
Die Daten wurden erfolgreich in '/work/eauten2s/ec_criteria_struct/lct/evaluate/eval_p1_2/model_output/Llama-3-70B-Instruct_0_shot_tmp_1/output/Llama-3-70B-Instruct_NCT03927092_0_shot.txt' gespeichert.
File: NCT03927118 

Das File: /work/eauten2s/ec_criteria_struct/lct/input/lct_txt/NCT03927118.txt wurde erfolgreich geladen.
0
Die Daten wurden erfolgreich in '/work/eauten2s/ec_criteria_struct/lct/evaluate/eval_p1_2/model_output/Llama-3-70B-Instruct_0_shot_tmp_1/output/Llama-3-70B-Instruct_NCT03927118_0_shot.txt' gespeichert.
File: NCT03927274 

Das File: /work/eauten2s/ec_criteria_struct/lct/input/lct_txt/NCT03927274.txt wurde erfolgreich geladen.
0
Die Daten wurden erfolgreich in '/work/eauten2s/ec_criteria_struct/lct/evaluate/eval_p1_2/model_output/Llama-3-70B-Instruct_0_shot_tmp_1/output/Llama-3-70B-Instruct_NCT03927274_0_shot.txt' gespeichert.
File: NCT03927287 

Das File: /work/eauten2s/ec_criteria_struct/lct/input/lct_txt/NCT03927287.txt wurde erfolgreich geladen.
0
Die Daten wurden erfolgreich in '/work/eauten2s/ec_criteria_struct/lct/evaluate/eval_p1_2/model_output/Llama-3-70B-Instruct_0_shot_tmp_1/output/Llama-3-70B-Instruct_NCT03927287_0_shot.txt' gespeichert.
File: NCT03927300 

Das File: /work/eauten2s/ec_criteria_struct/lct/input/lct_txt/NCT03927300.txt wurde erfolgreich geladen.
0
Die Daten wurden erfolgreich in '/work/eauten2s/ec_criteria_struct/lct/evaluate/eval_p1_2/model_output/Llama-3-70B-Instruct_0_shot_tmp_1/output/Llama-3-70B-Instruct_NCT03927300_0_shot.txt' gespeichert.
File: NCT03927326 

Das File: /work/eauten2s/ec_criteria_struct/lct/input/lct_txt/NCT03927326.txt wurde erfolgreich geladen.
0
Die Daten wurden erfolgreich in '/work/eauten2s/ec_criteria_struct/lct/evaluate/eval_p1_2/model_output/Llama-3-70B-Instruct_0_shot_tmp_1/output/Llama-3-70B-Instruct_NCT03927326_0_shot.txt' gespeichert.
File: NCT03927339 

Das File: /work/eauten2s/ec_criteria_struct/lct/input/lct_txt/NCT03927339.txt wurde erfolgreich geladen.
0
Die Daten wurden erfolgreich in '/work/eauten2s/ec_criteria_struct/lct/evaluate/eval_p1_2/model_output/Llama-3-70B-Instruct_0_shot_tmp_1/output/Llama-3-70B-Instruct_NCT03927339_0_shot.txt' gespeichert.
File: NCT03927378 

Das File: /work/eauten2s/ec_criteria_struct/lct/input/lct_txt/NCT03927378.txt wurde erfolgreich geladen.
0
Die Daten wurden erfolgreich in '/work/eauten2s/ec_criteria_struct/lct/evaluate/eval_p1_2/model_output/Llama-3-70B-Instruct_0_shot_tmp_1/output/Llama-3-70B-Instruct_NCT03927378_0_shot.txt' gespeichert.
File: NCT03927391 

Das File: /work/eauten2s/ec_criteria_struct/lct/input/lct_txt/NCT03927391.txt wurde erfolgreich geladen.
0
Die Daten wurden erfolgreich in '/work/eauten2s/ec_criteria_struct/lct/evaluate/eval_p1_2/model_output/Llama-3-70B-Instruct_0_shot_tmp_1/output/Llama-3-70B-Instruct_NCT03927391_0_shot.txt' gespeichert.
File: NCT03927404 

Das File: /work/eauten2s/ec_criteria_struct/lct/input/lct_txt/NCT03927404.txt wurde erfolgreich geladen.
0
Die Daten wurden erfolgreich in '/work/eauten2s/ec_criteria_struct/lct/evaluate/eval_p1_2/model_output/Llama-3-70B-Instruct_0_shot_tmp_1/output/Llama-3-70B-Instruct_NCT03927404_0_shot.txt' gespeichert.
File: NCT03927417 

Das File: /work/eauten2s/ec_criteria_struct/lct/input/lct_txt/NCT03927417.txt wurde erfolgreich geladen.
0
Die Daten wurden erfolgreich in '/work/eauten2s/ec_criteria_struct/lct/evaluate/eval_p1_2/model_output/Llama-3-70B-Instruct_0_shot_tmp_1/output/Llama-3-70B-Instruct_NCT03927417_0_shot.txt' gespeichert.
File: NCT03927456 

Das File: /work/eauten2s/ec_criteria_struct/lct/input/lct_txt/NCT03927456.txt wurde erfolgreich geladen.
0
Die Daten wurden erfolgreich in '/work/eauten2s/ec_criteria_struct/lct/evaluate/eval_p1_2/model_output/Llama-3-70B-Instruct_0_shot_tmp_1/output/Llama-3-70B-Instruct_NCT03927456_0_shot.txt' gespeichert.
File: NCT03927469 

Das File: /work/eauten2s/ec_criteria_struct/lct/input/lct_txt/NCT03927469.txt wurde erfolgreich geladen.
0
Die Daten wurden erfolgreich in '/work/eauten2s/ec_criteria_struct/lct/evaluate/eval_p1_2/model_output/Llama-3-70B-Instruct_0_shot_tmp_1/output/Llama-3-70B-Instruct_NCT03927469_0_shot.txt' gespeichert.
File: NCT03927482 

Das File: /work/eauten2s/ec_criteria_struct/lct/input/lct_txt/NCT03927482.txt wurde erfolgreich geladen.
0
Die Daten wurden erfolgreich in '/work/eauten2s/ec_criteria_struct/lct/evaluate/eval_p1_2/model_output/Llama-3-70B-Instruct_0_shot_tmp_1/output/Llama-3-70B-Instruct_NCT03927482_0_shot.txt' gespeichert.
File: NCT03927534 

Das File: /work/eauten2s/ec_criteria_struct/lct/input/lct_txt/NCT03927534.txt wurde erfolgreich geladen.
0
Die Daten wurden erfolgreich in '/work/eauten2s/ec_criteria_struct/lct/evaluate/eval_p1_2/model_output/Llama-3-70B-Instruct_0_shot_tmp_1/output/Llama-3-70B-Instruct_NCT03927534_0_shot.txt' gespeichert.
File: NCT03927612 

Das File: /work/eauten2s/ec_criteria_struct/lct/input/lct_txt/NCT03927612.txt wurde erfolgreich geladen.
0
Die Daten wurden erfolgreich in '/work/eauten2s/ec_criteria_struct/lct/evaluate/eval_p1_2/model_output/Llama-3-70B-Instruct_0_shot_tmp_1/output/Llama-3-70B-Instruct_NCT03927612_0_shot.txt' gespeichert.
File: NCT03927638 

Das File: /work/eauten2s/ec_criteria_struct/lct/input/lct_txt/NCT03927638.txt wurde erfolgreich geladen.
0
Die Daten wurden erfolgreich in '/work/eauten2s/ec_criteria_struct/lct/evaluate/eval_p1_2/model_output/Llama-3-70B-Instruct_0_shot_tmp_1/output/Llama-3-70B-Instruct_NCT03927638_0_shot.txt' gespeichert.
File: NCT03927651 

Das File: /work/eauten2s/ec_criteria_struct/lct/input/lct_txt/NCT03927651.txt wurde erfolgreich geladen.
0
Die Daten wurden erfolgreich in '/work/eauten2s/ec_criteria_struct/lct/evaluate/eval_p1_2/model_output/Llama-3-70B-Instruct_0_shot_tmp_1/output/Llama-3-70B-Instruct_NCT03927651_0_shot.txt' gespeichert.
File: NCT03927664 

Das File: /work/eauten2s/ec_criteria_struct/lct/input/lct_txt/NCT03927664.txt wurde erfolgreich geladen.
0
Die Daten wurden erfolgreich in '/work/eauten2s/ec_criteria_struct/lct/evaluate/eval_p1_2/model_output/Llama-3-70B-Instruct_0_shot_tmp_1/output/Llama-3-70B-Instruct_NCT03927664_0_shot.txt' gespeichert.
File: NCT03927690 

Das File: /work/eauten2s/ec_criteria_struct/lct/input/lct_txt/NCT03927690.txt wurde erfolgreich geladen.
0
Die Daten wurden erfolgreich in '/work/eauten2s/ec_criteria_struct/lct/evaluate/eval_p1_2/model_output/Llama-3-70B-Instruct_0_shot_tmp_1/output/Llama-3-70B-Instruct_NCT03927690_0_shot.txt' gespeichert.
File: NCT03927729 

Das File: /work/eauten2s/ec_criteria_struct/lct/input/lct_txt/NCT03927729.txt wurde erfolgreich geladen.
0
Die Daten wurden erfolgreich in '/work/eauten2s/ec_criteria_struct/lct/evaluate/eval_p1_2/model_output/Llama-3-70B-Instruct_0_shot_tmp_1/output/Llama-3-70B-Instruct_NCT03927729_0_shot.txt' gespeichert.
File: NCT03927742 

Das File: /work/eauten2s/ec_criteria_struct/lct/input/lct_txt/NCT03927742.txt wurde erfolgreich geladen.
0
Die Daten wurden erfolgreich in '/work/eauten2s/ec_criteria_struct/lct/evaluate/eval_p1_2/model_output/Llama-3-70B-Instruct_0_shot_tmp_1/output/Llama-3-70B-Instruct_NCT03927742_0_shot.txt' gespeichert.
File: NCT03927755 

Das File: /work/eauten2s/ec_criteria_struct/lct/input/lct_txt/NCT03927755.txt wurde erfolgreich geladen.
0
Die Daten wurden erfolgreich in '/work/eauten2s/ec_criteria_struct/lct/evaluate/eval_p1_2/model_output/Llama-3-70B-Instruct_0_shot_tmp_1/output/Llama-3-70B-Instruct_NCT03927755_0_shot.txt' gespeichert.
File: NCT03927781 

Das File: /work/eauten2s/ec_criteria_struct/lct/input/lct_txt/NCT03927781.txt wurde erfolgreich geladen.
0
Die Daten wurden erfolgreich in '/work/eauten2s/ec_criteria_struct/lct/evaluate/eval_p1_2/model_output/Llama-3-70B-Instruct_0_shot_tmp_1/output/Llama-3-70B-Instruct_NCT03927781_0_shot.txt' gespeichert.
File: NCT03927794 

Das File: /work/eauten2s/ec_criteria_struct/lct/input/lct_txt/NCT03927794.txt wurde erfolgreich geladen.
0
Die Daten wurden erfolgreich in '/work/eauten2s/ec_criteria_struct/lct/evaluate/eval_p1_2/model_output/Llama-3-70B-Instruct_0_shot_tmp_1/output/Llama-3-70B-Instruct_NCT03927794_0_shot.txt' gespeichert.
File: NCT03927820 

Das File: /work/eauten2s/ec_criteria_struct/lct/input/lct_txt/NCT03927820.txt wurde erfolgreich geladen.
0
Die Daten wurden erfolgreich in '/work/eauten2s/ec_criteria_struct/lct/evaluate/eval_p1_2/model_output/Llama-3-70B-Instruct_0_shot_tmp_1/output/Llama-3-70B-Instruct_NCT03927820_0_shot.txt' gespeichert.
File: NCT03927833 

Das File: /work/eauten2s/ec_criteria_struct/lct/input/lct_txt/NCT03927833.txt wurde erfolgreich geladen.
0
Die Daten wurden erfolgreich in '/work/eauten2s/ec_criteria_struct/lct/evaluate/eval_p1_2/model_output/Llama-3-70B-Instruct_0_shot_tmp_1/output/Llama-3-70B-Instruct_NCT03927833_0_shot.txt' gespeichert.
File: NCT03927846 

Das File: /work/eauten2s/ec_criteria_struct/lct/input/lct_txt/NCT03927846.txt wurde erfolgreich geladen.
0
Die Daten wurden erfolgreich in '/work/eauten2s/ec_criteria_struct/lct/evaluate/eval_p1_2/model_output/Llama-3-70B-Instruct_0_shot_tmp_1/output/Llama-3-70B-Instruct_NCT03927846_0_shot.txt' gespeichert.
File: NCT03927859 

Das File: /work/eauten2s/ec_criteria_struct/lct/input/lct_txt/NCT03927859.txt wurde erfolgreich geladen.
0
Die Daten wurden erfolgreich in '/work/eauten2s/ec_criteria_struct/lct/evaluate/eval_p1_2/model_output/Llama-3-70B-Instruct_0_shot_tmp_1/output/Llama-3-70B-Instruct_NCT03927859_0_shot.txt' gespeichert.
File: NCT03927872 

Das File: /work/eauten2s/ec_criteria_struct/lct/input/lct_txt/NCT03927872.txt wurde erfolgreich geladen.
0
Die Daten wurden erfolgreich in '/work/eauten2s/ec_criteria_struct/lct/evaluate/eval_p1_2/model_output/Llama-3-70B-Instruct_0_shot_tmp_1/output/Llama-3-70B-Instruct_NCT03927872_0_shot.txt' gespeichert.
File: NCT03927885 

Das File: /work/eauten2s/ec_criteria_struct/lct/input/lct_txt/NCT03927885.txt wurde erfolgreich geladen.
0
Die Daten wurden erfolgreich in '/work/eauten2s/ec_criteria_struct/lct/evaluate/eval_p1_2/model_output/Llama-3-70B-Instruct_0_shot_tmp_1/output/Llama-3-70B-Instruct_NCT03927885_0_shot.txt' gespeichert.
File: NCT03927924 

Das File: /work/eauten2s/ec_criteria_struct/lct/input/lct_txt/NCT03927924.txt wurde erfolgreich geladen.
0
Die Daten wurden erfolgreich in '/work/eauten2s/ec_criteria_struct/lct/evaluate/eval_p1_2/model_output/Llama-3-70B-Instruct_0_shot_tmp_1/output/Llama-3-70B-Instruct_NCT03927924_0_shot.txt' gespeichert.
File: NCT03927937 

Das File: /work/eauten2s/ec_criteria_struct/lct/input/lct_txt/NCT03927937.txt wurde erfolgreich geladen.
0
Die Daten wurden erfolgreich in '/work/eauten2s/ec_criteria_struct/lct/evaluate/eval_p1_2/model_output/Llama-3-70B-Instruct_0_shot_tmp_1/output/Llama-3-70B-Instruct_NCT03927937_0_shot.txt' gespeichert.
File: NCT03928002 

Das File: /work/eauten2s/ec_criteria_struct/lct/input/lct_txt/NCT03928002.txt wurde erfolgreich geladen.
0
Die Daten wurden erfolgreich in '/work/eauten2s/ec_criteria_struct/lct/evaluate/eval_p1_2/model_output/Llama-3-70B-Instruct_0_shot_tmp_1/output/Llama-3-70B-Instruct_NCT03928002_0_shot.txt' gespeichert.
File: NCT03928015 

Das File: /work/eauten2s/ec_criteria_struct/lct/input/lct_txt/NCT03928015.txt wurde erfolgreich geladen.
0
Die Daten wurden erfolgreich in '/work/eauten2s/ec_criteria_struct/lct/evaluate/eval_p1_2/model_output/Llama-3-70B-Instruct_0_shot_tmp_1/output/Llama-3-70B-Instruct_NCT03928015_0_shot.txt' gespeichert.
File: NCT03928028 

Das File: /work/eauten2s/ec_criteria_struct/lct/input/lct_txt/NCT03928028.txt wurde erfolgreich geladen.
0
Die Daten wurden erfolgreich in '/work/eauten2s/ec_criteria_struct/lct/evaluate/eval_p1_2/model_output/Llama-3-70B-Instruct_0_shot_tmp_1/output/Llama-3-70B-Instruct_NCT03928028_0_shot.txt' gespeichert.
File: NCT03928054 

Das File: /work/eauten2s/ec_criteria_struct/lct/input/lct_txt/NCT03928054.txt wurde erfolgreich geladen.
0
Die Daten wurden erfolgreich in '/work/eauten2s/ec_criteria_struct/lct/evaluate/eval_p1_2/model_output/Llama-3-70B-Instruct_0_shot_tmp_1/output/Llama-3-70B-Instruct_NCT03928054_0_shot.txt' gespeichert.
File: NCT03928080 

Das File: /work/eauten2s/ec_criteria_struct/lct/input/lct_txt/NCT03928080.txt wurde erfolgreich geladen.
0
Die Daten wurden erfolgreich in '/work/eauten2s/ec_criteria_struct/lct/evaluate/eval_p1_2/model_output/Llama-3-70B-Instruct_0_shot_tmp_1/output/Llama-3-70B-Instruct_NCT03928080_0_shot.txt' gespeichert.
File: NCT03928093 

Das File: /work/eauten2s/ec_criteria_struct/lct/input/lct_txt/NCT03928093.txt wurde erfolgreich geladen.
0
Die Daten wurden erfolgreich in '/work/eauten2s/ec_criteria_struct/lct/evaluate/eval_p1_2/model_output/Llama-3-70B-Instruct_0_shot_tmp_1/output/Llama-3-70B-Instruct_NCT03928093_0_shot.txt' gespeichert.
File: NCT03928119 

Das File: /work/eauten2s/ec_criteria_struct/lct/input/lct_txt/NCT03928119.txt wurde erfolgreich geladen.
0
Die Daten wurden erfolgreich in '/work/eauten2s/ec_criteria_struct/lct/evaluate/eval_p1_2/model_output/Llama-3-70B-Instruct_0_shot_tmp_1/output/Llama-3-70B-Instruct_NCT03928119_0_shot.txt' gespeichert.
File: NCT03928132 

Das File: /work/eauten2s/ec_criteria_struct/lct/input/lct_txt/NCT03928132.txt wurde erfolgreich geladen.
0
Die Daten wurden erfolgreich in '/work/eauten2s/ec_criteria_struct/lct/evaluate/eval_p1_2/model_output/Llama-3-70B-Instruct_0_shot_tmp_1/output/Llama-3-70B-Instruct_NCT03928132_0_shot.txt' gespeichert.
File: NCT03928145 

Das File: /work/eauten2s/ec_criteria_struct/lct/input/lct_txt/NCT03928145.txt wurde erfolgreich geladen.
0
Die Daten wurden erfolgreich in '/work/eauten2s/ec_criteria_struct/lct/evaluate/eval_p1_2/model_output/Llama-3-70B-Instruct_0_shot_tmp_1/output/Llama-3-70B-Instruct_NCT03928145_0_shot.txt' gespeichert.
File: NCT03928158 

Das File: /work/eauten2s/ec_criteria_struct/lct/input/lct_txt/NCT03928158.txt wurde erfolgreich geladen.
0
Die Daten wurden erfolgreich in '/work/eauten2s/ec_criteria_struct/lct/evaluate/eval_p1_2/model_output/Llama-3-70B-Instruct_0_shot_tmp_1/output/Llama-3-70B-Instruct_NCT03928158_0_shot.txt' gespeichert.
File: NCT03928171 

Das File: /work/eauten2s/ec_criteria_struct/lct/input/lct_txt/NCT03928171.txt wurde erfolgreich geladen.
0
Die Daten wurden erfolgreich in '/work/eauten2s/ec_criteria_struct/lct/evaluate/eval_p1_2/model_output/Llama-3-70B-Instruct_0_shot_tmp_1/output/Llama-3-70B-Instruct_NCT03928171_0_shot.txt' gespeichert.
File: NCT03928197 

Das File: /work/eauten2s/ec_criteria_struct/lct/input/lct_txt/NCT03928197.txt wurde erfolgreich geladen.
0
Die Daten wurden erfolgreich in '/work/eauten2s/ec_criteria_struct/lct/evaluate/eval_p1_2/model_output/Llama-3-70B-Instruct_0_shot_tmp_1/output/Llama-3-70B-Instruct_NCT03928197_0_shot.txt' gespeichert.
File: NCT03928223 

Das File: /work/eauten2s/ec_criteria_struct/lct/input/lct_txt/NCT03928223.txt wurde erfolgreich geladen.
0
Die Daten wurden erfolgreich in '/work/eauten2s/ec_criteria_struct/lct/evaluate/eval_p1_2/model_output/Llama-3-70B-Instruct_0_shot_tmp_1/output/Llama-3-70B-Instruct_NCT03928223_0_shot.txt' gespeichert.
File: NCT03928288 

Das File: /work/eauten2s/ec_criteria_struct/lct/input/lct_txt/NCT03928288.txt wurde erfolgreich geladen.
0
Die Daten wurden erfolgreich in '/work/eauten2s/ec_criteria_struct/lct/evaluate/eval_p1_2/model_output/Llama-3-70B-Instruct_0_shot_tmp_1/output/Llama-3-70B-Instruct_NCT03928288_0_shot.txt' gespeichert.
File: NCT03928340 

Das File: /work/eauten2s/ec_criteria_struct/lct/input/lct_txt/NCT03928340.txt wurde erfolgreich geladen.
0
Die Daten wurden erfolgreich in '/work/eauten2s/ec_criteria_struct/lct/evaluate/eval_p1_2/model_output/Llama-3-70B-Instruct_0_shot_tmp_1/output/Llama-3-70B-Instruct_NCT03928340_0_shot.txt' gespeichert.
File: NCT03928366 

Das File: /work/eauten2s/ec_criteria_struct/lct/input/lct_txt/NCT03928366.txt wurde erfolgreich geladen.
0
Die Daten wurden erfolgreich in '/work/eauten2s/ec_criteria_struct/lct/evaluate/eval_p1_2/model_output/Llama-3-70B-Instruct_0_shot_tmp_1/output/Llama-3-70B-Instruct_NCT03928366_0_shot.txt' gespeichert.
File: NCT03928379 

Das File: /work/eauten2s/ec_criteria_struct/lct/input/lct_txt/NCT03928379.txt wurde erfolgreich geladen.
0
Die Daten wurden erfolgreich in '/work/eauten2s/ec_criteria_struct/lct/evaluate/eval_p1_2/model_output/Llama-3-70B-Instruct_0_shot_tmp_1/output/Llama-3-70B-Instruct_NCT03928379_0_shot.txt' gespeichert.
File: NCT03928392 

Das File: /work/eauten2s/ec_criteria_struct/lct/input/lct_txt/NCT03928392.txt wurde erfolgreich geladen.
0
Die Daten wurden erfolgreich in '/work/eauten2s/ec_criteria_struct/lct/evaluate/eval_p1_2/model_output/Llama-3-70B-Instruct_0_shot_tmp_1/output/Llama-3-70B-Instruct_NCT03928392_0_shot.txt' gespeichert.
File: NCT03928405 

Das File: /work/eauten2s/ec_criteria_struct/lct/input/lct_txt/NCT03928405.txt wurde erfolgreich geladen.
0
Die Daten wurden erfolgreich in '/work/eauten2s/ec_criteria_struct/lct/evaluate/eval_p1_2/model_output/Llama-3-70B-Instruct_0_shot_tmp_1/output/Llama-3-70B-Instruct_NCT03928405_0_shot.txt' gespeichert.
File: NCT03928418 

Das File: /work/eauten2s/ec_criteria_struct/lct/input/lct_txt/NCT03928418.txt wurde erfolgreich geladen.
0
Die Daten wurden erfolgreich in '/work/eauten2s/ec_criteria_struct/lct/evaluate/eval_p1_2/model_output/Llama-3-70B-Instruct_0_shot_tmp_1/output/Llama-3-70B-Instruct_NCT03928418_0_shot.txt' gespeichert.
File: NCT03928431 

Das File: /work/eauten2s/ec_criteria_struct/lct/input/lct_txt/NCT03928431.txt wurde erfolgreich geladen.
0
Die Daten wurden erfolgreich in '/work/eauten2s/ec_criteria_struct/lct/evaluate/eval_p1_2/model_output/Llama-3-70B-Instruct_0_shot_tmp_1/output/Llama-3-70B-Instruct_NCT03928431_0_shot.txt' gespeichert.
File: NCT03928444 

Das File: /work/eauten2s/ec_criteria_struct/lct/input/lct_txt/NCT03928444.txt wurde erfolgreich geladen.
0
Die Daten wurden erfolgreich in '/work/eauten2s/ec_criteria_struct/lct/evaluate/eval_p1_2/model_output/Llama-3-70B-Instruct_0_shot_tmp_1/output/Llama-3-70B-Instruct_NCT03928444_0_shot.txt' gespeichert.
File: NCT03928457 

Das File: /work/eauten2s/ec_criteria_struct/lct/input/lct_txt/NCT03928457.txt wurde erfolgreich geladen.
0
Die Daten wurden erfolgreich in '/work/eauten2s/ec_criteria_struct/lct/evaluate/eval_p1_2/model_output/Llama-3-70B-Instruct_0_shot_tmp_1/output/Llama-3-70B-Instruct_NCT03928457_0_shot.txt' gespeichert.
File: NCT03928470 

Das File: /work/eauten2s/ec_criteria_struct/lct/input/lct_txt/NCT03928470.txt wurde erfolgreich geladen.
0
Die Daten wurden erfolgreich in '/work/eauten2s/ec_criteria_struct/lct/evaluate/eval_p1_2/model_output/Llama-3-70B-Instruct_0_shot_tmp_1/output/Llama-3-70B-Instruct_NCT03928470_0_shot.txt' gespeichert.
File: NCT03928496 

Das File: /work/eauten2s/ec_criteria_struct/lct/input/lct_txt/NCT03928496.txt wurde erfolgreich geladen.
0
Die Daten wurden erfolgreich in '/work/eauten2s/ec_criteria_struct/lct/evaluate/eval_p1_2/model_output/Llama-3-70B-Instruct_0_shot_tmp_1/output/Llama-3-70B-Instruct_NCT03928496_0_shot.txt' gespeichert.
File: NCT03928509 

Das File: /work/eauten2s/ec_criteria_struct/lct/input/lct_txt/NCT03928509.txt wurde erfolgreich geladen.
0
Die Daten wurden erfolgreich in '/work/eauten2s/ec_criteria_struct/lct/evaluate/eval_p1_2/model_output/Llama-3-70B-Instruct_0_shot_tmp_1/output/Llama-3-70B-Instruct_NCT03928509_0_shot.txt' gespeichert.
File: NCT03928522 

Das File: /work/eauten2s/ec_criteria_struct/lct/input/lct_txt/NCT03928522.txt wurde erfolgreich geladen.
0
Die Daten wurden erfolgreich in '/work/eauten2s/ec_criteria_struct/lct/evaluate/eval_p1_2/model_output/Llama-3-70B-Instruct_0_shot_tmp_1/output/Llama-3-70B-Instruct_NCT03928522_0_shot.txt' gespeichert.
File: NCT03928535 

Das File: /work/eauten2s/ec_criteria_struct/lct/input/lct_txt/NCT03928535.txt wurde erfolgreich geladen.
0
Die Daten wurden erfolgreich in '/work/eauten2s/ec_criteria_struct/lct/evaluate/eval_p1_2/model_output/Llama-3-70B-Instruct_0_shot_tmp_1/output/Llama-3-70B-Instruct_NCT03928535_0_shot.txt' gespeichert.
File: NCT03928548 

Das File: /work/eauten2s/ec_criteria_struct/lct/input/lct_txt/NCT03928548.txt wurde erfolgreich geladen.
0
Die Daten wurden erfolgreich in '/work/eauten2s/ec_criteria_struct/lct/evaluate/eval_p1_2/model_output/Llama-3-70B-Instruct_0_shot_tmp_1/output/Llama-3-70B-Instruct_NCT03928548_0_shot.txt' gespeichert.
File: NCT03928561 

Das File: /work/eauten2s/ec_criteria_struct/lct/input/lct_txt/NCT03928561.txt wurde erfolgreich geladen.
0
Die Daten wurden erfolgreich in '/work/eauten2s/ec_criteria_struct/lct/evaluate/eval_p1_2/model_output/Llama-3-70B-Instruct_0_shot_tmp_1/output/Llama-3-70B-Instruct_NCT03928561_0_shot.txt' gespeichert.
File: NCT03928587 

Das File: /work/eauten2s/ec_criteria_struct/lct/input/lct_txt/NCT03928587.txt wurde erfolgreich geladen.
0
Die Daten wurden erfolgreich in '/work/eauten2s/ec_criteria_struct/lct/evaluate/eval_p1_2/model_output/Llama-3-70B-Instruct_0_shot_tmp_1/output/Llama-3-70B-Instruct_NCT03928587_0_shot.txt' gespeichert.
File: NCT03928600 

Das File: /work/eauten2s/ec_criteria_struct/lct/input/lct_txt/NCT03928600.txt wurde erfolgreich geladen.
0
Die Daten wurden erfolgreich in '/work/eauten2s/ec_criteria_struct/lct/evaluate/eval_p1_2/model_output/Llama-3-70B-Instruct_0_shot_tmp_1/output/Llama-3-70B-Instruct_NCT03928600_0_shot.txt' gespeichert.
File: NCT03928613 

Das File: /work/eauten2s/ec_criteria_struct/lct/input/lct_txt/NCT03928613.txt wurde erfolgreich geladen.
0
Die Daten wurden erfolgreich in '/work/eauten2s/ec_criteria_struct/lct/evaluate/eval_p1_2/model_output/Llama-3-70B-Instruct_0_shot_tmp_1/output/Llama-3-70B-Instruct_NCT03928613_0_shot.txt' gespeichert.
File: NCT03928626 

Das File: /work/eauten2s/ec_criteria_struct/lct/input/lct_txt/NCT03928626.txt wurde erfolgreich geladen.
0
Die Daten wurden erfolgreich in '/work/eauten2s/ec_criteria_struct/lct/evaluate/eval_p1_2/model_output/Llama-3-70B-Instruct_0_shot_tmp_1/output/Llama-3-70B-Instruct_NCT03928626_0_shot.txt' gespeichert.
File: NCT03928639 

Das File: /work/eauten2s/ec_criteria_struct/lct/input/lct_txt/NCT03928639.txt wurde erfolgreich geladen.
0
Die Daten wurden erfolgreich in '/work/eauten2s/ec_criteria_struct/lct/evaluate/eval_p1_2/model_output/Llama-3-70B-Instruct_0_shot_tmp_1/output/Llama-3-70B-Instruct_NCT03928639_0_shot.txt' gespeichert.
File: NCT03928652 

Das File: /work/eauten2s/ec_criteria_struct/lct/input/lct_txt/NCT03928652.txt wurde erfolgreich geladen.
0
Die Daten wurden erfolgreich in '/work/eauten2s/ec_criteria_struct/lct/evaluate/eval_p1_2/model_output/Llama-3-70B-Instruct_0_shot_tmp_1/output/Llama-3-70B-Instruct_NCT03928652_0_shot.txt' gespeichert.
File: NCT03928678 

Das File: /work/eauten2s/ec_criteria_struct/lct/input/lct_txt/NCT03928678.txt wurde erfolgreich geladen.
0
Die Daten wurden erfolgreich in '/work/eauten2s/ec_criteria_struct/lct/evaluate/eval_p1_2/model_output/Llama-3-70B-Instruct_0_shot_tmp_1/output/Llama-3-70B-Instruct_NCT03928678_0_shot.txt' gespeichert.
File: NCT03928691 

Das File: /work/eauten2s/ec_criteria_struct/lct/input/lct_txt/NCT03928691.txt wurde erfolgreich geladen.
0
Die Daten wurden erfolgreich in '/work/eauten2s/ec_criteria_struct/lct/evaluate/eval_p1_2/model_output/Llama-3-70B-Instruct_0_shot_tmp_1/output/Llama-3-70B-Instruct_NCT03928691_0_shot.txt' gespeichert.
File: NCT03928730 

Das File: /work/eauten2s/ec_criteria_struct/lct/input/lct_txt/NCT03928730.txt wurde erfolgreich geladen.
0
Die Daten wurden erfolgreich in '/work/eauten2s/ec_criteria_struct/lct/evaluate/eval_p1_2/model_output/Llama-3-70B-Instruct_0_shot_tmp_1/output/Llama-3-70B-Instruct_NCT03928730_0_shot.txt' gespeichert.
File: NCT03928756 

Das File: /work/eauten2s/ec_criteria_struct/lct/input/lct_txt/NCT03928756.txt wurde erfolgreich geladen.
0
Die Daten wurden erfolgreich in '/work/eauten2s/ec_criteria_struct/lct/evaluate/eval_p1_2/model_output/Llama-3-70B-Instruct_0_shot_tmp_1/output/Llama-3-70B-Instruct_NCT03928756_0_shot.txt' gespeichert.
File: NCT03928769 

Das File: /work/eauten2s/ec_criteria_struct/lct/input/lct_txt/NCT03928769.txt wurde erfolgreich geladen.
0
Die Daten wurden erfolgreich in '/work/eauten2s/ec_criteria_struct/lct/evaluate/eval_p1_2/model_output/Llama-3-70B-Instruct_0_shot_tmp_1/output/Llama-3-70B-Instruct_NCT03928769_0_shot.txt' gespeichert.
File: NCT03928782 

Das File: /work/eauten2s/ec_criteria_struct/lct/input/lct_txt/NCT03928782.txt wurde erfolgreich geladen.
0
Die Daten wurden erfolgreich in '/work/eauten2s/ec_criteria_struct/lct/evaluate/eval_p1_2/model_output/Llama-3-70B-Instruct_0_shot_tmp_1/output/Llama-3-70B-Instruct_NCT03928782_0_shot.txt' gespeichert.
File: NCT03928795 

Das File: /work/eauten2s/ec_criteria_struct/lct/input/lct_txt/NCT03928795.txt wurde erfolgreich geladen.
0
Die Daten wurden erfolgreich in '/work/eauten2s/ec_criteria_struct/lct/evaluate/eval_p1_2/model_output/Llama-3-70B-Instruct_0_shot_tmp_1/output/Llama-3-70B-Instruct_NCT03928795_0_shot.txt' gespeichert.
File: NCT03928834 

Das File: /work/eauten2s/ec_criteria_struct/lct/input/lct_txt/NCT03928834.txt wurde erfolgreich geladen.
0
Die Daten wurden erfolgreich in '/work/eauten2s/ec_criteria_struct/lct/evaluate/eval_p1_2/model_output/Llama-3-70B-Instruct_0_shot_tmp_1/output/Llama-3-70B-Instruct_NCT03928834_0_shot.txt' gespeichert.
File: NCT03928860 

Das File: /work/eauten2s/ec_criteria_struct/lct/input/lct_txt/NCT03928860.txt wurde erfolgreich geladen.
0
Die Daten wurden erfolgreich in '/work/eauten2s/ec_criteria_struct/lct/evaluate/eval_p1_2/model_output/Llama-3-70B-Instruct_0_shot_tmp_1/output/Llama-3-70B-Instruct_NCT03928860_0_shot.txt' gespeichert.
File: NCT03928873 

Das File: /work/eauten2s/ec_criteria_struct/lct/input/lct_txt/NCT03928873.txt wurde erfolgreich geladen.
0
Die Daten wurden erfolgreich in '/work/eauten2s/ec_criteria_struct/lct/evaluate/eval_p1_2/model_output/Llama-3-70B-Instruct_0_shot_tmp_1/output/Llama-3-70B-Instruct_NCT03928873_0_shot.txt' gespeichert.
File: NCT03928899 

Das File: /work/eauten2s/ec_criteria_struct/lct/input/lct_txt/NCT03928899.txt wurde erfolgreich geladen.
0
Die Daten wurden erfolgreich in '/work/eauten2s/ec_criteria_struct/lct/evaluate/eval_p1_2/model_output/Llama-3-70B-Instruct_0_shot_tmp_1/output/Llama-3-70B-Instruct_NCT03928899_0_shot.txt' gespeichert.
File: NCT03928912 

Das File: /work/eauten2s/ec_criteria_struct/lct/input/lct_txt/NCT03928912.txt wurde erfolgreich geladen.
0
Die Daten wurden erfolgreich in '/work/eauten2s/ec_criteria_struct/lct/evaluate/eval_p1_2/model_output/Llama-3-70B-Instruct_0_shot_tmp_1/output/Llama-3-70B-Instruct_NCT03928912_0_shot.txt' gespeichert.
File: NCT03928938 

Das File: /work/eauten2s/ec_criteria_struct/lct/input/lct_txt/NCT03928938.txt wurde erfolgreich geladen.
0
Die Daten wurden erfolgreich in '/work/eauten2s/ec_criteria_struct/lct/evaluate/eval_p1_2/model_output/Llama-3-70B-Instruct_0_shot_tmp_1/output/Llama-3-70B-Instruct_NCT03928938_0_shot.txt' gespeichert.
File: NCT03928951 

Das File: /work/eauten2s/ec_criteria_struct/lct/input/lct_txt/NCT03928951.txt wurde erfolgreich geladen.
0
Die Daten wurden erfolgreich in '/work/eauten2s/ec_criteria_struct/lct/evaluate/eval_p1_2/model_output/Llama-3-70B-Instruct_0_shot_tmp_1/output/Llama-3-70B-Instruct_NCT03928951_0_shot.txt' gespeichert.
File: NCT03928964 

Das File: /work/eauten2s/ec_criteria_struct/lct/input/lct_txt/NCT03928964.txt wurde erfolgreich geladen.
0
Die Daten wurden erfolgreich in '/work/eauten2s/ec_criteria_struct/lct/evaluate/eval_p1_2/model_output/Llama-3-70B-Instruct_0_shot_tmp_1/output/Llama-3-70B-Instruct_NCT03928964_0_shot.txt' gespeichert.
File: NCT03928977 

Das File: /work/eauten2s/ec_criteria_struct/lct/input/lct_txt/NCT03928977.txt wurde erfolgreich geladen.
0
Die Daten wurden erfolgreich in '/work/eauten2s/ec_criteria_struct/lct/evaluate/eval_p1_2/model_output/Llama-3-70B-Instruct_0_shot_tmp_1/output/Llama-3-70B-Instruct_NCT03928977_0_shot.txt' gespeichert.
File: NCT03928990 

Das File: /work/eauten2s/ec_criteria_struct/lct/input/lct_txt/NCT03928990.txt wurde erfolgreich geladen.
0
Die Daten wurden erfolgreich in '/work/eauten2s/ec_criteria_struct/lct/evaluate/eval_p1_2/model_output/Llama-3-70B-Instruct_0_shot_tmp_1/output/Llama-3-70B-Instruct_NCT03928990_0_shot.txt' gespeichert.
File: NCT03929055 

Das File: /work/eauten2s/ec_criteria_struct/lct/input/lct_txt/NCT03929055.txt wurde erfolgreich geladen.
0
Die Daten wurden erfolgreich in '/work/eauten2s/ec_criteria_struct/lct/evaluate/eval_p1_2/model_output/Llama-3-70B-Instruct_0_shot_tmp_1/output/Llama-3-70B-Instruct_NCT03929055_0_shot.txt' gespeichert.
File: NCT03929068 

Das File: /work/eauten2s/ec_criteria_struct/lct/input/lct_txt/NCT03929068.txt wurde erfolgreich geladen.
0
Die Daten wurden erfolgreich in '/work/eauten2s/ec_criteria_struct/lct/evaluate/eval_p1_2/model_output/Llama-3-70B-Instruct_0_shot_tmp_1/output/Llama-3-70B-Instruct_NCT03929068_0_shot.txt' gespeichert.
File: NCT03929159 

Das File: /work/eauten2s/ec_criteria_struct/lct/input/lct_txt/NCT03929159.txt wurde erfolgreich geladen.
0
Die Daten wurden erfolgreich in '/work/eauten2s/ec_criteria_struct/lct/evaluate/eval_p1_2/model_output/Llama-3-70B-Instruct_0_shot_tmp_1/output/Llama-3-70B-Instruct_NCT03929159_0_shot.txt' gespeichert.
File: NCT03929198 

Das File: /work/eauten2s/ec_criteria_struct/lct/input/lct_txt/NCT03929198.txt wurde erfolgreich geladen.
0
Die Daten wurden erfolgreich in '/work/eauten2s/ec_criteria_struct/lct/evaluate/eval_p1_2/model_output/Llama-3-70B-Instruct_0_shot_tmp_1/output/Llama-3-70B-Instruct_NCT03929198_0_shot.txt' gespeichert.
File: NCT03929237 

Das File: /work/eauten2s/ec_criteria_struct/lct/input/lct_txt/NCT03929237.txt wurde erfolgreich geladen.
0
Die Daten wurden erfolgreich in '/work/eauten2s/ec_criteria_struct/lct/evaluate/eval_p1_2/model_output/Llama-3-70B-Instruct_0_shot_tmp_1/output/Llama-3-70B-Instruct_NCT03929237_0_shot.txt' gespeichert.
File: NCT03929263 

Das File: /work/eauten2s/ec_criteria_struct/lct/input/lct_txt/NCT03929263.txt wurde erfolgreich geladen.
0
Die Daten wurden erfolgreich in '/work/eauten2s/ec_criteria_struct/lct/evaluate/eval_p1_2/model_output/Llama-3-70B-Instruct_0_shot_tmp_1/output/Llama-3-70B-Instruct_NCT03929263_0_shot.txt' gespeichert.
File: NCT03929276 

Das File: /work/eauten2s/ec_criteria_struct/lct/input/lct_txt/NCT03929276.txt wurde erfolgreich geladen.
0
Die Daten wurden erfolgreich in '/work/eauten2s/ec_criteria_struct/lct/evaluate/eval_p1_2/model_output/Llama-3-70B-Instruct_0_shot_tmp_1/output/Llama-3-70B-Instruct_NCT03929276_0_shot.txt' gespeichert.
File: NCT03929289 

Das File: /work/eauten2s/ec_criteria_struct/lct/input/lct_txt/NCT03929289.txt wurde erfolgreich geladen.
0
Die Daten wurden erfolgreich in '/work/eauten2s/ec_criteria_struct/lct/evaluate/eval_p1_2/model_output/Llama-3-70B-Instruct_0_shot_tmp_1/output/Llama-3-70B-Instruct_NCT03929289_0_shot.txt' gespeichert.
File: NCT03929315 

Das File: /work/eauten2s/ec_criteria_struct/lct/input/lct_txt/NCT03929315.txt wurde erfolgreich geladen.
0
Die Daten wurden erfolgreich in '/work/eauten2s/ec_criteria_struct/lct/evaluate/eval_p1_2/model_output/Llama-3-70B-Instruct_0_shot_tmp_1/output/Llama-3-70B-Instruct_NCT03929315_0_shot.txt' gespeichert.
File: NCT03929328 

Das File: /work/eauten2s/ec_criteria_struct/lct/input/lct_txt/NCT03929328.txt wurde erfolgreich geladen.
0
Die Daten wurden erfolgreich in '/work/eauten2s/ec_criteria_struct/lct/evaluate/eval_p1_2/model_output/Llama-3-70B-Instruct_0_shot_tmp_1/output/Llama-3-70B-Instruct_NCT03929328_0_shot.txt' gespeichert.
File: NCT03929341 

Das File: /work/eauten2s/ec_criteria_struct/lct/input/lct_txt/NCT03929341.txt wurde erfolgreich geladen.
0
Die Daten wurden erfolgreich in '/work/eauten2s/ec_criteria_struct/lct/evaluate/eval_p1_2/model_output/Llama-3-70B-Instruct_0_shot_tmp_1/output/Llama-3-70B-Instruct_NCT03929341_0_shot.txt' gespeichert.
File: NCT03929367 

Das File: /work/eauten2s/ec_criteria_struct/lct/input/lct_txt/NCT03929367.txt wurde erfolgreich geladen.
0
Die Daten wurden erfolgreich in '/work/eauten2s/ec_criteria_struct/lct/evaluate/eval_p1_2/model_output/Llama-3-70B-Instruct_0_shot_tmp_1/output/Llama-3-70B-Instruct_NCT03929367_0_shot.txt' gespeichert.
File: NCT03929380 

Das File: /work/eauten2s/ec_criteria_struct/lct/input/lct_txt/NCT03929380.txt wurde erfolgreich geladen.
0
Die Daten wurden erfolgreich in '/work/eauten2s/ec_criteria_struct/lct/evaluate/eval_p1_2/model_output/Llama-3-70B-Instruct_0_shot_tmp_1/output/Llama-3-70B-Instruct_NCT03929380_0_shot.txt' gespeichert.
File: NCT03929406 

Das File: /work/eauten2s/ec_criteria_struct/lct/input/lct_txt/NCT03929406.txt wurde erfolgreich geladen.
0
Die Daten wurden erfolgreich in '/work/eauten2s/ec_criteria_struct/lct/evaluate/eval_p1_2/model_output/Llama-3-70B-Instruct_0_shot_tmp_1/output/Llama-3-70B-Instruct_NCT03929406_0_shot.txt' gespeichert.
File: NCT03929419 

Das File: /work/eauten2s/ec_criteria_struct/lct/input/lct_txt/NCT03929419.txt wurde erfolgreich geladen.
0
Die Daten wurden erfolgreich in '/work/eauten2s/ec_criteria_struct/lct/evaluate/eval_p1_2/model_output/Llama-3-70B-Instruct_0_shot_tmp_1/output/Llama-3-70B-Instruct_NCT03929419_0_shot.txt' gespeichert.
File: NCT03929432 

Das File: /work/eauten2s/ec_criteria_struct/lct/input/lct_txt/NCT03929432.txt wurde erfolgreich geladen.
0
Die Daten wurden erfolgreich in '/work/eauten2s/ec_criteria_struct/lct/evaluate/eval_p1_2/model_output/Llama-3-70B-Instruct_0_shot_tmp_1/output/Llama-3-70B-Instruct_NCT03929432_0_shot.txt' gespeichert.
File: NCT03929458 

Das File: /work/eauten2s/ec_criteria_struct/lct/input/lct_txt/NCT03929458.txt wurde erfolgreich geladen.
0
Die Daten wurden erfolgreich in '/work/eauten2s/ec_criteria_struct/lct/evaluate/eval_p1_2/model_output/Llama-3-70B-Instruct_0_shot_tmp_1/output/Llama-3-70B-Instruct_NCT03929458_0_shot.txt' gespeichert.
File: NCT03929471 

Das File: /work/eauten2s/ec_criteria_struct/lct/input/lct_txt/NCT03929471.txt wurde erfolgreich geladen.
0
Die Daten wurden erfolgreich in '/work/eauten2s/ec_criteria_struct/lct/evaluate/eval_p1_2/model_output/Llama-3-70B-Instruct_0_shot_tmp_1/output/Llama-3-70B-Instruct_NCT03929471_0_shot.txt' gespeichert.
File: NCT03929497 

Das File: /work/eauten2s/ec_criteria_struct/lct/input/lct_txt/NCT03929497.txt wurde erfolgreich geladen.
0
Die Daten wurden erfolgreich in '/work/eauten2s/ec_criteria_struct/lct/evaluate/eval_p1_2/model_output/Llama-3-70B-Instruct_0_shot_tmp_1/output/Llama-3-70B-Instruct_NCT03929497_0_shot.txt' gespeichert.
File: NCT03929510 

Das File: /work/eauten2s/ec_criteria_struct/lct/input/lct_txt/NCT03929510.txt wurde erfolgreich geladen.
0
Die Daten wurden erfolgreich in '/work/eauten2s/ec_criteria_struct/lct/evaluate/eval_p1_2/model_output/Llama-3-70B-Instruct_0_shot_tmp_1/output/Llama-3-70B-Instruct_NCT03929510_0_shot.txt' gespeichert.
File: NCT03929523 

Das File: /work/eauten2s/ec_criteria_struct/lct/input/lct_txt/NCT03929523.txt wurde erfolgreich geladen.
0
Die Daten wurden erfolgreich in '/work/eauten2s/ec_criteria_struct/lct/evaluate/eval_p1_2/model_output/Llama-3-70B-Instruct_0_shot_tmp_1/output/Llama-3-70B-Instruct_NCT03929523_0_shot.txt' gespeichert.
File: NCT03929536 

Das File: /work/eauten2s/ec_criteria_struct/lct/input/lct_txt/NCT03929536.txt wurde erfolgreich geladen.
0
Die Daten wurden erfolgreich in '/work/eauten2s/ec_criteria_struct/lct/evaluate/eval_p1_2/model_output/Llama-3-70B-Instruct_0_shot_tmp_1/output/Llama-3-70B-Instruct_NCT03929536_0_shot.txt' gespeichert.
File: NCT03929549 

Das File: /work/eauten2s/ec_criteria_struct/lct/input/lct_txt/NCT03929549.txt wurde erfolgreich geladen.
0
Die Daten wurden erfolgreich in '/work/eauten2s/ec_criteria_struct/lct/evaluate/eval_p1_2/model_output/Llama-3-70B-Instruct_0_shot_tmp_1/output/Llama-3-70B-Instruct_NCT03929549_0_shot.txt' gespeichert.
File: NCT03929562 

Das File: /work/eauten2s/ec_criteria_struct/lct/input/lct_txt/NCT03929562.txt wurde erfolgreich geladen.
0
Die Daten wurden erfolgreich in '/work/eauten2s/ec_criteria_struct/lct/evaluate/eval_p1_2/model_output/Llama-3-70B-Instruct_0_shot_tmp_1/output/Llama-3-70B-Instruct_NCT03929562_0_shot.txt' gespeichert.
File: NCT03929575 

Das File: /work/eauten2s/ec_criteria_struct/lct/input/lct_txt/NCT03929575.txt wurde erfolgreich geladen.
0
Die Daten wurden erfolgreich in '/work/eauten2s/ec_criteria_struct/lct/evaluate/eval_p1_2/model_output/Llama-3-70B-Instruct_0_shot_tmp_1/output/Llama-3-70B-Instruct_NCT03929575_0_shot.txt' gespeichert.
File: NCT03929614 

Das File: /work/eauten2s/ec_criteria_struct/lct/input/lct_txt/NCT03929614.txt wurde erfolgreich geladen.
0
Die Daten wurden erfolgreich in '/work/eauten2s/ec_criteria_struct/lct/evaluate/eval_p1_2/model_output/Llama-3-70B-Instruct_0_shot_tmp_1/output/Llama-3-70B-Instruct_NCT03929614_0_shot.txt' gespeichert.
File: NCT03929640 

Das File: /work/eauten2s/ec_criteria_struct/lct/input/lct_txt/NCT03929640.txt wurde erfolgreich geladen.
0
Die Daten wurden erfolgreich in '/work/eauten2s/ec_criteria_struct/lct/evaluate/eval_p1_2/model_output/Llama-3-70B-Instruct_0_shot_tmp_1/output/Llama-3-70B-Instruct_NCT03929640_0_shot.txt' gespeichert.
File: NCT03929653 

Das File: /work/eauten2s/ec_criteria_struct/lct/input/lct_txt/NCT03929653.txt wurde erfolgreich geladen.
0
Die Daten wurden erfolgreich in '/work/eauten2s/ec_criteria_struct/lct/evaluate/eval_p1_2/model_output/Llama-3-70B-Instruct_0_shot_tmp_1/output/Llama-3-70B-Instruct_NCT03929653_0_shot.txt' gespeichert.
File: NCT03929679 

Das File: /work/eauten2s/ec_criteria_struct/lct/input/lct_txt/NCT03929679.txt wurde erfolgreich geladen.
0
Die Daten wurden erfolgreich in '/work/eauten2s/ec_criteria_struct/lct/evaluate/eval_p1_2/model_output/Llama-3-70B-Instruct_0_shot_tmp_1/output/Llama-3-70B-Instruct_NCT03929679_0_shot.txt' gespeichert.
File: NCT03929692 

Das File: /work/eauten2s/ec_criteria_struct/lct/input/lct_txt/NCT03929692.txt wurde erfolgreich geladen.
0
Die Daten wurden erfolgreich in '/work/eauten2s/ec_criteria_struct/lct/evaluate/eval_p1_2/model_output/Llama-3-70B-Instruct_0_shot_tmp_1/output/Llama-3-70B-Instruct_NCT03929692_0_shot.txt' gespeichert.
File: NCT03929705 

Das File: /work/eauten2s/ec_criteria_struct/lct/input/lct_txt/NCT03929705.txt wurde erfolgreich geladen.
0
Die Daten wurden erfolgreich in '/work/eauten2s/ec_criteria_struct/lct/evaluate/eval_p1_2/model_output/Llama-3-70B-Instruct_0_shot_tmp_1/output/Llama-3-70B-Instruct_NCT03929705_0_shot.txt' gespeichert.
File: NCT03929718 

Das File: /work/eauten2s/ec_criteria_struct/lct/input/lct_txt/NCT03929718.txt wurde erfolgreich geladen.
0
Die Daten wurden erfolgreich in '/work/eauten2s/ec_criteria_struct/lct/evaluate/eval_p1_2/model_output/Llama-3-70B-Instruct_0_shot_tmp_1/output/Llama-3-70B-Instruct_NCT03929718_0_shot.txt' gespeichert.
File: NCT03929731 

Das File: /work/eauten2s/ec_criteria_struct/lct/input/lct_txt/NCT03929731.txt wurde erfolgreich geladen.
0
Die Daten wurden erfolgreich in '/work/eauten2s/ec_criteria_struct/lct/evaluate/eval_p1_2/model_output/Llama-3-70B-Instruct_0_shot_tmp_1/output/Llama-3-70B-Instruct_NCT03929731_0_shot.txt' gespeichert.
File: NCT03929744 

Das File: /work/eauten2s/ec_criteria_struct/lct/input/lct_txt/NCT03929744.txt wurde erfolgreich geladen.
0
Die Daten wurden erfolgreich in '/work/eauten2s/ec_criteria_struct/lct/evaluate/eval_p1_2/model_output/Llama-3-70B-Instruct_0_shot_tmp_1/output/Llama-3-70B-Instruct_NCT03929744_0_shot.txt' gespeichert.
File: NCT03929770 

Das File: /work/eauten2s/ec_criteria_struct/lct/input/lct_txt/NCT03929770.txt wurde erfolgreich geladen.
0
Die Daten wurden erfolgreich in '/work/eauten2s/ec_criteria_struct/lct/evaluate/eval_p1_2/model_output/Llama-3-70B-Instruct_0_shot_tmp_1/output/Llama-3-70B-Instruct_NCT03929770_0_shot.txt' gespeichert.
File: NCT03929809 

Das File: /work/eauten2s/ec_criteria_struct/lct/input/lct_txt/NCT03929809.txt wurde erfolgreich geladen.
0
Die Daten wurden erfolgreich in '/work/eauten2s/ec_criteria_struct/lct/evaluate/eval_p1_2/model_output/Llama-3-70B-Instruct_0_shot_tmp_1/output/Llama-3-70B-Instruct_NCT03929809_0_shot.txt' gespeichert.
File: NCT03929822 

Das File: /work/eauten2s/ec_criteria_struct/lct/input/lct_txt/NCT03929822.txt wurde erfolgreich geladen.
0
Die Daten wurden erfolgreich in '/work/eauten2s/ec_criteria_struct/lct/evaluate/eval_p1_2/model_output/Llama-3-70B-Instruct_0_shot_tmp_1/output/Llama-3-70B-Instruct_NCT03929822_0_shot.txt' gespeichert.
File: NCT03929848 

Das File: /work/eauten2s/ec_criteria_struct/lct/input/lct_txt/NCT03929848.txt wurde erfolgreich geladen.
0
Die Daten wurden erfolgreich in '/work/eauten2s/ec_criteria_struct/lct/evaluate/eval_p1_2/model_output/Llama-3-70B-Instruct_0_shot_tmp_1/output/Llama-3-70B-Instruct_NCT03929848_0_shot.txt' gespeichert.
File: NCT03929874 

Das File: /work/eauten2s/ec_criteria_struct/lct/input/lct_txt/NCT03929874.txt wurde erfolgreich geladen.
0
Die Daten wurden erfolgreich in '/work/eauten2s/ec_criteria_struct/lct/evaluate/eval_p1_2/model_output/Llama-3-70B-Instruct_0_shot_tmp_1/output/Llama-3-70B-Instruct_NCT03929874_0_shot.txt' gespeichert.
File: NCT03929887 

Das File: /work/eauten2s/ec_criteria_struct/lct/input/lct_txt/NCT03929887.txt wurde erfolgreich geladen.
0
Die Daten wurden erfolgreich in '/work/eauten2s/ec_criteria_struct/lct/evaluate/eval_p1_2/model_output/Llama-3-70B-Instruct_0_shot_tmp_1/output/Llama-3-70B-Instruct_NCT03929887_0_shot.txt' gespeichert.
File: NCT03929900 

Das File: /work/eauten2s/ec_criteria_struct/lct/input/lct_txt/NCT03929900.txt wurde erfolgreich geladen.
0
Die Daten wurden erfolgreich in '/work/eauten2s/ec_criteria_struct/lct/evaluate/eval_p1_2/model_output/Llama-3-70B-Instruct_0_shot_tmp_1/output/Llama-3-70B-Instruct_NCT03929900_0_shot.txt' gespeichert.
File: NCT03929926 

Das File: /work/eauten2s/ec_criteria_struct/lct/input/lct_txt/NCT03929926.txt wurde erfolgreich geladen.
0
Die Daten wurden erfolgreich in '/work/eauten2s/ec_criteria_struct/lct/evaluate/eval_p1_2/model_output/Llama-3-70B-Instruct_0_shot_tmp_1/output/Llama-3-70B-Instruct_NCT03929926_0_shot.txt' gespeichert.
File: NCT03929939 

Das File: /work/eauten2s/ec_criteria_struct/lct/input/lct_txt/NCT03929939.txt wurde erfolgreich geladen.
0
Die Daten wurden erfolgreich in '/work/eauten2s/ec_criteria_struct/lct/evaluate/eval_p1_2/model_output/Llama-3-70B-Instruct_0_shot_tmp_1/output/Llama-3-70B-Instruct_NCT03929939_0_shot.txt' gespeichert.
File: NCT03929952 

Das File: /work/eauten2s/ec_criteria_struct/lct/input/lct_txt/NCT03929952.txt wurde erfolgreich geladen.
0
Die Daten wurden erfolgreich in '/work/eauten2s/ec_criteria_struct/lct/evaluate/eval_p1_2/model_output/Llama-3-70B-Instruct_0_shot_tmp_1/output/Llama-3-70B-Instruct_NCT03929952_0_shot.txt' gespeichert.
File: NCT03929978 

Das File: /work/eauten2s/ec_criteria_struct/lct/input/lct_txt/NCT03929978.txt wurde erfolgreich geladen.
0
Die Daten wurden erfolgreich in '/work/eauten2s/ec_criteria_struct/lct/evaluate/eval_p1_2/model_output/Llama-3-70B-Instruct_0_shot_tmp_1/output/Llama-3-70B-Instruct_NCT03929978_0_shot.txt' gespeichert.
File: NCT03929991 

Das File: /work/eauten2s/ec_criteria_struct/lct/input/lct_txt/NCT03929991.txt wurde erfolgreich geladen.
0
Die Daten wurden erfolgreich in '/work/eauten2s/ec_criteria_struct/lct/evaluate/eval_p1_2/model_output/Llama-3-70B-Instruct_0_shot_tmp_1/output/Llama-3-70B-Instruct_NCT03929991_0_shot.txt' gespeichert.
File: NCT03930108 

Das File: /work/eauten2s/ec_criteria_struct/lct/input/lct_txt/NCT03930108.txt wurde erfolgreich geladen.
0
Die Daten wurden erfolgreich in '/work/eauten2s/ec_criteria_struct/lct/evaluate/eval_p1_2/model_output/Llama-3-70B-Instruct_0_shot_tmp_1/output/Llama-3-70B-Instruct_NCT03930108_0_shot.txt' gespeichert.
File: NCT03930121 

Das File: /work/eauten2s/ec_criteria_struct/lct/input/lct_txt/NCT03930121.txt wurde erfolgreich geladen.
0
Die Daten wurden erfolgreich in '/work/eauten2s/ec_criteria_struct/lct/evaluate/eval_p1_2/model_output/Llama-3-70B-Instruct_0_shot_tmp_1/output/Llama-3-70B-Instruct_NCT03930121_0_shot.txt' gespeichert.
File: NCT03930134 

Das File: /work/eauten2s/ec_criteria_struct/lct/input/lct_txt/NCT03930134.txt wurde erfolgreich geladen.
0
Die Daten wurden erfolgreich in '/work/eauten2s/ec_criteria_struct/lct/evaluate/eval_p1_2/model_output/Llama-3-70B-Instruct_0_shot_tmp_1/output/Llama-3-70B-Instruct_NCT03930134_0_shot.txt' gespeichert.
File: NCT03930524 

Das File: /work/eauten2s/ec_criteria_struct/lct/input/lct_txt/NCT03930524.txt wurde erfolgreich geladen.
0
Die Daten wurden erfolgreich in '/work/eauten2s/ec_criteria_struct/lct/evaluate/eval_p1_2/model_output/Llama-3-70B-Instruct_0_shot_tmp_1/output/Llama-3-70B-Instruct_NCT03930524_0_shot.txt' gespeichert.
File: NCT03930849 

Das File: /work/eauten2s/ec_criteria_struct/lct/input/lct_txt/NCT03930849.txt wurde erfolgreich geladen.
0
Die Daten wurden erfolgreich in '/work/eauten2s/ec_criteria_struct/lct/evaluate/eval_p1_2/model_output/Llama-3-70B-Instruct_0_shot_tmp_1/output/Llama-3-70B-Instruct_NCT03930849_0_shot.txt' gespeichert.
File: NCT03930901 

Das File: /work/eauten2s/ec_criteria_struct/lct/input/lct_txt/NCT03930901.txt wurde erfolgreich geladen.
0
Die Daten wurden erfolgreich in '/work/eauten2s/ec_criteria_struct/lct/evaluate/eval_p1_2/model_output/Llama-3-70B-Instruct_0_shot_tmp_1/output/Llama-3-70B-Instruct_NCT03930901_0_shot.txt' gespeichert.
File: NCT03931148 

Das File: /work/eauten2s/ec_criteria_struct/lct/input/lct_txt/NCT03931148.txt wurde erfolgreich geladen.
0
Die Daten wurden erfolgreich in '/work/eauten2s/ec_criteria_struct/lct/evaluate/eval_p1_2/model_output/Llama-3-70B-Instruct_0_shot_tmp_1/output/Llama-3-70B-Instruct_NCT03931148_0_shot.txt' gespeichert.
File: NCT03931616 

Das File: /work/eauten2s/ec_criteria_struct/lct/input/lct_txt/NCT03931616.txt wurde erfolgreich geladen.
0
Die Daten wurden erfolgreich in '/work/eauten2s/ec_criteria_struct/lct/evaluate/eval_p1_2/model_output/Llama-3-70B-Instruct_0_shot_tmp_1/output/Llama-3-70B-Instruct_NCT03931616_0_shot.txt' gespeichert.
File: NCT03931772 

Das File: /work/eauten2s/ec_criteria_struct/lct/input/lct_txt/NCT03931772.txt wurde erfolgreich geladen.
0
Die Daten wurden erfolgreich in '/work/eauten2s/ec_criteria_struct/lct/evaluate/eval_p1_2/model_output/Llama-3-70B-Instruct_0_shot_tmp_1/output/Llama-3-70B-Instruct_NCT03931772_0_shot.txt' gespeichert.
File: NCT03931941 

Das File: /work/eauten2s/ec_criteria_struct/lct/input/lct_txt/NCT03931941.txt wurde erfolgreich geladen.
0
Die Daten wurden erfolgreich in '/work/eauten2s/ec_criteria_struct/lct/evaluate/eval_p1_2/model_output/Llama-3-70B-Instruct_0_shot_tmp_1/output/Llama-3-70B-Instruct_NCT03931941_0_shot.txt' gespeichert.
File: NCT03932045 

Das File: /work/eauten2s/ec_criteria_struct/lct/input/lct_txt/NCT03932045.txt wurde erfolgreich geladen.
0
Die Daten wurden erfolgreich in '/work/eauten2s/ec_criteria_struct/lct/evaluate/eval_p1_2/model_output/Llama-3-70B-Instruct_0_shot_tmp_1/output/Llama-3-70B-Instruct_NCT03932045_0_shot.txt' gespeichert.
File: NCT03932929 

Das File: /work/eauten2s/ec_criteria_struct/lct/input/lct_txt/NCT03932929.txt wurde erfolgreich geladen.
0
Die Daten wurden erfolgreich in '/work/eauten2s/ec_criteria_struct/lct/evaluate/eval_p1_2/model_output/Llama-3-70B-Instruct_0_shot_tmp_1/output/Llama-3-70B-Instruct_NCT03932929_0_shot.txt' gespeichert.
File: NCT03934008 

Das File: /work/eauten2s/ec_criteria_struct/lct/input/lct_txt/NCT03934008.txt wurde erfolgreich geladen.
0
Die Daten wurden erfolgreich in '/work/eauten2s/ec_criteria_struct/lct/evaluate/eval_p1_2/model_output/Llama-3-70B-Instruct_0_shot_tmp_1/output/Llama-3-70B-Instruct_NCT03934008_0_shot.txt' gespeichert.
File: NCT03934034 

Das File: /work/eauten2s/ec_criteria_struct/lct/input/lct_txt/NCT03934034.txt wurde erfolgreich geladen.
0
Die Daten wurden erfolgreich in '/work/eauten2s/ec_criteria_struct/lct/evaluate/eval_p1_2/model_output/Llama-3-70B-Instruct_0_shot_tmp_1/output/Llama-3-70B-Instruct_NCT03934034_0_shot.txt' gespeichert.
File: NCT03934151 

Das File: /work/eauten2s/ec_criteria_struct/lct/input/lct_txt/NCT03934151.txt wurde erfolgreich geladen.
0
Die Daten wurden erfolgreich in '/work/eauten2s/ec_criteria_struct/lct/evaluate/eval_p1_2/model_output/Llama-3-70B-Instruct_0_shot_tmp_1/output/Llama-3-70B-Instruct_NCT03934151_0_shot.txt' gespeichert.
File: NCT03934346 

Das File: /work/eauten2s/ec_criteria_struct/lct/input/lct_txt/NCT03934346.txt wurde erfolgreich geladen.
0
Die Daten wurden erfolgreich in '/work/eauten2s/ec_criteria_struct/lct/evaluate/eval_p1_2/model_output/Llama-3-70B-Instruct_0_shot_tmp_1/output/Llama-3-70B-Instruct_NCT03934346_0_shot.txt' gespeichert.
File: NCT03934385 

Das File: /work/eauten2s/ec_criteria_struct/lct/input/lct_txt/NCT03934385.txt wurde erfolgreich geladen.
0
Die Daten wurden erfolgreich in '/work/eauten2s/ec_criteria_struct/lct/evaluate/eval_p1_2/model_output/Llama-3-70B-Instruct_0_shot_tmp_1/output/Llama-3-70B-Instruct_NCT03934385_0_shot.txt' gespeichert.
File: NCT03934424 

Das File: /work/eauten2s/ec_criteria_struct/lct/input/lct_txt/NCT03934424.txt wurde erfolgreich geladen.
0
Die Daten wurden erfolgreich in '/work/eauten2s/ec_criteria_struct/lct/evaluate/eval_p1_2/model_output/Llama-3-70B-Instruct_0_shot_tmp_1/output/Llama-3-70B-Instruct_NCT03934424_0_shot.txt' gespeichert.
File: NCT03934554 

Das File: /work/eauten2s/ec_criteria_struct/lct/input/lct_txt/NCT03934554.txt wurde erfolgreich geladen.
0
Die Daten wurden erfolgreich in '/work/eauten2s/ec_criteria_struct/lct/evaluate/eval_p1_2/model_output/Llama-3-70B-Instruct_0_shot_tmp_1/output/Llama-3-70B-Instruct_NCT03934554_0_shot.txt' gespeichert.
File: NCT03934593 

Das File: /work/eauten2s/ec_criteria_struct/lct/input/lct_txt/NCT03934593.txt wurde erfolgreich geladen.
0
Die Daten wurden erfolgreich in '/work/eauten2s/ec_criteria_struct/lct/evaluate/eval_p1_2/model_output/Llama-3-70B-Instruct_0_shot_tmp_1/output/Llama-3-70B-Instruct_NCT03934593_0_shot.txt' gespeichert.
