2024-05-24 11:32:06.884925: I tensorflow/core/platform/cpu_feature_guard.cc:210] This TensorFlow binary is optimized to use available CPU instructions in performance-critical operations.
To enable the following instructions: AVX2 AVX512F FMA, in other operations, rebuild TensorFlow with the appropriate compiler flags.
2024-05-24 11:32:08.972244: W tensorflow/compiler/tf2tensorrt/utils/py_utils.cc:38] TF-TRT Warning: Could not find TensorRT
/usr/lib64/python3.9/site-packages/scipy/__init__.py:138: UserWarning: A NumPy version >=1.16.5 and <1.23.0 is required for this version of SciPy (detected version 1.26.4)
  warnings.warn(f"A NumPy version >={np_minversion} and <{np_maxversion} is required for this version of "
Das File: /work/eauten2s/ec_criteria_struct/lct/input/prompt/prompt1.txt wurde erfolgreich geladen.
Hier fängt die Pipeline an
Loading checkpoint shards:   0%|          | 0/4 [00:00<?, ?it/s]Loading checkpoint shards:  25%|██▌       | 1/4 [00:42<02:08, 42.76s/it]Loading checkpoint shards:  50%|█████     | 2/4 [01:25<01:25, 42.87s/it]Loading checkpoint shards:  75%|███████▌  | 3/4 [02:08<00:42, 42.61s/it]Loading checkpoint shards: 100%|██████████| 4/4 [02:18<00:00, 29.79s/it]Loading checkpoint shards: 100%|██████████| 4/4 [02:18<00:00, 34.53s/it]
Special tokens have been added in the vocabulary, make sure the associated word embeddings are fine-tuned or trained.
Setting `pad_token_id` to `eos_token_id`:128009 for open-end generation.
Setting `pad_token_id` to `eos_token_id`:128009 for open-end generation.
Setting `pad_token_id` to `eos_token_id`:128009 for open-end generation.
Setting `pad_token_id` to `eos_token_id`:128009 for open-end generation.
Setting `pad_token_id` to `eos_token_id`:128009 for open-end generation.
Setting `pad_token_id` to `eos_token_id`:128009 for open-end generation.
Setting `pad_token_id` to `eos_token_id`:128009 for open-end generation.
Setting `pad_token_id` to `eos_token_id`:128009 for open-end generation.
Setting `pad_token_id` to `eos_token_id`:128009 for open-end generation.
Setting `pad_token_id` to `eos_token_id`:128009 for open-end generation.
You seem to be using the pipelines sequentially on GPU. In order to maximize efficiency please use a dataset
Setting `pad_token_id` to `eos_token_id`:128009 for open-end generation.
Setting `pad_token_id` to `eos_token_id`:128009 for open-end generation.
Setting `pad_token_id` to `eos_token_id`:128009 for open-end generation.
Setting `pad_token_id` to `eos_token_id`:128009 for open-end generation.
Setting `pad_token_id` to `eos_token_id`:128009 for open-end generation.
Setting `pad_token_id` to `eos_token_id`:128009 for open-end generation.
Setting `pad_token_id` to `eos_token_id`:128009 for open-end generation.
Setting `pad_token_id` to `eos_token_id`:128009 for open-end generation.
Setting `pad_token_id` to `eos_token_id`:128009 for open-end generation.
Setting `pad_token_id` to `eos_token_id`:128009 for open-end generation.
Setting `pad_token_id` to `eos_token_id`:128009 for open-end generation.
Setting `pad_token_id` to `eos_token_id`:128009 for open-end generation.
Setting `pad_token_id` to `eos_token_id`:128009 for open-end generation.
Setting `pad_token_id` to `eos_token_id`:128009 for open-end generation.
Setting `pad_token_id` to `eos_token_id`:128009 for open-end generation.
Setting `pad_token_id` to `eos_token_id`:128009 for open-end generation.
Setting `pad_token_id` to `eos_token_id`:128009 for open-end generation.
Setting `pad_token_id` to `eos_token_id`:128009 for open-end generation.
Setting `pad_token_id` to `eos_token_id`:128009 for open-end generation.
Setting `pad_token_id` to `eos_token_id`:128009 for open-end generation.
Setting `pad_token_id` to `eos_token_id`:128009 for open-end generation.
Setting `pad_token_id` to `eos_token_id`:128009 for open-end generation.
Setting `pad_token_id` to `eos_token_id`:128009 for open-end generation.
Setting `pad_token_id` to `eos_token_id`:128009 for open-end generation.
Setting `pad_token_id` to `eos_token_id`:128009 for open-end generation.
Setting `pad_token_id` to `eos_token_id`:128009 for open-end generation.
Setting `pad_token_id` to `eos_token_id`:128009 for open-end generation.
Setting `pad_token_id` to `eos_token_id`:128009 for open-end generation.
Setting `pad_token_id` to `eos_token_id`:128009 for open-end generation.
Setting `pad_token_id` to `eos_token_id`:128009 for open-end generation.
Setting `pad_token_id` to `eos_token_id`:128009 for open-end generation.
Setting `pad_token_id` to `eos_token_id`:128009 for open-end generation.
Setting `pad_token_id` to `eos_token_id`:128009 for open-end generation.
Setting `pad_token_id` to `eos_token_id`:128009 for open-end generation.
Setting `pad_token_id` to `eos_token_id`:128009 for open-end generation.
Setting `pad_token_id` to `eos_token_id`:128009 for open-end generation.
Setting `pad_token_id` to `eos_token_id`:128009 for open-end generation.
Setting `pad_token_id` to `eos_token_id`:128009 for open-end generation.
Setting `pad_token_id` to `eos_token_id`:128009 for open-end generation.
Setting `pad_token_id` to `eos_token_id`:128009 for open-end generation.
Setting `pad_token_id` to `eos_token_id`:128009 for open-end generation.
Setting `pad_token_id` to `eos_token_id`:128009 for open-end generation.
Setting `pad_token_id` to `eos_token_id`:128009 for open-end generation.
Setting `pad_token_id` to `eos_token_id`:128009 for open-end generation.
Setting `pad_token_id` to `eos_token_id`:128009 for open-end generation.
Setting `pad_token_id` to `eos_token_id`:128009 for open-end generation.
Setting `pad_token_id` to `eos_token_id`:128009 for open-end generation.
Setting `pad_token_id` to `eos_token_id`:128009 for open-end generation.
Setting `pad_token_id` to `eos_token_id`:128009 for open-end generation.
Setting `pad_token_id` to `eos_token_id`:128009 for open-end generation.
Setting `pad_token_id` to `eos_token_id`:128009 for open-end generation.
Setting `pad_token_id` to `eos_token_id`:128009 for open-end generation.
Setting `pad_token_id` to `eos_token_id`:128009 for open-end generation.
Setting `pad_token_id` to `eos_token_id`:128009 for open-end generation.
Setting `pad_token_id` to `eos_token_id`:128009 for open-end generation.
Setting `pad_token_id` to `eos_token_id`:128009 for open-end generation.
Setting `pad_token_id` to `eos_token_id`:128009 for open-end generation.
Setting `pad_token_id` to `eos_token_id`:128009 for open-end generation.
Setting `pad_token_id` to `eos_token_id`:128009 for open-end generation.
Setting `pad_token_id` to `eos_token_id`:128009 for open-end generation.
Setting `pad_token_id` to `eos_token_id`:128009 for open-end generation.
Setting `pad_token_id` to `eos_token_id`:128009 for open-end generation.
Setting `pad_token_id` to `eos_token_id`:128009 for open-end generation.
Setting `pad_token_id` to `eos_token_id`:128009 for open-end generation.
Setting `pad_token_id` to `eos_token_id`:128009 for open-end generation.
Setting `pad_token_id` to `eos_token_id`:128009 for open-end generation.
Setting `pad_token_id` to `eos_token_id`:128009 for open-end generation.
Setting `pad_token_id` to `eos_token_id`:128009 for open-end generation.
Setting `pad_token_id` to `eos_token_id`:128009 for open-end generation.
Setting `pad_token_id` to `eos_token_id`:128009 for open-end generation.
Setting `pad_token_id` to `eos_token_id`:128009 for open-end generation.
Setting `pad_token_id` to `eos_token_id`:128009 for open-end generation.
Setting `pad_token_id` to `eos_token_id`:128009 for open-end generation.
Setting `pad_token_id` to `eos_token_id`:128009 for open-end generation.
Setting `pad_token_id` to `eos_token_id`:128009 for open-end generation.
Setting `pad_token_id` to `eos_token_id`:128009 for open-end generation.
Setting `pad_token_id` to `eos_token_id`:128009 for open-end generation.
Setting `pad_token_id` to `eos_token_id`:128009 for open-end generation.
Setting `pad_token_id` to `eos_token_id`:128009 for open-end generation.
Setting `pad_token_id` to `eos_token_id`:128009 for open-end generation.
Setting `pad_token_id` to `eos_token_id`:128009 for open-end generation.
Setting `pad_token_id` to `eos_token_id`:128009 for open-end generation.
Setting `pad_token_id` to `eos_token_id`:128009 for open-end generation.
Setting `pad_token_id` to `eos_token_id`:128009 for open-end generation.
Setting `pad_token_id` to `eos_token_id`:128009 for open-end generation.
Setting `pad_token_id` to `eos_token_id`:128009 for open-end generation.
Setting `pad_token_id` to `eos_token_id`:128009 for open-end generation.
Setting `pad_token_id` to `eos_token_id`:128009 for open-end generation.
Setting `pad_token_id` to `eos_token_id`:128009 for open-end generation.
Setting `pad_token_id` to `eos_token_id`:128009 for open-end generation.
Setting `pad_token_id` to `eos_token_id`:128009 for open-end generation.
Setting `pad_token_id` to `eos_token_id`:128009 for open-end generation.
Setting `pad_token_id` to `eos_token_id`:128009 for open-end generation.
Setting `pad_token_id` to `eos_token_id`:128009 for open-end generation.
Setting `pad_token_id` to `eos_token_id`:128009 for open-end generation.
Setting `pad_token_id` to `eos_token_id`:128009 for open-end generation.
Setting `pad_token_id` to `eos_token_id`:128009 for open-end generation.
Setting `pad_token_id` to `eos_token_id`:128009 for open-end generation.
Setting `pad_token_id` to `eos_token_id`:128009 for open-end generation.
Setting `pad_token_id` to `eos_token_id`:128009 for open-end generation.
Setting `pad_token_id` to `eos_token_id`:128009 for open-end generation.
Setting `pad_token_id` to `eos_token_id`:128009 for open-end generation.
Setting `pad_token_id` to `eos_token_id`:128009 for open-end generation.
Setting `pad_token_id` to `eos_token_id`:128009 for open-end generation.
Setting `pad_token_id` to `eos_token_id`:128009 for open-end generation.
Setting `pad_token_id` to `eos_token_id`:128009 for open-end generation.
Setting `pad_token_id` to `eos_token_id`:128009 for open-end generation.
Setting `pad_token_id` to `eos_token_id`:128009 for open-end generation.
Setting `pad_token_id` to `eos_token_id`:128009 for open-end generation.
Setting `pad_token_id` to `eos_token_id`:128009 for open-end generation.
Setting `pad_token_id` to `eos_token_id`:128009 for open-end generation.
Setting `pad_token_id` to `eos_token_id`:128009 for open-end generation.
Setting `pad_token_id` to `eos_token_id`:128009 for open-end generation.
Setting `pad_token_id` to `eos_token_id`:128009 for open-end generation.
Setting `pad_token_id` to `eos_token_id`:128009 for open-end generation.
Setting `pad_token_id` to `eos_token_id`:128009 for open-end generation.
Setting `pad_token_id` to `eos_token_id`:128009 for open-end generation.
Setting `pad_token_id` to `eos_token_id`:128009 for open-end generation.
Setting `pad_token_id` to `eos_token_id`:128009 for open-end generation.
Setting `pad_token_id` to `eos_token_id`:128009 for open-end generation.
Setting `pad_token_id` to `eos_token_id`:128009 for open-end generation.
Setting `pad_token_id` to `eos_token_id`:128009 for open-end generation.
Setting `pad_token_id` to `eos_token_id`:128009 for open-end generation.
Setting `pad_token_id` to `eos_token_id`:128009 for open-end generation.
Setting `pad_token_id` to `eos_token_id`:128009 for open-end generation.
Setting `pad_token_id` to `eos_token_id`:128009 for open-end generation.
Setting `pad_token_id` to `eos_token_id`:128009 for open-end generation.
Setting `pad_token_id` to `eos_token_id`:128009 for open-end generation.
Setting `pad_token_id` to `eos_token_id`:128009 for open-end generation.
Setting `pad_token_id` to `eos_token_id`:128009 for open-end generation.
Setting `pad_token_id` to `eos_token_id`:128009 for open-end generation.
Setting `pad_token_id` to `eos_token_id`:128009 for open-end generation.
Setting `pad_token_id` to `eos_token_id`:128009 for open-end generation.
Setting `pad_token_id` to `eos_token_id`:128009 for open-end generation.
Setting `pad_token_id` to `eos_token_id`:128009 for open-end generation.
Setting `pad_token_id` to `eos_token_id`:128009 for open-end generation.
Setting `pad_token_id` to `eos_token_id`:128009 for open-end generation.
Setting `pad_token_id` to `eos_token_id`:128009 for open-end generation.
Setting `pad_token_id` to `eos_token_id`:128009 for open-end generation.
Setting `pad_token_id` to `eos_token_id`:128009 for open-end generation.
Setting `pad_token_id` to `eos_token_id`:128009 for open-end generation.
Setting `pad_token_id` to `eos_token_id`:128009 for open-end generation.
Setting `pad_token_id` to `eos_token_id`:128009 for open-end generation.
Setting `pad_token_id` to `eos_token_id`:128009 for open-end generation.
Setting `pad_token_id` to `eos_token_id`:128009 for open-end generation.
Setting `pad_token_id` to `eos_token_id`:128009 for open-end generation.
Setting `pad_token_id` to `eos_token_id`:128009 for open-end generation.
Setting `pad_token_id` to `eos_token_id`:128009 for open-end generation.
Setting `pad_token_id` to `eos_token_id`:128009 for open-end generation.
Setting `pad_token_id` to `eos_token_id`:128009 for open-end generation.
Setting `pad_token_id` to `eos_token_id`:128009 for open-end generation.
Setting `pad_token_id` to `eos_token_id`:128009 for open-end generation.
Setting `pad_token_id` to `eos_token_id`:128009 for open-end generation.
Setting `pad_token_id` to `eos_token_id`:128009 for open-end generation.
Setting `pad_token_id` to `eos_token_id`:128009 for open-end generation.
Setting `pad_token_id` to `eos_token_id`:128009 for open-end generation.
Setting `pad_token_id` to `eos_token_id`:128009 for open-end generation.
Setting `pad_token_id` to `eos_token_id`:128009 for open-end generation.
Setting `pad_token_id` to `eos_token_id`:128009 for open-end generation.
Setting `pad_token_id` to `eos_token_id`:128009 for open-end generation.
Setting `pad_token_id` to `eos_token_id`:128009 for open-end generation.
Setting `pad_token_id` to `eos_token_id`:128009 for open-end generation.
Setting `pad_token_id` to `eos_token_id`:128009 for open-end generation.
Setting `pad_token_id` to `eos_token_id`:128009 for open-end generation.
Setting `pad_token_id` to `eos_token_id`:128009 for open-end generation.
Setting `pad_token_id` to `eos_token_id`:128009 for open-end generation.
Setting `pad_token_id` to `eos_token_id`:128009 for open-end generation.
Setting `pad_token_id` to `eos_token_id`:128009 for open-end generation.
Setting `pad_token_id` to `eos_token_id`:128009 for open-end generation.
Setting `pad_token_id` to `eos_token_id`:128009 for open-end generation.
Setting `pad_token_id` to `eos_token_id`:128009 for open-end generation.
Setting `pad_token_id` to `eos_token_id`:128009 for open-end generation.
Setting `pad_token_id` to `eos_token_id`:128009 for open-end generation.
Setting `pad_token_id` to `eos_token_id`:128009 for open-end generation.
Setting `pad_token_id` to `eos_token_id`:128009 for open-end generation.
Setting `pad_token_id` to `eos_token_id`:128009 for open-end generation.
Setting `pad_token_id` to `eos_token_id`:128009 for open-end generation.
Setting `pad_token_id` to `eos_token_id`:128009 for open-end generation.
Setting `pad_token_id` to `eos_token_id`:128009 for open-end generation.
Setting `pad_token_id` to `eos_token_id`:128009 for open-end generation.
Setting `pad_token_id` to `eos_token_id`:128009 for open-end generation.
Setting `pad_token_id` to `eos_token_id`:128009 for open-end generation.
Setting `pad_token_id` to `eos_token_id`:128009 for open-end generation.
Setting `pad_token_id` to `eos_token_id`:128009 for open-end generation.
Setting `pad_token_id` to `eos_token_id`:128009 for open-end generation.
Setting `pad_token_id` to `eos_token_id`:128009 for open-end generation.
Setting `pad_token_id` to `eos_token_id`:128009 for open-end generation.
Setting `pad_token_id` to `eos_token_id`:128009 for open-end generation.
Setting `pad_token_id` to `eos_token_id`:128009 for open-end generation.
Setting `pad_token_id` to `eos_token_id`:128009 for open-end generation.
Setting `pad_token_id` to `eos_token_id`:128009 for open-end generation.
Setting `pad_token_id` to `eos_token_id`:128009 for open-end generation.
Setting `pad_token_id` to `eos_token_id`:128009 for open-end generation.
Setting `pad_token_id` to `eos_token_id`:128009 for open-end generation.
Setting `pad_token_id` to `eos_token_id`:128009 for open-end generation.
Setting `pad_token_id` to `eos_token_id`:128009 for open-end generation.
Setting `pad_token_id` to `eos_token_id`:128009 for open-end generation.
Setting `pad_token_id` to `eos_token_id`:128009 for open-end generation.
Setting `pad_token_id` to `eos_token_id`:128009 for open-end generation.
Setting `pad_token_id` to `eos_token_id`:128009 for open-end generation.
Setting `pad_token_id` to `eos_token_id`:128009 for open-end generation.
Setting `pad_token_id` to `eos_token_id`:128009 for open-end generation.
Setting `pad_token_id` to `eos_token_id`:128009 for open-end generation.
Setting `pad_token_id` to `eos_token_id`:128009 for open-end generation.
Setting `pad_token_id` to `eos_token_id`:128009 for open-end generation.
Setting `pad_token_id` to `eos_token_id`:128009 for open-end generation.
Setting `pad_token_id` to `eos_token_id`:128009 for open-end generation.
Setting `pad_token_id` to `eos_token_id`:128009 for open-end generation.
Setting `pad_token_id` to `eos_token_id`:128009 for open-end generation.
Setting `pad_token_id` to `eos_token_id`:128009 for open-end generation.
Setting `pad_token_id` to `eos_token_id`:128009 for open-end generation.
Setting `pad_token_id` to `eos_token_id`:128009 for open-end generation.
Setting `pad_token_id` to `eos_token_id`:128009 for open-end generation.
Setting `pad_token_id` to `eos_token_id`:128009 for open-end generation.
Setting `pad_token_id` to `eos_token_id`:128009 for open-end generation.
Setting `pad_token_id` to `eos_token_id`:128009 for open-end generation.
Setting `pad_token_id` to `eos_token_id`:128009 for open-end generation.
Setting `pad_token_id` to `eos_token_id`:128009 for open-end generation.
Setting `pad_token_id` to `eos_token_id`:128009 for open-end generation.
Setting `pad_token_id` to `eos_token_id`:128009 for open-end generation.
Setting `pad_token_id` to `eos_token_id`:128009 for open-end generation.
Setting `pad_token_id` to `eos_token_id`:128009 for open-end generation.
Setting `pad_token_id` to `eos_token_id`:128009 for open-end generation.
Setting `pad_token_id` to `eos_token_id`:128009 for open-end generation.
Setting `pad_token_id` to `eos_token_id`:128009 for open-end generation.
Setting `pad_token_id` to `eos_token_id`:128009 for open-end generation.
Setting `pad_token_id` to `eos_token_id`:128009 for open-end generation.
Setting `pad_token_id` to `eos_token_id`:128009 for open-end generation.
Setting `pad_token_id` to `eos_token_id`:128009 for open-end generation.
Setting `pad_token_id` to `eos_token_id`:128009 for open-end generation.
Setting `pad_token_id` to `eos_token_id`:128009 for open-end generation.
Setting `pad_token_id` to `eos_token_id`:128009 for open-end generation.
Setting `pad_token_id` to `eos_token_id`:128009 for open-end generation.
Setting `pad_token_id` to `eos_token_id`:128009 for open-end generation.
Setting `pad_token_id` to `eos_token_id`:128009 for open-end generation.
Setting `pad_token_id` to `eos_token_id`:128009 for open-end generation.
Setting `pad_token_id` to `eos_token_id`:128009 for open-end generation.
Setting `pad_token_id` to `eos_token_id`:128009 for open-end generation.
Setting `pad_token_id` to `eos_token_id`:128009 for open-end generation.
Setting `pad_token_id` to `eos_token_id`:128009 for open-end generation.
Setting `pad_token_id` to `eos_token_id`:128009 for open-end generation.
Setting `pad_token_id` to `eos_token_id`:128009 for open-end generation.
Setting `pad_token_id` to `eos_token_id`:128009 for open-end generation.
Setting `pad_token_id` to `eos_token_id`:128009 for open-end generation.
Setting `pad_token_id` to `eos_token_id`:128009 for open-end generation.
Setting `pad_token_id` to `eos_token_id`:128009 for open-end generation.
Setting `pad_token_id` to `eos_token_id`:128009 for open-end generation.
Setting `pad_token_id` to `eos_token_id`:128009 for open-end generation.
Setting `pad_token_id` to `eos_token_id`:128009 for open-end generation.
Setting `pad_token_id` to `eos_token_id`:128009 for open-end generation.
Setting `pad_token_id` to `eos_token_id`:128009 for open-end generation.
Setting `pad_token_id` to `eos_token_id`:128009 for open-end generation.
Setting `pad_token_id` to `eos_token_id`:128009 for open-end generation.
Setting `pad_token_id` to `eos_token_id`:128009 for open-end generation.
Setting `pad_token_id` to `eos_token_id`:128009 for open-end generation.
Setting `pad_token_id` to `eos_token_id`:128009 for open-end generation.
Setting `pad_token_id` to `eos_token_id`:128009 for open-end generation.
Setting `pad_token_id` to `eos_token_id`:128009 for open-end generation.
Setting `pad_token_id` to `eos_token_id`:128009 for open-end generation.
Setting `pad_token_id` to `eos_token_id`:128009 for open-end generation.
Setting `pad_token_id` to `eos_token_id`:128009 for open-end generation.
Setting `pad_token_id` to `eos_token_id`:128009 for open-end generation.
Setting `pad_token_id` to `eos_token_id`:128009 for open-end generation.
Setting `pad_token_id` to `eos_token_id`:128009 for open-end generation.
Setting `pad_token_id` to `eos_token_id`:128009 for open-end generation.
Setting `pad_token_id` to `eos_token_id`:128009 for open-end generation.
Setting `pad_token_id` to `eos_token_id`:128009 for open-end generation.
Setting `pad_token_id` to `eos_token_id`:128009 for open-end generation.
Setting `pad_token_id` to `eos_token_id`:128009 for open-end generation.
Setting `pad_token_id` to `eos_token_id`:128009 for open-end generation.
Setting `pad_token_id` to `eos_token_id`:128009 for open-end generation.
Setting `pad_token_id` to `eos_token_id`:128009 for open-end generation.
Setting `pad_token_id` to `eos_token_id`:128009 for open-end generation.
Setting `pad_token_id` to `eos_token_id`:128009 for open-end generation.
Setting `pad_token_id` to `eos_token_id`:128009 for open-end generation.
Setting `pad_token_id` to `eos_token_id`:128009 for open-end generation.
Setting `pad_token_id` to `eos_token_id`:128009 for open-end generation.
Setting `pad_token_id` to `eos_token_id`:128009 for open-end generation.
Setting `pad_token_id` to `eos_token_id`:128009 for open-end generation.
Setting `pad_token_id` to `eos_token_id`:128009 for open-end generation.
Setting `pad_token_id` to `eos_token_id`:128009 for open-end generation.
Setting `pad_token_id` to `eos_token_id`:128009 for open-end generation.
Setting `pad_token_id` to `eos_token_id`:128009 for open-end generation.
Setting `pad_token_id` to `eos_token_id`:128009 for open-end generation.
Setting `pad_token_id` to `eos_token_id`:128009 for open-end generation.
Setting `pad_token_id` to `eos_token_id`:128009 for open-end generation.
Setting `pad_token_id` to `eos_token_id`:128009 for open-end generation.
Setting `pad_token_id` to `eos_token_id`:128009 for open-end generation.
Setting `pad_token_id` to `eos_token_id`:128009 for open-end generation.
Setting `pad_token_id` to `eos_token_id`:128009 for open-end generation.
File: NCT03860090 

Das File: /work/eauten2s/ec_criteria_struct/lct/input/lct_txt/NCT03860090.txt wurde erfolgreich geladen.
Die Daten wurden erfolgreich in '/work/eauten2s/ec_criteria_struct/lct/evaluate/eval_p1/model_output/Llama-3-8B-Instruct_4_shot/output/Llama-3-8B-Instruct_NCT03860090_4_shot.txt' gespeichert.
File: NCT03860103 

Das File: /work/eauten2s/ec_criteria_struct/lct/input/lct_txt/NCT03860103.txt wurde erfolgreich geladen.
Die Daten wurden erfolgreich in '/work/eauten2s/ec_criteria_struct/lct/evaluate/eval_p1/model_output/Llama-3-8B-Instruct_4_shot/output/Llama-3-8B-Instruct_NCT03860103_4_shot.txt' gespeichert.
File: NCT03860116 

Das File: /work/eauten2s/ec_criteria_struct/lct/input/lct_txt/NCT03860116.txt wurde erfolgreich geladen.
Die Daten wurden erfolgreich in '/work/eauten2s/ec_criteria_struct/lct/evaluate/eval_p1/model_output/Llama-3-8B-Instruct_4_shot/output/Llama-3-8B-Instruct_NCT03860116_4_shot.txt' gespeichert.
File: NCT03860142 

Das File: /work/eauten2s/ec_criteria_struct/lct/input/lct_txt/NCT03860142.txt wurde erfolgreich geladen.
Die Daten wurden erfolgreich in '/work/eauten2s/ec_criteria_struct/lct/evaluate/eval_p1/model_output/Llama-3-8B-Instruct_4_shot/output/Llama-3-8B-Instruct_NCT03860142_4_shot.txt' gespeichert.
File: NCT03860168 

Das File: /work/eauten2s/ec_criteria_struct/lct/input/lct_txt/NCT03860168.txt wurde erfolgreich geladen.
Die Daten wurden erfolgreich in '/work/eauten2s/ec_criteria_struct/lct/evaluate/eval_p1/model_output/Llama-3-8B-Instruct_4_shot/output/Llama-3-8B-Instruct_NCT03860168_4_shot.txt' gespeichert.
File: NCT03860181 

Das File: /work/eauten2s/ec_criteria_struct/lct/input/lct_txt/NCT03860181.txt wurde erfolgreich geladen.
Die Daten wurden erfolgreich in '/work/eauten2s/ec_criteria_struct/lct/evaluate/eval_p1/model_output/Llama-3-8B-Instruct_4_shot/output/Llama-3-8B-Instruct_NCT03860181_4_shot.txt' gespeichert.
File: NCT03860194 

Das File: /work/eauten2s/ec_criteria_struct/lct/input/lct_txt/NCT03860194.txt wurde erfolgreich geladen.
Die Daten wurden erfolgreich in '/work/eauten2s/ec_criteria_struct/lct/evaluate/eval_p1/model_output/Llama-3-8B-Instruct_4_shot/output/Llama-3-8B-Instruct_NCT03860194_4_shot.txt' gespeichert.
File: NCT03860220 

Das File: /work/eauten2s/ec_criteria_struct/lct/input/lct_txt/NCT03860220.txt wurde erfolgreich geladen.
Die Daten wurden erfolgreich in '/work/eauten2s/ec_criteria_struct/lct/evaluate/eval_p1/model_output/Llama-3-8B-Instruct_4_shot/output/Llama-3-8B-Instruct_NCT03860220_4_shot.txt' gespeichert.
File: NCT03860233 

Das File: /work/eauten2s/ec_criteria_struct/lct/input/lct_txt/NCT03860233.txt wurde erfolgreich geladen.
Die Daten wurden erfolgreich in '/work/eauten2s/ec_criteria_struct/lct/evaluate/eval_p1/model_output/Llama-3-8B-Instruct_4_shot/output/Llama-3-8B-Instruct_NCT03860233_4_shot.txt' gespeichert.
File: NCT03860246 

Das File: /work/eauten2s/ec_criteria_struct/lct/input/lct_txt/NCT03860246.txt wurde erfolgreich geladen.
Die Daten wurden erfolgreich in '/work/eauten2s/ec_criteria_struct/lct/evaluate/eval_p1/model_output/Llama-3-8B-Instruct_4_shot/output/Llama-3-8B-Instruct_NCT03860246_4_shot.txt' gespeichert.
File: NCT03860259 

Das File: /work/eauten2s/ec_criteria_struct/lct/input/lct_txt/NCT03860259.txt wurde erfolgreich geladen.
Die Daten wurden erfolgreich in '/work/eauten2s/ec_criteria_struct/lct/evaluate/eval_p1/model_output/Llama-3-8B-Instruct_4_shot/output/Llama-3-8B-Instruct_NCT03860259_4_shot.txt' gespeichert.
File: NCT03860311 

Das File: /work/eauten2s/ec_criteria_struct/lct/input/lct_txt/NCT03860311.txt wurde erfolgreich geladen.
Die Daten wurden erfolgreich in '/work/eauten2s/ec_criteria_struct/lct/evaluate/eval_p1/model_output/Llama-3-8B-Instruct_4_shot/output/Llama-3-8B-Instruct_NCT03860311_4_shot.txt' gespeichert.
File: NCT03860324 

Das File: /work/eauten2s/ec_criteria_struct/lct/input/lct_txt/NCT03860324.txt wurde erfolgreich geladen.
Die Daten wurden erfolgreich in '/work/eauten2s/ec_criteria_struct/lct/evaluate/eval_p1/model_output/Llama-3-8B-Instruct_4_shot/output/Llama-3-8B-Instruct_NCT03860324_4_shot.txt' gespeichert.
File: NCT03860337 

Das File: /work/eauten2s/ec_criteria_struct/lct/input/lct_txt/NCT03860337.txt wurde erfolgreich geladen.
Die Daten wurden erfolgreich in '/work/eauten2s/ec_criteria_struct/lct/evaluate/eval_p1/model_output/Llama-3-8B-Instruct_4_shot/output/Llama-3-8B-Instruct_NCT03860337_4_shot.txt' gespeichert.
File: NCT03860350 

Das File: /work/eauten2s/ec_criteria_struct/lct/input/lct_txt/NCT03860350.txt wurde erfolgreich geladen.
Die Daten wurden erfolgreich in '/work/eauten2s/ec_criteria_struct/lct/evaluate/eval_p1/model_output/Llama-3-8B-Instruct_4_shot/output/Llama-3-8B-Instruct_NCT03860350_4_shot.txt' gespeichert.
File: NCT03860363 

Das File: /work/eauten2s/ec_criteria_struct/lct/input/lct_txt/NCT03860363.txt wurde erfolgreich geladen.
Die Daten wurden erfolgreich in '/work/eauten2s/ec_criteria_struct/lct/evaluate/eval_p1/model_output/Llama-3-8B-Instruct_4_shot/output/Llama-3-8B-Instruct_NCT03860363_4_shot.txt' gespeichert.
File: NCT03860376 

Das File: /work/eauten2s/ec_criteria_struct/lct/input/lct_txt/NCT03860376.txt wurde erfolgreich geladen.
Die Daten wurden erfolgreich in '/work/eauten2s/ec_criteria_struct/lct/evaluate/eval_p1/model_output/Llama-3-8B-Instruct_4_shot/output/Llama-3-8B-Instruct_NCT03860376_4_shot.txt' gespeichert.
File: NCT03860389 

Das File: /work/eauten2s/ec_criteria_struct/lct/input/lct_txt/NCT03860389.txt wurde erfolgreich geladen.
Die Daten wurden erfolgreich in '/work/eauten2s/ec_criteria_struct/lct/evaluate/eval_p1/model_output/Llama-3-8B-Instruct_4_shot/output/Llama-3-8B-Instruct_NCT03860389_4_shot.txt' gespeichert.
File: NCT03860402 

Das File: /work/eauten2s/ec_criteria_struct/lct/input/lct_txt/NCT03860402.txt wurde erfolgreich geladen.
Die Daten wurden erfolgreich in '/work/eauten2s/ec_criteria_struct/lct/evaluate/eval_p1/model_output/Llama-3-8B-Instruct_4_shot/output/Llama-3-8B-Instruct_NCT03860402_4_shot.txt' gespeichert.
File: NCT03860415 

Das File: /work/eauten2s/ec_criteria_struct/lct/input/lct_txt/NCT03860415.txt wurde erfolgreich geladen.
Die Daten wurden erfolgreich in '/work/eauten2s/ec_criteria_struct/lct/evaluate/eval_p1/model_output/Llama-3-8B-Instruct_4_shot/output/Llama-3-8B-Instruct_NCT03860415_4_shot.txt' gespeichert.
File: NCT03860428 

Das File: /work/eauten2s/ec_criteria_struct/lct/input/lct_txt/NCT03860428.txt wurde erfolgreich geladen.
Die Daten wurden erfolgreich in '/work/eauten2s/ec_criteria_struct/lct/evaluate/eval_p1/model_output/Llama-3-8B-Instruct_4_shot/output/Llama-3-8B-Instruct_NCT03860428_4_shot.txt' gespeichert.
File: NCT03860454 

Das File: /work/eauten2s/ec_criteria_struct/lct/input/lct_txt/NCT03860454.txt wurde erfolgreich geladen.
Die Daten wurden erfolgreich in '/work/eauten2s/ec_criteria_struct/lct/evaluate/eval_p1/model_output/Llama-3-8B-Instruct_4_shot/output/Llama-3-8B-Instruct_NCT03860454_4_shot.txt' gespeichert.
File: NCT03860467 

Das File: /work/eauten2s/ec_criteria_struct/lct/input/lct_txt/NCT03860467.txt wurde erfolgreich geladen.
Die Daten wurden erfolgreich in '/work/eauten2s/ec_criteria_struct/lct/evaluate/eval_p1/model_output/Llama-3-8B-Instruct_4_shot/output/Llama-3-8B-Instruct_NCT03860467_4_shot.txt' gespeichert.
File: NCT03860480 

Das File: /work/eauten2s/ec_criteria_struct/lct/input/lct_txt/NCT03860480.txt wurde erfolgreich geladen.
Die Daten wurden erfolgreich in '/work/eauten2s/ec_criteria_struct/lct/evaluate/eval_p1/model_output/Llama-3-8B-Instruct_4_shot/output/Llama-3-8B-Instruct_NCT03860480_4_shot.txt' gespeichert.
File: NCT03860493 

Das File: /work/eauten2s/ec_criteria_struct/lct/input/lct_txt/NCT03860493.txt wurde erfolgreich geladen.
Die Daten wurden erfolgreich in '/work/eauten2s/ec_criteria_struct/lct/evaluate/eval_p1/model_output/Llama-3-8B-Instruct_4_shot/output/Llama-3-8B-Instruct_NCT03860493_4_shot.txt' gespeichert.
File: NCT03860545 

Das File: /work/eauten2s/ec_criteria_struct/lct/input/lct_txt/NCT03860545.txt wurde erfolgreich geladen.
Die Daten wurden erfolgreich in '/work/eauten2s/ec_criteria_struct/lct/evaluate/eval_p1/model_output/Llama-3-8B-Instruct_4_shot/output/Llama-3-8B-Instruct_NCT03860545_4_shot.txt' gespeichert.
File: NCT03860584 

Das File: /work/eauten2s/ec_criteria_struct/lct/input/lct_txt/NCT03860584.txt wurde erfolgreich geladen.
Die Daten wurden erfolgreich in '/work/eauten2s/ec_criteria_struct/lct/evaluate/eval_p1/model_output/Llama-3-8B-Instruct_4_shot/output/Llama-3-8B-Instruct_NCT03860584_4_shot.txt' gespeichert.
File: NCT03860597 

Das File: /work/eauten2s/ec_criteria_struct/lct/input/lct_txt/NCT03860597.txt wurde erfolgreich geladen.
Die Daten wurden erfolgreich in '/work/eauten2s/ec_criteria_struct/lct/evaluate/eval_p1/model_output/Llama-3-8B-Instruct_4_shot/output/Llama-3-8B-Instruct_NCT03860597_4_shot.txt' gespeichert.
File: NCT03860610 

Das File: /work/eauten2s/ec_criteria_struct/lct/input/lct_txt/NCT03860610.txt wurde erfolgreich geladen.
Die Daten wurden erfolgreich in '/work/eauten2s/ec_criteria_struct/lct/evaluate/eval_p1/model_output/Llama-3-8B-Instruct_4_shot/output/Llama-3-8B-Instruct_NCT03860610_4_shot.txt' gespeichert.
File: NCT03860623 

Das File: /work/eauten2s/ec_criteria_struct/lct/input/lct_txt/NCT03860623.txt wurde erfolgreich geladen.
Die Daten wurden erfolgreich in '/work/eauten2s/ec_criteria_struct/lct/evaluate/eval_p1/model_output/Llama-3-8B-Instruct_4_shot/output/Llama-3-8B-Instruct_NCT03860623_4_shot.txt' gespeichert.
File: NCT03860662 

Das File: /work/eauten2s/ec_criteria_struct/lct/input/lct_txt/NCT03860662.txt wurde erfolgreich geladen.
Die Daten wurden erfolgreich in '/work/eauten2s/ec_criteria_struct/lct/evaluate/eval_p1/model_output/Llama-3-8B-Instruct_4_shot/output/Llama-3-8B-Instruct_NCT03860662_4_shot.txt' gespeichert.
File: NCT03860688 

Das File: /work/eauten2s/ec_criteria_struct/lct/input/lct_txt/NCT03860688.txt wurde erfolgreich geladen.
Die Daten wurden erfolgreich in '/work/eauten2s/ec_criteria_struct/lct/evaluate/eval_p1/model_output/Llama-3-8B-Instruct_4_shot/output/Llama-3-8B-Instruct_NCT03860688_4_shot.txt' gespeichert.
File: NCT03860701 

Das File: /work/eauten2s/ec_criteria_struct/lct/input/lct_txt/NCT03860701.txt wurde erfolgreich geladen.
Die Daten wurden erfolgreich in '/work/eauten2s/ec_criteria_struct/lct/evaluate/eval_p1/model_output/Llama-3-8B-Instruct_4_shot/output/Llama-3-8B-Instruct_NCT03860701_4_shot.txt' gespeichert.
File: NCT03860714 

Das File: /work/eauten2s/ec_criteria_struct/lct/input/lct_txt/NCT03860714.txt wurde erfolgreich geladen.
Die Daten wurden erfolgreich in '/work/eauten2s/ec_criteria_struct/lct/evaluate/eval_p1/model_output/Llama-3-8B-Instruct_4_shot/output/Llama-3-8B-Instruct_NCT03860714_4_shot.txt' gespeichert.
File: NCT03860753 

Das File: /work/eauten2s/ec_criteria_struct/lct/input/lct_txt/NCT03860753.txt wurde erfolgreich geladen.
Die Daten wurden erfolgreich in '/work/eauten2s/ec_criteria_struct/lct/evaluate/eval_p1/model_output/Llama-3-8B-Instruct_4_shot/output/Llama-3-8B-Instruct_NCT03860753_4_shot.txt' gespeichert.
File: NCT03860766 

Das File: /work/eauten2s/ec_criteria_struct/lct/input/lct_txt/NCT03860766.txt wurde erfolgreich geladen.
Die Daten wurden erfolgreich in '/work/eauten2s/ec_criteria_struct/lct/evaluate/eval_p1/model_output/Llama-3-8B-Instruct_4_shot/output/Llama-3-8B-Instruct_NCT03860766_4_shot.txt' gespeichert.
File: NCT03860779 

Das File: /work/eauten2s/ec_criteria_struct/lct/input/lct_txt/NCT03860779.txt wurde erfolgreich geladen.
Die Daten wurden erfolgreich in '/work/eauten2s/ec_criteria_struct/lct/evaluate/eval_p1/model_output/Llama-3-8B-Instruct_4_shot/output/Llama-3-8B-Instruct_NCT03860779_4_shot.txt' gespeichert.
File: NCT03860792 

Das File: /work/eauten2s/ec_criteria_struct/lct/input/lct_txt/NCT03860792.txt wurde erfolgreich geladen.
Die Daten wurden erfolgreich in '/work/eauten2s/ec_criteria_struct/lct/evaluate/eval_p1/model_output/Llama-3-8B-Instruct_4_shot/output/Llama-3-8B-Instruct_NCT03860792_4_shot.txt' gespeichert.
File: NCT03860857 

Das File: /work/eauten2s/ec_criteria_struct/lct/input/lct_txt/NCT03860857.txt wurde erfolgreich geladen.
Die Daten wurden erfolgreich in '/work/eauten2s/ec_criteria_struct/lct/evaluate/eval_p1/model_output/Llama-3-8B-Instruct_4_shot/output/Llama-3-8B-Instruct_NCT03860857_4_shot.txt' gespeichert.
File: NCT03860870 

Das File: /work/eauten2s/ec_criteria_struct/lct/input/lct_txt/NCT03860870.txt wurde erfolgreich geladen.
Die Daten wurden erfolgreich in '/work/eauten2s/ec_criteria_struct/lct/evaluate/eval_p1/model_output/Llama-3-8B-Instruct_4_shot/output/Llama-3-8B-Instruct_NCT03860870_4_shot.txt' gespeichert.
File: NCT03860896 

Das File: /work/eauten2s/ec_criteria_struct/lct/input/lct_txt/NCT03860896.txt wurde erfolgreich geladen.
Die Daten wurden erfolgreich in '/work/eauten2s/ec_criteria_struct/lct/evaluate/eval_p1/model_output/Llama-3-8B-Instruct_4_shot/output/Llama-3-8B-Instruct_NCT03860896_4_shot.txt' gespeichert.
File: NCT03860909 

Das File: /work/eauten2s/ec_criteria_struct/lct/input/lct_txt/NCT03860909.txt wurde erfolgreich geladen.
Die Daten wurden erfolgreich in '/work/eauten2s/ec_criteria_struct/lct/evaluate/eval_p1/model_output/Llama-3-8B-Instruct_4_shot/output/Llama-3-8B-Instruct_NCT03860909_4_shot.txt' gespeichert.
File: NCT03860922 

Das File: /work/eauten2s/ec_criteria_struct/lct/input/lct_txt/NCT03860922.txt wurde erfolgreich geladen.
Die Daten wurden erfolgreich in '/work/eauten2s/ec_criteria_struct/lct/evaluate/eval_p1/model_output/Llama-3-8B-Instruct_4_shot/output/Llama-3-8B-Instruct_NCT03860922_4_shot.txt' gespeichert.
File: NCT03860974 

Das File: /work/eauten2s/ec_criteria_struct/lct/input/lct_txt/NCT03860974.txt wurde erfolgreich geladen.
Die Daten wurden erfolgreich in '/work/eauten2s/ec_criteria_struct/lct/evaluate/eval_p1/model_output/Llama-3-8B-Instruct_4_shot/output/Llama-3-8B-Instruct_NCT03860974_4_shot.txt' gespeichert.
File: NCT03861065 

Das File: /work/eauten2s/ec_criteria_struct/lct/input/lct_txt/NCT03861065.txt wurde erfolgreich geladen.
Die Daten wurden erfolgreich in '/work/eauten2s/ec_criteria_struct/lct/evaluate/eval_p1/model_output/Llama-3-8B-Instruct_4_shot/output/Llama-3-8B-Instruct_NCT03861065_4_shot.txt' gespeichert.
File: NCT03861078 

Das File: /work/eauten2s/ec_criteria_struct/lct/input/lct_txt/NCT03861078.txt wurde erfolgreich geladen.
Die Daten wurden erfolgreich in '/work/eauten2s/ec_criteria_struct/lct/evaluate/eval_p1/model_output/Llama-3-8B-Instruct_4_shot/output/Llama-3-8B-Instruct_NCT03861078_4_shot.txt' gespeichert.
File: NCT03861104 

Das File: /work/eauten2s/ec_criteria_struct/lct/input/lct_txt/NCT03861104.txt wurde erfolgreich geladen.
Die Daten wurden erfolgreich in '/work/eauten2s/ec_criteria_struct/lct/evaluate/eval_p1/model_output/Llama-3-8B-Instruct_4_shot/output/Llama-3-8B-Instruct_NCT03861104_4_shot.txt' gespeichert.
File: NCT03861117 

Das File: /work/eauten2s/ec_criteria_struct/lct/input/lct_txt/NCT03861117.txt wurde erfolgreich geladen.
Die Daten wurden erfolgreich in '/work/eauten2s/ec_criteria_struct/lct/evaluate/eval_p1/model_output/Llama-3-8B-Instruct_4_shot/output/Llama-3-8B-Instruct_NCT03861117_4_shot.txt' gespeichert.
File: NCT03861130 

Das File: /work/eauten2s/ec_criteria_struct/lct/input/lct_txt/NCT03861130.txt wurde erfolgreich geladen.
Die Daten wurden erfolgreich in '/work/eauten2s/ec_criteria_struct/lct/evaluate/eval_p1/model_output/Llama-3-8B-Instruct_4_shot/output/Llama-3-8B-Instruct_NCT03861130_4_shot.txt' gespeichert.
File: NCT03861156 

Das File: /work/eauten2s/ec_criteria_struct/lct/input/lct_txt/NCT03861156.txt wurde erfolgreich geladen.
Die Daten wurden erfolgreich in '/work/eauten2s/ec_criteria_struct/lct/evaluate/eval_p1/model_output/Llama-3-8B-Instruct_4_shot/output/Llama-3-8B-Instruct_NCT03861156_4_shot.txt' gespeichert.
File: NCT03861182 

Das File: /work/eauten2s/ec_criteria_struct/lct/input/lct_txt/NCT03861182.txt wurde erfolgreich geladen.
Die Daten wurden erfolgreich in '/work/eauten2s/ec_criteria_struct/lct/evaluate/eval_p1/model_output/Llama-3-8B-Instruct_4_shot/output/Llama-3-8B-Instruct_NCT03861182_4_shot.txt' gespeichert.
File: NCT03861195 

Das File: /work/eauten2s/ec_criteria_struct/lct/input/lct_txt/NCT03861195.txt wurde erfolgreich geladen.
Die Daten wurden erfolgreich in '/work/eauten2s/ec_criteria_struct/lct/evaluate/eval_p1/model_output/Llama-3-8B-Instruct_4_shot/output/Llama-3-8B-Instruct_NCT03861195_4_shot.txt' gespeichert.
File: NCT03861208 

Das File: /work/eauten2s/ec_criteria_struct/lct/input/lct_txt/NCT03861208.txt wurde erfolgreich geladen.
Die Daten wurden erfolgreich in '/work/eauten2s/ec_criteria_struct/lct/evaluate/eval_p1/model_output/Llama-3-8B-Instruct_4_shot/output/Llama-3-8B-Instruct_NCT03861208_4_shot.txt' gespeichert.
File: NCT03861221 

Das File: /work/eauten2s/ec_criteria_struct/lct/input/lct_txt/NCT03861221.txt wurde erfolgreich geladen.
Die Daten wurden erfolgreich in '/work/eauten2s/ec_criteria_struct/lct/evaluate/eval_p1/model_output/Llama-3-8B-Instruct_4_shot/output/Llama-3-8B-Instruct_NCT03861221_4_shot.txt' gespeichert.
File: NCT03861286 

Das File: /work/eauten2s/ec_criteria_struct/lct/input/lct_txt/NCT03861286.txt wurde erfolgreich geladen.
Die Daten wurden erfolgreich in '/work/eauten2s/ec_criteria_struct/lct/evaluate/eval_p1/model_output/Llama-3-8B-Instruct_4_shot/output/Llama-3-8B-Instruct_NCT03861286_4_shot.txt' gespeichert.
File: NCT03861299 

Das File: /work/eauten2s/ec_criteria_struct/lct/input/lct_txt/NCT03861299.txt wurde erfolgreich geladen.
Die Daten wurden erfolgreich in '/work/eauten2s/ec_criteria_struct/lct/evaluate/eval_p1/model_output/Llama-3-8B-Instruct_4_shot/output/Llama-3-8B-Instruct_NCT03861299_4_shot.txt' gespeichert.
File: NCT03861312 

Das File: /work/eauten2s/ec_criteria_struct/lct/input/lct_txt/NCT03861312.txt wurde erfolgreich geladen.
Die Daten wurden erfolgreich in '/work/eauten2s/ec_criteria_struct/lct/evaluate/eval_p1/model_output/Llama-3-8B-Instruct_4_shot/output/Llama-3-8B-Instruct_NCT03861312_4_shot.txt' gespeichert.
File: NCT03861325 

Das File: /work/eauten2s/ec_criteria_struct/lct/input/lct_txt/NCT03861325.txt wurde erfolgreich geladen.
Die Daten wurden erfolgreich in '/work/eauten2s/ec_criteria_struct/lct/evaluate/eval_p1/model_output/Llama-3-8B-Instruct_4_shot/output/Llama-3-8B-Instruct_NCT03861325_4_shot.txt' gespeichert.
File: NCT03861377 

Das File: /work/eauten2s/ec_criteria_struct/lct/input/lct_txt/NCT03861377.txt wurde erfolgreich geladen.
Die Daten wurden erfolgreich in '/work/eauten2s/ec_criteria_struct/lct/evaluate/eval_p1/model_output/Llama-3-8B-Instruct_4_shot/output/Llama-3-8B-Instruct_NCT03861377_4_shot.txt' gespeichert.
File: NCT03861429 

Das File: /work/eauten2s/ec_criteria_struct/lct/input/lct_txt/NCT03861429.txt wurde erfolgreich geladen.
Die Daten wurden erfolgreich in '/work/eauten2s/ec_criteria_struct/lct/evaluate/eval_p1/model_output/Llama-3-8B-Instruct_4_shot/output/Llama-3-8B-Instruct_NCT03861429_4_shot.txt' gespeichert.
File: NCT03861442 

Das File: /work/eauten2s/ec_criteria_struct/lct/input/lct_txt/NCT03861442.txt wurde erfolgreich geladen.
Die Daten wurden erfolgreich in '/work/eauten2s/ec_criteria_struct/lct/evaluate/eval_p1/model_output/Llama-3-8B-Instruct_4_shot/output/Llama-3-8B-Instruct_NCT03861442_4_shot.txt' gespeichert.
File: NCT03861468 

Das File: /work/eauten2s/ec_criteria_struct/lct/input/lct_txt/NCT03861468.txt wurde erfolgreich geladen.
Die Daten wurden erfolgreich in '/work/eauten2s/ec_criteria_struct/lct/evaluate/eval_p1/model_output/Llama-3-8B-Instruct_4_shot/output/Llama-3-8B-Instruct_NCT03861468_4_shot.txt' gespeichert.
File: NCT03861494 

Das File: /work/eauten2s/ec_criteria_struct/lct/input/lct_txt/NCT03861494.txt wurde erfolgreich geladen.
Die Daten wurden erfolgreich in '/work/eauten2s/ec_criteria_struct/lct/evaluate/eval_p1/model_output/Llama-3-8B-Instruct_4_shot/output/Llama-3-8B-Instruct_NCT03861494_4_shot.txt' gespeichert.
File: NCT03861507 

Das File: /work/eauten2s/ec_criteria_struct/lct/input/lct_txt/NCT03861507.txt wurde erfolgreich geladen.
Die Daten wurden erfolgreich in '/work/eauten2s/ec_criteria_struct/lct/evaluate/eval_p1/model_output/Llama-3-8B-Instruct_4_shot/output/Llama-3-8B-Instruct_NCT03861507_4_shot.txt' gespeichert.
File: NCT03861520 

Das File: /work/eauten2s/ec_criteria_struct/lct/input/lct_txt/NCT03861520.txt wurde erfolgreich geladen.
Die Daten wurden erfolgreich in '/work/eauten2s/ec_criteria_struct/lct/evaluate/eval_p1/model_output/Llama-3-8B-Instruct_4_shot/output/Llama-3-8B-Instruct_NCT03861520_4_shot.txt' gespeichert.
File: NCT03861533 

Das File: /work/eauten2s/ec_criteria_struct/lct/input/lct_txt/NCT03861533.txt wurde erfolgreich geladen.
Die Daten wurden erfolgreich in '/work/eauten2s/ec_criteria_struct/lct/evaluate/eval_p1/model_output/Llama-3-8B-Instruct_4_shot/output/Llama-3-8B-Instruct_NCT03861533_4_shot.txt' gespeichert.
File: NCT03861546 

Das File: /work/eauten2s/ec_criteria_struct/lct/input/lct_txt/NCT03861546.txt wurde erfolgreich geladen.
Die Daten wurden erfolgreich in '/work/eauten2s/ec_criteria_struct/lct/evaluate/eval_p1/model_output/Llama-3-8B-Instruct_4_shot/output/Llama-3-8B-Instruct_NCT03861546_4_shot.txt' gespeichert.
File: NCT03861559 

Das File: /work/eauten2s/ec_criteria_struct/lct/input/lct_txt/NCT03861559.txt wurde erfolgreich geladen.
Die Daten wurden erfolgreich in '/work/eauten2s/ec_criteria_struct/lct/evaluate/eval_p1/model_output/Llama-3-8B-Instruct_4_shot/output/Llama-3-8B-Instruct_NCT03861559_4_shot.txt' gespeichert.
File: NCT03861572 

Das File: /work/eauten2s/ec_criteria_struct/lct/input/lct_txt/NCT03861572.txt wurde erfolgreich geladen.
Die Daten wurden erfolgreich in '/work/eauten2s/ec_criteria_struct/lct/evaluate/eval_p1/model_output/Llama-3-8B-Instruct_4_shot/output/Llama-3-8B-Instruct_NCT03861572_4_shot.txt' gespeichert.
File: NCT03861585 

Das File: /work/eauten2s/ec_criteria_struct/lct/input/lct_txt/NCT03861585.txt wurde erfolgreich geladen.
Die Daten wurden erfolgreich in '/work/eauten2s/ec_criteria_struct/lct/evaluate/eval_p1/model_output/Llama-3-8B-Instruct_4_shot/output/Llama-3-8B-Instruct_NCT03861585_4_shot.txt' gespeichert.
File: NCT03861598 

Das File: /work/eauten2s/ec_criteria_struct/lct/input/lct_txt/NCT03861598.txt wurde erfolgreich geladen.
Die Daten wurden erfolgreich in '/work/eauten2s/ec_criteria_struct/lct/evaluate/eval_p1/model_output/Llama-3-8B-Instruct_4_shot/output/Llama-3-8B-Instruct_NCT03861598_4_shot.txt' gespeichert.
File: NCT03861611 

Das File: /work/eauten2s/ec_criteria_struct/lct/input/lct_txt/NCT03861611.txt wurde erfolgreich geladen.
Die Daten wurden erfolgreich in '/work/eauten2s/ec_criteria_struct/lct/evaluate/eval_p1/model_output/Llama-3-8B-Instruct_4_shot/output/Llama-3-8B-Instruct_NCT03861611_4_shot.txt' gespeichert.
File: NCT03861624 

Das File: /work/eauten2s/ec_criteria_struct/lct/input/lct_txt/NCT03861624.txt wurde erfolgreich geladen.
Die Daten wurden erfolgreich in '/work/eauten2s/ec_criteria_struct/lct/evaluate/eval_p1/model_output/Llama-3-8B-Instruct_4_shot/output/Llama-3-8B-Instruct_NCT03861624_4_shot.txt' gespeichert.
File: NCT03861637 

Das File: /work/eauten2s/ec_criteria_struct/lct/input/lct_txt/NCT03861637.txt wurde erfolgreich geladen.
Die Daten wurden erfolgreich in '/work/eauten2s/ec_criteria_struct/lct/evaluate/eval_p1/model_output/Llama-3-8B-Instruct_4_shot/output/Llama-3-8B-Instruct_NCT03861637_4_shot.txt' gespeichert.
File: NCT03861650 

Das File: /work/eauten2s/ec_criteria_struct/lct/input/lct_txt/NCT03861650.txt wurde erfolgreich geladen.
Die Daten wurden erfolgreich in '/work/eauten2s/ec_criteria_struct/lct/evaluate/eval_p1/model_output/Llama-3-8B-Instruct_4_shot/output/Llama-3-8B-Instruct_NCT03861650_4_shot.txt' gespeichert.
File: NCT03861676 

Das File: /work/eauten2s/ec_criteria_struct/lct/input/lct_txt/NCT03861676.txt wurde erfolgreich geladen.
Die Daten wurden erfolgreich in '/work/eauten2s/ec_criteria_struct/lct/evaluate/eval_p1/model_output/Llama-3-8B-Instruct_4_shot/output/Llama-3-8B-Instruct_NCT03861676_4_shot.txt' gespeichert.
File: NCT03861689 

Das File: /work/eauten2s/ec_criteria_struct/lct/input/lct_txt/NCT03861689.txt wurde erfolgreich geladen.
Die Daten wurden erfolgreich in '/work/eauten2s/ec_criteria_struct/lct/evaluate/eval_p1/model_output/Llama-3-8B-Instruct_4_shot/output/Llama-3-8B-Instruct_NCT03861689_4_shot.txt' gespeichert.
File: NCT03861715 

Das File: /work/eauten2s/ec_criteria_struct/lct/input/lct_txt/NCT03861715.txt wurde erfolgreich geladen.
Die Daten wurden erfolgreich in '/work/eauten2s/ec_criteria_struct/lct/evaluate/eval_p1/model_output/Llama-3-8B-Instruct_4_shot/output/Llama-3-8B-Instruct_NCT03861715_4_shot.txt' gespeichert.
File: NCT03861741 

Das File: /work/eauten2s/ec_criteria_struct/lct/input/lct_txt/NCT03861741.txt wurde erfolgreich geladen.
Die Daten wurden erfolgreich in '/work/eauten2s/ec_criteria_struct/lct/evaluate/eval_p1/model_output/Llama-3-8B-Instruct_4_shot/output/Llama-3-8B-Instruct_NCT03861741_4_shot.txt' gespeichert.
File: NCT03861754 

Das File: /work/eauten2s/ec_criteria_struct/lct/input/lct_txt/NCT03861754.txt wurde erfolgreich geladen.
Die Daten wurden erfolgreich in '/work/eauten2s/ec_criteria_struct/lct/evaluate/eval_p1/model_output/Llama-3-8B-Instruct_4_shot/output/Llama-3-8B-Instruct_NCT03861754_4_shot.txt' gespeichert.
File: NCT03861806 

Das File: /work/eauten2s/ec_criteria_struct/lct/input/lct_txt/NCT03861806.txt wurde erfolgreich geladen.
Die Daten wurden erfolgreich in '/work/eauten2s/ec_criteria_struct/lct/evaluate/eval_p1/model_output/Llama-3-8B-Instruct_4_shot/output/Llama-3-8B-Instruct_NCT03861806_4_shot.txt' gespeichert.
File: NCT03861819 

Das File: /work/eauten2s/ec_criteria_struct/lct/input/lct_txt/NCT03861819.txt wurde erfolgreich geladen.
Die Daten wurden erfolgreich in '/work/eauten2s/ec_criteria_struct/lct/evaluate/eval_p1/model_output/Llama-3-8B-Instruct_4_shot/output/Llama-3-8B-Instruct_NCT03861819_4_shot.txt' gespeichert.
File: NCT03861845 

Das File: /work/eauten2s/ec_criteria_struct/lct/input/lct_txt/NCT03861845.txt wurde erfolgreich geladen.
Die Daten wurden erfolgreich in '/work/eauten2s/ec_criteria_struct/lct/evaluate/eval_p1/model_output/Llama-3-8B-Instruct_4_shot/output/Llama-3-8B-Instruct_NCT03861845_4_shot.txt' gespeichert.
File: NCT03861858 

Das File: /work/eauten2s/ec_criteria_struct/lct/input/lct_txt/NCT03861858.txt wurde erfolgreich geladen.
Die Daten wurden erfolgreich in '/work/eauten2s/ec_criteria_struct/lct/evaluate/eval_p1/model_output/Llama-3-8B-Instruct_4_shot/output/Llama-3-8B-Instruct_NCT03861858_4_shot.txt' gespeichert.
File: NCT03861884 

Das File: /work/eauten2s/ec_criteria_struct/lct/input/lct_txt/NCT03861884.txt wurde erfolgreich geladen.
Die Daten wurden erfolgreich in '/work/eauten2s/ec_criteria_struct/lct/evaluate/eval_p1/model_output/Llama-3-8B-Instruct_4_shot/output/Llama-3-8B-Instruct_NCT03861884_4_shot.txt' gespeichert.
File: NCT03861910 

Das File: /work/eauten2s/ec_criteria_struct/lct/input/lct_txt/NCT03861910.txt wurde erfolgreich geladen.
Die Daten wurden erfolgreich in '/work/eauten2s/ec_criteria_struct/lct/evaluate/eval_p1/model_output/Llama-3-8B-Instruct_4_shot/output/Llama-3-8B-Instruct_NCT03861910_4_shot.txt' gespeichert.
File: NCT03861923 

Das File: /work/eauten2s/ec_criteria_struct/lct/input/lct_txt/NCT03861923.txt wurde erfolgreich geladen.
Die Daten wurden erfolgreich in '/work/eauten2s/ec_criteria_struct/lct/evaluate/eval_p1/model_output/Llama-3-8B-Instruct_4_shot/output/Llama-3-8B-Instruct_NCT03861923_4_shot.txt' gespeichert.
File: NCT03861949 

Das File: /work/eauten2s/ec_criteria_struct/lct/input/lct_txt/NCT03861949.txt wurde erfolgreich geladen.
Die Daten wurden erfolgreich in '/work/eauten2s/ec_criteria_struct/lct/evaluate/eval_p1/model_output/Llama-3-8B-Instruct_4_shot/output/Llama-3-8B-Instruct_NCT03861949_4_shot.txt' gespeichert.
File: NCT03861962 

Das File: /work/eauten2s/ec_criteria_struct/lct/input/lct_txt/NCT03861962.txt wurde erfolgreich geladen.
Die Daten wurden erfolgreich in '/work/eauten2s/ec_criteria_struct/lct/evaluate/eval_p1/model_output/Llama-3-8B-Instruct_4_shot/output/Llama-3-8B-Instruct_NCT03861962_4_shot.txt' gespeichert.
File: NCT03861975 

Das File: /work/eauten2s/ec_criteria_struct/lct/input/lct_txt/NCT03861975.txt wurde erfolgreich geladen.
Die Daten wurden erfolgreich in '/work/eauten2s/ec_criteria_struct/lct/evaluate/eval_p1/model_output/Llama-3-8B-Instruct_4_shot/output/Llama-3-8B-Instruct_NCT03861975_4_shot.txt' gespeichert.
File: NCT03861988 

Das File: /work/eauten2s/ec_criteria_struct/lct/input/lct_txt/NCT03861988.txt wurde erfolgreich geladen.
Die Daten wurden erfolgreich in '/work/eauten2s/ec_criteria_struct/lct/evaluate/eval_p1/model_output/Llama-3-8B-Instruct_4_shot/output/Llama-3-8B-Instruct_NCT03861988_4_shot.txt' gespeichert.
File: NCT03862001 

Das File: /work/eauten2s/ec_criteria_struct/lct/input/lct_txt/NCT03862001.txt wurde erfolgreich geladen.
Die Daten wurden erfolgreich in '/work/eauten2s/ec_criteria_struct/lct/evaluate/eval_p1/model_output/Llama-3-8B-Instruct_4_shot/output/Llama-3-8B-Instruct_NCT03862001_4_shot.txt' gespeichert.
File: NCT03862014 

Das File: /work/eauten2s/ec_criteria_struct/lct/input/lct_txt/NCT03862014.txt wurde erfolgreich geladen.
Die Daten wurden erfolgreich in '/work/eauten2s/ec_criteria_struct/lct/evaluate/eval_p1/model_output/Llama-3-8B-Instruct_4_shot/output/Llama-3-8B-Instruct_NCT03862014_4_shot.txt' gespeichert.
File: NCT03862027 

Das File: /work/eauten2s/ec_criteria_struct/lct/input/lct_txt/NCT03862027.txt wurde erfolgreich geladen.
Die Daten wurden erfolgreich in '/work/eauten2s/ec_criteria_struct/lct/evaluate/eval_p1/model_output/Llama-3-8B-Instruct_4_shot/output/Llama-3-8B-Instruct_NCT03862027_4_shot.txt' gespeichert.
File: NCT03862066 

Das File: /work/eauten2s/ec_criteria_struct/lct/input/lct_txt/NCT03862066.txt wurde erfolgreich geladen.
Die Daten wurden erfolgreich in '/work/eauten2s/ec_criteria_struct/lct/evaluate/eval_p1/model_output/Llama-3-8B-Instruct_4_shot/output/Llama-3-8B-Instruct_NCT03862066_4_shot.txt' gespeichert.
File: NCT03862079 

Das File: /work/eauten2s/ec_criteria_struct/lct/input/lct_txt/NCT03862079.txt wurde erfolgreich geladen.
Die Daten wurden erfolgreich in '/work/eauten2s/ec_criteria_struct/lct/evaluate/eval_p1/model_output/Llama-3-8B-Instruct_4_shot/output/Llama-3-8B-Instruct_NCT03862079_4_shot.txt' gespeichert.
File: NCT03862092 

Das File: /work/eauten2s/ec_criteria_struct/lct/input/lct_txt/NCT03862092.txt wurde erfolgreich geladen.
Die Daten wurden erfolgreich in '/work/eauten2s/ec_criteria_struct/lct/evaluate/eval_p1/model_output/Llama-3-8B-Instruct_4_shot/output/Llama-3-8B-Instruct_NCT03862092_4_shot.txt' gespeichert.
File: NCT03862105 

Das File: /work/eauten2s/ec_criteria_struct/lct/input/lct_txt/NCT03862105.txt wurde erfolgreich geladen.
Die Daten wurden erfolgreich in '/work/eauten2s/ec_criteria_struct/lct/evaluate/eval_p1/model_output/Llama-3-8B-Instruct_4_shot/output/Llama-3-8B-Instruct_NCT03862105_4_shot.txt' gespeichert.
File: NCT03862118 

Das File: /work/eauten2s/ec_criteria_struct/lct/input/lct_txt/NCT03862118.txt wurde erfolgreich geladen.
Die Daten wurden erfolgreich in '/work/eauten2s/ec_criteria_struct/lct/evaluate/eval_p1/model_output/Llama-3-8B-Instruct_4_shot/output/Llama-3-8B-Instruct_NCT03862118_4_shot.txt' gespeichert.
File: NCT03862131 

Das File: /work/eauten2s/ec_criteria_struct/lct/input/lct_txt/NCT03862131.txt wurde erfolgreich geladen.
Die Daten wurden erfolgreich in '/work/eauten2s/ec_criteria_struct/lct/evaluate/eval_p1/model_output/Llama-3-8B-Instruct_4_shot/output/Llama-3-8B-Instruct_NCT03862131_4_shot.txt' gespeichert.
File: NCT03862183 

Das File: /work/eauten2s/ec_criteria_struct/lct/input/lct_txt/NCT03862183.txt wurde erfolgreich geladen.
Die Daten wurden erfolgreich in '/work/eauten2s/ec_criteria_struct/lct/evaluate/eval_p1/model_output/Llama-3-8B-Instruct_4_shot/output/Llama-3-8B-Instruct_NCT03862183_4_shot.txt' gespeichert.
File: NCT03862209 

Das File: /work/eauten2s/ec_criteria_struct/lct/input/lct_txt/NCT03862209.txt wurde erfolgreich geladen.
Die Daten wurden erfolgreich in '/work/eauten2s/ec_criteria_struct/lct/evaluate/eval_p1/model_output/Llama-3-8B-Instruct_4_shot/output/Llama-3-8B-Instruct_NCT03862209_4_shot.txt' gespeichert.
File: NCT03862235 

Das File: /work/eauten2s/ec_criteria_struct/lct/input/lct_txt/NCT03862235.txt wurde erfolgreich geladen.
Die Daten wurden erfolgreich in '/work/eauten2s/ec_criteria_struct/lct/evaluate/eval_p1/model_output/Llama-3-8B-Instruct_4_shot/output/Llama-3-8B-Instruct_NCT03862235_4_shot.txt' gespeichert.
File: NCT03862248 

Das File: /work/eauten2s/ec_criteria_struct/lct/input/lct_txt/NCT03862248.txt wurde erfolgreich geladen.
Die Daten wurden erfolgreich in '/work/eauten2s/ec_criteria_struct/lct/evaluate/eval_p1/model_output/Llama-3-8B-Instruct_4_shot/output/Llama-3-8B-Instruct_NCT03862248_4_shot.txt' gespeichert.
File: NCT03862261 

Das File: /work/eauten2s/ec_criteria_struct/lct/input/lct_txt/NCT03862261.txt wurde erfolgreich geladen.
Die Daten wurden erfolgreich in '/work/eauten2s/ec_criteria_struct/lct/evaluate/eval_p1/model_output/Llama-3-8B-Instruct_4_shot/output/Llama-3-8B-Instruct_NCT03862261_4_shot.txt' gespeichert.
File: NCT03862274 

Das File: /work/eauten2s/ec_criteria_struct/lct/input/lct_txt/NCT03862274.txt wurde erfolgreich geladen.
Die Daten wurden erfolgreich in '/work/eauten2s/ec_criteria_struct/lct/evaluate/eval_p1/model_output/Llama-3-8B-Instruct_4_shot/output/Llama-3-8B-Instruct_NCT03862274_4_shot.txt' gespeichert.
File: NCT03862287 

Das File: /work/eauten2s/ec_criteria_struct/lct/input/lct_txt/NCT03862287.txt wurde erfolgreich geladen.
Die Daten wurden erfolgreich in '/work/eauten2s/ec_criteria_struct/lct/evaluate/eval_p1/model_output/Llama-3-8B-Instruct_4_shot/output/Llama-3-8B-Instruct_NCT03862287_4_shot.txt' gespeichert.
File: NCT03862326 

Das File: /work/eauten2s/ec_criteria_struct/lct/input/lct_txt/NCT03862326.txt wurde erfolgreich geladen.
Die Daten wurden erfolgreich in '/work/eauten2s/ec_criteria_struct/lct/evaluate/eval_p1/model_output/Llama-3-8B-Instruct_4_shot/output/Llama-3-8B-Instruct_NCT03862326_4_shot.txt' gespeichert.
File: NCT03862352 

Das File: /work/eauten2s/ec_criteria_struct/lct/input/lct_txt/NCT03862352.txt wurde erfolgreich geladen.
Die Daten wurden erfolgreich in '/work/eauten2s/ec_criteria_struct/lct/evaluate/eval_p1/model_output/Llama-3-8B-Instruct_4_shot/output/Llama-3-8B-Instruct_NCT03862352_4_shot.txt' gespeichert.
File: NCT03862378 

Das File: /work/eauten2s/ec_criteria_struct/lct/input/lct_txt/NCT03862378.txt wurde erfolgreich geladen.
Die Daten wurden erfolgreich in '/work/eauten2s/ec_criteria_struct/lct/evaluate/eval_p1/model_output/Llama-3-8B-Instruct_4_shot/output/Llama-3-8B-Instruct_NCT03862378_4_shot.txt' gespeichert.
File: NCT03862391 

Das File: /work/eauten2s/ec_criteria_struct/lct/input/lct_txt/NCT03862391.txt wurde erfolgreich geladen.
Die Daten wurden erfolgreich in '/work/eauten2s/ec_criteria_struct/lct/evaluate/eval_p1/model_output/Llama-3-8B-Instruct_4_shot/output/Llama-3-8B-Instruct_NCT03862391_4_shot.txt' gespeichert.
File: NCT03862404 

Das File: /work/eauten2s/ec_criteria_struct/lct/input/lct_txt/NCT03862404.txt wurde erfolgreich geladen.
Die Daten wurden erfolgreich in '/work/eauten2s/ec_criteria_struct/lct/evaluate/eval_p1/model_output/Llama-3-8B-Instruct_4_shot/output/Llama-3-8B-Instruct_NCT03862404_4_shot.txt' gespeichert.
File: NCT03862417 

Das File: /work/eauten2s/ec_criteria_struct/lct/input/lct_txt/NCT03862417.txt wurde erfolgreich geladen.
Die Daten wurden erfolgreich in '/work/eauten2s/ec_criteria_struct/lct/evaluate/eval_p1/model_output/Llama-3-8B-Instruct_4_shot/output/Llama-3-8B-Instruct_NCT03862417_4_shot.txt' gespeichert.
File: NCT03862443 

Das File: /work/eauten2s/ec_criteria_struct/lct/input/lct_txt/NCT03862443.txt wurde erfolgreich geladen.
Die Daten wurden erfolgreich in '/work/eauten2s/ec_criteria_struct/lct/evaluate/eval_p1/model_output/Llama-3-8B-Instruct_4_shot/output/Llama-3-8B-Instruct_NCT03862443_4_shot.txt' gespeichert.
File: NCT03862456 

Das File: /work/eauten2s/ec_criteria_struct/lct/input/lct_txt/NCT03862456.txt wurde erfolgreich geladen.
Die Daten wurden erfolgreich in '/work/eauten2s/ec_criteria_struct/lct/evaluate/eval_p1/model_output/Llama-3-8B-Instruct_4_shot/output/Llama-3-8B-Instruct_NCT03862456_4_shot.txt' gespeichert.
File: NCT03862469 

Das File: /work/eauten2s/ec_criteria_struct/lct/input/lct_txt/NCT03862469.txt wurde erfolgreich geladen.
Die Daten wurden erfolgreich in '/work/eauten2s/ec_criteria_struct/lct/evaluate/eval_p1/model_output/Llama-3-8B-Instruct_4_shot/output/Llama-3-8B-Instruct_NCT03862469_4_shot.txt' gespeichert.
File: NCT03862482 

Das File: /work/eauten2s/ec_criteria_struct/lct/input/lct_txt/NCT03862482.txt wurde erfolgreich geladen.
Die Daten wurden erfolgreich in '/work/eauten2s/ec_criteria_struct/lct/evaluate/eval_p1/model_output/Llama-3-8B-Instruct_4_shot/output/Llama-3-8B-Instruct_NCT03862482_4_shot.txt' gespeichert.
File: NCT03862495 

Das File: /work/eauten2s/ec_criteria_struct/lct/input/lct_txt/NCT03862495.txt wurde erfolgreich geladen.
Die Daten wurden erfolgreich in '/work/eauten2s/ec_criteria_struct/lct/evaluate/eval_p1/model_output/Llama-3-8B-Instruct_4_shot/output/Llama-3-8B-Instruct_NCT03862495_4_shot.txt' gespeichert.
File: NCT03862508 

Das File: /work/eauten2s/ec_criteria_struct/lct/input/lct_txt/NCT03862508.txt wurde erfolgreich geladen.
Die Daten wurden erfolgreich in '/work/eauten2s/ec_criteria_struct/lct/evaluate/eval_p1/model_output/Llama-3-8B-Instruct_4_shot/output/Llama-3-8B-Instruct_NCT03862508_4_shot.txt' gespeichert.
File: NCT03862521 

Das File: /work/eauten2s/ec_criteria_struct/lct/input/lct_txt/NCT03862521.txt wurde erfolgreich geladen.
Die Daten wurden erfolgreich in '/work/eauten2s/ec_criteria_struct/lct/evaluate/eval_p1/model_output/Llama-3-8B-Instruct_4_shot/output/Llama-3-8B-Instruct_NCT03862521_4_shot.txt' gespeichert.
File: NCT03862534 

Das File: /work/eauten2s/ec_criteria_struct/lct/input/lct_txt/NCT03862534.txt wurde erfolgreich geladen.
Die Daten wurden erfolgreich in '/work/eauten2s/ec_criteria_struct/lct/evaluate/eval_p1/model_output/Llama-3-8B-Instruct_4_shot/output/Llama-3-8B-Instruct_NCT03862534_4_shot.txt' gespeichert.
File: NCT03862547 

Das File: /work/eauten2s/ec_criteria_struct/lct/input/lct_txt/NCT03862547.txt wurde erfolgreich geladen.
Die Daten wurden erfolgreich in '/work/eauten2s/ec_criteria_struct/lct/evaluate/eval_p1/model_output/Llama-3-8B-Instruct_4_shot/output/Llama-3-8B-Instruct_NCT03862547_4_shot.txt' gespeichert.
File: NCT03862560 

Das File: /work/eauten2s/ec_criteria_struct/lct/input/lct_txt/NCT03862560.txt wurde erfolgreich geladen.
Die Daten wurden erfolgreich in '/work/eauten2s/ec_criteria_struct/lct/evaluate/eval_p1/model_output/Llama-3-8B-Instruct_4_shot/output/Llama-3-8B-Instruct_NCT03862560_4_shot.txt' gespeichert.
File: NCT03862573 

Das File: /work/eauten2s/ec_criteria_struct/lct/input/lct_txt/NCT03862573.txt wurde erfolgreich geladen.
Die Daten wurden erfolgreich in '/work/eauten2s/ec_criteria_struct/lct/evaluate/eval_p1/model_output/Llama-3-8B-Instruct_4_shot/output/Llama-3-8B-Instruct_NCT03862573_4_shot.txt' gespeichert.
File: NCT03862612 

Das File: /work/eauten2s/ec_criteria_struct/lct/input/lct_txt/NCT03862612.txt wurde erfolgreich geladen.
Die Daten wurden erfolgreich in '/work/eauten2s/ec_criteria_struct/lct/evaluate/eval_p1/model_output/Llama-3-8B-Instruct_4_shot/output/Llama-3-8B-Instruct_NCT03862612_4_shot.txt' gespeichert.
File: NCT03862625 

Das File: /work/eauten2s/ec_criteria_struct/lct/input/lct_txt/NCT03862625.txt wurde erfolgreich geladen.
Die Daten wurden erfolgreich in '/work/eauten2s/ec_criteria_struct/lct/evaluate/eval_p1/model_output/Llama-3-8B-Instruct_4_shot/output/Llama-3-8B-Instruct_NCT03862625_4_shot.txt' gespeichert.
File: NCT03862638 

Das File: /work/eauten2s/ec_criteria_struct/lct/input/lct_txt/NCT03862638.txt wurde erfolgreich geladen.
Die Daten wurden erfolgreich in '/work/eauten2s/ec_criteria_struct/lct/evaluate/eval_p1/model_output/Llama-3-8B-Instruct_4_shot/output/Llama-3-8B-Instruct_NCT03862638_4_shot.txt' gespeichert.
File: NCT03862664 

Das File: /work/eauten2s/ec_criteria_struct/lct/input/lct_txt/NCT03862664.txt wurde erfolgreich geladen.
Die Daten wurden erfolgreich in '/work/eauten2s/ec_criteria_struct/lct/evaluate/eval_p1/model_output/Llama-3-8B-Instruct_4_shot/output/Llama-3-8B-Instruct_NCT03862664_4_shot.txt' gespeichert.
File: NCT03862677 

Das File: /work/eauten2s/ec_criteria_struct/lct/input/lct_txt/NCT03862677.txt wurde erfolgreich geladen.
Die Daten wurden erfolgreich in '/work/eauten2s/ec_criteria_struct/lct/evaluate/eval_p1/model_output/Llama-3-8B-Instruct_4_shot/output/Llama-3-8B-Instruct_NCT03862677_4_shot.txt' gespeichert.
File: NCT03862690 

Das File: /work/eauten2s/ec_criteria_struct/lct/input/lct_txt/NCT03862690.txt wurde erfolgreich geladen.
Die Daten wurden erfolgreich in '/work/eauten2s/ec_criteria_struct/lct/evaluate/eval_p1/model_output/Llama-3-8B-Instruct_4_shot/output/Llama-3-8B-Instruct_NCT03862690_4_shot.txt' gespeichert.
File: NCT03862703 

Das File: /work/eauten2s/ec_criteria_struct/lct/input/lct_txt/NCT03862703.txt wurde erfolgreich geladen.
Die Daten wurden erfolgreich in '/work/eauten2s/ec_criteria_struct/lct/evaluate/eval_p1/model_output/Llama-3-8B-Instruct_4_shot/output/Llama-3-8B-Instruct_NCT03862703_4_shot.txt' gespeichert.
File: NCT03862742 

Das File: /work/eauten2s/ec_criteria_struct/lct/input/lct_txt/NCT03862742.txt wurde erfolgreich geladen.
Die Daten wurden erfolgreich in '/work/eauten2s/ec_criteria_struct/lct/evaluate/eval_p1/model_output/Llama-3-8B-Instruct_4_shot/output/Llama-3-8B-Instruct_NCT03862742_4_shot.txt' gespeichert.
File: NCT03862755 

Das File: /work/eauten2s/ec_criteria_struct/lct/input/lct_txt/NCT03862755.txt wurde erfolgreich geladen.
Die Daten wurden erfolgreich in '/work/eauten2s/ec_criteria_struct/lct/evaluate/eval_p1/model_output/Llama-3-8B-Instruct_4_shot/output/Llama-3-8B-Instruct_NCT03862755_4_shot.txt' gespeichert.
File: NCT03862781 

Das File: /work/eauten2s/ec_criteria_struct/lct/input/lct_txt/NCT03862781.txt wurde erfolgreich geladen.
Die Daten wurden erfolgreich in '/work/eauten2s/ec_criteria_struct/lct/evaluate/eval_p1/model_output/Llama-3-8B-Instruct_4_shot/output/Llama-3-8B-Instruct_NCT03862781_4_shot.txt' gespeichert.
File: NCT03862807 

Das File: /work/eauten2s/ec_criteria_struct/lct/input/lct_txt/NCT03862807.txt wurde erfolgreich geladen.
Die Daten wurden erfolgreich in '/work/eauten2s/ec_criteria_struct/lct/evaluate/eval_p1/model_output/Llama-3-8B-Instruct_4_shot/output/Llama-3-8B-Instruct_NCT03862807_4_shot.txt' gespeichert.
File: NCT03862820 

Das File: /work/eauten2s/ec_criteria_struct/lct/input/lct_txt/NCT03862820.txt wurde erfolgreich geladen.
Die Daten wurden erfolgreich in '/work/eauten2s/ec_criteria_struct/lct/evaluate/eval_p1/model_output/Llama-3-8B-Instruct_4_shot/output/Llama-3-8B-Instruct_NCT03862820_4_shot.txt' gespeichert.
File: NCT03862846 

Das File: /work/eauten2s/ec_criteria_struct/lct/input/lct_txt/NCT03862846.txt wurde erfolgreich geladen.
Die Daten wurden erfolgreich in '/work/eauten2s/ec_criteria_struct/lct/evaluate/eval_p1/model_output/Llama-3-8B-Instruct_4_shot/output/Llama-3-8B-Instruct_NCT03862846_4_shot.txt' gespeichert.
File: NCT03862898 

Das File: /work/eauten2s/ec_criteria_struct/lct/input/lct_txt/NCT03862898.txt wurde erfolgreich geladen.
Die Daten wurden erfolgreich in '/work/eauten2s/ec_criteria_struct/lct/evaluate/eval_p1/model_output/Llama-3-8B-Instruct_4_shot/output/Llama-3-8B-Instruct_NCT03862898_4_shot.txt' gespeichert.
File: NCT03862924 

Das File: /work/eauten2s/ec_criteria_struct/lct/input/lct_txt/NCT03862924.txt wurde erfolgreich geladen.
Die Daten wurden erfolgreich in '/work/eauten2s/ec_criteria_struct/lct/evaluate/eval_p1/model_output/Llama-3-8B-Instruct_4_shot/output/Llama-3-8B-Instruct_NCT03862924_4_shot.txt' gespeichert.
File: NCT03862937 

Das File: /work/eauten2s/ec_criteria_struct/lct/input/lct_txt/NCT03862937.txt wurde erfolgreich geladen.
Die Daten wurden erfolgreich in '/work/eauten2s/ec_criteria_struct/lct/evaluate/eval_p1/model_output/Llama-3-8B-Instruct_4_shot/output/Llama-3-8B-Instruct_NCT03862937_4_shot.txt' gespeichert.
File: NCT03862963 

Das File: /work/eauten2s/ec_criteria_struct/lct/input/lct_txt/NCT03862963.txt wurde erfolgreich geladen.
Die Daten wurden erfolgreich in '/work/eauten2s/ec_criteria_struct/lct/evaluate/eval_p1/model_output/Llama-3-8B-Instruct_4_shot/output/Llama-3-8B-Instruct_NCT03862963_4_shot.txt' gespeichert.
File: NCT03862976 

Das File: /work/eauten2s/ec_criteria_struct/lct/input/lct_txt/NCT03862976.txt wurde erfolgreich geladen.
Die Daten wurden erfolgreich in '/work/eauten2s/ec_criteria_struct/lct/evaluate/eval_p1/model_output/Llama-3-8B-Instruct_4_shot/output/Llama-3-8B-Instruct_NCT03862976_4_shot.txt' gespeichert.
File: NCT03862989 

Das File: /work/eauten2s/ec_criteria_struct/lct/input/lct_txt/NCT03862989.txt wurde erfolgreich geladen.
Die Daten wurden erfolgreich in '/work/eauten2s/ec_criteria_struct/lct/evaluate/eval_p1/model_output/Llama-3-8B-Instruct_4_shot/output/Llama-3-8B-Instruct_NCT03862989_4_shot.txt' gespeichert.
File: NCT03863015 

Das File: /work/eauten2s/ec_criteria_struct/lct/input/lct_txt/NCT03863015.txt wurde erfolgreich geladen.
Die Daten wurden erfolgreich in '/work/eauten2s/ec_criteria_struct/lct/evaluate/eval_p1/model_output/Llama-3-8B-Instruct_4_shot/output/Llama-3-8B-Instruct_NCT03863015_4_shot.txt' gespeichert.
File: NCT03863067 

Das File: /work/eauten2s/ec_criteria_struct/lct/input/lct_txt/NCT03863067.txt wurde erfolgreich geladen.
Die Daten wurden erfolgreich in '/work/eauten2s/ec_criteria_struct/lct/evaluate/eval_p1/model_output/Llama-3-8B-Instruct_4_shot/output/Llama-3-8B-Instruct_NCT03863067_4_shot.txt' gespeichert.
File: NCT03863080 

Das File: /work/eauten2s/ec_criteria_struct/lct/input/lct_txt/NCT03863080.txt wurde erfolgreich geladen.
Die Daten wurden erfolgreich in '/work/eauten2s/ec_criteria_struct/lct/evaluate/eval_p1/model_output/Llama-3-8B-Instruct_4_shot/output/Llama-3-8B-Instruct_NCT03863080_4_shot.txt' gespeichert.
File: NCT03863158 

Das File: /work/eauten2s/ec_criteria_struct/lct/input/lct_txt/NCT03863158.txt wurde erfolgreich geladen.
Die Daten wurden erfolgreich in '/work/eauten2s/ec_criteria_struct/lct/evaluate/eval_p1/model_output/Llama-3-8B-Instruct_4_shot/output/Llama-3-8B-Instruct_NCT03863158_4_shot.txt' gespeichert.
File: NCT03863171 

Das File: /work/eauten2s/ec_criteria_struct/lct/input/lct_txt/NCT03863171.txt wurde erfolgreich geladen.
Die Daten wurden erfolgreich in '/work/eauten2s/ec_criteria_struct/lct/evaluate/eval_p1/model_output/Llama-3-8B-Instruct_4_shot/output/Llama-3-8B-Instruct_NCT03863171_4_shot.txt' gespeichert.
File: NCT03863197 

Das File: /work/eauten2s/ec_criteria_struct/lct/input/lct_txt/NCT03863197.txt wurde erfolgreich geladen.
Die Daten wurden erfolgreich in '/work/eauten2s/ec_criteria_struct/lct/evaluate/eval_p1/model_output/Llama-3-8B-Instruct_4_shot/output/Llama-3-8B-Instruct_NCT03863197_4_shot.txt' gespeichert.
File: NCT03863210 

Das File: /work/eauten2s/ec_criteria_struct/lct/input/lct_txt/NCT03863210.txt wurde erfolgreich geladen.
Die Daten wurden erfolgreich in '/work/eauten2s/ec_criteria_struct/lct/evaluate/eval_p1/model_output/Llama-3-8B-Instruct_4_shot/output/Llama-3-8B-Instruct_NCT03863210_4_shot.txt' gespeichert.
File: NCT03863223 

Das File: /work/eauten2s/ec_criteria_struct/lct/input/lct_txt/NCT03863223.txt wurde erfolgreich geladen.
Die Daten wurden erfolgreich in '/work/eauten2s/ec_criteria_struct/lct/evaluate/eval_p1/model_output/Llama-3-8B-Instruct_4_shot/output/Llama-3-8B-Instruct_NCT03863223_4_shot.txt' gespeichert.
File: NCT03863236 

Das File: /work/eauten2s/ec_criteria_struct/lct/input/lct_txt/NCT03863236.txt wurde erfolgreich geladen.
Die Daten wurden erfolgreich in '/work/eauten2s/ec_criteria_struct/lct/evaluate/eval_p1/model_output/Llama-3-8B-Instruct_4_shot/output/Llama-3-8B-Instruct_NCT03863236_4_shot.txt' gespeichert.
File: NCT03863249 

Das File: /work/eauten2s/ec_criteria_struct/lct/input/lct_txt/NCT03863249.txt wurde erfolgreich geladen.
Die Daten wurden erfolgreich in '/work/eauten2s/ec_criteria_struct/lct/evaluate/eval_p1/model_output/Llama-3-8B-Instruct_4_shot/output/Llama-3-8B-Instruct_NCT03863249_4_shot.txt' gespeichert.
File: NCT03863262 

Das File: /work/eauten2s/ec_criteria_struct/lct/input/lct_txt/NCT03863262.txt wurde erfolgreich geladen.
Die Daten wurden erfolgreich in '/work/eauten2s/ec_criteria_struct/lct/evaluate/eval_p1/model_output/Llama-3-8B-Instruct_4_shot/output/Llama-3-8B-Instruct_NCT03863262_4_shot.txt' gespeichert.
File: NCT03863275 

Das File: /work/eauten2s/ec_criteria_struct/lct/input/lct_txt/NCT03863275.txt wurde erfolgreich geladen.
Die Daten wurden erfolgreich in '/work/eauten2s/ec_criteria_struct/lct/evaluate/eval_p1/model_output/Llama-3-8B-Instruct_4_shot/output/Llama-3-8B-Instruct_NCT03863275_4_shot.txt' gespeichert.
File: NCT03863314 

Das File: /work/eauten2s/ec_criteria_struct/lct/input/lct_txt/NCT03863314.txt wurde erfolgreich geladen.
Die Daten wurden erfolgreich in '/work/eauten2s/ec_criteria_struct/lct/evaluate/eval_p1/model_output/Llama-3-8B-Instruct_4_shot/output/Llama-3-8B-Instruct_NCT03863314_4_shot.txt' gespeichert.
File: NCT03863327 

Das File: /work/eauten2s/ec_criteria_struct/lct/input/lct_txt/NCT03863327.txt wurde erfolgreich geladen.
Die Daten wurden erfolgreich in '/work/eauten2s/ec_criteria_struct/lct/evaluate/eval_p1/model_output/Llama-3-8B-Instruct_4_shot/output/Llama-3-8B-Instruct_NCT03863327_4_shot.txt' gespeichert.
File: NCT03863353 

Das File: /work/eauten2s/ec_criteria_struct/lct/input/lct_txt/NCT03863353.txt wurde erfolgreich geladen.
Die Daten wurden erfolgreich in '/work/eauten2s/ec_criteria_struct/lct/evaluate/eval_p1/model_output/Llama-3-8B-Instruct_4_shot/output/Llama-3-8B-Instruct_NCT03863353_4_shot.txt' gespeichert.
File: NCT03863366 

Das File: /work/eauten2s/ec_criteria_struct/lct/input/lct_txt/NCT03863366.txt wurde erfolgreich geladen.
Die Daten wurden erfolgreich in '/work/eauten2s/ec_criteria_struct/lct/evaluate/eval_p1/model_output/Llama-3-8B-Instruct_4_shot/output/Llama-3-8B-Instruct_NCT03863366_4_shot.txt' gespeichert.
File: NCT03863379 

Das File: /work/eauten2s/ec_criteria_struct/lct/input/lct_txt/NCT03863379.txt wurde erfolgreich geladen.
Die Daten wurden erfolgreich in '/work/eauten2s/ec_criteria_struct/lct/evaluate/eval_p1/model_output/Llama-3-8B-Instruct_4_shot/output/Llama-3-8B-Instruct_NCT03863379_4_shot.txt' gespeichert.
File: NCT03863392 

Das File: /work/eauten2s/ec_criteria_struct/lct/input/lct_txt/NCT03863392.txt wurde erfolgreich geladen.
Die Daten wurden erfolgreich in '/work/eauten2s/ec_criteria_struct/lct/evaluate/eval_p1/model_output/Llama-3-8B-Instruct_4_shot/output/Llama-3-8B-Instruct_NCT03863392_4_shot.txt' gespeichert.
File: NCT03863405 

Das File: /work/eauten2s/ec_criteria_struct/lct/input/lct_txt/NCT03863405.txt wurde erfolgreich geladen.
Die Daten wurden erfolgreich in '/work/eauten2s/ec_criteria_struct/lct/evaluate/eval_p1/model_output/Llama-3-8B-Instruct_4_shot/output/Llama-3-8B-Instruct_NCT03863405_4_shot.txt' gespeichert.
File: NCT03863418 

Das File: /work/eauten2s/ec_criteria_struct/lct/input/lct_txt/NCT03863418.txt wurde erfolgreich geladen.
Die Daten wurden erfolgreich in '/work/eauten2s/ec_criteria_struct/lct/evaluate/eval_p1/model_output/Llama-3-8B-Instruct_4_shot/output/Llama-3-8B-Instruct_NCT03863418_4_shot.txt' gespeichert.
File: NCT03863431 

Das File: /work/eauten2s/ec_criteria_struct/lct/input/lct_txt/NCT03863431.txt wurde erfolgreich geladen.
Die Daten wurden erfolgreich in '/work/eauten2s/ec_criteria_struct/lct/evaluate/eval_p1/model_output/Llama-3-8B-Instruct_4_shot/output/Llama-3-8B-Instruct_NCT03863431_4_shot.txt' gespeichert.
File: NCT03863444 

Das File: /work/eauten2s/ec_criteria_struct/lct/input/lct_txt/NCT03863444.txt wurde erfolgreich geladen.
Die Daten wurden erfolgreich in '/work/eauten2s/ec_criteria_struct/lct/evaluate/eval_p1/model_output/Llama-3-8B-Instruct_4_shot/output/Llama-3-8B-Instruct_NCT03863444_4_shot.txt' gespeichert.
File: NCT03863457 

Das File: /work/eauten2s/ec_criteria_struct/lct/input/lct_txt/NCT03863457.txt wurde erfolgreich geladen.
Die Daten wurden erfolgreich in '/work/eauten2s/ec_criteria_struct/lct/evaluate/eval_p1/model_output/Llama-3-8B-Instruct_4_shot/output/Llama-3-8B-Instruct_NCT03863457_4_shot.txt' gespeichert.
File: NCT03863470 

Das File: /work/eauten2s/ec_criteria_struct/lct/input/lct_txt/NCT03863470.txt wurde erfolgreich geladen.
Die Daten wurden erfolgreich in '/work/eauten2s/ec_criteria_struct/lct/evaluate/eval_p1/model_output/Llama-3-8B-Instruct_4_shot/output/Llama-3-8B-Instruct_NCT03863470_4_shot.txt' gespeichert.
File: NCT03863496 

Das File: /work/eauten2s/ec_criteria_struct/lct/input/lct_txt/NCT03863496.txt wurde erfolgreich geladen.
Die Daten wurden erfolgreich in '/work/eauten2s/ec_criteria_struct/lct/evaluate/eval_p1/model_output/Llama-3-8B-Instruct_4_shot/output/Llama-3-8B-Instruct_NCT03863496_4_shot.txt' gespeichert.
File: NCT03863509 

Das File: /work/eauten2s/ec_criteria_struct/lct/input/lct_txt/NCT03863509.txt wurde erfolgreich geladen.
Die Daten wurden erfolgreich in '/work/eauten2s/ec_criteria_struct/lct/evaluate/eval_p1/model_output/Llama-3-8B-Instruct_4_shot/output/Llama-3-8B-Instruct_NCT03863509_4_shot.txt' gespeichert.
File: NCT03863522 

Das File: /work/eauten2s/ec_criteria_struct/lct/input/lct_txt/NCT03863522.txt wurde erfolgreich geladen.
Die Daten wurden erfolgreich in '/work/eauten2s/ec_criteria_struct/lct/evaluate/eval_p1/model_output/Llama-3-8B-Instruct_4_shot/output/Llama-3-8B-Instruct_NCT03863522_4_shot.txt' gespeichert.
File: NCT03863535 

Das File: /work/eauten2s/ec_criteria_struct/lct/input/lct_txt/NCT03863535.txt wurde erfolgreich geladen.
Die Daten wurden erfolgreich in '/work/eauten2s/ec_criteria_struct/lct/evaluate/eval_p1/model_output/Llama-3-8B-Instruct_4_shot/output/Llama-3-8B-Instruct_NCT03863535_4_shot.txt' gespeichert.
File: NCT03863548 

Das File: /work/eauten2s/ec_criteria_struct/lct/input/lct_txt/NCT03863548.txt wurde erfolgreich geladen.
Die Daten wurden erfolgreich in '/work/eauten2s/ec_criteria_struct/lct/evaluate/eval_p1/model_output/Llama-3-8B-Instruct_4_shot/output/Llama-3-8B-Instruct_NCT03863548_4_shot.txt' gespeichert.
File: NCT03863561 

Das File: /work/eauten2s/ec_criteria_struct/lct/input/lct_txt/NCT03863561.txt wurde erfolgreich geladen.
Die Daten wurden erfolgreich in '/work/eauten2s/ec_criteria_struct/lct/evaluate/eval_p1/model_output/Llama-3-8B-Instruct_4_shot/output/Llama-3-8B-Instruct_NCT03863561_4_shot.txt' gespeichert.
File: NCT03863600 

Das File: /work/eauten2s/ec_criteria_struct/lct/input/lct_txt/NCT03863600.txt wurde erfolgreich geladen.
Die Daten wurden erfolgreich in '/work/eauten2s/ec_criteria_struct/lct/evaluate/eval_p1/model_output/Llama-3-8B-Instruct_4_shot/output/Llama-3-8B-Instruct_NCT03863600_4_shot.txt' gespeichert.
File: NCT03863613 

Das File: /work/eauten2s/ec_criteria_struct/lct/input/lct_txt/NCT03863613.txt wurde erfolgreich geladen.
Die Daten wurden erfolgreich in '/work/eauten2s/ec_criteria_struct/lct/evaluate/eval_p1/model_output/Llama-3-8B-Instruct_4_shot/output/Llama-3-8B-Instruct_NCT03863613_4_shot.txt' gespeichert.
File: NCT03863626 

Das File: /work/eauten2s/ec_criteria_struct/lct/input/lct_txt/NCT03863626.txt wurde erfolgreich geladen.
Die Daten wurden erfolgreich in '/work/eauten2s/ec_criteria_struct/lct/evaluate/eval_p1/model_output/Llama-3-8B-Instruct_4_shot/output/Llama-3-8B-Instruct_NCT03863626_4_shot.txt' gespeichert.
File: NCT03863639 

Das File: /work/eauten2s/ec_criteria_struct/lct/input/lct_txt/NCT03863639.txt wurde erfolgreich geladen.
Die Daten wurden erfolgreich in '/work/eauten2s/ec_criteria_struct/lct/evaluate/eval_p1/model_output/Llama-3-8B-Instruct_4_shot/output/Llama-3-8B-Instruct_NCT03863639_4_shot.txt' gespeichert.
File: NCT03863652 

Das File: /work/eauten2s/ec_criteria_struct/lct/input/lct_txt/NCT03863652.txt wurde erfolgreich geladen.
Die Daten wurden erfolgreich in '/work/eauten2s/ec_criteria_struct/lct/evaluate/eval_p1/model_output/Llama-3-8B-Instruct_4_shot/output/Llama-3-8B-Instruct_NCT03863652_4_shot.txt' gespeichert.
File: NCT03863678 

Das File: /work/eauten2s/ec_criteria_struct/lct/input/lct_txt/NCT03863678.txt wurde erfolgreich geladen.
Die Daten wurden erfolgreich in '/work/eauten2s/ec_criteria_struct/lct/evaluate/eval_p1/model_output/Llama-3-8B-Instruct_4_shot/output/Llama-3-8B-Instruct_NCT03863678_4_shot.txt' gespeichert.
File: NCT03863691 

Das File: /work/eauten2s/ec_criteria_struct/lct/input/lct_txt/NCT03863691.txt wurde erfolgreich geladen.
Die Daten wurden erfolgreich in '/work/eauten2s/ec_criteria_struct/lct/evaluate/eval_p1/model_output/Llama-3-8B-Instruct_4_shot/output/Llama-3-8B-Instruct_NCT03863691_4_shot.txt' gespeichert.
File: NCT03863717 

Das File: /work/eauten2s/ec_criteria_struct/lct/input/lct_txt/NCT03863717.txt wurde erfolgreich geladen.
Die Daten wurden erfolgreich in '/work/eauten2s/ec_criteria_struct/lct/evaluate/eval_p1/model_output/Llama-3-8B-Instruct_4_shot/output/Llama-3-8B-Instruct_NCT03863717_4_shot.txt' gespeichert.
File: NCT03863730 

Das File: /work/eauten2s/ec_criteria_struct/lct/input/lct_txt/NCT03863730.txt wurde erfolgreich geladen.
Die Daten wurden erfolgreich in '/work/eauten2s/ec_criteria_struct/lct/evaluate/eval_p1/model_output/Llama-3-8B-Instruct_4_shot/output/Llama-3-8B-Instruct_NCT03863730_4_shot.txt' gespeichert.
File: NCT03863743 

Das File: /work/eauten2s/ec_criteria_struct/lct/input/lct_txt/NCT03863743.txt wurde erfolgreich geladen.
Die Daten wurden erfolgreich in '/work/eauten2s/ec_criteria_struct/lct/evaluate/eval_p1/model_output/Llama-3-8B-Instruct_4_shot/output/Llama-3-8B-Instruct_NCT03863743_4_shot.txt' gespeichert.
File: NCT03863756 

Das File: /work/eauten2s/ec_criteria_struct/lct/input/lct_txt/NCT03863756.txt wurde erfolgreich geladen.
Die Daten wurden erfolgreich in '/work/eauten2s/ec_criteria_struct/lct/evaluate/eval_p1/model_output/Llama-3-8B-Instruct_4_shot/output/Llama-3-8B-Instruct_NCT03863756_4_shot.txt' gespeichert.
File: NCT03863769 

Das File: /work/eauten2s/ec_criteria_struct/lct/input/lct_txt/NCT03863769.txt wurde erfolgreich geladen.
Die Daten wurden erfolgreich in '/work/eauten2s/ec_criteria_struct/lct/evaluate/eval_p1/model_output/Llama-3-8B-Instruct_4_shot/output/Llama-3-8B-Instruct_NCT03863769_4_shot.txt' gespeichert.
File: NCT03863795 

Das File: /work/eauten2s/ec_criteria_struct/lct/input/lct_txt/NCT03863795.txt wurde erfolgreich geladen.
Die Daten wurden erfolgreich in '/work/eauten2s/ec_criteria_struct/lct/evaluate/eval_p1/model_output/Llama-3-8B-Instruct_4_shot/output/Llama-3-8B-Instruct_NCT03863795_4_shot.txt' gespeichert.
File: NCT03863821 

Das File: /work/eauten2s/ec_criteria_struct/lct/input/lct_txt/NCT03863821.txt wurde erfolgreich geladen.
Die Daten wurden erfolgreich in '/work/eauten2s/ec_criteria_struct/lct/evaluate/eval_p1/model_output/Llama-3-8B-Instruct_4_shot/output/Llama-3-8B-Instruct_NCT03863821_4_shot.txt' gespeichert.
File: NCT03863847 

Das File: /work/eauten2s/ec_criteria_struct/lct/input/lct_txt/NCT03863847.txt wurde erfolgreich geladen.
Die Daten wurden erfolgreich in '/work/eauten2s/ec_criteria_struct/lct/evaluate/eval_p1/model_output/Llama-3-8B-Instruct_4_shot/output/Llama-3-8B-Instruct_NCT03863847_4_shot.txt' gespeichert.
File: NCT03863860 

Das File: /work/eauten2s/ec_criteria_struct/lct/input/lct_txt/NCT03863860.txt wurde erfolgreich geladen.
Die Daten wurden erfolgreich in '/work/eauten2s/ec_criteria_struct/lct/evaluate/eval_p1/model_output/Llama-3-8B-Instruct_4_shot/output/Llama-3-8B-Instruct_NCT03863860_4_shot.txt' gespeichert.
File: NCT03863873 

Das File: /work/eauten2s/ec_criteria_struct/lct/input/lct_txt/NCT03863873.txt wurde erfolgreich geladen.
Die Daten wurden erfolgreich in '/work/eauten2s/ec_criteria_struct/lct/evaluate/eval_p1/model_output/Llama-3-8B-Instruct_4_shot/output/Llama-3-8B-Instruct_NCT03863873_4_shot.txt' gespeichert.
File: NCT03863886 

Das File: /work/eauten2s/ec_criteria_struct/lct/input/lct_txt/NCT03863886.txt wurde erfolgreich geladen.
Die Daten wurden erfolgreich in '/work/eauten2s/ec_criteria_struct/lct/evaluate/eval_p1/model_output/Llama-3-8B-Instruct_4_shot/output/Llama-3-8B-Instruct_NCT03863886_4_shot.txt' gespeichert.
File: NCT03863912 

Das File: /work/eauten2s/ec_criteria_struct/lct/input/lct_txt/NCT03863912.txt wurde erfolgreich geladen.
Die Daten wurden erfolgreich in '/work/eauten2s/ec_criteria_struct/lct/evaluate/eval_p1/model_output/Llama-3-8B-Instruct_4_shot/output/Llama-3-8B-Instruct_NCT03863912_4_shot.txt' gespeichert.
File: NCT03863925 

Das File: /work/eauten2s/ec_criteria_struct/lct/input/lct_txt/NCT03863925.txt wurde erfolgreich geladen.
Die Daten wurden erfolgreich in '/work/eauten2s/ec_criteria_struct/lct/evaluate/eval_p1/model_output/Llama-3-8B-Instruct_4_shot/output/Llama-3-8B-Instruct_NCT03863925_4_shot.txt' gespeichert.
File: NCT03863938 

Das File: /work/eauten2s/ec_criteria_struct/lct/input/lct_txt/NCT03863938.txt wurde erfolgreich geladen.
Die Daten wurden erfolgreich in '/work/eauten2s/ec_criteria_struct/lct/evaluate/eval_p1/model_output/Llama-3-8B-Instruct_4_shot/output/Llama-3-8B-Instruct_NCT03863938_4_shot.txt' gespeichert.
File: NCT03863951 

Das File: /work/eauten2s/ec_criteria_struct/lct/input/lct_txt/NCT03863951.txt wurde erfolgreich geladen.
Die Daten wurden erfolgreich in '/work/eauten2s/ec_criteria_struct/lct/evaluate/eval_p1/model_output/Llama-3-8B-Instruct_4_shot/output/Llama-3-8B-Instruct_NCT03863951_4_shot.txt' gespeichert.
File: NCT03863977 

Das File: /work/eauten2s/ec_criteria_struct/lct/input/lct_txt/NCT03863977.txt wurde erfolgreich geladen.
Die Daten wurden erfolgreich in '/work/eauten2s/ec_criteria_struct/lct/evaluate/eval_p1/model_output/Llama-3-8B-Instruct_4_shot/output/Llama-3-8B-Instruct_NCT03863977_4_shot.txt' gespeichert.
File: NCT03864003 

Das File: /work/eauten2s/ec_criteria_struct/lct/input/lct_txt/NCT03864003.txt wurde erfolgreich geladen.
Die Daten wurden erfolgreich in '/work/eauten2s/ec_criteria_struct/lct/evaluate/eval_p1/model_output/Llama-3-8B-Instruct_4_shot/output/Llama-3-8B-Instruct_NCT03864003_4_shot.txt' gespeichert.
File: NCT03864016 

Das File: /work/eauten2s/ec_criteria_struct/lct/input/lct_txt/NCT03864016.txt wurde erfolgreich geladen.
Die Daten wurden erfolgreich in '/work/eauten2s/ec_criteria_struct/lct/evaluate/eval_p1/model_output/Llama-3-8B-Instruct_4_shot/output/Llama-3-8B-Instruct_NCT03864016_4_shot.txt' gespeichert.
File: NCT03864029 

Das File: /work/eauten2s/ec_criteria_struct/lct/input/lct_txt/NCT03864029.txt wurde erfolgreich geladen.
Die Daten wurden erfolgreich in '/work/eauten2s/ec_criteria_struct/lct/evaluate/eval_p1/model_output/Llama-3-8B-Instruct_4_shot/output/Llama-3-8B-Instruct_NCT03864029_4_shot.txt' gespeichert.
File: NCT03864055 

Das File: /work/eauten2s/ec_criteria_struct/lct/input/lct_txt/NCT03864055.txt wurde erfolgreich geladen.
Die Daten wurden erfolgreich in '/work/eauten2s/ec_criteria_struct/lct/evaluate/eval_p1/model_output/Llama-3-8B-Instruct_4_shot/output/Llama-3-8B-Instruct_NCT03864055_4_shot.txt' gespeichert.
File: NCT03864068 

Das File: /work/eauten2s/ec_criteria_struct/lct/input/lct_txt/NCT03864068.txt wurde erfolgreich geladen.
Die Daten wurden erfolgreich in '/work/eauten2s/ec_criteria_struct/lct/evaluate/eval_p1/model_output/Llama-3-8B-Instruct_4_shot/output/Llama-3-8B-Instruct_NCT03864068_4_shot.txt' gespeichert.
File: NCT03864094 

Das File: /work/eauten2s/ec_criteria_struct/lct/input/lct_txt/NCT03864094.txt wurde erfolgreich geladen.
Die Daten wurden erfolgreich in '/work/eauten2s/ec_criteria_struct/lct/evaluate/eval_p1/model_output/Llama-3-8B-Instruct_4_shot/output/Llama-3-8B-Instruct_NCT03864094_4_shot.txt' gespeichert.
File: NCT03864107 

Das File: /work/eauten2s/ec_criteria_struct/lct/input/lct_txt/NCT03864107.txt wurde erfolgreich geladen.
Die Daten wurden erfolgreich in '/work/eauten2s/ec_criteria_struct/lct/evaluate/eval_p1/model_output/Llama-3-8B-Instruct_4_shot/output/Llama-3-8B-Instruct_NCT03864107_4_shot.txt' gespeichert.
File: NCT03864120 

Das File: /work/eauten2s/ec_criteria_struct/lct/input/lct_txt/NCT03864120.txt wurde erfolgreich geladen.
Die Daten wurden erfolgreich in '/work/eauten2s/ec_criteria_struct/lct/evaluate/eval_p1/model_output/Llama-3-8B-Instruct_4_shot/output/Llama-3-8B-Instruct_NCT03864120_4_shot.txt' gespeichert.
File: NCT03864133 

Das File: /work/eauten2s/ec_criteria_struct/lct/input/lct_txt/NCT03864133.txt wurde erfolgreich geladen.
Die Daten wurden erfolgreich in '/work/eauten2s/ec_criteria_struct/lct/evaluate/eval_p1/model_output/Llama-3-8B-Instruct_4_shot/output/Llama-3-8B-Instruct_NCT03864133_4_shot.txt' gespeichert.
File: NCT03864159 

Das File: /work/eauten2s/ec_criteria_struct/lct/input/lct_txt/NCT03864159.txt wurde erfolgreich geladen.
Die Daten wurden erfolgreich in '/work/eauten2s/ec_criteria_struct/lct/evaluate/eval_p1/model_output/Llama-3-8B-Instruct_4_shot/output/Llama-3-8B-Instruct_NCT03864159_4_shot.txt' gespeichert.
File: NCT03864172 

Das File: /work/eauten2s/ec_criteria_struct/lct/input/lct_txt/NCT03864172.txt wurde erfolgreich geladen.
Die Daten wurden erfolgreich in '/work/eauten2s/ec_criteria_struct/lct/evaluate/eval_p1/model_output/Llama-3-8B-Instruct_4_shot/output/Llama-3-8B-Instruct_NCT03864172_4_shot.txt' gespeichert.
File: NCT03864198 

Das File: /work/eauten2s/ec_criteria_struct/lct/input/lct_txt/NCT03864198.txt wurde erfolgreich geladen.
Die Daten wurden erfolgreich in '/work/eauten2s/ec_criteria_struct/lct/evaluate/eval_p1/model_output/Llama-3-8B-Instruct_4_shot/output/Llama-3-8B-Instruct_NCT03864198_4_shot.txt' gespeichert.
File: NCT03864224 

Das File: /work/eauten2s/ec_criteria_struct/lct/input/lct_txt/NCT03864224.txt wurde erfolgreich geladen.
Die Daten wurden erfolgreich in '/work/eauten2s/ec_criteria_struct/lct/evaluate/eval_p1/model_output/Llama-3-8B-Instruct_4_shot/output/Llama-3-8B-Instruct_NCT03864224_4_shot.txt' gespeichert.
File: NCT03864263 

Das File: /work/eauten2s/ec_criteria_struct/lct/input/lct_txt/NCT03864263.txt wurde erfolgreich geladen.
Die Daten wurden erfolgreich in '/work/eauten2s/ec_criteria_struct/lct/evaluate/eval_p1/model_output/Llama-3-8B-Instruct_4_shot/output/Llama-3-8B-Instruct_NCT03864263_4_shot.txt' gespeichert.
File: NCT03864276 

Das File: /work/eauten2s/ec_criteria_struct/lct/input/lct_txt/NCT03864276.txt wurde erfolgreich geladen.
Die Daten wurden erfolgreich in '/work/eauten2s/ec_criteria_struct/lct/evaluate/eval_p1/model_output/Llama-3-8B-Instruct_4_shot/output/Llama-3-8B-Instruct_NCT03864276_4_shot.txt' gespeichert.
File: NCT03864289 

Das File: /work/eauten2s/ec_criteria_struct/lct/input/lct_txt/NCT03864289.txt wurde erfolgreich geladen.
Die Daten wurden erfolgreich in '/work/eauten2s/ec_criteria_struct/lct/evaluate/eval_p1/model_output/Llama-3-8B-Instruct_4_shot/output/Llama-3-8B-Instruct_NCT03864289_4_shot.txt' gespeichert.
File: NCT03864302 

Das File: /work/eauten2s/ec_criteria_struct/lct/input/lct_txt/NCT03864302.txt wurde erfolgreich geladen.
Die Daten wurden erfolgreich in '/work/eauten2s/ec_criteria_struct/lct/evaluate/eval_p1/model_output/Llama-3-8B-Instruct_4_shot/output/Llama-3-8B-Instruct_NCT03864302_4_shot.txt' gespeichert.
File: NCT03864315 

Das File: /work/eauten2s/ec_criteria_struct/lct/input/lct_txt/NCT03864315.txt wurde erfolgreich geladen.
Die Daten wurden erfolgreich in '/work/eauten2s/ec_criteria_struct/lct/evaluate/eval_p1/model_output/Llama-3-8B-Instruct_4_shot/output/Llama-3-8B-Instruct_NCT03864315_4_shot.txt' gespeichert.
File: NCT03864341 

Das File: /work/eauten2s/ec_criteria_struct/lct/input/lct_txt/NCT03864341.txt wurde erfolgreich geladen.
Die Daten wurden erfolgreich in '/work/eauten2s/ec_criteria_struct/lct/evaluate/eval_p1/model_output/Llama-3-8B-Instruct_4_shot/output/Llama-3-8B-Instruct_NCT03864341_4_shot.txt' gespeichert.
File: NCT03864354 

Das File: /work/eauten2s/ec_criteria_struct/lct/input/lct_txt/NCT03864354.txt wurde erfolgreich geladen.
Die Daten wurden erfolgreich in '/work/eauten2s/ec_criteria_struct/lct/evaluate/eval_p1/model_output/Llama-3-8B-Instruct_4_shot/output/Llama-3-8B-Instruct_NCT03864354_4_shot.txt' gespeichert.
File: NCT03864367 

Das File: /work/eauten2s/ec_criteria_struct/lct/input/lct_txt/NCT03864367.txt wurde erfolgreich geladen.
Die Daten wurden erfolgreich in '/work/eauten2s/ec_criteria_struct/lct/evaluate/eval_p1/model_output/Llama-3-8B-Instruct_4_shot/output/Llama-3-8B-Instruct_NCT03864367_4_shot.txt' gespeichert.
File: NCT03864380 

Das File: /work/eauten2s/ec_criteria_struct/lct/input/lct_txt/NCT03864380.txt wurde erfolgreich geladen.
Die Daten wurden erfolgreich in '/work/eauten2s/ec_criteria_struct/lct/evaluate/eval_p1/model_output/Llama-3-8B-Instruct_4_shot/output/Llama-3-8B-Instruct_NCT03864380_4_shot.txt' gespeichert.
File: NCT03864393 

Das File: /work/eauten2s/ec_criteria_struct/lct/input/lct_txt/NCT03864393.txt wurde erfolgreich geladen.
Die Daten wurden erfolgreich in '/work/eauten2s/ec_criteria_struct/lct/evaluate/eval_p1/model_output/Llama-3-8B-Instruct_4_shot/output/Llama-3-8B-Instruct_NCT03864393_4_shot.txt' gespeichert.
File: NCT03864432 

Das File: /work/eauten2s/ec_criteria_struct/lct/input/lct_txt/NCT03864432.txt wurde erfolgreich geladen.
Die Daten wurden erfolgreich in '/work/eauten2s/ec_criteria_struct/lct/evaluate/eval_p1/model_output/Llama-3-8B-Instruct_4_shot/output/Llama-3-8B-Instruct_NCT03864432_4_shot.txt' gespeichert.
File: NCT03864471 

Das File: /work/eauten2s/ec_criteria_struct/lct/input/lct_txt/NCT03864471.txt wurde erfolgreich geladen.
Die Daten wurden erfolgreich in '/work/eauten2s/ec_criteria_struct/lct/evaluate/eval_p1/model_output/Llama-3-8B-Instruct_4_shot/output/Llama-3-8B-Instruct_NCT03864471_4_shot.txt' gespeichert.
File: NCT03864484 

Das File: /work/eauten2s/ec_criteria_struct/lct/input/lct_txt/NCT03864484.txt wurde erfolgreich geladen.
Die Daten wurden erfolgreich in '/work/eauten2s/ec_criteria_struct/lct/evaluate/eval_p1/model_output/Llama-3-8B-Instruct_4_shot/output/Llama-3-8B-Instruct_NCT03864484_4_shot.txt' gespeichert.
File: NCT03864497 

Das File: /work/eauten2s/ec_criteria_struct/lct/input/lct_txt/NCT03864497.txt wurde erfolgreich geladen.
Die Daten wurden erfolgreich in '/work/eauten2s/ec_criteria_struct/lct/evaluate/eval_p1/model_output/Llama-3-8B-Instruct_4_shot/output/Llama-3-8B-Instruct_NCT03864497_4_shot.txt' gespeichert.
File: NCT03864510 

Das File: /work/eauten2s/ec_criteria_struct/lct/input/lct_txt/NCT03864510.txt wurde erfolgreich geladen.
Die Daten wurden erfolgreich in '/work/eauten2s/ec_criteria_struct/lct/evaluate/eval_p1/model_output/Llama-3-8B-Instruct_4_shot/output/Llama-3-8B-Instruct_NCT03864510_4_shot.txt' gespeichert.
File: NCT03864536 

Das File: /work/eauten2s/ec_criteria_struct/lct/input/lct_txt/NCT03864536.txt wurde erfolgreich geladen.
Die Daten wurden erfolgreich in '/work/eauten2s/ec_criteria_struct/lct/evaluate/eval_p1/model_output/Llama-3-8B-Instruct_4_shot/output/Llama-3-8B-Instruct_NCT03864536_4_shot.txt' gespeichert.
File: NCT03864549 

Das File: /work/eauten2s/ec_criteria_struct/lct/input/lct_txt/NCT03864549.txt wurde erfolgreich geladen.
Die Daten wurden erfolgreich in '/work/eauten2s/ec_criteria_struct/lct/evaluate/eval_p1/model_output/Llama-3-8B-Instruct_4_shot/output/Llama-3-8B-Instruct_NCT03864549_4_shot.txt' gespeichert.
File: NCT03864562 

Das File: /work/eauten2s/ec_criteria_struct/lct/input/lct_txt/NCT03864562.txt wurde erfolgreich geladen.
Die Daten wurden erfolgreich in '/work/eauten2s/ec_criteria_struct/lct/evaluate/eval_p1/model_output/Llama-3-8B-Instruct_4_shot/output/Llama-3-8B-Instruct_NCT03864562_4_shot.txt' gespeichert.
File: NCT03864614 

Das File: /work/eauten2s/ec_criteria_struct/lct/input/lct_txt/NCT03864614.txt wurde erfolgreich geladen.
Die Daten wurden erfolgreich in '/work/eauten2s/ec_criteria_struct/lct/evaluate/eval_p1/model_output/Llama-3-8B-Instruct_4_shot/output/Llama-3-8B-Instruct_NCT03864614_4_shot.txt' gespeichert.
File: NCT03864640 

Das File: /work/eauten2s/ec_criteria_struct/lct/input/lct_txt/NCT03864640.txt wurde erfolgreich geladen.
Die Daten wurden erfolgreich in '/work/eauten2s/ec_criteria_struct/lct/evaluate/eval_p1/model_output/Llama-3-8B-Instruct_4_shot/output/Llama-3-8B-Instruct_NCT03864640_4_shot.txt' gespeichert.
File: NCT03864653 

Das File: /work/eauten2s/ec_criteria_struct/lct/input/lct_txt/NCT03864653.txt wurde erfolgreich geladen.
Die Daten wurden erfolgreich in '/work/eauten2s/ec_criteria_struct/lct/evaluate/eval_p1/model_output/Llama-3-8B-Instruct_4_shot/output/Llama-3-8B-Instruct_NCT03864653_4_shot.txt' gespeichert.
File: NCT03864692 

Das File: /work/eauten2s/ec_criteria_struct/lct/input/lct_txt/NCT03864692.txt wurde erfolgreich geladen.
Die Daten wurden erfolgreich in '/work/eauten2s/ec_criteria_struct/lct/evaluate/eval_p1/model_output/Llama-3-8B-Instruct_4_shot/output/Llama-3-8B-Instruct_NCT03864692_4_shot.txt' gespeichert.
File: NCT03864705 

Das File: /work/eauten2s/ec_criteria_struct/lct/input/lct_txt/NCT03864705.txt wurde erfolgreich geladen.
Die Daten wurden erfolgreich in '/work/eauten2s/ec_criteria_struct/lct/evaluate/eval_p1/model_output/Llama-3-8B-Instruct_4_shot/output/Llama-3-8B-Instruct_NCT03864705_4_shot.txt' gespeichert.
File: NCT03864718 

Das File: /work/eauten2s/ec_criteria_struct/lct/input/lct_txt/NCT03864718.txt wurde erfolgreich geladen.
Die Daten wurden erfolgreich in '/work/eauten2s/ec_criteria_struct/lct/evaluate/eval_p1/model_output/Llama-3-8B-Instruct_4_shot/output/Llama-3-8B-Instruct_NCT03864718_4_shot.txt' gespeichert.
File: NCT03864731 

Das File: /work/eauten2s/ec_criteria_struct/lct/input/lct_txt/NCT03864731.txt wurde erfolgreich geladen.
Die Daten wurden erfolgreich in '/work/eauten2s/ec_criteria_struct/lct/evaluate/eval_p1/model_output/Llama-3-8B-Instruct_4_shot/output/Llama-3-8B-Instruct_NCT03864731_4_shot.txt' gespeichert.
File: NCT03864744 

Das File: /work/eauten2s/ec_criteria_struct/lct/input/lct_txt/NCT03864744.txt wurde erfolgreich geladen.
Die Daten wurden erfolgreich in '/work/eauten2s/ec_criteria_struct/lct/evaluate/eval_p1/model_output/Llama-3-8B-Instruct_4_shot/output/Llama-3-8B-Instruct_NCT03864744_4_shot.txt' gespeichert.
File: NCT03864757 

Das File: /work/eauten2s/ec_criteria_struct/lct/input/lct_txt/NCT03864757.txt wurde erfolgreich geladen.
Die Daten wurden erfolgreich in '/work/eauten2s/ec_criteria_struct/lct/evaluate/eval_p1/model_output/Llama-3-8B-Instruct_4_shot/output/Llama-3-8B-Instruct_NCT03864757_4_shot.txt' gespeichert.
File: NCT03864770 

Das File: /work/eauten2s/ec_criteria_struct/lct/input/lct_txt/NCT03864770.txt wurde erfolgreich geladen.
Die Daten wurden erfolgreich in '/work/eauten2s/ec_criteria_struct/lct/evaluate/eval_p1/model_output/Llama-3-8B-Instruct_4_shot/output/Llama-3-8B-Instruct_NCT03864770_4_shot.txt' gespeichert.
File: NCT03864796 

Das File: /work/eauten2s/ec_criteria_struct/lct/input/lct_txt/NCT03864796.txt wurde erfolgreich geladen.
Die Daten wurden erfolgreich in '/work/eauten2s/ec_criteria_struct/lct/evaluate/eval_p1/model_output/Llama-3-8B-Instruct_4_shot/output/Llama-3-8B-Instruct_NCT03864796_4_shot.txt' gespeichert.
File: NCT03864809 

Das File: /work/eauten2s/ec_criteria_struct/lct/input/lct_txt/NCT03864809.txt wurde erfolgreich geladen.
Die Daten wurden erfolgreich in '/work/eauten2s/ec_criteria_struct/lct/evaluate/eval_p1/model_output/Llama-3-8B-Instruct_4_shot/output/Llama-3-8B-Instruct_NCT03864809_4_shot.txt' gespeichert.
File: NCT03864822 

Das File: /work/eauten2s/ec_criteria_struct/lct/input/lct_txt/NCT03864822.txt wurde erfolgreich geladen.
Die Daten wurden erfolgreich in '/work/eauten2s/ec_criteria_struct/lct/evaluate/eval_p1/model_output/Llama-3-8B-Instruct_4_shot/output/Llama-3-8B-Instruct_NCT03864822_4_shot.txt' gespeichert.
File: NCT03864835 

Das File: /work/eauten2s/ec_criteria_struct/lct/input/lct_txt/NCT03864835.txt wurde erfolgreich geladen.
Die Daten wurden erfolgreich in '/work/eauten2s/ec_criteria_struct/lct/evaluate/eval_p1/model_output/Llama-3-8B-Instruct_4_shot/output/Llama-3-8B-Instruct_NCT03864835_4_shot.txt' gespeichert.
File: NCT03864861 

Das File: /work/eauten2s/ec_criteria_struct/lct/input/lct_txt/NCT03864861.txt wurde erfolgreich geladen.
Die Daten wurden erfolgreich in '/work/eauten2s/ec_criteria_struct/lct/evaluate/eval_p1/model_output/Llama-3-8B-Instruct_4_shot/output/Llama-3-8B-Instruct_NCT03864861_4_shot.txt' gespeichert.
File: NCT03864874 

Das File: /work/eauten2s/ec_criteria_struct/lct/input/lct_txt/NCT03864874.txt wurde erfolgreich geladen.
Die Daten wurden erfolgreich in '/work/eauten2s/ec_criteria_struct/lct/evaluate/eval_p1/model_output/Llama-3-8B-Instruct_4_shot/output/Llama-3-8B-Instruct_NCT03864874_4_shot.txt' gespeichert.
File: NCT03864887 

Das File: /work/eauten2s/ec_criteria_struct/lct/input/lct_txt/NCT03864887.txt wurde erfolgreich geladen.
Die Daten wurden erfolgreich in '/work/eauten2s/ec_criteria_struct/lct/evaluate/eval_p1/model_output/Llama-3-8B-Instruct_4_shot/output/Llama-3-8B-Instruct_NCT03864887_4_shot.txt' gespeichert.
File: NCT03864900 

Das File: /work/eauten2s/ec_criteria_struct/lct/input/lct_txt/NCT03864900.txt wurde erfolgreich geladen.
Die Daten wurden erfolgreich in '/work/eauten2s/ec_criteria_struct/lct/evaluate/eval_p1/model_output/Llama-3-8B-Instruct_4_shot/output/Llama-3-8B-Instruct_NCT03864900_4_shot.txt' gespeichert.
File: NCT03864913 

Das File: /work/eauten2s/ec_criteria_struct/lct/input/lct_txt/NCT03864913.txt wurde erfolgreich geladen.
Die Daten wurden erfolgreich in '/work/eauten2s/ec_criteria_struct/lct/evaluate/eval_p1/model_output/Llama-3-8B-Instruct_4_shot/output/Llama-3-8B-Instruct_NCT03864913_4_shot.txt' gespeichert.
File: NCT03864939 

Das File: /work/eauten2s/ec_criteria_struct/lct/input/lct_txt/NCT03864939.txt wurde erfolgreich geladen.
Die Daten wurden erfolgreich in '/work/eauten2s/ec_criteria_struct/lct/evaluate/eval_p1/model_output/Llama-3-8B-Instruct_4_shot/output/Llama-3-8B-Instruct_NCT03864939_4_shot.txt' gespeichert.
File: NCT03864952 

Das File: /work/eauten2s/ec_criteria_struct/lct/input/lct_txt/NCT03864952.txt wurde erfolgreich geladen.
Die Daten wurden erfolgreich in '/work/eauten2s/ec_criteria_struct/lct/evaluate/eval_p1/model_output/Llama-3-8B-Instruct_4_shot/output/Llama-3-8B-Instruct_NCT03864952_4_shot.txt' gespeichert.
File: NCT03864965 

Das File: /work/eauten2s/ec_criteria_struct/lct/input/lct_txt/NCT03864965.txt wurde erfolgreich geladen.
Die Daten wurden erfolgreich in '/work/eauten2s/ec_criteria_struct/lct/evaluate/eval_p1/model_output/Llama-3-8B-Instruct_4_shot/output/Llama-3-8B-Instruct_NCT03864965_4_shot.txt' gespeichert.
File: NCT03864991 

Das File: /work/eauten2s/ec_criteria_struct/lct/input/lct_txt/NCT03864991.txt wurde erfolgreich geladen.
Die Daten wurden erfolgreich in '/work/eauten2s/ec_criteria_struct/lct/evaluate/eval_p1/model_output/Llama-3-8B-Instruct_4_shot/output/Llama-3-8B-Instruct_NCT03864991_4_shot.txt' gespeichert.
File: NCT03865004 

Das File: /work/eauten2s/ec_criteria_struct/lct/input/lct_txt/NCT03865004.txt wurde erfolgreich geladen.
Die Daten wurden erfolgreich in '/work/eauten2s/ec_criteria_struct/lct/evaluate/eval_p1/model_output/Llama-3-8B-Instruct_4_shot/output/Llama-3-8B-Instruct_NCT03865004_4_shot.txt' gespeichert.
File: NCT03865030 

Das File: /work/eauten2s/ec_criteria_struct/lct/input/lct_txt/NCT03865030.txt wurde erfolgreich geladen.
Die Daten wurden erfolgreich in '/work/eauten2s/ec_criteria_struct/lct/evaluate/eval_p1/model_output/Llama-3-8B-Instruct_4_shot/output/Llama-3-8B-Instruct_NCT03865030_4_shot.txt' gespeichert.
File: NCT03865043 

Das File: /work/eauten2s/ec_criteria_struct/lct/input/lct_txt/NCT03865043.txt wurde erfolgreich geladen.
Die Daten wurden erfolgreich in '/work/eauten2s/ec_criteria_struct/lct/evaluate/eval_p1/model_output/Llama-3-8B-Instruct_4_shot/output/Llama-3-8B-Instruct_NCT03865043_4_shot.txt' gespeichert.
File: NCT03865056 

Das File: /work/eauten2s/ec_criteria_struct/lct/input/lct_txt/NCT03865056.txt wurde erfolgreich geladen.
Die Daten wurden erfolgreich in '/work/eauten2s/ec_criteria_struct/lct/evaluate/eval_p1/model_output/Llama-3-8B-Instruct_4_shot/output/Llama-3-8B-Instruct_NCT03865056_4_shot.txt' gespeichert.
File: NCT03865095 

Das File: /work/eauten2s/ec_criteria_struct/lct/input/lct_txt/NCT03865095.txt wurde erfolgreich geladen.
Die Daten wurden erfolgreich in '/work/eauten2s/ec_criteria_struct/lct/evaluate/eval_p1/model_output/Llama-3-8B-Instruct_4_shot/output/Llama-3-8B-Instruct_NCT03865095_4_shot.txt' gespeichert.
File: NCT03865108 

Das File: /work/eauten2s/ec_criteria_struct/lct/input/lct_txt/NCT03865108.txt wurde erfolgreich geladen.
Die Daten wurden erfolgreich in '/work/eauten2s/ec_criteria_struct/lct/evaluate/eval_p1/model_output/Llama-3-8B-Instruct_4_shot/output/Llama-3-8B-Instruct_NCT03865108_4_shot.txt' gespeichert.
File: NCT03865121 

Das File: /work/eauten2s/ec_criteria_struct/lct/input/lct_txt/NCT03865121.txt wurde erfolgreich geladen.
Die Daten wurden erfolgreich in '/work/eauten2s/ec_criteria_struct/lct/evaluate/eval_p1/model_output/Llama-3-8B-Instruct_4_shot/output/Llama-3-8B-Instruct_NCT03865121_4_shot.txt' gespeichert.
File: NCT03865134 

Das File: /work/eauten2s/ec_criteria_struct/lct/input/lct_txt/NCT03865134.txt wurde erfolgreich geladen.
Die Daten wurden erfolgreich in '/work/eauten2s/ec_criteria_struct/lct/evaluate/eval_p1/model_output/Llama-3-8B-Instruct_4_shot/output/Llama-3-8B-Instruct_NCT03865134_4_shot.txt' gespeichert.
File: NCT03865160 

Das File: /work/eauten2s/ec_criteria_struct/lct/input/lct_txt/NCT03865160.txt wurde erfolgreich geladen.
Die Daten wurden erfolgreich in '/work/eauten2s/ec_criteria_struct/lct/evaluate/eval_p1/model_output/Llama-3-8B-Instruct_4_shot/output/Llama-3-8B-Instruct_NCT03865160_4_shot.txt' gespeichert.
File: NCT03865173 

Das File: /work/eauten2s/ec_criteria_struct/lct/input/lct_txt/NCT03865173.txt wurde erfolgreich geladen.
Die Daten wurden erfolgreich in '/work/eauten2s/ec_criteria_struct/lct/evaluate/eval_p1/model_output/Llama-3-8B-Instruct_4_shot/output/Llama-3-8B-Instruct_NCT03865173_4_shot.txt' gespeichert.
File: NCT03865186 

Das File: /work/eauten2s/ec_criteria_struct/lct/input/lct_txt/NCT03865186.txt wurde erfolgreich geladen.
Die Daten wurden erfolgreich in '/work/eauten2s/ec_criteria_struct/lct/evaluate/eval_p1/model_output/Llama-3-8B-Instruct_4_shot/output/Llama-3-8B-Instruct_NCT03865186_4_shot.txt' gespeichert.
File: NCT03865199 

Das File: /work/eauten2s/ec_criteria_struct/lct/input/lct_txt/NCT03865199.txt wurde erfolgreich geladen.
Die Daten wurden erfolgreich in '/work/eauten2s/ec_criteria_struct/lct/evaluate/eval_p1/model_output/Llama-3-8B-Instruct_4_shot/output/Llama-3-8B-Instruct_NCT03865199_4_shot.txt' gespeichert.
File: NCT03865225 

Das File: /work/eauten2s/ec_criteria_struct/lct/input/lct_txt/NCT03865225.txt wurde erfolgreich geladen.
Die Daten wurden erfolgreich in '/work/eauten2s/ec_criteria_struct/lct/evaluate/eval_p1/model_output/Llama-3-8B-Instruct_4_shot/output/Llama-3-8B-Instruct_NCT03865225_4_shot.txt' gespeichert.
File: NCT03865251 

Das File: /work/eauten2s/ec_criteria_struct/lct/input/lct_txt/NCT03865251.txt wurde erfolgreich geladen.
Die Daten wurden erfolgreich in '/work/eauten2s/ec_criteria_struct/lct/evaluate/eval_p1/model_output/Llama-3-8B-Instruct_4_shot/output/Llama-3-8B-Instruct_NCT03865251_4_shot.txt' gespeichert.
File: NCT03865277 

Das File: /work/eauten2s/ec_criteria_struct/lct/input/lct_txt/NCT03865277.txt wurde erfolgreich geladen.
Die Daten wurden erfolgreich in '/work/eauten2s/ec_criteria_struct/lct/evaluate/eval_p1/model_output/Llama-3-8B-Instruct_4_shot/output/Llama-3-8B-Instruct_NCT03865277_4_shot.txt' gespeichert.
File: NCT03865303 

Das File: /work/eauten2s/ec_criteria_struct/lct/input/lct_txt/NCT03865303.txt wurde erfolgreich geladen.
Die Daten wurden erfolgreich in '/work/eauten2s/ec_criteria_struct/lct/evaluate/eval_p1/model_output/Llama-3-8B-Instruct_4_shot/output/Llama-3-8B-Instruct_NCT03865303_4_shot.txt' gespeichert.
File: NCT03865316 

Das File: /work/eauten2s/ec_criteria_struct/lct/input/lct_txt/NCT03865316.txt wurde erfolgreich geladen.
Die Daten wurden erfolgreich in '/work/eauten2s/ec_criteria_struct/lct/evaluate/eval_p1/model_output/Llama-3-8B-Instruct_4_shot/output/Llama-3-8B-Instruct_NCT03865316_4_shot.txt' gespeichert.
File: NCT03865329 

Das File: /work/eauten2s/ec_criteria_struct/lct/input/lct_txt/NCT03865329.txt wurde erfolgreich geladen.
Die Daten wurden erfolgreich in '/work/eauten2s/ec_criteria_struct/lct/evaluate/eval_p1/model_output/Llama-3-8B-Instruct_4_shot/output/Llama-3-8B-Instruct_NCT03865329_4_shot.txt' gespeichert.
File: NCT03865342 

Das File: /work/eauten2s/ec_criteria_struct/lct/input/lct_txt/NCT03865342.txt wurde erfolgreich geladen.
Die Daten wurden erfolgreich in '/work/eauten2s/ec_criteria_struct/lct/evaluate/eval_p1/model_output/Llama-3-8B-Instruct_4_shot/output/Llama-3-8B-Instruct_NCT03865342_4_shot.txt' gespeichert.
File: NCT03865355 

Das File: /work/eauten2s/ec_criteria_struct/lct/input/lct_txt/NCT03865355.txt wurde erfolgreich geladen.
Die Daten wurden erfolgreich in '/work/eauten2s/ec_criteria_struct/lct/evaluate/eval_p1/model_output/Llama-3-8B-Instruct_4_shot/output/Llama-3-8B-Instruct_NCT03865355_4_shot.txt' gespeichert.
File: NCT03865368 

Das File: /work/eauten2s/ec_criteria_struct/lct/input/lct_txt/NCT03865368.txt wurde erfolgreich geladen.
Die Daten wurden erfolgreich in '/work/eauten2s/ec_criteria_struct/lct/evaluate/eval_p1/model_output/Llama-3-8B-Instruct_4_shot/output/Llama-3-8B-Instruct_NCT03865368_4_shot.txt' gespeichert.
File: NCT03865381 

Das File: /work/eauten2s/ec_criteria_struct/lct/input/lct_txt/NCT03865381.txt wurde erfolgreich geladen.
Die Daten wurden erfolgreich in '/work/eauten2s/ec_criteria_struct/lct/evaluate/eval_p1/model_output/Llama-3-8B-Instruct_4_shot/output/Llama-3-8B-Instruct_NCT03865381_4_shot.txt' gespeichert.
File: NCT03865407 

Das File: /work/eauten2s/ec_criteria_struct/lct/input/lct_txt/NCT03865407.txt wurde erfolgreich geladen.
Die Daten wurden erfolgreich in '/work/eauten2s/ec_criteria_struct/lct/evaluate/eval_p1/model_output/Llama-3-8B-Instruct_4_shot/output/Llama-3-8B-Instruct_NCT03865407_4_shot.txt' gespeichert.
File: NCT03865420 

Das File: /work/eauten2s/ec_criteria_struct/lct/input/lct_txt/NCT03865420.txt wurde erfolgreich geladen.
Die Daten wurden erfolgreich in '/work/eauten2s/ec_criteria_struct/lct/evaluate/eval_p1/model_output/Llama-3-8B-Instruct_4_shot/output/Llama-3-8B-Instruct_NCT03865420_4_shot.txt' gespeichert.
File: NCT03865433 

Das File: /work/eauten2s/ec_criteria_struct/lct/input/lct_txt/NCT03865433.txt wurde erfolgreich geladen.
Die Daten wurden erfolgreich in '/work/eauten2s/ec_criteria_struct/lct/evaluate/eval_p1/model_output/Llama-3-8B-Instruct_4_shot/output/Llama-3-8B-Instruct_NCT03865433_4_shot.txt' gespeichert.
File: NCT03865459 

Das File: /work/eauten2s/ec_criteria_struct/lct/input/lct_txt/NCT03865459.txt wurde erfolgreich geladen.
Die Daten wurden erfolgreich in '/work/eauten2s/ec_criteria_struct/lct/evaluate/eval_p1/model_output/Llama-3-8B-Instruct_4_shot/output/Llama-3-8B-Instruct_NCT03865459_4_shot.txt' gespeichert.
File: NCT03865498 

Das File: /work/eauten2s/ec_criteria_struct/lct/input/lct_txt/NCT03865498.txt wurde erfolgreich geladen.
Die Daten wurden erfolgreich in '/work/eauten2s/ec_criteria_struct/lct/evaluate/eval_p1/model_output/Llama-3-8B-Instruct_4_shot/output/Llama-3-8B-Instruct_NCT03865498_4_shot.txt' gespeichert.
File: NCT03865524 

Das File: /work/eauten2s/ec_criteria_struct/lct/input/lct_txt/NCT03865524.txt wurde erfolgreich geladen.
Die Daten wurden erfolgreich in '/work/eauten2s/ec_criteria_struct/lct/evaluate/eval_p1/model_output/Llama-3-8B-Instruct_4_shot/output/Llama-3-8B-Instruct_NCT03865524_4_shot.txt' gespeichert.
File: NCT03865537 

Das File: /work/eauten2s/ec_criteria_struct/lct/input/lct_txt/NCT03865537.txt wurde erfolgreich geladen.
Die Daten wurden erfolgreich in '/work/eauten2s/ec_criteria_struct/lct/evaluate/eval_p1/model_output/Llama-3-8B-Instruct_4_shot/output/Llama-3-8B-Instruct_NCT03865537_4_shot.txt' gespeichert.
File: NCT03865550 

Das File: /work/eauten2s/ec_criteria_struct/lct/input/lct_txt/NCT03865550.txt wurde erfolgreich geladen.
Die Daten wurden erfolgreich in '/work/eauten2s/ec_criteria_struct/lct/evaluate/eval_p1/model_output/Llama-3-8B-Instruct_4_shot/output/Llama-3-8B-Instruct_NCT03865550_4_shot.txt' gespeichert.
File: NCT03865576 

Das File: /work/eauten2s/ec_criteria_struct/lct/input/lct_txt/NCT03865576.txt wurde erfolgreich geladen.
Die Daten wurden erfolgreich in '/work/eauten2s/ec_criteria_struct/lct/evaluate/eval_p1/model_output/Llama-3-8B-Instruct_4_shot/output/Llama-3-8B-Instruct_NCT03865576_4_shot.txt' gespeichert.
File: NCT03865589 

Das File: /work/eauten2s/ec_criteria_struct/lct/input/lct_txt/NCT03865589.txt wurde erfolgreich geladen.
Die Daten wurden erfolgreich in '/work/eauten2s/ec_criteria_struct/lct/evaluate/eval_p1/model_output/Llama-3-8B-Instruct_4_shot/output/Llama-3-8B-Instruct_NCT03865589_4_shot.txt' gespeichert.
File: NCT03865602 

Das File: /work/eauten2s/ec_criteria_struct/lct/input/lct_txt/NCT03865602.txt wurde erfolgreich geladen.
Die Daten wurden erfolgreich in '/work/eauten2s/ec_criteria_struct/lct/evaluate/eval_p1/model_output/Llama-3-8B-Instruct_4_shot/output/Llama-3-8B-Instruct_NCT03865602_4_shot.txt' gespeichert.
File: NCT03865628 

Das File: /work/eauten2s/ec_criteria_struct/lct/input/lct_txt/NCT03865628.txt wurde erfolgreich geladen.
Die Daten wurden erfolgreich in '/work/eauten2s/ec_criteria_struct/lct/evaluate/eval_p1/model_output/Llama-3-8B-Instruct_4_shot/output/Llama-3-8B-Instruct_NCT03865628_4_shot.txt' gespeichert.
File: NCT03865641 

Das File: /work/eauten2s/ec_criteria_struct/lct/input/lct_txt/NCT03865641.txt wurde erfolgreich geladen.
Die Daten wurden erfolgreich in '/work/eauten2s/ec_criteria_struct/lct/evaluate/eval_p1/model_output/Llama-3-8B-Instruct_4_shot/output/Llama-3-8B-Instruct_NCT03865641_4_shot.txt' gespeichert.
File: NCT03865680 

Das File: /work/eauten2s/ec_criteria_struct/lct/input/lct_txt/NCT03865680.txt wurde erfolgreich geladen.
Die Daten wurden erfolgreich in '/work/eauten2s/ec_criteria_struct/lct/evaluate/eval_p1/model_output/Llama-3-8B-Instruct_4_shot/output/Llama-3-8B-Instruct_NCT03865680_4_shot.txt' gespeichert.
File: NCT03865693 

Das File: /work/eauten2s/ec_criteria_struct/lct/input/lct_txt/NCT03865693.txt wurde erfolgreich geladen.
Die Daten wurden erfolgreich in '/work/eauten2s/ec_criteria_struct/lct/evaluate/eval_p1/model_output/Llama-3-8B-Instruct_4_shot/output/Llama-3-8B-Instruct_NCT03865693_4_shot.txt' gespeichert.
File: NCT03865706 

Das File: /work/eauten2s/ec_criteria_struct/lct/input/lct_txt/NCT03865706.txt wurde erfolgreich geladen.
Die Daten wurden erfolgreich in '/work/eauten2s/ec_criteria_struct/lct/evaluate/eval_p1/model_output/Llama-3-8B-Instruct_4_shot/output/Llama-3-8B-Instruct_NCT03865706_4_shot.txt' gespeichert.
File: NCT03865732 

Das File: /work/eauten2s/ec_criteria_struct/lct/input/lct_txt/NCT03865732.txt wurde erfolgreich geladen.
Die Daten wurden erfolgreich in '/work/eauten2s/ec_criteria_struct/lct/evaluate/eval_p1/model_output/Llama-3-8B-Instruct_4_shot/output/Llama-3-8B-Instruct_NCT03865732_4_shot.txt' gespeichert.
File: NCT03865745 

Das File: /work/eauten2s/ec_criteria_struct/lct/input/lct_txt/NCT03865745.txt wurde erfolgreich geladen.
Die Daten wurden erfolgreich in '/work/eauten2s/ec_criteria_struct/lct/evaluate/eval_p1/model_output/Llama-3-8B-Instruct_4_shot/output/Llama-3-8B-Instruct_NCT03865745_4_shot.txt' gespeichert.
File: NCT03865758 

Das File: /work/eauten2s/ec_criteria_struct/lct/input/lct_txt/NCT03865758.txt wurde erfolgreich geladen.
Die Daten wurden erfolgreich in '/work/eauten2s/ec_criteria_struct/lct/evaluate/eval_p1/model_output/Llama-3-8B-Instruct_4_shot/output/Llama-3-8B-Instruct_NCT03865758_4_shot.txt' gespeichert.
File: NCT03865771 

Das File: /work/eauten2s/ec_criteria_struct/lct/input/lct_txt/NCT03865771.txt wurde erfolgreich geladen.
Die Daten wurden erfolgreich in '/work/eauten2s/ec_criteria_struct/lct/evaluate/eval_p1/model_output/Llama-3-8B-Instruct_4_shot/output/Llama-3-8B-Instruct_NCT03865771_4_shot.txt' gespeichert.
File: NCT03865784 

Das File: /work/eauten2s/ec_criteria_struct/lct/input/lct_txt/NCT03865784.txt wurde erfolgreich geladen.
Die Daten wurden erfolgreich in '/work/eauten2s/ec_criteria_struct/lct/evaluate/eval_p1/model_output/Llama-3-8B-Instruct_4_shot/output/Llama-3-8B-Instruct_NCT03865784_4_shot.txt' gespeichert.
File: NCT03865797 

Das File: /work/eauten2s/ec_criteria_struct/lct/input/lct_txt/NCT03865797.txt wurde erfolgreich geladen.
Die Daten wurden erfolgreich in '/work/eauten2s/ec_criteria_struct/lct/evaluate/eval_p1/model_output/Llama-3-8B-Instruct_4_shot/output/Llama-3-8B-Instruct_NCT03865797_4_shot.txt' gespeichert.
File: NCT03865810 

Das File: /work/eauten2s/ec_criteria_struct/lct/input/lct_txt/NCT03865810.txt wurde erfolgreich geladen.
Die Daten wurden erfolgreich in '/work/eauten2s/ec_criteria_struct/lct/evaluate/eval_p1/model_output/Llama-3-8B-Instruct_4_shot/output/Llama-3-8B-Instruct_NCT03865810_4_shot.txt' gespeichert.
File: NCT03865823 

Das File: /work/eauten2s/ec_criteria_struct/lct/input/lct_txt/NCT03865823.txt wurde erfolgreich geladen.
Die Daten wurden erfolgreich in '/work/eauten2s/ec_criteria_struct/lct/evaluate/eval_p1/model_output/Llama-3-8B-Instruct_4_shot/output/Llama-3-8B-Instruct_NCT03865823_4_shot.txt' gespeichert.
File: NCT03865836 

Das File: /work/eauten2s/ec_criteria_struct/lct/input/lct_txt/NCT03865836.txt wurde erfolgreich geladen.
Die Daten wurden erfolgreich in '/work/eauten2s/ec_criteria_struct/lct/evaluate/eval_p1/model_output/Llama-3-8B-Instruct_4_shot/output/Llama-3-8B-Instruct_NCT03865836_4_shot.txt' gespeichert.
File: NCT03865862 

Das File: /work/eauten2s/ec_criteria_struct/lct/input/lct_txt/NCT03865862.txt wurde erfolgreich geladen.
Die Daten wurden erfolgreich in '/work/eauten2s/ec_criteria_struct/lct/evaluate/eval_p1/model_output/Llama-3-8B-Instruct_4_shot/output/Llama-3-8B-Instruct_NCT03865862_4_shot.txt' gespeichert.
File: NCT03865875 

Das File: /work/eauten2s/ec_criteria_struct/lct/input/lct_txt/NCT03865875.txt wurde erfolgreich geladen.
Die Daten wurden erfolgreich in '/work/eauten2s/ec_criteria_struct/lct/evaluate/eval_p1/model_output/Llama-3-8B-Instruct_4_shot/output/Llama-3-8B-Instruct_NCT03865875_4_shot.txt' gespeichert.
File: NCT03865901 

Das File: /work/eauten2s/ec_criteria_struct/lct/input/lct_txt/NCT03865901.txt wurde erfolgreich geladen.
Die Daten wurden erfolgreich in '/work/eauten2s/ec_criteria_struct/lct/evaluate/eval_p1/model_output/Llama-3-8B-Instruct_4_shot/output/Llama-3-8B-Instruct_NCT03865901_4_shot.txt' gespeichert.
