Das File: /work/eauten2s/ec_criteria_struct/lct/input/prompt/prompt_p3.txt wurde erfolgreich geladen.
Hier fängt die Pipeline an
File: NCT03860012_exc 

Das File: /work/eauten2s/ec_criteria_struct/lct/input/lct_txt_half/NCT03860012_exc.txt wurde erfolgreich geladen.
Die Daten wurden erfolgreich in '/work/eauten2s/ec_criteria_struct/lct/evaluate/eval_p3/model_output/Llama-3-8B-Instruct-Gradient-1048k_5_shot/output/Llama-3-8B-Instruct-Gradient-1048k_NCT03860012_exc_5_shot.json' gespeichert.
File: NCT03860012_inc 

Das File: /work/eauten2s/ec_criteria_struct/lct/input/lct_txt_half/NCT03860012_inc.txt wurde erfolgreich geladen.
Die Daten wurden erfolgreich in '/work/eauten2s/ec_criteria_struct/lct/evaluate/eval_p3/model_output/Llama-3-8B-Instruct-Gradient-1048k_5_shot/output/Llama-3-8B-Instruct-Gradient-1048k_NCT03860012_inc_5_shot.json' gespeichert.
File: NCT03860025_exc 

Das File: /work/eauten2s/ec_criteria_struct/lct/input/lct_txt_half/NCT03860025_exc.txt wurde erfolgreich geladen.
Die Daten wurden erfolgreich in '/work/eauten2s/ec_criteria_struct/lct/evaluate/eval_p3/model_output/Llama-3-8B-Instruct-Gradient-1048k_5_shot/output/Llama-3-8B-Instruct-Gradient-1048k_NCT03860025_exc_5_shot.json' gespeichert.
File: NCT03860025_inc 

Das File: /work/eauten2s/ec_criteria_struct/lct/input/lct_txt_half/NCT03860025_inc.txt wurde erfolgreich geladen.
Die Daten wurden erfolgreich in '/work/eauten2s/ec_criteria_struct/lct/evaluate/eval_p3/model_output/Llama-3-8B-Instruct-Gradient-1048k_5_shot/output/Llama-3-8B-Instruct-Gradient-1048k_NCT03860025_inc_5_shot.json' gespeichert.
File: NCT03860038_exc 

Das File: /work/eauten2s/ec_criteria_struct/lct/input/lct_txt_half/NCT03860038_exc.txt wurde erfolgreich geladen.
Die Daten wurden erfolgreich in '/work/eauten2s/ec_criteria_struct/lct/evaluate/eval_p3/model_output/Llama-3-8B-Instruct-Gradient-1048k_5_shot/output/Llama-3-8B-Instruct-Gradient-1048k_NCT03860038_exc_5_shot.json' gespeichert.
File: NCT03860038_inc 

Das File: /work/eauten2s/ec_criteria_struct/lct/input/lct_txt_half/NCT03860038_inc.txt wurde erfolgreich geladen.
Die Daten wurden erfolgreich in '/work/eauten2s/ec_criteria_struct/lct/evaluate/eval_p3/model_output/Llama-3-8B-Instruct-Gradient-1048k_5_shot/output/Llama-3-8B-Instruct-Gradient-1048k_NCT03860038_inc_5_shot.json' gespeichert.
File: NCT03860064_exc 

Das File: /work/eauten2s/ec_criteria_struct/lct/input/lct_txt_half/NCT03860064_exc.txt wurde erfolgreich geladen.
Die Daten wurden erfolgreich in '/work/eauten2s/ec_criteria_struct/lct/evaluate/eval_p3/model_output/Llama-3-8B-Instruct-Gradient-1048k_5_shot/output/Llama-3-8B-Instruct-Gradient-1048k_NCT03860064_exc_5_shot.json' gespeichert.
File: NCT03860064_inc 

Das File: /work/eauten2s/ec_criteria_struct/lct/input/lct_txt_half/NCT03860064_inc.txt wurde erfolgreich geladen.
Die Daten wurden erfolgreich in '/work/eauten2s/ec_criteria_struct/lct/evaluate/eval_p3/model_output/Llama-3-8B-Instruct-Gradient-1048k_5_shot/output/Llama-3-8B-Instruct-Gradient-1048k_NCT03860064_inc_5_shot.json' gespeichert.
File: NCT03860090_exc 

Das File: /work/eauten2s/ec_criteria_struct/lct/input/lct_txt_half/NCT03860090_exc.txt wurde erfolgreich geladen.
Die Daten wurden erfolgreich in '/work/eauten2s/ec_criteria_struct/lct/evaluate/eval_p3/model_output/Llama-3-8B-Instruct-Gradient-1048k_5_shot/output/Llama-3-8B-Instruct-Gradient-1048k_NCT03860090_exc_5_shot.json' gespeichert.
File: NCT03860090_inc 

Das File: /work/eauten2s/ec_criteria_struct/lct/input/lct_txt_half/NCT03860090_inc.txt wurde erfolgreich geladen.
Die Daten wurden erfolgreich in '/work/eauten2s/ec_criteria_struct/lct/evaluate/eval_p3/model_output/Llama-3-8B-Instruct-Gradient-1048k_5_shot/output/Llama-3-8B-Instruct-Gradient-1048k_NCT03860090_inc_5_shot.json' gespeichert.
File: NCT03860103_exc 

Das File: /work/eauten2s/ec_criteria_struct/lct/input/lct_txt_half/NCT03860103_exc.txt wurde erfolgreich geladen.
Die Daten wurden erfolgreich in '/work/eauten2s/ec_criteria_struct/lct/evaluate/eval_p3/model_output/Llama-3-8B-Instruct-Gradient-1048k_5_shot/output/Llama-3-8B-Instruct-Gradient-1048k_NCT03860103_exc_5_shot.json' gespeichert.
File: NCT03860103_inc 

Das File: /work/eauten2s/ec_criteria_struct/lct/input/lct_txt_half/NCT03860103_inc.txt wurde erfolgreich geladen.
Die Daten wurden erfolgreich in '/work/eauten2s/ec_criteria_struct/lct/evaluate/eval_p3/model_output/Llama-3-8B-Instruct-Gradient-1048k_5_shot/output/Llama-3-8B-Instruct-Gradient-1048k_NCT03860103_inc_5_shot.json' gespeichert.
File: NCT03860116_exc 

Das File: /work/eauten2s/ec_criteria_struct/lct/input/lct_txt_half/NCT03860116_exc.txt wurde erfolgreich geladen.
Die Daten wurden erfolgreich in '/work/eauten2s/ec_criteria_struct/lct/evaluate/eval_p3/model_output/Llama-3-8B-Instruct-Gradient-1048k_5_shot/output/Llama-3-8B-Instruct-Gradient-1048k_NCT03860116_exc_5_shot.json' gespeichert.
File: NCT03860116_inc 

Das File: /work/eauten2s/ec_criteria_struct/lct/input/lct_txt_half/NCT03860116_inc.txt wurde erfolgreich geladen.
Die Daten wurden erfolgreich in '/work/eauten2s/ec_criteria_struct/lct/evaluate/eval_p3/model_output/Llama-3-8B-Instruct-Gradient-1048k_5_shot/output/Llama-3-8B-Instruct-Gradient-1048k_NCT03860116_inc_5_shot.json' gespeichert.
File: NCT03860142_exc 

Das File: /work/eauten2s/ec_criteria_struct/lct/input/lct_txt_half/NCT03860142_exc.txt wurde erfolgreich geladen.
Die Daten wurden erfolgreich in '/work/eauten2s/ec_criteria_struct/lct/evaluate/eval_p3/model_output/Llama-3-8B-Instruct-Gradient-1048k_5_shot/output/Llama-3-8B-Instruct-Gradient-1048k_NCT03860142_exc_5_shot.json' gespeichert.
File: NCT03860142_inc 

Das File: /work/eauten2s/ec_criteria_struct/lct/input/lct_txt_half/NCT03860142_inc.txt wurde erfolgreich geladen.
Die Daten wurden erfolgreich in '/work/eauten2s/ec_criteria_struct/lct/evaluate/eval_p3/model_output/Llama-3-8B-Instruct-Gradient-1048k_5_shot/output/Llama-3-8B-Instruct-Gradient-1048k_NCT03860142_inc_5_shot.json' gespeichert.
File: NCT03860168_exc 

Das File: /work/eauten2s/ec_criteria_struct/lct/input/lct_txt_half/NCT03860168_exc.txt wurde erfolgreich geladen.
Die Daten wurden erfolgreich in '/work/eauten2s/ec_criteria_struct/lct/evaluate/eval_p3/model_output/Llama-3-8B-Instruct-Gradient-1048k_5_shot/output/Llama-3-8B-Instruct-Gradient-1048k_NCT03860168_exc_5_shot.json' gespeichert.
File: NCT03860168_inc 

Das File: /work/eauten2s/ec_criteria_struct/lct/input/lct_txt_half/NCT03860168_inc.txt wurde erfolgreich geladen.
Die Daten wurden erfolgreich in '/work/eauten2s/ec_criteria_struct/lct/evaluate/eval_p3/model_output/Llama-3-8B-Instruct-Gradient-1048k_5_shot/output/Llama-3-8B-Instruct-Gradient-1048k_NCT03860168_inc_5_shot.json' gespeichert.
File: NCT03860194_exc 

Das File: /work/eauten2s/ec_criteria_struct/lct/input/lct_txt_half/NCT03860194_exc.txt wurde erfolgreich geladen.
Die Daten wurden erfolgreich in '/work/eauten2s/ec_criteria_struct/lct/evaluate/eval_p3/model_output/Llama-3-8B-Instruct-Gradient-1048k_5_shot/output/Llama-3-8B-Instruct-Gradient-1048k_NCT03860194_exc_5_shot.json' gespeichert.
File: NCT03860194_inc 

Das File: /work/eauten2s/ec_criteria_struct/lct/input/lct_txt_half/NCT03860194_inc.txt wurde erfolgreich geladen.
Die Daten wurden erfolgreich in '/work/eauten2s/ec_criteria_struct/lct/evaluate/eval_p3/model_output/Llama-3-8B-Instruct-Gradient-1048k_5_shot/output/Llama-3-8B-Instruct-Gradient-1048k_NCT03860194_inc_5_shot.json' gespeichert.
File: NCT03860220_exc 

Das File: /work/eauten2s/ec_criteria_struct/lct/input/lct_txt_half/NCT03860220_exc.txt wurde erfolgreich geladen.
Die Daten wurden erfolgreich in '/work/eauten2s/ec_criteria_struct/lct/evaluate/eval_p3/model_output/Llama-3-8B-Instruct-Gradient-1048k_5_shot/output/Llama-3-8B-Instruct-Gradient-1048k_NCT03860220_exc_5_shot.json' gespeichert.
File: NCT03860220_inc 

Das File: /work/eauten2s/ec_criteria_struct/lct/input/lct_txt_half/NCT03860220_inc.txt wurde erfolgreich geladen.
Die Daten wurden erfolgreich in '/work/eauten2s/ec_criteria_struct/lct/evaluate/eval_p3/model_output/Llama-3-8B-Instruct-Gradient-1048k_5_shot/output/Llama-3-8B-Instruct-Gradient-1048k_NCT03860220_inc_5_shot.json' gespeichert.
File: NCT03860233_exc 

Das File: /work/eauten2s/ec_criteria_struct/lct/input/lct_txt_half/NCT03860233_exc.txt wurde erfolgreich geladen.
Die Daten wurden erfolgreich in '/work/eauten2s/ec_criteria_struct/lct/evaluate/eval_p3/model_output/Llama-3-8B-Instruct-Gradient-1048k_5_shot/output/Llama-3-8B-Instruct-Gradient-1048k_NCT03860233_exc_5_shot.json' gespeichert.
File: NCT03860233_inc 

Das File: /work/eauten2s/ec_criteria_struct/lct/input/lct_txt_half/NCT03860233_inc.txt wurde erfolgreich geladen.
Die Daten wurden erfolgreich in '/work/eauten2s/ec_criteria_struct/lct/evaluate/eval_p3/model_output/Llama-3-8B-Instruct-Gradient-1048k_5_shot/output/Llama-3-8B-Instruct-Gradient-1048k_NCT03860233_inc_5_shot.json' gespeichert.
File: NCT03860246_exc 

Das File: /work/eauten2s/ec_criteria_struct/lct/input/lct_txt_half/NCT03860246_exc.txt wurde erfolgreich geladen.
Die Daten wurden erfolgreich in '/work/eauten2s/ec_criteria_struct/lct/evaluate/eval_p3/model_output/Llama-3-8B-Instruct-Gradient-1048k_5_shot/output/Llama-3-8B-Instruct-Gradient-1048k_NCT03860246_exc_5_shot.json' gespeichert.
File: NCT03860246_inc 

Das File: /work/eauten2s/ec_criteria_struct/lct/input/lct_txt_half/NCT03860246_inc.txt wurde erfolgreich geladen.
Die Daten wurden erfolgreich in '/work/eauten2s/ec_criteria_struct/lct/evaluate/eval_p3/model_output/Llama-3-8B-Instruct-Gradient-1048k_5_shot/output/Llama-3-8B-Instruct-Gradient-1048k_NCT03860246_inc_5_shot.json' gespeichert.
File: NCT03860259_exc 

Das File: /work/eauten2s/ec_criteria_struct/lct/input/lct_txt_half/NCT03860259_exc.txt wurde erfolgreich geladen.
Die Daten wurden erfolgreich in '/work/eauten2s/ec_criteria_struct/lct/evaluate/eval_p3/model_output/Llama-3-8B-Instruct-Gradient-1048k_5_shot/output/Llama-3-8B-Instruct-Gradient-1048k_NCT03860259_exc_5_shot.json' gespeichert.
File: NCT03860259_inc 

Das File: /work/eauten2s/ec_criteria_struct/lct/input/lct_txt_half/NCT03860259_inc.txt wurde erfolgreich geladen.
Die Daten wurden erfolgreich in '/work/eauten2s/ec_criteria_struct/lct/evaluate/eval_p3/model_output/Llama-3-8B-Instruct-Gradient-1048k_5_shot/output/Llama-3-8B-Instruct-Gradient-1048k_NCT03860259_inc_5_shot.json' gespeichert.
File: NCT03860311_exc 

Das File: /work/eauten2s/ec_criteria_struct/lct/input/lct_txt_half/NCT03860311_exc.txt wurde erfolgreich geladen.
Die Daten wurden erfolgreich in '/work/eauten2s/ec_criteria_struct/lct/evaluate/eval_p3/model_output/Llama-3-8B-Instruct-Gradient-1048k_5_shot/output/Llama-3-8B-Instruct-Gradient-1048k_NCT03860311_exc_5_shot.json' gespeichert.
File: NCT03860311_inc 

Das File: /work/eauten2s/ec_criteria_struct/lct/input/lct_txt_half/NCT03860311_inc.txt wurde erfolgreich geladen.
Die Daten wurden erfolgreich in '/work/eauten2s/ec_criteria_struct/lct/evaluate/eval_p3/model_output/Llama-3-8B-Instruct-Gradient-1048k_5_shot/output/Llama-3-8B-Instruct-Gradient-1048k_NCT03860311_inc_5_shot.json' gespeichert.
File: NCT03860324_exc 

Das File: /work/eauten2s/ec_criteria_struct/lct/input/lct_txt_half/NCT03860324_exc.txt wurde erfolgreich geladen.
Die Daten wurden erfolgreich in '/work/eauten2s/ec_criteria_struct/lct/evaluate/eval_p3/model_output/Llama-3-8B-Instruct-Gradient-1048k_5_shot/output/Llama-3-8B-Instruct-Gradient-1048k_NCT03860324_exc_5_shot.json' gespeichert.
File: NCT03860324_inc 

Das File: /work/eauten2s/ec_criteria_struct/lct/input/lct_txt_half/NCT03860324_inc.txt wurde erfolgreich geladen.
Die Daten wurden erfolgreich in '/work/eauten2s/ec_criteria_struct/lct/evaluate/eval_p3/model_output/Llama-3-8B-Instruct-Gradient-1048k_5_shot/output/Llama-3-8B-Instruct-Gradient-1048k_NCT03860324_inc_5_shot.json' gespeichert.
File: NCT03860337_exc 

Das File: /work/eauten2s/ec_criteria_struct/lct/input/lct_txt_half/NCT03860337_exc.txt wurde erfolgreich geladen.
Die Daten wurden erfolgreich in '/work/eauten2s/ec_criteria_struct/lct/evaluate/eval_p3/model_output/Llama-3-8B-Instruct-Gradient-1048k_5_shot/output/Llama-3-8B-Instruct-Gradient-1048k_NCT03860337_exc_5_shot.json' gespeichert.
File: NCT03860337_inc 

Das File: /work/eauten2s/ec_criteria_struct/lct/input/lct_txt_half/NCT03860337_inc.txt wurde erfolgreich geladen.
Die Daten wurden erfolgreich in '/work/eauten2s/ec_criteria_struct/lct/evaluate/eval_p3/model_output/Llama-3-8B-Instruct-Gradient-1048k_5_shot/output/Llama-3-8B-Instruct-Gradient-1048k_NCT03860337_inc_5_shot.json' gespeichert.
File: NCT03860350_exc 

Das File: /work/eauten2s/ec_criteria_struct/lct/input/lct_txt_half/NCT03860350_exc.txt wurde erfolgreich geladen.
Die Daten wurden erfolgreich in '/work/eauten2s/ec_criteria_struct/lct/evaluate/eval_p3/model_output/Llama-3-8B-Instruct-Gradient-1048k_5_shot/output/Llama-3-8B-Instruct-Gradient-1048k_NCT03860350_exc_5_shot.json' gespeichert.
File: NCT03860350_inc 

Das File: /work/eauten2s/ec_criteria_struct/lct/input/lct_txt_half/NCT03860350_inc.txt wurde erfolgreich geladen.
Die Daten wurden erfolgreich in '/work/eauten2s/ec_criteria_struct/lct/evaluate/eval_p3/model_output/Llama-3-8B-Instruct-Gradient-1048k_5_shot/output/Llama-3-8B-Instruct-Gradient-1048k_NCT03860350_inc_5_shot.json' gespeichert.
File: NCT03860363_exc 

Das File: /work/eauten2s/ec_criteria_struct/lct/input/lct_txt_half/NCT03860363_exc.txt wurde erfolgreich geladen.
Die Daten wurden erfolgreich in '/work/eauten2s/ec_criteria_struct/lct/evaluate/eval_p3/model_output/Llama-3-8B-Instruct-Gradient-1048k_5_shot/output/Llama-3-8B-Instruct-Gradient-1048k_NCT03860363_exc_5_shot.json' gespeichert.
File: NCT03860363_inc 

Das File: /work/eauten2s/ec_criteria_struct/lct/input/lct_txt_half/NCT03860363_inc.txt wurde erfolgreich geladen.
Die Daten wurden erfolgreich in '/work/eauten2s/ec_criteria_struct/lct/evaluate/eval_p3/model_output/Llama-3-8B-Instruct-Gradient-1048k_5_shot/output/Llama-3-8B-Instruct-Gradient-1048k_NCT03860363_inc_5_shot.json' gespeichert.
File: NCT03860376_exc 

Das File: /work/eauten2s/ec_criteria_struct/lct/input/lct_txt_half/NCT03860376_exc.txt wurde erfolgreich geladen.
Die Daten wurden erfolgreich in '/work/eauten2s/ec_criteria_struct/lct/evaluate/eval_p3/model_output/Llama-3-8B-Instruct-Gradient-1048k_5_shot/output/Llama-3-8B-Instruct-Gradient-1048k_NCT03860376_exc_5_shot.json' gespeichert.
File: NCT03860376_inc 

Das File: /work/eauten2s/ec_criteria_struct/lct/input/lct_txt_half/NCT03860376_inc.txt wurde erfolgreich geladen.
Die Daten wurden erfolgreich in '/work/eauten2s/ec_criteria_struct/lct/evaluate/eval_p3/model_output/Llama-3-8B-Instruct-Gradient-1048k_5_shot/output/Llama-3-8B-Instruct-Gradient-1048k_NCT03860376_inc_5_shot.json' gespeichert.
File: NCT03860389_exc 

Das File: /work/eauten2s/ec_criteria_struct/lct/input/lct_txt_half/NCT03860389_exc.txt wurde erfolgreich geladen.
Die Daten wurden erfolgreich in '/work/eauten2s/ec_criteria_struct/lct/evaluate/eval_p3/model_output/Llama-3-8B-Instruct-Gradient-1048k_5_shot/output/Llama-3-8B-Instruct-Gradient-1048k_NCT03860389_exc_5_shot.json' gespeichert.
File: NCT03860389_inc 

Das File: /work/eauten2s/ec_criteria_struct/lct/input/lct_txt_half/NCT03860389_inc.txt wurde erfolgreich geladen.
Die Daten wurden erfolgreich in '/work/eauten2s/ec_criteria_struct/lct/evaluate/eval_p3/model_output/Llama-3-8B-Instruct-Gradient-1048k_5_shot/output/Llama-3-8B-Instruct-Gradient-1048k_NCT03860389_inc_5_shot.json' gespeichert.
File: NCT03860402_exc 

Das File: /work/eauten2s/ec_criteria_struct/lct/input/lct_txt_half/NCT03860402_exc.txt wurde erfolgreich geladen.
Die Daten wurden erfolgreich in '/work/eauten2s/ec_criteria_struct/lct/evaluate/eval_p3/model_output/Llama-3-8B-Instruct-Gradient-1048k_5_shot/output/Llama-3-8B-Instruct-Gradient-1048k_NCT03860402_exc_5_shot.json' gespeichert.
File: NCT03860402_inc 

Das File: /work/eauten2s/ec_criteria_struct/lct/input/lct_txt_half/NCT03860402_inc.txt wurde erfolgreich geladen.
Die Daten wurden erfolgreich in '/work/eauten2s/ec_criteria_struct/lct/evaluate/eval_p3/model_output/Llama-3-8B-Instruct-Gradient-1048k_5_shot/output/Llama-3-8B-Instruct-Gradient-1048k_NCT03860402_inc_5_shot.json' gespeichert.
File: NCT03860415_exc 

Das File: /work/eauten2s/ec_criteria_struct/lct/input/lct_txt_half/NCT03860415_exc.txt wurde erfolgreich geladen.
Die Daten wurden erfolgreich in '/work/eauten2s/ec_criteria_struct/lct/evaluate/eval_p3/model_output/Llama-3-8B-Instruct-Gradient-1048k_5_shot/output/Llama-3-8B-Instruct-Gradient-1048k_NCT03860415_exc_5_shot.json' gespeichert.
File: NCT03860415_inc 

Das File: /work/eauten2s/ec_criteria_struct/lct/input/lct_txt_half/NCT03860415_inc.txt wurde erfolgreich geladen.
Die Daten wurden erfolgreich in '/work/eauten2s/ec_criteria_struct/lct/evaluate/eval_p3/model_output/Llama-3-8B-Instruct-Gradient-1048k_5_shot/output/Llama-3-8B-Instruct-Gradient-1048k_NCT03860415_inc_5_shot.json' gespeichert.
File: NCT03860428_exc 

Das File: /work/eauten2s/ec_criteria_struct/lct/input/lct_txt_half/NCT03860428_exc.txt wurde erfolgreich geladen.
Die Daten wurden erfolgreich in '/work/eauten2s/ec_criteria_struct/lct/evaluate/eval_p3/model_output/Llama-3-8B-Instruct-Gradient-1048k_5_shot/output/Llama-3-8B-Instruct-Gradient-1048k_NCT03860428_exc_5_shot.json' gespeichert.
File: NCT03860428_inc 

Das File: /work/eauten2s/ec_criteria_struct/lct/input/lct_txt_half/NCT03860428_inc.txt wurde erfolgreich geladen.
Die Daten wurden erfolgreich in '/work/eauten2s/ec_criteria_struct/lct/evaluate/eval_p3/model_output/Llama-3-8B-Instruct-Gradient-1048k_5_shot/output/Llama-3-8B-Instruct-Gradient-1048k_NCT03860428_inc_5_shot.json' gespeichert.
File: NCT03860454_exc 

Das File: /work/eauten2s/ec_criteria_struct/lct/input/lct_txt_half/NCT03860454_exc.txt wurde erfolgreich geladen.
Die Daten wurden erfolgreich in '/work/eauten2s/ec_criteria_struct/lct/evaluate/eval_p3/model_output/Llama-3-8B-Instruct-Gradient-1048k_5_shot/output/Llama-3-8B-Instruct-Gradient-1048k_NCT03860454_exc_5_shot.json' gespeichert.
File: NCT03860454_inc 

Das File: /work/eauten2s/ec_criteria_struct/lct/input/lct_txt_half/NCT03860454_inc.txt wurde erfolgreich geladen.
Die Daten wurden erfolgreich in '/work/eauten2s/ec_criteria_struct/lct/evaluate/eval_p3/model_output/Llama-3-8B-Instruct-Gradient-1048k_5_shot/output/Llama-3-8B-Instruct-Gradient-1048k_NCT03860454_inc_5_shot.json' gespeichert.
File: NCT03860467_exc 

Das File: /work/eauten2s/ec_criteria_struct/lct/input/lct_txt_half/NCT03860467_exc.txt wurde erfolgreich geladen.
Die Daten wurden erfolgreich in '/work/eauten2s/ec_criteria_struct/lct/evaluate/eval_p3/model_output/Llama-3-8B-Instruct-Gradient-1048k_5_shot/output/Llama-3-8B-Instruct-Gradient-1048k_NCT03860467_exc_5_shot.json' gespeichert.
File: NCT03860467_inc 

Das File: /work/eauten2s/ec_criteria_struct/lct/input/lct_txt_half/NCT03860467_inc.txt wurde erfolgreich geladen.
Die Daten wurden erfolgreich in '/work/eauten2s/ec_criteria_struct/lct/evaluate/eval_p3/model_output/Llama-3-8B-Instruct-Gradient-1048k_5_shot/output/Llama-3-8B-Instruct-Gradient-1048k_NCT03860467_inc_5_shot.json' gespeichert.
File: NCT03860480_exc 

Das File: /work/eauten2s/ec_criteria_struct/lct/input/lct_txt_half/NCT03860480_exc.txt wurde erfolgreich geladen.
Die Daten wurden erfolgreich in '/work/eauten2s/ec_criteria_struct/lct/evaluate/eval_p3/model_output/Llama-3-8B-Instruct-Gradient-1048k_5_shot/output/Llama-3-8B-Instruct-Gradient-1048k_NCT03860480_exc_5_shot.json' gespeichert.
File: NCT03860480_inc 

Das File: /work/eauten2s/ec_criteria_struct/lct/input/lct_txt_half/NCT03860480_inc.txt wurde erfolgreich geladen.
Die Daten wurden erfolgreich in '/work/eauten2s/ec_criteria_struct/lct/evaluate/eval_p3/model_output/Llama-3-8B-Instruct-Gradient-1048k_5_shot/output/Llama-3-8B-Instruct-Gradient-1048k_NCT03860480_inc_5_shot.json' gespeichert.
File: NCT03860493_exc 

Das File: /work/eauten2s/ec_criteria_struct/lct/input/lct_txt_half/NCT03860493_exc.txt wurde erfolgreich geladen.
Die Daten wurden erfolgreich in '/work/eauten2s/ec_criteria_struct/lct/evaluate/eval_p3/model_output/Llama-3-8B-Instruct-Gradient-1048k_5_shot/output/Llama-3-8B-Instruct-Gradient-1048k_NCT03860493_exc_5_shot.json' gespeichert.
File: NCT03860493_inc 

Das File: /work/eauten2s/ec_criteria_struct/lct/input/lct_txt_half/NCT03860493_inc.txt wurde erfolgreich geladen.
Die Daten wurden erfolgreich in '/work/eauten2s/ec_criteria_struct/lct/evaluate/eval_p3/model_output/Llama-3-8B-Instruct-Gradient-1048k_5_shot/output/Llama-3-8B-Instruct-Gradient-1048k_NCT03860493_inc_5_shot.json' gespeichert.
File: NCT03860545_exc 

Das File: /work/eauten2s/ec_criteria_struct/lct/input/lct_txt_half/NCT03860545_exc.txt wurde erfolgreich geladen.
Die Daten wurden erfolgreich in '/work/eauten2s/ec_criteria_struct/lct/evaluate/eval_p3/model_output/Llama-3-8B-Instruct-Gradient-1048k_5_shot/output/Llama-3-8B-Instruct-Gradient-1048k_NCT03860545_exc_5_shot.json' gespeichert.
File: NCT03860545_inc 

Das File: /work/eauten2s/ec_criteria_struct/lct/input/lct_txt_half/NCT03860545_inc.txt wurde erfolgreich geladen.
Die Daten wurden erfolgreich in '/work/eauten2s/ec_criteria_struct/lct/evaluate/eval_p3/model_output/Llama-3-8B-Instruct-Gradient-1048k_5_shot/output/Llama-3-8B-Instruct-Gradient-1048k_NCT03860545_inc_5_shot.json' gespeichert.
File: NCT03860584_exc 

Das File: /work/eauten2s/ec_criteria_struct/lct/input/lct_txt_half/NCT03860584_exc.txt wurde erfolgreich geladen.
Die Daten wurden erfolgreich in '/work/eauten2s/ec_criteria_struct/lct/evaluate/eval_p3/model_output/Llama-3-8B-Instruct-Gradient-1048k_5_shot/output/Llama-3-8B-Instruct-Gradient-1048k_NCT03860584_exc_5_shot.json' gespeichert.
File: NCT03860584_inc 

Das File: /work/eauten2s/ec_criteria_struct/lct/input/lct_txt_half/NCT03860584_inc.txt wurde erfolgreich geladen.
Die Daten wurden erfolgreich in '/work/eauten2s/ec_criteria_struct/lct/evaluate/eval_p3/model_output/Llama-3-8B-Instruct-Gradient-1048k_5_shot/output/Llama-3-8B-Instruct-Gradient-1048k_NCT03860584_inc_5_shot.json' gespeichert.
File: NCT03860597_exc 

Das File: /work/eauten2s/ec_criteria_struct/lct/input/lct_txt_half/NCT03860597_exc.txt wurde erfolgreich geladen.
Die Daten wurden erfolgreich in '/work/eauten2s/ec_criteria_struct/lct/evaluate/eval_p3/model_output/Llama-3-8B-Instruct-Gradient-1048k_5_shot/output/Llama-3-8B-Instruct-Gradient-1048k_NCT03860597_exc_5_shot.json' gespeichert.
File: NCT03860597_inc 

Das File: /work/eauten2s/ec_criteria_struct/lct/input/lct_txt_half/NCT03860597_inc.txt wurde erfolgreich geladen.
Die Daten wurden erfolgreich in '/work/eauten2s/ec_criteria_struct/lct/evaluate/eval_p3/model_output/Llama-3-8B-Instruct-Gradient-1048k_5_shot/output/Llama-3-8B-Instruct-Gradient-1048k_NCT03860597_inc_5_shot.json' gespeichert.
File: NCT03860610_exc 

Das File: /work/eauten2s/ec_criteria_struct/lct/input/lct_txt_half/NCT03860610_exc.txt wurde erfolgreich geladen.
Die Daten wurden erfolgreich in '/work/eauten2s/ec_criteria_struct/lct/evaluate/eval_p3/model_output/Llama-3-8B-Instruct-Gradient-1048k_5_shot/output/Llama-3-8B-Instruct-Gradient-1048k_NCT03860610_exc_5_shot.json' gespeichert.
File: NCT03860610_inc 

Das File: /work/eauten2s/ec_criteria_struct/lct/input/lct_txt_half/NCT03860610_inc.txt wurde erfolgreich geladen.
Die Daten wurden erfolgreich in '/work/eauten2s/ec_criteria_struct/lct/evaluate/eval_p3/model_output/Llama-3-8B-Instruct-Gradient-1048k_5_shot/output/Llama-3-8B-Instruct-Gradient-1048k_NCT03860610_inc_5_shot.json' gespeichert.
File: NCT03860623_exc 

Das File: /work/eauten2s/ec_criteria_struct/lct/input/lct_txt_half/NCT03860623_exc.txt wurde erfolgreich geladen.
Die Daten wurden erfolgreich in '/work/eauten2s/ec_criteria_struct/lct/evaluate/eval_p3/model_output/Llama-3-8B-Instruct-Gradient-1048k_5_shot/output/Llama-3-8B-Instruct-Gradient-1048k_NCT03860623_exc_5_shot.json' gespeichert.
File: NCT03860623_inc 

Das File: /work/eauten2s/ec_criteria_struct/lct/input/lct_txt_half/NCT03860623_inc.txt wurde erfolgreich geladen.
Die Daten wurden erfolgreich in '/work/eauten2s/ec_criteria_struct/lct/evaluate/eval_p3/model_output/Llama-3-8B-Instruct-Gradient-1048k_5_shot/output/Llama-3-8B-Instruct-Gradient-1048k_NCT03860623_inc_5_shot.json' gespeichert.
File: NCT03860662_exc 

Das File: /work/eauten2s/ec_criteria_struct/lct/input/lct_txt_half/NCT03860662_exc.txt wurde erfolgreich geladen.
Die Daten wurden erfolgreich in '/work/eauten2s/ec_criteria_struct/lct/evaluate/eval_p3/model_output/Llama-3-8B-Instruct-Gradient-1048k_5_shot/output/Llama-3-8B-Instruct-Gradient-1048k_NCT03860662_exc_5_shot.json' gespeichert.
File: NCT03860662_inc 

Das File: /work/eauten2s/ec_criteria_struct/lct/input/lct_txt_half/NCT03860662_inc.txt wurde erfolgreich geladen.
Die Daten wurden erfolgreich in '/work/eauten2s/ec_criteria_struct/lct/evaluate/eval_p3/model_output/Llama-3-8B-Instruct-Gradient-1048k_5_shot/output/Llama-3-8B-Instruct-Gradient-1048k_NCT03860662_inc_5_shot.json' gespeichert.
File: NCT03860688_exc 

Das File: /work/eauten2s/ec_criteria_struct/lct/input/lct_txt_half/NCT03860688_exc.txt wurde erfolgreich geladen.
Die Daten wurden erfolgreich in '/work/eauten2s/ec_criteria_struct/lct/evaluate/eval_p3/model_output/Llama-3-8B-Instruct-Gradient-1048k_5_shot/output/Llama-3-8B-Instruct-Gradient-1048k_NCT03860688_exc_5_shot.json' gespeichert.
File: NCT03860688_inc 

Das File: /work/eauten2s/ec_criteria_struct/lct/input/lct_txt_half/NCT03860688_inc.txt wurde erfolgreich geladen.
Die Daten wurden erfolgreich in '/work/eauten2s/ec_criteria_struct/lct/evaluate/eval_p3/model_output/Llama-3-8B-Instruct-Gradient-1048k_5_shot/output/Llama-3-8B-Instruct-Gradient-1048k_NCT03860688_inc_5_shot.json' gespeichert.
File: NCT03860701_exc 

Das File: /work/eauten2s/ec_criteria_struct/lct/input/lct_txt_half/NCT03860701_exc.txt wurde erfolgreich geladen.
Die Daten wurden erfolgreich in '/work/eauten2s/ec_criteria_struct/lct/evaluate/eval_p3/model_output/Llama-3-8B-Instruct-Gradient-1048k_5_shot/output/Llama-3-8B-Instruct-Gradient-1048k_NCT03860701_exc_5_shot.json' gespeichert.
File: NCT03860701_inc 

Das File: /work/eauten2s/ec_criteria_struct/lct/input/lct_txt_half/NCT03860701_inc.txt wurde erfolgreich geladen.
Die Daten wurden erfolgreich in '/work/eauten2s/ec_criteria_struct/lct/evaluate/eval_p3/model_output/Llama-3-8B-Instruct-Gradient-1048k_5_shot/output/Llama-3-8B-Instruct-Gradient-1048k_NCT03860701_inc_5_shot.json' gespeichert.
File: NCT03860714_exc 

Das File: /work/eauten2s/ec_criteria_struct/lct/input/lct_txt_half/NCT03860714_exc.txt wurde erfolgreich geladen.
Die Daten wurden erfolgreich in '/work/eauten2s/ec_criteria_struct/lct/evaluate/eval_p3/model_output/Llama-3-8B-Instruct-Gradient-1048k_5_shot/output/Llama-3-8B-Instruct-Gradient-1048k_NCT03860714_exc_5_shot.json' gespeichert.
File: NCT03860714_inc 

Das File: /work/eauten2s/ec_criteria_struct/lct/input/lct_txt_half/NCT03860714_inc.txt wurde erfolgreich geladen.
Die Daten wurden erfolgreich in '/work/eauten2s/ec_criteria_struct/lct/evaluate/eval_p3/model_output/Llama-3-8B-Instruct-Gradient-1048k_5_shot/output/Llama-3-8B-Instruct-Gradient-1048k_NCT03860714_inc_5_shot.json' gespeichert.
File: NCT03860753_exc 

Das File: /work/eauten2s/ec_criteria_struct/lct/input/lct_txt_half/NCT03860753_exc.txt wurde erfolgreich geladen.
Die Daten wurden erfolgreich in '/work/eauten2s/ec_criteria_struct/lct/evaluate/eval_p3/model_output/Llama-3-8B-Instruct-Gradient-1048k_5_shot/output/Llama-3-8B-Instruct-Gradient-1048k_NCT03860753_exc_5_shot.json' gespeichert.
File: NCT03860753_inc 

Das File: /work/eauten2s/ec_criteria_struct/lct/input/lct_txt_half/NCT03860753_inc.txt wurde erfolgreich geladen.
Die Daten wurden erfolgreich in '/work/eauten2s/ec_criteria_struct/lct/evaluate/eval_p3/model_output/Llama-3-8B-Instruct-Gradient-1048k_5_shot/output/Llama-3-8B-Instruct-Gradient-1048k_NCT03860753_inc_5_shot.json' gespeichert.
File: NCT03860766_exc 

Das File: /work/eauten2s/ec_criteria_struct/lct/input/lct_txt_half/NCT03860766_exc.txt wurde erfolgreich geladen.
Die Daten wurden erfolgreich in '/work/eauten2s/ec_criteria_struct/lct/evaluate/eval_p3/model_output/Llama-3-8B-Instruct-Gradient-1048k_5_shot/output/Llama-3-8B-Instruct-Gradient-1048k_NCT03860766_exc_5_shot.json' gespeichert.
File: NCT03860766_inc 

Das File: /work/eauten2s/ec_criteria_struct/lct/input/lct_txt_half/NCT03860766_inc.txt wurde erfolgreich geladen.
Die Daten wurden erfolgreich in '/work/eauten2s/ec_criteria_struct/lct/evaluate/eval_p3/model_output/Llama-3-8B-Instruct-Gradient-1048k_5_shot/output/Llama-3-8B-Instruct-Gradient-1048k_NCT03860766_inc_5_shot.json' gespeichert.
File: NCT03860779_exc 

Das File: /work/eauten2s/ec_criteria_struct/lct/input/lct_txt_half/NCT03860779_exc.txt wurde erfolgreich geladen.
Die Daten wurden erfolgreich in '/work/eauten2s/ec_criteria_struct/lct/evaluate/eval_p3/model_output/Llama-3-8B-Instruct-Gradient-1048k_5_shot/output/Llama-3-8B-Instruct-Gradient-1048k_NCT03860779_exc_5_shot.json' gespeichert.
File: NCT03860779_inc 

Das File: /work/eauten2s/ec_criteria_struct/lct/input/lct_txt_half/NCT03860779_inc.txt wurde erfolgreich geladen.
Die Daten wurden erfolgreich in '/work/eauten2s/ec_criteria_struct/lct/evaluate/eval_p3/model_output/Llama-3-8B-Instruct-Gradient-1048k_5_shot/output/Llama-3-8B-Instruct-Gradient-1048k_NCT03860779_inc_5_shot.json' gespeichert.
File: NCT03860792_exc 

Das File: /work/eauten2s/ec_criteria_struct/lct/input/lct_txt_half/NCT03860792_exc.txt wurde erfolgreich geladen.
Die Daten wurden erfolgreich in '/work/eauten2s/ec_criteria_struct/lct/evaluate/eval_p3/model_output/Llama-3-8B-Instruct-Gradient-1048k_5_shot/output/Llama-3-8B-Instruct-Gradient-1048k_NCT03860792_exc_5_shot.json' gespeichert.
File: NCT03860792_inc 

Das File: /work/eauten2s/ec_criteria_struct/lct/input/lct_txt_half/NCT03860792_inc.txt wurde erfolgreich geladen.
Die Daten wurden erfolgreich in '/work/eauten2s/ec_criteria_struct/lct/evaluate/eval_p3/model_output/Llama-3-8B-Instruct-Gradient-1048k_5_shot/output/Llama-3-8B-Instruct-Gradient-1048k_NCT03860792_inc_5_shot.json' gespeichert.
File: NCT03860857_exc 

Das File: /work/eauten2s/ec_criteria_struct/lct/input/lct_txt_half/NCT03860857_exc.txt wurde erfolgreich geladen.
Die Daten wurden erfolgreich in '/work/eauten2s/ec_criteria_struct/lct/evaluate/eval_p3/model_output/Llama-3-8B-Instruct-Gradient-1048k_5_shot/output/Llama-3-8B-Instruct-Gradient-1048k_NCT03860857_exc_5_shot.json' gespeichert.
File: NCT03860857_inc 

Das File: /work/eauten2s/ec_criteria_struct/lct/input/lct_txt_half/NCT03860857_inc.txt wurde erfolgreich geladen.
Die Daten wurden erfolgreich in '/work/eauten2s/ec_criteria_struct/lct/evaluate/eval_p3/model_output/Llama-3-8B-Instruct-Gradient-1048k_5_shot/output/Llama-3-8B-Instruct-Gradient-1048k_NCT03860857_inc_5_shot.json' gespeichert.
File: NCT03860870_exc 

Das File: /work/eauten2s/ec_criteria_struct/lct/input/lct_txt_half/NCT03860870_exc.txt wurde erfolgreich geladen.
Die Daten wurden erfolgreich in '/work/eauten2s/ec_criteria_struct/lct/evaluate/eval_p3/model_output/Llama-3-8B-Instruct-Gradient-1048k_5_shot/output/Llama-3-8B-Instruct-Gradient-1048k_NCT03860870_exc_5_shot.json' gespeichert.
File: NCT03860870_inc 

Das File: /work/eauten2s/ec_criteria_struct/lct/input/lct_txt_half/NCT03860870_inc.txt wurde erfolgreich geladen.
Die Daten wurden erfolgreich in '/work/eauten2s/ec_criteria_struct/lct/evaluate/eval_p3/model_output/Llama-3-8B-Instruct-Gradient-1048k_5_shot/output/Llama-3-8B-Instruct-Gradient-1048k_NCT03860870_inc_5_shot.json' gespeichert.
File: NCT03860896_exc 

Das File: /work/eauten2s/ec_criteria_struct/lct/input/lct_txt_half/NCT03860896_exc.txt wurde erfolgreich geladen.
Die Daten wurden erfolgreich in '/work/eauten2s/ec_criteria_struct/lct/evaluate/eval_p3/model_output/Llama-3-8B-Instruct-Gradient-1048k_5_shot/output/Llama-3-8B-Instruct-Gradient-1048k_NCT03860896_exc_5_shot.json' gespeichert.
File: NCT03860896_inc 

Das File: /work/eauten2s/ec_criteria_struct/lct/input/lct_txt_half/NCT03860896_inc.txt wurde erfolgreich geladen.
Die Daten wurden erfolgreich in '/work/eauten2s/ec_criteria_struct/lct/evaluate/eval_p3/model_output/Llama-3-8B-Instruct-Gradient-1048k_5_shot/output/Llama-3-8B-Instruct-Gradient-1048k_NCT03860896_inc_5_shot.json' gespeichert.
File: NCT03860909_exc 

Das File: /work/eauten2s/ec_criteria_struct/lct/input/lct_txt_half/NCT03860909_exc.txt wurde erfolgreich geladen.
Die Daten wurden erfolgreich in '/work/eauten2s/ec_criteria_struct/lct/evaluate/eval_p3/model_output/Llama-3-8B-Instruct-Gradient-1048k_5_shot/output/Llama-3-8B-Instruct-Gradient-1048k_NCT03860909_exc_5_shot.json' gespeichert.
File: NCT03860909_inc 

Das File: /work/eauten2s/ec_criteria_struct/lct/input/lct_txt_half/NCT03860909_inc.txt wurde erfolgreich geladen.
Die Daten wurden erfolgreich in '/work/eauten2s/ec_criteria_struct/lct/evaluate/eval_p3/model_output/Llama-3-8B-Instruct-Gradient-1048k_5_shot/output/Llama-3-8B-Instruct-Gradient-1048k_NCT03860909_inc_5_shot.json' gespeichert.
File: NCT03860922_exc 

Das File: /work/eauten2s/ec_criteria_struct/lct/input/lct_txt_half/NCT03860922_exc.txt wurde erfolgreich geladen.
Die Daten wurden erfolgreich in '/work/eauten2s/ec_criteria_struct/lct/evaluate/eval_p3/model_output/Llama-3-8B-Instruct-Gradient-1048k_5_shot/output/Llama-3-8B-Instruct-Gradient-1048k_NCT03860922_exc_5_shot.json' gespeichert.
File: NCT03860922_inc 

Das File: /work/eauten2s/ec_criteria_struct/lct/input/lct_txt_half/NCT03860922_inc.txt wurde erfolgreich geladen.
Die Daten wurden erfolgreich in '/work/eauten2s/ec_criteria_struct/lct/evaluate/eval_p3/model_output/Llama-3-8B-Instruct-Gradient-1048k_5_shot/output/Llama-3-8B-Instruct-Gradient-1048k_NCT03860922_inc_5_shot.json' gespeichert.
File: NCT03860974_exc 

Das File: /work/eauten2s/ec_criteria_struct/lct/input/lct_txt_half/NCT03860974_exc.txt wurde erfolgreich geladen.
Die Daten wurden erfolgreich in '/work/eauten2s/ec_criteria_struct/lct/evaluate/eval_p3/model_output/Llama-3-8B-Instruct-Gradient-1048k_5_shot/output/Llama-3-8B-Instruct-Gradient-1048k_NCT03860974_exc_5_shot.json' gespeichert.
File: NCT03860974_inc 

Das File: /work/eauten2s/ec_criteria_struct/lct/input/lct_txt_half/NCT03860974_inc.txt wurde erfolgreich geladen.
Die Daten wurden erfolgreich in '/work/eauten2s/ec_criteria_struct/lct/evaluate/eval_p3/model_output/Llama-3-8B-Instruct-Gradient-1048k_5_shot/output/Llama-3-8B-Instruct-Gradient-1048k_NCT03860974_inc_5_shot.json' gespeichert.
File: NCT03861065_exc 

Das File: /work/eauten2s/ec_criteria_struct/lct/input/lct_txt_half/NCT03861065_exc.txt wurde erfolgreich geladen.
Die Daten wurden erfolgreich in '/work/eauten2s/ec_criteria_struct/lct/evaluate/eval_p3/model_output/Llama-3-8B-Instruct-Gradient-1048k_5_shot/output/Llama-3-8B-Instruct-Gradient-1048k_NCT03861065_exc_5_shot.json' gespeichert.
File: NCT03861065_inc 

Das File: /work/eauten2s/ec_criteria_struct/lct/input/lct_txt_half/NCT03861065_inc.txt wurde erfolgreich geladen.
Die Daten wurden erfolgreich in '/work/eauten2s/ec_criteria_struct/lct/evaluate/eval_p3/model_output/Llama-3-8B-Instruct-Gradient-1048k_5_shot/output/Llama-3-8B-Instruct-Gradient-1048k_NCT03861065_inc_5_shot.json' gespeichert.
File: NCT03861078_exc 

Das File: /work/eauten2s/ec_criteria_struct/lct/input/lct_txt_half/NCT03861078_exc.txt wurde erfolgreich geladen.
Die Daten wurden erfolgreich in '/work/eauten2s/ec_criteria_struct/lct/evaluate/eval_p3/model_output/Llama-3-8B-Instruct-Gradient-1048k_5_shot/output/Llama-3-8B-Instruct-Gradient-1048k_NCT03861078_exc_5_shot.json' gespeichert.
File: NCT03861078_inc 

Das File: /work/eauten2s/ec_criteria_struct/lct/input/lct_txt_half/NCT03861078_inc.txt wurde erfolgreich geladen.
Die Daten wurden erfolgreich in '/work/eauten2s/ec_criteria_struct/lct/evaluate/eval_p3/model_output/Llama-3-8B-Instruct-Gradient-1048k_5_shot/output/Llama-3-8B-Instruct-Gradient-1048k_NCT03861078_inc_5_shot.json' gespeichert.
File: NCT03861104_exc 

Das File: /work/eauten2s/ec_criteria_struct/lct/input/lct_txt_half/NCT03861104_exc.txt wurde erfolgreich geladen.
Die Daten wurden erfolgreich in '/work/eauten2s/ec_criteria_struct/lct/evaluate/eval_p3/model_output/Llama-3-8B-Instruct-Gradient-1048k_5_shot/output/Llama-3-8B-Instruct-Gradient-1048k_NCT03861104_exc_5_shot.json' gespeichert.
File: NCT03861104_inc 

Das File: /work/eauten2s/ec_criteria_struct/lct/input/lct_txt_half/NCT03861104_inc.txt wurde erfolgreich geladen.
Die Daten wurden erfolgreich in '/work/eauten2s/ec_criteria_struct/lct/evaluate/eval_p3/model_output/Llama-3-8B-Instruct-Gradient-1048k_5_shot/output/Llama-3-8B-Instruct-Gradient-1048k_NCT03861104_inc_5_shot.json' gespeichert.
File: NCT03861117_exc 

Das File: /work/eauten2s/ec_criteria_struct/lct/input/lct_txt_half/NCT03861117_exc.txt wurde erfolgreich geladen.
Die Daten wurden erfolgreich in '/work/eauten2s/ec_criteria_struct/lct/evaluate/eval_p3/model_output/Llama-3-8B-Instruct-Gradient-1048k_5_shot/output/Llama-3-8B-Instruct-Gradient-1048k_NCT03861117_exc_5_shot.json' gespeichert.
File: NCT03861117_inc 

Das File: /work/eauten2s/ec_criteria_struct/lct/input/lct_txt_half/NCT03861117_inc.txt wurde erfolgreich geladen.
Die Daten wurden erfolgreich in '/work/eauten2s/ec_criteria_struct/lct/evaluate/eval_p3/model_output/Llama-3-8B-Instruct-Gradient-1048k_5_shot/output/Llama-3-8B-Instruct-Gradient-1048k_NCT03861117_inc_5_shot.json' gespeichert.
File: NCT03861130_exc 

Das File: /work/eauten2s/ec_criteria_struct/lct/input/lct_txt_half/NCT03861130_exc.txt wurde erfolgreich geladen.
Die Daten wurden erfolgreich in '/work/eauten2s/ec_criteria_struct/lct/evaluate/eval_p3/model_output/Llama-3-8B-Instruct-Gradient-1048k_5_shot/output/Llama-3-8B-Instruct-Gradient-1048k_NCT03861130_exc_5_shot.json' gespeichert.
File: NCT03861130_inc 

Das File: /work/eauten2s/ec_criteria_struct/lct/input/lct_txt_half/NCT03861130_inc.txt wurde erfolgreich geladen.
Die Daten wurden erfolgreich in '/work/eauten2s/ec_criteria_struct/lct/evaluate/eval_p3/model_output/Llama-3-8B-Instruct-Gradient-1048k_5_shot/output/Llama-3-8B-Instruct-Gradient-1048k_NCT03861130_inc_5_shot.json' gespeichert.
File: NCT03861156_exc 

Das File: /work/eauten2s/ec_criteria_struct/lct/input/lct_txt_half/NCT03861156_exc.txt wurde erfolgreich geladen.
Die Daten wurden erfolgreich in '/work/eauten2s/ec_criteria_struct/lct/evaluate/eval_p3/model_output/Llama-3-8B-Instruct-Gradient-1048k_5_shot/output/Llama-3-8B-Instruct-Gradient-1048k_NCT03861156_exc_5_shot.json' gespeichert.
File: NCT03861156_inc 

Das File: /work/eauten2s/ec_criteria_struct/lct/input/lct_txt_half/NCT03861156_inc.txt wurde erfolgreich geladen.
Die Daten wurden erfolgreich in '/work/eauten2s/ec_criteria_struct/lct/evaluate/eval_p3/model_output/Llama-3-8B-Instruct-Gradient-1048k_5_shot/output/Llama-3-8B-Instruct-Gradient-1048k_NCT03861156_inc_5_shot.json' gespeichert.
File: NCT03861182_exc 

Das File: /work/eauten2s/ec_criteria_struct/lct/input/lct_txt_half/NCT03861182_exc.txt wurde erfolgreich geladen.
Die Daten wurden erfolgreich in '/work/eauten2s/ec_criteria_struct/lct/evaluate/eval_p3/model_output/Llama-3-8B-Instruct-Gradient-1048k_5_shot/output/Llama-3-8B-Instruct-Gradient-1048k_NCT03861182_exc_5_shot.json' gespeichert.
File: NCT03861182_inc 

Das File: /work/eauten2s/ec_criteria_struct/lct/input/lct_txt_half/NCT03861182_inc.txt wurde erfolgreich geladen.
Die Daten wurden erfolgreich in '/work/eauten2s/ec_criteria_struct/lct/evaluate/eval_p3/model_output/Llama-3-8B-Instruct-Gradient-1048k_5_shot/output/Llama-3-8B-Instruct-Gradient-1048k_NCT03861182_inc_5_shot.json' gespeichert.
File: NCT03861195_exc 

Das File: /work/eauten2s/ec_criteria_struct/lct/input/lct_txt_half/NCT03861195_exc.txt wurde erfolgreich geladen.
Die Daten wurden erfolgreich in '/work/eauten2s/ec_criteria_struct/lct/evaluate/eval_p3/model_output/Llama-3-8B-Instruct-Gradient-1048k_5_shot/output/Llama-3-8B-Instruct-Gradient-1048k_NCT03861195_exc_5_shot.json' gespeichert.
File: NCT03861195_inc 

Das File: /work/eauten2s/ec_criteria_struct/lct/input/lct_txt_half/NCT03861195_inc.txt wurde erfolgreich geladen.
Die Daten wurden erfolgreich in '/work/eauten2s/ec_criteria_struct/lct/evaluate/eval_p3/model_output/Llama-3-8B-Instruct-Gradient-1048k_5_shot/output/Llama-3-8B-Instruct-Gradient-1048k_NCT03861195_inc_5_shot.json' gespeichert.
File: NCT03861208_exc 

Das File: /work/eauten2s/ec_criteria_struct/lct/input/lct_txt_half/NCT03861208_exc.txt wurde erfolgreich geladen.
Die Daten wurden erfolgreich in '/work/eauten2s/ec_criteria_struct/lct/evaluate/eval_p3/model_output/Llama-3-8B-Instruct-Gradient-1048k_5_shot/output/Llama-3-8B-Instruct-Gradient-1048k_NCT03861208_exc_5_shot.json' gespeichert.
File: NCT03861208_inc 

Das File: /work/eauten2s/ec_criteria_struct/lct/input/lct_txt_half/NCT03861208_inc.txt wurde erfolgreich geladen.
Die Daten wurden erfolgreich in '/work/eauten2s/ec_criteria_struct/lct/evaluate/eval_p3/model_output/Llama-3-8B-Instruct-Gradient-1048k_5_shot/output/Llama-3-8B-Instruct-Gradient-1048k_NCT03861208_inc_5_shot.json' gespeichert.
File: NCT03861221_exc 

Das File: /work/eauten2s/ec_criteria_struct/lct/input/lct_txt_half/NCT03861221_exc.txt wurde erfolgreich geladen.
Die Daten wurden erfolgreich in '/work/eauten2s/ec_criteria_struct/lct/evaluate/eval_p3/model_output/Llama-3-8B-Instruct-Gradient-1048k_5_shot/output/Llama-3-8B-Instruct-Gradient-1048k_NCT03861221_exc_5_shot.json' gespeichert.
File: NCT03861221_inc 

Das File: /work/eauten2s/ec_criteria_struct/lct/input/lct_txt_half/NCT03861221_inc.txt wurde erfolgreich geladen.
Die Daten wurden erfolgreich in '/work/eauten2s/ec_criteria_struct/lct/evaluate/eval_p3/model_output/Llama-3-8B-Instruct-Gradient-1048k_5_shot/output/Llama-3-8B-Instruct-Gradient-1048k_NCT03861221_inc_5_shot.json' gespeichert.
File: NCT03861286_exc 

Das File: /work/eauten2s/ec_criteria_struct/lct/input/lct_txt_half/NCT03861286_exc.txt wurde erfolgreich geladen.
Die Daten wurden erfolgreich in '/work/eauten2s/ec_criteria_struct/lct/evaluate/eval_p3/model_output/Llama-3-8B-Instruct-Gradient-1048k_5_shot/output/Llama-3-8B-Instruct-Gradient-1048k_NCT03861286_exc_5_shot.json' gespeichert.
File: NCT03861286_inc 

Das File: /work/eauten2s/ec_criteria_struct/lct/input/lct_txt_half/NCT03861286_inc.txt wurde erfolgreich geladen.
Die Daten wurden erfolgreich in '/work/eauten2s/ec_criteria_struct/lct/evaluate/eval_p3/model_output/Llama-3-8B-Instruct-Gradient-1048k_5_shot/output/Llama-3-8B-Instruct-Gradient-1048k_NCT03861286_inc_5_shot.json' gespeichert.
File: NCT03861299_exc 

Das File: /work/eauten2s/ec_criteria_struct/lct/input/lct_txt_half/NCT03861299_exc.txt wurde erfolgreich geladen.
Die Daten wurden erfolgreich in '/work/eauten2s/ec_criteria_struct/lct/evaluate/eval_p3/model_output/Llama-3-8B-Instruct-Gradient-1048k_5_shot/output/Llama-3-8B-Instruct-Gradient-1048k_NCT03861299_exc_5_shot.json' gespeichert.
File: NCT03861299_inc 

Das File: /work/eauten2s/ec_criteria_struct/lct/input/lct_txt_half/NCT03861299_inc.txt wurde erfolgreich geladen.
Die Daten wurden erfolgreich in '/work/eauten2s/ec_criteria_struct/lct/evaluate/eval_p3/model_output/Llama-3-8B-Instruct-Gradient-1048k_5_shot/output/Llama-3-8B-Instruct-Gradient-1048k_NCT03861299_inc_5_shot.json' gespeichert.
File: NCT03861325_exc 

Das File: /work/eauten2s/ec_criteria_struct/lct/input/lct_txt_half/NCT03861325_exc.txt wurde erfolgreich geladen.
Die Daten wurden erfolgreich in '/work/eauten2s/ec_criteria_struct/lct/evaluate/eval_p3/model_output/Llama-3-8B-Instruct-Gradient-1048k_5_shot/output/Llama-3-8B-Instruct-Gradient-1048k_NCT03861325_exc_5_shot.json' gespeichert.
File: NCT03861325_inc 

Das File: /work/eauten2s/ec_criteria_struct/lct/input/lct_txt_half/NCT03861325_inc.txt wurde erfolgreich geladen.
Die Daten wurden erfolgreich in '/work/eauten2s/ec_criteria_struct/lct/evaluate/eval_p3/model_output/Llama-3-8B-Instruct-Gradient-1048k_5_shot/output/Llama-3-8B-Instruct-Gradient-1048k_NCT03861325_inc_5_shot.json' gespeichert.
File: NCT03861377_exc 

Das File: /work/eauten2s/ec_criteria_struct/lct/input/lct_txt_half/NCT03861377_exc.txt wurde erfolgreich geladen.
Die Daten wurden erfolgreich in '/work/eauten2s/ec_criteria_struct/lct/evaluate/eval_p3/model_output/Llama-3-8B-Instruct-Gradient-1048k_5_shot/output/Llama-3-8B-Instruct-Gradient-1048k_NCT03861377_exc_5_shot.json' gespeichert.
File: NCT03861377_inc 

Das File: /work/eauten2s/ec_criteria_struct/lct/input/lct_txt_half/NCT03861377_inc.txt wurde erfolgreich geladen.
Die Daten wurden erfolgreich in '/work/eauten2s/ec_criteria_struct/lct/evaluate/eval_p3/model_output/Llama-3-8B-Instruct-Gradient-1048k_5_shot/output/Llama-3-8B-Instruct-Gradient-1048k_NCT03861377_inc_5_shot.json' gespeichert.
File: NCT03861429_exc 

Das File: /work/eauten2s/ec_criteria_struct/lct/input/lct_txt_half/NCT03861429_exc.txt wurde erfolgreich geladen.
Die Daten wurden erfolgreich in '/work/eauten2s/ec_criteria_struct/lct/evaluate/eval_p3/model_output/Llama-3-8B-Instruct-Gradient-1048k_5_shot/output/Llama-3-8B-Instruct-Gradient-1048k_NCT03861429_exc_5_shot.json' gespeichert.
File: NCT03861429_inc 

Das File: /work/eauten2s/ec_criteria_struct/lct/input/lct_txt_half/NCT03861429_inc.txt wurde erfolgreich geladen.
Die Daten wurden erfolgreich in '/work/eauten2s/ec_criteria_struct/lct/evaluate/eval_p3/model_output/Llama-3-8B-Instruct-Gradient-1048k_5_shot/output/Llama-3-8B-Instruct-Gradient-1048k_NCT03861429_inc_5_shot.json' gespeichert.
File: NCT03861442_inc 

Das File: /work/eauten2s/ec_criteria_struct/lct/input/lct_txt_half/NCT03861442_inc.txt wurde erfolgreich geladen.
Die Daten wurden erfolgreich in '/work/eauten2s/ec_criteria_struct/lct/evaluate/eval_p3/model_output/Llama-3-8B-Instruct-Gradient-1048k_5_shot/output/Llama-3-8B-Instruct-Gradient-1048k_NCT03861442_inc_5_shot.json' gespeichert.
File: NCT03861468_exc 

Das File: /work/eauten2s/ec_criteria_struct/lct/input/lct_txt_half/NCT03861468_exc.txt wurde erfolgreich geladen.
Die Daten wurden erfolgreich in '/work/eauten2s/ec_criteria_struct/lct/evaluate/eval_p3/model_output/Llama-3-8B-Instruct-Gradient-1048k_5_shot/output/Llama-3-8B-Instruct-Gradient-1048k_NCT03861468_exc_5_shot.json' gespeichert.
File: NCT03861468_inc 

Das File: /work/eauten2s/ec_criteria_struct/lct/input/lct_txt_half/NCT03861468_inc.txt wurde erfolgreich geladen.
Die Daten wurden erfolgreich in '/work/eauten2s/ec_criteria_struct/lct/evaluate/eval_p3/model_output/Llama-3-8B-Instruct-Gradient-1048k_5_shot/output/Llama-3-8B-Instruct-Gradient-1048k_NCT03861468_inc_5_shot.json' gespeichert.
File: NCT03861494_exc 

Das File: /work/eauten2s/ec_criteria_struct/lct/input/lct_txt_half/NCT03861494_exc.txt wurde erfolgreich geladen.
Die Daten wurden erfolgreich in '/work/eauten2s/ec_criteria_struct/lct/evaluate/eval_p3/model_output/Llama-3-8B-Instruct-Gradient-1048k_5_shot/output/Llama-3-8B-Instruct-Gradient-1048k_NCT03861494_exc_5_shot.json' gespeichert.
File: NCT03861494_inc 

Das File: /work/eauten2s/ec_criteria_struct/lct/input/lct_txt_half/NCT03861494_inc.txt wurde erfolgreich geladen.
Die Daten wurden erfolgreich in '/work/eauten2s/ec_criteria_struct/lct/evaluate/eval_p3/model_output/Llama-3-8B-Instruct-Gradient-1048k_5_shot/output/Llama-3-8B-Instruct-Gradient-1048k_NCT03861494_inc_5_shot.json' gespeichert.
File: NCT03861507_exc 

Das File: /work/eauten2s/ec_criteria_struct/lct/input/lct_txt_half/NCT03861507_exc.txt wurde erfolgreich geladen.
Die Daten wurden erfolgreich in '/work/eauten2s/ec_criteria_struct/lct/evaluate/eval_p3/model_output/Llama-3-8B-Instruct-Gradient-1048k_5_shot/output/Llama-3-8B-Instruct-Gradient-1048k_NCT03861507_exc_5_shot.json' gespeichert.
File: NCT03861507_inc 

Das File: /work/eauten2s/ec_criteria_struct/lct/input/lct_txt_half/NCT03861507_inc.txt wurde erfolgreich geladen.
Die Daten wurden erfolgreich in '/work/eauten2s/ec_criteria_struct/lct/evaluate/eval_p3/model_output/Llama-3-8B-Instruct-Gradient-1048k_5_shot/output/Llama-3-8B-Instruct-Gradient-1048k_NCT03861507_inc_5_shot.json' gespeichert.
File: NCT03861520_exc 

Das File: /work/eauten2s/ec_criteria_struct/lct/input/lct_txt_half/NCT03861520_exc.txt wurde erfolgreich geladen.
Die Daten wurden erfolgreich in '/work/eauten2s/ec_criteria_struct/lct/evaluate/eval_p3/model_output/Llama-3-8B-Instruct-Gradient-1048k_5_shot/output/Llama-3-8B-Instruct-Gradient-1048k_NCT03861520_exc_5_shot.json' gespeichert.
File: NCT03861520_inc 

Das File: /work/eauten2s/ec_criteria_struct/lct/input/lct_txt_half/NCT03861520_inc.txt wurde erfolgreich geladen.
Die Daten wurden erfolgreich in '/work/eauten2s/ec_criteria_struct/lct/evaluate/eval_p3/model_output/Llama-3-8B-Instruct-Gradient-1048k_5_shot/output/Llama-3-8B-Instruct-Gradient-1048k_NCT03861520_inc_5_shot.json' gespeichert.
File: NCT03861533_exc 

Das File: /work/eauten2s/ec_criteria_struct/lct/input/lct_txt_half/NCT03861533_exc.txt wurde erfolgreich geladen.
Die Daten wurden erfolgreich in '/work/eauten2s/ec_criteria_struct/lct/evaluate/eval_p3/model_output/Llama-3-8B-Instruct-Gradient-1048k_5_shot/output/Llama-3-8B-Instruct-Gradient-1048k_NCT03861533_exc_5_shot.json' gespeichert.
File: NCT03861533_inc 

Das File: /work/eauten2s/ec_criteria_struct/lct/input/lct_txt_half/NCT03861533_inc.txt wurde erfolgreich geladen.
Die Daten wurden erfolgreich in '/work/eauten2s/ec_criteria_struct/lct/evaluate/eval_p3/model_output/Llama-3-8B-Instruct-Gradient-1048k_5_shot/output/Llama-3-8B-Instruct-Gradient-1048k_NCT03861533_inc_5_shot.json' gespeichert.
File: NCT03861546_exc 

Das File: /work/eauten2s/ec_criteria_struct/lct/input/lct_txt_half/NCT03861546_exc.txt wurde erfolgreich geladen.
Die Daten wurden erfolgreich in '/work/eauten2s/ec_criteria_struct/lct/evaluate/eval_p3/model_output/Llama-3-8B-Instruct-Gradient-1048k_5_shot/output/Llama-3-8B-Instruct-Gradient-1048k_NCT03861546_exc_5_shot.json' gespeichert.
File: NCT03861546_inc 

Das File: /work/eauten2s/ec_criteria_struct/lct/input/lct_txt_half/NCT03861546_inc.txt wurde erfolgreich geladen.
Die Daten wurden erfolgreich in '/work/eauten2s/ec_criteria_struct/lct/evaluate/eval_p3/model_output/Llama-3-8B-Instruct-Gradient-1048k_5_shot/output/Llama-3-8B-Instruct-Gradient-1048k_NCT03861546_inc_5_shot.json' gespeichert.
File: NCT03861559_exc 

Das File: /work/eauten2s/ec_criteria_struct/lct/input/lct_txt_half/NCT03861559_exc.txt wurde erfolgreich geladen.
Die Daten wurden erfolgreich in '/work/eauten2s/ec_criteria_struct/lct/evaluate/eval_p3/model_output/Llama-3-8B-Instruct-Gradient-1048k_5_shot/output/Llama-3-8B-Instruct-Gradient-1048k_NCT03861559_exc_5_shot.json' gespeichert.
File: NCT03861559_inc 

Das File: /work/eauten2s/ec_criteria_struct/lct/input/lct_txt_half/NCT03861559_inc.txt wurde erfolgreich geladen.
Die Daten wurden erfolgreich in '/work/eauten2s/ec_criteria_struct/lct/evaluate/eval_p3/model_output/Llama-3-8B-Instruct-Gradient-1048k_5_shot/output/Llama-3-8B-Instruct-Gradient-1048k_NCT03861559_inc_5_shot.json' gespeichert.
File: NCT03861572_exc 

Das File: /work/eauten2s/ec_criteria_struct/lct/input/lct_txt_half/NCT03861572_exc.txt wurde erfolgreich geladen.
Die Daten wurden erfolgreich in '/work/eauten2s/ec_criteria_struct/lct/evaluate/eval_p3/model_output/Llama-3-8B-Instruct-Gradient-1048k_5_shot/output/Llama-3-8B-Instruct-Gradient-1048k_NCT03861572_exc_5_shot.json' gespeichert.
File: NCT03861572_inc 

Das File: /work/eauten2s/ec_criteria_struct/lct/input/lct_txt_half/NCT03861572_inc.txt wurde erfolgreich geladen.
Die Daten wurden erfolgreich in '/work/eauten2s/ec_criteria_struct/lct/evaluate/eval_p3/model_output/Llama-3-8B-Instruct-Gradient-1048k_5_shot/output/Llama-3-8B-Instruct-Gradient-1048k_NCT03861572_inc_5_shot.json' gespeichert.
File: NCT03861585_exc 

Das File: /work/eauten2s/ec_criteria_struct/lct/input/lct_txt_half/NCT03861585_exc.txt wurde erfolgreich geladen.
Die Daten wurden erfolgreich in '/work/eauten2s/ec_criteria_struct/lct/evaluate/eval_p3/model_output/Llama-3-8B-Instruct-Gradient-1048k_5_shot/output/Llama-3-8B-Instruct-Gradient-1048k_NCT03861585_exc_5_shot.json' gespeichert.
File: NCT03861585_inc 

Das File: /work/eauten2s/ec_criteria_struct/lct/input/lct_txt_half/NCT03861585_inc.txt wurde erfolgreich geladen.
Die Daten wurden erfolgreich in '/work/eauten2s/ec_criteria_struct/lct/evaluate/eval_p3/model_output/Llama-3-8B-Instruct-Gradient-1048k_5_shot/output/Llama-3-8B-Instruct-Gradient-1048k_NCT03861585_inc_5_shot.json' gespeichert.
File: NCT03861598_exc 

Das File: /work/eauten2s/ec_criteria_struct/lct/input/lct_txt_half/NCT03861598_exc.txt wurde erfolgreich geladen.
Die Daten wurden erfolgreich in '/work/eauten2s/ec_criteria_struct/lct/evaluate/eval_p3/model_output/Llama-3-8B-Instruct-Gradient-1048k_5_shot/output/Llama-3-8B-Instruct-Gradient-1048k_NCT03861598_exc_5_shot.json' gespeichert.
File: NCT03861598_inc 

Das File: /work/eauten2s/ec_criteria_struct/lct/input/lct_txt_half/NCT03861598_inc.txt wurde erfolgreich geladen.
Die Daten wurden erfolgreich in '/work/eauten2s/ec_criteria_struct/lct/evaluate/eval_p3/model_output/Llama-3-8B-Instruct-Gradient-1048k_5_shot/output/Llama-3-8B-Instruct-Gradient-1048k_NCT03861598_inc_5_shot.json' gespeichert.
File: NCT03861611_exc 

Das File: /work/eauten2s/ec_criteria_struct/lct/input/lct_txt_half/NCT03861611_exc.txt wurde erfolgreich geladen.
Die Daten wurden erfolgreich in '/work/eauten2s/ec_criteria_struct/lct/evaluate/eval_p3/model_output/Llama-3-8B-Instruct-Gradient-1048k_5_shot/output/Llama-3-8B-Instruct-Gradient-1048k_NCT03861611_exc_5_shot.json' gespeichert.
File: NCT03861611_inc 

Das File: /work/eauten2s/ec_criteria_struct/lct/input/lct_txt_half/NCT03861611_inc.txt wurde erfolgreich geladen.
Die Daten wurden erfolgreich in '/work/eauten2s/ec_criteria_struct/lct/evaluate/eval_p3/model_output/Llama-3-8B-Instruct-Gradient-1048k_5_shot/output/Llama-3-8B-Instruct-Gradient-1048k_NCT03861611_inc_5_shot.json' gespeichert.
File: NCT03861624_exc 

Das File: /work/eauten2s/ec_criteria_struct/lct/input/lct_txt_half/NCT03861624_exc.txt wurde erfolgreich geladen.
Die Daten wurden erfolgreich in '/work/eauten2s/ec_criteria_struct/lct/evaluate/eval_p3/model_output/Llama-3-8B-Instruct-Gradient-1048k_5_shot/output/Llama-3-8B-Instruct-Gradient-1048k_NCT03861624_exc_5_shot.json' gespeichert.
File: NCT03861624_inc 

Das File: /work/eauten2s/ec_criteria_struct/lct/input/lct_txt_half/NCT03861624_inc.txt wurde erfolgreich geladen.
Die Daten wurden erfolgreich in '/work/eauten2s/ec_criteria_struct/lct/evaluate/eval_p3/model_output/Llama-3-8B-Instruct-Gradient-1048k_5_shot/output/Llama-3-8B-Instruct-Gradient-1048k_NCT03861624_inc_5_shot.json' gespeichert.
File: NCT03861637_exc 

Das File: /work/eauten2s/ec_criteria_struct/lct/input/lct_txt_half/NCT03861637_exc.txt wurde erfolgreich geladen.
Die Daten wurden erfolgreich in '/work/eauten2s/ec_criteria_struct/lct/evaluate/eval_p3/model_output/Llama-3-8B-Instruct-Gradient-1048k_5_shot/output/Llama-3-8B-Instruct-Gradient-1048k_NCT03861637_exc_5_shot.json' gespeichert.
File: NCT03861637_inc 

Das File: /work/eauten2s/ec_criteria_struct/lct/input/lct_txt_half/NCT03861637_inc.txt wurde erfolgreich geladen.
Die Daten wurden erfolgreich in '/work/eauten2s/ec_criteria_struct/lct/evaluate/eval_p3/model_output/Llama-3-8B-Instruct-Gradient-1048k_5_shot/output/Llama-3-8B-Instruct-Gradient-1048k_NCT03861637_inc_5_shot.json' gespeichert.
File: NCT03861650_exc 

Das File: /work/eauten2s/ec_criteria_struct/lct/input/lct_txt_half/NCT03861650_exc.txt wurde erfolgreich geladen.
Die Daten wurden erfolgreich in '/work/eauten2s/ec_criteria_struct/lct/evaluate/eval_p3/model_output/Llama-3-8B-Instruct-Gradient-1048k_5_shot/output/Llama-3-8B-Instruct-Gradient-1048k_NCT03861650_exc_5_shot.json' gespeichert.
File: NCT03861650_inc 

Das File: /work/eauten2s/ec_criteria_struct/lct/input/lct_txt_half/NCT03861650_inc.txt wurde erfolgreich geladen.
Die Daten wurden erfolgreich in '/work/eauten2s/ec_criteria_struct/lct/evaluate/eval_p3/model_output/Llama-3-8B-Instruct-Gradient-1048k_5_shot/output/Llama-3-8B-Instruct-Gradient-1048k_NCT03861650_inc_5_shot.json' gespeichert.
File: NCT03861676_exc 

Das File: /work/eauten2s/ec_criteria_struct/lct/input/lct_txt_half/NCT03861676_exc.txt wurde erfolgreich geladen.
Die Daten wurden erfolgreich in '/work/eauten2s/ec_criteria_struct/lct/evaluate/eval_p3/model_output/Llama-3-8B-Instruct-Gradient-1048k_5_shot/output/Llama-3-8B-Instruct-Gradient-1048k_NCT03861676_exc_5_shot.json' gespeichert.
File: NCT03861676_inc 

Das File: /work/eauten2s/ec_criteria_struct/lct/input/lct_txt_half/NCT03861676_inc.txt wurde erfolgreich geladen.
Die Daten wurden erfolgreich in '/work/eauten2s/ec_criteria_struct/lct/evaluate/eval_p3/model_output/Llama-3-8B-Instruct-Gradient-1048k_5_shot/output/Llama-3-8B-Instruct-Gradient-1048k_NCT03861676_inc_5_shot.json' gespeichert.
File: NCT03861689_exc 

Das File: /work/eauten2s/ec_criteria_struct/lct/input/lct_txt_half/NCT03861689_exc.txt wurde erfolgreich geladen.
Die Daten wurden erfolgreich in '/work/eauten2s/ec_criteria_struct/lct/evaluate/eval_p3/model_output/Llama-3-8B-Instruct-Gradient-1048k_5_shot/output/Llama-3-8B-Instruct-Gradient-1048k_NCT03861689_exc_5_shot.json' gespeichert.
File: NCT03861689_inc 

Das File: /work/eauten2s/ec_criteria_struct/lct/input/lct_txt_half/NCT03861689_inc.txt wurde erfolgreich geladen.
Die Daten wurden erfolgreich in '/work/eauten2s/ec_criteria_struct/lct/evaluate/eval_p3/model_output/Llama-3-8B-Instruct-Gradient-1048k_5_shot/output/Llama-3-8B-Instruct-Gradient-1048k_NCT03861689_inc_5_shot.json' gespeichert.
File: NCT03861715_exc 

Das File: /work/eauten2s/ec_criteria_struct/lct/input/lct_txt_half/NCT03861715_exc.txt wurde erfolgreich geladen.
Die Daten wurden erfolgreich in '/work/eauten2s/ec_criteria_struct/lct/evaluate/eval_p3/model_output/Llama-3-8B-Instruct-Gradient-1048k_5_shot/output/Llama-3-8B-Instruct-Gradient-1048k_NCT03861715_exc_5_shot.json' gespeichert.
File: NCT03861715_inc 

Das File: /work/eauten2s/ec_criteria_struct/lct/input/lct_txt_half/NCT03861715_inc.txt wurde erfolgreich geladen.
Die Daten wurden erfolgreich in '/work/eauten2s/ec_criteria_struct/lct/evaluate/eval_p3/model_output/Llama-3-8B-Instruct-Gradient-1048k_5_shot/output/Llama-3-8B-Instruct-Gradient-1048k_NCT03861715_inc_5_shot.json' gespeichert.
File: NCT03861741_exc 

Das File: /work/eauten2s/ec_criteria_struct/lct/input/lct_txt_half/NCT03861741_exc.txt wurde erfolgreich geladen.
Die Daten wurden erfolgreich in '/work/eauten2s/ec_criteria_struct/lct/evaluate/eval_p3/model_output/Llama-3-8B-Instruct-Gradient-1048k_5_shot/output/Llama-3-8B-Instruct-Gradient-1048k_NCT03861741_exc_5_shot.json' gespeichert.
File: NCT03861741_inc 

Das File: /work/eauten2s/ec_criteria_struct/lct/input/lct_txt_half/NCT03861741_inc.txt wurde erfolgreich geladen.
Die Daten wurden erfolgreich in '/work/eauten2s/ec_criteria_struct/lct/evaluate/eval_p3/model_output/Llama-3-8B-Instruct-Gradient-1048k_5_shot/output/Llama-3-8B-Instruct-Gradient-1048k_NCT03861741_inc_5_shot.json' gespeichert.
File: NCT03861754_exc 

Das File: /work/eauten2s/ec_criteria_struct/lct/input/lct_txt_half/NCT03861754_exc.txt wurde erfolgreich geladen.
Die Daten wurden erfolgreich in '/work/eauten2s/ec_criteria_struct/lct/evaluate/eval_p3/model_output/Llama-3-8B-Instruct-Gradient-1048k_5_shot/output/Llama-3-8B-Instruct-Gradient-1048k_NCT03861754_exc_5_shot.json' gespeichert.
File: NCT03861754_inc 

Das File: /work/eauten2s/ec_criteria_struct/lct/input/lct_txt_half/NCT03861754_inc.txt wurde erfolgreich geladen.
Die Daten wurden erfolgreich in '/work/eauten2s/ec_criteria_struct/lct/evaluate/eval_p3/model_output/Llama-3-8B-Instruct-Gradient-1048k_5_shot/output/Llama-3-8B-Instruct-Gradient-1048k_NCT03861754_inc_5_shot.json' gespeichert.
File: NCT03861806_exc 

Das File: /work/eauten2s/ec_criteria_struct/lct/input/lct_txt_half/NCT03861806_exc.txt wurde erfolgreich geladen.
Die Daten wurden erfolgreich in '/work/eauten2s/ec_criteria_struct/lct/evaluate/eval_p3/model_output/Llama-3-8B-Instruct-Gradient-1048k_5_shot/output/Llama-3-8B-Instruct-Gradient-1048k_NCT03861806_exc_5_shot.json' gespeichert.
File: NCT03861806_inc 

Das File: /work/eauten2s/ec_criteria_struct/lct/input/lct_txt_half/NCT03861806_inc.txt wurde erfolgreich geladen.
Die Daten wurden erfolgreich in '/work/eauten2s/ec_criteria_struct/lct/evaluate/eval_p3/model_output/Llama-3-8B-Instruct-Gradient-1048k_5_shot/output/Llama-3-8B-Instruct-Gradient-1048k_NCT03861806_inc_5_shot.json' gespeichert.
File: NCT03861819_inc 

Das File: /work/eauten2s/ec_criteria_struct/lct/input/lct_txt_half/NCT03861819_inc.txt wurde erfolgreich geladen.
Die Daten wurden erfolgreich in '/work/eauten2s/ec_criteria_struct/lct/evaluate/eval_p3/model_output/Llama-3-8B-Instruct-Gradient-1048k_5_shot/output/Llama-3-8B-Instruct-Gradient-1048k_NCT03861819_inc_5_shot.json' gespeichert.
File: NCT03861845_exc 

Das File: /work/eauten2s/ec_criteria_struct/lct/input/lct_txt_half/NCT03861845_exc.txt wurde erfolgreich geladen.
Die Daten wurden erfolgreich in '/work/eauten2s/ec_criteria_struct/lct/evaluate/eval_p3/model_output/Llama-3-8B-Instruct-Gradient-1048k_5_shot/output/Llama-3-8B-Instruct-Gradient-1048k_NCT03861845_exc_5_shot.json' gespeichert.
File: NCT03861845_inc 

Das File: /work/eauten2s/ec_criteria_struct/lct/input/lct_txt_half/NCT03861845_inc.txt wurde erfolgreich geladen.
Die Daten wurden erfolgreich in '/work/eauten2s/ec_criteria_struct/lct/evaluate/eval_p3/model_output/Llama-3-8B-Instruct-Gradient-1048k_5_shot/output/Llama-3-8B-Instruct-Gradient-1048k_NCT03861845_inc_5_shot.json' gespeichert.
File: NCT03861858_exc 

Das File: /work/eauten2s/ec_criteria_struct/lct/input/lct_txt_half/NCT03861858_exc.txt wurde erfolgreich geladen.
Die Daten wurden erfolgreich in '/work/eauten2s/ec_criteria_struct/lct/evaluate/eval_p3/model_output/Llama-3-8B-Instruct-Gradient-1048k_5_shot/output/Llama-3-8B-Instruct-Gradient-1048k_NCT03861858_exc_5_shot.json' gespeichert.
File: NCT03861858_inc 

Das File: /work/eauten2s/ec_criteria_struct/lct/input/lct_txt_half/NCT03861858_inc.txt wurde erfolgreich geladen.
Die Daten wurden erfolgreich in '/work/eauten2s/ec_criteria_struct/lct/evaluate/eval_p3/model_output/Llama-3-8B-Instruct-Gradient-1048k_5_shot/output/Llama-3-8B-Instruct-Gradient-1048k_NCT03861858_inc_5_shot.json' gespeichert.
File: NCT03861884_exc 

Das File: /work/eauten2s/ec_criteria_struct/lct/input/lct_txt_half/NCT03861884_exc.txt wurde erfolgreich geladen.
Die Daten wurden erfolgreich in '/work/eauten2s/ec_criteria_struct/lct/evaluate/eval_p3/model_output/Llama-3-8B-Instruct-Gradient-1048k_5_shot/output/Llama-3-8B-Instruct-Gradient-1048k_NCT03861884_exc_5_shot.json' gespeichert.
File: NCT03861884_inc 

Das File: /work/eauten2s/ec_criteria_struct/lct/input/lct_txt_half/NCT03861884_inc.txt wurde erfolgreich geladen.
Die Daten wurden erfolgreich in '/work/eauten2s/ec_criteria_struct/lct/evaluate/eval_p3/model_output/Llama-3-8B-Instruct-Gradient-1048k_5_shot/output/Llama-3-8B-Instruct-Gradient-1048k_NCT03861884_inc_5_shot.json' gespeichert.
File: NCT03861910_exc 

Das File: /work/eauten2s/ec_criteria_struct/lct/input/lct_txt_half/NCT03861910_exc.txt wurde erfolgreich geladen.
Die Daten wurden erfolgreich in '/work/eauten2s/ec_criteria_struct/lct/evaluate/eval_p3/model_output/Llama-3-8B-Instruct-Gradient-1048k_5_shot/output/Llama-3-8B-Instruct-Gradient-1048k_NCT03861910_exc_5_shot.json' gespeichert.
File: NCT03861910_inc 

Das File: /work/eauten2s/ec_criteria_struct/lct/input/lct_txt_half/NCT03861910_inc.txt wurde erfolgreich geladen.
Die Daten wurden erfolgreich in '/work/eauten2s/ec_criteria_struct/lct/evaluate/eval_p3/model_output/Llama-3-8B-Instruct-Gradient-1048k_5_shot/output/Llama-3-8B-Instruct-Gradient-1048k_NCT03861910_inc_5_shot.json' gespeichert.
File: NCT03861923_exc 

Das File: /work/eauten2s/ec_criteria_struct/lct/input/lct_txt_half/NCT03861923_exc.txt wurde erfolgreich geladen.
Die Daten wurden erfolgreich in '/work/eauten2s/ec_criteria_struct/lct/evaluate/eval_p3/model_output/Llama-3-8B-Instruct-Gradient-1048k_5_shot/output/Llama-3-8B-Instruct-Gradient-1048k_NCT03861923_exc_5_shot.json' gespeichert.
File: NCT03861923_inc 

Das File: /work/eauten2s/ec_criteria_struct/lct/input/lct_txt_half/NCT03861923_inc.txt wurde erfolgreich geladen.
Die Daten wurden erfolgreich in '/work/eauten2s/ec_criteria_struct/lct/evaluate/eval_p3/model_output/Llama-3-8B-Instruct-Gradient-1048k_5_shot/output/Llama-3-8B-Instruct-Gradient-1048k_NCT03861923_inc_5_shot.json' gespeichert.
File: NCT03861949_exc 

Das File: /work/eauten2s/ec_criteria_struct/lct/input/lct_txt_half/NCT03861949_exc.txt wurde erfolgreich geladen.
Die Daten wurden erfolgreich in '/work/eauten2s/ec_criteria_struct/lct/evaluate/eval_p3/model_output/Llama-3-8B-Instruct-Gradient-1048k_5_shot/output/Llama-3-8B-Instruct-Gradient-1048k_NCT03861949_exc_5_shot.json' gespeichert.
File: NCT03861949_inc 

Das File: /work/eauten2s/ec_criteria_struct/lct/input/lct_txt_half/NCT03861949_inc.txt wurde erfolgreich geladen.
Die Daten wurden erfolgreich in '/work/eauten2s/ec_criteria_struct/lct/evaluate/eval_p3/model_output/Llama-3-8B-Instruct-Gradient-1048k_5_shot/output/Llama-3-8B-Instruct-Gradient-1048k_NCT03861949_inc_5_shot.json' gespeichert.
File: NCT03861962_inc 

Das File: /work/eauten2s/ec_criteria_struct/lct/input/lct_txt_half/NCT03861962_inc.txt wurde erfolgreich geladen.
Die Daten wurden erfolgreich in '/work/eauten2s/ec_criteria_struct/lct/evaluate/eval_p3/model_output/Llama-3-8B-Instruct-Gradient-1048k_5_shot/output/Llama-3-8B-Instruct-Gradient-1048k_NCT03861962_inc_5_shot.json' gespeichert.
File: NCT03861975_exc 

Das File: /work/eauten2s/ec_criteria_struct/lct/input/lct_txt_half/NCT03861975_exc.txt wurde erfolgreich geladen.
Die Daten wurden erfolgreich in '/work/eauten2s/ec_criteria_struct/lct/evaluate/eval_p3/model_output/Llama-3-8B-Instruct-Gradient-1048k_5_shot/output/Llama-3-8B-Instruct-Gradient-1048k_NCT03861975_exc_5_shot.json' gespeichert.
File: NCT03861975_inc 

Das File: /work/eauten2s/ec_criteria_struct/lct/input/lct_txt_half/NCT03861975_inc.txt wurde erfolgreich geladen.
Die Daten wurden erfolgreich in '/work/eauten2s/ec_criteria_struct/lct/evaluate/eval_p3/model_output/Llama-3-8B-Instruct-Gradient-1048k_5_shot/output/Llama-3-8B-Instruct-Gradient-1048k_NCT03861975_inc_5_shot.json' gespeichert.
File: NCT03861988_exc 

Das File: /work/eauten2s/ec_criteria_struct/lct/input/lct_txt_half/NCT03861988_exc.txt wurde erfolgreich geladen.
Die Daten wurden erfolgreich in '/work/eauten2s/ec_criteria_struct/lct/evaluate/eval_p3/model_output/Llama-3-8B-Instruct-Gradient-1048k_5_shot/output/Llama-3-8B-Instruct-Gradient-1048k_NCT03861988_exc_5_shot.json' gespeichert.
File: NCT03861988_inc 

Das File: /work/eauten2s/ec_criteria_struct/lct/input/lct_txt_half/NCT03861988_inc.txt wurde erfolgreich geladen.
Die Daten wurden erfolgreich in '/work/eauten2s/ec_criteria_struct/lct/evaluate/eval_p3/model_output/Llama-3-8B-Instruct-Gradient-1048k_5_shot/output/Llama-3-8B-Instruct-Gradient-1048k_NCT03861988_inc_5_shot.json' gespeichert.
File: NCT03862001_exc 

Das File: /work/eauten2s/ec_criteria_struct/lct/input/lct_txt_half/NCT03862001_exc.txt wurde erfolgreich geladen.
Die Daten wurden erfolgreich in '/work/eauten2s/ec_criteria_struct/lct/evaluate/eval_p3/model_output/Llama-3-8B-Instruct-Gradient-1048k_5_shot/output/Llama-3-8B-Instruct-Gradient-1048k_NCT03862001_exc_5_shot.json' gespeichert.
File: NCT03862001_inc 

Das File: /work/eauten2s/ec_criteria_struct/lct/input/lct_txt_half/NCT03862001_inc.txt wurde erfolgreich geladen.
Die Daten wurden erfolgreich in '/work/eauten2s/ec_criteria_struct/lct/evaluate/eval_p3/model_output/Llama-3-8B-Instruct-Gradient-1048k_5_shot/output/Llama-3-8B-Instruct-Gradient-1048k_NCT03862001_inc_5_shot.json' gespeichert.
File: NCT03862014_exc 

Das File: /work/eauten2s/ec_criteria_struct/lct/input/lct_txt_half/NCT03862014_exc.txt wurde erfolgreich geladen.
Die Daten wurden erfolgreich in '/work/eauten2s/ec_criteria_struct/lct/evaluate/eval_p3/model_output/Llama-3-8B-Instruct-Gradient-1048k_5_shot/output/Llama-3-8B-Instruct-Gradient-1048k_NCT03862014_exc_5_shot.json' gespeichert.
File: NCT03862014_inc 

Das File: /work/eauten2s/ec_criteria_struct/lct/input/lct_txt_half/NCT03862014_inc.txt wurde erfolgreich geladen.
Die Daten wurden erfolgreich in '/work/eauten2s/ec_criteria_struct/lct/evaluate/eval_p3/model_output/Llama-3-8B-Instruct-Gradient-1048k_5_shot/output/Llama-3-8B-Instruct-Gradient-1048k_NCT03862014_inc_5_shot.json' gespeichert.
File: NCT03862027_exc 

Das File: /work/eauten2s/ec_criteria_struct/lct/input/lct_txt_half/NCT03862027_exc.txt wurde erfolgreich geladen.
Die Daten wurden erfolgreich in '/work/eauten2s/ec_criteria_struct/lct/evaluate/eval_p3/model_output/Llama-3-8B-Instruct-Gradient-1048k_5_shot/output/Llama-3-8B-Instruct-Gradient-1048k_NCT03862027_exc_5_shot.json' gespeichert.
File: NCT03862027_inc 

Das File: /work/eauten2s/ec_criteria_struct/lct/input/lct_txt_half/NCT03862027_inc.txt wurde erfolgreich geladen.
Die Daten wurden erfolgreich in '/work/eauten2s/ec_criteria_struct/lct/evaluate/eval_p3/model_output/Llama-3-8B-Instruct-Gradient-1048k_5_shot/output/Llama-3-8B-Instruct-Gradient-1048k_NCT03862027_inc_5_shot.json' gespeichert.
File: NCT03862066_exc 

Das File: /work/eauten2s/ec_criteria_struct/lct/input/lct_txt_half/NCT03862066_exc.txt wurde erfolgreich geladen.
Die Daten wurden erfolgreich in '/work/eauten2s/ec_criteria_struct/lct/evaluate/eval_p3/model_output/Llama-3-8B-Instruct-Gradient-1048k_5_shot/output/Llama-3-8B-Instruct-Gradient-1048k_NCT03862066_exc_5_shot.json' gespeichert.
File: NCT03862066_inc 

Das File: /work/eauten2s/ec_criteria_struct/lct/input/lct_txt_half/NCT03862066_inc.txt wurde erfolgreich geladen.
Die Daten wurden erfolgreich in '/work/eauten2s/ec_criteria_struct/lct/evaluate/eval_p3/model_output/Llama-3-8B-Instruct-Gradient-1048k_5_shot/output/Llama-3-8B-Instruct-Gradient-1048k_NCT03862066_inc_5_shot.json' gespeichert.
File: NCT03862079_exc 

Das File: /work/eauten2s/ec_criteria_struct/lct/input/lct_txt_half/NCT03862079_exc.txt wurde erfolgreich geladen.
Die Daten wurden erfolgreich in '/work/eauten2s/ec_criteria_struct/lct/evaluate/eval_p3/model_output/Llama-3-8B-Instruct-Gradient-1048k_5_shot/output/Llama-3-8B-Instruct-Gradient-1048k_NCT03862079_exc_5_shot.json' gespeichert.
File: NCT03862079_inc 

Das File: /work/eauten2s/ec_criteria_struct/lct/input/lct_txt_half/NCT03862079_inc.txt wurde erfolgreich geladen.
Die Daten wurden erfolgreich in '/work/eauten2s/ec_criteria_struct/lct/evaluate/eval_p3/model_output/Llama-3-8B-Instruct-Gradient-1048k_5_shot/output/Llama-3-8B-Instruct-Gradient-1048k_NCT03862079_inc_5_shot.json' gespeichert.
File: NCT03862092_exc 

Das File: /work/eauten2s/ec_criteria_struct/lct/input/lct_txt_half/NCT03862092_exc.txt wurde erfolgreich geladen.
Die Daten wurden erfolgreich in '/work/eauten2s/ec_criteria_struct/lct/evaluate/eval_p3/model_output/Llama-3-8B-Instruct-Gradient-1048k_5_shot/output/Llama-3-8B-Instruct-Gradient-1048k_NCT03862092_exc_5_shot.json' gespeichert.
File: NCT03862092_inc 

Das File: /work/eauten2s/ec_criteria_struct/lct/input/lct_txt_half/NCT03862092_inc.txt wurde erfolgreich geladen.
Die Daten wurden erfolgreich in '/work/eauten2s/ec_criteria_struct/lct/evaluate/eval_p3/model_output/Llama-3-8B-Instruct-Gradient-1048k_5_shot/output/Llama-3-8B-Instruct-Gradient-1048k_NCT03862092_inc_5_shot.json' gespeichert.
File: NCT03862105_exc 

Das File: /work/eauten2s/ec_criteria_struct/lct/input/lct_txt_half/NCT03862105_exc.txt wurde erfolgreich geladen.
Die Daten wurden erfolgreich in '/work/eauten2s/ec_criteria_struct/lct/evaluate/eval_p3/model_output/Llama-3-8B-Instruct-Gradient-1048k_5_shot/output/Llama-3-8B-Instruct-Gradient-1048k_NCT03862105_exc_5_shot.json' gespeichert.
File: NCT03862105_inc 

Das File: /work/eauten2s/ec_criteria_struct/lct/input/lct_txt_half/NCT03862105_inc.txt wurde erfolgreich geladen.
Die Daten wurden erfolgreich in '/work/eauten2s/ec_criteria_struct/lct/evaluate/eval_p3/model_output/Llama-3-8B-Instruct-Gradient-1048k_5_shot/output/Llama-3-8B-Instruct-Gradient-1048k_NCT03862105_inc_5_shot.json' gespeichert.
File: NCT03862118_exc 

Das File: /work/eauten2s/ec_criteria_struct/lct/input/lct_txt_half/NCT03862118_exc.txt wurde erfolgreich geladen.
Die Daten wurden erfolgreich in '/work/eauten2s/ec_criteria_struct/lct/evaluate/eval_p3/model_output/Llama-3-8B-Instruct-Gradient-1048k_5_shot/output/Llama-3-8B-Instruct-Gradient-1048k_NCT03862118_exc_5_shot.json' gespeichert.
File: NCT03862118_inc 

Das File: /work/eauten2s/ec_criteria_struct/lct/input/lct_txt_half/NCT03862118_inc.txt wurde erfolgreich geladen.
Die Daten wurden erfolgreich in '/work/eauten2s/ec_criteria_struct/lct/evaluate/eval_p3/model_output/Llama-3-8B-Instruct-Gradient-1048k_5_shot/output/Llama-3-8B-Instruct-Gradient-1048k_NCT03862118_inc_5_shot.json' gespeichert.
File: NCT03862131_exc 

Das File: /work/eauten2s/ec_criteria_struct/lct/input/lct_txt_half/NCT03862131_exc.txt wurde erfolgreich geladen.
Die Daten wurden erfolgreich in '/work/eauten2s/ec_criteria_struct/lct/evaluate/eval_p3/model_output/Llama-3-8B-Instruct-Gradient-1048k_5_shot/output/Llama-3-8B-Instruct-Gradient-1048k_NCT03862131_exc_5_shot.json' gespeichert.
File: NCT03862131_inc 

Das File: /work/eauten2s/ec_criteria_struct/lct/input/lct_txt_half/NCT03862131_inc.txt wurde erfolgreich geladen.
Die Daten wurden erfolgreich in '/work/eauten2s/ec_criteria_struct/lct/evaluate/eval_p3/model_output/Llama-3-8B-Instruct-Gradient-1048k_5_shot/output/Llama-3-8B-Instruct-Gradient-1048k_NCT03862131_inc_5_shot.json' gespeichert.
File: NCT03862183_exc 

Das File: /work/eauten2s/ec_criteria_struct/lct/input/lct_txt_half/NCT03862183_exc.txt wurde erfolgreich geladen.
Die Daten wurden erfolgreich in '/work/eauten2s/ec_criteria_struct/lct/evaluate/eval_p3/model_output/Llama-3-8B-Instruct-Gradient-1048k_5_shot/output/Llama-3-8B-Instruct-Gradient-1048k_NCT03862183_exc_5_shot.json' gespeichert.
File: NCT03862183_inc 

Das File: /work/eauten2s/ec_criteria_struct/lct/input/lct_txt_half/NCT03862183_inc.txt wurde erfolgreich geladen.
Die Daten wurden erfolgreich in '/work/eauten2s/ec_criteria_struct/lct/evaluate/eval_p3/model_output/Llama-3-8B-Instruct-Gradient-1048k_5_shot/output/Llama-3-8B-Instruct-Gradient-1048k_NCT03862183_inc_5_shot.json' gespeichert.
File: NCT03862209_inc 

Das File: /work/eauten2s/ec_criteria_struct/lct/input/lct_txt_half/NCT03862209_inc.txt wurde erfolgreich geladen.
Die Daten wurden erfolgreich in '/work/eauten2s/ec_criteria_struct/lct/evaluate/eval_p3/model_output/Llama-3-8B-Instruct-Gradient-1048k_5_shot/output/Llama-3-8B-Instruct-Gradient-1048k_NCT03862209_inc_5_shot.json' gespeichert.
File: NCT03862235_exc 

Das File: /work/eauten2s/ec_criteria_struct/lct/input/lct_txt_half/NCT03862235_exc.txt wurde erfolgreich geladen.
Die Daten wurden erfolgreich in '/work/eauten2s/ec_criteria_struct/lct/evaluate/eval_p3/model_output/Llama-3-8B-Instruct-Gradient-1048k_5_shot/output/Llama-3-8B-Instruct-Gradient-1048k_NCT03862235_exc_5_shot.json' gespeichert.
File: NCT03862235_inc 

Das File: /work/eauten2s/ec_criteria_struct/lct/input/lct_txt_half/NCT03862235_inc.txt wurde erfolgreich geladen.
Die Daten wurden erfolgreich in '/work/eauten2s/ec_criteria_struct/lct/evaluate/eval_p3/model_output/Llama-3-8B-Instruct-Gradient-1048k_5_shot/output/Llama-3-8B-Instruct-Gradient-1048k_NCT03862235_inc_5_shot.json' gespeichert.
File: NCT03862248_exc 

Das File: /work/eauten2s/ec_criteria_struct/lct/input/lct_txt_half/NCT03862248_exc.txt wurde erfolgreich geladen.
Die Daten wurden erfolgreich in '/work/eauten2s/ec_criteria_struct/lct/evaluate/eval_p3/model_output/Llama-3-8B-Instruct-Gradient-1048k_5_shot/output/Llama-3-8B-Instruct-Gradient-1048k_NCT03862248_exc_5_shot.json' gespeichert.
File: NCT03862248_inc 

Das File: /work/eauten2s/ec_criteria_struct/lct/input/lct_txt_half/NCT03862248_inc.txt wurde erfolgreich geladen.
Die Daten wurden erfolgreich in '/work/eauten2s/ec_criteria_struct/lct/evaluate/eval_p3/model_output/Llama-3-8B-Instruct-Gradient-1048k_5_shot/output/Llama-3-8B-Instruct-Gradient-1048k_NCT03862248_inc_5_shot.json' gespeichert.
File: NCT03862261_exc 

Das File: /work/eauten2s/ec_criteria_struct/lct/input/lct_txt_half/NCT03862261_exc.txt wurde erfolgreich geladen.
Die Daten wurden erfolgreich in '/work/eauten2s/ec_criteria_struct/lct/evaluate/eval_p3/model_output/Llama-3-8B-Instruct-Gradient-1048k_5_shot/output/Llama-3-8B-Instruct-Gradient-1048k_NCT03862261_exc_5_shot.json' gespeichert.
File: NCT03862261_inc 

Das File: /work/eauten2s/ec_criteria_struct/lct/input/lct_txt_half/NCT03862261_inc.txt wurde erfolgreich geladen.
Die Daten wurden erfolgreich in '/work/eauten2s/ec_criteria_struct/lct/evaluate/eval_p3/model_output/Llama-3-8B-Instruct-Gradient-1048k_5_shot/output/Llama-3-8B-Instruct-Gradient-1048k_NCT03862261_inc_5_shot.json' gespeichert.
File: NCT03862274_exc 

Das File: /work/eauten2s/ec_criteria_struct/lct/input/lct_txt_half/NCT03862274_exc.txt wurde erfolgreich geladen.
Die Daten wurden erfolgreich in '/work/eauten2s/ec_criteria_struct/lct/evaluate/eval_p3/model_output/Llama-3-8B-Instruct-Gradient-1048k_5_shot/output/Llama-3-8B-Instruct-Gradient-1048k_NCT03862274_exc_5_shot.json' gespeichert.
File: NCT03862274_inc 

Das File: /work/eauten2s/ec_criteria_struct/lct/input/lct_txt_half/NCT03862274_inc.txt wurde erfolgreich geladen.
Die Daten wurden erfolgreich in '/work/eauten2s/ec_criteria_struct/lct/evaluate/eval_p3/model_output/Llama-3-8B-Instruct-Gradient-1048k_5_shot/output/Llama-3-8B-Instruct-Gradient-1048k_NCT03862274_inc_5_shot.json' gespeichert.
File: NCT03862287_exc 

Das File: /work/eauten2s/ec_criteria_struct/lct/input/lct_txt_half/NCT03862287_exc.txt wurde erfolgreich geladen.
Die Daten wurden erfolgreich in '/work/eauten2s/ec_criteria_struct/lct/evaluate/eval_p3/model_output/Llama-3-8B-Instruct-Gradient-1048k_5_shot/output/Llama-3-8B-Instruct-Gradient-1048k_NCT03862287_exc_5_shot.json' gespeichert.
File: NCT03862287_inc 

Das File: /work/eauten2s/ec_criteria_struct/lct/input/lct_txt_half/NCT03862287_inc.txt wurde erfolgreich geladen.
Die Daten wurden erfolgreich in '/work/eauten2s/ec_criteria_struct/lct/evaluate/eval_p3/model_output/Llama-3-8B-Instruct-Gradient-1048k_5_shot/output/Llama-3-8B-Instruct-Gradient-1048k_NCT03862287_inc_5_shot.json' gespeichert.
File: NCT03862326_exc 

Das File: /work/eauten2s/ec_criteria_struct/lct/input/lct_txt_half/NCT03862326_exc.txt wurde erfolgreich geladen.
Die Daten wurden erfolgreich in '/work/eauten2s/ec_criteria_struct/lct/evaluate/eval_p3/model_output/Llama-3-8B-Instruct-Gradient-1048k_5_shot/output/Llama-3-8B-Instruct-Gradient-1048k_NCT03862326_exc_5_shot.json' gespeichert.
File: NCT03862326_inc 

Das File: /work/eauten2s/ec_criteria_struct/lct/input/lct_txt_half/NCT03862326_inc.txt wurde erfolgreich geladen.
Die Daten wurden erfolgreich in '/work/eauten2s/ec_criteria_struct/lct/evaluate/eval_p3/model_output/Llama-3-8B-Instruct-Gradient-1048k_5_shot/output/Llama-3-8B-Instruct-Gradient-1048k_NCT03862326_inc_5_shot.json' gespeichert.
File: NCT03862352_exc 

Das File: /work/eauten2s/ec_criteria_struct/lct/input/lct_txt_half/NCT03862352_exc.txt wurde erfolgreich geladen.
Die Daten wurden erfolgreich in '/work/eauten2s/ec_criteria_struct/lct/evaluate/eval_p3/model_output/Llama-3-8B-Instruct-Gradient-1048k_5_shot/output/Llama-3-8B-Instruct-Gradient-1048k_NCT03862352_exc_5_shot.json' gespeichert.
File: NCT03862352_inc 

Das File: /work/eauten2s/ec_criteria_struct/lct/input/lct_txt_half/NCT03862352_inc.txt wurde erfolgreich geladen.
Die Daten wurden erfolgreich in '/work/eauten2s/ec_criteria_struct/lct/evaluate/eval_p3/model_output/Llama-3-8B-Instruct-Gradient-1048k_5_shot/output/Llama-3-8B-Instruct-Gradient-1048k_NCT03862352_inc_5_shot.json' gespeichert.
File: NCT03862378_exc 

Das File: /work/eauten2s/ec_criteria_struct/lct/input/lct_txt_half/NCT03862378_exc.txt wurde erfolgreich geladen.
Die Daten wurden erfolgreich in '/work/eauten2s/ec_criteria_struct/lct/evaluate/eval_p3/model_output/Llama-3-8B-Instruct-Gradient-1048k_5_shot/output/Llama-3-8B-Instruct-Gradient-1048k_NCT03862378_exc_5_shot.json' gespeichert.
File: NCT03862378_inc 

Das File: /work/eauten2s/ec_criteria_struct/lct/input/lct_txt_half/NCT03862378_inc.txt wurde erfolgreich geladen.
Die Daten wurden erfolgreich in '/work/eauten2s/ec_criteria_struct/lct/evaluate/eval_p3/model_output/Llama-3-8B-Instruct-Gradient-1048k_5_shot/output/Llama-3-8B-Instruct-Gradient-1048k_NCT03862378_inc_5_shot.json' gespeichert.
File: NCT03862391_exc 

Das File: /work/eauten2s/ec_criteria_struct/lct/input/lct_txt_half/NCT03862391_exc.txt wurde erfolgreich geladen.
Die Daten wurden erfolgreich in '/work/eauten2s/ec_criteria_struct/lct/evaluate/eval_p3/model_output/Llama-3-8B-Instruct-Gradient-1048k_5_shot/output/Llama-3-8B-Instruct-Gradient-1048k_NCT03862391_exc_5_shot.json' gespeichert.
File: NCT03862391_inc 

Das File: /work/eauten2s/ec_criteria_struct/lct/input/lct_txt_half/NCT03862391_inc.txt wurde erfolgreich geladen.
Die Daten wurden erfolgreich in '/work/eauten2s/ec_criteria_struct/lct/evaluate/eval_p3/model_output/Llama-3-8B-Instruct-Gradient-1048k_5_shot/output/Llama-3-8B-Instruct-Gradient-1048k_NCT03862391_inc_5_shot.json' gespeichert.
File: NCT03862404_exc 

Das File: /work/eauten2s/ec_criteria_struct/lct/input/lct_txt_half/NCT03862404_exc.txt wurde erfolgreich geladen.
Die Daten wurden erfolgreich in '/work/eauten2s/ec_criteria_struct/lct/evaluate/eval_p3/model_output/Llama-3-8B-Instruct-Gradient-1048k_5_shot/output/Llama-3-8B-Instruct-Gradient-1048k_NCT03862404_exc_5_shot.json' gespeichert.
File: NCT03862404_inc 

Das File: /work/eauten2s/ec_criteria_struct/lct/input/lct_txt_half/NCT03862404_inc.txt wurde erfolgreich geladen.
Die Daten wurden erfolgreich in '/work/eauten2s/ec_criteria_struct/lct/evaluate/eval_p3/model_output/Llama-3-8B-Instruct-Gradient-1048k_5_shot/output/Llama-3-8B-Instruct-Gradient-1048k_NCT03862404_inc_5_shot.json' gespeichert.
File: NCT03862417_exc 

Das File: /work/eauten2s/ec_criteria_struct/lct/input/lct_txt_half/NCT03862417_exc.txt wurde erfolgreich geladen.
Die Daten wurden erfolgreich in '/work/eauten2s/ec_criteria_struct/lct/evaluate/eval_p3/model_output/Llama-3-8B-Instruct-Gradient-1048k_5_shot/output/Llama-3-8B-Instruct-Gradient-1048k_NCT03862417_exc_5_shot.json' gespeichert.
File: NCT03862443_exc 

Das File: /work/eauten2s/ec_criteria_struct/lct/input/lct_txt_half/NCT03862443_exc.txt wurde erfolgreich geladen.
Die Daten wurden erfolgreich in '/work/eauten2s/ec_criteria_struct/lct/evaluate/eval_p3/model_output/Llama-3-8B-Instruct-Gradient-1048k_5_shot/output/Llama-3-8B-Instruct-Gradient-1048k_NCT03862443_exc_5_shot.json' gespeichert.
File: NCT03862443_inc 

Das File: /work/eauten2s/ec_criteria_struct/lct/input/lct_txt_half/NCT03862443_inc.txt wurde erfolgreich geladen.
Die Daten wurden erfolgreich in '/work/eauten2s/ec_criteria_struct/lct/evaluate/eval_p3/model_output/Llama-3-8B-Instruct-Gradient-1048k_5_shot/output/Llama-3-8B-Instruct-Gradient-1048k_NCT03862443_inc_5_shot.json' gespeichert.
File: NCT03862456_exc 

Das File: /work/eauten2s/ec_criteria_struct/lct/input/lct_txt_half/NCT03862456_exc.txt wurde erfolgreich geladen.
Die Daten wurden erfolgreich in '/work/eauten2s/ec_criteria_struct/lct/evaluate/eval_p3/model_output/Llama-3-8B-Instruct-Gradient-1048k_5_shot/output/Llama-3-8B-Instruct-Gradient-1048k_NCT03862456_exc_5_shot.json' gespeichert.
File: NCT03862456_inc 

Das File: /work/eauten2s/ec_criteria_struct/lct/input/lct_txt_half/NCT03862456_inc.txt wurde erfolgreich geladen.
Die Daten wurden erfolgreich in '/work/eauten2s/ec_criteria_struct/lct/evaluate/eval_p3/model_output/Llama-3-8B-Instruct-Gradient-1048k_5_shot/output/Llama-3-8B-Instruct-Gradient-1048k_NCT03862456_inc_5_shot.json' gespeichert.
File: NCT03862469_exc 

Das File: /work/eauten2s/ec_criteria_struct/lct/input/lct_txt_half/NCT03862469_exc.txt wurde erfolgreich geladen.
Die Daten wurden erfolgreich in '/work/eauten2s/ec_criteria_struct/lct/evaluate/eval_p3/model_output/Llama-3-8B-Instruct-Gradient-1048k_5_shot/output/Llama-3-8B-Instruct-Gradient-1048k_NCT03862469_exc_5_shot.json' gespeichert.
File: NCT03862469_inc 

Das File: /work/eauten2s/ec_criteria_struct/lct/input/lct_txt_half/NCT03862469_inc.txt wurde erfolgreich geladen.
Die Daten wurden erfolgreich in '/work/eauten2s/ec_criteria_struct/lct/evaluate/eval_p3/model_output/Llama-3-8B-Instruct-Gradient-1048k_5_shot/output/Llama-3-8B-Instruct-Gradient-1048k_NCT03862469_inc_5_shot.json' gespeichert.
File: NCT03862482_exc 

Das File: /work/eauten2s/ec_criteria_struct/lct/input/lct_txt_half/NCT03862482_exc.txt wurde erfolgreich geladen.
Die Daten wurden erfolgreich in '/work/eauten2s/ec_criteria_struct/lct/evaluate/eval_p3/model_output/Llama-3-8B-Instruct-Gradient-1048k_5_shot/output/Llama-3-8B-Instruct-Gradient-1048k_NCT03862482_exc_5_shot.json' gespeichert.
File: NCT03862482_inc 

Das File: /work/eauten2s/ec_criteria_struct/lct/input/lct_txt_half/NCT03862482_inc.txt wurde erfolgreich geladen.
Die Daten wurden erfolgreich in '/work/eauten2s/ec_criteria_struct/lct/evaluate/eval_p3/model_output/Llama-3-8B-Instruct-Gradient-1048k_5_shot/output/Llama-3-8B-Instruct-Gradient-1048k_NCT03862482_inc_5_shot.json' gespeichert.
File: NCT03862495_exc 

Das File: /work/eauten2s/ec_criteria_struct/lct/input/lct_txt_half/NCT03862495_exc.txt wurde erfolgreich geladen.
Die Daten wurden erfolgreich in '/work/eauten2s/ec_criteria_struct/lct/evaluate/eval_p3/model_output/Llama-3-8B-Instruct-Gradient-1048k_5_shot/output/Llama-3-8B-Instruct-Gradient-1048k_NCT03862495_exc_5_shot.json' gespeichert.
File: NCT03862495_inc 

Das File: /work/eauten2s/ec_criteria_struct/lct/input/lct_txt_half/NCT03862495_inc.txt wurde erfolgreich geladen.
Die Daten wurden erfolgreich in '/work/eauten2s/ec_criteria_struct/lct/evaluate/eval_p3/model_output/Llama-3-8B-Instruct-Gradient-1048k_5_shot/output/Llama-3-8B-Instruct-Gradient-1048k_NCT03862495_inc_5_shot.json' gespeichert.
File: NCT03862508_exc 

Das File: /work/eauten2s/ec_criteria_struct/lct/input/lct_txt_half/NCT03862508_exc.txt wurde erfolgreich geladen.
Die Daten wurden erfolgreich in '/work/eauten2s/ec_criteria_struct/lct/evaluate/eval_p3/model_output/Llama-3-8B-Instruct-Gradient-1048k_5_shot/output/Llama-3-8B-Instruct-Gradient-1048k_NCT03862508_exc_5_shot.json' gespeichert.
File: NCT03862508_inc 

Das File: /work/eauten2s/ec_criteria_struct/lct/input/lct_txt_half/NCT03862508_inc.txt wurde erfolgreich geladen.
Die Daten wurden erfolgreich in '/work/eauten2s/ec_criteria_struct/lct/evaluate/eval_p3/model_output/Llama-3-8B-Instruct-Gradient-1048k_5_shot/output/Llama-3-8B-Instruct-Gradient-1048k_NCT03862508_inc_5_shot.json' gespeichert.
File: NCT03862521_exc 

Das File: /work/eauten2s/ec_criteria_struct/lct/input/lct_txt_half/NCT03862521_exc.txt wurde erfolgreich geladen.
Die Daten wurden erfolgreich in '/work/eauten2s/ec_criteria_struct/lct/evaluate/eval_p3/model_output/Llama-3-8B-Instruct-Gradient-1048k_5_shot/output/Llama-3-8B-Instruct-Gradient-1048k_NCT03862521_exc_5_shot.json' gespeichert.
File: NCT03862521_inc 

Das File: /work/eauten2s/ec_criteria_struct/lct/input/lct_txt_half/NCT03862521_inc.txt wurde erfolgreich geladen.
Die Daten wurden erfolgreich in '/work/eauten2s/ec_criteria_struct/lct/evaluate/eval_p3/model_output/Llama-3-8B-Instruct-Gradient-1048k_5_shot/output/Llama-3-8B-Instruct-Gradient-1048k_NCT03862521_inc_5_shot.json' gespeichert.
File: NCT03862534_exc 

Das File: /work/eauten2s/ec_criteria_struct/lct/input/lct_txt_half/NCT03862534_exc.txt wurde erfolgreich geladen.
Die Daten wurden erfolgreich in '/work/eauten2s/ec_criteria_struct/lct/evaluate/eval_p3/model_output/Llama-3-8B-Instruct-Gradient-1048k_5_shot/output/Llama-3-8B-Instruct-Gradient-1048k_NCT03862534_exc_5_shot.json' gespeichert.
File: NCT03862534_inc 

Das File: /work/eauten2s/ec_criteria_struct/lct/input/lct_txt_half/NCT03862534_inc.txt wurde erfolgreich geladen.
Die Daten wurden erfolgreich in '/work/eauten2s/ec_criteria_struct/lct/evaluate/eval_p3/model_output/Llama-3-8B-Instruct-Gradient-1048k_5_shot/output/Llama-3-8B-Instruct-Gradient-1048k_NCT03862534_inc_5_shot.json' gespeichert.
File: NCT03862547_exc 

Das File: /work/eauten2s/ec_criteria_struct/lct/input/lct_txt_half/NCT03862547_exc.txt wurde erfolgreich geladen.
Die Daten wurden erfolgreich in '/work/eauten2s/ec_criteria_struct/lct/evaluate/eval_p3/model_output/Llama-3-8B-Instruct-Gradient-1048k_5_shot/output/Llama-3-8B-Instruct-Gradient-1048k_NCT03862547_exc_5_shot.json' gespeichert.
File: NCT03862547_inc 

Das File: /work/eauten2s/ec_criteria_struct/lct/input/lct_txt_half/NCT03862547_inc.txt wurde erfolgreich geladen.
Die Daten wurden erfolgreich in '/work/eauten2s/ec_criteria_struct/lct/evaluate/eval_p3/model_output/Llama-3-8B-Instruct-Gradient-1048k_5_shot/output/Llama-3-8B-Instruct-Gradient-1048k_NCT03862547_inc_5_shot.json' gespeichert.
File: NCT03862560_exc 

Das File: /work/eauten2s/ec_criteria_struct/lct/input/lct_txt_half/NCT03862560_exc.txt wurde erfolgreich geladen.
Die Daten wurden erfolgreich in '/work/eauten2s/ec_criteria_struct/lct/evaluate/eval_p3/model_output/Llama-3-8B-Instruct-Gradient-1048k_5_shot/output/Llama-3-8B-Instruct-Gradient-1048k_NCT03862560_exc_5_shot.json' gespeichert.
File: NCT03862560_inc 

Das File: /work/eauten2s/ec_criteria_struct/lct/input/lct_txt_half/NCT03862560_inc.txt wurde erfolgreich geladen.
Die Daten wurden erfolgreich in '/work/eauten2s/ec_criteria_struct/lct/evaluate/eval_p3/model_output/Llama-3-8B-Instruct-Gradient-1048k_5_shot/output/Llama-3-8B-Instruct-Gradient-1048k_NCT03862560_inc_5_shot.json' gespeichert.
File: NCT03862573_exc 

Das File: /work/eauten2s/ec_criteria_struct/lct/input/lct_txt_half/NCT03862573_exc.txt wurde erfolgreich geladen.
Die Daten wurden erfolgreich in '/work/eauten2s/ec_criteria_struct/lct/evaluate/eval_p3/model_output/Llama-3-8B-Instruct-Gradient-1048k_5_shot/output/Llama-3-8B-Instruct-Gradient-1048k_NCT03862573_exc_5_shot.json' gespeichert.
File: NCT03862573_inc 

Das File: /work/eauten2s/ec_criteria_struct/lct/input/lct_txt_half/NCT03862573_inc.txt wurde erfolgreich geladen.
Die Daten wurden erfolgreich in '/work/eauten2s/ec_criteria_struct/lct/evaluate/eval_p3/model_output/Llama-3-8B-Instruct-Gradient-1048k_5_shot/output/Llama-3-8B-Instruct-Gradient-1048k_NCT03862573_inc_5_shot.json' gespeichert.
File: NCT03862612_exc 

Das File: /work/eauten2s/ec_criteria_struct/lct/input/lct_txt_half/NCT03862612_exc.txt wurde erfolgreich geladen.
Die Daten wurden erfolgreich in '/work/eauten2s/ec_criteria_struct/lct/evaluate/eval_p3/model_output/Llama-3-8B-Instruct-Gradient-1048k_5_shot/output/Llama-3-8B-Instruct-Gradient-1048k_NCT03862612_exc_5_shot.json' gespeichert.
File: NCT03862612_inc 

Das File: /work/eauten2s/ec_criteria_struct/lct/input/lct_txt_half/NCT03862612_inc.txt wurde erfolgreich geladen.
Die Daten wurden erfolgreich in '/work/eauten2s/ec_criteria_struct/lct/evaluate/eval_p3/model_output/Llama-3-8B-Instruct-Gradient-1048k_5_shot/output/Llama-3-8B-Instruct-Gradient-1048k_NCT03862612_inc_5_shot.json' gespeichert.
File: NCT03862625_exc 

Das File: /work/eauten2s/ec_criteria_struct/lct/input/lct_txt_half/NCT03862625_exc.txt wurde erfolgreich geladen.
Die Daten wurden erfolgreich in '/work/eauten2s/ec_criteria_struct/lct/evaluate/eval_p3/model_output/Llama-3-8B-Instruct-Gradient-1048k_5_shot/output/Llama-3-8B-Instruct-Gradient-1048k_NCT03862625_exc_5_shot.json' gespeichert.
File: NCT03862625_inc 

Das File: /work/eauten2s/ec_criteria_struct/lct/input/lct_txt_half/NCT03862625_inc.txt wurde erfolgreich geladen.
Die Daten wurden erfolgreich in '/work/eauten2s/ec_criteria_struct/lct/evaluate/eval_p3/model_output/Llama-3-8B-Instruct-Gradient-1048k_5_shot/output/Llama-3-8B-Instruct-Gradient-1048k_NCT03862625_inc_5_shot.json' gespeichert.
File: NCT03862638_exc 

Das File: /work/eauten2s/ec_criteria_struct/lct/input/lct_txt_half/NCT03862638_exc.txt wurde erfolgreich geladen.
Die Daten wurden erfolgreich in '/work/eauten2s/ec_criteria_struct/lct/evaluate/eval_p3/model_output/Llama-3-8B-Instruct-Gradient-1048k_5_shot/output/Llama-3-8B-Instruct-Gradient-1048k_NCT03862638_exc_5_shot.json' gespeichert.
File: NCT03862638_inc 

Das File: /work/eauten2s/ec_criteria_struct/lct/input/lct_txt_half/NCT03862638_inc.txt wurde erfolgreich geladen.
Die Daten wurden erfolgreich in '/work/eauten2s/ec_criteria_struct/lct/evaluate/eval_p3/model_output/Llama-3-8B-Instruct-Gradient-1048k_5_shot/output/Llama-3-8B-Instruct-Gradient-1048k_NCT03862638_inc_5_shot.json' gespeichert.
File: NCT03862664_exc 

Das File: /work/eauten2s/ec_criteria_struct/lct/input/lct_txt_half/NCT03862664_exc.txt wurde erfolgreich geladen.
Die Daten wurden erfolgreich in '/work/eauten2s/ec_criteria_struct/lct/evaluate/eval_p3/model_output/Llama-3-8B-Instruct-Gradient-1048k_5_shot/output/Llama-3-8B-Instruct-Gradient-1048k_NCT03862664_exc_5_shot.json' gespeichert.
File: NCT03862664_inc 

Das File: /work/eauten2s/ec_criteria_struct/lct/input/lct_txt_half/NCT03862664_inc.txt wurde erfolgreich geladen.
Die Daten wurden erfolgreich in '/work/eauten2s/ec_criteria_struct/lct/evaluate/eval_p3/model_output/Llama-3-8B-Instruct-Gradient-1048k_5_shot/output/Llama-3-8B-Instruct-Gradient-1048k_NCT03862664_inc_5_shot.json' gespeichert.
File: NCT03862677_exc 

Das File: /work/eauten2s/ec_criteria_struct/lct/input/lct_txt_half/NCT03862677_exc.txt wurde erfolgreich geladen.
Die Daten wurden erfolgreich in '/work/eauten2s/ec_criteria_struct/lct/evaluate/eval_p3/model_output/Llama-3-8B-Instruct-Gradient-1048k_5_shot/output/Llama-3-8B-Instruct-Gradient-1048k_NCT03862677_exc_5_shot.json' gespeichert.
File: NCT03862677_inc 

Das File: /work/eauten2s/ec_criteria_struct/lct/input/lct_txt_half/NCT03862677_inc.txt wurde erfolgreich geladen.
Die Daten wurden erfolgreich in '/work/eauten2s/ec_criteria_struct/lct/evaluate/eval_p3/model_output/Llama-3-8B-Instruct-Gradient-1048k_5_shot/output/Llama-3-8B-Instruct-Gradient-1048k_NCT03862677_inc_5_shot.json' gespeichert.
File: NCT03862690_exc 

Das File: /work/eauten2s/ec_criteria_struct/lct/input/lct_txt_half/NCT03862690_exc.txt wurde erfolgreich geladen.
Die Daten wurden erfolgreich in '/work/eauten2s/ec_criteria_struct/lct/evaluate/eval_p3/model_output/Llama-3-8B-Instruct-Gradient-1048k_5_shot/output/Llama-3-8B-Instruct-Gradient-1048k_NCT03862690_exc_5_shot.json' gespeichert.
File: NCT03862690_inc 

Das File: /work/eauten2s/ec_criteria_struct/lct/input/lct_txt_half/NCT03862690_inc.txt wurde erfolgreich geladen.
Die Daten wurden erfolgreich in '/work/eauten2s/ec_criteria_struct/lct/evaluate/eval_p3/model_output/Llama-3-8B-Instruct-Gradient-1048k_5_shot/output/Llama-3-8B-Instruct-Gradient-1048k_NCT03862690_inc_5_shot.json' gespeichert.
File: NCT03862703_exc 

Das File: /work/eauten2s/ec_criteria_struct/lct/input/lct_txt_half/NCT03862703_exc.txt wurde erfolgreich geladen.
Die Daten wurden erfolgreich in '/work/eauten2s/ec_criteria_struct/lct/evaluate/eval_p3/model_output/Llama-3-8B-Instruct-Gradient-1048k_5_shot/output/Llama-3-8B-Instruct-Gradient-1048k_NCT03862703_exc_5_shot.json' gespeichert.
File: NCT03862703_inc 

Das File: /work/eauten2s/ec_criteria_struct/lct/input/lct_txt_half/NCT03862703_inc.txt wurde erfolgreich geladen.
Die Daten wurden erfolgreich in '/work/eauten2s/ec_criteria_struct/lct/evaluate/eval_p3/model_output/Llama-3-8B-Instruct-Gradient-1048k_5_shot/output/Llama-3-8B-Instruct-Gradient-1048k_NCT03862703_inc_5_shot.json' gespeichert.
File: NCT03862742_exc 

Das File: /work/eauten2s/ec_criteria_struct/lct/input/lct_txt_half/NCT03862742_exc.txt wurde erfolgreich geladen.
Die Daten wurden erfolgreich in '/work/eauten2s/ec_criteria_struct/lct/evaluate/eval_p3/model_output/Llama-3-8B-Instruct-Gradient-1048k_5_shot/output/Llama-3-8B-Instruct-Gradient-1048k_NCT03862742_exc_5_shot.json' gespeichert.
File: NCT03862742_inc 

Das File: /work/eauten2s/ec_criteria_struct/lct/input/lct_txt_half/NCT03862742_inc.txt wurde erfolgreich geladen.
Die Daten wurden erfolgreich in '/work/eauten2s/ec_criteria_struct/lct/evaluate/eval_p3/model_output/Llama-3-8B-Instruct-Gradient-1048k_5_shot/output/Llama-3-8B-Instruct-Gradient-1048k_NCT03862742_inc_5_shot.json' gespeichert.
File: NCT03862755_exc 

Das File: /work/eauten2s/ec_criteria_struct/lct/input/lct_txt_half/NCT03862755_exc.txt wurde erfolgreich geladen.
Die Daten wurden erfolgreich in '/work/eauten2s/ec_criteria_struct/lct/evaluate/eval_p3/model_output/Llama-3-8B-Instruct-Gradient-1048k_5_shot/output/Llama-3-8B-Instruct-Gradient-1048k_NCT03862755_exc_5_shot.json' gespeichert.
File: NCT03862755_inc 

Das File: /work/eauten2s/ec_criteria_struct/lct/input/lct_txt_half/NCT03862755_inc.txt wurde erfolgreich geladen.
Die Daten wurden erfolgreich in '/work/eauten2s/ec_criteria_struct/lct/evaluate/eval_p3/model_output/Llama-3-8B-Instruct-Gradient-1048k_5_shot/output/Llama-3-8B-Instruct-Gradient-1048k_NCT03862755_inc_5_shot.json' gespeichert.
File: NCT03862781_exc 

Das File: /work/eauten2s/ec_criteria_struct/lct/input/lct_txt_half/NCT03862781_exc.txt wurde erfolgreich geladen.
Die Daten wurden erfolgreich in '/work/eauten2s/ec_criteria_struct/lct/evaluate/eval_p3/model_output/Llama-3-8B-Instruct-Gradient-1048k_5_shot/output/Llama-3-8B-Instruct-Gradient-1048k_NCT03862781_exc_5_shot.json' gespeichert.
File: NCT03862781_inc 

Das File: /work/eauten2s/ec_criteria_struct/lct/input/lct_txt_half/NCT03862781_inc.txt wurde erfolgreich geladen.
Die Daten wurden erfolgreich in '/work/eauten2s/ec_criteria_struct/lct/evaluate/eval_p3/model_output/Llama-3-8B-Instruct-Gradient-1048k_5_shot/output/Llama-3-8B-Instruct-Gradient-1048k_NCT03862781_inc_5_shot.json' gespeichert.
File: NCT03862807_exc 

Das File: /work/eauten2s/ec_criteria_struct/lct/input/lct_txt_half/NCT03862807_exc.txt wurde erfolgreich geladen.
Die Daten wurden erfolgreich in '/work/eauten2s/ec_criteria_struct/lct/evaluate/eval_p3/model_output/Llama-3-8B-Instruct-Gradient-1048k_5_shot/output/Llama-3-8B-Instruct-Gradient-1048k_NCT03862807_exc_5_shot.json' gespeichert.
File: NCT03862807_inc 

Das File: /work/eauten2s/ec_criteria_struct/lct/input/lct_txt_half/NCT03862807_inc.txt wurde erfolgreich geladen.
Die Daten wurden erfolgreich in '/work/eauten2s/ec_criteria_struct/lct/evaluate/eval_p3/model_output/Llama-3-8B-Instruct-Gradient-1048k_5_shot/output/Llama-3-8B-Instruct-Gradient-1048k_NCT03862807_inc_5_shot.json' gespeichert.
File: NCT03862846_exc 

Das File: /work/eauten2s/ec_criteria_struct/lct/input/lct_txt_half/NCT03862846_exc.txt wurde erfolgreich geladen.
Die Daten wurden erfolgreich in '/work/eauten2s/ec_criteria_struct/lct/evaluate/eval_p3/model_output/Llama-3-8B-Instruct-Gradient-1048k_5_shot/output/Llama-3-8B-Instruct-Gradient-1048k_NCT03862846_exc_5_shot.json' gespeichert.
File: NCT03862846_inc 

Das File: /work/eauten2s/ec_criteria_struct/lct/input/lct_txt_half/NCT03862846_inc.txt wurde erfolgreich geladen.
Die Daten wurden erfolgreich in '/work/eauten2s/ec_criteria_struct/lct/evaluate/eval_p3/model_output/Llama-3-8B-Instruct-Gradient-1048k_5_shot/output/Llama-3-8B-Instruct-Gradient-1048k_NCT03862846_inc_5_shot.json' gespeichert.
File: NCT03862898_exc 

Das File: /work/eauten2s/ec_criteria_struct/lct/input/lct_txt_half/NCT03862898_exc.txt wurde erfolgreich geladen.
Die Daten wurden erfolgreich in '/work/eauten2s/ec_criteria_struct/lct/evaluate/eval_p3/model_output/Llama-3-8B-Instruct-Gradient-1048k_5_shot/output/Llama-3-8B-Instruct-Gradient-1048k_NCT03862898_exc_5_shot.json' gespeichert.
File: NCT03862898_inc 

Das File: /work/eauten2s/ec_criteria_struct/lct/input/lct_txt_half/NCT03862898_inc.txt wurde erfolgreich geladen.
Die Daten wurden erfolgreich in '/work/eauten2s/ec_criteria_struct/lct/evaluate/eval_p3/model_output/Llama-3-8B-Instruct-Gradient-1048k_5_shot/output/Llama-3-8B-Instruct-Gradient-1048k_NCT03862898_inc_5_shot.json' gespeichert.
File: NCT03862924_exc 

Das File: /work/eauten2s/ec_criteria_struct/lct/input/lct_txt_half/NCT03862924_exc.txt wurde erfolgreich geladen.
Die Daten wurden erfolgreich in '/work/eauten2s/ec_criteria_struct/lct/evaluate/eval_p3/model_output/Llama-3-8B-Instruct-Gradient-1048k_5_shot/output/Llama-3-8B-Instruct-Gradient-1048k_NCT03862924_exc_5_shot.json' gespeichert.
File: NCT03862924_inc 

Das File: /work/eauten2s/ec_criteria_struct/lct/input/lct_txt_half/NCT03862924_inc.txt wurde erfolgreich geladen.
Die Daten wurden erfolgreich in '/work/eauten2s/ec_criteria_struct/lct/evaluate/eval_p3/model_output/Llama-3-8B-Instruct-Gradient-1048k_5_shot/output/Llama-3-8B-Instruct-Gradient-1048k_NCT03862924_inc_5_shot.json' gespeichert.
File: NCT03862937_exc 

Das File: /work/eauten2s/ec_criteria_struct/lct/input/lct_txt_half/NCT03862937_exc.txt wurde erfolgreich geladen.
Die Daten wurden erfolgreich in '/work/eauten2s/ec_criteria_struct/lct/evaluate/eval_p3/model_output/Llama-3-8B-Instruct-Gradient-1048k_5_shot/output/Llama-3-8B-Instruct-Gradient-1048k_NCT03862937_exc_5_shot.json' gespeichert.
File: NCT03862937_inc 

Das File: /work/eauten2s/ec_criteria_struct/lct/input/lct_txt_half/NCT03862937_inc.txt wurde erfolgreich geladen.
Die Daten wurden erfolgreich in '/work/eauten2s/ec_criteria_struct/lct/evaluate/eval_p3/model_output/Llama-3-8B-Instruct-Gradient-1048k_5_shot/output/Llama-3-8B-Instruct-Gradient-1048k_NCT03862937_inc_5_shot.json' gespeichert.
File: NCT03862963_exc 

Das File: /work/eauten2s/ec_criteria_struct/lct/input/lct_txt_half/NCT03862963_exc.txt wurde erfolgreich geladen.
Die Daten wurden erfolgreich in '/work/eauten2s/ec_criteria_struct/lct/evaluate/eval_p3/model_output/Llama-3-8B-Instruct-Gradient-1048k_5_shot/output/Llama-3-8B-Instruct-Gradient-1048k_NCT03862963_exc_5_shot.json' gespeichert.
File: NCT03862963_inc 

Das File: /work/eauten2s/ec_criteria_struct/lct/input/lct_txt_half/NCT03862963_inc.txt wurde erfolgreich geladen.
Die Daten wurden erfolgreich in '/work/eauten2s/ec_criteria_struct/lct/evaluate/eval_p3/model_output/Llama-3-8B-Instruct-Gradient-1048k_5_shot/output/Llama-3-8B-Instruct-Gradient-1048k_NCT03862963_inc_5_shot.json' gespeichert.
File: NCT03862976_exc 

Das File: /work/eauten2s/ec_criteria_struct/lct/input/lct_txt_half/NCT03862976_exc.txt wurde erfolgreich geladen.
Die Daten wurden erfolgreich in '/work/eauten2s/ec_criteria_struct/lct/evaluate/eval_p3/model_output/Llama-3-8B-Instruct-Gradient-1048k_5_shot/output/Llama-3-8B-Instruct-Gradient-1048k_NCT03862976_exc_5_shot.json' gespeichert.
File: NCT03862976_inc 

Das File: /work/eauten2s/ec_criteria_struct/lct/input/lct_txt_half/NCT03862976_inc.txt wurde erfolgreich geladen.
Die Daten wurden erfolgreich in '/work/eauten2s/ec_criteria_struct/lct/evaluate/eval_p3/model_output/Llama-3-8B-Instruct-Gradient-1048k_5_shot/output/Llama-3-8B-Instruct-Gradient-1048k_NCT03862976_inc_5_shot.json' gespeichert.
File: NCT03862989_exc 

Das File: /work/eauten2s/ec_criteria_struct/lct/input/lct_txt_half/NCT03862989_exc.txt wurde erfolgreich geladen.
Die Daten wurden erfolgreich in '/work/eauten2s/ec_criteria_struct/lct/evaluate/eval_p3/model_output/Llama-3-8B-Instruct-Gradient-1048k_5_shot/output/Llama-3-8B-Instruct-Gradient-1048k_NCT03862989_exc_5_shot.json' gespeichert.
File: NCT03862989_inc 

Das File: /work/eauten2s/ec_criteria_struct/lct/input/lct_txt_half/NCT03862989_inc.txt wurde erfolgreich geladen.
Die Daten wurden erfolgreich in '/work/eauten2s/ec_criteria_struct/lct/evaluate/eval_p3/model_output/Llama-3-8B-Instruct-Gradient-1048k_5_shot/output/Llama-3-8B-Instruct-Gradient-1048k_NCT03862989_inc_5_shot.json' gespeichert.
File: NCT03863015_exc 

Das File: /work/eauten2s/ec_criteria_struct/lct/input/lct_txt_half/NCT03863015_exc.txt wurde erfolgreich geladen.
Die Daten wurden erfolgreich in '/work/eauten2s/ec_criteria_struct/lct/evaluate/eval_p3/model_output/Llama-3-8B-Instruct-Gradient-1048k_5_shot/output/Llama-3-8B-Instruct-Gradient-1048k_NCT03863015_exc_5_shot.json' gespeichert.
File: NCT03863015_inc 

Das File: /work/eauten2s/ec_criteria_struct/lct/input/lct_txt_half/NCT03863015_inc.txt wurde erfolgreich geladen.
Die Daten wurden erfolgreich in '/work/eauten2s/ec_criteria_struct/lct/evaluate/eval_p3/model_output/Llama-3-8B-Instruct-Gradient-1048k_5_shot/output/Llama-3-8B-Instruct-Gradient-1048k_NCT03863015_inc_5_shot.json' gespeichert.
File: NCT03863067_exc 

Das File: /work/eauten2s/ec_criteria_struct/lct/input/lct_txt_half/NCT03863067_exc.txt wurde erfolgreich geladen.
Die Daten wurden erfolgreich in '/work/eauten2s/ec_criteria_struct/lct/evaluate/eval_p3/model_output/Llama-3-8B-Instruct-Gradient-1048k_5_shot/output/Llama-3-8B-Instruct-Gradient-1048k_NCT03863067_exc_5_shot.json' gespeichert.
File: NCT03863067_inc 

Das File: /work/eauten2s/ec_criteria_struct/lct/input/lct_txt_half/NCT03863067_inc.txt wurde erfolgreich geladen.
Die Daten wurden erfolgreich in '/work/eauten2s/ec_criteria_struct/lct/evaluate/eval_p3/model_output/Llama-3-8B-Instruct-Gradient-1048k_5_shot/output/Llama-3-8B-Instruct-Gradient-1048k_NCT03863067_inc_5_shot.json' gespeichert.
File: NCT03863080_exc 

Das File: /work/eauten2s/ec_criteria_struct/lct/input/lct_txt_half/NCT03863080_exc.txt wurde erfolgreich geladen.
Die Daten wurden erfolgreich in '/work/eauten2s/ec_criteria_struct/lct/evaluate/eval_p3/model_output/Llama-3-8B-Instruct-Gradient-1048k_5_shot/output/Llama-3-8B-Instruct-Gradient-1048k_NCT03863080_exc_5_shot.json' gespeichert.
File: NCT03863080_inc 

Das File: /work/eauten2s/ec_criteria_struct/lct/input/lct_txt_half/NCT03863080_inc.txt wurde erfolgreich geladen.
Die Daten wurden erfolgreich in '/work/eauten2s/ec_criteria_struct/lct/evaluate/eval_p3/model_output/Llama-3-8B-Instruct-Gradient-1048k_5_shot/output/Llama-3-8B-Instruct-Gradient-1048k_NCT03863080_inc_5_shot.json' gespeichert.
File: NCT03863158_exc 

Das File: /work/eauten2s/ec_criteria_struct/lct/input/lct_txt_half/NCT03863158_exc.txt wurde erfolgreich geladen.
Die Daten wurden erfolgreich in '/work/eauten2s/ec_criteria_struct/lct/evaluate/eval_p3/model_output/Llama-3-8B-Instruct-Gradient-1048k_5_shot/output/Llama-3-8B-Instruct-Gradient-1048k_NCT03863158_exc_5_shot.json' gespeichert.
File: NCT03863158_inc 

Das File: /work/eauten2s/ec_criteria_struct/lct/input/lct_txt_half/NCT03863158_inc.txt wurde erfolgreich geladen.
Die Daten wurden erfolgreich in '/work/eauten2s/ec_criteria_struct/lct/evaluate/eval_p3/model_output/Llama-3-8B-Instruct-Gradient-1048k_5_shot/output/Llama-3-8B-Instruct-Gradient-1048k_NCT03863158_inc_5_shot.json' gespeichert.
File: NCT03863171_exc 

Das File: /work/eauten2s/ec_criteria_struct/lct/input/lct_txt_half/NCT03863171_exc.txt wurde erfolgreich geladen.
Die Daten wurden erfolgreich in '/work/eauten2s/ec_criteria_struct/lct/evaluate/eval_p3/model_output/Llama-3-8B-Instruct-Gradient-1048k_5_shot/output/Llama-3-8B-Instruct-Gradient-1048k_NCT03863171_exc_5_shot.json' gespeichert.
File: NCT03863171_inc 

Das File: /work/eauten2s/ec_criteria_struct/lct/input/lct_txt_half/NCT03863171_inc.txt wurde erfolgreich geladen.
Die Daten wurden erfolgreich in '/work/eauten2s/ec_criteria_struct/lct/evaluate/eval_p3/model_output/Llama-3-8B-Instruct-Gradient-1048k_5_shot/output/Llama-3-8B-Instruct-Gradient-1048k_NCT03863171_inc_5_shot.json' gespeichert.
File: NCT03863197_exc 

Das File: /work/eauten2s/ec_criteria_struct/lct/input/lct_txt_half/NCT03863197_exc.txt wurde erfolgreich geladen.
Die Daten wurden erfolgreich in '/work/eauten2s/ec_criteria_struct/lct/evaluate/eval_p3/model_output/Llama-3-8B-Instruct-Gradient-1048k_5_shot/output/Llama-3-8B-Instruct-Gradient-1048k_NCT03863197_exc_5_shot.json' gespeichert.
File: NCT03863197_inc 

Das File: /work/eauten2s/ec_criteria_struct/lct/input/lct_txt_half/NCT03863197_inc.txt wurde erfolgreich geladen.
Die Daten wurden erfolgreich in '/work/eauten2s/ec_criteria_struct/lct/evaluate/eval_p3/model_output/Llama-3-8B-Instruct-Gradient-1048k_5_shot/output/Llama-3-8B-Instruct-Gradient-1048k_NCT03863197_inc_5_shot.json' gespeichert.
File: NCT03863210_exc 

Das File: /work/eauten2s/ec_criteria_struct/lct/input/lct_txt_half/NCT03863210_exc.txt wurde erfolgreich geladen.
Die Daten wurden erfolgreich in '/work/eauten2s/ec_criteria_struct/lct/evaluate/eval_p3/model_output/Llama-3-8B-Instruct-Gradient-1048k_5_shot/output/Llama-3-8B-Instruct-Gradient-1048k_NCT03863210_exc_5_shot.json' gespeichert.
File: NCT03863210_inc 

Das File: /work/eauten2s/ec_criteria_struct/lct/input/lct_txt_half/NCT03863210_inc.txt wurde erfolgreich geladen.
Die Daten wurden erfolgreich in '/work/eauten2s/ec_criteria_struct/lct/evaluate/eval_p3/model_output/Llama-3-8B-Instruct-Gradient-1048k_5_shot/output/Llama-3-8B-Instruct-Gradient-1048k_NCT03863210_inc_5_shot.json' gespeichert.
File: NCT03863223_exc 

Das File: /work/eauten2s/ec_criteria_struct/lct/input/lct_txt_half/NCT03863223_exc.txt wurde erfolgreich geladen.
Die Daten wurden erfolgreich in '/work/eauten2s/ec_criteria_struct/lct/evaluate/eval_p3/model_output/Llama-3-8B-Instruct-Gradient-1048k_5_shot/output/Llama-3-8B-Instruct-Gradient-1048k_NCT03863223_exc_5_shot.json' gespeichert.
File: NCT03863223_inc 

Das File: /work/eauten2s/ec_criteria_struct/lct/input/lct_txt_half/NCT03863223_inc.txt wurde erfolgreich geladen.
Die Daten wurden erfolgreich in '/work/eauten2s/ec_criteria_struct/lct/evaluate/eval_p3/model_output/Llama-3-8B-Instruct-Gradient-1048k_5_shot/output/Llama-3-8B-Instruct-Gradient-1048k_NCT03863223_inc_5_shot.json' gespeichert.
File: NCT03863236_exc 

Das File: /work/eauten2s/ec_criteria_struct/lct/input/lct_txt_half/NCT03863236_exc.txt wurde erfolgreich geladen.
Die Daten wurden erfolgreich in '/work/eauten2s/ec_criteria_struct/lct/evaluate/eval_p3/model_output/Llama-3-8B-Instruct-Gradient-1048k_5_shot/output/Llama-3-8B-Instruct-Gradient-1048k_NCT03863236_exc_5_shot.json' gespeichert.
File: NCT03863236_inc 

Das File: /work/eauten2s/ec_criteria_struct/lct/input/lct_txt_half/NCT03863236_inc.txt wurde erfolgreich geladen.
Die Daten wurden erfolgreich in '/work/eauten2s/ec_criteria_struct/lct/evaluate/eval_p3/model_output/Llama-3-8B-Instruct-Gradient-1048k_5_shot/output/Llama-3-8B-Instruct-Gradient-1048k_NCT03863236_inc_5_shot.json' gespeichert.
File: NCT03863249_exc 

Das File: /work/eauten2s/ec_criteria_struct/lct/input/lct_txt_half/NCT03863249_exc.txt wurde erfolgreich geladen.
Die Daten wurden erfolgreich in '/work/eauten2s/ec_criteria_struct/lct/evaluate/eval_p3/model_output/Llama-3-8B-Instruct-Gradient-1048k_5_shot/output/Llama-3-8B-Instruct-Gradient-1048k_NCT03863249_exc_5_shot.json' gespeichert.
File: NCT03863249_inc 

Das File: /work/eauten2s/ec_criteria_struct/lct/input/lct_txt_half/NCT03863249_inc.txt wurde erfolgreich geladen.
Die Daten wurden erfolgreich in '/work/eauten2s/ec_criteria_struct/lct/evaluate/eval_p3/model_output/Llama-3-8B-Instruct-Gradient-1048k_5_shot/output/Llama-3-8B-Instruct-Gradient-1048k_NCT03863249_inc_5_shot.json' gespeichert.
File: NCT03863262_exc 

Das File: /work/eauten2s/ec_criteria_struct/lct/input/lct_txt_half/NCT03863262_exc.txt wurde erfolgreich geladen.
Die Daten wurden erfolgreich in '/work/eauten2s/ec_criteria_struct/lct/evaluate/eval_p3/model_output/Llama-3-8B-Instruct-Gradient-1048k_5_shot/output/Llama-3-8B-Instruct-Gradient-1048k_NCT03863262_exc_5_shot.json' gespeichert.
File: NCT03863262_inc 

Das File: /work/eauten2s/ec_criteria_struct/lct/input/lct_txt_half/NCT03863262_inc.txt wurde erfolgreich geladen.
Die Daten wurden erfolgreich in '/work/eauten2s/ec_criteria_struct/lct/evaluate/eval_p3/model_output/Llama-3-8B-Instruct-Gradient-1048k_5_shot/output/Llama-3-8B-Instruct-Gradient-1048k_NCT03863262_inc_5_shot.json' gespeichert.
File: NCT03863275_exc 

Das File: /work/eauten2s/ec_criteria_struct/lct/input/lct_txt_half/NCT03863275_exc.txt wurde erfolgreich geladen.
Die Daten wurden erfolgreich in '/work/eauten2s/ec_criteria_struct/lct/evaluate/eval_p3/model_output/Llama-3-8B-Instruct-Gradient-1048k_5_shot/output/Llama-3-8B-Instruct-Gradient-1048k_NCT03863275_exc_5_shot.json' gespeichert.
File: NCT03863275_inc 

Das File: /work/eauten2s/ec_criteria_struct/lct/input/lct_txt_half/NCT03863275_inc.txt wurde erfolgreich geladen.
Die Daten wurden erfolgreich in '/work/eauten2s/ec_criteria_struct/lct/evaluate/eval_p3/model_output/Llama-3-8B-Instruct-Gradient-1048k_5_shot/output/Llama-3-8B-Instruct-Gradient-1048k_NCT03863275_inc_5_shot.json' gespeichert.
File: NCT03863314_exc 

Das File: /work/eauten2s/ec_criteria_struct/lct/input/lct_txt_half/NCT03863314_exc.txt wurde erfolgreich geladen.
Die Daten wurden erfolgreich in '/work/eauten2s/ec_criteria_struct/lct/evaluate/eval_p3/model_output/Llama-3-8B-Instruct-Gradient-1048k_5_shot/output/Llama-3-8B-Instruct-Gradient-1048k_NCT03863314_exc_5_shot.json' gespeichert.
File: NCT03863314_inc 

Das File: /work/eauten2s/ec_criteria_struct/lct/input/lct_txt_half/NCT03863314_inc.txt wurde erfolgreich geladen.
Die Daten wurden erfolgreich in '/work/eauten2s/ec_criteria_struct/lct/evaluate/eval_p3/model_output/Llama-3-8B-Instruct-Gradient-1048k_5_shot/output/Llama-3-8B-Instruct-Gradient-1048k_NCT03863314_inc_5_shot.json' gespeichert.
File: NCT03863327_exc 

Das File: /work/eauten2s/ec_criteria_struct/lct/input/lct_txt_half/NCT03863327_exc.txt wurde erfolgreich geladen.
Die Daten wurden erfolgreich in '/work/eauten2s/ec_criteria_struct/lct/evaluate/eval_p3/model_output/Llama-3-8B-Instruct-Gradient-1048k_5_shot/output/Llama-3-8B-Instruct-Gradient-1048k_NCT03863327_exc_5_shot.json' gespeichert.
File: NCT03863327_inc 

Das File: /work/eauten2s/ec_criteria_struct/lct/input/lct_txt_half/NCT03863327_inc.txt wurde erfolgreich geladen.
Die Daten wurden erfolgreich in '/work/eauten2s/ec_criteria_struct/lct/evaluate/eval_p3/model_output/Llama-3-8B-Instruct-Gradient-1048k_5_shot/output/Llama-3-8B-Instruct-Gradient-1048k_NCT03863327_inc_5_shot.json' gespeichert.
File: NCT03863353_exc 

Das File: /work/eauten2s/ec_criteria_struct/lct/input/lct_txt_half/NCT03863353_exc.txt wurde erfolgreich geladen.
Die Daten wurden erfolgreich in '/work/eauten2s/ec_criteria_struct/lct/evaluate/eval_p3/model_output/Llama-3-8B-Instruct-Gradient-1048k_5_shot/output/Llama-3-8B-Instruct-Gradient-1048k_NCT03863353_exc_5_shot.json' gespeichert.
File: NCT03863353_inc 

Das File: /work/eauten2s/ec_criteria_struct/lct/input/lct_txt_half/NCT03863353_inc.txt wurde erfolgreich geladen.
Die Daten wurden erfolgreich in '/work/eauten2s/ec_criteria_struct/lct/evaluate/eval_p3/model_output/Llama-3-8B-Instruct-Gradient-1048k_5_shot/output/Llama-3-8B-Instruct-Gradient-1048k_NCT03863353_inc_5_shot.json' gespeichert.
File: NCT03863366_exc 

Das File: /work/eauten2s/ec_criteria_struct/lct/input/lct_txt_half/NCT03863366_exc.txt wurde erfolgreich geladen.
Die Daten wurden erfolgreich in '/work/eauten2s/ec_criteria_struct/lct/evaluate/eval_p3/model_output/Llama-3-8B-Instruct-Gradient-1048k_5_shot/output/Llama-3-8B-Instruct-Gradient-1048k_NCT03863366_exc_5_shot.json' gespeichert.
File: NCT03863366_inc 

Das File: /work/eauten2s/ec_criteria_struct/lct/input/lct_txt_half/NCT03863366_inc.txt wurde erfolgreich geladen.
Die Daten wurden erfolgreich in '/work/eauten2s/ec_criteria_struct/lct/evaluate/eval_p3/model_output/Llama-3-8B-Instruct-Gradient-1048k_5_shot/output/Llama-3-8B-Instruct-Gradient-1048k_NCT03863366_inc_5_shot.json' gespeichert.
File: NCT03863379_exc 

Das File: /work/eauten2s/ec_criteria_struct/lct/input/lct_txt_half/NCT03863379_exc.txt wurde erfolgreich geladen.
Die Daten wurden erfolgreich in '/work/eauten2s/ec_criteria_struct/lct/evaluate/eval_p3/model_output/Llama-3-8B-Instruct-Gradient-1048k_5_shot/output/Llama-3-8B-Instruct-Gradient-1048k_NCT03863379_exc_5_shot.json' gespeichert.
File: NCT03863379_inc 

Das File: /work/eauten2s/ec_criteria_struct/lct/input/lct_txt_half/NCT03863379_inc.txt wurde erfolgreich geladen.
Die Daten wurden erfolgreich in '/work/eauten2s/ec_criteria_struct/lct/evaluate/eval_p3/model_output/Llama-3-8B-Instruct-Gradient-1048k_5_shot/output/Llama-3-8B-Instruct-Gradient-1048k_NCT03863379_inc_5_shot.json' gespeichert.
File: NCT03863392_exc 

Das File: /work/eauten2s/ec_criteria_struct/lct/input/lct_txt_half/NCT03863392_exc.txt wurde erfolgreich geladen.
Die Daten wurden erfolgreich in '/work/eauten2s/ec_criteria_struct/lct/evaluate/eval_p3/model_output/Llama-3-8B-Instruct-Gradient-1048k_5_shot/output/Llama-3-8B-Instruct-Gradient-1048k_NCT03863392_exc_5_shot.json' gespeichert.
File: NCT03863392_inc 

Das File: /work/eauten2s/ec_criteria_struct/lct/input/lct_txt_half/NCT03863392_inc.txt wurde erfolgreich geladen.
Die Daten wurden erfolgreich in '/work/eauten2s/ec_criteria_struct/lct/evaluate/eval_p3/model_output/Llama-3-8B-Instruct-Gradient-1048k_5_shot/output/Llama-3-8B-Instruct-Gradient-1048k_NCT03863392_inc_5_shot.json' gespeichert.
File: NCT03863405_exc 

Das File: /work/eauten2s/ec_criteria_struct/lct/input/lct_txt_half/NCT03863405_exc.txt wurde erfolgreich geladen.
Die Daten wurden erfolgreich in '/work/eauten2s/ec_criteria_struct/lct/evaluate/eval_p3/model_output/Llama-3-8B-Instruct-Gradient-1048k_5_shot/output/Llama-3-8B-Instruct-Gradient-1048k_NCT03863405_exc_5_shot.json' gespeichert.
File: NCT03863405_inc 

Das File: /work/eauten2s/ec_criteria_struct/lct/input/lct_txt_half/NCT03863405_inc.txt wurde erfolgreich geladen.
Die Daten wurden erfolgreich in '/work/eauten2s/ec_criteria_struct/lct/evaluate/eval_p3/model_output/Llama-3-8B-Instruct-Gradient-1048k_5_shot/output/Llama-3-8B-Instruct-Gradient-1048k_NCT03863405_inc_5_shot.json' gespeichert.
File: NCT03863418_exc 

Das File: /work/eauten2s/ec_criteria_struct/lct/input/lct_txt_half/NCT03863418_exc.txt wurde erfolgreich geladen.
Die Daten wurden erfolgreich in '/work/eauten2s/ec_criteria_struct/lct/evaluate/eval_p3/model_output/Llama-3-8B-Instruct-Gradient-1048k_5_shot/output/Llama-3-8B-Instruct-Gradient-1048k_NCT03863418_exc_5_shot.json' gespeichert.
File: NCT03863418_inc 

Das File: /work/eauten2s/ec_criteria_struct/lct/input/lct_txt_half/NCT03863418_inc.txt wurde erfolgreich geladen.
Die Daten wurden erfolgreich in '/work/eauten2s/ec_criteria_struct/lct/evaluate/eval_p3/model_output/Llama-3-8B-Instruct-Gradient-1048k_5_shot/output/Llama-3-8B-Instruct-Gradient-1048k_NCT03863418_inc_5_shot.json' gespeichert.
File: NCT03863431_exc 

Das File: /work/eauten2s/ec_criteria_struct/lct/input/lct_txt_half/NCT03863431_exc.txt wurde erfolgreich geladen.
Die Daten wurden erfolgreich in '/work/eauten2s/ec_criteria_struct/lct/evaluate/eval_p3/model_output/Llama-3-8B-Instruct-Gradient-1048k_5_shot/output/Llama-3-8B-Instruct-Gradient-1048k_NCT03863431_exc_5_shot.json' gespeichert.
File: NCT03863431_inc 

Das File: /work/eauten2s/ec_criteria_struct/lct/input/lct_txt_half/NCT03863431_inc.txt wurde erfolgreich geladen.
Die Daten wurden erfolgreich in '/work/eauten2s/ec_criteria_struct/lct/evaluate/eval_p3/model_output/Llama-3-8B-Instruct-Gradient-1048k_5_shot/output/Llama-3-8B-Instruct-Gradient-1048k_NCT03863431_inc_5_shot.json' gespeichert.
File: NCT03863444_exc 

Das File: /work/eauten2s/ec_criteria_struct/lct/input/lct_txt_half/NCT03863444_exc.txt wurde erfolgreich geladen.
Die Daten wurden erfolgreich in '/work/eauten2s/ec_criteria_struct/lct/evaluate/eval_p3/model_output/Llama-3-8B-Instruct-Gradient-1048k_5_shot/output/Llama-3-8B-Instruct-Gradient-1048k_NCT03863444_exc_5_shot.json' gespeichert.
File: NCT03863444_inc 

Das File: /work/eauten2s/ec_criteria_struct/lct/input/lct_txt_half/NCT03863444_inc.txt wurde erfolgreich geladen.
Die Daten wurden erfolgreich in '/work/eauten2s/ec_criteria_struct/lct/evaluate/eval_p3/model_output/Llama-3-8B-Instruct-Gradient-1048k_5_shot/output/Llama-3-8B-Instruct-Gradient-1048k_NCT03863444_inc_5_shot.json' gespeichert.
File: NCT03863457_exc 

Das File: /work/eauten2s/ec_criteria_struct/lct/input/lct_txt_half/NCT03863457_exc.txt wurde erfolgreich geladen.
Die Daten wurden erfolgreich in '/work/eauten2s/ec_criteria_struct/lct/evaluate/eval_p3/model_output/Llama-3-8B-Instruct-Gradient-1048k_5_shot/output/Llama-3-8B-Instruct-Gradient-1048k_NCT03863457_exc_5_shot.json' gespeichert.
File: NCT03863457_inc 

Das File: /work/eauten2s/ec_criteria_struct/lct/input/lct_txt_half/NCT03863457_inc.txt wurde erfolgreich geladen.
Die Daten wurden erfolgreich in '/work/eauten2s/ec_criteria_struct/lct/evaluate/eval_p3/model_output/Llama-3-8B-Instruct-Gradient-1048k_5_shot/output/Llama-3-8B-Instruct-Gradient-1048k_NCT03863457_inc_5_shot.json' gespeichert.
File: NCT03863470_exc 

Das File: /work/eauten2s/ec_criteria_struct/lct/input/lct_txt_half/NCT03863470_exc.txt wurde erfolgreich geladen.
Die Daten wurden erfolgreich in '/work/eauten2s/ec_criteria_struct/lct/evaluate/eval_p3/model_output/Llama-3-8B-Instruct-Gradient-1048k_5_shot/output/Llama-3-8B-Instruct-Gradient-1048k_NCT03863470_exc_5_shot.json' gespeichert.
File: NCT03863470_inc 

Das File: /work/eauten2s/ec_criteria_struct/lct/input/lct_txt_half/NCT03863470_inc.txt wurde erfolgreich geladen.
Die Daten wurden erfolgreich in '/work/eauten2s/ec_criteria_struct/lct/evaluate/eval_p3/model_output/Llama-3-8B-Instruct-Gradient-1048k_5_shot/output/Llama-3-8B-Instruct-Gradient-1048k_NCT03863470_inc_5_shot.json' gespeichert.
File: NCT03863496_exc 

Das File: /work/eauten2s/ec_criteria_struct/lct/input/lct_txt_half/NCT03863496_exc.txt wurde erfolgreich geladen.
Die Daten wurden erfolgreich in '/work/eauten2s/ec_criteria_struct/lct/evaluate/eval_p3/model_output/Llama-3-8B-Instruct-Gradient-1048k_5_shot/output/Llama-3-8B-Instruct-Gradient-1048k_NCT03863496_exc_5_shot.json' gespeichert.
File: NCT03863496_inc 

Das File: /work/eauten2s/ec_criteria_struct/lct/input/lct_txt_half/NCT03863496_inc.txt wurde erfolgreich geladen.
Die Daten wurden erfolgreich in '/work/eauten2s/ec_criteria_struct/lct/evaluate/eval_p3/model_output/Llama-3-8B-Instruct-Gradient-1048k_5_shot/output/Llama-3-8B-Instruct-Gradient-1048k_NCT03863496_inc_5_shot.json' gespeichert.
File: NCT03863509_exc 

Das File: /work/eauten2s/ec_criteria_struct/lct/input/lct_txt_half/NCT03863509_exc.txt wurde erfolgreich geladen.
Die Daten wurden erfolgreich in '/work/eauten2s/ec_criteria_struct/lct/evaluate/eval_p3/model_output/Llama-3-8B-Instruct-Gradient-1048k_5_shot/output/Llama-3-8B-Instruct-Gradient-1048k_NCT03863509_exc_5_shot.json' gespeichert.
File: NCT03863509_inc 

Das File: /work/eauten2s/ec_criteria_struct/lct/input/lct_txt_half/NCT03863509_inc.txt wurde erfolgreich geladen.
Die Daten wurden erfolgreich in '/work/eauten2s/ec_criteria_struct/lct/evaluate/eval_p3/model_output/Llama-3-8B-Instruct-Gradient-1048k_5_shot/output/Llama-3-8B-Instruct-Gradient-1048k_NCT03863509_inc_5_shot.json' gespeichert.
File: NCT03863522_exc 

Das File: /work/eauten2s/ec_criteria_struct/lct/input/lct_txt_half/NCT03863522_exc.txt wurde erfolgreich geladen.
Die Daten wurden erfolgreich in '/work/eauten2s/ec_criteria_struct/lct/evaluate/eval_p3/model_output/Llama-3-8B-Instruct-Gradient-1048k_5_shot/output/Llama-3-8B-Instruct-Gradient-1048k_NCT03863522_exc_5_shot.json' gespeichert.
File: NCT03863522_inc 

Das File: /work/eauten2s/ec_criteria_struct/lct/input/lct_txt_half/NCT03863522_inc.txt wurde erfolgreich geladen.
Die Daten wurden erfolgreich in '/work/eauten2s/ec_criteria_struct/lct/evaluate/eval_p3/model_output/Llama-3-8B-Instruct-Gradient-1048k_5_shot/output/Llama-3-8B-Instruct-Gradient-1048k_NCT03863522_inc_5_shot.json' gespeichert.
File: NCT03863535_exc 

Das File: /work/eauten2s/ec_criteria_struct/lct/input/lct_txt_half/NCT03863535_exc.txt wurde erfolgreich geladen.
Die Daten wurden erfolgreich in '/work/eauten2s/ec_criteria_struct/lct/evaluate/eval_p3/model_output/Llama-3-8B-Instruct-Gradient-1048k_5_shot/output/Llama-3-8B-Instruct-Gradient-1048k_NCT03863535_exc_5_shot.json' gespeichert.
File: NCT03863535_inc 

Das File: /work/eauten2s/ec_criteria_struct/lct/input/lct_txt_half/NCT03863535_inc.txt wurde erfolgreich geladen.
Die Daten wurden erfolgreich in '/work/eauten2s/ec_criteria_struct/lct/evaluate/eval_p3/model_output/Llama-3-8B-Instruct-Gradient-1048k_5_shot/output/Llama-3-8B-Instruct-Gradient-1048k_NCT03863535_inc_5_shot.json' gespeichert.
File: NCT03863548_exc 

Das File: /work/eauten2s/ec_criteria_struct/lct/input/lct_txt_half/NCT03863548_exc.txt wurde erfolgreich geladen.
Die Daten wurden erfolgreich in '/work/eauten2s/ec_criteria_struct/lct/evaluate/eval_p3/model_output/Llama-3-8B-Instruct-Gradient-1048k_5_shot/output/Llama-3-8B-Instruct-Gradient-1048k_NCT03863548_exc_5_shot.json' gespeichert.
File: NCT03863548_inc 

Das File: /work/eauten2s/ec_criteria_struct/lct/input/lct_txt_half/NCT03863548_inc.txt wurde erfolgreich geladen.
Die Daten wurden erfolgreich in '/work/eauten2s/ec_criteria_struct/lct/evaluate/eval_p3/model_output/Llama-3-8B-Instruct-Gradient-1048k_5_shot/output/Llama-3-8B-Instruct-Gradient-1048k_NCT03863548_inc_5_shot.json' gespeichert.
File: NCT03863561_exc 

Das File: /work/eauten2s/ec_criteria_struct/lct/input/lct_txt_half/NCT03863561_exc.txt wurde erfolgreich geladen.
Die Daten wurden erfolgreich in '/work/eauten2s/ec_criteria_struct/lct/evaluate/eval_p3/model_output/Llama-3-8B-Instruct-Gradient-1048k_5_shot/output/Llama-3-8B-Instruct-Gradient-1048k_NCT03863561_exc_5_shot.json' gespeichert.
File: NCT03863561_inc 

Das File: /work/eauten2s/ec_criteria_struct/lct/input/lct_txt_half/NCT03863561_inc.txt wurde erfolgreich geladen.
Die Daten wurden erfolgreich in '/work/eauten2s/ec_criteria_struct/lct/evaluate/eval_p3/model_output/Llama-3-8B-Instruct-Gradient-1048k_5_shot/output/Llama-3-8B-Instruct-Gradient-1048k_NCT03863561_inc_5_shot.json' gespeichert.
File: NCT03863600_exc 

Das File: /work/eauten2s/ec_criteria_struct/lct/input/lct_txt_half/NCT03863600_exc.txt wurde erfolgreich geladen.
Die Daten wurden erfolgreich in '/work/eauten2s/ec_criteria_struct/lct/evaluate/eval_p3/model_output/Llama-3-8B-Instruct-Gradient-1048k_5_shot/output/Llama-3-8B-Instruct-Gradient-1048k_NCT03863600_exc_5_shot.json' gespeichert.
File: NCT03863600_inc 

Das File: /work/eauten2s/ec_criteria_struct/lct/input/lct_txt_half/NCT03863600_inc.txt wurde erfolgreich geladen.
Die Daten wurden erfolgreich in '/work/eauten2s/ec_criteria_struct/lct/evaluate/eval_p3/model_output/Llama-3-8B-Instruct-Gradient-1048k_5_shot/output/Llama-3-8B-Instruct-Gradient-1048k_NCT03863600_inc_5_shot.json' gespeichert.
File: NCT03863613_exc 

Das File: /work/eauten2s/ec_criteria_struct/lct/input/lct_txt_half/NCT03863613_exc.txt wurde erfolgreich geladen.
Die Daten wurden erfolgreich in '/work/eauten2s/ec_criteria_struct/lct/evaluate/eval_p3/model_output/Llama-3-8B-Instruct-Gradient-1048k_5_shot/output/Llama-3-8B-Instruct-Gradient-1048k_NCT03863613_exc_5_shot.json' gespeichert.
File: NCT03863613_inc 

Das File: /work/eauten2s/ec_criteria_struct/lct/input/lct_txt_half/NCT03863613_inc.txt wurde erfolgreich geladen.
Die Daten wurden erfolgreich in '/work/eauten2s/ec_criteria_struct/lct/evaluate/eval_p3/model_output/Llama-3-8B-Instruct-Gradient-1048k_5_shot/output/Llama-3-8B-Instruct-Gradient-1048k_NCT03863613_inc_5_shot.json' gespeichert.
File: NCT03863626_exc 

Das File: /work/eauten2s/ec_criteria_struct/lct/input/lct_txt_half/NCT03863626_exc.txt wurde erfolgreich geladen.
Die Daten wurden erfolgreich in '/work/eauten2s/ec_criteria_struct/lct/evaluate/eval_p3/model_output/Llama-3-8B-Instruct-Gradient-1048k_5_shot/output/Llama-3-8B-Instruct-Gradient-1048k_NCT03863626_exc_5_shot.json' gespeichert.
File: NCT03863626_inc 

Das File: /work/eauten2s/ec_criteria_struct/lct/input/lct_txt_half/NCT03863626_inc.txt wurde erfolgreich geladen.
Die Daten wurden erfolgreich in '/work/eauten2s/ec_criteria_struct/lct/evaluate/eval_p3/model_output/Llama-3-8B-Instruct-Gradient-1048k_5_shot/output/Llama-3-8B-Instruct-Gradient-1048k_NCT03863626_inc_5_shot.json' gespeichert.
File: NCT03863639_exc 

Das File: /work/eauten2s/ec_criteria_struct/lct/input/lct_txt_half/NCT03863639_exc.txt wurde erfolgreich geladen.
Die Daten wurden erfolgreich in '/work/eauten2s/ec_criteria_struct/lct/evaluate/eval_p3/model_output/Llama-3-8B-Instruct-Gradient-1048k_5_shot/output/Llama-3-8B-Instruct-Gradient-1048k_NCT03863639_exc_5_shot.json' gespeichert.
File: NCT03863639_inc 

Das File: /work/eauten2s/ec_criteria_struct/lct/input/lct_txt_half/NCT03863639_inc.txt wurde erfolgreich geladen.
Die Daten wurden erfolgreich in '/work/eauten2s/ec_criteria_struct/lct/evaluate/eval_p3/model_output/Llama-3-8B-Instruct-Gradient-1048k_5_shot/output/Llama-3-8B-Instruct-Gradient-1048k_NCT03863639_inc_5_shot.json' gespeichert.
File: NCT03863652_exc 

Das File: /work/eauten2s/ec_criteria_struct/lct/input/lct_txt_half/NCT03863652_exc.txt wurde erfolgreich geladen.
Die Daten wurden erfolgreich in '/work/eauten2s/ec_criteria_struct/lct/evaluate/eval_p3/model_output/Llama-3-8B-Instruct-Gradient-1048k_5_shot/output/Llama-3-8B-Instruct-Gradient-1048k_NCT03863652_exc_5_shot.json' gespeichert.
File: NCT03863652_inc 

Das File: /work/eauten2s/ec_criteria_struct/lct/input/lct_txt_half/NCT03863652_inc.txt wurde erfolgreich geladen.
Die Daten wurden erfolgreich in '/work/eauten2s/ec_criteria_struct/lct/evaluate/eval_p3/model_output/Llama-3-8B-Instruct-Gradient-1048k_5_shot/output/Llama-3-8B-Instruct-Gradient-1048k_NCT03863652_inc_5_shot.json' gespeichert.
File: NCT03863678_exc 

Das File: /work/eauten2s/ec_criteria_struct/lct/input/lct_txt_half/NCT03863678_exc.txt wurde erfolgreich geladen.
Die Daten wurden erfolgreich in '/work/eauten2s/ec_criteria_struct/lct/evaluate/eval_p3/model_output/Llama-3-8B-Instruct-Gradient-1048k_5_shot/output/Llama-3-8B-Instruct-Gradient-1048k_NCT03863678_exc_5_shot.json' gespeichert.
File: NCT03863678_inc 

Das File: /work/eauten2s/ec_criteria_struct/lct/input/lct_txt_half/NCT03863678_inc.txt wurde erfolgreich geladen.
Die Daten wurden erfolgreich in '/work/eauten2s/ec_criteria_struct/lct/evaluate/eval_p3/model_output/Llama-3-8B-Instruct-Gradient-1048k_5_shot/output/Llama-3-8B-Instruct-Gradient-1048k_NCT03863678_inc_5_shot.json' gespeichert.
File: NCT03863691_exc 

Das File: /work/eauten2s/ec_criteria_struct/lct/input/lct_txt_half/NCT03863691_exc.txt wurde erfolgreich geladen.
Die Daten wurden erfolgreich in '/work/eauten2s/ec_criteria_struct/lct/evaluate/eval_p3/model_output/Llama-3-8B-Instruct-Gradient-1048k_5_shot/output/Llama-3-8B-Instruct-Gradient-1048k_NCT03863691_exc_5_shot.json' gespeichert.
File: NCT03863691_inc 

Das File: /work/eauten2s/ec_criteria_struct/lct/input/lct_txt_half/NCT03863691_inc.txt wurde erfolgreich geladen.
Die Daten wurden erfolgreich in '/work/eauten2s/ec_criteria_struct/lct/evaluate/eval_p3/model_output/Llama-3-8B-Instruct-Gradient-1048k_5_shot/output/Llama-3-8B-Instruct-Gradient-1048k_NCT03863691_inc_5_shot.json' gespeichert.
File: NCT03863717_exc 

Das File: /work/eauten2s/ec_criteria_struct/lct/input/lct_txt_half/NCT03863717_exc.txt wurde erfolgreich geladen.
Die Daten wurden erfolgreich in '/work/eauten2s/ec_criteria_struct/lct/evaluate/eval_p3/model_output/Llama-3-8B-Instruct-Gradient-1048k_5_shot/output/Llama-3-8B-Instruct-Gradient-1048k_NCT03863717_exc_5_shot.json' gespeichert.
File: NCT03863717_inc 

Das File: /work/eauten2s/ec_criteria_struct/lct/input/lct_txt_half/NCT03863717_inc.txt wurde erfolgreich geladen.
Die Daten wurden erfolgreich in '/work/eauten2s/ec_criteria_struct/lct/evaluate/eval_p3/model_output/Llama-3-8B-Instruct-Gradient-1048k_5_shot/output/Llama-3-8B-Instruct-Gradient-1048k_NCT03863717_inc_5_shot.json' gespeichert.
File: NCT03863730_exc 

Das File: /work/eauten2s/ec_criteria_struct/lct/input/lct_txt_half/NCT03863730_exc.txt wurde erfolgreich geladen.
Die Daten wurden erfolgreich in '/work/eauten2s/ec_criteria_struct/lct/evaluate/eval_p3/model_output/Llama-3-8B-Instruct-Gradient-1048k_5_shot/output/Llama-3-8B-Instruct-Gradient-1048k_NCT03863730_exc_5_shot.json' gespeichert.
File: NCT03863730_inc 

Das File: /work/eauten2s/ec_criteria_struct/lct/input/lct_txt_half/NCT03863730_inc.txt wurde erfolgreich geladen.
Die Daten wurden erfolgreich in '/work/eauten2s/ec_criteria_struct/lct/evaluate/eval_p3/model_output/Llama-3-8B-Instruct-Gradient-1048k_5_shot/output/Llama-3-8B-Instruct-Gradient-1048k_NCT03863730_inc_5_shot.json' gespeichert.
File: NCT03863743_exc 

Das File: /work/eauten2s/ec_criteria_struct/lct/input/lct_txt_half/NCT03863743_exc.txt wurde erfolgreich geladen.
Die Daten wurden erfolgreich in '/work/eauten2s/ec_criteria_struct/lct/evaluate/eval_p3/model_output/Llama-3-8B-Instruct-Gradient-1048k_5_shot/output/Llama-3-8B-Instruct-Gradient-1048k_NCT03863743_exc_5_shot.json' gespeichert.
File: NCT03863743_inc 

Das File: /work/eauten2s/ec_criteria_struct/lct/input/lct_txt_half/NCT03863743_inc.txt wurde erfolgreich geladen.
Die Daten wurden erfolgreich in '/work/eauten2s/ec_criteria_struct/lct/evaluate/eval_p3/model_output/Llama-3-8B-Instruct-Gradient-1048k_5_shot/output/Llama-3-8B-Instruct-Gradient-1048k_NCT03863743_inc_5_shot.json' gespeichert.
File: NCT03863756_exc 

Das File: /work/eauten2s/ec_criteria_struct/lct/input/lct_txt_half/NCT03863756_exc.txt wurde erfolgreich geladen.
Die Daten wurden erfolgreich in '/work/eauten2s/ec_criteria_struct/lct/evaluate/eval_p3/model_output/Llama-3-8B-Instruct-Gradient-1048k_5_shot/output/Llama-3-8B-Instruct-Gradient-1048k_NCT03863756_exc_5_shot.json' gespeichert.
File: NCT03863756_inc 

Das File: /work/eauten2s/ec_criteria_struct/lct/input/lct_txt_half/NCT03863756_inc.txt wurde erfolgreich geladen.
Die Daten wurden erfolgreich in '/work/eauten2s/ec_criteria_struct/lct/evaluate/eval_p3/model_output/Llama-3-8B-Instruct-Gradient-1048k_5_shot/output/Llama-3-8B-Instruct-Gradient-1048k_NCT03863756_inc_5_shot.json' gespeichert.
File: NCT03863769_exc 

Das File: /work/eauten2s/ec_criteria_struct/lct/input/lct_txt_half/NCT03863769_exc.txt wurde erfolgreich geladen.
Die Daten wurden erfolgreich in '/work/eauten2s/ec_criteria_struct/lct/evaluate/eval_p3/model_output/Llama-3-8B-Instruct-Gradient-1048k_5_shot/output/Llama-3-8B-Instruct-Gradient-1048k_NCT03863769_exc_5_shot.json' gespeichert.
File: NCT03863769_inc 

Das File: /work/eauten2s/ec_criteria_struct/lct/input/lct_txt_half/NCT03863769_inc.txt wurde erfolgreich geladen.
Die Daten wurden erfolgreich in '/work/eauten2s/ec_criteria_struct/lct/evaluate/eval_p3/model_output/Llama-3-8B-Instruct-Gradient-1048k_5_shot/output/Llama-3-8B-Instruct-Gradient-1048k_NCT03863769_inc_5_shot.json' gespeichert.
File: NCT03863795_inc 

Das File: /work/eauten2s/ec_criteria_struct/lct/input/lct_txt_half/NCT03863795_inc.txt wurde erfolgreich geladen.
Die Daten wurden erfolgreich in '/work/eauten2s/ec_criteria_struct/lct/evaluate/eval_p3/model_output/Llama-3-8B-Instruct-Gradient-1048k_5_shot/output/Llama-3-8B-Instruct-Gradient-1048k_NCT03863795_inc_5_shot.json' gespeichert.
File: NCT03863821_exc 

Das File: /work/eauten2s/ec_criteria_struct/lct/input/lct_txt_half/NCT03863821_exc.txt wurde erfolgreich geladen.
Die Daten wurden erfolgreich in '/work/eauten2s/ec_criteria_struct/lct/evaluate/eval_p3/model_output/Llama-3-8B-Instruct-Gradient-1048k_5_shot/output/Llama-3-8B-Instruct-Gradient-1048k_NCT03863821_exc_5_shot.json' gespeichert.
File: NCT03863821_inc 

Das File: /work/eauten2s/ec_criteria_struct/lct/input/lct_txt_half/NCT03863821_inc.txt wurde erfolgreich geladen.
Die Daten wurden erfolgreich in '/work/eauten2s/ec_criteria_struct/lct/evaluate/eval_p3/model_output/Llama-3-8B-Instruct-Gradient-1048k_5_shot/output/Llama-3-8B-Instruct-Gradient-1048k_NCT03863821_inc_5_shot.json' gespeichert.
File: NCT03863847_exc 

Das File: /work/eauten2s/ec_criteria_struct/lct/input/lct_txt_half/NCT03863847_exc.txt wurde erfolgreich geladen.
Die Daten wurden erfolgreich in '/work/eauten2s/ec_criteria_struct/lct/evaluate/eval_p3/model_output/Llama-3-8B-Instruct-Gradient-1048k_5_shot/output/Llama-3-8B-Instruct-Gradient-1048k_NCT03863847_exc_5_shot.json' gespeichert.
File: NCT03863847_inc 

Das File: /work/eauten2s/ec_criteria_struct/lct/input/lct_txt_half/NCT03863847_inc.txt wurde erfolgreich geladen.
Die Daten wurden erfolgreich in '/work/eauten2s/ec_criteria_struct/lct/evaluate/eval_p3/model_output/Llama-3-8B-Instruct-Gradient-1048k_5_shot/output/Llama-3-8B-Instruct-Gradient-1048k_NCT03863847_inc_5_shot.json' gespeichert.
File: NCT03863860_exc 

Das File: /work/eauten2s/ec_criteria_struct/lct/input/lct_txt_half/NCT03863860_exc.txt wurde erfolgreich geladen.
Die Daten wurden erfolgreich in '/work/eauten2s/ec_criteria_struct/lct/evaluate/eval_p3/model_output/Llama-3-8B-Instruct-Gradient-1048k_5_shot/output/Llama-3-8B-Instruct-Gradient-1048k_NCT03863860_exc_5_shot.json' gespeichert.
File: NCT03863860_inc 

Das File: /work/eauten2s/ec_criteria_struct/lct/input/lct_txt_half/NCT03863860_inc.txt wurde erfolgreich geladen.
Die Daten wurden erfolgreich in '/work/eauten2s/ec_criteria_struct/lct/evaluate/eval_p3/model_output/Llama-3-8B-Instruct-Gradient-1048k_5_shot/output/Llama-3-8B-Instruct-Gradient-1048k_NCT03863860_inc_5_shot.json' gespeichert.
File: NCT03863873_exc 

Das File: /work/eauten2s/ec_criteria_struct/lct/input/lct_txt_half/NCT03863873_exc.txt wurde erfolgreich geladen.
Die Daten wurden erfolgreich in '/work/eauten2s/ec_criteria_struct/lct/evaluate/eval_p3/model_output/Llama-3-8B-Instruct-Gradient-1048k_5_shot/output/Llama-3-8B-Instruct-Gradient-1048k_NCT03863873_exc_5_shot.json' gespeichert.
File: NCT03863873_inc 

Das File: /work/eauten2s/ec_criteria_struct/lct/input/lct_txt_half/NCT03863873_inc.txt wurde erfolgreich geladen.
Die Daten wurden erfolgreich in '/work/eauten2s/ec_criteria_struct/lct/evaluate/eval_p3/model_output/Llama-3-8B-Instruct-Gradient-1048k_5_shot/output/Llama-3-8B-Instruct-Gradient-1048k_NCT03863873_inc_5_shot.json' gespeichert.
File: NCT03863886_exc 

Das File: /work/eauten2s/ec_criteria_struct/lct/input/lct_txt_half/NCT03863886_exc.txt wurde erfolgreich geladen.
Die Daten wurden erfolgreich in '/work/eauten2s/ec_criteria_struct/lct/evaluate/eval_p3/model_output/Llama-3-8B-Instruct-Gradient-1048k_5_shot/output/Llama-3-8B-Instruct-Gradient-1048k_NCT03863886_exc_5_shot.json' gespeichert.
File: NCT03863886_inc 

Das File: /work/eauten2s/ec_criteria_struct/lct/input/lct_txt_half/NCT03863886_inc.txt wurde erfolgreich geladen.
Die Daten wurden erfolgreich in '/work/eauten2s/ec_criteria_struct/lct/evaluate/eval_p3/model_output/Llama-3-8B-Instruct-Gradient-1048k_5_shot/output/Llama-3-8B-Instruct-Gradient-1048k_NCT03863886_inc_5_shot.json' gespeichert.
File: NCT03863912_exc 

Das File: /work/eauten2s/ec_criteria_struct/lct/input/lct_txt_half/NCT03863912_exc.txt wurde erfolgreich geladen.
Die Daten wurden erfolgreich in '/work/eauten2s/ec_criteria_struct/lct/evaluate/eval_p3/model_output/Llama-3-8B-Instruct-Gradient-1048k_5_shot/output/Llama-3-8B-Instruct-Gradient-1048k_NCT03863912_exc_5_shot.json' gespeichert.
File: NCT03863912_inc 

Das File: /work/eauten2s/ec_criteria_struct/lct/input/lct_txt_half/NCT03863912_inc.txt wurde erfolgreich geladen.
Die Daten wurden erfolgreich in '/work/eauten2s/ec_criteria_struct/lct/evaluate/eval_p3/model_output/Llama-3-8B-Instruct-Gradient-1048k_5_shot/output/Llama-3-8B-Instruct-Gradient-1048k_NCT03863912_inc_5_shot.json' gespeichert.
File: NCT03863925_exc 

Das File: /work/eauten2s/ec_criteria_struct/lct/input/lct_txt_half/NCT03863925_exc.txt wurde erfolgreich geladen.
Die Daten wurden erfolgreich in '/work/eauten2s/ec_criteria_struct/lct/evaluate/eval_p3/model_output/Llama-3-8B-Instruct-Gradient-1048k_5_shot/output/Llama-3-8B-Instruct-Gradient-1048k_NCT03863925_exc_5_shot.json' gespeichert.
File: NCT03863925_inc 

Das File: /work/eauten2s/ec_criteria_struct/lct/input/lct_txt_half/NCT03863925_inc.txt wurde erfolgreich geladen.
Die Daten wurden erfolgreich in '/work/eauten2s/ec_criteria_struct/lct/evaluate/eval_p3/model_output/Llama-3-8B-Instruct-Gradient-1048k_5_shot/output/Llama-3-8B-Instruct-Gradient-1048k_NCT03863925_inc_5_shot.json' gespeichert.
File: NCT03863938_exc 

Das File: /work/eauten2s/ec_criteria_struct/lct/input/lct_txt_half/NCT03863938_exc.txt wurde erfolgreich geladen.
Die Daten wurden erfolgreich in '/work/eauten2s/ec_criteria_struct/lct/evaluate/eval_p3/model_output/Llama-3-8B-Instruct-Gradient-1048k_5_shot/output/Llama-3-8B-Instruct-Gradient-1048k_NCT03863938_exc_5_shot.json' gespeichert.
File: NCT03863938_inc 

Das File: /work/eauten2s/ec_criteria_struct/lct/input/lct_txt_half/NCT03863938_inc.txt wurde erfolgreich geladen.
Die Daten wurden erfolgreich in '/work/eauten2s/ec_criteria_struct/lct/evaluate/eval_p3/model_output/Llama-3-8B-Instruct-Gradient-1048k_5_shot/output/Llama-3-8B-Instruct-Gradient-1048k_NCT03863938_inc_5_shot.json' gespeichert.
File: NCT03863951_exc 

Das File: /work/eauten2s/ec_criteria_struct/lct/input/lct_txt_half/NCT03863951_exc.txt wurde erfolgreich geladen.
Die Daten wurden erfolgreich in '/work/eauten2s/ec_criteria_struct/lct/evaluate/eval_p3/model_output/Llama-3-8B-Instruct-Gradient-1048k_5_shot/output/Llama-3-8B-Instruct-Gradient-1048k_NCT03863951_exc_5_shot.json' gespeichert.
File: NCT03863951_inc 

Das File: /work/eauten2s/ec_criteria_struct/lct/input/lct_txt_half/NCT03863951_inc.txt wurde erfolgreich geladen.
Die Daten wurden erfolgreich in '/work/eauten2s/ec_criteria_struct/lct/evaluate/eval_p3/model_output/Llama-3-8B-Instruct-Gradient-1048k_5_shot/output/Llama-3-8B-Instruct-Gradient-1048k_NCT03863951_inc_5_shot.json' gespeichert.
File: NCT03863977_exc 

Das File: /work/eauten2s/ec_criteria_struct/lct/input/lct_txt_half/NCT03863977_exc.txt wurde erfolgreich geladen.
Die Daten wurden erfolgreich in '/work/eauten2s/ec_criteria_struct/lct/evaluate/eval_p3/model_output/Llama-3-8B-Instruct-Gradient-1048k_5_shot/output/Llama-3-8B-Instruct-Gradient-1048k_NCT03863977_exc_5_shot.json' gespeichert.
File: NCT03863977_inc 

Das File: /work/eauten2s/ec_criteria_struct/lct/input/lct_txt_half/NCT03863977_inc.txt wurde erfolgreich geladen.
Die Daten wurden erfolgreich in '/work/eauten2s/ec_criteria_struct/lct/evaluate/eval_p3/model_output/Llama-3-8B-Instruct-Gradient-1048k_5_shot/output/Llama-3-8B-Instruct-Gradient-1048k_NCT03863977_inc_5_shot.json' gespeichert.
File: NCT03864003_exc 

Das File: /work/eauten2s/ec_criteria_struct/lct/input/lct_txt_half/NCT03864003_exc.txt wurde erfolgreich geladen.
Die Daten wurden erfolgreich in '/work/eauten2s/ec_criteria_struct/lct/evaluate/eval_p3/model_output/Llama-3-8B-Instruct-Gradient-1048k_5_shot/output/Llama-3-8B-Instruct-Gradient-1048k_NCT03864003_exc_5_shot.json' gespeichert.
File: NCT03864003_inc 

Das File: /work/eauten2s/ec_criteria_struct/lct/input/lct_txt_half/NCT03864003_inc.txt wurde erfolgreich geladen.
Die Daten wurden erfolgreich in '/work/eauten2s/ec_criteria_struct/lct/evaluate/eval_p3/model_output/Llama-3-8B-Instruct-Gradient-1048k_5_shot/output/Llama-3-8B-Instruct-Gradient-1048k_NCT03864003_inc_5_shot.json' gespeichert.
File: NCT03864016_exc 

Das File: /work/eauten2s/ec_criteria_struct/lct/input/lct_txt_half/NCT03864016_exc.txt wurde erfolgreich geladen.
Die Daten wurden erfolgreich in '/work/eauten2s/ec_criteria_struct/lct/evaluate/eval_p3/model_output/Llama-3-8B-Instruct-Gradient-1048k_5_shot/output/Llama-3-8B-Instruct-Gradient-1048k_NCT03864016_exc_5_shot.json' gespeichert.
File: NCT03864016_inc 

Das File: /work/eauten2s/ec_criteria_struct/lct/input/lct_txt_half/NCT03864016_inc.txt wurde erfolgreich geladen.
Die Daten wurden erfolgreich in '/work/eauten2s/ec_criteria_struct/lct/evaluate/eval_p3/model_output/Llama-3-8B-Instruct-Gradient-1048k_5_shot/output/Llama-3-8B-Instruct-Gradient-1048k_NCT03864016_inc_5_shot.json' gespeichert.
File: NCT03864029_exc 

Das File: /work/eauten2s/ec_criteria_struct/lct/input/lct_txt_half/NCT03864029_exc.txt wurde erfolgreich geladen.
Die Daten wurden erfolgreich in '/work/eauten2s/ec_criteria_struct/lct/evaluate/eval_p3/model_output/Llama-3-8B-Instruct-Gradient-1048k_5_shot/output/Llama-3-8B-Instruct-Gradient-1048k_NCT03864029_exc_5_shot.json' gespeichert.
File: NCT03864029_inc 

Das File: /work/eauten2s/ec_criteria_struct/lct/input/lct_txt_half/NCT03864029_inc.txt wurde erfolgreich geladen.
Die Daten wurden erfolgreich in '/work/eauten2s/ec_criteria_struct/lct/evaluate/eval_p3/model_output/Llama-3-8B-Instruct-Gradient-1048k_5_shot/output/Llama-3-8B-Instruct-Gradient-1048k_NCT03864029_inc_5_shot.json' gespeichert.
File: NCT03864055_exc 

Das File: /work/eauten2s/ec_criteria_struct/lct/input/lct_txt_half/NCT03864055_exc.txt wurde erfolgreich geladen.
Die Daten wurden erfolgreich in '/work/eauten2s/ec_criteria_struct/lct/evaluate/eval_p3/model_output/Llama-3-8B-Instruct-Gradient-1048k_5_shot/output/Llama-3-8B-Instruct-Gradient-1048k_NCT03864055_exc_5_shot.json' gespeichert.
File: NCT03864055_inc 

Das File: /work/eauten2s/ec_criteria_struct/lct/input/lct_txt_half/NCT03864055_inc.txt wurde erfolgreich geladen.
Die Daten wurden erfolgreich in '/work/eauten2s/ec_criteria_struct/lct/evaluate/eval_p3/model_output/Llama-3-8B-Instruct-Gradient-1048k_5_shot/output/Llama-3-8B-Instruct-Gradient-1048k_NCT03864055_inc_5_shot.json' gespeichert.
File: NCT03864068_exc 

Das File: /work/eauten2s/ec_criteria_struct/lct/input/lct_txt_half/NCT03864068_exc.txt wurde erfolgreich geladen.
Die Daten wurden erfolgreich in '/work/eauten2s/ec_criteria_struct/lct/evaluate/eval_p3/model_output/Llama-3-8B-Instruct-Gradient-1048k_5_shot/output/Llama-3-8B-Instruct-Gradient-1048k_NCT03864068_exc_5_shot.json' gespeichert.
File: NCT03864068_inc 

Das File: /work/eauten2s/ec_criteria_struct/lct/input/lct_txt_half/NCT03864068_inc.txt wurde erfolgreich geladen.
Die Daten wurden erfolgreich in '/work/eauten2s/ec_criteria_struct/lct/evaluate/eval_p3/model_output/Llama-3-8B-Instruct-Gradient-1048k_5_shot/output/Llama-3-8B-Instruct-Gradient-1048k_NCT03864068_inc_5_shot.json' gespeichert.
File: NCT03864094_exc 

Das File: /work/eauten2s/ec_criteria_struct/lct/input/lct_txt_half/NCT03864094_exc.txt wurde erfolgreich geladen.
Die Daten wurden erfolgreich in '/work/eauten2s/ec_criteria_struct/lct/evaluate/eval_p3/model_output/Llama-3-8B-Instruct-Gradient-1048k_5_shot/output/Llama-3-8B-Instruct-Gradient-1048k_NCT03864094_exc_5_shot.json' gespeichert.
File: NCT03864094_inc 

Das File: /work/eauten2s/ec_criteria_struct/lct/input/lct_txt_half/NCT03864094_inc.txt wurde erfolgreich geladen.
Die Daten wurden erfolgreich in '/work/eauten2s/ec_criteria_struct/lct/evaluate/eval_p3/model_output/Llama-3-8B-Instruct-Gradient-1048k_5_shot/output/Llama-3-8B-Instruct-Gradient-1048k_NCT03864094_inc_5_shot.json' gespeichert.
File: NCT03864107_inc 

Das File: /work/eauten2s/ec_criteria_struct/lct/input/lct_txt_half/NCT03864107_inc.txt wurde erfolgreich geladen.
Die Daten wurden erfolgreich in '/work/eauten2s/ec_criteria_struct/lct/evaluate/eval_p3/model_output/Llama-3-8B-Instruct-Gradient-1048k_5_shot/output/Llama-3-8B-Instruct-Gradient-1048k_NCT03864107_inc_5_shot.json' gespeichert.
File: NCT03864120_exc 

Das File: /work/eauten2s/ec_criteria_struct/lct/input/lct_txt_half/NCT03864120_exc.txt wurde erfolgreich geladen.
Die Daten wurden erfolgreich in '/work/eauten2s/ec_criteria_struct/lct/evaluate/eval_p3/model_output/Llama-3-8B-Instruct-Gradient-1048k_5_shot/output/Llama-3-8B-Instruct-Gradient-1048k_NCT03864120_exc_5_shot.json' gespeichert.
File: NCT03864120_inc 

Das File: /work/eauten2s/ec_criteria_struct/lct/input/lct_txt_half/NCT03864120_inc.txt wurde erfolgreich geladen.
Die Daten wurden erfolgreich in '/work/eauten2s/ec_criteria_struct/lct/evaluate/eval_p3/model_output/Llama-3-8B-Instruct-Gradient-1048k_5_shot/output/Llama-3-8B-Instruct-Gradient-1048k_NCT03864120_inc_5_shot.json' gespeichert.
File: NCT03864133_exc 

Das File: /work/eauten2s/ec_criteria_struct/lct/input/lct_txt_half/NCT03864133_exc.txt wurde erfolgreich geladen.
Die Daten wurden erfolgreich in '/work/eauten2s/ec_criteria_struct/lct/evaluate/eval_p3/model_output/Llama-3-8B-Instruct-Gradient-1048k_5_shot/output/Llama-3-8B-Instruct-Gradient-1048k_NCT03864133_exc_5_shot.json' gespeichert.
File: NCT03864133_inc 

Das File: /work/eauten2s/ec_criteria_struct/lct/input/lct_txt_half/NCT03864133_inc.txt wurde erfolgreich geladen.
Die Daten wurden erfolgreich in '/work/eauten2s/ec_criteria_struct/lct/evaluate/eval_p3/model_output/Llama-3-8B-Instruct-Gradient-1048k_5_shot/output/Llama-3-8B-Instruct-Gradient-1048k_NCT03864133_inc_5_shot.json' gespeichert.
File: NCT03864159_exc 

Das File: /work/eauten2s/ec_criteria_struct/lct/input/lct_txt_half/NCT03864159_exc.txt wurde erfolgreich geladen.
Die Daten wurden erfolgreich in '/work/eauten2s/ec_criteria_struct/lct/evaluate/eval_p3/model_output/Llama-3-8B-Instruct-Gradient-1048k_5_shot/output/Llama-3-8B-Instruct-Gradient-1048k_NCT03864159_exc_5_shot.json' gespeichert.
File: NCT03864159_inc 

Das File: /work/eauten2s/ec_criteria_struct/lct/input/lct_txt_half/NCT03864159_inc.txt wurde erfolgreich geladen.
Die Daten wurden erfolgreich in '/work/eauten2s/ec_criteria_struct/lct/evaluate/eval_p3/model_output/Llama-3-8B-Instruct-Gradient-1048k_5_shot/output/Llama-3-8B-Instruct-Gradient-1048k_NCT03864159_inc_5_shot.json' gespeichert.
File: NCT03864172_exc 

Das File: /work/eauten2s/ec_criteria_struct/lct/input/lct_txt_half/NCT03864172_exc.txt wurde erfolgreich geladen.
Die Daten wurden erfolgreich in '/work/eauten2s/ec_criteria_struct/lct/evaluate/eval_p3/model_output/Llama-3-8B-Instruct-Gradient-1048k_5_shot/output/Llama-3-8B-Instruct-Gradient-1048k_NCT03864172_exc_5_shot.json' gespeichert.
File: NCT03864172_inc 

Das File: /work/eauten2s/ec_criteria_struct/lct/input/lct_txt_half/NCT03864172_inc.txt wurde erfolgreich geladen.
Die Daten wurden erfolgreich in '/work/eauten2s/ec_criteria_struct/lct/evaluate/eval_p3/model_output/Llama-3-8B-Instruct-Gradient-1048k_5_shot/output/Llama-3-8B-Instruct-Gradient-1048k_NCT03864172_inc_5_shot.json' gespeichert.
File: NCT03864198_exc 

Das File: /work/eauten2s/ec_criteria_struct/lct/input/lct_txt_half/NCT03864198_exc.txt wurde erfolgreich geladen.
Die Daten wurden erfolgreich in '/work/eauten2s/ec_criteria_struct/lct/evaluate/eval_p3/model_output/Llama-3-8B-Instruct-Gradient-1048k_5_shot/output/Llama-3-8B-Instruct-Gradient-1048k_NCT03864198_exc_5_shot.json' gespeichert.
File: NCT03864198_inc 

Das File: /work/eauten2s/ec_criteria_struct/lct/input/lct_txt_half/NCT03864198_inc.txt wurde erfolgreich geladen.
Die Daten wurden erfolgreich in '/work/eauten2s/ec_criteria_struct/lct/evaluate/eval_p3/model_output/Llama-3-8B-Instruct-Gradient-1048k_5_shot/output/Llama-3-8B-Instruct-Gradient-1048k_NCT03864198_inc_5_shot.json' gespeichert.
File: NCT03864224_exc 

Das File: /work/eauten2s/ec_criteria_struct/lct/input/lct_txt_half/NCT03864224_exc.txt wurde erfolgreich geladen.
Die Daten wurden erfolgreich in '/work/eauten2s/ec_criteria_struct/lct/evaluate/eval_p3/model_output/Llama-3-8B-Instruct-Gradient-1048k_5_shot/output/Llama-3-8B-Instruct-Gradient-1048k_NCT03864224_exc_5_shot.json' gespeichert.
File: NCT03864224_inc 

Das File: /work/eauten2s/ec_criteria_struct/lct/input/lct_txt_half/NCT03864224_inc.txt wurde erfolgreich geladen.
Die Daten wurden erfolgreich in '/work/eauten2s/ec_criteria_struct/lct/evaluate/eval_p3/model_output/Llama-3-8B-Instruct-Gradient-1048k_5_shot/output/Llama-3-8B-Instruct-Gradient-1048k_NCT03864224_inc_5_shot.json' gespeichert.
File: NCT03864263_exc 

Das File: /work/eauten2s/ec_criteria_struct/lct/input/lct_txt_half/NCT03864263_exc.txt wurde erfolgreich geladen.
Die Daten wurden erfolgreich in '/work/eauten2s/ec_criteria_struct/lct/evaluate/eval_p3/model_output/Llama-3-8B-Instruct-Gradient-1048k_5_shot/output/Llama-3-8B-Instruct-Gradient-1048k_NCT03864263_exc_5_shot.json' gespeichert.
File: NCT03864263_inc 

Das File: /work/eauten2s/ec_criteria_struct/lct/input/lct_txt_half/NCT03864263_inc.txt wurde erfolgreich geladen.
Die Daten wurden erfolgreich in '/work/eauten2s/ec_criteria_struct/lct/evaluate/eval_p3/model_output/Llama-3-8B-Instruct-Gradient-1048k_5_shot/output/Llama-3-8B-Instruct-Gradient-1048k_NCT03864263_inc_5_shot.json' gespeichert.
File: NCT03864276_exc 

Das File: /work/eauten2s/ec_criteria_struct/lct/input/lct_txt_half/NCT03864276_exc.txt wurde erfolgreich geladen.
Die Daten wurden erfolgreich in '/work/eauten2s/ec_criteria_struct/lct/evaluate/eval_p3/model_output/Llama-3-8B-Instruct-Gradient-1048k_5_shot/output/Llama-3-8B-Instruct-Gradient-1048k_NCT03864276_exc_5_shot.json' gespeichert.
File: NCT03864276_inc 

Das File: /work/eauten2s/ec_criteria_struct/lct/input/lct_txt_half/NCT03864276_inc.txt wurde erfolgreich geladen.
Die Daten wurden erfolgreich in '/work/eauten2s/ec_criteria_struct/lct/evaluate/eval_p3/model_output/Llama-3-8B-Instruct-Gradient-1048k_5_shot/output/Llama-3-8B-Instruct-Gradient-1048k_NCT03864276_inc_5_shot.json' gespeichert.
File: NCT03864289_exc 

Das File: /work/eauten2s/ec_criteria_struct/lct/input/lct_txt_half/NCT03864289_exc.txt wurde erfolgreich geladen.
Die Daten wurden erfolgreich in '/work/eauten2s/ec_criteria_struct/lct/evaluate/eval_p3/model_output/Llama-3-8B-Instruct-Gradient-1048k_5_shot/output/Llama-3-8B-Instruct-Gradient-1048k_NCT03864289_exc_5_shot.json' gespeichert.
File: NCT03864289_inc 

Das File: /work/eauten2s/ec_criteria_struct/lct/input/lct_txt_half/NCT03864289_inc.txt wurde erfolgreich geladen.
Die Daten wurden erfolgreich in '/work/eauten2s/ec_criteria_struct/lct/evaluate/eval_p3/model_output/Llama-3-8B-Instruct-Gradient-1048k_5_shot/output/Llama-3-8B-Instruct-Gradient-1048k_NCT03864289_inc_5_shot.json' gespeichert.
File: NCT03864302_exc 

Das File: /work/eauten2s/ec_criteria_struct/lct/input/lct_txt_half/NCT03864302_exc.txt wurde erfolgreich geladen.
Die Daten wurden erfolgreich in '/work/eauten2s/ec_criteria_struct/lct/evaluate/eval_p3/model_output/Llama-3-8B-Instruct-Gradient-1048k_5_shot/output/Llama-3-8B-Instruct-Gradient-1048k_NCT03864302_exc_5_shot.json' gespeichert.
File: NCT03864302_inc 

Das File: /work/eauten2s/ec_criteria_struct/lct/input/lct_txt_half/NCT03864302_inc.txt wurde erfolgreich geladen.
Die Daten wurden erfolgreich in '/work/eauten2s/ec_criteria_struct/lct/evaluate/eval_p3/model_output/Llama-3-8B-Instruct-Gradient-1048k_5_shot/output/Llama-3-8B-Instruct-Gradient-1048k_NCT03864302_inc_5_shot.json' gespeichert.
File: NCT03864315_exc 

Das File: /work/eauten2s/ec_criteria_struct/lct/input/lct_txt_half/NCT03864315_exc.txt wurde erfolgreich geladen.
Die Daten wurden erfolgreich in '/work/eauten2s/ec_criteria_struct/lct/evaluate/eval_p3/model_output/Llama-3-8B-Instruct-Gradient-1048k_5_shot/output/Llama-3-8B-Instruct-Gradient-1048k_NCT03864315_exc_5_shot.json' gespeichert.
File: NCT03864315_inc 

Das File: /work/eauten2s/ec_criteria_struct/lct/input/lct_txt_half/NCT03864315_inc.txt wurde erfolgreich geladen.
Die Daten wurden erfolgreich in '/work/eauten2s/ec_criteria_struct/lct/evaluate/eval_p3/model_output/Llama-3-8B-Instruct-Gradient-1048k_5_shot/output/Llama-3-8B-Instruct-Gradient-1048k_NCT03864315_inc_5_shot.json' gespeichert.
File: NCT03864341_exc 

Das File: /work/eauten2s/ec_criteria_struct/lct/input/lct_txt_half/NCT03864341_exc.txt wurde erfolgreich geladen.
Die Daten wurden erfolgreich in '/work/eauten2s/ec_criteria_struct/lct/evaluate/eval_p3/model_output/Llama-3-8B-Instruct-Gradient-1048k_5_shot/output/Llama-3-8B-Instruct-Gradient-1048k_NCT03864341_exc_5_shot.json' gespeichert.
File: NCT03864341_inc 

Das File: /work/eauten2s/ec_criteria_struct/lct/input/lct_txt_half/NCT03864341_inc.txt wurde erfolgreich geladen.
Die Daten wurden erfolgreich in '/work/eauten2s/ec_criteria_struct/lct/evaluate/eval_p3/model_output/Llama-3-8B-Instruct-Gradient-1048k_5_shot/output/Llama-3-8B-Instruct-Gradient-1048k_NCT03864341_inc_5_shot.json' gespeichert.
File: NCT03864354_exc 

Das File: /work/eauten2s/ec_criteria_struct/lct/input/lct_txt_half/NCT03864354_exc.txt wurde erfolgreich geladen.
Die Daten wurden erfolgreich in '/work/eauten2s/ec_criteria_struct/lct/evaluate/eval_p3/model_output/Llama-3-8B-Instruct-Gradient-1048k_5_shot/output/Llama-3-8B-Instruct-Gradient-1048k_NCT03864354_exc_5_shot.json' gespeichert.
File: NCT03864354_inc 

Das File: /work/eauten2s/ec_criteria_struct/lct/input/lct_txt_half/NCT03864354_inc.txt wurde erfolgreich geladen.
Die Daten wurden erfolgreich in '/work/eauten2s/ec_criteria_struct/lct/evaluate/eval_p3/model_output/Llama-3-8B-Instruct-Gradient-1048k_5_shot/output/Llama-3-8B-Instruct-Gradient-1048k_NCT03864354_inc_5_shot.json' gespeichert.
File: NCT03864367_exc 

Das File: /work/eauten2s/ec_criteria_struct/lct/input/lct_txt_half/NCT03864367_exc.txt wurde erfolgreich geladen.
Die Daten wurden erfolgreich in '/work/eauten2s/ec_criteria_struct/lct/evaluate/eval_p3/model_output/Llama-3-8B-Instruct-Gradient-1048k_5_shot/output/Llama-3-8B-Instruct-Gradient-1048k_NCT03864367_exc_5_shot.json' gespeichert.
File: NCT03864367_inc 

Das File: /work/eauten2s/ec_criteria_struct/lct/input/lct_txt_half/NCT03864367_inc.txt wurde erfolgreich geladen.
Die Daten wurden erfolgreich in '/work/eauten2s/ec_criteria_struct/lct/evaluate/eval_p3/model_output/Llama-3-8B-Instruct-Gradient-1048k_5_shot/output/Llama-3-8B-Instruct-Gradient-1048k_NCT03864367_inc_5_shot.json' gespeichert.
File: NCT03864380_exc 

Das File: /work/eauten2s/ec_criteria_struct/lct/input/lct_txt_half/NCT03864380_exc.txt wurde erfolgreich geladen.
Die Daten wurden erfolgreich in '/work/eauten2s/ec_criteria_struct/lct/evaluate/eval_p3/model_output/Llama-3-8B-Instruct-Gradient-1048k_5_shot/output/Llama-3-8B-Instruct-Gradient-1048k_NCT03864380_exc_5_shot.json' gespeichert.
File: NCT03864380_inc 

Das File: /work/eauten2s/ec_criteria_struct/lct/input/lct_txt_half/NCT03864380_inc.txt wurde erfolgreich geladen.
Die Daten wurden erfolgreich in '/work/eauten2s/ec_criteria_struct/lct/evaluate/eval_p3/model_output/Llama-3-8B-Instruct-Gradient-1048k_5_shot/output/Llama-3-8B-Instruct-Gradient-1048k_NCT03864380_inc_5_shot.json' gespeichert.
File: NCT03864393_exc 

Das File: /work/eauten2s/ec_criteria_struct/lct/input/lct_txt_half/NCT03864393_exc.txt wurde erfolgreich geladen.
Die Daten wurden erfolgreich in '/work/eauten2s/ec_criteria_struct/lct/evaluate/eval_p3/model_output/Llama-3-8B-Instruct-Gradient-1048k_5_shot/output/Llama-3-8B-Instruct-Gradient-1048k_NCT03864393_exc_5_shot.json' gespeichert.
File: NCT03864393_inc 

Das File: /work/eauten2s/ec_criteria_struct/lct/input/lct_txt_half/NCT03864393_inc.txt wurde erfolgreich geladen.
Die Daten wurden erfolgreich in '/work/eauten2s/ec_criteria_struct/lct/evaluate/eval_p3/model_output/Llama-3-8B-Instruct-Gradient-1048k_5_shot/output/Llama-3-8B-Instruct-Gradient-1048k_NCT03864393_inc_5_shot.json' gespeichert.
File: NCT03864432_exc 

Das File: /work/eauten2s/ec_criteria_struct/lct/input/lct_txt_half/NCT03864432_exc.txt wurde erfolgreich geladen.
Die Daten wurden erfolgreich in '/work/eauten2s/ec_criteria_struct/lct/evaluate/eval_p3/model_output/Llama-3-8B-Instruct-Gradient-1048k_5_shot/output/Llama-3-8B-Instruct-Gradient-1048k_NCT03864432_exc_5_shot.json' gespeichert.
File: NCT03864432_inc 

Das File: /work/eauten2s/ec_criteria_struct/lct/input/lct_txt_half/NCT03864432_inc.txt wurde erfolgreich geladen.
Die Daten wurden erfolgreich in '/work/eauten2s/ec_criteria_struct/lct/evaluate/eval_p3/model_output/Llama-3-8B-Instruct-Gradient-1048k_5_shot/output/Llama-3-8B-Instruct-Gradient-1048k_NCT03864432_inc_5_shot.json' gespeichert.
File: NCT03864471_exc 

Das File: /work/eauten2s/ec_criteria_struct/lct/input/lct_txt_half/NCT03864471_exc.txt wurde erfolgreich geladen.
Die Daten wurden erfolgreich in '/work/eauten2s/ec_criteria_struct/lct/evaluate/eval_p3/model_output/Llama-3-8B-Instruct-Gradient-1048k_5_shot/output/Llama-3-8B-Instruct-Gradient-1048k_NCT03864471_exc_5_shot.json' gespeichert.
File: NCT03864471_inc 

Das File: /work/eauten2s/ec_criteria_struct/lct/input/lct_txt_half/NCT03864471_inc.txt wurde erfolgreich geladen.
Die Daten wurden erfolgreich in '/work/eauten2s/ec_criteria_struct/lct/evaluate/eval_p3/model_output/Llama-3-8B-Instruct-Gradient-1048k_5_shot/output/Llama-3-8B-Instruct-Gradient-1048k_NCT03864471_inc_5_shot.json' gespeichert.
File: NCT03864484_exc 

Das File: /work/eauten2s/ec_criteria_struct/lct/input/lct_txt_half/NCT03864484_exc.txt wurde erfolgreich geladen.
Die Daten wurden erfolgreich in '/work/eauten2s/ec_criteria_struct/lct/evaluate/eval_p3/model_output/Llama-3-8B-Instruct-Gradient-1048k_5_shot/output/Llama-3-8B-Instruct-Gradient-1048k_NCT03864484_exc_5_shot.json' gespeichert.
File: NCT03864484_inc 

Das File: /work/eauten2s/ec_criteria_struct/lct/input/lct_txt_half/NCT03864484_inc.txt wurde erfolgreich geladen.
Die Daten wurden erfolgreich in '/work/eauten2s/ec_criteria_struct/lct/evaluate/eval_p3/model_output/Llama-3-8B-Instruct-Gradient-1048k_5_shot/output/Llama-3-8B-Instruct-Gradient-1048k_NCT03864484_inc_5_shot.json' gespeichert.
File: NCT03864497_exc 

Das File: /work/eauten2s/ec_criteria_struct/lct/input/lct_txt_half/NCT03864497_exc.txt wurde erfolgreich geladen.
Die Daten wurden erfolgreich in '/work/eauten2s/ec_criteria_struct/lct/evaluate/eval_p3/model_output/Llama-3-8B-Instruct-Gradient-1048k_5_shot/output/Llama-3-8B-Instruct-Gradient-1048k_NCT03864497_exc_5_shot.json' gespeichert.
File: NCT03864497_inc 

Das File: /work/eauten2s/ec_criteria_struct/lct/input/lct_txt_half/NCT03864497_inc.txt wurde erfolgreich geladen.
Die Daten wurden erfolgreich in '/work/eauten2s/ec_criteria_struct/lct/evaluate/eval_p3/model_output/Llama-3-8B-Instruct-Gradient-1048k_5_shot/output/Llama-3-8B-Instruct-Gradient-1048k_NCT03864497_inc_5_shot.json' gespeichert.
File: NCT03864510_exc 

Das File: /work/eauten2s/ec_criteria_struct/lct/input/lct_txt_half/NCT03864510_exc.txt wurde erfolgreich geladen.
Die Daten wurden erfolgreich in '/work/eauten2s/ec_criteria_struct/lct/evaluate/eval_p3/model_output/Llama-3-8B-Instruct-Gradient-1048k_5_shot/output/Llama-3-8B-Instruct-Gradient-1048k_NCT03864510_exc_5_shot.json' gespeichert.
File: NCT03864510_inc 

Das File: /work/eauten2s/ec_criteria_struct/lct/input/lct_txt_half/NCT03864510_inc.txt wurde erfolgreich geladen.
Die Daten wurden erfolgreich in '/work/eauten2s/ec_criteria_struct/lct/evaluate/eval_p3/model_output/Llama-3-8B-Instruct-Gradient-1048k_5_shot/output/Llama-3-8B-Instruct-Gradient-1048k_NCT03864510_inc_5_shot.json' gespeichert.
File: NCT03864549_exc 

Das File: /work/eauten2s/ec_criteria_struct/lct/input/lct_txt_half/NCT03864549_exc.txt wurde erfolgreich geladen.
Die Daten wurden erfolgreich in '/work/eauten2s/ec_criteria_struct/lct/evaluate/eval_p3/model_output/Llama-3-8B-Instruct-Gradient-1048k_5_shot/output/Llama-3-8B-Instruct-Gradient-1048k_NCT03864549_exc_5_shot.json' gespeichert.
File: NCT03864549_inc 

Das File: /work/eauten2s/ec_criteria_struct/lct/input/lct_txt_half/NCT03864549_inc.txt wurde erfolgreich geladen.
Die Daten wurden erfolgreich in '/work/eauten2s/ec_criteria_struct/lct/evaluate/eval_p3/model_output/Llama-3-8B-Instruct-Gradient-1048k_5_shot/output/Llama-3-8B-Instruct-Gradient-1048k_NCT03864549_inc_5_shot.json' gespeichert.
File: NCT03864562_exc 

Das File: /work/eauten2s/ec_criteria_struct/lct/input/lct_txt_half/NCT03864562_exc.txt wurde erfolgreich geladen.
Die Daten wurden erfolgreich in '/work/eauten2s/ec_criteria_struct/lct/evaluate/eval_p3/model_output/Llama-3-8B-Instruct-Gradient-1048k_5_shot/output/Llama-3-8B-Instruct-Gradient-1048k_NCT03864562_exc_5_shot.json' gespeichert.
File: NCT03864562_inc 

Das File: /work/eauten2s/ec_criteria_struct/lct/input/lct_txt_half/NCT03864562_inc.txt wurde erfolgreich geladen.
Die Daten wurden erfolgreich in '/work/eauten2s/ec_criteria_struct/lct/evaluate/eval_p3/model_output/Llama-3-8B-Instruct-Gradient-1048k_5_shot/output/Llama-3-8B-Instruct-Gradient-1048k_NCT03864562_inc_5_shot.json' gespeichert.
File: NCT03864614_exc 

Das File: /work/eauten2s/ec_criteria_struct/lct/input/lct_txt_half/NCT03864614_exc.txt wurde erfolgreich geladen.
Die Daten wurden erfolgreich in '/work/eauten2s/ec_criteria_struct/lct/evaluate/eval_p3/model_output/Llama-3-8B-Instruct-Gradient-1048k_5_shot/output/Llama-3-8B-Instruct-Gradient-1048k_NCT03864614_exc_5_shot.json' gespeichert.
File: NCT03864614_inc 

Das File: /work/eauten2s/ec_criteria_struct/lct/input/lct_txt_half/NCT03864614_inc.txt wurde erfolgreich geladen.
Die Daten wurden erfolgreich in '/work/eauten2s/ec_criteria_struct/lct/evaluate/eval_p3/model_output/Llama-3-8B-Instruct-Gradient-1048k_5_shot/output/Llama-3-8B-Instruct-Gradient-1048k_NCT03864614_inc_5_shot.json' gespeichert.
File: NCT03864640_exc 

Das File: /work/eauten2s/ec_criteria_struct/lct/input/lct_txt_half/NCT03864640_exc.txt wurde erfolgreich geladen.
Die Daten wurden erfolgreich in '/work/eauten2s/ec_criteria_struct/lct/evaluate/eval_p3/model_output/Llama-3-8B-Instruct-Gradient-1048k_5_shot/output/Llama-3-8B-Instruct-Gradient-1048k_NCT03864640_exc_5_shot.json' gespeichert.
File: NCT03864640_inc 

Das File: /work/eauten2s/ec_criteria_struct/lct/input/lct_txt_half/NCT03864640_inc.txt wurde erfolgreich geladen.
Die Daten wurden erfolgreich in '/work/eauten2s/ec_criteria_struct/lct/evaluate/eval_p3/model_output/Llama-3-8B-Instruct-Gradient-1048k_5_shot/output/Llama-3-8B-Instruct-Gradient-1048k_NCT03864640_inc_5_shot.json' gespeichert.
File: NCT03864653_exc 

Das File: /work/eauten2s/ec_criteria_struct/lct/input/lct_txt_half/NCT03864653_exc.txt wurde erfolgreich geladen.
Die Daten wurden erfolgreich in '/work/eauten2s/ec_criteria_struct/lct/evaluate/eval_p3/model_output/Llama-3-8B-Instruct-Gradient-1048k_5_shot/output/Llama-3-8B-Instruct-Gradient-1048k_NCT03864653_exc_5_shot.json' gespeichert.
File: NCT03864653_inc 

Das File: /work/eauten2s/ec_criteria_struct/lct/input/lct_txt_half/NCT03864653_inc.txt wurde erfolgreich geladen.
Die Daten wurden erfolgreich in '/work/eauten2s/ec_criteria_struct/lct/evaluate/eval_p3/model_output/Llama-3-8B-Instruct-Gradient-1048k_5_shot/output/Llama-3-8B-Instruct-Gradient-1048k_NCT03864653_inc_5_shot.json' gespeichert.
File: NCT03864692_exc 

Das File: /work/eauten2s/ec_criteria_struct/lct/input/lct_txt_half/NCT03864692_exc.txt wurde erfolgreich geladen.
Die Daten wurden erfolgreich in '/work/eauten2s/ec_criteria_struct/lct/evaluate/eval_p3/model_output/Llama-3-8B-Instruct-Gradient-1048k_5_shot/output/Llama-3-8B-Instruct-Gradient-1048k_NCT03864692_exc_5_shot.json' gespeichert.
File: NCT03864692_inc 

Das File: /work/eauten2s/ec_criteria_struct/lct/input/lct_txt_half/NCT03864692_inc.txt wurde erfolgreich geladen.
Die Daten wurden erfolgreich in '/work/eauten2s/ec_criteria_struct/lct/evaluate/eval_p3/model_output/Llama-3-8B-Instruct-Gradient-1048k_5_shot/output/Llama-3-8B-Instruct-Gradient-1048k_NCT03864692_inc_5_shot.json' gespeichert.
File: NCT03864705_exc 

Das File: /work/eauten2s/ec_criteria_struct/lct/input/lct_txt_half/NCT03864705_exc.txt wurde erfolgreich geladen.
Die Daten wurden erfolgreich in '/work/eauten2s/ec_criteria_struct/lct/evaluate/eval_p3/model_output/Llama-3-8B-Instruct-Gradient-1048k_5_shot/output/Llama-3-8B-Instruct-Gradient-1048k_NCT03864705_exc_5_shot.json' gespeichert.
File: NCT03864705_inc 

Das File: /work/eauten2s/ec_criteria_struct/lct/input/lct_txt_half/NCT03864705_inc.txt wurde erfolgreich geladen.
Die Daten wurden erfolgreich in '/work/eauten2s/ec_criteria_struct/lct/evaluate/eval_p3/model_output/Llama-3-8B-Instruct-Gradient-1048k_5_shot/output/Llama-3-8B-Instruct-Gradient-1048k_NCT03864705_inc_5_shot.json' gespeichert.
File: NCT03864718_exc 

Das File: /work/eauten2s/ec_criteria_struct/lct/input/lct_txt_half/NCT03864718_exc.txt wurde erfolgreich geladen.
Die Daten wurden erfolgreich in '/work/eauten2s/ec_criteria_struct/lct/evaluate/eval_p3/model_output/Llama-3-8B-Instruct-Gradient-1048k_5_shot/output/Llama-3-8B-Instruct-Gradient-1048k_NCT03864718_exc_5_shot.json' gespeichert.
File: NCT03864718_inc 

Das File: /work/eauten2s/ec_criteria_struct/lct/input/lct_txt_half/NCT03864718_inc.txt wurde erfolgreich geladen.
Die Daten wurden erfolgreich in '/work/eauten2s/ec_criteria_struct/lct/evaluate/eval_p3/model_output/Llama-3-8B-Instruct-Gradient-1048k_5_shot/output/Llama-3-8B-Instruct-Gradient-1048k_NCT03864718_inc_5_shot.json' gespeichert.
File: NCT03864731_exc 

Das File: /work/eauten2s/ec_criteria_struct/lct/input/lct_txt_half/NCT03864731_exc.txt wurde erfolgreich geladen.
Die Daten wurden erfolgreich in '/work/eauten2s/ec_criteria_struct/lct/evaluate/eval_p3/model_output/Llama-3-8B-Instruct-Gradient-1048k_5_shot/output/Llama-3-8B-Instruct-Gradient-1048k_NCT03864731_exc_5_shot.json' gespeichert.
File: NCT03864731_inc 

Das File: /work/eauten2s/ec_criteria_struct/lct/input/lct_txt_half/NCT03864731_inc.txt wurde erfolgreich geladen.
Die Daten wurden erfolgreich in '/work/eauten2s/ec_criteria_struct/lct/evaluate/eval_p3/model_output/Llama-3-8B-Instruct-Gradient-1048k_5_shot/output/Llama-3-8B-Instruct-Gradient-1048k_NCT03864731_inc_5_shot.json' gespeichert.
File: NCT03864744_exc 

Das File: /work/eauten2s/ec_criteria_struct/lct/input/lct_txt_half/NCT03864744_exc.txt wurde erfolgreich geladen.
Die Daten wurden erfolgreich in '/work/eauten2s/ec_criteria_struct/lct/evaluate/eval_p3/model_output/Llama-3-8B-Instruct-Gradient-1048k_5_shot/output/Llama-3-8B-Instruct-Gradient-1048k_NCT03864744_exc_5_shot.json' gespeichert.
File: NCT03864744_inc 

Das File: /work/eauten2s/ec_criteria_struct/lct/input/lct_txt_half/NCT03864744_inc.txt wurde erfolgreich geladen.
Die Daten wurden erfolgreich in '/work/eauten2s/ec_criteria_struct/lct/evaluate/eval_p3/model_output/Llama-3-8B-Instruct-Gradient-1048k_5_shot/output/Llama-3-8B-Instruct-Gradient-1048k_NCT03864744_inc_5_shot.json' gespeichert.
File: NCT03864757_exc 

Das File: /work/eauten2s/ec_criteria_struct/lct/input/lct_txt_half/NCT03864757_exc.txt wurde erfolgreich geladen.
Die Daten wurden erfolgreich in '/work/eauten2s/ec_criteria_struct/lct/evaluate/eval_p3/model_output/Llama-3-8B-Instruct-Gradient-1048k_5_shot/output/Llama-3-8B-Instruct-Gradient-1048k_NCT03864757_exc_5_shot.json' gespeichert.
File: NCT03864757_inc 

Das File: /work/eauten2s/ec_criteria_struct/lct/input/lct_txt_half/NCT03864757_inc.txt wurde erfolgreich geladen.
Die Daten wurden erfolgreich in '/work/eauten2s/ec_criteria_struct/lct/evaluate/eval_p3/model_output/Llama-3-8B-Instruct-Gradient-1048k_5_shot/output/Llama-3-8B-Instruct-Gradient-1048k_NCT03864757_inc_5_shot.json' gespeichert.
File: NCT03864770_exc 

Das File: /work/eauten2s/ec_criteria_struct/lct/input/lct_txt_half/NCT03864770_exc.txt wurde erfolgreich geladen.
Die Daten wurden erfolgreich in '/work/eauten2s/ec_criteria_struct/lct/evaluate/eval_p3/model_output/Llama-3-8B-Instruct-Gradient-1048k_5_shot/output/Llama-3-8B-Instruct-Gradient-1048k_NCT03864770_exc_5_shot.json' gespeichert.
File: NCT03864770_inc 

Das File: /work/eauten2s/ec_criteria_struct/lct/input/lct_txt_half/NCT03864770_inc.txt wurde erfolgreich geladen.
Die Daten wurden erfolgreich in '/work/eauten2s/ec_criteria_struct/lct/evaluate/eval_p3/model_output/Llama-3-8B-Instruct-Gradient-1048k_5_shot/output/Llama-3-8B-Instruct-Gradient-1048k_NCT03864770_inc_5_shot.json' gespeichert.
File: NCT03864796_exc 

Das File: /work/eauten2s/ec_criteria_struct/lct/input/lct_txt_half/NCT03864796_exc.txt wurde erfolgreich geladen.
Die Daten wurden erfolgreich in '/work/eauten2s/ec_criteria_struct/lct/evaluate/eval_p3/model_output/Llama-3-8B-Instruct-Gradient-1048k_5_shot/output/Llama-3-8B-Instruct-Gradient-1048k_NCT03864796_exc_5_shot.json' gespeichert.
File: NCT03864796_inc 

Das File: /work/eauten2s/ec_criteria_struct/lct/input/lct_txt_half/NCT03864796_inc.txt wurde erfolgreich geladen.
Die Daten wurden erfolgreich in '/work/eauten2s/ec_criteria_struct/lct/evaluate/eval_p3/model_output/Llama-3-8B-Instruct-Gradient-1048k_5_shot/output/Llama-3-8B-Instruct-Gradient-1048k_NCT03864796_inc_5_shot.json' gespeichert.
File: NCT03864809_exc 

Das File: /work/eauten2s/ec_criteria_struct/lct/input/lct_txt_half/NCT03864809_exc.txt wurde erfolgreich geladen.
Die Daten wurden erfolgreich in '/work/eauten2s/ec_criteria_struct/lct/evaluate/eval_p3/model_output/Llama-3-8B-Instruct-Gradient-1048k_5_shot/output/Llama-3-8B-Instruct-Gradient-1048k_NCT03864809_exc_5_shot.json' gespeichert.
File: NCT03864809_inc 

Das File: /work/eauten2s/ec_criteria_struct/lct/input/lct_txt_half/NCT03864809_inc.txt wurde erfolgreich geladen.
Die Daten wurden erfolgreich in '/work/eauten2s/ec_criteria_struct/lct/evaluate/eval_p3/model_output/Llama-3-8B-Instruct-Gradient-1048k_5_shot/output/Llama-3-8B-Instruct-Gradient-1048k_NCT03864809_inc_5_shot.json' gespeichert.
File: NCT03864822_exc 

Das File: /work/eauten2s/ec_criteria_struct/lct/input/lct_txt_half/NCT03864822_exc.txt wurde erfolgreich geladen.
Die Daten wurden erfolgreich in '/work/eauten2s/ec_criteria_struct/lct/evaluate/eval_p3/model_output/Llama-3-8B-Instruct-Gradient-1048k_5_shot/output/Llama-3-8B-Instruct-Gradient-1048k_NCT03864822_exc_5_shot.json' gespeichert.
File: NCT03864822_inc 

Das File: /work/eauten2s/ec_criteria_struct/lct/input/lct_txt_half/NCT03864822_inc.txt wurde erfolgreich geladen.
Die Daten wurden erfolgreich in '/work/eauten2s/ec_criteria_struct/lct/evaluate/eval_p3/model_output/Llama-3-8B-Instruct-Gradient-1048k_5_shot/output/Llama-3-8B-Instruct-Gradient-1048k_NCT03864822_inc_5_shot.json' gespeichert.
File: NCT03864835_exc 

Das File: /work/eauten2s/ec_criteria_struct/lct/input/lct_txt_half/NCT03864835_exc.txt wurde erfolgreich geladen.
Die Daten wurden erfolgreich in '/work/eauten2s/ec_criteria_struct/lct/evaluate/eval_p3/model_output/Llama-3-8B-Instruct-Gradient-1048k_5_shot/output/Llama-3-8B-Instruct-Gradient-1048k_NCT03864835_exc_5_shot.json' gespeichert.
File: NCT03864861_exc 

Das File: /work/eauten2s/ec_criteria_struct/lct/input/lct_txt_half/NCT03864861_exc.txt wurde erfolgreich geladen.
Die Daten wurden erfolgreich in '/work/eauten2s/ec_criteria_struct/lct/evaluate/eval_p3/model_output/Llama-3-8B-Instruct-Gradient-1048k_5_shot/output/Llama-3-8B-Instruct-Gradient-1048k_NCT03864861_exc_5_shot.json' gespeichert.
File: NCT03864861_inc 

Das File: /work/eauten2s/ec_criteria_struct/lct/input/lct_txt_half/NCT03864861_inc.txt wurde erfolgreich geladen.
Die Daten wurden erfolgreich in '/work/eauten2s/ec_criteria_struct/lct/evaluate/eval_p3/model_output/Llama-3-8B-Instruct-Gradient-1048k_5_shot/output/Llama-3-8B-Instruct-Gradient-1048k_NCT03864861_inc_5_shot.json' gespeichert.
File: NCT03864874_exc 

Das File: /work/eauten2s/ec_criteria_struct/lct/input/lct_txt_half/NCT03864874_exc.txt wurde erfolgreich geladen.
Die Daten wurden erfolgreich in '/work/eauten2s/ec_criteria_struct/lct/evaluate/eval_p3/model_output/Llama-3-8B-Instruct-Gradient-1048k_5_shot/output/Llama-3-8B-Instruct-Gradient-1048k_NCT03864874_exc_5_shot.json' gespeichert.
File: NCT03864874_inc 

Das File: /work/eauten2s/ec_criteria_struct/lct/input/lct_txt_half/NCT03864874_inc.txt wurde erfolgreich geladen.
Die Daten wurden erfolgreich in '/work/eauten2s/ec_criteria_struct/lct/evaluate/eval_p3/model_output/Llama-3-8B-Instruct-Gradient-1048k_5_shot/output/Llama-3-8B-Instruct-Gradient-1048k_NCT03864874_inc_5_shot.json' gespeichert.
File: NCT03864887_exc 

Das File: /work/eauten2s/ec_criteria_struct/lct/input/lct_txt_half/NCT03864887_exc.txt wurde erfolgreich geladen.
Die Daten wurden erfolgreich in '/work/eauten2s/ec_criteria_struct/lct/evaluate/eval_p3/model_output/Llama-3-8B-Instruct-Gradient-1048k_5_shot/output/Llama-3-8B-Instruct-Gradient-1048k_NCT03864887_exc_5_shot.json' gespeichert.
File: NCT03864887_inc 

Das File: /work/eauten2s/ec_criteria_struct/lct/input/lct_txt_half/NCT03864887_inc.txt wurde erfolgreich geladen.
Die Daten wurden erfolgreich in '/work/eauten2s/ec_criteria_struct/lct/evaluate/eval_p3/model_output/Llama-3-8B-Instruct-Gradient-1048k_5_shot/output/Llama-3-8B-Instruct-Gradient-1048k_NCT03864887_inc_5_shot.json' gespeichert.
File: NCT03864900_exc 

Das File: /work/eauten2s/ec_criteria_struct/lct/input/lct_txt_half/NCT03864900_exc.txt wurde erfolgreich geladen.
Die Daten wurden erfolgreich in '/work/eauten2s/ec_criteria_struct/lct/evaluate/eval_p3/model_output/Llama-3-8B-Instruct-Gradient-1048k_5_shot/output/Llama-3-8B-Instruct-Gradient-1048k_NCT03864900_exc_5_shot.json' gespeichert.
File: NCT03864900_inc 

Das File: /work/eauten2s/ec_criteria_struct/lct/input/lct_txt_half/NCT03864900_inc.txt wurde erfolgreich geladen.
Die Daten wurden erfolgreich in '/work/eauten2s/ec_criteria_struct/lct/evaluate/eval_p3/model_output/Llama-3-8B-Instruct-Gradient-1048k_5_shot/output/Llama-3-8B-Instruct-Gradient-1048k_NCT03864900_inc_5_shot.json' gespeichert.
File: NCT03864913_exc 

Das File: /work/eauten2s/ec_criteria_struct/lct/input/lct_txt_half/NCT03864913_exc.txt wurde erfolgreich geladen.
Die Daten wurden erfolgreich in '/work/eauten2s/ec_criteria_struct/lct/evaluate/eval_p3/model_output/Llama-3-8B-Instruct-Gradient-1048k_5_shot/output/Llama-3-8B-Instruct-Gradient-1048k_NCT03864913_exc_5_shot.json' gespeichert.
File: NCT03864913_inc 

Das File: /work/eauten2s/ec_criteria_struct/lct/input/lct_txt_half/NCT03864913_inc.txt wurde erfolgreich geladen.
Die Daten wurden erfolgreich in '/work/eauten2s/ec_criteria_struct/lct/evaluate/eval_p3/model_output/Llama-3-8B-Instruct-Gradient-1048k_5_shot/output/Llama-3-8B-Instruct-Gradient-1048k_NCT03864913_inc_5_shot.json' gespeichert.
File: NCT03864939_exc 

Das File: /work/eauten2s/ec_criteria_struct/lct/input/lct_txt_half/NCT03864939_exc.txt wurde erfolgreich geladen.
Die Daten wurden erfolgreich in '/work/eauten2s/ec_criteria_struct/lct/evaluate/eval_p3/model_output/Llama-3-8B-Instruct-Gradient-1048k_5_shot/output/Llama-3-8B-Instruct-Gradient-1048k_NCT03864939_exc_5_shot.json' gespeichert.
File: NCT03864939_inc 

Das File: /work/eauten2s/ec_criteria_struct/lct/input/lct_txt_half/NCT03864939_inc.txt wurde erfolgreich geladen.
Die Daten wurden erfolgreich in '/work/eauten2s/ec_criteria_struct/lct/evaluate/eval_p3/model_output/Llama-3-8B-Instruct-Gradient-1048k_5_shot/output/Llama-3-8B-Instruct-Gradient-1048k_NCT03864939_inc_5_shot.json' gespeichert.
File: NCT03864952_exc 

Das File: /work/eauten2s/ec_criteria_struct/lct/input/lct_txt_half/NCT03864952_exc.txt wurde erfolgreich geladen.
Die Daten wurden erfolgreich in '/work/eauten2s/ec_criteria_struct/lct/evaluate/eval_p3/model_output/Llama-3-8B-Instruct-Gradient-1048k_5_shot/output/Llama-3-8B-Instruct-Gradient-1048k_NCT03864952_exc_5_shot.json' gespeichert.
File: NCT03864952_inc 

Das File: /work/eauten2s/ec_criteria_struct/lct/input/lct_txt_half/NCT03864952_inc.txt wurde erfolgreich geladen.
Die Daten wurden erfolgreich in '/work/eauten2s/ec_criteria_struct/lct/evaluate/eval_p3/model_output/Llama-3-8B-Instruct-Gradient-1048k_5_shot/output/Llama-3-8B-Instruct-Gradient-1048k_NCT03864952_inc_5_shot.json' gespeichert.
File: NCT03864965_exc 

Das File: /work/eauten2s/ec_criteria_struct/lct/input/lct_txt_half/NCT03864965_exc.txt wurde erfolgreich geladen.
Die Daten wurden erfolgreich in '/work/eauten2s/ec_criteria_struct/lct/evaluate/eval_p3/model_output/Llama-3-8B-Instruct-Gradient-1048k_5_shot/output/Llama-3-8B-Instruct-Gradient-1048k_NCT03864965_exc_5_shot.json' gespeichert.
File: NCT03864965_inc 

Das File: /work/eauten2s/ec_criteria_struct/lct/input/lct_txt_half/NCT03864965_inc.txt wurde erfolgreich geladen.
Die Daten wurden erfolgreich in '/work/eauten2s/ec_criteria_struct/lct/evaluate/eval_p3/model_output/Llama-3-8B-Instruct-Gradient-1048k_5_shot/output/Llama-3-8B-Instruct-Gradient-1048k_NCT03864965_inc_5_shot.json' gespeichert.
File: NCT03864991_exc 

Das File: /work/eauten2s/ec_criteria_struct/lct/input/lct_txt_half/NCT03864991_exc.txt wurde erfolgreich geladen.
Die Daten wurden erfolgreich in '/work/eauten2s/ec_criteria_struct/lct/evaluate/eval_p3/model_output/Llama-3-8B-Instruct-Gradient-1048k_5_shot/output/Llama-3-8B-Instruct-Gradient-1048k_NCT03864991_exc_5_shot.json' gespeichert.
File: NCT03864991_inc 

Das File: /work/eauten2s/ec_criteria_struct/lct/input/lct_txt_half/NCT03864991_inc.txt wurde erfolgreich geladen.
Die Daten wurden erfolgreich in '/work/eauten2s/ec_criteria_struct/lct/evaluate/eval_p3/model_output/Llama-3-8B-Instruct-Gradient-1048k_5_shot/output/Llama-3-8B-Instruct-Gradient-1048k_NCT03864991_inc_5_shot.json' gespeichert.
File: NCT03865004_exc 

Das File: /work/eauten2s/ec_criteria_struct/lct/input/lct_txt_half/NCT03865004_exc.txt wurde erfolgreich geladen.
Die Daten wurden erfolgreich in '/work/eauten2s/ec_criteria_struct/lct/evaluate/eval_p3/model_output/Llama-3-8B-Instruct-Gradient-1048k_5_shot/output/Llama-3-8B-Instruct-Gradient-1048k_NCT03865004_exc_5_shot.json' gespeichert.
File: NCT03865030_exc 

Das File: /work/eauten2s/ec_criteria_struct/lct/input/lct_txt_half/NCT03865030_exc.txt wurde erfolgreich geladen.
Die Daten wurden erfolgreich in '/work/eauten2s/ec_criteria_struct/lct/evaluate/eval_p3/model_output/Llama-3-8B-Instruct-Gradient-1048k_5_shot/output/Llama-3-8B-Instruct-Gradient-1048k_NCT03865030_exc_5_shot.json' gespeichert.
File: NCT03865030_inc 

Das File: /work/eauten2s/ec_criteria_struct/lct/input/lct_txt_half/NCT03865030_inc.txt wurde erfolgreich geladen.
Die Daten wurden erfolgreich in '/work/eauten2s/ec_criteria_struct/lct/evaluate/eval_p3/model_output/Llama-3-8B-Instruct-Gradient-1048k_5_shot/output/Llama-3-8B-Instruct-Gradient-1048k_NCT03865030_inc_5_shot.json' gespeichert.
File: NCT03865043_exc 

Das File: /work/eauten2s/ec_criteria_struct/lct/input/lct_txt_half/NCT03865043_exc.txt wurde erfolgreich geladen.
Die Daten wurden erfolgreich in '/work/eauten2s/ec_criteria_struct/lct/evaluate/eval_p3/model_output/Llama-3-8B-Instruct-Gradient-1048k_5_shot/output/Llama-3-8B-Instruct-Gradient-1048k_NCT03865043_exc_5_shot.json' gespeichert.
File: NCT03865043_inc 

Das File: /work/eauten2s/ec_criteria_struct/lct/input/lct_txt_half/NCT03865043_inc.txt wurde erfolgreich geladen.
Die Daten wurden erfolgreich in '/work/eauten2s/ec_criteria_struct/lct/evaluate/eval_p3/model_output/Llama-3-8B-Instruct-Gradient-1048k_5_shot/output/Llama-3-8B-Instruct-Gradient-1048k_NCT03865043_inc_5_shot.json' gespeichert.
File: NCT03865056_exc 

Das File: /work/eauten2s/ec_criteria_struct/lct/input/lct_txt_half/NCT03865056_exc.txt wurde erfolgreich geladen.
Die Daten wurden erfolgreich in '/work/eauten2s/ec_criteria_struct/lct/evaluate/eval_p3/model_output/Llama-3-8B-Instruct-Gradient-1048k_5_shot/output/Llama-3-8B-Instruct-Gradient-1048k_NCT03865056_exc_5_shot.json' gespeichert.
File: NCT03865056_inc 

Das File: /work/eauten2s/ec_criteria_struct/lct/input/lct_txt_half/NCT03865056_inc.txt wurde erfolgreich geladen.
Die Daten wurden erfolgreich in '/work/eauten2s/ec_criteria_struct/lct/evaluate/eval_p3/model_output/Llama-3-8B-Instruct-Gradient-1048k_5_shot/output/Llama-3-8B-Instruct-Gradient-1048k_NCT03865056_inc_5_shot.json' gespeichert.
File: NCT03865095_exc 

Das File: /work/eauten2s/ec_criteria_struct/lct/input/lct_txt_half/NCT03865095_exc.txt wurde erfolgreich geladen.
Die Daten wurden erfolgreich in '/work/eauten2s/ec_criteria_struct/lct/evaluate/eval_p3/model_output/Llama-3-8B-Instruct-Gradient-1048k_5_shot/output/Llama-3-8B-Instruct-Gradient-1048k_NCT03865095_exc_5_shot.json' gespeichert.
File: NCT03865095_inc 

Das File: /work/eauten2s/ec_criteria_struct/lct/input/lct_txt_half/NCT03865095_inc.txt wurde erfolgreich geladen.
Die Daten wurden erfolgreich in '/work/eauten2s/ec_criteria_struct/lct/evaluate/eval_p3/model_output/Llama-3-8B-Instruct-Gradient-1048k_5_shot/output/Llama-3-8B-Instruct-Gradient-1048k_NCT03865095_inc_5_shot.json' gespeichert.
File: NCT03865108_exc 

Das File: /work/eauten2s/ec_criteria_struct/lct/input/lct_txt_half/NCT03865108_exc.txt wurde erfolgreich geladen.
Die Daten wurden erfolgreich in '/work/eauten2s/ec_criteria_struct/lct/evaluate/eval_p3/model_output/Llama-3-8B-Instruct-Gradient-1048k_5_shot/output/Llama-3-8B-Instruct-Gradient-1048k_NCT03865108_exc_5_shot.json' gespeichert.
File: NCT03865108_inc 

Das File: /work/eauten2s/ec_criteria_struct/lct/input/lct_txt_half/NCT03865108_inc.txt wurde erfolgreich geladen.
Die Daten wurden erfolgreich in '/work/eauten2s/ec_criteria_struct/lct/evaluate/eval_p3/model_output/Llama-3-8B-Instruct-Gradient-1048k_5_shot/output/Llama-3-8B-Instruct-Gradient-1048k_NCT03865108_inc_5_shot.json' gespeichert.
File: NCT03865121_exc 

Das File: /work/eauten2s/ec_criteria_struct/lct/input/lct_txt_half/NCT03865121_exc.txt wurde erfolgreich geladen.
Die Daten wurden erfolgreich in '/work/eauten2s/ec_criteria_struct/lct/evaluate/eval_p3/model_output/Llama-3-8B-Instruct-Gradient-1048k_5_shot/output/Llama-3-8B-Instruct-Gradient-1048k_NCT03865121_exc_5_shot.json' gespeichert.
File: NCT03865121_inc 

Das File: /work/eauten2s/ec_criteria_struct/lct/input/lct_txt_half/NCT03865121_inc.txt wurde erfolgreich geladen.
Die Daten wurden erfolgreich in '/work/eauten2s/ec_criteria_struct/lct/evaluate/eval_p3/model_output/Llama-3-8B-Instruct-Gradient-1048k_5_shot/output/Llama-3-8B-Instruct-Gradient-1048k_NCT03865121_inc_5_shot.json' gespeichert.
File: NCT03865134_exc 

Das File: /work/eauten2s/ec_criteria_struct/lct/input/lct_txt_half/NCT03865134_exc.txt wurde erfolgreich geladen.
Die Daten wurden erfolgreich in '/work/eauten2s/ec_criteria_struct/lct/evaluate/eval_p3/model_output/Llama-3-8B-Instruct-Gradient-1048k_5_shot/output/Llama-3-8B-Instruct-Gradient-1048k_NCT03865134_exc_5_shot.json' gespeichert.
File: NCT03865134_inc 

Das File: /work/eauten2s/ec_criteria_struct/lct/input/lct_txt_half/NCT03865134_inc.txt wurde erfolgreich geladen.
Die Daten wurden erfolgreich in '/work/eauten2s/ec_criteria_struct/lct/evaluate/eval_p3/model_output/Llama-3-8B-Instruct-Gradient-1048k_5_shot/output/Llama-3-8B-Instruct-Gradient-1048k_NCT03865134_inc_5_shot.json' gespeichert.
File: NCT03865160_exc 

Das File: /work/eauten2s/ec_criteria_struct/lct/input/lct_txt_half/NCT03865160_exc.txt wurde erfolgreich geladen.
Die Daten wurden erfolgreich in '/work/eauten2s/ec_criteria_struct/lct/evaluate/eval_p3/model_output/Llama-3-8B-Instruct-Gradient-1048k_5_shot/output/Llama-3-8B-Instruct-Gradient-1048k_NCT03865160_exc_5_shot.json' gespeichert.
File: NCT03865160_inc 

Das File: /work/eauten2s/ec_criteria_struct/lct/input/lct_txt_half/NCT03865160_inc.txt wurde erfolgreich geladen.
Die Daten wurden erfolgreich in '/work/eauten2s/ec_criteria_struct/lct/evaluate/eval_p3/model_output/Llama-3-8B-Instruct-Gradient-1048k_5_shot/output/Llama-3-8B-Instruct-Gradient-1048k_NCT03865160_inc_5_shot.json' gespeichert.
File: NCT03865173_exc 

Das File: /work/eauten2s/ec_criteria_struct/lct/input/lct_txt_half/NCT03865173_exc.txt wurde erfolgreich geladen.
Die Daten wurden erfolgreich in '/work/eauten2s/ec_criteria_struct/lct/evaluate/eval_p3/model_output/Llama-3-8B-Instruct-Gradient-1048k_5_shot/output/Llama-3-8B-Instruct-Gradient-1048k_NCT03865173_exc_5_shot.json' gespeichert.
File: NCT03865173_inc 

Das File: /work/eauten2s/ec_criteria_struct/lct/input/lct_txt_half/NCT03865173_inc.txt wurde erfolgreich geladen.
Die Daten wurden erfolgreich in '/work/eauten2s/ec_criteria_struct/lct/evaluate/eval_p3/model_output/Llama-3-8B-Instruct-Gradient-1048k_5_shot/output/Llama-3-8B-Instruct-Gradient-1048k_NCT03865173_inc_5_shot.json' gespeichert.
File: NCT03865186_exc 

Das File: /work/eauten2s/ec_criteria_struct/lct/input/lct_txt_half/NCT03865186_exc.txt wurde erfolgreich geladen.
Die Daten wurden erfolgreich in '/work/eauten2s/ec_criteria_struct/lct/evaluate/eval_p3/model_output/Llama-3-8B-Instruct-Gradient-1048k_5_shot/output/Llama-3-8B-Instruct-Gradient-1048k_NCT03865186_exc_5_shot.json' gespeichert.
File: NCT03865186_inc 

Das File: /work/eauten2s/ec_criteria_struct/lct/input/lct_txt_half/NCT03865186_inc.txt wurde erfolgreich geladen.
Die Daten wurden erfolgreich in '/work/eauten2s/ec_criteria_struct/lct/evaluate/eval_p3/model_output/Llama-3-8B-Instruct-Gradient-1048k_5_shot/output/Llama-3-8B-Instruct-Gradient-1048k_NCT03865186_inc_5_shot.json' gespeichert.
File: NCT03865225_exc 

Das File: /work/eauten2s/ec_criteria_struct/lct/input/lct_txt_half/NCT03865225_exc.txt wurde erfolgreich geladen.
Die Daten wurden erfolgreich in '/work/eauten2s/ec_criteria_struct/lct/evaluate/eval_p3/model_output/Llama-3-8B-Instruct-Gradient-1048k_5_shot/output/Llama-3-8B-Instruct-Gradient-1048k_NCT03865225_exc_5_shot.json' gespeichert.
File: NCT03865225_inc 

Das File: /work/eauten2s/ec_criteria_struct/lct/input/lct_txt_half/NCT03865225_inc.txt wurde erfolgreich geladen.
Die Daten wurden erfolgreich in '/work/eauten2s/ec_criteria_struct/lct/evaluate/eval_p3/model_output/Llama-3-8B-Instruct-Gradient-1048k_5_shot/output/Llama-3-8B-Instruct-Gradient-1048k_NCT03865225_inc_5_shot.json' gespeichert.
File: NCT03865251_exc 

Das File: /work/eauten2s/ec_criteria_struct/lct/input/lct_txt_half/NCT03865251_exc.txt wurde erfolgreich geladen.
Die Daten wurden erfolgreich in '/work/eauten2s/ec_criteria_struct/lct/evaluate/eval_p3/model_output/Llama-3-8B-Instruct-Gradient-1048k_5_shot/output/Llama-3-8B-Instruct-Gradient-1048k_NCT03865251_exc_5_shot.json' gespeichert.
File: NCT03865251_inc 

Das File: /work/eauten2s/ec_criteria_struct/lct/input/lct_txt_half/NCT03865251_inc.txt wurde erfolgreich geladen.
Die Daten wurden erfolgreich in '/work/eauten2s/ec_criteria_struct/lct/evaluate/eval_p3/model_output/Llama-3-8B-Instruct-Gradient-1048k_5_shot/output/Llama-3-8B-Instruct-Gradient-1048k_NCT03865251_inc_5_shot.json' gespeichert.
File: NCT03865277_exc 

Das File: /work/eauten2s/ec_criteria_struct/lct/input/lct_txt_half/NCT03865277_exc.txt wurde erfolgreich geladen.
Die Daten wurden erfolgreich in '/work/eauten2s/ec_criteria_struct/lct/evaluate/eval_p3/model_output/Llama-3-8B-Instruct-Gradient-1048k_5_shot/output/Llama-3-8B-Instruct-Gradient-1048k_NCT03865277_exc_5_shot.json' gespeichert.
File: NCT03865277_inc 

Das File: /work/eauten2s/ec_criteria_struct/lct/input/lct_txt_half/NCT03865277_inc.txt wurde erfolgreich geladen.
Die Daten wurden erfolgreich in '/work/eauten2s/ec_criteria_struct/lct/evaluate/eval_p3/model_output/Llama-3-8B-Instruct-Gradient-1048k_5_shot/output/Llama-3-8B-Instruct-Gradient-1048k_NCT03865277_inc_5_shot.json' gespeichert.
File: NCT03865303_exc 

Das File: /work/eauten2s/ec_criteria_struct/lct/input/lct_txt_half/NCT03865303_exc.txt wurde erfolgreich geladen.
Die Daten wurden erfolgreich in '/work/eauten2s/ec_criteria_struct/lct/evaluate/eval_p3/model_output/Llama-3-8B-Instruct-Gradient-1048k_5_shot/output/Llama-3-8B-Instruct-Gradient-1048k_NCT03865303_exc_5_shot.json' gespeichert.
File: NCT03865303_inc 

Das File: /work/eauten2s/ec_criteria_struct/lct/input/lct_txt_half/NCT03865303_inc.txt wurde erfolgreich geladen.
Die Daten wurden erfolgreich in '/work/eauten2s/ec_criteria_struct/lct/evaluate/eval_p3/model_output/Llama-3-8B-Instruct-Gradient-1048k_5_shot/output/Llama-3-8B-Instruct-Gradient-1048k_NCT03865303_inc_5_shot.json' gespeichert.
File: NCT03865316_exc 

Das File: /work/eauten2s/ec_criteria_struct/lct/input/lct_txt_half/NCT03865316_exc.txt wurde erfolgreich geladen.
Die Daten wurden erfolgreich in '/work/eauten2s/ec_criteria_struct/lct/evaluate/eval_p3/model_output/Llama-3-8B-Instruct-Gradient-1048k_5_shot/output/Llama-3-8B-Instruct-Gradient-1048k_NCT03865316_exc_5_shot.json' gespeichert.
File: NCT03865316_inc 

Das File: /work/eauten2s/ec_criteria_struct/lct/input/lct_txt_half/NCT03865316_inc.txt wurde erfolgreich geladen.
Die Daten wurden erfolgreich in '/work/eauten2s/ec_criteria_struct/lct/evaluate/eval_p3/model_output/Llama-3-8B-Instruct-Gradient-1048k_5_shot/output/Llama-3-8B-Instruct-Gradient-1048k_NCT03865316_inc_5_shot.json' gespeichert.
File: NCT03865329_exc 

Das File: /work/eauten2s/ec_criteria_struct/lct/input/lct_txt_half/NCT03865329_exc.txt wurde erfolgreich geladen.
Die Daten wurden erfolgreich in '/work/eauten2s/ec_criteria_struct/lct/evaluate/eval_p3/model_output/Llama-3-8B-Instruct-Gradient-1048k_5_shot/output/Llama-3-8B-Instruct-Gradient-1048k_NCT03865329_exc_5_shot.json' gespeichert.
File: NCT03865329_inc 

Das File: /work/eauten2s/ec_criteria_struct/lct/input/lct_txt_half/NCT03865329_inc.txt wurde erfolgreich geladen.
Die Daten wurden erfolgreich in '/work/eauten2s/ec_criteria_struct/lct/evaluate/eval_p3/model_output/Llama-3-8B-Instruct-Gradient-1048k_5_shot/output/Llama-3-8B-Instruct-Gradient-1048k_NCT03865329_inc_5_shot.json' gespeichert.
File: NCT03865342_exc 

Das File: /work/eauten2s/ec_criteria_struct/lct/input/lct_txt_half/NCT03865342_exc.txt wurde erfolgreich geladen.
Die Daten wurden erfolgreich in '/work/eauten2s/ec_criteria_struct/lct/evaluate/eval_p3/model_output/Llama-3-8B-Instruct-Gradient-1048k_5_shot/output/Llama-3-8B-Instruct-Gradient-1048k_NCT03865342_exc_5_shot.json' gespeichert.
File: NCT03865342_inc 

Das File: /work/eauten2s/ec_criteria_struct/lct/input/lct_txt_half/NCT03865342_inc.txt wurde erfolgreich geladen.
Die Daten wurden erfolgreich in '/work/eauten2s/ec_criteria_struct/lct/evaluate/eval_p3/model_output/Llama-3-8B-Instruct-Gradient-1048k_5_shot/output/Llama-3-8B-Instruct-Gradient-1048k_NCT03865342_inc_5_shot.json' gespeichert.
File: NCT03865355_exc 

Das File: /work/eauten2s/ec_criteria_struct/lct/input/lct_txt_half/NCT03865355_exc.txt wurde erfolgreich geladen.
Die Daten wurden erfolgreich in '/work/eauten2s/ec_criteria_struct/lct/evaluate/eval_p3/model_output/Llama-3-8B-Instruct-Gradient-1048k_5_shot/output/Llama-3-8B-Instruct-Gradient-1048k_NCT03865355_exc_5_shot.json' gespeichert.
File: NCT03865355_inc 

Das File: /work/eauten2s/ec_criteria_struct/lct/input/lct_txt_half/NCT03865355_inc.txt wurde erfolgreich geladen.
Die Daten wurden erfolgreich in '/work/eauten2s/ec_criteria_struct/lct/evaluate/eval_p3/model_output/Llama-3-8B-Instruct-Gradient-1048k_5_shot/output/Llama-3-8B-Instruct-Gradient-1048k_NCT03865355_inc_5_shot.json' gespeichert.
File: NCT03865368_exc 

Das File: /work/eauten2s/ec_criteria_struct/lct/input/lct_txt_half/NCT03865368_exc.txt wurde erfolgreich geladen.
Die Daten wurden erfolgreich in '/work/eauten2s/ec_criteria_struct/lct/evaluate/eval_p3/model_output/Llama-3-8B-Instruct-Gradient-1048k_5_shot/output/Llama-3-8B-Instruct-Gradient-1048k_NCT03865368_exc_5_shot.json' gespeichert.
File: NCT03865368_inc 

Das File: /work/eauten2s/ec_criteria_struct/lct/input/lct_txt_half/NCT03865368_inc.txt wurde erfolgreich geladen.
Die Daten wurden erfolgreich in '/work/eauten2s/ec_criteria_struct/lct/evaluate/eval_p3/model_output/Llama-3-8B-Instruct-Gradient-1048k_5_shot/output/Llama-3-8B-Instruct-Gradient-1048k_NCT03865368_inc_5_shot.json' gespeichert.
File: NCT03865381_exc 

Das File: /work/eauten2s/ec_criteria_struct/lct/input/lct_txt_half/NCT03865381_exc.txt wurde erfolgreich geladen.
Die Daten wurden erfolgreich in '/work/eauten2s/ec_criteria_struct/lct/evaluate/eval_p3/model_output/Llama-3-8B-Instruct-Gradient-1048k_5_shot/output/Llama-3-8B-Instruct-Gradient-1048k_NCT03865381_exc_5_shot.json' gespeichert.
File: NCT03865381_inc 

Das File: /work/eauten2s/ec_criteria_struct/lct/input/lct_txt_half/NCT03865381_inc.txt wurde erfolgreich geladen.
Die Daten wurden erfolgreich in '/work/eauten2s/ec_criteria_struct/lct/evaluate/eval_p3/model_output/Llama-3-8B-Instruct-Gradient-1048k_5_shot/output/Llama-3-8B-Instruct-Gradient-1048k_NCT03865381_inc_5_shot.json' gespeichert.
File: NCT03865407_exc 

Das File: /work/eauten2s/ec_criteria_struct/lct/input/lct_txt_half/NCT03865407_exc.txt wurde erfolgreich geladen.
Die Daten wurden erfolgreich in '/work/eauten2s/ec_criteria_struct/lct/evaluate/eval_p3/model_output/Llama-3-8B-Instruct-Gradient-1048k_5_shot/output/Llama-3-8B-Instruct-Gradient-1048k_NCT03865407_exc_5_shot.json' gespeichert.
File: NCT03865407_inc 

Das File: /work/eauten2s/ec_criteria_struct/lct/input/lct_txt_half/NCT03865407_inc.txt wurde erfolgreich geladen.
Die Daten wurden erfolgreich in '/work/eauten2s/ec_criteria_struct/lct/evaluate/eval_p3/model_output/Llama-3-8B-Instruct-Gradient-1048k_5_shot/output/Llama-3-8B-Instruct-Gradient-1048k_NCT03865407_inc_5_shot.json' gespeichert.
File: NCT03865420_exc 

Das File: /work/eauten2s/ec_criteria_struct/lct/input/lct_txt_half/NCT03865420_exc.txt wurde erfolgreich geladen.
Die Daten wurden erfolgreich in '/work/eauten2s/ec_criteria_struct/lct/evaluate/eval_p3/model_output/Llama-3-8B-Instruct-Gradient-1048k_5_shot/output/Llama-3-8B-Instruct-Gradient-1048k_NCT03865420_exc_5_shot.json' gespeichert.
File: NCT03865420_inc 

Das File: /work/eauten2s/ec_criteria_struct/lct/input/lct_txt_half/NCT03865420_inc.txt wurde erfolgreich geladen.
Die Daten wurden erfolgreich in '/work/eauten2s/ec_criteria_struct/lct/evaluate/eval_p3/model_output/Llama-3-8B-Instruct-Gradient-1048k_5_shot/output/Llama-3-8B-Instruct-Gradient-1048k_NCT03865420_inc_5_shot.json' gespeichert.
File: NCT03865433_exc 

Das File: /work/eauten2s/ec_criteria_struct/lct/input/lct_txt_half/NCT03865433_exc.txt wurde erfolgreich geladen.
Die Daten wurden erfolgreich in '/work/eauten2s/ec_criteria_struct/lct/evaluate/eval_p3/model_output/Llama-3-8B-Instruct-Gradient-1048k_5_shot/output/Llama-3-8B-Instruct-Gradient-1048k_NCT03865433_exc_5_shot.json' gespeichert.
File: NCT03865433_inc 

Das File: /work/eauten2s/ec_criteria_struct/lct/input/lct_txt_half/NCT03865433_inc.txt wurde erfolgreich geladen.
Die Daten wurden erfolgreich in '/work/eauten2s/ec_criteria_struct/lct/evaluate/eval_p3/model_output/Llama-3-8B-Instruct-Gradient-1048k_5_shot/output/Llama-3-8B-Instruct-Gradient-1048k_NCT03865433_inc_5_shot.json' gespeichert.
File: NCT03865459_exc 

Das File: /work/eauten2s/ec_criteria_struct/lct/input/lct_txt_half/NCT03865459_exc.txt wurde erfolgreich geladen.
Die Daten wurden erfolgreich in '/work/eauten2s/ec_criteria_struct/lct/evaluate/eval_p3/model_output/Llama-3-8B-Instruct-Gradient-1048k_5_shot/output/Llama-3-8B-Instruct-Gradient-1048k_NCT03865459_exc_5_shot.json' gespeichert.
File: NCT03865459_inc 

Das File: /work/eauten2s/ec_criteria_struct/lct/input/lct_txt_half/NCT03865459_inc.txt wurde erfolgreich geladen.
Die Daten wurden erfolgreich in '/work/eauten2s/ec_criteria_struct/lct/evaluate/eval_p3/model_output/Llama-3-8B-Instruct-Gradient-1048k_5_shot/output/Llama-3-8B-Instruct-Gradient-1048k_NCT03865459_inc_5_shot.json' gespeichert.
File: NCT03865498_exc 

Das File: /work/eauten2s/ec_criteria_struct/lct/input/lct_txt_half/NCT03865498_exc.txt wurde erfolgreich geladen.
Die Daten wurden erfolgreich in '/work/eauten2s/ec_criteria_struct/lct/evaluate/eval_p3/model_output/Llama-3-8B-Instruct-Gradient-1048k_5_shot/output/Llama-3-8B-Instruct-Gradient-1048k_NCT03865498_exc_5_shot.json' gespeichert.
File: NCT03865498_inc 

Das File: /work/eauten2s/ec_criteria_struct/lct/input/lct_txt_half/NCT03865498_inc.txt wurde erfolgreich geladen.
Die Daten wurden erfolgreich in '/work/eauten2s/ec_criteria_struct/lct/evaluate/eval_p3/model_output/Llama-3-8B-Instruct-Gradient-1048k_5_shot/output/Llama-3-8B-Instruct-Gradient-1048k_NCT03865498_inc_5_shot.json' gespeichert.
File: NCT03865524_exc 

Das File: /work/eauten2s/ec_criteria_struct/lct/input/lct_txt_half/NCT03865524_exc.txt wurde erfolgreich geladen.
Die Daten wurden erfolgreich in '/work/eauten2s/ec_criteria_struct/lct/evaluate/eval_p3/model_output/Llama-3-8B-Instruct-Gradient-1048k_5_shot/output/Llama-3-8B-Instruct-Gradient-1048k_NCT03865524_exc_5_shot.json' gespeichert.
File: NCT03865524_inc 

Das File: /work/eauten2s/ec_criteria_struct/lct/input/lct_txt_half/NCT03865524_inc.txt wurde erfolgreich geladen.
Die Daten wurden erfolgreich in '/work/eauten2s/ec_criteria_struct/lct/evaluate/eval_p3/model_output/Llama-3-8B-Instruct-Gradient-1048k_5_shot/output/Llama-3-8B-Instruct-Gradient-1048k_NCT03865524_inc_5_shot.json' gespeichert.
File: NCT03865537_exc 

Das File: /work/eauten2s/ec_criteria_struct/lct/input/lct_txt_half/NCT03865537_exc.txt wurde erfolgreich geladen.
Die Daten wurden erfolgreich in '/work/eauten2s/ec_criteria_struct/lct/evaluate/eval_p3/model_output/Llama-3-8B-Instruct-Gradient-1048k_5_shot/output/Llama-3-8B-Instruct-Gradient-1048k_NCT03865537_exc_5_shot.json' gespeichert.
File: NCT03865537_inc 

Das File: /work/eauten2s/ec_criteria_struct/lct/input/lct_txt_half/NCT03865537_inc.txt wurde erfolgreich geladen.
Die Daten wurden erfolgreich in '/work/eauten2s/ec_criteria_struct/lct/evaluate/eval_p3/model_output/Llama-3-8B-Instruct-Gradient-1048k_5_shot/output/Llama-3-8B-Instruct-Gradient-1048k_NCT03865537_inc_5_shot.json' gespeichert.
File: NCT03865550_exc 

Das File: /work/eauten2s/ec_criteria_struct/lct/input/lct_txt_half/NCT03865550_exc.txt wurde erfolgreich geladen.
Die Daten wurden erfolgreich in '/work/eauten2s/ec_criteria_struct/lct/evaluate/eval_p3/model_output/Llama-3-8B-Instruct-Gradient-1048k_5_shot/output/Llama-3-8B-Instruct-Gradient-1048k_NCT03865550_exc_5_shot.json' gespeichert.
File: NCT03865550_inc 

Das File: /work/eauten2s/ec_criteria_struct/lct/input/lct_txt_half/NCT03865550_inc.txt wurde erfolgreich geladen.
Die Daten wurden erfolgreich in '/work/eauten2s/ec_criteria_struct/lct/evaluate/eval_p3/model_output/Llama-3-8B-Instruct-Gradient-1048k_5_shot/output/Llama-3-8B-Instruct-Gradient-1048k_NCT03865550_inc_5_shot.json' gespeichert.
File: NCT03865576_exc 

Das File: /work/eauten2s/ec_criteria_struct/lct/input/lct_txt_half/NCT03865576_exc.txt wurde erfolgreich geladen.
Die Daten wurden erfolgreich in '/work/eauten2s/ec_criteria_struct/lct/evaluate/eval_p3/model_output/Llama-3-8B-Instruct-Gradient-1048k_5_shot/output/Llama-3-8B-Instruct-Gradient-1048k_NCT03865576_exc_5_shot.json' gespeichert.
File: NCT03865576_inc 

Das File: /work/eauten2s/ec_criteria_struct/lct/input/lct_txt_half/NCT03865576_inc.txt wurde erfolgreich geladen.
Die Daten wurden erfolgreich in '/work/eauten2s/ec_criteria_struct/lct/evaluate/eval_p3/model_output/Llama-3-8B-Instruct-Gradient-1048k_5_shot/output/Llama-3-8B-Instruct-Gradient-1048k_NCT03865576_inc_5_shot.json' gespeichert.
File: NCT03865589_exc 

Das File: /work/eauten2s/ec_criteria_struct/lct/input/lct_txt_half/NCT03865589_exc.txt wurde erfolgreich geladen.
Die Daten wurden erfolgreich in '/work/eauten2s/ec_criteria_struct/lct/evaluate/eval_p3/model_output/Llama-3-8B-Instruct-Gradient-1048k_5_shot/output/Llama-3-8B-Instruct-Gradient-1048k_NCT03865589_exc_5_shot.json' gespeichert.
File: NCT03865589_inc 

Das File: /work/eauten2s/ec_criteria_struct/lct/input/lct_txt_half/NCT03865589_inc.txt wurde erfolgreich geladen.
Die Daten wurden erfolgreich in '/work/eauten2s/ec_criteria_struct/lct/evaluate/eval_p3/model_output/Llama-3-8B-Instruct-Gradient-1048k_5_shot/output/Llama-3-8B-Instruct-Gradient-1048k_NCT03865589_inc_5_shot.json' gespeichert.
File: NCT03865602_exc 

Das File: /work/eauten2s/ec_criteria_struct/lct/input/lct_txt_half/NCT03865602_exc.txt wurde erfolgreich geladen.
Die Daten wurden erfolgreich in '/work/eauten2s/ec_criteria_struct/lct/evaluate/eval_p3/model_output/Llama-3-8B-Instruct-Gradient-1048k_5_shot/output/Llama-3-8B-Instruct-Gradient-1048k_NCT03865602_exc_5_shot.json' gespeichert.
File: NCT03865602_inc 

Das File: /work/eauten2s/ec_criteria_struct/lct/input/lct_txt_half/NCT03865602_inc.txt wurde erfolgreich geladen.
Die Daten wurden erfolgreich in '/work/eauten2s/ec_criteria_struct/lct/evaluate/eval_p3/model_output/Llama-3-8B-Instruct-Gradient-1048k_5_shot/output/Llama-3-8B-Instruct-Gradient-1048k_NCT03865602_inc_5_shot.json' gespeichert.
File: NCT03865628_exc 

Das File: /work/eauten2s/ec_criteria_struct/lct/input/lct_txt_half/NCT03865628_exc.txt wurde erfolgreich geladen.
Die Daten wurden erfolgreich in '/work/eauten2s/ec_criteria_struct/lct/evaluate/eval_p3/model_output/Llama-3-8B-Instruct-Gradient-1048k_5_shot/output/Llama-3-8B-Instruct-Gradient-1048k_NCT03865628_exc_5_shot.json' gespeichert.
File: NCT03865628_inc 

Das File: /work/eauten2s/ec_criteria_struct/lct/input/lct_txt_half/NCT03865628_inc.txt wurde erfolgreich geladen.
Die Daten wurden erfolgreich in '/work/eauten2s/ec_criteria_struct/lct/evaluate/eval_p3/model_output/Llama-3-8B-Instruct-Gradient-1048k_5_shot/output/Llama-3-8B-Instruct-Gradient-1048k_NCT03865628_inc_5_shot.json' gespeichert.
File: NCT03865641_exc 

Das File: /work/eauten2s/ec_criteria_struct/lct/input/lct_txt_half/NCT03865641_exc.txt wurde erfolgreich geladen.
Die Daten wurden erfolgreich in '/work/eauten2s/ec_criteria_struct/lct/evaluate/eval_p3/model_output/Llama-3-8B-Instruct-Gradient-1048k_5_shot/output/Llama-3-8B-Instruct-Gradient-1048k_NCT03865641_exc_5_shot.json' gespeichert.
File: NCT03865641_inc 

Das File: /work/eauten2s/ec_criteria_struct/lct/input/lct_txt_half/NCT03865641_inc.txt wurde erfolgreich geladen.
Die Daten wurden erfolgreich in '/work/eauten2s/ec_criteria_struct/lct/evaluate/eval_p3/model_output/Llama-3-8B-Instruct-Gradient-1048k_5_shot/output/Llama-3-8B-Instruct-Gradient-1048k_NCT03865641_inc_5_shot.json' gespeichert.
File: NCT03865680_exc 

Das File: /work/eauten2s/ec_criteria_struct/lct/input/lct_txt_half/NCT03865680_exc.txt wurde erfolgreich geladen.
Die Daten wurden erfolgreich in '/work/eauten2s/ec_criteria_struct/lct/evaluate/eval_p3/model_output/Llama-3-8B-Instruct-Gradient-1048k_5_shot/output/Llama-3-8B-Instruct-Gradient-1048k_NCT03865680_exc_5_shot.json' gespeichert.
File: NCT03865680_inc 

Das File: /work/eauten2s/ec_criteria_struct/lct/input/lct_txt_half/NCT03865680_inc.txt wurde erfolgreich geladen.
Die Daten wurden erfolgreich in '/work/eauten2s/ec_criteria_struct/lct/evaluate/eval_p3/model_output/Llama-3-8B-Instruct-Gradient-1048k_5_shot/output/Llama-3-8B-Instruct-Gradient-1048k_NCT03865680_inc_5_shot.json' gespeichert.
File: NCT03865693_exc 

Das File: /work/eauten2s/ec_criteria_struct/lct/input/lct_txt_half/NCT03865693_exc.txt wurde erfolgreich geladen.
Die Daten wurden erfolgreich in '/work/eauten2s/ec_criteria_struct/lct/evaluate/eval_p3/model_output/Llama-3-8B-Instruct-Gradient-1048k_5_shot/output/Llama-3-8B-Instruct-Gradient-1048k_NCT03865693_exc_5_shot.json' gespeichert.
File: NCT03865693_inc 

Das File: /work/eauten2s/ec_criteria_struct/lct/input/lct_txt_half/NCT03865693_inc.txt wurde erfolgreich geladen.
Die Daten wurden erfolgreich in '/work/eauten2s/ec_criteria_struct/lct/evaluate/eval_p3/model_output/Llama-3-8B-Instruct-Gradient-1048k_5_shot/output/Llama-3-8B-Instruct-Gradient-1048k_NCT03865693_inc_5_shot.json' gespeichert.
File: NCT03865706_exc 

Das File: /work/eauten2s/ec_criteria_struct/lct/input/lct_txt_half/NCT03865706_exc.txt wurde erfolgreich geladen.
Die Daten wurden erfolgreich in '/work/eauten2s/ec_criteria_struct/lct/evaluate/eval_p3/model_output/Llama-3-8B-Instruct-Gradient-1048k_5_shot/output/Llama-3-8B-Instruct-Gradient-1048k_NCT03865706_exc_5_shot.json' gespeichert.
File: NCT03865706_inc 

Das File: /work/eauten2s/ec_criteria_struct/lct/input/lct_txt_half/NCT03865706_inc.txt wurde erfolgreich geladen.
Die Daten wurden erfolgreich in '/work/eauten2s/ec_criteria_struct/lct/evaluate/eval_p3/model_output/Llama-3-8B-Instruct-Gradient-1048k_5_shot/output/Llama-3-8B-Instruct-Gradient-1048k_NCT03865706_inc_5_shot.json' gespeichert.
File: NCT03865732_exc 

Das File: /work/eauten2s/ec_criteria_struct/lct/input/lct_txt_half/NCT03865732_exc.txt wurde erfolgreich geladen.
Die Daten wurden erfolgreich in '/work/eauten2s/ec_criteria_struct/lct/evaluate/eval_p3/model_output/Llama-3-8B-Instruct-Gradient-1048k_5_shot/output/Llama-3-8B-Instruct-Gradient-1048k_NCT03865732_exc_5_shot.json' gespeichert.
File: NCT03865732_inc 

Das File: /work/eauten2s/ec_criteria_struct/lct/input/lct_txt_half/NCT03865732_inc.txt wurde erfolgreich geladen.
Die Daten wurden erfolgreich in '/work/eauten2s/ec_criteria_struct/lct/evaluate/eval_p3/model_output/Llama-3-8B-Instruct-Gradient-1048k_5_shot/output/Llama-3-8B-Instruct-Gradient-1048k_NCT03865732_inc_5_shot.json' gespeichert.
File: NCT03865745_exc 

Das File: /work/eauten2s/ec_criteria_struct/lct/input/lct_txt_half/NCT03865745_exc.txt wurde erfolgreich geladen.
Die Daten wurden erfolgreich in '/work/eauten2s/ec_criteria_struct/lct/evaluate/eval_p3/model_output/Llama-3-8B-Instruct-Gradient-1048k_5_shot/output/Llama-3-8B-Instruct-Gradient-1048k_NCT03865745_exc_5_shot.json' gespeichert.
File: NCT03865745_inc 

Das File: /work/eauten2s/ec_criteria_struct/lct/input/lct_txt_half/NCT03865745_inc.txt wurde erfolgreich geladen.
Die Daten wurden erfolgreich in '/work/eauten2s/ec_criteria_struct/lct/evaluate/eval_p3/model_output/Llama-3-8B-Instruct-Gradient-1048k_5_shot/output/Llama-3-8B-Instruct-Gradient-1048k_NCT03865745_inc_5_shot.json' gespeichert.
File: NCT03865758_exc 

Das File: /work/eauten2s/ec_criteria_struct/lct/input/lct_txt_half/NCT03865758_exc.txt wurde erfolgreich geladen.
Die Daten wurden erfolgreich in '/work/eauten2s/ec_criteria_struct/lct/evaluate/eval_p3/model_output/Llama-3-8B-Instruct-Gradient-1048k_5_shot/output/Llama-3-8B-Instruct-Gradient-1048k_NCT03865758_exc_5_shot.json' gespeichert.
File: NCT03865758_inc 

Das File: /work/eauten2s/ec_criteria_struct/lct/input/lct_txt_half/NCT03865758_inc.txt wurde erfolgreich geladen.
Die Daten wurden erfolgreich in '/work/eauten2s/ec_criteria_struct/lct/evaluate/eval_p3/model_output/Llama-3-8B-Instruct-Gradient-1048k_5_shot/output/Llama-3-8B-Instruct-Gradient-1048k_NCT03865758_inc_5_shot.json' gespeichert.
File: NCT03865771_exc 

Das File: /work/eauten2s/ec_criteria_struct/lct/input/lct_txt_half/NCT03865771_exc.txt wurde erfolgreich geladen.
Die Daten wurden erfolgreich in '/work/eauten2s/ec_criteria_struct/lct/evaluate/eval_p3/model_output/Llama-3-8B-Instruct-Gradient-1048k_5_shot/output/Llama-3-8B-Instruct-Gradient-1048k_NCT03865771_exc_5_shot.json' gespeichert.
File: NCT03865771_inc 

Das File: /work/eauten2s/ec_criteria_struct/lct/input/lct_txt_half/NCT03865771_inc.txt wurde erfolgreich geladen.
Die Daten wurden erfolgreich in '/work/eauten2s/ec_criteria_struct/lct/evaluate/eval_p3/model_output/Llama-3-8B-Instruct-Gradient-1048k_5_shot/output/Llama-3-8B-Instruct-Gradient-1048k_NCT03865771_inc_5_shot.json' gespeichert.
File: NCT03865784_exc 

Das File: /work/eauten2s/ec_criteria_struct/lct/input/lct_txt_half/NCT03865784_exc.txt wurde erfolgreich geladen.
Die Daten wurden erfolgreich in '/work/eauten2s/ec_criteria_struct/lct/evaluate/eval_p3/model_output/Llama-3-8B-Instruct-Gradient-1048k_5_shot/output/Llama-3-8B-Instruct-Gradient-1048k_NCT03865784_exc_5_shot.json' gespeichert.
File: NCT03865784_inc 

Das File: /work/eauten2s/ec_criteria_struct/lct/input/lct_txt_half/NCT03865784_inc.txt wurde erfolgreich geladen.
Die Daten wurden erfolgreich in '/work/eauten2s/ec_criteria_struct/lct/evaluate/eval_p3/model_output/Llama-3-8B-Instruct-Gradient-1048k_5_shot/output/Llama-3-8B-Instruct-Gradient-1048k_NCT03865784_inc_5_shot.json' gespeichert.
File: NCT03865797_exc 

Das File: /work/eauten2s/ec_criteria_struct/lct/input/lct_txt_half/NCT03865797_exc.txt wurde erfolgreich geladen.
Die Daten wurden erfolgreich in '/work/eauten2s/ec_criteria_struct/lct/evaluate/eval_p3/model_output/Llama-3-8B-Instruct-Gradient-1048k_5_shot/output/Llama-3-8B-Instruct-Gradient-1048k_NCT03865797_exc_5_shot.json' gespeichert.
File: NCT03865797_inc 

Das File: /work/eauten2s/ec_criteria_struct/lct/input/lct_txt_half/NCT03865797_inc.txt wurde erfolgreich geladen.
Die Daten wurden erfolgreich in '/work/eauten2s/ec_criteria_struct/lct/evaluate/eval_p3/model_output/Llama-3-8B-Instruct-Gradient-1048k_5_shot/output/Llama-3-8B-Instruct-Gradient-1048k_NCT03865797_inc_5_shot.json' gespeichert.
File: NCT03865810_exc 

Das File: /work/eauten2s/ec_criteria_struct/lct/input/lct_txt_half/NCT03865810_exc.txt wurde erfolgreich geladen.
Die Daten wurden erfolgreich in '/work/eauten2s/ec_criteria_struct/lct/evaluate/eval_p3/model_output/Llama-3-8B-Instruct-Gradient-1048k_5_shot/output/Llama-3-8B-Instruct-Gradient-1048k_NCT03865810_exc_5_shot.json' gespeichert.
File: NCT03865810_inc 

Das File: /work/eauten2s/ec_criteria_struct/lct/input/lct_txt_half/NCT03865810_inc.txt wurde erfolgreich geladen.
Die Daten wurden erfolgreich in '/work/eauten2s/ec_criteria_struct/lct/evaluate/eval_p3/model_output/Llama-3-8B-Instruct-Gradient-1048k_5_shot/output/Llama-3-8B-Instruct-Gradient-1048k_NCT03865810_inc_5_shot.json' gespeichert.
File: NCT03865823_exc 

Das File: /work/eauten2s/ec_criteria_struct/lct/input/lct_txt_half/NCT03865823_exc.txt wurde erfolgreich geladen.
Die Daten wurden erfolgreich in '/work/eauten2s/ec_criteria_struct/lct/evaluate/eval_p3/model_output/Llama-3-8B-Instruct-Gradient-1048k_5_shot/output/Llama-3-8B-Instruct-Gradient-1048k_NCT03865823_exc_5_shot.json' gespeichert.
File: NCT03865823_inc 

Das File: /work/eauten2s/ec_criteria_struct/lct/input/lct_txt_half/NCT03865823_inc.txt wurde erfolgreich geladen.
Die Daten wurden erfolgreich in '/work/eauten2s/ec_criteria_struct/lct/evaluate/eval_p3/model_output/Llama-3-8B-Instruct-Gradient-1048k_5_shot/output/Llama-3-8B-Instruct-Gradient-1048k_NCT03865823_inc_5_shot.json' gespeichert.
File: NCT03865836_exc 

Das File: /work/eauten2s/ec_criteria_struct/lct/input/lct_txt_half/NCT03865836_exc.txt wurde erfolgreich geladen.
Die Daten wurden erfolgreich in '/work/eauten2s/ec_criteria_struct/lct/evaluate/eval_p3/model_output/Llama-3-8B-Instruct-Gradient-1048k_5_shot/output/Llama-3-8B-Instruct-Gradient-1048k_NCT03865836_exc_5_shot.json' gespeichert.
File: NCT03865836_inc 

Das File: /work/eauten2s/ec_criteria_struct/lct/input/lct_txt_half/NCT03865836_inc.txt wurde erfolgreich geladen.
Die Daten wurden erfolgreich in '/work/eauten2s/ec_criteria_struct/lct/evaluate/eval_p3/model_output/Llama-3-8B-Instruct-Gradient-1048k_5_shot/output/Llama-3-8B-Instruct-Gradient-1048k_NCT03865836_inc_5_shot.json' gespeichert.
File: NCT03865862_exc 

Das File: /work/eauten2s/ec_criteria_struct/lct/input/lct_txt_half/NCT03865862_exc.txt wurde erfolgreich geladen.
Die Daten wurden erfolgreich in '/work/eauten2s/ec_criteria_struct/lct/evaluate/eval_p3/model_output/Llama-3-8B-Instruct-Gradient-1048k_5_shot/output/Llama-3-8B-Instruct-Gradient-1048k_NCT03865862_exc_5_shot.json' gespeichert.
File: NCT03865862_inc 

Das File: /work/eauten2s/ec_criteria_struct/lct/input/lct_txt_half/NCT03865862_inc.txt wurde erfolgreich geladen.
Die Daten wurden erfolgreich in '/work/eauten2s/ec_criteria_struct/lct/evaluate/eval_p3/model_output/Llama-3-8B-Instruct-Gradient-1048k_5_shot/output/Llama-3-8B-Instruct-Gradient-1048k_NCT03865862_inc_5_shot.json' gespeichert.
File: NCT03865875_exc 

Das File: /work/eauten2s/ec_criteria_struct/lct/input/lct_txt_half/NCT03865875_exc.txt wurde erfolgreich geladen.
Die Daten wurden erfolgreich in '/work/eauten2s/ec_criteria_struct/lct/evaluate/eval_p3/model_output/Llama-3-8B-Instruct-Gradient-1048k_5_shot/output/Llama-3-8B-Instruct-Gradient-1048k_NCT03865875_exc_5_shot.json' gespeichert.
File: NCT03865875_inc 

Das File: /work/eauten2s/ec_criteria_struct/lct/input/lct_txt_half/NCT03865875_inc.txt wurde erfolgreich geladen.
Die Daten wurden erfolgreich in '/work/eauten2s/ec_criteria_struct/lct/evaluate/eval_p3/model_output/Llama-3-8B-Instruct-Gradient-1048k_5_shot/output/Llama-3-8B-Instruct-Gradient-1048k_NCT03865875_inc_5_shot.json' gespeichert.
File: NCT03865901_exc 

Das File: /work/eauten2s/ec_criteria_struct/lct/input/lct_txt_half/NCT03865901_exc.txt wurde erfolgreich geladen.
Die Daten wurden erfolgreich in '/work/eauten2s/ec_criteria_struct/lct/evaluate/eval_p3/model_output/Llama-3-8B-Instruct-Gradient-1048k_5_shot/output/Llama-3-8B-Instruct-Gradient-1048k_NCT03865901_exc_5_shot.json' gespeichert.
File: NCT03865901_inc 

Das File: /work/eauten2s/ec_criteria_struct/lct/input/lct_txt_half/NCT03865901_inc.txt wurde erfolgreich geladen.
Die Daten wurden erfolgreich in '/work/eauten2s/ec_criteria_struct/lct/evaluate/eval_p3/model_output/Llama-3-8B-Instruct-Gradient-1048k_5_shot/output/Llama-3-8B-Instruct-Gradient-1048k_NCT03865901_inc_5_shot.json' gespeichert.
File: NCT03865914_exc 

Das File: /work/eauten2s/ec_criteria_struct/lct/input/lct_txt_half/NCT03865914_exc.txt wurde erfolgreich geladen.
Die Daten wurden erfolgreich in '/work/eauten2s/ec_criteria_struct/lct/evaluate/eval_p3/model_output/Llama-3-8B-Instruct-Gradient-1048k_5_shot/output/Llama-3-8B-Instruct-Gradient-1048k_NCT03865914_exc_5_shot.json' gespeichert.
File: NCT03865914_inc 

Das File: /work/eauten2s/ec_criteria_struct/lct/input/lct_txt_half/NCT03865914_inc.txt wurde erfolgreich geladen.
Die Daten wurden erfolgreich in '/work/eauten2s/ec_criteria_struct/lct/evaluate/eval_p3/model_output/Llama-3-8B-Instruct-Gradient-1048k_5_shot/output/Llama-3-8B-Instruct-Gradient-1048k_NCT03865914_inc_5_shot.json' gespeichert.
File: NCT03865953_exc 

Das File: /work/eauten2s/ec_criteria_struct/lct/input/lct_txt_half/NCT03865953_exc.txt wurde erfolgreich geladen.
Die Daten wurden erfolgreich in '/work/eauten2s/ec_criteria_struct/lct/evaluate/eval_p3/model_output/Llama-3-8B-Instruct-Gradient-1048k_5_shot/output/Llama-3-8B-Instruct-Gradient-1048k_NCT03865953_exc_5_shot.json' gespeichert.
File: NCT03865953_inc 

Das File: /work/eauten2s/ec_criteria_struct/lct/input/lct_txt_half/NCT03865953_inc.txt wurde erfolgreich geladen.
Die Daten wurden erfolgreich in '/work/eauten2s/ec_criteria_struct/lct/evaluate/eval_p3/model_output/Llama-3-8B-Instruct-Gradient-1048k_5_shot/output/Llama-3-8B-Instruct-Gradient-1048k_NCT03865953_inc_5_shot.json' gespeichert.
File: NCT03865966_exc 

Das File: /work/eauten2s/ec_criteria_struct/lct/input/lct_txt_half/NCT03865966_exc.txt wurde erfolgreich geladen.
Die Daten wurden erfolgreich in '/work/eauten2s/ec_criteria_struct/lct/evaluate/eval_p3/model_output/Llama-3-8B-Instruct-Gradient-1048k_5_shot/output/Llama-3-8B-Instruct-Gradient-1048k_NCT03865966_exc_5_shot.json' gespeichert.
File: NCT03865966_inc 

Das File: /work/eauten2s/ec_criteria_struct/lct/input/lct_txt_half/NCT03865966_inc.txt wurde erfolgreich geladen.
Die Daten wurden erfolgreich in '/work/eauten2s/ec_criteria_struct/lct/evaluate/eval_p3/model_output/Llama-3-8B-Instruct-Gradient-1048k_5_shot/output/Llama-3-8B-Instruct-Gradient-1048k_NCT03865966_inc_5_shot.json' gespeichert.
File: NCT03865979_exc 

Das File: /work/eauten2s/ec_criteria_struct/lct/input/lct_txt_half/NCT03865979_exc.txt wurde erfolgreich geladen.
Die Daten wurden erfolgreich in '/work/eauten2s/ec_criteria_struct/lct/evaluate/eval_p3/model_output/Llama-3-8B-Instruct-Gradient-1048k_5_shot/output/Llama-3-8B-Instruct-Gradient-1048k_NCT03865979_exc_5_shot.json' gespeichert.
File: NCT03865979_inc 

Das File: /work/eauten2s/ec_criteria_struct/lct/input/lct_txt_half/NCT03865979_inc.txt wurde erfolgreich geladen.
Die Daten wurden erfolgreich in '/work/eauten2s/ec_criteria_struct/lct/evaluate/eval_p3/model_output/Llama-3-8B-Instruct-Gradient-1048k_5_shot/output/Llama-3-8B-Instruct-Gradient-1048k_NCT03865979_inc_5_shot.json' gespeichert.
File: NCT03866005_exc 

Das File: /work/eauten2s/ec_criteria_struct/lct/input/lct_txt_half/NCT03866005_exc.txt wurde erfolgreich geladen.
Die Daten wurden erfolgreich in '/work/eauten2s/ec_criteria_struct/lct/evaluate/eval_p3/model_output/Llama-3-8B-Instruct-Gradient-1048k_5_shot/output/Llama-3-8B-Instruct-Gradient-1048k_NCT03866005_exc_5_shot.json' gespeichert.
File: NCT03866018_exc 

Das File: /work/eauten2s/ec_criteria_struct/lct/input/lct_txt_half/NCT03866018_exc.txt wurde erfolgreich geladen.
Die Daten wurden erfolgreich in '/work/eauten2s/ec_criteria_struct/lct/evaluate/eval_p3/model_output/Llama-3-8B-Instruct-Gradient-1048k_5_shot/output/Llama-3-8B-Instruct-Gradient-1048k_NCT03866018_exc_5_shot.json' gespeichert.
File: NCT03866018_inc 

Das File: /work/eauten2s/ec_criteria_struct/lct/input/lct_txt_half/NCT03866018_inc.txt wurde erfolgreich geladen.
Die Daten wurden erfolgreich in '/work/eauten2s/ec_criteria_struct/lct/evaluate/eval_p3/model_output/Llama-3-8B-Instruct-Gradient-1048k_5_shot/output/Llama-3-8B-Instruct-Gradient-1048k_NCT03866018_inc_5_shot.json' gespeichert.
File: NCT03866031_inc 

Das File: /work/eauten2s/ec_criteria_struct/lct/input/lct_txt_half/NCT03866031_inc.txt wurde erfolgreich geladen.
Die Daten wurden erfolgreich in '/work/eauten2s/ec_criteria_struct/lct/evaluate/eval_p3/model_output/Llama-3-8B-Instruct-Gradient-1048k_5_shot/output/Llama-3-8B-Instruct-Gradient-1048k_NCT03866031_inc_5_shot.json' gespeichert.
File: NCT03866044_exc 

Das File: /work/eauten2s/ec_criteria_struct/lct/input/lct_txt_half/NCT03866044_exc.txt wurde erfolgreich geladen.
Die Daten wurden erfolgreich in '/work/eauten2s/ec_criteria_struct/lct/evaluate/eval_p3/model_output/Llama-3-8B-Instruct-Gradient-1048k_5_shot/output/Llama-3-8B-Instruct-Gradient-1048k_NCT03866044_exc_5_shot.json' gespeichert.
File: NCT03866044_inc 

Das File: /work/eauten2s/ec_criteria_struct/lct/input/lct_txt_half/NCT03866044_inc.txt wurde erfolgreich geladen.
Die Daten wurden erfolgreich in '/work/eauten2s/ec_criteria_struct/lct/evaluate/eval_p3/model_output/Llama-3-8B-Instruct-Gradient-1048k_5_shot/output/Llama-3-8B-Instruct-Gradient-1048k_NCT03866044_inc_5_shot.json' gespeichert.
File: NCT03866057_exc 

Das File: /work/eauten2s/ec_criteria_struct/lct/input/lct_txt_half/NCT03866057_exc.txt wurde erfolgreich geladen.
Die Daten wurden erfolgreich in '/work/eauten2s/ec_criteria_struct/lct/evaluate/eval_p3/model_output/Llama-3-8B-Instruct-Gradient-1048k_5_shot/output/Llama-3-8B-Instruct-Gradient-1048k_NCT03866057_exc_5_shot.json' gespeichert.
File: NCT03866057_inc 

Das File: /work/eauten2s/ec_criteria_struct/lct/input/lct_txt_half/NCT03866057_inc.txt wurde erfolgreich geladen.
Die Daten wurden erfolgreich in '/work/eauten2s/ec_criteria_struct/lct/evaluate/eval_p3/model_output/Llama-3-8B-Instruct-Gradient-1048k_5_shot/output/Llama-3-8B-Instruct-Gradient-1048k_NCT03866057_inc_5_shot.json' gespeichert.
File: NCT03866070_exc 

Das File: /work/eauten2s/ec_criteria_struct/lct/input/lct_txt_half/NCT03866070_exc.txt wurde erfolgreich geladen.
Die Daten wurden erfolgreich in '/work/eauten2s/ec_criteria_struct/lct/evaluate/eval_p3/model_output/Llama-3-8B-Instruct-Gradient-1048k_5_shot/output/Llama-3-8B-Instruct-Gradient-1048k_NCT03866070_exc_5_shot.json' gespeichert.
File: NCT03866070_inc 

Das File: /work/eauten2s/ec_criteria_struct/lct/input/lct_txt_half/NCT03866070_inc.txt wurde erfolgreich geladen.
Die Daten wurden erfolgreich in '/work/eauten2s/ec_criteria_struct/lct/evaluate/eval_p3/model_output/Llama-3-8B-Instruct-Gradient-1048k_5_shot/output/Llama-3-8B-Instruct-Gradient-1048k_NCT03866070_inc_5_shot.json' gespeichert.
File: NCT03866083_exc 

Das File: /work/eauten2s/ec_criteria_struct/lct/input/lct_txt_half/NCT03866083_exc.txt wurde erfolgreich geladen.
Die Daten wurden erfolgreich in '/work/eauten2s/ec_criteria_struct/lct/evaluate/eval_p3/model_output/Llama-3-8B-Instruct-Gradient-1048k_5_shot/output/Llama-3-8B-Instruct-Gradient-1048k_NCT03866083_exc_5_shot.json' gespeichert.
File: NCT03866083_inc 

Das File: /work/eauten2s/ec_criteria_struct/lct/input/lct_txt_half/NCT03866083_inc.txt wurde erfolgreich geladen.
Die Daten wurden erfolgreich in '/work/eauten2s/ec_criteria_struct/lct/evaluate/eval_p3/model_output/Llama-3-8B-Instruct-Gradient-1048k_5_shot/output/Llama-3-8B-Instruct-Gradient-1048k_NCT03866083_inc_5_shot.json' gespeichert.
File: NCT03866096_exc 

Das File: /work/eauten2s/ec_criteria_struct/lct/input/lct_txt_half/NCT03866096_exc.txt wurde erfolgreich geladen.
Die Daten wurden erfolgreich in '/work/eauten2s/ec_criteria_struct/lct/evaluate/eval_p3/model_output/Llama-3-8B-Instruct-Gradient-1048k_5_shot/output/Llama-3-8B-Instruct-Gradient-1048k_NCT03866096_exc_5_shot.json' gespeichert.
File: NCT03866096_inc 

Das File: /work/eauten2s/ec_criteria_struct/lct/input/lct_txt_half/NCT03866096_inc.txt wurde erfolgreich geladen.
Die Daten wurden erfolgreich in '/work/eauten2s/ec_criteria_struct/lct/evaluate/eval_p3/model_output/Llama-3-8B-Instruct-Gradient-1048k_5_shot/output/Llama-3-8B-Instruct-Gradient-1048k_NCT03866096_inc_5_shot.json' gespeichert.
File: NCT03866122_exc 

Das File: /work/eauten2s/ec_criteria_struct/lct/input/lct_txt_half/NCT03866122_exc.txt wurde erfolgreich geladen.
Die Daten wurden erfolgreich in '/work/eauten2s/ec_criteria_struct/lct/evaluate/eval_p3/model_output/Llama-3-8B-Instruct-Gradient-1048k_5_shot/output/Llama-3-8B-Instruct-Gradient-1048k_NCT03866122_exc_5_shot.json' gespeichert.
File: NCT03866122_inc 

Das File: /work/eauten2s/ec_criteria_struct/lct/input/lct_txt_half/NCT03866122_inc.txt wurde erfolgreich geladen.
Die Daten wurden erfolgreich in '/work/eauten2s/ec_criteria_struct/lct/evaluate/eval_p3/model_output/Llama-3-8B-Instruct-Gradient-1048k_5_shot/output/Llama-3-8B-Instruct-Gradient-1048k_NCT03866122_inc_5_shot.json' gespeichert.
File: NCT03866135_exc 

Das File: /work/eauten2s/ec_criteria_struct/lct/input/lct_txt_half/NCT03866135_exc.txt wurde erfolgreich geladen.
Die Daten wurden erfolgreich in '/work/eauten2s/ec_criteria_struct/lct/evaluate/eval_p3/model_output/Llama-3-8B-Instruct-Gradient-1048k_5_shot/output/Llama-3-8B-Instruct-Gradient-1048k_NCT03866135_exc_5_shot.json' gespeichert.
File: NCT03866135_inc 

Das File: /work/eauten2s/ec_criteria_struct/lct/input/lct_txt_half/NCT03866135_inc.txt wurde erfolgreich geladen.
Die Daten wurden erfolgreich in '/work/eauten2s/ec_criteria_struct/lct/evaluate/eval_p3/model_output/Llama-3-8B-Instruct-Gradient-1048k_5_shot/output/Llama-3-8B-Instruct-Gradient-1048k_NCT03866135_inc_5_shot.json' gespeichert.
File: NCT03866148_exc 

Das File: /work/eauten2s/ec_criteria_struct/lct/input/lct_txt_half/NCT03866148_exc.txt wurde erfolgreich geladen.
Die Daten wurden erfolgreich in '/work/eauten2s/ec_criteria_struct/lct/evaluate/eval_p3/model_output/Llama-3-8B-Instruct-Gradient-1048k_5_shot/output/Llama-3-8B-Instruct-Gradient-1048k_NCT03866148_exc_5_shot.json' gespeichert.
File: NCT03866148_inc 

Das File: /work/eauten2s/ec_criteria_struct/lct/input/lct_txt_half/NCT03866148_inc.txt wurde erfolgreich geladen.
Die Daten wurden erfolgreich in '/work/eauten2s/ec_criteria_struct/lct/evaluate/eval_p3/model_output/Llama-3-8B-Instruct-Gradient-1048k_5_shot/output/Llama-3-8B-Instruct-Gradient-1048k_NCT03866148_inc_5_shot.json' gespeichert.
File: NCT03866161_exc 

Das File: /work/eauten2s/ec_criteria_struct/lct/input/lct_txt_half/NCT03866161_exc.txt wurde erfolgreich geladen.
Die Daten wurden erfolgreich in '/work/eauten2s/ec_criteria_struct/lct/evaluate/eval_p3/model_output/Llama-3-8B-Instruct-Gradient-1048k_5_shot/output/Llama-3-8B-Instruct-Gradient-1048k_NCT03866161_exc_5_shot.json' gespeichert.
File: NCT03866161_inc 

Das File: /work/eauten2s/ec_criteria_struct/lct/input/lct_txt_half/NCT03866161_inc.txt wurde erfolgreich geladen.
Die Daten wurden erfolgreich in '/work/eauten2s/ec_criteria_struct/lct/evaluate/eval_p3/model_output/Llama-3-8B-Instruct-Gradient-1048k_5_shot/output/Llama-3-8B-Instruct-Gradient-1048k_NCT03866161_inc_5_shot.json' gespeichert.
File: NCT03866200_exc 

Das File: /work/eauten2s/ec_criteria_struct/lct/input/lct_txt_half/NCT03866200_exc.txt wurde erfolgreich geladen.
Die Daten wurden erfolgreich in '/work/eauten2s/ec_criteria_struct/lct/evaluate/eval_p3/model_output/Llama-3-8B-Instruct-Gradient-1048k_5_shot/output/Llama-3-8B-Instruct-Gradient-1048k_NCT03866200_exc_5_shot.json' gespeichert.
File: NCT03866200_inc 

Das File: /work/eauten2s/ec_criteria_struct/lct/input/lct_txt_half/NCT03866200_inc.txt wurde erfolgreich geladen.
Die Daten wurden erfolgreich in '/work/eauten2s/ec_criteria_struct/lct/evaluate/eval_p3/model_output/Llama-3-8B-Instruct-Gradient-1048k_5_shot/output/Llama-3-8B-Instruct-Gradient-1048k_NCT03866200_inc_5_shot.json' gespeichert.
File: NCT03866213_exc 

Das File: /work/eauten2s/ec_criteria_struct/lct/input/lct_txt_half/NCT03866213_exc.txt wurde erfolgreich geladen.
Die Daten wurden erfolgreich in '/work/eauten2s/ec_criteria_struct/lct/evaluate/eval_p3/model_output/Llama-3-8B-Instruct-Gradient-1048k_5_shot/output/Llama-3-8B-Instruct-Gradient-1048k_NCT03866213_exc_5_shot.json' gespeichert.
File: NCT03866213_inc 

Das File: /work/eauten2s/ec_criteria_struct/lct/input/lct_txt_half/NCT03866213_inc.txt wurde erfolgreich geladen.
Die Daten wurden erfolgreich in '/work/eauten2s/ec_criteria_struct/lct/evaluate/eval_p3/model_output/Llama-3-8B-Instruct-Gradient-1048k_5_shot/output/Llama-3-8B-Instruct-Gradient-1048k_NCT03866213_inc_5_shot.json' gespeichert.
File: NCT03866226_exc 

Das File: /work/eauten2s/ec_criteria_struct/lct/input/lct_txt_half/NCT03866226_exc.txt wurde erfolgreich geladen.
Die Daten wurden erfolgreich in '/work/eauten2s/ec_criteria_struct/lct/evaluate/eval_p3/model_output/Llama-3-8B-Instruct-Gradient-1048k_5_shot/output/Llama-3-8B-Instruct-Gradient-1048k_NCT03866226_exc_5_shot.json' gespeichert.
File: NCT03866226_inc 

Das File: /work/eauten2s/ec_criteria_struct/lct/input/lct_txt_half/NCT03866226_inc.txt wurde erfolgreich geladen.
Die Daten wurden erfolgreich in '/work/eauten2s/ec_criteria_struct/lct/evaluate/eval_p3/model_output/Llama-3-8B-Instruct-Gradient-1048k_5_shot/output/Llama-3-8B-Instruct-Gradient-1048k_NCT03866226_inc_5_shot.json' gespeichert.
File: NCT03866252_exc 

Das File: /work/eauten2s/ec_criteria_struct/lct/input/lct_txt_half/NCT03866252_exc.txt wurde erfolgreich geladen.
Die Daten wurden erfolgreich in '/work/eauten2s/ec_criteria_struct/lct/evaluate/eval_p3/model_output/Llama-3-8B-Instruct-Gradient-1048k_5_shot/output/Llama-3-8B-Instruct-Gradient-1048k_NCT03866252_exc_5_shot.json' gespeichert.
File: NCT03866252_inc 

Das File: /work/eauten2s/ec_criteria_struct/lct/input/lct_txt_half/NCT03866252_inc.txt wurde erfolgreich geladen.
Die Daten wurden erfolgreich in '/work/eauten2s/ec_criteria_struct/lct/evaluate/eval_p3/model_output/Llama-3-8B-Instruct-Gradient-1048k_5_shot/output/Llama-3-8B-Instruct-Gradient-1048k_NCT03866252_inc_5_shot.json' gespeichert.
File: NCT03866265_inc 

Das File: /work/eauten2s/ec_criteria_struct/lct/input/lct_txt_half/NCT03866265_inc.txt wurde erfolgreich geladen.
Die Daten wurden erfolgreich in '/work/eauten2s/ec_criteria_struct/lct/evaluate/eval_p3/model_output/Llama-3-8B-Instruct-Gradient-1048k_5_shot/output/Llama-3-8B-Instruct-Gradient-1048k_NCT03866265_inc_5_shot.json' gespeichert.
File: NCT03866291_exc 

Das File: /work/eauten2s/ec_criteria_struct/lct/input/lct_txt_half/NCT03866291_exc.txt wurde erfolgreich geladen.
Die Daten wurden erfolgreich in '/work/eauten2s/ec_criteria_struct/lct/evaluate/eval_p3/model_output/Llama-3-8B-Instruct-Gradient-1048k_5_shot/output/Llama-3-8B-Instruct-Gradient-1048k_NCT03866291_exc_5_shot.json' gespeichert.
File: NCT03866291_inc 

Das File: /work/eauten2s/ec_criteria_struct/lct/input/lct_txt_half/NCT03866291_inc.txt wurde erfolgreich geladen.
Die Daten wurden erfolgreich in '/work/eauten2s/ec_criteria_struct/lct/evaluate/eval_p3/model_output/Llama-3-8B-Instruct-Gradient-1048k_5_shot/output/Llama-3-8B-Instruct-Gradient-1048k_NCT03866291_inc_5_shot.json' gespeichert.
File: NCT03866317_exc 

Das File: /work/eauten2s/ec_criteria_struct/lct/input/lct_txt_half/NCT03866317_exc.txt wurde erfolgreich geladen.
Die Daten wurden erfolgreich in '/work/eauten2s/ec_criteria_struct/lct/evaluate/eval_p3/model_output/Llama-3-8B-Instruct-Gradient-1048k_5_shot/output/Llama-3-8B-Instruct-Gradient-1048k_NCT03866317_exc_5_shot.json' gespeichert.
File: NCT03866317_inc 

Das File: /work/eauten2s/ec_criteria_struct/lct/input/lct_txt_half/NCT03866317_inc.txt wurde erfolgreich geladen.
Die Daten wurden erfolgreich in '/work/eauten2s/ec_criteria_struct/lct/evaluate/eval_p3/model_output/Llama-3-8B-Instruct-Gradient-1048k_5_shot/output/Llama-3-8B-Instruct-Gradient-1048k_NCT03866317_inc_5_shot.json' gespeichert.
File: NCT03866421_exc 

Das File: /work/eauten2s/ec_criteria_struct/lct/input/lct_txt_half/NCT03866421_exc.txt wurde erfolgreich geladen.
Die Daten wurden erfolgreich in '/work/eauten2s/ec_criteria_struct/lct/evaluate/eval_p3/model_output/Llama-3-8B-Instruct-Gradient-1048k_5_shot/output/Llama-3-8B-Instruct-Gradient-1048k_NCT03866421_exc_5_shot.json' gespeichert.
File: NCT03866421_inc 

Das File: /work/eauten2s/ec_criteria_struct/lct/input/lct_txt_half/NCT03866421_inc.txt wurde erfolgreich geladen.
Die Daten wurden erfolgreich in '/work/eauten2s/ec_criteria_struct/lct/evaluate/eval_p3/model_output/Llama-3-8B-Instruct-Gradient-1048k_5_shot/output/Llama-3-8B-Instruct-Gradient-1048k_NCT03866421_inc_5_shot.json' gespeichert.
File: NCT03866447_exc 

Das File: /work/eauten2s/ec_criteria_struct/lct/input/lct_txt_half/NCT03866447_exc.txt wurde erfolgreich geladen.
Die Daten wurden erfolgreich in '/work/eauten2s/ec_criteria_struct/lct/evaluate/eval_p3/model_output/Llama-3-8B-Instruct-Gradient-1048k_5_shot/output/Llama-3-8B-Instruct-Gradient-1048k_NCT03866447_exc_5_shot.json' gespeichert.
File: NCT03866447_inc 

Das File: /work/eauten2s/ec_criteria_struct/lct/input/lct_txt_half/NCT03866447_inc.txt wurde erfolgreich geladen.
Die Daten wurden erfolgreich in '/work/eauten2s/ec_criteria_struct/lct/evaluate/eval_p3/model_output/Llama-3-8B-Instruct-Gradient-1048k_5_shot/output/Llama-3-8B-Instruct-Gradient-1048k_NCT03866447_inc_5_shot.json' gespeichert.
File: NCT03866460_exc 

Das File: /work/eauten2s/ec_criteria_struct/lct/input/lct_txt_half/NCT03866460_exc.txt wurde erfolgreich geladen.
Die Daten wurden erfolgreich in '/work/eauten2s/ec_criteria_struct/lct/evaluate/eval_p3/model_output/Llama-3-8B-Instruct-Gradient-1048k_5_shot/output/Llama-3-8B-Instruct-Gradient-1048k_NCT03866460_exc_5_shot.json' gespeichert.
File: NCT03866460_inc 

Das File: /work/eauten2s/ec_criteria_struct/lct/input/lct_txt_half/NCT03866460_inc.txt wurde erfolgreich geladen.
Die Daten wurden erfolgreich in '/work/eauten2s/ec_criteria_struct/lct/evaluate/eval_p3/model_output/Llama-3-8B-Instruct-Gradient-1048k_5_shot/output/Llama-3-8B-Instruct-Gradient-1048k_NCT03866460_inc_5_shot.json' gespeichert.
File: NCT03866486_inc 

Das File: /work/eauten2s/ec_criteria_struct/lct/input/lct_txt_half/NCT03866486_inc.txt wurde erfolgreich geladen.
Die Daten wurden erfolgreich in '/work/eauten2s/ec_criteria_struct/lct/evaluate/eval_p3/model_output/Llama-3-8B-Instruct-Gradient-1048k_5_shot/output/Llama-3-8B-Instruct-Gradient-1048k_NCT03866486_inc_5_shot.json' gespeichert.
File: NCT03866499_exc 

Das File: /work/eauten2s/ec_criteria_struct/lct/input/lct_txt_half/NCT03866499_exc.txt wurde erfolgreich geladen.
Die Daten wurden erfolgreich in '/work/eauten2s/ec_criteria_struct/lct/evaluate/eval_p3/model_output/Llama-3-8B-Instruct-Gradient-1048k_5_shot/output/Llama-3-8B-Instruct-Gradient-1048k_NCT03866499_exc_5_shot.json' gespeichert.
File: NCT03866499_inc 

Das File: /work/eauten2s/ec_criteria_struct/lct/input/lct_txt_half/NCT03866499_inc.txt wurde erfolgreich geladen.
Die Daten wurden erfolgreich in '/work/eauten2s/ec_criteria_struct/lct/evaluate/eval_p3/model_output/Llama-3-8B-Instruct-Gradient-1048k_5_shot/output/Llama-3-8B-Instruct-Gradient-1048k_NCT03866499_inc_5_shot.json' gespeichert.
File: NCT03866512_exc 

Das File: /work/eauten2s/ec_criteria_struct/lct/input/lct_txt_half/NCT03866512_exc.txt wurde erfolgreich geladen.
Die Daten wurden erfolgreich in '/work/eauten2s/ec_criteria_struct/lct/evaluate/eval_p3/model_output/Llama-3-8B-Instruct-Gradient-1048k_5_shot/output/Llama-3-8B-Instruct-Gradient-1048k_NCT03866512_exc_5_shot.json' gespeichert.
File: NCT03866512_inc 

Das File: /work/eauten2s/ec_criteria_struct/lct/input/lct_txt_half/NCT03866512_inc.txt wurde erfolgreich geladen.
Die Daten wurden erfolgreich in '/work/eauten2s/ec_criteria_struct/lct/evaluate/eval_p3/model_output/Llama-3-8B-Instruct-Gradient-1048k_5_shot/output/Llama-3-8B-Instruct-Gradient-1048k_NCT03866512_inc_5_shot.json' gespeichert.
File: NCT03866538_exc 

Das File: /work/eauten2s/ec_criteria_struct/lct/input/lct_txt_half/NCT03866538_exc.txt wurde erfolgreich geladen.
Die Daten wurden erfolgreich in '/work/eauten2s/ec_criteria_struct/lct/evaluate/eval_p3/model_output/Llama-3-8B-Instruct-Gradient-1048k_5_shot/output/Llama-3-8B-Instruct-Gradient-1048k_NCT03866538_exc_5_shot.json' gespeichert.
File: NCT03866538_inc 

Das File: /work/eauten2s/ec_criteria_struct/lct/input/lct_txt_half/NCT03866538_inc.txt wurde erfolgreich geladen.
Die Daten wurden erfolgreich in '/work/eauten2s/ec_criteria_struct/lct/evaluate/eval_p3/model_output/Llama-3-8B-Instruct-Gradient-1048k_5_shot/output/Llama-3-8B-Instruct-Gradient-1048k_NCT03866538_inc_5_shot.json' gespeichert.
File: NCT03866564_exc 

Das File: /work/eauten2s/ec_criteria_struct/lct/input/lct_txt_half/NCT03866564_exc.txt wurde erfolgreich geladen.
Die Daten wurden erfolgreich in '/work/eauten2s/ec_criteria_struct/lct/evaluate/eval_p3/model_output/Llama-3-8B-Instruct-Gradient-1048k_5_shot/output/Llama-3-8B-Instruct-Gradient-1048k_NCT03866564_exc_5_shot.json' gespeichert.
File: NCT03866564_inc 

Das File: /work/eauten2s/ec_criteria_struct/lct/input/lct_txt_half/NCT03866564_inc.txt wurde erfolgreich geladen.
Die Daten wurden erfolgreich in '/work/eauten2s/ec_criteria_struct/lct/evaluate/eval_p3/model_output/Llama-3-8B-Instruct-Gradient-1048k_5_shot/output/Llama-3-8B-Instruct-Gradient-1048k_NCT03866564_inc_5_shot.json' gespeichert.
File: NCT03866590_exc 

Das File: /work/eauten2s/ec_criteria_struct/lct/input/lct_txt_half/NCT03866590_exc.txt wurde erfolgreich geladen.
Die Daten wurden erfolgreich in '/work/eauten2s/ec_criteria_struct/lct/evaluate/eval_p3/model_output/Llama-3-8B-Instruct-Gradient-1048k_5_shot/output/Llama-3-8B-Instruct-Gradient-1048k_NCT03866590_exc_5_shot.json' gespeichert.
File: NCT03866590_inc 

Das File: /work/eauten2s/ec_criteria_struct/lct/input/lct_txt_half/NCT03866590_inc.txt wurde erfolgreich geladen.
Die Daten wurden erfolgreich in '/work/eauten2s/ec_criteria_struct/lct/evaluate/eval_p3/model_output/Llama-3-8B-Instruct-Gradient-1048k_5_shot/output/Llama-3-8B-Instruct-Gradient-1048k_NCT03866590_inc_5_shot.json' gespeichert.
File: NCT03866603_exc 

Das File: /work/eauten2s/ec_criteria_struct/lct/input/lct_txt_half/NCT03866603_exc.txt wurde erfolgreich geladen.
Die Daten wurden erfolgreich in '/work/eauten2s/ec_criteria_struct/lct/evaluate/eval_p3/model_output/Llama-3-8B-Instruct-Gradient-1048k_5_shot/output/Llama-3-8B-Instruct-Gradient-1048k_NCT03866603_exc_5_shot.json' gespeichert.
File: NCT03866603_inc 

Das File: /work/eauten2s/ec_criteria_struct/lct/input/lct_txt_half/NCT03866603_inc.txt wurde erfolgreich geladen.
Die Daten wurden erfolgreich in '/work/eauten2s/ec_criteria_struct/lct/evaluate/eval_p3/model_output/Llama-3-8B-Instruct-Gradient-1048k_5_shot/output/Llama-3-8B-Instruct-Gradient-1048k_NCT03866603_inc_5_shot.json' gespeichert.
File: NCT03866642_exc 

Das File: /work/eauten2s/ec_criteria_struct/lct/input/lct_txt_half/NCT03866642_exc.txt wurde erfolgreich geladen.
Die Daten wurden erfolgreich in '/work/eauten2s/ec_criteria_struct/lct/evaluate/eval_p3/model_output/Llama-3-8B-Instruct-Gradient-1048k_5_shot/output/Llama-3-8B-Instruct-Gradient-1048k_NCT03866642_exc_5_shot.json' gespeichert.
File: NCT03866642_inc 

Das File: /work/eauten2s/ec_criteria_struct/lct/input/lct_txt_half/NCT03866642_inc.txt wurde erfolgreich geladen.
Die Daten wurden erfolgreich in '/work/eauten2s/ec_criteria_struct/lct/evaluate/eval_p3/model_output/Llama-3-8B-Instruct-Gradient-1048k_5_shot/output/Llama-3-8B-Instruct-Gradient-1048k_NCT03866642_inc_5_shot.json' gespeichert.
File: NCT03866655_exc 

Das File: /work/eauten2s/ec_criteria_struct/lct/input/lct_txt_half/NCT03866655_exc.txt wurde erfolgreich geladen.
Die Daten wurden erfolgreich in '/work/eauten2s/ec_criteria_struct/lct/evaluate/eval_p3/model_output/Llama-3-8B-Instruct-Gradient-1048k_5_shot/output/Llama-3-8B-Instruct-Gradient-1048k_NCT03866655_exc_5_shot.json' gespeichert.
File: NCT03866655_inc 

Das File: /work/eauten2s/ec_criteria_struct/lct/input/lct_txt_half/NCT03866655_inc.txt wurde erfolgreich geladen.
Die Daten wurden erfolgreich in '/work/eauten2s/ec_criteria_struct/lct/evaluate/eval_p3/model_output/Llama-3-8B-Instruct-Gradient-1048k_5_shot/output/Llama-3-8B-Instruct-Gradient-1048k_NCT03866655_inc_5_shot.json' gespeichert.
File: NCT03866668_exc 

Das File: /work/eauten2s/ec_criteria_struct/lct/input/lct_txt_half/NCT03866668_exc.txt wurde erfolgreich geladen.
Die Daten wurden erfolgreich in '/work/eauten2s/ec_criteria_struct/lct/evaluate/eval_p3/model_output/Llama-3-8B-Instruct-Gradient-1048k_5_shot/output/Llama-3-8B-Instruct-Gradient-1048k_NCT03866668_exc_5_shot.json' gespeichert.
File: NCT03866668_inc 

Das File: /work/eauten2s/ec_criteria_struct/lct/input/lct_txt_half/NCT03866668_inc.txt wurde erfolgreich geladen.
Die Daten wurden erfolgreich in '/work/eauten2s/ec_criteria_struct/lct/evaluate/eval_p3/model_output/Llama-3-8B-Instruct-Gradient-1048k_5_shot/output/Llama-3-8B-Instruct-Gradient-1048k_NCT03866668_inc_5_shot.json' gespeichert.
File: NCT03866681_exc 

Das File: /work/eauten2s/ec_criteria_struct/lct/input/lct_txt_half/NCT03866681_exc.txt wurde erfolgreich geladen.
Die Daten wurden erfolgreich in '/work/eauten2s/ec_criteria_struct/lct/evaluate/eval_p3/model_output/Llama-3-8B-Instruct-Gradient-1048k_5_shot/output/Llama-3-8B-Instruct-Gradient-1048k_NCT03866681_exc_5_shot.json' gespeichert.
File: NCT03866681_inc 

Das File: /work/eauten2s/ec_criteria_struct/lct/input/lct_txt_half/NCT03866681_inc.txt wurde erfolgreich geladen.
Die Daten wurden erfolgreich in '/work/eauten2s/ec_criteria_struct/lct/evaluate/eval_p3/model_output/Llama-3-8B-Instruct-Gradient-1048k_5_shot/output/Llama-3-8B-Instruct-Gradient-1048k_NCT03866681_inc_5_shot.json' gespeichert.
File: NCT03866707_inc 

Das File: /work/eauten2s/ec_criteria_struct/lct/input/lct_txt_half/NCT03866707_inc.txt wurde erfolgreich geladen.
Die Daten wurden erfolgreich in '/work/eauten2s/ec_criteria_struct/lct/evaluate/eval_p3/model_output/Llama-3-8B-Instruct-Gradient-1048k_5_shot/output/Llama-3-8B-Instruct-Gradient-1048k_NCT03866707_inc_5_shot.json' gespeichert.
File: NCT03866720_exc 

Das File: /work/eauten2s/ec_criteria_struct/lct/input/lct_txt_half/NCT03866720_exc.txt wurde erfolgreich geladen.
Die Daten wurden erfolgreich in '/work/eauten2s/ec_criteria_struct/lct/evaluate/eval_p3/model_output/Llama-3-8B-Instruct-Gradient-1048k_5_shot/output/Llama-3-8B-Instruct-Gradient-1048k_NCT03866720_exc_5_shot.json' gespeichert.
File: NCT03866720_inc 

Das File: /work/eauten2s/ec_criteria_struct/lct/input/lct_txt_half/NCT03866720_inc.txt wurde erfolgreich geladen.
Die Daten wurden erfolgreich in '/work/eauten2s/ec_criteria_struct/lct/evaluate/eval_p3/model_output/Llama-3-8B-Instruct-Gradient-1048k_5_shot/output/Llama-3-8B-Instruct-Gradient-1048k_NCT03866720_inc_5_shot.json' gespeichert.
File: NCT03866733_exc 

Das File: /work/eauten2s/ec_criteria_struct/lct/input/lct_txt_half/NCT03866733_exc.txt wurde erfolgreich geladen.
Die Daten wurden erfolgreich in '/work/eauten2s/ec_criteria_struct/lct/evaluate/eval_p3/model_output/Llama-3-8B-Instruct-Gradient-1048k_5_shot/output/Llama-3-8B-Instruct-Gradient-1048k_NCT03866733_exc_5_shot.json' gespeichert.
File: NCT03866733_inc 

Das File: /work/eauten2s/ec_criteria_struct/lct/input/lct_txt_half/NCT03866733_inc.txt wurde erfolgreich geladen.
Die Daten wurden erfolgreich in '/work/eauten2s/ec_criteria_struct/lct/evaluate/eval_p3/model_output/Llama-3-8B-Instruct-Gradient-1048k_5_shot/output/Llama-3-8B-Instruct-Gradient-1048k_NCT03866733_inc_5_shot.json' gespeichert.
File: NCT03866746_exc 

Das File: /work/eauten2s/ec_criteria_struct/lct/input/lct_txt_half/NCT03866746_exc.txt wurde erfolgreich geladen.
Die Daten wurden erfolgreich in '/work/eauten2s/ec_criteria_struct/lct/evaluate/eval_p3/model_output/Llama-3-8B-Instruct-Gradient-1048k_5_shot/output/Llama-3-8B-Instruct-Gradient-1048k_NCT03866746_exc_5_shot.json' gespeichert.
File: NCT03866746_inc 

Das File: /work/eauten2s/ec_criteria_struct/lct/input/lct_txt_half/NCT03866746_inc.txt wurde erfolgreich geladen.
Die Daten wurden erfolgreich in '/work/eauten2s/ec_criteria_struct/lct/evaluate/eval_p3/model_output/Llama-3-8B-Instruct-Gradient-1048k_5_shot/output/Llama-3-8B-Instruct-Gradient-1048k_NCT03866746_inc_5_shot.json' gespeichert.
File: NCT03866772_exc 

Das File: /work/eauten2s/ec_criteria_struct/lct/input/lct_txt_half/NCT03866772_exc.txt wurde erfolgreich geladen.
Die Daten wurden erfolgreich in '/work/eauten2s/ec_criteria_struct/lct/evaluate/eval_p3/model_output/Llama-3-8B-Instruct-Gradient-1048k_5_shot/output/Llama-3-8B-Instruct-Gradient-1048k_NCT03866772_exc_5_shot.json' gespeichert.
File: NCT03866772_inc 

Das File: /work/eauten2s/ec_criteria_struct/lct/input/lct_txt_half/NCT03866772_inc.txt wurde erfolgreich geladen.
Die Daten wurden erfolgreich in '/work/eauten2s/ec_criteria_struct/lct/evaluate/eval_p3/model_output/Llama-3-8B-Instruct-Gradient-1048k_5_shot/output/Llama-3-8B-Instruct-Gradient-1048k_NCT03866772_inc_5_shot.json' gespeichert.
File: NCT03866811_exc 

Das File: /work/eauten2s/ec_criteria_struct/lct/input/lct_txt_half/NCT03866811_exc.txt wurde erfolgreich geladen.
Die Daten wurden erfolgreich in '/work/eauten2s/ec_criteria_struct/lct/evaluate/eval_p3/model_output/Llama-3-8B-Instruct-Gradient-1048k_5_shot/output/Llama-3-8B-Instruct-Gradient-1048k_NCT03866811_exc_5_shot.json' gespeichert.
File: NCT03866811_inc 

Das File: /work/eauten2s/ec_criteria_struct/lct/input/lct_txt_half/NCT03866811_inc.txt wurde erfolgreich geladen.
Die Daten wurden erfolgreich in '/work/eauten2s/ec_criteria_struct/lct/evaluate/eval_p3/model_output/Llama-3-8B-Instruct-Gradient-1048k_5_shot/output/Llama-3-8B-Instruct-Gradient-1048k_NCT03866811_inc_5_shot.json' gespeichert.
File: NCT03866824_exc 

Das File: /work/eauten2s/ec_criteria_struct/lct/input/lct_txt_half/NCT03866824_exc.txt wurde erfolgreich geladen.
Die Daten wurden erfolgreich in '/work/eauten2s/ec_criteria_struct/lct/evaluate/eval_p3/model_output/Llama-3-8B-Instruct-Gradient-1048k_5_shot/output/Llama-3-8B-Instruct-Gradient-1048k_NCT03866824_exc_5_shot.json' gespeichert.
File: NCT03866824_inc 

Das File: /work/eauten2s/ec_criteria_struct/lct/input/lct_txt_half/NCT03866824_inc.txt wurde erfolgreich geladen.
Die Daten wurden erfolgreich in '/work/eauten2s/ec_criteria_struct/lct/evaluate/eval_p3/model_output/Llama-3-8B-Instruct-Gradient-1048k_5_shot/output/Llama-3-8B-Instruct-Gradient-1048k_NCT03866824_inc_5_shot.json' gespeichert.
File: NCT03866837_exc 

Das File: /work/eauten2s/ec_criteria_struct/lct/input/lct_txt_half/NCT03866837_exc.txt wurde erfolgreich geladen.
Die Daten wurden erfolgreich in '/work/eauten2s/ec_criteria_struct/lct/evaluate/eval_p3/model_output/Llama-3-8B-Instruct-Gradient-1048k_5_shot/output/Llama-3-8B-Instruct-Gradient-1048k_NCT03866837_exc_5_shot.json' gespeichert.
File: NCT03866837_inc 

Das File: /work/eauten2s/ec_criteria_struct/lct/input/lct_txt_half/NCT03866837_inc.txt wurde erfolgreich geladen.
Die Daten wurden erfolgreich in '/work/eauten2s/ec_criteria_struct/lct/evaluate/eval_p3/model_output/Llama-3-8B-Instruct-Gradient-1048k_5_shot/output/Llama-3-8B-Instruct-Gradient-1048k_NCT03866837_inc_5_shot.json' gespeichert.
File: NCT03866850_exc 

Das File: /work/eauten2s/ec_criteria_struct/lct/input/lct_txt_half/NCT03866850_exc.txt wurde erfolgreich geladen.
Die Daten wurden erfolgreich in '/work/eauten2s/ec_criteria_struct/lct/evaluate/eval_p3/model_output/Llama-3-8B-Instruct-Gradient-1048k_5_shot/output/Llama-3-8B-Instruct-Gradient-1048k_NCT03866850_exc_5_shot.json' gespeichert.
File: NCT03866850_inc 

Das File: /work/eauten2s/ec_criteria_struct/lct/input/lct_txt_half/NCT03866850_inc.txt wurde erfolgreich geladen.
Die Daten wurden erfolgreich in '/work/eauten2s/ec_criteria_struct/lct/evaluate/eval_p3/model_output/Llama-3-8B-Instruct-Gradient-1048k_5_shot/output/Llama-3-8B-Instruct-Gradient-1048k_NCT03866850_inc_5_shot.json' gespeichert.
File: NCT03866863_exc 

Das File: /work/eauten2s/ec_criteria_struct/lct/input/lct_txt_half/NCT03866863_exc.txt wurde erfolgreich geladen.
Die Daten wurden erfolgreich in '/work/eauten2s/ec_criteria_struct/lct/evaluate/eval_p3/model_output/Llama-3-8B-Instruct-Gradient-1048k_5_shot/output/Llama-3-8B-Instruct-Gradient-1048k_NCT03866863_exc_5_shot.json' gespeichert.
File: NCT03866863_inc 

Das File: /work/eauten2s/ec_criteria_struct/lct/input/lct_txt_half/NCT03866863_inc.txt wurde erfolgreich geladen.
Die Daten wurden erfolgreich in '/work/eauten2s/ec_criteria_struct/lct/evaluate/eval_p3/model_output/Llama-3-8B-Instruct-Gradient-1048k_5_shot/output/Llama-3-8B-Instruct-Gradient-1048k_NCT03866863_inc_5_shot.json' gespeichert.
File: NCT03866876_exc 

Das File: /work/eauten2s/ec_criteria_struct/lct/input/lct_txt_half/NCT03866876_exc.txt wurde erfolgreich geladen.
Die Daten wurden erfolgreich in '/work/eauten2s/ec_criteria_struct/lct/evaluate/eval_p3/model_output/Llama-3-8B-Instruct-Gradient-1048k_5_shot/output/Llama-3-8B-Instruct-Gradient-1048k_NCT03866876_exc_5_shot.json' gespeichert.
File: NCT03866876_inc 

Das File: /work/eauten2s/ec_criteria_struct/lct/input/lct_txt_half/NCT03866876_inc.txt wurde erfolgreich geladen.
Die Daten wurden erfolgreich in '/work/eauten2s/ec_criteria_struct/lct/evaluate/eval_p3/model_output/Llama-3-8B-Instruct-Gradient-1048k_5_shot/output/Llama-3-8B-Instruct-Gradient-1048k_NCT03866876_inc_5_shot.json' gespeichert.
File: NCT03866889_exc 

Das File: /work/eauten2s/ec_criteria_struct/lct/input/lct_txt_half/NCT03866889_exc.txt wurde erfolgreich geladen.
Die Daten wurden erfolgreich in '/work/eauten2s/ec_criteria_struct/lct/evaluate/eval_p3/model_output/Llama-3-8B-Instruct-Gradient-1048k_5_shot/output/Llama-3-8B-Instruct-Gradient-1048k_NCT03866889_exc_5_shot.json' gespeichert.
File: NCT03866889_inc 

Das File: /work/eauten2s/ec_criteria_struct/lct/input/lct_txt_half/NCT03866889_inc.txt wurde erfolgreich geladen.
Die Daten wurden erfolgreich in '/work/eauten2s/ec_criteria_struct/lct/evaluate/eval_p3/model_output/Llama-3-8B-Instruct-Gradient-1048k_5_shot/output/Llama-3-8B-Instruct-Gradient-1048k_NCT03866889_inc_5_shot.json' gespeichert.
File: NCT03866902_exc 

Das File: /work/eauten2s/ec_criteria_struct/lct/input/lct_txt_half/NCT03866902_exc.txt wurde erfolgreich geladen.
Die Daten wurden erfolgreich in '/work/eauten2s/ec_criteria_struct/lct/evaluate/eval_p3/model_output/Llama-3-8B-Instruct-Gradient-1048k_5_shot/output/Llama-3-8B-Instruct-Gradient-1048k_NCT03866902_exc_5_shot.json' gespeichert.
File: NCT03866902_inc 

Das File: /work/eauten2s/ec_criteria_struct/lct/input/lct_txt_half/NCT03866902_inc.txt wurde erfolgreich geladen.
Die Daten wurden erfolgreich in '/work/eauten2s/ec_criteria_struct/lct/evaluate/eval_p3/model_output/Llama-3-8B-Instruct-Gradient-1048k_5_shot/output/Llama-3-8B-Instruct-Gradient-1048k_NCT03866902_inc_5_shot.json' gespeichert.
File: NCT03866915_exc 

Das File: /work/eauten2s/ec_criteria_struct/lct/input/lct_txt_half/NCT03866915_exc.txt wurde erfolgreich geladen.
Die Daten wurden erfolgreich in '/work/eauten2s/ec_criteria_struct/lct/evaluate/eval_p3/model_output/Llama-3-8B-Instruct-Gradient-1048k_5_shot/output/Llama-3-8B-Instruct-Gradient-1048k_NCT03866915_exc_5_shot.json' gespeichert.
File: NCT03866915_inc 

Das File: /work/eauten2s/ec_criteria_struct/lct/input/lct_txt_half/NCT03866915_inc.txt wurde erfolgreich geladen.
Die Daten wurden erfolgreich in '/work/eauten2s/ec_criteria_struct/lct/evaluate/eval_p3/model_output/Llama-3-8B-Instruct-Gradient-1048k_5_shot/output/Llama-3-8B-Instruct-Gradient-1048k_NCT03866915_inc_5_shot.json' gespeichert.
File: NCT03866941_exc 

Das File: /work/eauten2s/ec_criteria_struct/lct/input/lct_txt_half/NCT03866941_exc.txt wurde erfolgreich geladen.
Die Daten wurden erfolgreich in '/work/eauten2s/ec_criteria_struct/lct/evaluate/eval_p3/model_output/Llama-3-8B-Instruct-Gradient-1048k_5_shot/output/Llama-3-8B-Instruct-Gradient-1048k_NCT03866941_exc_5_shot.json' gespeichert.
File: NCT03866941_inc 

Das File: /work/eauten2s/ec_criteria_struct/lct/input/lct_txt_half/NCT03866941_inc.txt wurde erfolgreich geladen.
Die Daten wurden erfolgreich in '/work/eauten2s/ec_criteria_struct/lct/evaluate/eval_p3/model_output/Llama-3-8B-Instruct-Gradient-1048k_5_shot/output/Llama-3-8B-Instruct-Gradient-1048k_NCT03866941_inc_5_shot.json' gespeichert.
File: NCT03867019_exc 

Das File: /work/eauten2s/ec_criteria_struct/lct/input/lct_txt_half/NCT03867019_exc.txt wurde erfolgreich geladen.
Die Daten wurden erfolgreich in '/work/eauten2s/ec_criteria_struct/lct/evaluate/eval_p3/model_output/Llama-3-8B-Instruct-Gradient-1048k_5_shot/output/Llama-3-8B-Instruct-Gradient-1048k_NCT03867019_exc_5_shot.json' gespeichert.
File: NCT03867019_inc 

Das File: /work/eauten2s/ec_criteria_struct/lct/input/lct_txt_half/NCT03867019_inc.txt wurde erfolgreich geladen.
Die Daten wurden erfolgreich in '/work/eauten2s/ec_criteria_struct/lct/evaluate/eval_p3/model_output/Llama-3-8B-Instruct-Gradient-1048k_5_shot/output/Llama-3-8B-Instruct-Gradient-1048k_NCT03867019_inc_5_shot.json' gespeichert.
File: NCT03867032_exc 

Das File: /work/eauten2s/ec_criteria_struct/lct/input/lct_txt_half/NCT03867032_exc.txt wurde erfolgreich geladen.
Die Daten wurden erfolgreich in '/work/eauten2s/ec_criteria_struct/lct/evaluate/eval_p3/model_output/Llama-3-8B-Instruct-Gradient-1048k_5_shot/output/Llama-3-8B-Instruct-Gradient-1048k_NCT03867032_exc_5_shot.json' gespeichert.
File: NCT03867032_inc 

Das File: /work/eauten2s/ec_criteria_struct/lct/input/lct_txt_half/NCT03867032_inc.txt wurde erfolgreich geladen.
Die Daten wurden erfolgreich in '/work/eauten2s/ec_criteria_struct/lct/evaluate/eval_p3/model_output/Llama-3-8B-Instruct-Gradient-1048k_5_shot/output/Llama-3-8B-Instruct-Gradient-1048k_NCT03867032_inc_5_shot.json' gespeichert.
File: NCT03867058_exc 

Das File: /work/eauten2s/ec_criteria_struct/lct/input/lct_txt_half/NCT03867058_exc.txt wurde erfolgreich geladen.
Die Daten wurden erfolgreich in '/work/eauten2s/ec_criteria_struct/lct/evaluate/eval_p3/model_output/Llama-3-8B-Instruct-Gradient-1048k_5_shot/output/Llama-3-8B-Instruct-Gradient-1048k_NCT03867058_exc_5_shot.json' gespeichert.
File: NCT03867058_inc 

Das File: /work/eauten2s/ec_criteria_struct/lct/input/lct_txt_half/NCT03867058_inc.txt wurde erfolgreich geladen.
Die Daten wurden erfolgreich in '/work/eauten2s/ec_criteria_struct/lct/evaluate/eval_p3/model_output/Llama-3-8B-Instruct-Gradient-1048k_5_shot/output/Llama-3-8B-Instruct-Gradient-1048k_NCT03867058_inc_5_shot.json' gespeichert.
File: NCT03867071_exc 

Das File: /work/eauten2s/ec_criteria_struct/lct/input/lct_txt_half/NCT03867071_exc.txt wurde erfolgreich geladen.
Die Daten wurden erfolgreich in '/work/eauten2s/ec_criteria_struct/lct/evaluate/eval_p3/model_output/Llama-3-8B-Instruct-Gradient-1048k_5_shot/output/Llama-3-8B-Instruct-Gradient-1048k_NCT03867071_exc_5_shot.json' gespeichert.
File: NCT03867071_inc 

Das File: /work/eauten2s/ec_criteria_struct/lct/input/lct_txt_half/NCT03867071_inc.txt wurde erfolgreich geladen.
Die Daten wurden erfolgreich in '/work/eauten2s/ec_criteria_struct/lct/evaluate/eval_p3/model_output/Llama-3-8B-Instruct-Gradient-1048k_5_shot/output/Llama-3-8B-Instruct-Gradient-1048k_NCT03867071_inc_5_shot.json' gespeichert.
File: NCT03867188_exc 

Das File: /work/eauten2s/ec_criteria_struct/lct/input/lct_txt_half/NCT03867188_exc.txt wurde erfolgreich geladen.
Die Daten wurden erfolgreich in '/work/eauten2s/ec_criteria_struct/lct/evaluate/eval_p3/model_output/Llama-3-8B-Instruct-Gradient-1048k_5_shot/output/Llama-3-8B-Instruct-Gradient-1048k_NCT03867188_exc_5_shot.json' gespeichert.
File: NCT03867188_inc 

Das File: /work/eauten2s/ec_criteria_struct/lct/input/lct_txt_half/NCT03867188_inc.txt wurde erfolgreich geladen.
Die Daten wurden erfolgreich in '/work/eauten2s/ec_criteria_struct/lct/evaluate/eval_p3/model_output/Llama-3-8B-Instruct-Gradient-1048k_5_shot/output/Llama-3-8B-Instruct-Gradient-1048k_NCT03867188_inc_5_shot.json' gespeichert.
File: NCT03867201_exc 

Das File: /work/eauten2s/ec_criteria_struct/lct/input/lct_txt_half/NCT03867201_exc.txt wurde erfolgreich geladen.
Die Daten wurden erfolgreich in '/work/eauten2s/ec_criteria_struct/lct/evaluate/eval_p3/model_output/Llama-3-8B-Instruct-Gradient-1048k_5_shot/output/Llama-3-8B-Instruct-Gradient-1048k_NCT03867201_exc_5_shot.json' gespeichert.
File: NCT03867201_inc 

Das File: /work/eauten2s/ec_criteria_struct/lct/input/lct_txt_half/NCT03867201_inc.txt wurde erfolgreich geladen.
Die Daten wurden erfolgreich in '/work/eauten2s/ec_criteria_struct/lct/evaluate/eval_p3/model_output/Llama-3-8B-Instruct-Gradient-1048k_5_shot/output/Llama-3-8B-Instruct-Gradient-1048k_NCT03867201_inc_5_shot.json' gespeichert.
File: NCT03867214_exc 

Das File: /work/eauten2s/ec_criteria_struct/lct/input/lct_txt_half/NCT03867214_exc.txt wurde erfolgreich geladen.
Die Daten wurden erfolgreich in '/work/eauten2s/ec_criteria_struct/lct/evaluate/eval_p3/model_output/Llama-3-8B-Instruct-Gradient-1048k_5_shot/output/Llama-3-8B-Instruct-Gradient-1048k_NCT03867214_exc_5_shot.json' gespeichert.
File: NCT03867214_inc 

Das File: /work/eauten2s/ec_criteria_struct/lct/input/lct_txt_half/NCT03867214_inc.txt wurde erfolgreich geladen.
Die Daten wurden erfolgreich in '/work/eauten2s/ec_criteria_struct/lct/evaluate/eval_p3/model_output/Llama-3-8B-Instruct-Gradient-1048k_5_shot/output/Llama-3-8B-Instruct-Gradient-1048k_NCT03867214_inc_5_shot.json' gespeichert.
File: NCT03867227_exc 

Das File: /work/eauten2s/ec_criteria_struct/lct/input/lct_txt_half/NCT03867227_exc.txt wurde erfolgreich geladen.
Die Daten wurden erfolgreich in '/work/eauten2s/ec_criteria_struct/lct/evaluate/eval_p3/model_output/Llama-3-8B-Instruct-Gradient-1048k_5_shot/output/Llama-3-8B-Instruct-Gradient-1048k_NCT03867227_exc_5_shot.json' gespeichert.
File: NCT03867227_inc 

Das File: /work/eauten2s/ec_criteria_struct/lct/input/lct_txt_half/NCT03867227_inc.txt wurde erfolgreich geladen.
Die Daten wurden erfolgreich in '/work/eauten2s/ec_criteria_struct/lct/evaluate/eval_p3/model_output/Llama-3-8B-Instruct-Gradient-1048k_5_shot/output/Llama-3-8B-Instruct-Gradient-1048k_NCT03867227_inc_5_shot.json' gespeichert.
File: NCT03867240_exc 

Das File: /work/eauten2s/ec_criteria_struct/lct/input/lct_txt_half/NCT03867240_exc.txt wurde erfolgreich geladen.
Die Daten wurden erfolgreich in '/work/eauten2s/ec_criteria_struct/lct/evaluate/eval_p3/model_output/Llama-3-8B-Instruct-Gradient-1048k_5_shot/output/Llama-3-8B-Instruct-Gradient-1048k_NCT03867240_exc_5_shot.json' gespeichert.
File: NCT03867240_inc 

Das File: /work/eauten2s/ec_criteria_struct/lct/input/lct_txt_half/NCT03867240_inc.txt wurde erfolgreich geladen.
Die Daten wurden erfolgreich in '/work/eauten2s/ec_criteria_struct/lct/evaluate/eval_p3/model_output/Llama-3-8B-Instruct-Gradient-1048k_5_shot/output/Llama-3-8B-Instruct-Gradient-1048k_NCT03867240_inc_5_shot.json' gespeichert.
File: NCT03867266_exc 

Das File: /work/eauten2s/ec_criteria_struct/lct/input/lct_txt_half/NCT03867266_exc.txt wurde erfolgreich geladen.
Die Daten wurden erfolgreich in '/work/eauten2s/ec_criteria_struct/lct/evaluate/eval_p3/model_output/Llama-3-8B-Instruct-Gradient-1048k_5_shot/output/Llama-3-8B-Instruct-Gradient-1048k_NCT03867266_exc_5_shot.json' gespeichert.
File: NCT03867266_inc 

Das File: /work/eauten2s/ec_criteria_struct/lct/input/lct_txt_half/NCT03867266_inc.txt wurde erfolgreich geladen.
Die Daten wurden erfolgreich in '/work/eauten2s/ec_criteria_struct/lct/evaluate/eval_p3/model_output/Llama-3-8B-Instruct-Gradient-1048k_5_shot/output/Llama-3-8B-Instruct-Gradient-1048k_NCT03867266_inc_5_shot.json' gespeichert.
File: NCT03867279_exc 

Das File: /work/eauten2s/ec_criteria_struct/lct/input/lct_txt_half/NCT03867279_exc.txt wurde erfolgreich geladen.
Die Daten wurden erfolgreich in '/work/eauten2s/ec_criteria_struct/lct/evaluate/eval_p3/model_output/Llama-3-8B-Instruct-Gradient-1048k_5_shot/output/Llama-3-8B-Instruct-Gradient-1048k_NCT03867279_exc_5_shot.json' gespeichert.
File: NCT03867279_inc 

Das File: /work/eauten2s/ec_criteria_struct/lct/input/lct_txt_half/NCT03867279_inc.txt wurde erfolgreich geladen.
Die Daten wurden erfolgreich in '/work/eauten2s/ec_criteria_struct/lct/evaluate/eval_p3/model_output/Llama-3-8B-Instruct-Gradient-1048k_5_shot/output/Llama-3-8B-Instruct-Gradient-1048k_NCT03867279_inc_5_shot.json' gespeichert.
File: NCT03867292_exc 

Das File: /work/eauten2s/ec_criteria_struct/lct/input/lct_txt_half/NCT03867292_exc.txt wurde erfolgreich geladen.
Die Daten wurden erfolgreich in '/work/eauten2s/ec_criteria_struct/lct/evaluate/eval_p3/model_output/Llama-3-8B-Instruct-Gradient-1048k_5_shot/output/Llama-3-8B-Instruct-Gradient-1048k_NCT03867292_exc_5_shot.json' gespeichert.
File: NCT03867292_inc 

Das File: /work/eauten2s/ec_criteria_struct/lct/input/lct_txt_half/NCT03867292_inc.txt wurde erfolgreich geladen.
Die Daten wurden erfolgreich in '/work/eauten2s/ec_criteria_struct/lct/evaluate/eval_p3/model_output/Llama-3-8B-Instruct-Gradient-1048k_5_shot/output/Llama-3-8B-Instruct-Gradient-1048k_NCT03867292_inc_5_shot.json' gespeichert.
File: NCT03867305_exc 

Das File: /work/eauten2s/ec_criteria_struct/lct/input/lct_txt_half/NCT03867305_exc.txt wurde erfolgreich geladen.
Die Daten wurden erfolgreich in '/work/eauten2s/ec_criteria_struct/lct/evaluate/eval_p3/model_output/Llama-3-8B-Instruct-Gradient-1048k_5_shot/output/Llama-3-8B-Instruct-Gradient-1048k_NCT03867305_exc_5_shot.json' gespeichert.
File: NCT03867305_inc 

Das File: /work/eauten2s/ec_criteria_struct/lct/input/lct_txt_half/NCT03867305_inc.txt wurde erfolgreich geladen.
Die Daten wurden erfolgreich in '/work/eauten2s/ec_criteria_struct/lct/evaluate/eval_p3/model_output/Llama-3-8B-Instruct-Gradient-1048k_5_shot/output/Llama-3-8B-Instruct-Gradient-1048k_NCT03867305_inc_5_shot.json' gespeichert.
File: NCT03867344_exc 

Das File: /work/eauten2s/ec_criteria_struct/lct/input/lct_txt_half/NCT03867344_exc.txt wurde erfolgreich geladen.
Die Daten wurden erfolgreich in '/work/eauten2s/ec_criteria_struct/lct/evaluate/eval_p3/model_output/Llama-3-8B-Instruct-Gradient-1048k_5_shot/output/Llama-3-8B-Instruct-Gradient-1048k_NCT03867344_exc_5_shot.json' gespeichert.
File: NCT03867344_inc 

Das File: /work/eauten2s/ec_criteria_struct/lct/input/lct_txt_half/NCT03867344_inc.txt wurde erfolgreich geladen.
Die Daten wurden erfolgreich in '/work/eauten2s/ec_criteria_struct/lct/evaluate/eval_p3/model_output/Llama-3-8B-Instruct-Gradient-1048k_5_shot/output/Llama-3-8B-Instruct-Gradient-1048k_NCT03867344_inc_5_shot.json' gespeichert.
File: NCT03867370_exc 

Das File: /work/eauten2s/ec_criteria_struct/lct/input/lct_txt_half/NCT03867370_exc.txt wurde erfolgreich geladen.
Die Daten wurden erfolgreich in '/work/eauten2s/ec_criteria_struct/lct/evaluate/eval_p3/model_output/Llama-3-8B-Instruct-Gradient-1048k_5_shot/output/Llama-3-8B-Instruct-Gradient-1048k_NCT03867370_exc_5_shot.json' gespeichert.
File: NCT03867370_inc 

Das File: /work/eauten2s/ec_criteria_struct/lct/input/lct_txt_half/NCT03867370_inc.txt wurde erfolgreich geladen.
Die Daten wurden erfolgreich in '/work/eauten2s/ec_criteria_struct/lct/evaluate/eval_p3/model_output/Llama-3-8B-Instruct-Gradient-1048k_5_shot/output/Llama-3-8B-Instruct-Gradient-1048k_NCT03867370_inc_5_shot.json' gespeichert.
File: NCT03867396_exc 

Das File: /work/eauten2s/ec_criteria_struct/lct/input/lct_txt_half/NCT03867396_exc.txt wurde erfolgreich geladen.
Die Daten wurden erfolgreich in '/work/eauten2s/ec_criteria_struct/lct/evaluate/eval_p3/model_output/Llama-3-8B-Instruct-Gradient-1048k_5_shot/output/Llama-3-8B-Instruct-Gradient-1048k_NCT03867396_exc_5_shot.json' gespeichert.
File: NCT03867396_inc 

Das File: /work/eauten2s/ec_criteria_struct/lct/input/lct_txt_half/NCT03867396_inc.txt wurde erfolgreich geladen.
Die Daten wurden erfolgreich in '/work/eauten2s/ec_criteria_struct/lct/evaluate/eval_p3/model_output/Llama-3-8B-Instruct-Gradient-1048k_5_shot/output/Llama-3-8B-Instruct-Gradient-1048k_NCT03867396_inc_5_shot.json' gespeichert.
File: NCT03867409_exc 

Das File: /work/eauten2s/ec_criteria_struct/lct/input/lct_txt_half/NCT03867409_exc.txt wurde erfolgreich geladen.
Die Daten wurden erfolgreich in '/work/eauten2s/ec_criteria_struct/lct/evaluate/eval_p3/model_output/Llama-3-8B-Instruct-Gradient-1048k_5_shot/output/Llama-3-8B-Instruct-Gradient-1048k_NCT03867409_exc_5_shot.json' gespeichert.
File: NCT03867409_inc 

Das File: /work/eauten2s/ec_criteria_struct/lct/input/lct_txt_half/NCT03867409_inc.txt wurde erfolgreich geladen.
Die Daten wurden erfolgreich in '/work/eauten2s/ec_criteria_struct/lct/evaluate/eval_p3/model_output/Llama-3-8B-Instruct-Gradient-1048k_5_shot/output/Llama-3-8B-Instruct-Gradient-1048k_NCT03867409_inc_5_shot.json' gespeichert.
File: NCT03867422_exc 

Das File: /work/eauten2s/ec_criteria_struct/lct/input/lct_txt_half/NCT03867422_exc.txt wurde erfolgreich geladen.
Die Daten wurden erfolgreich in '/work/eauten2s/ec_criteria_struct/lct/evaluate/eval_p3/model_output/Llama-3-8B-Instruct-Gradient-1048k_5_shot/output/Llama-3-8B-Instruct-Gradient-1048k_NCT03867422_exc_5_shot.json' gespeichert.
File: NCT03867422_inc 

Das File: /work/eauten2s/ec_criteria_struct/lct/input/lct_txt_half/NCT03867422_inc.txt wurde erfolgreich geladen.
Die Daten wurden erfolgreich in '/work/eauten2s/ec_criteria_struct/lct/evaluate/eval_p3/model_output/Llama-3-8B-Instruct-Gradient-1048k_5_shot/output/Llama-3-8B-Instruct-Gradient-1048k_NCT03867422_inc_5_shot.json' gespeichert.
File: NCT03867461_inc 

Das File: /work/eauten2s/ec_criteria_struct/lct/input/lct_txt_half/NCT03867461_inc.txt wurde erfolgreich geladen.
Die Daten wurden erfolgreich in '/work/eauten2s/ec_criteria_struct/lct/evaluate/eval_p3/model_output/Llama-3-8B-Instruct-Gradient-1048k_5_shot/output/Llama-3-8B-Instruct-Gradient-1048k_NCT03867461_inc_5_shot.json' gespeichert.
File: NCT03867474_exc 

Das File: /work/eauten2s/ec_criteria_struct/lct/input/lct_txt_half/NCT03867474_exc.txt wurde erfolgreich geladen.
Die Daten wurden erfolgreich in '/work/eauten2s/ec_criteria_struct/lct/evaluate/eval_p3/model_output/Llama-3-8B-Instruct-Gradient-1048k_5_shot/output/Llama-3-8B-Instruct-Gradient-1048k_NCT03867474_exc_5_shot.json' gespeichert.
File: NCT03867500_exc 

Das File: /work/eauten2s/ec_criteria_struct/lct/input/lct_txt_half/NCT03867500_exc.txt wurde erfolgreich geladen.
Die Daten wurden erfolgreich in '/work/eauten2s/ec_criteria_struct/lct/evaluate/eval_p3/model_output/Llama-3-8B-Instruct-Gradient-1048k_5_shot/output/Llama-3-8B-Instruct-Gradient-1048k_NCT03867500_exc_5_shot.json' gespeichert.
File: NCT03867500_inc 

Das File: /work/eauten2s/ec_criteria_struct/lct/input/lct_txt_half/NCT03867500_inc.txt wurde erfolgreich geladen.
Die Daten wurden erfolgreich in '/work/eauten2s/ec_criteria_struct/lct/evaluate/eval_p3/model_output/Llama-3-8B-Instruct-Gradient-1048k_5_shot/output/Llama-3-8B-Instruct-Gradient-1048k_NCT03867500_inc_5_shot.json' gespeichert.
File: NCT03867526_exc 

Das File: /work/eauten2s/ec_criteria_struct/lct/input/lct_txt_half/NCT03867526_exc.txt wurde erfolgreich geladen.
Die Daten wurden erfolgreich in '/work/eauten2s/ec_criteria_struct/lct/evaluate/eval_p3/model_output/Llama-3-8B-Instruct-Gradient-1048k_5_shot/output/Llama-3-8B-Instruct-Gradient-1048k_NCT03867526_exc_5_shot.json' gespeichert.
File: NCT03867526_inc 

Das File: /work/eauten2s/ec_criteria_struct/lct/input/lct_txt_half/NCT03867526_inc.txt wurde erfolgreich geladen.
Die Daten wurden erfolgreich in '/work/eauten2s/ec_criteria_struct/lct/evaluate/eval_p3/model_output/Llama-3-8B-Instruct-Gradient-1048k_5_shot/output/Llama-3-8B-Instruct-Gradient-1048k_NCT03867526_inc_5_shot.json' gespeichert.
File: NCT03867539_exc 

Das File: /work/eauten2s/ec_criteria_struct/lct/input/lct_txt_half/NCT03867539_exc.txt wurde erfolgreich geladen.
Die Daten wurden erfolgreich in '/work/eauten2s/ec_criteria_struct/lct/evaluate/eval_p3/model_output/Llama-3-8B-Instruct-Gradient-1048k_5_shot/output/Llama-3-8B-Instruct-Gradient-1048k_NCT03867539_exc_5_shot.json' gespeichert.
File: NCT03867539_inc 

Das File: /work/eauten2s/ec_criteria_struct/lct/input/lct_txt_half/NCT03867539_inc.txt wurde erfolgreich geladen.
Die Daten wurden erfolgreich in '/work/eauten2s/ec_criteria_struct/lct/evaluate/eval_p3/model_output/Llama-3-8B-Instruct-Gradient-1048k_5_shot/output/Llama-3-8B-Instruct-Gradient-1048k_NCT03867539_inc_5_shot.json' gespeichert.
File: NCT03867552_exc 

Das File: /work/eauten2s/ec_criteria_struct/lct/input/lct_txt_half/NCT03867552_exc.txt wurde erfolgreich geladen.
Die Daten wurden erfolgreich in '/work/eauten2s/ec_criteria_struct/lct/evaluate/eval_p3/model_output/Llama-3-8B-Instruct-Gradient-1048k_5_shot/output/Llama-3-8B-Instruct-Gradient-1048k_NCT03867552_exc_5_shot.json' gespeichert.
File: NCT03867552_inc 

Das File: /work/eauten2s/ec_criteria_struct/lct/input/lct_txt_half/NCT03867552_inc.txt wurde erfolgreich geladen.
Die Daten wurden erfolgreich in '/work/eauten2s/ec_criteria_struct/lct/evaluate/eval_p3/model_output/Llama-3-8B-Instruct-Gradient-1048k_5_shot/output/Llama-3-8B-Instruct-Gradient-1048k_NCT03867552_inc_5_shot.json' gespeichert.
File: NCT03867565_exc 

Das File: /work/eauten2s/ec_criteria_struct/lct/input/lct_txt_half/NCT03867565_exc.txt wurde erfolgreich geladen.
Die Daten wurden erfolgreich in '/work/eauten2s/ec_criteria_struct/lct/evaluate/eval_p3/model_output/Llama-3-8B-Instruct-Gradient-1048k_5_shot/output/Llama-3-8B-Instruct-Gradient-1048k_NCT03867565_exc_5_shot.json' gespeichert.
File: NCT03867565_inc 

Das File: /work/eauten2s/ec_criteria_struct/lct/input/lct_txt_half/NCT03867565_inc.txt wurde erfolgreich geladen.
Die Daten wurden erfolgreich in '/work/eauten2s/ec_criteria_struct/lct/evaluate/eval_p3/model_output/Llama-3-8B-Instruct-Gradient-1048k_5_shot/output/Llama-3-8B-Instruct-Gradient-1048k_NCT03867565_inc_5_shot.json' gespeichert.
File: NCT03867591_exc 

Das File: /work/eauten2s/ec_criteria_struct/lct/input/lct_txt_half/NCT03867591_exc.txt wurde erfolgreich geladen.
Die Daten wurden erfolgreich in '/work/eauten2s/ec_criteria_struct/lct/evaluate/eval_p3/model_output/Llama-3-8B-Instruct-Gradient-1048k_5_shot/output/Llama-3-8B-Instruct-Gradient-1048k_NCT03867591_exc_5_shot.json' gespeichert.
File: NCT03867591_inc 

Das File: /work/eauten2s/ec_criteria_struct/lct/input/lct_txt_half/NCT03867591_inc.txt wurde erfolgreich geladen.
Die Daten wurden erfolgreich in '/work/eauten2s/ec_criteria_struct/lct/evaluate/eval_p3/model_output/Llama-3-8B-Instruct-Gradient-1048k_5_shot/output/Llama-3-8B-Instruct-Gradient-1048k_NCT03867591_inc_5_shot.json' gespeichert.
File: NCT03867604_exc 

Das File: /work/eauten2s/ec_criteria_struct/lct/input/lct_txt_half/NCT03867604_exc.txt wurde erfolgreich geladen.
Die Daten wurden erfolgreich in '/work/eauten2s/ec_criteria_struct/lct/evaluate/eval_p3/model_output/Llama-3-8B-Instruct-Gradient-1048k_5_shot/output/Llama-3-8B-Instruct-Gradient-1048k_NCT03867604_exc_5_shot.json' gespeichert.
File: NCT03867604_inc 

Das File: /work/eauten2s/ec_criteria_struct/lct/input/lct_txt_half/NCT03867604_inc.txt wurde erfolgreich geladen.
Die Daten wurden erfolgreich in '/work/eauten2s/ec_criteria_struct/lct/evaluate/eval_p3/model_output/Llama-3-8B-Instruct-Gradient-1048k_5_shot/output/Llama-3-8B-Instruct-Gradient-1048k_NCT03867604_inc_5_shot.json' gespeichert.
File: NCT03867617_exc 

Das File: /work/eauten2s/ec_criteria_struct/lct/input/lct_txt_half/NCT03867617_exc.txt wurde erfolgreich geladen.
Die Daten wurden erfolgreich in '/work/eauten2s/ec_criteria_struct/lct/evaluate/eval_p3/model_output/Llama-3-8B-Instruct-Gradient-1048k_5_shot/output/Llama-3-8B-Instruct-Gradient-1048k_NCT03867617_exc_5_shot.json' gespeichert.
File: NCT03867617_inc 

Das File: /work/eauten2s/ec_criteria_struct/lct/input/lct_txt_half/NCT03867617_inc.txt wurde erfolgreich geladen.
Die Daten wurden erfolgreich in '/work/eauten2s/ec_criteria_struct/lct/evaluate/eval_p3/model_output/Llama-3-8B-Instruct-Gradient-1048k_5_shot/output/Llama-3-8B-Instruct-Gradient-1048k_NCT03867617_inc_5_shot.json' gespeichert.
File: NCT03867630_exc 

Das File: /work/eauten2s/ec_criteria_struct/lct/input/lct_txt_half/NCT03867630_exc.txt wurde erfolgreich geladen.
Die Daten wurden erfolgreich in '/work/eauten2s/ec_criteria_struct/lct/evaluate/eval_p3/model_output/Llama-3-8B-Instruct-Gradient-1048k_5_shot/output/Llama-3-8B-Instruct-Gradient-1048k_NCT03867630_exc_5_shot.json' gespeichert.
File: NCT03867630_inc 

Das File: /work/eauten2s/ec_criteria_struct/lct/input/lct_txt_half/NCT03867630_inc.txt wurde erfolgreich geladen.
Die Daten wurden erfolgreich in '/work/eauten2s/ec_criteria_struct/lct/evaluate/eval_p3/model_output/Llama-3-8B-Instruct-Gradient-1048k_5_shot/output/Llama-3-8B-Instruct-Gradient-1048k_NCT03867630_inc_5_shot.json' gespeichert.
File: NCT03867643_exc 

Das File: /work/eauten2s/ec_criteria_struct/lct/input/lct_txt_half/NCT03867643_exc.txt wurde erfolgreich geladen.
Die Daten wurden erfolgreich in '/work/eauten2s/ec_criteria_struct/lct/evaluate/eval_p3/model_output/Llama-3-8B-Instruct-Gradient-1048k_5_shot/output/Llama-3-8B-Instruct-Gradient-1048k_NCT03867643_exc_5_shot.json' gespeichert.
File: NCT03867643_inc 

Das File: /work/eauten2s/ec_criteria_struct/lct/input/lct_txt_half/NCT03867643_inc.txt wurde erfolgreich geladen.
Die Daten wurden erfolgreich in '/work/eauten2s/ec_criteria_struct/lct/evaluate/eval_p3/model_output/Llama-3-8B-Instruct-Gradient-1048k_5_shot/output/Llama-3-8B-Instruct-Gradient-1048k_NCT03867643_inc_5_shot.json' gespeichert.
File: NCT03867656_exc 

Das File: /work/eauten2s/ec_criteria_struct/lct/input/lct_txt_half/NCT03867656_exc.txt wurde erfolgreich geladen.
Die Daten wurden erfolgreich in '/work/eauten2s/ec_criteria_struct/lct/evaluate/eval_p3/model_output/Llama-3-8B-Instruct-Gradient-1048k_5_shot/output/Llama-3-8B-Instruct-Gradient-1048k_NCT03867656_exc_5_shot.json' gespeichert.
File: NCT03867656_inc 

Das File: /work/eauten2s/ec_criteria_struct/lct/input/lct_txt_half/NCT03867656_inc.txt wurde erfolgreich geladen.
Die Daten wurden erfolgreich in '/work/eauten2s/ec_criteria_struct/lct/evaluate/eval_p3/model_output/Llama-3-8B-Instruct-Gradient-1048k_5_shot/output/Llama-3-8B-Instruct-Gradient-1048k_NCT03867656_inc_5_shot.json' gespeichert.
File: NCT03867682_exc 

Das File: /work/eauten2s/ec_criteria_struct/lct/input/lct_txt_half/NCT03867682_exc.txt wurde erfolgreich geladen.
Die Daten wurden erfolgreich in '/work/eauten2s/ec_criteria_struct/lct/evaluate/eval_p3/model_output/Llama-3-8B-Instruct-Gradient-1048k_5_shot/output/Llama-3-8B-Instruct-Gradient-1048k_NCT03867682_exc_5_shot.json' gespeichert.
File: NCT03867682_inc 

Das File: /work/eauten2s/ec_criteria_struct/lct/input/lct_txt_half/NCT03867682_inc.txt wurde erfolgreich geladen.
Die Daten wurden erfolgreich in '/work/eauten2s/ec_criteria_struct/lct/evaluate/eval_p3/model_output/Llama-3-8B-Instruct-Gradient-1048k_5_shot/output/Llama-3-8B-Instruct-Gradient-1048k_NCT03867682_inc_5_shot.json' gespeichert.
File: NCT03867695_exc 

Das File: /work/eauten2s/ec_criteria_struct/lct/input/lct_txt_half/NCT03867695_exc.txt wurde erfolgreich geladen.
Die Daten wurden erfolgreich in '/work/eauten2s/ec_criteria_struct/lct/evaluate/eval_p3/model_output/Llama-3-8B-Instruct-Gradient-1048k_5_shot/output/Llama-3-8B-Instruct-Gradient-1048k_NCT03867695_exc_5_shot.json' gespeichert.
File: NCT03867695_inc 

Das File: /work/eauten2s/ec_criteria_struct/lct/input/lct_txt_half/NCT03867695_inc.txt wurde erfolgreich geladen.
Die Daten wurden erfolgreich in '/work/eauten2s/ec_criteria_struct/lct/evaluate/eval_p3/model_output/Llama-3-8B-Instruct-Gradient-1048k_5_shot/output/Llama-3-8B-Instruct-Gradient-1048k_NCT03867695_inc_5_shot.json' gespeichert.
File: NCT03867708_exc 

Das File: /work/eauten2s/ec_criteria_struct/lct/input/lct_txt_half/NCT03867708_exc.txt wurde erfolgreich geladen.
Die Daten wurden erfolgreich in '/work/eauten2s/ec_criteria_struct/lct/evaluate/eval_p3/model_output/Llama-3-8B-Instruct-Gradient-1048k_5_shot/output/Llama-3-8B-Instruct-Gradient-1048k_NCT03867708_exc_5_shot.json' gespeichert.
File: NCT03867708_inc 

Das File: /work/eauten2s/ec_criteria_struct/lct/input/lct_txt_half/NCT03867708_inc.txt wurde erfolgreich geladen.
Die Daten wurden erfolgreich in '/work/eauten2s/ec_criteria_struct/lct/evaluate/eval_p3/model_output/Llama-3-8B-Instruct-Gradient-1048k_5_shot/output/Llama-3-8B-Instruct-Gradient-1048k_NCT03867708_inc_5_shot.json' gespeichert.
File: NCT03867721_exc 

Das File: /work/eauten2s/ec_criteria_struct/lct/input/lct_txt_half/NCT03867721_exc.txt wurde erfolgreich geladen.
Die Daten wurden erfolgreich in '/work/eauten2s/ec_criteria_struct/lct/evaluate/eval_p3/model_output/Llama-3-8B-Instruct-Gradient-1048k_5_shot/output/Llama-3-8B-Instruct-Gradient-1048k_NCT03867721_exc_5_shot.json' gespeichert.
File: NCT03867721_inc 

Das File: /work/eauten2s/ec_criteria_struct/lct/input/lct_txt_half/NCT03867721_inc.txt wurde erfolgreich geladen.
Die Daten wurden erfolgreich in '/work/eauten2s/ec_criteria_struct/lct/evaluate/eval_p3/model_output/Llama-3-8B-Instruct-Gradient-1048k_5_shot/output/Llama-3-8B-Instruct-Gradient-1048k_NCT03867721_inc_5_shot.json' gespeichert.
File: NCT03867734_exc 

Das File: /work/eauten2s/ec_criteria_struct/lct/input/lct_txt_half/NCT03867734_exc.txt wurde erfolgreich geladen.
Die Daten wurden erfolgreich in '/work/eauten2s/ec_criteria_struct/lct/evaluate/eval_p3/model_output/Llama-3-8B-Instruct-Gradient-1048k_5_shot/output/Llama-3-8B-Instruct-Gradient-1048k_NCT03867734_exc_5_shot.json' gespeichert.
File: NCT03867734_inc 

Das File: /work/eauten2s/ec_criteria_struct/lct/input/lct_txt_half/NCT03867734_inc.txt wurde erfolgreich geladen.
Die Daten wurden erfolgreich in '/work/eauten2s/ec_criteria_struct/lct/evaluate/eval_p3/model_output/Llama-3-8B-Instruct-Gradient-1048k_5_shot/output/Llama-3-8B-Instruct-Gradient-1048k_NCT03867734_inc_5_shot.json' gespeichert.
File: NCT03867747_exc 

Das File: /work/eauten2s/ec_criteria_struct/lct/input/lct_txt_half/NCT03867747_exc.txt wurde erfolgreich geladen.
Die Daten wurden erfolgreich in '/work/eauten2s/ec_criteria_struct/lct/evaluate/eval_p3/model_output/Llama-3-8B-Instruct-Gradient-1048k_5_shot/output/Llama-3-8B-Instruct-Gradient-1048k_NCT03867747_exc_5_shot.json' gespeichert.
File: NCT03867747_inc 

Das File: /work/eauten2s/ec_criteria_struct/lct/input/lct_txt_half/NCT03867747_inc.txt wurde erfolgreich geladen.
Die Daten wurden erfolgreich in '/work/eauten2s/ec_criteria_struct/lct/evaluate/eval_p3/model_output/Llama-3-8B-Instruct-Gradient-1048k_5_shot/output/Llama-3-8B-Instruct-Gradient-1048k_NCT03867747_inc_5_shot.json' gespeichert.
File: NCT03867760_exc 

Das File: /work/eauten2s/ec_criteria_struct/lct/input/lct_txt_half/NCT03867760_exc.txt wurde erfolgreich geladen.
Die Daten wurden erfolgreich in '/work/eauten2s/ec_criteria_struct/lct/evaluate/eval_p3/model_output/Llama-3-8B-Instruct-Gradient-1048k_5_shot/output/Llama-3-8B-Instruct-Gradient-1048k_NCT03867760_exc_5_shot.json' gespeichert.
File: NCT03867760_inc 

Das File: /work/eauten2s/ec_criteria_struct/lct/input/lct_txt_half/NCT03867760_inc.txt wurde erfolgreich geladen.
Die Daten wurden erfolgreich in '/work/eauten2s/ec_criteria_struct/lct/evaluate/eval_p3/model_output/Llama-3-8B-Instruct-Gradient-1048k_5_shot/output/Llama-3-8B-Instruct-Gradient-1048k_NCT03867760_inc_5_shot.json' gespeichert.
File: NCT03867773_exc 

Das File: /work/eauten2s/ec_criteria_struct/lct/input/lct_txt_half/NCT03867773_exc.txt wurde erfolgreich geladen.
Die Daten wurden erfolgreich in '/work/eauten2s/ec_criteria_struct/lct/evaluate/eval_p3/model_output/Llama-3-8B-Instruct-Gradient-1048k_5_shot/output/Llama-3-8B-Instruct-Gradient-1048k_NCT03867773_exc_5_shot.json' gespeichert.
File: NCT03867773_inc 

Das File: /work/eauten2s/ec_criteria_struct/lct/input/lct_txt_half/NCT03867773_inc.txt wurde erfolgreich geladen.
Die Daten wurden erfolgreich in '/work/eauten2s/ec_criteria_struct/lct/evaluate/eval_p3/model_output/Llama-3-8B-Instruct-Gradient-1048k_5_shot/output/Llama-3-8B-Instruct-Gradient-1048k_NCT03867773_inc_5_shot.json' gespeichert.
File: NCT03867825_exc 

Das File: /work/eauten2s/ec_criteria_struct/lct/input/lct_txt_half/NCT03867825_exc.txt wurde erfolgreich geladen.
Die Daten wurden erfolgreich in '/work/eauten2s/ec_criteria_struct/lct/evaluate/eval_p3/model_output/Llama-3-8B-Instruct-Gradient-1048k_5_shot/output/Llama-3-8B-Instruct-Gradient-1048k_NCT03867825_exc_5_shot.json' gespeichert.
File: NCT03867825_inc 

Das File: /work/eauten2s/ec_criteria_struct/lct/input/lct_txt_half/NCT03867825_inc.txt wurde erfolgreich geladen.
Die Daten wurden erfolgreich in '/work/eauten2s/ec_criteria_struct/lct/evaluate/eval_p3/model_output/Llama-3-8B-Instruct-Gradient-1048k_5_shot/output/Llama-3-8B-Instruct-Gradient-1048k_NCT03867825_inc_5_shot.json' gespeichert.
File: NCT03867838_exc 

Das File: /work/eauten2s/ec_criteria_struct/lct/input/lct_txt_half/NCT03867838_exc.txt wurde erfolgreich geladen.
Die Daten wurden erfolgreich in '/work/eauten2s/ec_criteria_struct/lct/evaluate/eval_p3/model_output/Llama-3-8B-Instruct-Gradient-1048k_5_shot/output/Llama-3-8B-Instruct-Gradient-1048k_NCT03867838_exc_5_shot.json' gespeichert.
File: NCT03867838_inc 

Das File: /work/eauten2s/ec_criteria_struct/lct/input/lct_txt_half/NCT03867838_inc.txt wurde erfolgreich geladen.
Die Daten wurden erfolgreich in '/work/eauten2s/ec_criteria_struct/lct/evaluate/eval_p3/model_output/Llama-3-8B-Instruct-Gradient-1048k_5_shot/output/Llama-3-8B-Instruct-Gradient-1048k_NCT03867838_inc_5_shot.json' gespeichert.
File: NCT03867864_exc 

Das File: /work/eauten2s/ec_criteria_struct/lct/input/lct_txt_half/NCT03867864_exc.txt wurde erfolgreich geladen.
Die Daten wurden erfolgreich in '/work/eauten2s/ec_criteria_struct/lct/evaluate/eval_p3/model_output/Llama-3-8B-Instruct-Gradient-1048k_5_shot/output/Llama-3-8B-Instruct-Gradient-1048k_NCT03867864_exc_5_shot.json' gespeichert.
File: NCT03867864_inc 

Das File: /work/eauten2s/ec_criteria_struct/lct/input/lct_txt_half/NCT03867864_inc.txt wurde erfolgreich geladen.
Die Daten wurden erfolgreich in '/work/eauten2s/ec_criteria_struct/lct/evaluate/eval_p3/model_output/Llama-3-8B-Instruct-Gradient-1048k_5_shot/output/Llama-3-8B-Instruct-Gradient-1048k_NCT03867864_inc_5_shot.json' gespeichert.
File: NCT03867877_exc 

Das File: /work/eauten2s/ec_criteria_struct/lct/input/lct_txt_half/NCT03867877_exc.txt wurde erfolgreich geladen.
Die Daten wurden erfolgreich in '/work/eauten2s/ec_criteria_struct/lct/evaluate/eval_p3/model_output/Llama-3-8B-Instruct-Gradient-1048k_5_shot/output/Llama-3-8B-Instruct-Gradient-1048k_NCT03867877_exc_5_shot.json' gespeichert.
File: NCT03867877_inc 

Das File: /work/eauten2s/ec_criteria_struct/lct/input/lct_txt_half/NCT03867877_inc.txt wurde erfolgreich geladen.
Die Daten wurden erfolgreich in '/work/eauten2s/ec_criteria_struct/lct/evaluate/eval_p3/model_output/Llama-3-8B-Instruct-Gradient-1048k_5_shot/output/Llama-3-8B-Instruct-Gradient-1048k_NCT03867877_inc_5_shot.json' gespeichert.
File: NCT03867890_exc 

Das File: /work/eauten2s/ec_criteria_struct/lct/input/lct_txt_half/NCT03867890_exc.txt wurde erfolgreich geladen.
Die Daten wurden erfolgreich in '/work/eauten2s/ec_criteria_struct/lct/evaluate/eval_p3/model_output/Llama-3-8B-Instruct-Gradient-1048k_5_shot/output/Llama-3-8B-Instruct-Gradient-1048k_NCT03867890_exc_5_shot.json' gespeichert.
File: NCT03867890_inc 

Das File: /work/eauten2s/ec_criteria_struct/lct/input/lct_txt_half/NCT03867890_inc.txt wurde erfolgreich geladen.
Die Daten wurden erfolgreich in '/work/eauten2s/ec_criteria_struct/lct/evaluate/eval_p3/model_output/Llama-3-8B-Instruct-Gradient-1048k_5_shot/output/Llama-3-8B-Instruct-Gradient-1048k_NCT03867890_inc_5_shot.json' gespeichert.
File: NCT03867903_exc 

Das File: /work/eauten2s/ec_criteria_struct/lct/input/lct_txt_half/NCT03867903_exc.txt wurde erfolgreich geladen.
Die Daten wurden erfolgreich in '/work/eauten2s/ec_criteria_struct/lct/evaluate/eval_p3/model_output/Llama-3-8B-Instruct-Gradient-1048k_5_shot/output/Llama-3-8B-Instruct-Gradient-1048k_NCT03867903_exc_5_shot.json' gespeichert.
File: NCT03867903_inc 

Das File: /work/eauten2s/ec_criteria_struct/lct/input/lct_txt_half/NCT03867903_inc.txt wurde erfolgreich geladen.
Die Daten wurden erfolgreich in '/work/eauten2s/ec_criteria_struct/lct/evaluate/eval_p3/model_output/Llama-3-8B-Instruct-Gradient-1048k_5_shot/output/Llama-3-8B-Instruct-Gradient-1048k_NCT03867903_inc_5_shot.json' gespeichert.
File: NCT03867916_exc 

Das File: /work/eauten2s/ec_criteria_struct/lct/input/lct_txt_half/NCT03867916_exc.txt wurde erfolgreich geladen.
Die Daten wurden erfolgreich in '/work/eauten2s/ec_criteria_struct/lct/evaluate/eval_p3/model_output/Llama-3-8B-Instruct-Gradient-1048k_5_shot/output/Llama-3-8B-Instruct-Gradient-1048k_NCT03867916_exc_5_shot.json' gespeichert.
File: NCT03867916_inc 

Das File: /work/eauten2s/ec_criteria_struct/lct/input/lct_txt_half/NCT03867916_inc.txt wurde erfolgreich geladen.
Die Daten wurden erfolgreich in '/work/eauten2s/ec_criteria_struct/lct/evaluate/eval_p3/model_output/Llama-3-8B-Instruct-Gradient-1048k_5_shot/output/Llama-3-8B-Instruct-Gradient-1048k_NCT03867916_inc_5_shot.json' gespeichert.
File: NCT03867929_exc 

Das File: /work/eauten2s/ec_criteria_struct/lct/input/lct_txt_half/NCT03867929_exc.txt wurde erfolgreich geladen.
Die Daten wurden erfolgreich in '/work/eauten2s/ec_criteria_struct/lct/evaluate/eval_p3/model_output/Llama-3-8B-Instruct-Gradient-1048k_5_shot/output/Llama-3-8B-Instruct-Gradient-1048k_NCT03867929_exc_5_shot.json' gespeichert.
File: NCT03867929_inc 

Das File: /work/eauten2s/ec_criteria_struct/lct/input/lct_txt_half/NCT03867929_inc.txt wurde erfolgreich geladen.
Die Daten wurden erfolgreich in '/work/eauten2s/ec_criteria_struct/lct/evaluate/eval_p3/model_output/Llama-3-8B-Instruct-Gradient-1048k_5_shot/output/Llama-3-8B-Instruct-Gradient-1048k_NCT03867929_inc_5_shot.json' gespeichert.
File: NCT03867942_exc 

Das File: /work/eauten2s/ec_criteria_struct/lct/input/lct_txt_half/NCT03867942_exc.txt wurde erfolgreich geladen.
Die Daten wurden erfolgreich in '/work/eauten2s/ec_criteria_struct/lct/evaluate/eval_p3/model_output/Llama-3-8B-Instruct-Gradient-1048k_5_shot/output/Llama-3-8B-Instruct-Gradient-1048k_NCT03867942_exc_5_shot.json' gespeichert.
File: NCT03867942_inc 

Das File: /work/eauten2s/ec_criteria_struct/lct/input/lct_txt_half/NCT03867942_inc.txt wurde erfolgreich geladen.
Die Daten wurden erfolgreich in '/work/eauten2s/ec_criteria_struct/lct/evaluate/eval_p3/model_output/Llama-3-8B-Instruct-Gradient-1048k_5_shot/output/Llama-3-8B-Instruct-Gradient-1048k_NCT03867942_inc_5_shot.json' gespeichert.
File: NCT03867955_exc 

Das File: /work/eauten2s/ec_criteria_struct/lct/input/lct_txt_half/NCT03867955_exc.txt wurde erfolgreich geladen.
Die Daten wurden erfolgreich in '/work/eauten2s/ec_criteria_struct/lct/evaluate/eval_p3/model_output/Llama-3-8B-Instruct-Gradient-1048k_5_shot/output/Llama-3-8B-Instruct-Gradient-1048k_NCT03867955_exc_5_shot.json' gespeichert.
File: NCT03867955_inc 

Das File: /work/eauten2s/ec_criteria_struct/lct/input/lct_txt_half/NCT03867955_inc.txt wurde erfolgreich geladen.
Die Daten wurden erfolgreich in '/work/eauten2s/ec_criteria_struct/lct/evaluate/eval_p3/model_output/Llama-3-8B-Instruct-Gradient-1048k_5_shot/output/Llama-3-8B-Instruct-Gradient-1048k_NCT03867955_inc_5_shot.json' gespeichert.
File: NCT03867968_exc 

Das File: /work/eauten2s/ec_criteria_struct/lct/input/lct_txt_half/NCT03867968_exc.txt wurde erfolgreich geladen.
Die Daten wurden erfolgreich in '/work/eauten2s/ec_criteria_struct/lct/evaluate/eval_p3/model_output/Llama-3-8B-Instruct-Gradient-1048k_5_shot/output/Llama-3-8B-Instruct-Gradient-1048k_NCT03867968_exc_5_shot.json' gespeichert.
File: NCT03867968_inc 

Das File: /work/eauten2s/ec_criteria_struct/lct/input/lct_txt_half/NCT03867968_inc.txt wurde erfolgreich geladen.
Die Daten wurden erfolgreich in '/work/eauten2s/ec_criteria_struct/lct/evaluate/eval_p3/model_output/Llama-3-8B-Instruct-Gradient-1048k_5_shot/output/Llama-3-8B-Instruct-Gradient-1048k_NCT03867968_inc_5_shot.json' gespeichert.
File: NCT03867981_exc 

Das File: /work/eauten2s/ec_criteria_struct/lct/input/lct_txt_half/NCT03867981_exc.txt wurde erfolgreich geladen.
Die Daten wurden erfolgreich in '/work/eauten2s/ec_criteria_struct/lct/evaluate/eval_p3/model_output/Llama-3-8B-Instruct-Gradient-1048k_5_shot/output/Llama-3-8B-Instruct-Gradient-1048k_NCT03867981_exc_5_shot.json' gespeichert.
File: NCT03867981_inc 

Das File: /work/eauten2s/ec_criteria_struct/lct/input/lct_txt_half/NCT03867981_inc.txt wurde erfolgreich geladen.
Die Daten wurden erfolgreich in '/work/eauten2s/ec_criteria_struct/lct/evaluate/eval_p3/model_output/Llama-3-8B-Instruct-Gradient-1048k_5_shot/output/Llama-3-8B-Instruct-Gradient-1048k_NCT03867981_inc_5_shot.json' gespeichert.
File: NCT03867994_exc 

Das File: /work/eauten2s/ec_criteria_struct/lct/input/lct_txt_half/NCT03867994_exc.txt wurde erfolgreich geladen.
Die Daten wurden erfolgreich in '/work/eauten2s/ec_criteria_struct/lct/evaluate/eval_p3/model_output/Llama-3-8B-Instruct-Gradient-1048k_5_shot/output/Llama-3-8B-Instruct-Gradient-1048k_NCT03867994_exc_5_shot.json' gespeichert.
File: NCT03867994_inc 

Das File: /work/eauten2s/ec_criteria_struct/lct/input/lct_txt_half/NCT03867994_inc.txt wurde erfolgreich geladen.
Die Daten wurden erfolgreich in '/work/eauten2s/ec_criteria_struct/lct/evaluate/eval_p3/model_output/Llama-3-8B-Instruct-Gradient-1048k_5_shot/output/Llama-3-8B-Instruct-Gradient-1048k_NCT03867994_inc_5_shot.json' gespeichert.
File: NCT03868020_exc 

Das File: /work/eauten2s/ec_criteria_struct/lct/input/lct_txt_half/NCT03868020_exc.txt wurde erfolgreich geladen.
Die Daten wurden erfolgreich in '/work/eauten2s/ec_criteria_struct/lct/evaluate/eval_p3/model_output/Llama-3-8B-Instruct-Gradient-1048k_5_shot/output/Llama-3-8B-Instruct-Gradient-1048k_NCT03868020_exc_5_shot.json' gespeichert.
File: NCT03868020_inc 

Das File: /work/eauten2s/ec_criteria_struct/lct/input/lct_txt_half/NCT03868020_inc.txt wurde erfolgreich geladen.
Die Daten wurden erfolgreich in '/work/eauten2s/ec_criteria_struct/lct/evaluate/eval_p3/model_output/Llama-3-8B-Instruct-Gradient-1048k_5_shot/output/Llama-3-8B-Instruct-Gradient-1048k_NCT03868020_inc_5_shot.json' gespeichert.
File: NCT03868033_exc 

Das File: /work/eauten2s/ec_criteria_struct/lct/input/lct_txt_half/NCT03868033_exc.txt wurde erfolgreich geladen.
Die Daten wurden erfolgreich in '/work/eauten2s/ec_criteria_struct/lct/evaluate/eval_p3/model_output/Llama-3-8B-Instruct-Gradient-1048k_5_shot/output/Llama-3-8B-Instruct-Gradient-1048k_NCT03868033_exc_5_shot.json' gespeichert.
File: NCT03868033_inc 

Das File: /work/eauten2s/ec_criteria_struct/lct/input/lct_txt_half/NCT03868033_inc.txt wurde erfolgreich geladen.
Die Daten wurden erfolgreich in '/work/eauten2s/ec_criteria_struct/lct/evaluate/eval_p3/model_output/Llama-3-8B-Instruct-Gradient-1048k_5_shot/output/Llama-3-8B-Instruct-Gradient-1048k_NCT03868033_inc_5_shot.json' gespeichert.
File: NCT03868046_exc 

Das File: /work/eauten2s/ec_criteria_struct/lct/input/lct_txt_half/NCT03868046_exc.txt wurde erfolgreich geladen.
Die Daten wurden erfolgreich in '/work/eauten2s/ec_criteria_struct/lct/evaluate/eval_p3/model_output/Llama-3-8B-Instruct-Gradient-1048k_5_shot/output/Llama-3-8B-Instruct-Gradient-1048k_NCT03868046_exc_5_shot.json' gespeichert.
File: NCT03868046_inc 

Das File: /work/eauten2s/ec_criteria_struct/lct/input/lct_txt_half/NCT03868046_inc.txt wurde erfolgreich geladen.
Die Daten wurden erfolgreich in '/work/eauten2s/ec_criteria_struct/lct/evaluate/eval_p3/model_output/Llama-3-8B-Instruct-Gradient-1048k_5_shot/output/Llama-3-8B-Instruct-Gradient-1048k_NCT03868046_inc_5_shot.json' gespeichert.
File: NCT03868111_exc 

Das File: /work/eauten2s/ec_criteria_struct/lct/input/lct_txt_half/NCT03868111_exc.txt wurde erfolgreich geladen.
Die Daten wurden erfolgreich in '/work/eauten2s/ec_criteria_struct/lct/evaluate/eval_p3/model_output/Llama-3-8B-Instruct-Gradient-1048k_5_shot/output/Llama-3-8B-Instruct-Gradient-1048k_NCT03868111_exc_5_shot.json' gespeichert.
File: NCT03868111_inc 

Das File: /work/eauten2s/ec_criteria_struct/lct/input/lct_txt_half/NCT03868111_inc.txt wurde erfolgreich geladen.
Die Daten wurden erfolgreich in '/work/eauten2s/ec_criteria_struct/lct/evaluate/eval_p3/model_output/Llama-3-8B-Instruct-Gradient-1048k_5_shot/output/Llama-3-8B-Instruct-Gradient-1048k_NCT03868111_inc_5_shot.json' gespeichert.
File: NCT03868124_exc 

Das File: /work/eauten2s/ec_criteria_struct/lct/input/lct_txt_half/NCT03868124_exc.txt wurde erfolgreich geladen.
Die Daten wurden erfolgreich in '/work/eauten2s/ec_criteria_struct/lct/evaluate/eval_p3/model_output/Llama-3-8B-Instruct-Gradient-1048k_5_shot/output/Llama-3-8B-Instruct-Gradient-1048k_NCT03868124_exc_5_shot.json' gespeichert.
File: NCT03868124_inc 

Das File: /work/eauten2s/ec_criteria_struct/lct/input/lct_txt_half/NCT03868124_inc.txt wurde erfolgreich geladen.
Die Daten wurden erfolgreich in '/work/eauten2s/ec_criteria_struct/lct/evaluate/eval_p3/model_output/Llama-3-8B-Instruct-Gradient-1048k_5_shot/output/Llama-3-8B-Instruct-Gradient-1048k_NCT03868124_inc_5_shot.json' gespeichert.
File: NCT03868137_exc 

Das File: /work/eauten2s/ec_criteria_struct/lct/input/lct_txt_half/NCT03868137_exc.txt wurde erfolgreich geladen.
Die Daten wurden erfolgreich in '/work/eauten2s/ec_criteria_struct/lct/evaluate/eval_p3/model_output/Llama-3-8B-Instruct-Gradient-1048k_5_shot/output/Llama-3-8B-Instruct-Gradient-1048k_NCT03868137_exc_5_shot.json' gespeichert.
File: NCT03868137_inc 

Das File: /work/eauten2s/ec_criteria_struct/lct/input/lct_txt_half/NCT03868137_inc.txt wurde erfolgreich geladen.
Die Daten wurden erfolgreich in '/work/eauten2s/ec_criteria_struct/lct/evaluate/eval_p3/model_output/Llama-3-8B-Instruct-Gradient-1048k_5_shot/output/Llama-3-8B-Instruct-Gradient-1048k_NCT03868137_inc_5_shot.json' gespeichert.
File: NCT03868150_exc 

Das File: /work/eauten2s/ec_criteria_struct/lct/input/lct_txt_half/NCT03868150_exc.txt wurde erfolgreich geladen.
Die Daten wurden erfolgreich in '/work/eauten2s/ec_criteria_struct/lct/evaluate/eval_p3/model_output/Llama-3-8B-Instruct-Gradient-1048k_5_shot/output/Llama-3-8B-Instruct-Gradient-1048k_NCT03868150_exc_5_shot.json' gespeichert.
File: NCT03868150_inc 

Das File: /work/eauten2s/ec_criteria_struct/lct/input/lct_txt_half/NCT03868150_inc.txt wurde erfolgreich geladen.
Die Daten wurden erfolgreich in '/work/eauten2s/ec_criteria_struct/lct/evaluate/eval_p3/model_output/Llama-3-8B-Instruct-Gradient-1048k_5_shot/output/Llama-3-8B-Instruct-Gradient-1048k_NCT03868150_inc_5_shot.json' gespeichert.
File: NCT03868163_exc 

Das File: /work/eauten2s/ec_criteria_struct/lct/input/lct_txt_half/NCT03868163_exc.txt wurde erfolgreich geladen.
Die Daten wurden erfolgreich in '/work/eauten2s/ec_criteria_struct/lct/evaluate/eval_p3/model_output/Llama-3-8B-Instruct-Gradient-1048k_5_shot/output/Llama-3-8B-Instruct-Gradient-1048k_NCT03868163_exc_5_shot.json' gespeichert.
File: NCT03868163_inc 

Das File: /work/eauten2s/ec_criteria_struct/lct/input/lct_txt_half/NCT03868163_inc.txt wurde erfolgreich geladen.
Die Daten wurden erfolgreich in '/work/eauten2s/ec_criteria_struct/lct/evaluate/eval_p3/model_output/Llama-3-8B-Instruct-Gradient-1048k_5_shot/output/Llama-3-8B-Instruct-Gradient-1048k_NCT03868163_inc_5_shot.json' gespeichert.
File: NCT03868176_exc 

Das File: /work/eauten2s/ec_criteria_struct/lct/input/lct_txt_half/NCT03868176_exc.txt wurde erfolgreich geladen.
Die Daten wurden erfolgreich in '/work/eauten2s/ec_criteria_struct/lct/evaluate/eval_p3/model_output/Llama-3-8B-Instruct-Gradient-1048k_5_shot/output/Llama-3-8B-Instruct-Gradient-1048k_NCT03868176_exc_5_shot.json' gespeichert.
File: NCT03868176_inc 

Das File: /work/eauten2s/ec_criteria_struct/lct/input/lct_txt_half/NCT03868176_inc.txt wurde erfolgreich geladen.
Die Daten wurden erfolgreich in '/work/eauten2s/ec_criteria_struct/lct/evaluate/eval_p3/model_output/Llama-3-8B-Instruct-Gradient-1048k_5_shot/output/Llama-3-8B-Instruct-Gradient-1048k_NCT03868176_inc_5_shot.json' gespeichert.
File: NCT03868189_exc 

Das File: /work/eauten2s/ec_criteria_struct/lct/input/lct_txt_half/NCT03868189_exc.txt wurde erfolgreich geladen.
Die Daten wurden erfolgreich in '/work/eauten2s/ec_criteria_struct/lct/evaluate/eval_p3/model_output/Llama-3-8B-Instruct-Gradient-1048k_5_shot/output/Llama-3-8B-Instruct-Gradient-1048k_NCT03868189_exc_5_shot.json' gespeichert.
File: NCT03868189_inc 

Das File: /work/eauten2s/ec_criteria_struct/lct/input/lct_txt_half/NCT03868189_inc.txt wurde erfolgreich geladen.
Die Daten wurden erfolgreich in '/work/eauten2s/ec_criteria_struct/lct/evaluate/eval_p3/model_output/Llama-3-8B-Instruct-Gradient-1048k_5_shot/output/Llama-3-8B-Instruct-Gradient-1048k_NCT03868189_inc_5_shot.json' gespeichert.
File: NCT03868228_exc 

Das File: /work/eauten2s/ec_criteria_struct/lct/input/lct_txt_half/NCT03868228_exc.txt wurde erfolgreich geladen.
Die Daten wurden erfolgreich in '/work/eauten2s/ec_criteria_struct/lct/evaluate/eval_p3/model_output/Llama-3-8B-Instruct-Gradient-1048k_5_shot/output/Llama-3-8B-Instruct-Gradient-1048k_NCT03868228_exc_5_shot.json' gespeichert.
File: NCT03868228_inc 

Das File: /work/eauten2s/ec_criteria_struct/lct/input/lct_txt_half/NCT03868228_inc.txt wurde erfolgreich geladen.
Die Daten wurden erfolgreich in '/work/eauten2s/ec_criteria_struct/lct/evaluate/eval_p3/model_output/Llama-3-8B-Instruct-Gradient-1048k_5_shot/output/Llama-3-8B-Instruct-Gradient-1048k_NCT03868228_inc_5_shot.json' gespeichert.
File: NCT03868241_exc 

Das File: /work/eauten2s/ec_criteria_struct/lct/input/lct_txt_half/NCT03868241_exc.txt wurde erfolgreich geladen.
Die Daten wurden erfolgreich in '/work/eauten2s/ec_criteria_struct/lct/evaluate/eval_p3/model_output/Llama-3-8B-Instruct-Gradient-1048k_5_shot/output/Llama-3-8B-Instruct-Gradient-1048k_NCT03868241_exc_5_shot.json' gespeichert.
File: NCT03868241_inc 

Das File: /work/eauten2s/ec_criteria_struct/lct/input/lct_txt_half/NCT03868241_inc.txt wurde erfolgreich geladen.
Die Daten wurden erfolgreich in '/work/eauten2s/ec_criteria_struct/lct/evaluate/eval_p3/model_output/Llama-3-8B-Instruct-Gradient-1048k_5_shot/output/Llama-3-8B-Instruct-Gradient-1048k_NCT03868241_inc_5_shot.json' gespeichert.
File: NCT03868254_exc 

Das File: /work/eauten2s/ec_criteria_struct/lct/input/lct_txt_half/NCT03868254_exc.txt wurde erfolgreich geladen.
Die Daten wurden erfolgreich in '/work/eauten2s/ec_criteria_struct/lct/evaluate/eval_p3/model_output/Llama-3-8B-Instruct-Gradient-1048k_5_shot/output/Llama-3-8B-Instruct-Gradient-1048k_NCT03868254_exc_5_shot.json' gespeichert.
File: NCT03868254_inc 

Das File: /work/eauten2s/ec_criteria_struct/lct/input/lct_txt_half/NCT03868254_inc.txt wurde erfolgreich geladen.
Die Daten wurden erfolgreich in '/work/eauten2s/ec_criteria_struct/lct/evaluate/eval_p3/model_output/Llama-3-8B-Instruct-Gradient-1048k_5_shot/output/Llama-3-8B-Instruct-Gradient-1048k_NCT03868254_inc_5_shot.json' gespeichert.
File: NCT03868267_exc 

Das File: /work/eauten2s/ec_criteria_struct/lct/input/lct_txt_half/NCT03868267_exc.txt wurde erfolgreich geladen.
Die Daten wurden erfolgreich in '/work/eauten2s/ec_criteria_struct/lct/evaluate/eval_p3/model_output/Llama-3-8B-Instruct-Gradient-1048k_5_shot/output/Llama-3-8B-Instruct-Gradient-1048k_NCT03868267_exc_5_shot.json' gespeichert.
File: NCT03868267_inc 

Das File: /work/eauten2s/ec_criteria_struct/lct/input/lct_txt_half/NCT03868267_inc.txt wurde erfolgreich geladen.
Die Daten wurden erfolgreich in '/work/eauten2s/ec_criteria_struct/lct/evaluate/eval_p3/model_output/Llama-3-8B-Instruct-Gradient-1048k_5_shot/output/Llama-3-8B-Instruct-Gradient-1048k_NCT03868267_inc_5_shot.json' gespeichert.
File: NCT03868280_exc 

Das File: /work/eauten2s/ec_criteria_struct/lct/input/lct_txt_half/NCT03868280_exc.txt wurde erfolgreich geladen.
Die Daten wurden erfolgreich in '/work/eauten2s/ec_criteria_struct/lct/evaluate/eval_p3/model_output/Llama-3-8B-Instruct-Gradient-1048k_5_shot/output/Llama-3-8B-Instruct-Gradient-1048k_NCT03868280_exc_5_shot.json' gespeichert.
File: NCT03868280_inc 

Das File: /work/eauten2s/ec_criteria_struct/lct/input/lct_txt_half/NCT03868280_inc.txt wurde erfolgreich geladen.
Die Daten wurden erfolgreich in '/work/eauten2s/ec_criteria_struct/lct/evaluate/eval_p3/model_output/Llama-3-8B-Instruct-Gradient-1048k_5_shot/output/Llama-3-8B-Instruct-Gradient-1048k_NCT03868280_inc_5_shot.json' gespeichert.
File: NCT03868306_exc 

Das File: /work/eauten2s/ec_criteria_struct/lct/input/lct_txt_half/NCT03868306_exc.txt wurde erfolgreich geladen.
Die Daten wurden erfolgreich in '/work/eauten2s/ec_criteria_struct/lct/evaluate/eval_p3/model_output/Llama-3-8B-Instruct-Gradient-1048k_5_shot/output/Llama-3-8B-Instruct-Gradient-1048k_NCT03868306_exc_5_shot.json' gespeichert.
File: NCT03868306_inc 

Das File: /work/eauten2s/ec_criteria_struct/lct/input/lct_txt_half/NCT03868306_inc.txt wurde erfolgreich geladen.
Die Daten wurden erfolgreich in '/work/eauten2s/ec_criteria_struct/lct/evaluate/eval_p3/model_output/Llama-3-8B-Instruct-Gradient-1048k_5_shot/output/Llama-3-8B-Instruct-Gradient-1048k_NCT03868306_inc_5_shot.json' gespeichert.
File: NCT03868319_exc 

Das File: /work/eauten2s/ec_criteria_struct/lct/input/lct_txt_half/NCT03868319_exc.txt wurde erfolgreich geladen.
Die Daten wurden erfolgreich in '/work/eauten2s/ec_criteria_struct/lct/evaluate/eval_p3/model_output/Llama-3-8B-Instruct-Gradient-1048k_5_shot/output/Llama-3-8B-Instruct-Gradient-1048k_NCT03868319_exc_5_shot.json' gespeichert.
File: NCT03868319_inc 

Das File: /work/eauten2s/ec_criteria_struct/lct/input/lct_txt_half/NCT03868319_inc.txt wurde erfolgreich geladen.
Die Daten wurden erfolgreich in '/work/eauten2s/ec_criteria_struct/lct/evaluate/eval_p3/model_output/Llama-3-8B-Instruct-Gradient-1048k_5_shot/output/Llama-3-8B-Instruct-Gradient-1048k_NCT03868319_inc_5_shot.json' gespeichert.
File: NCT03868332_exc 

Das File: /work/eauten2s/ec_criteria_struct/lct/input/lct_txt_half/NCT03868332_exc.txt wurde erfolgreich geladen.
Die Daten wurden erfolgreich in '/work/eauten2s/ec_criteria_struct/lct/evaluate/eval_p3/model_output/Llama-3-8B-Instruct-Gradient-1048k_5_shot/output/Llama-3-8B-Instruct-Gradient-1048k_NCT03868332_exc_5_shot.json' gespeichert.
File: NCT03868345_exc 

Das File: /work/eauten2s/ec_criteria_struct/lct/input/lct_txt_half/NCT03868345_exc.txt wurde erfolgreich geladen.
Die Daten wurden erfolgreich in '/work/eauten2s/ec_criteria_struct/lct/evaluate/eval_p3/model_output/Llama-3-8B-Instruct-Gradient-1048k_5_shot/output/Llama-3-8B-Instruct-Gradient-1048k_NCT03868345_exc_5_shot.json' gespeichert.
File: NCT03868345_inc 

Das File: /work/eauten2s/ec_criteria_struct/lct/input/lct_txt_half/NCT03868345_inc.txt wurde erfolgreich geladen.
Die Daten wurden erfolgreich in '/work/eauten2s/ec_criteria_struct/lct/evaluate/eval_p3/model_output/Llama-3-8B-Instruct-Gradient-1048k_5_shot/output/Llama-3-8B-Instruct-Gradient-1048k_NCT03868345_inc_5_shot.json' gespeichert.
File: NCT03868358_exc 

Das File: /work/eauten2s/ec_criteria_struct/lct/input/lct_txt_half/NCT03868358_exc.txt wurde erfolgreich geladen.
Die Daten wurden erfolgreich in '/work/eauten2s/ec_criteria_struct/lct/evaluate/eval_p3/model_output/Llama-3-8B-Instruct-Gradient-1048k_5_shot/output/Llama-3-8B-Instruct-Gradient-1048k_NCT03868358_exc_5_shot.json' gespeichert.
File: NCT03868358_inc 

Das File: /work/eauten2s/ec_criteria_struct/lct/input/lct_txt_half/NCT03868358_inc.txt wurde erfolgreich geladen.
Die Daten wurden erfolgreich in '/work/eauten2s/ec_criteria_struct/lct/evaluate/eval_p3/model_output/Llama-3-8B-Instruct-Gradient-1048k_5_shot/output/Llama-3-8B-Instruct-Gradient-1048k_NCT03868358_inc_5_shot.json' gespeichert.
File: NCT03868371_exc 

Das File: /work/eauten2s/ec_criteria_struct/lct/input/lct_txt_half/NCT03868371_exc.txt wurde erfolgreich geladen.
Die Daten wurden erfolgreich in '/work/eauten2s/ec_criteria_struct/lct/evaluate/eval_p3/model_output/Llama-3-8B-Instruct-Gradient-1048k_5_shot/output/Llama-3-8B-Instruct-Gradient-1048k_NCT03868371_exc_5_shot.json' gespeichert.
File: NCT03868371_inc 

Das File: /work/eauten2s/ec_criteria_struct/lct/input/lct_txt_half/NCT03868371_inc.txt wurde erfolgreich geladen.
Die Daten wurden erfolgreich in '/work/eauten2s/ec_criteria_struct/lct/evaluate/eval_p3/model_output/Llama-3-8B-Instruct-Gradient-1048k_5_shot/output/Llama-3-8B-Instruct-Gradient-1048k_NCT03868371_inc_5_shot.json' gespeichert.
File: NCT03868384_exc 

Das File: /work/eauten2s/ec_criteria_struct/lct/input/lct_txt_half/NCT03868384_exc.txt wurde erfolgreich geladen.
Die Daten wurden erfolgreich in '/work/eauten2s/ec_criteria_struct/lct/evaluate/eval_p3/model_output/Llama-3-8B-Instruct-Gradient-1048k_5_shot/output/Llama-3-8B-Instruct-Gradient-1048k_NCT03868384_exc_5_shot.json' gespeichert.
File: NCT03868384_inc 

Das File: /work/eauten2s/ec_criteria_struct/lct/input/lct_txt_half/NCT03868384_inc.txt wurde erfolgreich geladen.
Die Daten wurden erfolgreich in '/work/eauten2s/ec_criteria_struct/lct/evaluate/eval_p3/model_output/Llama-3-8B-Instruct-Gradient-1048k_5_shot/output/Llama-3-8B-Instruct-Gradient-1048k_NCT03868384_inc_5_shot.json' gespeichert.
File: NCT03868397_exc 

Das File: /work/eauten2s/ec_criteria_struct/lct/input/lct_txt_half/NCT03868397_exc.txt wurde erfolgreich geladen.
Die Daten wurden erfolgreich in '/work/eauten2s/ec_criteria_struct/lct/evaluate/eval_p3/model_output/Llama-3-8B-Instruct-Gradient-1048k_5_shot/output/Llama-3-8B-Instruct-Gradient-1048k_NCT03868397_exc_5_shot.json' gespeichert.
File: NCT03868397_inc 

Das File: /work/eauten2s/ec_criteria_struct/lct/input/lct_txt_half/NCT03868397_inc.txt wurde erfolgreich geladen.
Die Daten wurden erfolgreich in '/work/eauten2s/ec_criteria_struct/lct/evaluate/eval_p3/model_output/Llama-3-8B-Instruct-Gradient-1048k_5_shot/output/Llama-3-8B-Instruct-Gradient-1048k_NCT03868397_inc_5_shot.json' gespeichert.
File: NCT03868436_exc 

Das File: /work/eauten2s/ec_criteria_struct/lct/input/lct_txt_half/NCT03868436_exc.txt wurde erfolgreich geladen.
Die Daten wurden erfolgreich in '/work/eauten2s/ec_criteria_struct/lct/evaluate/eval_p3/model_output/Llama-3-8B-Instruct-Gradient-1048k_5_shot/output/Llama-3-8B-Instruct-Gradient-1048k_NCT03868436_exc_5_shot.json' gespeichert.
File: NCT03868436_inc 

Das File: /work/eauten2s/ec_criteria_struct/lct/input/lct_txt_half/NCT03868436_inc.txt wurde erfolgreich geladen.
Die Daten wurden erfolgreich in '/work/eauten2s/ec_criteria_struct/lct/evaluate/eval_p3/model_output/Llama-3-8B-Instruct-Gradient-1048k_5_shot/output/Llama-3-8B-Instruct-Gradient-1048k_NCT03868436_inc_5_shot.json' gespeichert.
File: NCT03868449_exc 

Das File: /work/eauten2s/ec_criteria_struct/lct/input/lct_txt_half/NCT03868449_exc.txt wurde erfolgreich geladen.
Die Daten wurden erfolgreich in '/work/eauten2s/ec_criteria_struct/lct/evaluate/eval_p3/model_output/Llama-3-8B-Instruct-Gradient-1048k_5_shot/output/Llama-3-8B-Instruct-Gradient-1048k_NCT03868449_exc_5_shot.json' gespeichert.
File: NCT03868449_inc 

Das File: /work/eauten2s/ec_criteria_struct/lct/input/lct_txt_half/NCT03868449_inc.txt wurde erfolgreich geladen.
Die Daten wurden erfolgreich in '/work/eauten2s/ec_criteria_struct/lct/evaluate/eval_p3/model_output/Llama-3-8B-Instruct-Gradient-1048k_5_shot/output/Llama-3-8B-Instruct-Gradient-1048k_NCT03868449_inc_5_shot.json' gespeichert.
File: NCT03868475_exc 

Das File: /work/eauten2s/ec_criteria_struct/lct/input/lct_txt_half/NCT03868475_exc.txt wurde erfolgreich geladen.
Die Daten wurden erfolgreich in '/work/eauten2s/ec_criteria_struct/lct/evaluate/eval_p3/model_output/Llama-3-8B-Instruct-Gradient-1048k_5_shot/output/Llama-3-8B-Instruct-Gradient-1048k_NCT03868475_exc_5_shot.json' gespeichert.
File: NCT03868475_inc 

Das File: /work/eauten2s/ec_criteria_struct/lct/input/lct_txt_half/NCT03868475_inc.txt wurde erfolgreich geladen.
Die Daten wurden erfolgreich in '/work/eauten2s/ec_criteria_struct/lct/evaluate/eval_p3/model_output/Llama-3-8B-Instruct-Gradient-1048k_5_shot/output/Llama-3-8B-Instruct-Gradient-1048k_NCT03868475_inc_5_shot.json' gespeichert.
File: NCT03868488_exc 

Das File: /work/eauten2s/ec_criteria_struct/lct/input/lct_txt_half/NCT03868488_exc.txt wurde erfolgreich geladen.
Die Daten wurden erfolgreich in '/work/eauten2s/ec_criteria_struct/lct/evaluate/eval_p3/model_output/Llama-3-8B-Instruct-Gradient-1048k_5_shot/output/Llama-3-8B-Instruct-Gradient-1048k_NCT03868488_exc_5_shot.json' gespeichert.
File: NCT03868488_inc 

Das File: /work/eauten2s/ec_criteria_struct/lct/input/lct_txt_half/NCT03868488_inc.txt wurde erfolgreich geladen.
Die Daten wurden erfolgreich in '/work/eauten2s/ec_criteria_struct/lct/evaluate/eval_p3/model_output/Llama-3-8B-Instruct-Gradient-1048k_5_shot/output/Llama-3-8B-Instruct-Gradient-1048k_NCT03868488_inc_5_shot.json' gespeichert.
File: NCT03868527_exc 

Das File: /work/eauten2s/ec_criteria_struct/lct/input/lct_txt_half/NCT03868527_exc.txt wurde erfolgreich geladen.
Die Daten wurden erfolgreich in '/work/eauten2s/ec_criteria_struct/lct/evaluate/eval_p3/model_output/Llama-3-8B-Instruct-Gradient-1048k_5_shot/output/Llama-3-8B-Instruct-Gradient-1048k_NCT03868527_exc_5_shot.json' gespeichert.
File: NCT03868527_inc 

Das File: /work/eauten2s/ec_criteria_struct/lct/input/lct_txt_half/NCT03868527_inc.txt wurde erfolgreich geladen.
Die Daten wurden erfolgreich in '/work/eauten2s/ec_criteria_struct/lct/evaluate/eval_p3/model_output/Llama-3-8B-Instruct-Gradient-1048k_5_shot/output/Llama-3-8B-Instruct-Gradient-1048k_NCT03868527_inc_5_shot.json' gespeichert.
File: NCT03868579_exc 

Das File: /work/eauten2s/ec_criteria_struct/lct/input/lct_txt_half/NCT03868579_exc.txt wurde erfolgreich geladen.
Die Daten wurden erfolgreich in '/work/eauten2s/ec_criteria_struct/lct/evaluate/eval_p3/model_output/Llama-3-8B-Instruct-Gradient-1048k_5_shot/output/Llama-3-8B-Instruct-Gradient-1048k_NCT03868579_exc_5_shot.json' gespeichert.
File: NCT03868579_inc 

Das File: /work/eauten2s/ec_criteria_struct/lct/input/lct_txt_half/NCT03868579_inc.txt wurde erfolgreich geladen.
Die Daten wurden erfolgreich in '/work/eauten2s/ec_criteria_struct/lct/evaluate/eval_p3/model_output/Llama-3-8B-Instruct-Gradient-1048k_5_shot/output/Llama-3-8B-Instruct-Gradient-1048k_NCT03868579_inc_5_shot.json' gespeichert.
File: NCT03868592_exc 

Das File: /work/eauten2s/ec_criteria_struct/lct/input/lct_txt_half/NCT03868592_exc.txt wurde erfolgreich geladen.
Die Daten wurden erfolgreich in '/work/eauten2s/ec_criteria_struct/lct/evaluate/eval_p3/model_output/Llama-3-8B-Instruct-Gradient-1048k_5_shot/output/Llama-3-8B-Instruct-Gradient-1048k_NCT03868592_exc_5_shot.json' gespeichert.
File: NCT03868592_inc 

Das File: /work/eauten2s/ec_criteria_struct/lct/input/lct_txt_half/NCT03868592_inc.txt wurde erfolgreich geladen.
Die Daten wurden erfolgreich in '/work/eauten2s/ec_criteria_struct/lct/evaluate/eval_p3/model_output/Llama-3-8B-Instruct-Gradient-1048k_5_shot/output/Llama-3-8B-Instruct-Gradient-1048k_NCT03868592_inc_5_shot.json' gespeichert.
File: NCT03868605_exc 

Das File: /work/eauten2s/ec_criteria_struct/lct/input/lct_txt_half/NCT03868605_exc.txt wurde erfolgreich geladen.
Die Daten wurden erfolgreich in '/work/eauten2s/ec_criteria_struct/lct/evaluate/eval_p3/model_output/Llama-3-8B-Instruct-Gradient-1048k_5_shot/output/Llama-3-8B-Instruct-Gradient-1048k_NCT03868605_exc_5_shot.json' gespeichert.
File: NCT03868605_inc 

Das File: /work/eauten2s/ec_criteria_struct/lct/input/lct_txt_half/NCT03868605_inc.txt wurde erfolgreich geladen.
Die Daten wurden erfolgreich in '/work/eauten2s/ec_criteria_struct/lct/evaluate/eval_p3/model_output/Llama-3-8B-Instruct-Gradient-1048k_5_shot/output/Llama-3-8B-Instruct-Gradient-1048k_NCT03868605_inc_5_shot.json' gespeichert.
File: NCT03868618_exc 

Das File: /work/eauten2s/ec_criteria_struct/lct/input/lct_txt_half/NCT03868618_exc.txt wurde erfolgreich geladen.
Die Daten wurden erfolgreich in '/work/eauten2s/ec_criteria_struct/lct/evaluate/eval_p3/model_output/Llama-3-8B-Instruct-Gradient-1048k_5_shot/output/Llama-3-8B-Instruct-Gradient-1048k_NCT03868618_exc_5_shot.json' gespeichert.
File: NCT03868618_inc 

Das File: /work/eauten2s/ec_criteria_struct/lct/input/lct_txt_half/NCT03868618_inc.txt wurde erfolgreich geladen.
Die Daten wurden erfolgreich in '/work/eauten2s/ec_criteria_struct/lct/evaluate/eval_p3/model_output/Llama-3-8B-Instruct-Gradient-1048k_5_shot/output/Llama-3-8B-Instruct-Gradient-1048k_NCT03868618_inc_5_shot.json' gespeichert.
File: NCT03868631_exc 

Das File: /work/eauten2s/ec_criteria_struct/lct/input/lct_txt_half/NCT03868631_exc.txt wurde erfolgreich geladen.
Die Daten wurden erfolgreich in '/work/eauten2s/ec_criteria_struct/lct/evaluate/eval_p3/model_output/Llama-3-8B-Instruct-Gradient-1048k_5_shot/output/Llama-3-8B-Instruct-Gradient-1048k_NCT03868631_exc_5_shot.json' gespeichert.
File: NCT03868631_inc 

Das File: /work/eauten2s/ec_criteria_struct/lct/input/lct_txt_half/NCT03868631_inc.txt wurde erfolgreich geladen.
Die Daten wurden erfolgreich in '/work/eauten2s/ec_criteria_struct/lct/evaluate/eval_p3/model_output/Llama-3-8B-Instruct-Gradient-1048k_5_shot/output/Llama-3-8B-Instruct-Gradient-1048k_NCT03868631_inc_5_shot.json' gespeichert.
File: NCT03868644_exc 

Das File: /work/eauten2s/ec_criteria_struct/lct/input/lct_txt_half/NCT03868644_exc.txt wurde erfolgreich geladen.
Die Daten wurden erfolgreich in '/work/eauten2s/ec_criteria_struct/lct/evaluate/eval_p3/model_output/Llama-3-8B-Instruct-Gradient-1048k_5_shot/output/Llama-3-8B-Instruct-Gradient-1048k_NCT03868644_exc_5_shot.json' gespeichert.
File: NCT03868644_inc 

Das File: /work/eauten2s/ec_criteria_struct/lct/input/lct_txt_half/NCT03868644_inc.txt wurde erfolgreich geladen.
Die Daten wurden erfolgreich in '/work/eauten2s/ec_criteria_struct/lct/evaluate/eval_p3/model_output/Llama-3-8B-Instruct-Gradient-1048k_5_shot/output/Llama-3-8B-Instruct-Gradient-1048k_NCT03868644_inc_5_shot.json' gespeichert.
File: NCT03868657_exc 

Das File: /work/eauten2s/ec_criteria_struct/lct/input/lct_txt_half/NCT03868657_exc.txt wurde erfolgreich geladen.
Die Daten wurden erfolgreich in '/work/eauten2s/ec_criteria_struct/lct/evaluate/eval_p3/model_output/Llama-3-8B-Instruct-Gradient-1048k_5_shot/output/Llama-3-8B-Instruct-Gradient-1048k_NCT03868657_exc_5_shot.json' gespeichert.
File: NCT03868657_inc 

Das File: /work/eauten2s/ec_criteria_struct/lct/input/lct_txt_half/NCT03868657_inc.txt wurde erfolgreich geladen.
Die Daten wurden erfolgreich in '/work/eauten2s/ec_criteria_struct/lct/evaluate/eval_p3/model_output/Llama-3-8B-Instruct-Gradient-1048k_5_shot/output/Llama-3-8B-Instruct-Gradient-1048k_NCT03868657_inc_5_shot.json' gespeichert.
File: NCT03868670_exc 

Das File: /work/eauten2s/ec_criteria_struct/lct/input/lct_txt_half/NCT03868670_exc.txt wurde erfolgreich geladen.
Die Daten wurden erfolgreich in '/work/eauten2s/ec_criteria_struct/lct/evaluate/eval_p3/model_output/Llama-3-8B-Instruct-Gradient-1048k_5_shot/output/Llama-3-8B-Instruct-Gradient-1048k_NCT03868670_exc_5_shot.json' gespeichert.
File: NCT03868670_inc 

Das File: /work/eauten2s/ec_criteria_struct/lct/input/lct_txt_half/NCT03868670_inc.txt wurde erfolgreich geladen.
Die Daten wurden erfolgreich in '/work/eauten2s/ec_criteria_struct/lct/evaluate/eval_p3/model_output/Llama-3-8B-Instruct-Gradient-1048k_5_shot/output/Llama-3-8B-Instruct-Gradient-1048k_NCT03868670_inc_5_shot.json' gespeichert.
File: NCT03868683_exc 

Das File: /work/eauten2s/ec_criteria_struct/lct/input/lct_txt_half/NCT03868683_exc.txt wurde erfolgreich geladen.
Die Daten wurden erfolgreich in '/work/eauten2s/ec_criteria_struct/lct/evaluate/eval_p3/model_output/Llama-3-8B-Instruct-Gradient-1048k_5_shot/output/Llama-3-8B-Instruct-Gradient-1048k_NCT03868683_exc_5_shot.json' gespeichert.
File: NCT03868683_inc 

Das File: /work/eauten2s/ec_criteria_struct/lct/input/lct_txt_half/NCT03868683_inc.txt wurde erfolgreich geladen.
Die Daten wurden erfolgreich in '/work/eauten2s/ec_criteria_struct/lct/evaluate/eval_p3/model_output/Llama-3-8B-Instruct-Gradient-1048k_5_shot/output/Llama-3-8B-Instruct-Gradient-1048k_NCT03868683_inc_5_shot.json' gespeichert.
File: NCT03868696_exc 

Das File: /work/eauten2s/ec_criteria_struct/lct/input/lct_txt_half/NCT03868696_exc.txt wurde erfolgreich geladen.
Die Daten wurden erfolgreich in '/work/eauten2s/ec_criteria_struct/lct/evaluate/eval_p3/model_output/Llama-3-8B-Instruct-Gradient-1048k_5_shot/output/Llama-3-8B-Instruct-Gradient-1048k_NCT03868696_exc_5_shot.json' gespeichert.
File: NCT03868696_inc 

Das File: /work/eauten2s/ec_criteria_struct/lct/input/lct_txt_half/NCT03868696_inc.txt wurde erfolgreich geladen.
Die Daten wurden erfolgreich in '/work/eauten2s/ec_criteria_struct/lct/evaluate/eval_p3/model_output/Llama-3-8B-Instruct-Gradient-1048k_5_shot/output/Llama-3-8B-Instruct-Gradient-1048k_NCT03868696_inc_5_shot.json' gespeichert.
File: NCT03868709_exc 

Das File: /work/eauten2s/ec_criteria_struct/lct/input/lct_txt_half/NCT03868709_exc.txt wurde erfolgreich geladen.
Die Daten wurden erfolgreich in '/work/eauten2s/ec_criteria_struct/lct/evaluate/eval_p3/model_output/Llama-3-8B-Instruct-Gradient-1048k_5_shot/output/Llama-3-8B-Instruct-Gradient-1048k_NCT03868709_exc_5_shot.json' gespeichert.
File: NCT03868709_inc 

Das File: /work/eauten2s/ec_criteria_struct/lct/input/lct_txt_half/NCT03868709_inc.txt wurde erfolgreich geladen.
Die Daten wurden erfolgreich in '/work/eauten2s/ec_criteria_struct/lct/evaluate/eval_p3/model_output/Llama-3-8B-Instruct-Gradient-1048k_5_shot/output/Llama-3-8B-Instruct-Gradient-1048k_NCT03868709_inc_5_shot.json' gespeichert.
File: NCT03868735_exc 

Das File: /work/eauten2s/ec_criteria_struct/lct/input/lct_txt_half/NCT03868735_exc.txt wurde erfolgreich geladen.
Die Daten wurden erfolgreich in '/work/eauten2s/ec_criteria_struct/lct/evaluate/eval_p3/model_output/Llama-3-8B-Instruct-Gradient-1048k_5_shot/output/Llama-3-8B-Instruct-Gradient-1048k_NCT03868735_exc_5_shot.json' gespeichert.
File: NCT03868735_inc 

Das File: /work/eauten2s/ec_criteria_struct/lct/input/lct_txt_half/NCT03868735_inc.txt wurde erfolgreich geladen.
Die Daten wurden erfolgreich in '/work/eauten2s/ec_criteria_struct/lct/evaluate/eval_p3/model_output/Llama-3-8B-Instruct-Gradient-1048k_5_shot/output/Llama-3-8B-Instruct-Gradient-1048k_NCT03868735_inc_5_shot.json' gespeichert.
File: NCT03868761_exc 

Das File: /work/eauten2s/ec_criteria_struct/lct/input/lct_txt_half/NCT03868761_exc.txt wurde erfolgreich geladen.
Die Daten wurden erfolgreich in '/work/eauten2s/ec_criteria_struct/lct/evaluate/eval_p3/model_output/Llama-3-8B-Instruct-Gradient-1048k_5_shot/output/Llama-3-8B-Instruct-Gradient-1048k_NCT03868761_exc_5_shot.json' gespeichert.
File: NCT03868761_inc 

Das File: /work/eauten2s/ec_criteria_struct/lct/input/lct_txt_half/NCT03868761_inc.txt wurde erfolgreich geladen.
Die Daten wurden erfolgreich in '/work/eauten2s/ec_criteria_struct/lct/evaluate/eval_p3/model_output/Llama-3-8B-Instruct-Gradient-1048k_5_shot/output/Llama-3-8B-Instruct-Gradient-1048k_NCT03868761_inc_5_shot.json' gespeichert.
File: NCT03868774_exc 

Das File: /work/eauten2s/ec_criteria_struct/lct/input/lct_txt_half/NCT03868774_exc.txt wurde erfolgreich geladen.
Die Daten wurden erfolgreich in '/work/eauten2s/ec_criteria_struct/lct/evaluate/eval_p3/model_output/Llama-3-8B-Instruct-Gradient-1048k_5_shot/output/Llama-3-8B-Instruct-Gradient-1048k_NCT03868774_exc_5_shot.json' gespeichert.
File: NCT03868774_inc 

Das File: /work/eauten2s/ec_criteria_struct/lct/input/lct_txt_half/NCT03868774_inc.txt wurde erfolgreich geladen.
Die Daten wurden erfolgreich in '/work/eauten2s/ec_criteria_struct/lct/evaluate/eval_p3/model_output/Llama-3-8B-Instruct-Gradient-1048k_5_shot/output/Llama-3-8B-Instruct-Gradient-1048k_NCT03868774_inc_5_shot.json' gespeichert.
File: NCT03868787_exc 

Das File: /work/eauten2s/ec_criteria_struct/lct/input/lct_txt_half/NCT03868787_exc.txt wurde erfolgreich geladen.
Die Daten wurden erfolgreich in '/work/eauten2s/ec_criteria_struct/lct/evaluate/eval_p3/model_output/Llama-3-8B-Instruct-Gradient-1048k_5_shot/output/Llama-3-8B-Instruct-Gradient-1048k_NCT03868787_exc_5_shot.json' gespeichert.
File: NCT03868787_inc 

Das File: /work/eauten2s/ec_criteria_struct/lct/input/lct_txt_half/NCT03868787_inc.txt wurde erfolgreich geladen.
Die Daten wurden erfolgreich in '/work/eauten2s/ec_criteria_struct/lct/evaluate/eval_p3/model_output/Llama-3-8B-Instruct-Gradient-1048k_5_shot/output/Llama-3-8B-Instruct-Gradient-1048k_NCT03868787_inc_5_shot.json' gespeichert.
File: NCT03868800_exc 

Das File: /work/eauten2s/ec_criteria_struct/lct/input/lct_txt_half/NCT03868800_exc.txt wurde erfolgreich geladen.
Die Daten wurden erfolgreich in '/work/eauten2s/ec_criteria_struct/lct/evaluate/eval_p3/model_output/Llama-3-8B-Instruct-Gradient-1048k_5_shot/output/Llama-3-8B-Instruct-Gradient-1048k_NCT03868800_exc_5_shot.json' gespeichert.
File: NCT03868800_inc 

Das File: /work/eauten2s/ec_criteria_struct/lct/input/lct_txt_half/NCT03868800_inc.txt wurde erfolgreich geladen.
Die Daten wurden erfolgreich in '/work/eauten2s/ec_criteria_struct/lct/evaluate/eval_p3/model_output/Llama-3-8B-Instruct-Gradient-1048k_5_shot/output/Llama-3-8B-Instruct-Gradient-1048k_NCT03868800_inc_5_shot.json' gespeichert.
File: NCT03868826_exc 

Das File: /work/eauten2s/ec_criteria_struct/lct/input/lct_txt_half/NCT03868826_exc.txt wurde erfolgreich geladen.
Die Daten wurden erfolgreich in '/work/eauten2s/ec_criteria_struct/lct/evaluate/eval_p3/model_output/Llama-3-8B-Instruct-Gradient-1048k_5_shot/output/Llama-3-8B-Instruct-Gradient-1048k_NCT03868826_exc_5_shot.json' gespeichert.
File: NCT03868826_inc 

Das File: /work/eauten2s/ec_criteria_struct/lct/input/lct_txt_half/NCT03868826_inc.txt wurde erfolgreich geladen.
Die Daten wurden erfolgreich in '/work/eauten2s/ec_criteria_struct/lct/evaluate/eval_p3/model_output/Llama-3-8B-Instruct-Gradient-1048k_5_shot/output/Llama-3-8B-Instruct-Gradient-1048k_NCT03868826_inc_5_shot.json' gespeichert.
File: NCT03868852_inc 

Das File: /work/eauten2s/ec_criteria_struct/lct/input/lct_txt_half/NCT03868852_inc.txt wurde erfolgreich geladen.
Die Daten wurden erfolgreich in '/work/eauten2s/ec_criteria_struct/lct/evaluate/eval_p3/model_output/Llama-3-8B-Instruct-Gradient-1048k_5_shot/output/Llama-3-8B-Instruct-Gradient-1048k_NCT03868852_inc_5_shot.json' gespeichert.
File: NCT03868865_exc 

Das File: /work/eauten2s/ec_criteria_struct/lct/input/lct_txt_half/NCT03868865_exc.txt wurde erfolgreich geladen.
Die Daten wurden erfolgreich in '/work/eauten2s/ec_criteria_struct/lct/evaluate/eval_p3/model_output/Llama-3-8B-Instruct-Gradient-1048k_5_shot/output/Llama-3-8B-Instruct-Gradient-1048k_NCT03868865_exc_5_shot.json' gespeichert.
File: NCT03868865_inc 

Das File: /work/eauten2s/ec_criteria_struct/lct/input/lct_txt_half/NCT03868865_inc.txt wurde erfolgreich geladen.
Die Daten wurden erfolgreich in '/work/eauten2s/ec_criteria_struct/lct/evaluate/eval_p3/model_output/Llama-3-8B-Instruct-Gradient-1048k_5_shot/output/Llama-3-8B-Instruct-Gradient-1048k_NCT03868865_inc_5_shot.json' gespeichert.
File: NCT03868878_exc 

Das File: /work/eauten2s/ec_criteria_struct/lct/input/lct_txt_half/NCT03868878_exc.txt wurde erfolgreich geladen.
Die Daten wurden erfolgreich in '/work/eauten2s/ec_criteria_struct/lct/evaluate/eval_p3/model_output/Llama-3-8B-Instruct-Gradient-1048k_5_shot/output/Llama-3-8B-Instruct-Gradient-1048k_NCT03868878_exc_5_shot.json' gespeichert.
File: NCT03868878_inc 

Das File: /work/eauten2s/ec_criteria_struct/lct/input/lct_txt_half/NCT03868878_inc.txt wurde erfolgreich geladen.
Die Daten wurden erfolgreich in '/work/eauten2s/ec_criteria_struct/lct/evaluate/eval_p3/model_output/Llama-3-8B-Instruct-Gradient-1048k_5_shot/output/Llama-3-8B-Instruct-Gradient-1048k_NCT03868878_inc_5_shot.json' gespeichert.
File: NCT03868891_exc 

Das File: /work/eauten2s/ec_criteria_struct/lct/input/lct_txt_half/NCT03868891_exc.txt wurde erfolgreich geladen.
Die Daten wurden erfolgreich in '/work/eauten2s/ec_criteria_struct/lct/evaluate/eval_p3/model_output/Llama-3-8B-Instruct-Gradient-1048k_5_shot/output/Llama-3-8B-Instruct-Gradient-1048k_NCT03868891_exc_5_shot.json' gespeichert.
File: NCT03868891_inc 

Das File: /work/eauten2s/ec_criteria_struct/lct/input/lct_txt_half/NCT03868891_inc.txt wurde erfolgreich geladen.
Die Daten wurden erfolgreich in '/work/eauten2s/ec_criteria_struct/lct/evaluate/eval_p3/model_output/Llama-3-8B-Instruct-Gradient-1048k_5_shot/output/Llama-3-8B-Instruct-Gradient-1048k_NCT03868891_inc_5_shot.json' gespeichert.
File: NCT03868904_exc 

Das File: /work/eauten2s/ec_criteria_struct/lct/input/lct_txt_half/NCT03868904_exc.txt wurde erfolgreich geladen.
Die Daten wurden erfolgreich in '/work/eauten2s/ec_criteria_struct/lct/evaluate/eval_p3/model_output/Llama-3-8B-Instruct-Gradient-1048k_5_shot/output/Llama-3-8B-Instruct-Gradient-1048k_NCT03868904_exc_5_shot.json' gespeichert.
File: NCT03868904_inc 

Das File: /work/eauten2s/ec_criteria_struct/lct/input/lct_txt_half/NCT03868904_inc.txt wurde erfolgreich geladen.
Die Daten wurden erfolgreich in '/work/eauten2s/ec_criteria_struct/lct/evaluate/eval_p3/model_output/Llama-3-8B-Instruct-Gradient-1048k_5_shot/output/Llama-3-8B-Instruct-Gradient-1048k_NCT03868904_inc_5_shot.json' gespeichert.
File: NCT03868917_exc 

Das File: /work/eauten2s/ec_criteria_struct/lct/input/lct_txt_half/NCT03868917_exc.txt wurde erfolgreich geladen.
Die Daten wurden erfolgreich in '/work/eauten2s/ec_criteria_struct/lct/evaluate/eval_p3/model_output/Llama-3-8B-Instruct-Gradient-1048k_5_shot/output/Llama-3-8B-Instruct-Gradient-1048k_NCT03868917_exc_5_shot.json' gespeichert.
File: NCT03868917_inc 

Das File: /work/eauten2s/ec_criteria_struct/lct/input/lct_txt_half/NCT03868917_inc.txt wurde erfolgreich geladen.
Die Daten wurden erfolgreich in '/work/eauten2s/ec_criteria_struct/lct/evaluate/eval_p3/model_output/Llama-3-8B-Instruct-Gradient-1048k_5_shot/output/Llama-3-8B-Instruct-Gradient-1048k_NCT03868917_inc_5_shot.json' gespeichert.
File: NCT03868930_exc 

Das File: /work/eauten2s/ec_criteria_struct/lct/input/lct_txt_half/NCT03868930_exc.txt wurde erfolgreich geladen.
Die Daten wurden erfolgreich in '/work/eauten2s/ec_criteria_struct/lct/evaluate/eval_p3/model_output/Llama-3-8B-Instruct-Gradient-1048k_5_shot/output/Llama-3-8B-Instruct-Gradient-1048k_NCT03868930_exc_5_shot.json' gespeichert.
File: NCT03868930_inc 

Das File: /work/eauten2s/ec_criteria_struct/lct/input/lct_txt_half/NCT03868930_inc.txt wurde erfolgreich geladen.
Die Daten wurden erfolgreich in '/work/eauten2s/ec_criteria_struct/lct/evaluate/eval_p3/model_output/Llama-3-8B-Instruct-Gradient-1048k_5_shot/output/Llama-3-8B-Instruct-Gradient-1048k_NCT03868930_inc_5_shot.json' gespeichert.
File: NCT03868956_exc 

Das File: /work/eauten2s/ec_criteria_struct/lct/input/lct_txt_half/NCT03868956_exc.txt wurde erfolgreich geladen.
Die Daten wurden erfolgreich in '/work/eauten2s/ec_criteria_struct/lct/evaluate/eval_p3/model_output/Llama-3-8B-Instruct-Gradient-1048k_5_shot/output/Llama-3-8B-Instruct-Gradient-1048k_NCT03868956_exc_5_shot.json' gespeichert.
File: NCT03868956_inc 

Das File: /work/eauten2s/ec_criteria_struct/lct/input/lct_txt_half/NCT03868956_inc.txt wurde erfolgreich geladen.
Die Daten wurden erfolgreich in '/work/eauten2s/ec_criteria_struct/lct/evaluate/eval_p3/model_output/Llama-3-8B-Instruct-Gradient-1048k_5_shot/output/Llama-3-8B-Instruct-Gradient-1048k_NCT03868956_inc_5_shot.json' gespeichert.
File: NCT03868969_exc 

Das File: /work/eauten2s/ec_criteria_struct/lct/input/lct_txt_half/NCT03868969_exc.txt wurde erfolgreich geladen.
Die Daten wurden erfolgreich in '/work/eauten2s/ec_criteria_struct/lct/evaluate/eval_p3/model_output/Llama-3-8B-Instruct-Gradient-1048k_5_shot/output/Llama-3-8B-Instruct-Gradient-1048k_NCT03868969_exc_5_shot.json' gespeichert.
File: NCT03868969_inc 

Das File: /work/eauten2s/ec_criteria_struct/lct/input/lct_txt_half/NCT03868969_inc.txt wurde erfolgreich geladen.
Die Daten wurden erfolgreich in '/work/eauten2s/ec_criteria_struct/lct/evaluate/eval_p3/model_output/Llama-3-8B-Instruct-Gradient-1048k_5_shot/output/Llama-3-8B-Instruct-Gradient-1048k_NCT03868969_inc_5_shot.json' gespeichert.
File: NCT03868982_exc 

Das File: /work/eauten2s/ec_criteria_struct/lct/input/lct_txt_half/NCT03868982_exc.txt wurde erfolgreich geladen.
Die Daten wurden erfolgreich in '/work/eauten2s/ec_criteria_struct/lct/evaluate/eval_p3/model_output/Llama-3-8B-Instruct-Gradient-1048k_5_shot/output/Llama-3-8B-Instruct-Gradient-1048k_NCT03868982_exc_5_shot.json' gespeichert.
File: NCT03868982_inc 

Das File: /work/eauten2s/ec_criteria_struct/lct/input/lct_txt_half/NCT03868982_inc.txt wurde erfolgreich geladen.
Die Daten wurden erfolgreich in '/work/eauten2s/ec_criteria_struct/lct/evaluate/eval_p3/model_output/Llama-3-8B-Instruct-Gradient-1048k_5_shot/output/Llama-3-8B-Instruct-Gradient-1048k_NCT03868982_inc_5_shot.json' gespeichert.
File: NCT03868995_exc 

Das File: /work/eauten2s/ec_criteria_struct/lct/input/lct_txt_half/NCT03868995_exc.txt wurde erfolgreich geladen.
Die Daten wurden erfolgreich in '/work/eauten2s/ec_criteria_struct/lct/evaluate/eval_p3/model_output/Llama-3-8B-Instruct-Gradient-1048k_5_shot/output/Llama-3-8B-Instruct-Gradient-1048k_NCT03868995_exc_5_shot.json' gespeichert.
File: NCT03868995_inc 

Das File: /work/eauten2s/ec_criteria_struct/lct/input/lct_txt_half/NCT03868995_inc.txt wurde erfolgreich geladen.
Die Daten wurden erfolgreich in '/work/eauten2s/ec_criteria_struct/lct/evaluate/eval_p3/model_output/Llama-3-8B-Instruct-Gradient-1048k_5_shot/output/Llama-3-8B-Instruct-Gradient-1048k_NCT03868995_inc_5_shot.json' gespeichert.
File: NCT03869008_exc 

Das File: /work/eauten2s/ec_criteria_struct/lct/input/lct_txt_half/NCT03869008_exc.txt wurde erfolgreich geladen.
Die Daten wurden erfolgreich in '/work/eauten2s/ec_criteria_struct/lct/evaluate/eval_p3/model_output/Llama-3-8B-Instruct-Gradient-1048k_5_shot/output/Llama-3-8B-Instruct-Gradient-1048k_NCT03869008_exc_5_shot.json' gespeichert.
File: NCT03869021_exc 

Das File: /work/eauten2s/ec_criteria_struct/lct/input/lct_txt_half/NCT03869021_exc.txt wurde erfolgreich geladen.
Die Daten wurden erfolgreich in '/work/eauten2s/ec_criteria_struct/lct/evaluate/eval_p3/model_output/Llama-3-8B-Instruct-Gradient-1048k_5_shot/output/Llama-3-8B-Instruct-Gradient-1048k_NCT03869021_exc_5_shot.json' gespeichert.
File: NCT03869021_inc 

Das File: /work/eauten2s/ec_criteria_struct/lct/input/lct_txt_half/NCT03869021_inc.txt wurde erfolgreich geladen.
Die Daten wurden erfolgreich in '/work/eauten2s/ec_criteria_struct/lct/evaluate/eval_p3/model_output/Llama-3-8B-Instruct-Gradient-1048k_5_shot/output/Llama-3-8B-Instruct-Gradient-1048k_NCT03869021_inc_5_shot.json' gespeichert.
File: NCT03869047_exc 

Das File: /work/eauten2s/ec_criteria_struct/lct/input/lct_txt_half/NCT03869047_exc.txt wurde erfolgreich geladen.
Die Daten wurden erfolgreich in '/work/eauten2s/ec_criteria_struct/lct/evaluate/eval_p3/model_output/Llama-3-8B-Instruct-Gradient-1048k_5_shot/output/Llama-3-8B-Instruct-Gradient-1048k_NCT03869047_exc_5_shot.json' gespeichert.
File: NCT03869047_inc 

Das File: /work/eauten2s/ec_criteria_struct/lct/input/lct_txt_half/NCT03869047_inc.txt wurde erfolgreich geladen.
Die Daten wurden erfolgreich in '/work/eauten2s/ec_criteria_struct/lct/evaluate/eval_p3/model_output/Llama-3-8B-Instruct-Gradient-1048k_5_shot/output/Llama-3-8B-Instruct-Gradient-1048k_NCT03869047_inc_5_shot.json' gespeichert.
File: NCT03869073_exc 

Das File: /work/eauten2s/ec_criteria_struct/lct/input/lct_txt_half/NCT03869073_exc.txt wurde erfolgreich geladen.
Die Daten wurden erfolgreich in '/work/eauten2s/ec_criteria_struct/lct/evaluate/eval_p3/model_output/Llama-3-8B-Instruct-Gradient-1048k_5_shot/output/Llama-3-8B-Instruct-Gradient-1048k_NCT03869073_exc_5_shot.json' gespeichert.
File: NCT03869073_inc 

Das File: /work/eauten2s/ec_criteria_struct/lct/input/lct_txt_half/NCT03869073_inc.txt wurde erfolgreich geladen.
Die Daten wurden erfolgreich in '/work/eauten2s/ec_criteria_struct/lct/evaluate/eval_p3/model_output/Llama-3-8B-Instruct-Gradient-1048k_5_shot/output/Llama-3-8B-Instruct-Gradient-1048k_NCT03869073_inc_5_shot.json' gespeichert.
File: NCT03869086_exc 

Das File: /work/eauten2s/ec_criteria_struct/lct/input/lct_txt_half/NCT03869086_exc.txt wurde erfolgreich geladen.
Die Daten wurden erfolgreich in '/work/eauten2s/ec_criteria_struct/lct/evaluate/eval_p3/model_output/Llama-3-8B-Instruct-Gradient-1048k_5_shot/output/Llama-3-8B-Instruct-Gradient-1048k_NCT03869086_exc_5_shot.json' gespeichert.
File: NCT03869086_inc 

Das File: /work/eauten2s/ec_criteria_struct/lct/input/lct_txt_half/NCT03869086_inc.txt wurde erfolgreich geladen.
Die Daten wurden erfolgreich in '/work/eauten2s/ec_criteria_struct/lct/evaluate/eval_p3/model_output/Llama-3-8B-Instruct-Gradient-1048k_5_shot/output/Llama-3-8B-Instruct-Gradient-1048k_NCT03869086_inc_5_shot.json' gespeichert.
File: NCT03869112_exc 

Das File: /work/eauten2s/ec_criteria_struct/lct/input/lct_txt_half/NCT03869112_exc.txt wurde erfolgreich geladen.
Die Daten wurden erfolgreich in '/work/eauten2s/ec_criteria_struct/lct/evaluate/eval_p3/model_output/Llama-3-8B-Instruct-Gradient-1048k_5_shot/output/Llama-3-8B-Instruct-Gradient-1048k_NCT03869112_exc_5_shot.json' gespeichert.
File: NCT03869112_inc 

Das File: /work/eauten2s/ec_criteria_struct/lct/input/lct_txt_half/NCT03869112_inc.txt wurde erfolgreich geladen.
Die Daten wurden erfolgreich in '/work/eauten2s/ec_criteria_struct/lct/evaluate/eval_p3/model_output/Llama-3-8B-Instruct-Gradient-1048k_5_shot/output/Llama-3-8B-Instruct-Gradient-1048k_NCT03869112_inc_5_shot.json' gespeichert.
File: NCT03869125_exc 

Das File: /work/eauten2s/ec_criteria_struct/lct/input/lct_txt_half/NCT03869125_exc.txt wurde erfolgreich geladen.
Die Daten wurden erfolgreich in '/work/eauten2s/ec_criteria_struct/lct/evaluate/eval_p3/model_output/Llama-3-8B-Instruct-Gradient-1048k_5_shot/output/Llama-3-8B-Instruct-Gradient-1048k_NCT03869125_exc_5_shot.json' gespeichert.
File: NCT03869125_inc 

Das File: /work/eauten2s/ec_criteria_struct/lct/input/lct_txt_half/NCT03869125_inc.txt wurde erfolgreich geladen.
Die Daten wurden erfolgreich in '/work/eauten2s/ec_criteria_struct/lct/evaluate/eval_p3/model_output/Llama-3-8B-Instruct-Gradient-1048k_5_shot/output/Llama-3-8B-Instruct-Gradient-1048k_NCT03869125_inc_5_shot.json' gespeichert.
File: NCT03869151_exc 

Das File: /work/eauten2s/ec_criteria_struct/lct/input/lct_txt_half/NCT03869151_exc.txt wurde erfolgreich geladen.
Die Daten wurden erfolgreich in '/work/eauten2s/ec_criteria_struct/lct/evaluate/eval_p3/model_output/Llama-3-8B-Instruct-Gradient-1048k_5_shot/output/Llama-3-8B-Instruct-Gradient-1048k_NCT03869151_exc_5_shot.json' gespeichert.
File: NCT03869164_exc 

Das File: /work/eauten2s/ec_criteria_struct/lct/input/lct_txt_half/NCT03869164_exc.txt wurde erfolgreich geladen.
Die Daten wurden erfolgreich in '/work/eauten2s/ec_criteria_struct/lct/evaluate/eval_p3/model_output/Llama-3-8B-Instruct-Gradient-1048k_5_shot/output/Llama-3-8B-Instruct-Gradient-1048k_NCT03869164_exc_5_shot.json' gespeichert.
File: NCT03869164_inc 

Das File: /work/eauten2s/ec_criteria_struct/lct/input/lct_txt_half/NCT03869164_inc.txt wurde erfolgreich geladen.
Die Daten wurden erfolgreich in '/work/eauten2s/ec_criteria_struct/lct/evaluate/eval_p3/model_output/Llama-3-8B-Instruct-Gradient-1048k_5_shot/output/Llama-3-8B-Instruct-Gradient-1048k_NCT03869164_inc_5_shot.json' gespeichert.
File: NCT03869203_exc 

Das File: /work/eauten2s/ec_criteria_struct/lct/input/lct_txt_half/NCT03869203_exc.txt wurde erfolgreich geladen.
Die Daten wurden erfolgreich in '/work/eauten2s/ec_criteria_struct/lct/evaluate/eval_p3/model_output/Llama-3-8B-Instruct-Gradient-1048k_5_shot/output/Llama-3-8B-Instruct-Gradient-1048k_NCT03869203_exc_5_shot.json' gespeichert.
File: NCT03869203_inc 

Das File: /work/eauten2s/ec_criteria_struct/lct/input/lct_txt_half/NCT03869203_inc.txt wurde erfolgreich geladen.
Die Daten wurden erfolgreich in '/work/eauten2s/ec_criteria_struct/lct/evaluate/eval_p3/model_output/Llama-3-8B-Instruct-Gradient-1048k_5_shot/output/Llama-3-8B-Instruct-Gradient-1048k_NCT03869203_inc_5_shot.json' gespeichert.
File: NCT03869216_exc 

Das File: /work/eauten2s/ec_criteria_struct/lct/input/lct_txt_half/NCT03869216_exc.txt wurde erfolgreich geladen.
Die Daten wurden erfolgreich in '/work/eauten2s/ec_criteria_struct/lct/evaluate/eval_p3/model_output/Llama-3-8B-Instruct-Gradient-1048k_5_shot/output/Llama-3-8B-Instruct-Gradient-1048k_NCT03869216_exc_5_shot.json' gespeichert.
File: NCT03869216_inc 

Das File: /work/eauten2s/ec_criteria_struct/lct/input/lct_txt_half/NCT03869216_inc.txt wurde erfolgreich geladen.
Die Daten wurden erfolgreich in '/work/eauten2s/ec_criteria_struct/lct/evaluate/eval_p3/model_output/Llama-3-8B-Instruct-Gradient-1048k_5_shot/output/Llama-3-8B-Instruct-Gradient-1048k_NCT03869216_inc_5_shot.json' gespeichert.
File: NCT03869255_exc 

Das File: /work/eauten2s/ec_criteria_struct/lct/input/lct_txt_half/NCT03869255_exc.txt wurde erfolgreich geladen.
Die Daten wurden erfolgreich in '/work/eauten2s/ec_criteria_struct/lct/evaluate/eval_p3/model_output/Llama-3-8B-Instruct-Gradient-1048k_5_shot/output/Llama-3-8B-Instruct-Gradient-1048k_NCT03869255_exc_5_shot.json' gespeichert.
File: NCT03869255_inc 

Das File: /work/eauten2s/ec_criteria_struct/lct/input/lct_txt_half/NCT03869255_inc.txt wurde erfolgreich geladen.
Die Daten wurden erfolgreich in '/work/eauten2s/ec_criteria_struct/lct/evaluate/eval_p3/model_output/Llama-3-8B-Instruct-Gradient-1048k_5_shot/output/Llama-3-8B-Instruct-Gradient-1048k_NCT03869255_inc_5_shot.json' gespeichert.
File: NCT03869281_exc 

Das File: /work/eauten2s/ec_criteria_struct/lct/input/lct_txt_half/NCT03869281_exc.txt wurde erfolgreich geladen.
Die Daten wurden erfolgreich in '/work/eauten2s/ec_criteria_struct/lct/evaluate/eval_p3/model_output/Llama-3-8B-Instruct-Gradient-1048k_5_shot/output/Llama-3-8B-Instruct-Gradient-1048k_NCT03869281_exc_5_shot.json' gespeichert.
File: NCT03869281_inc 

Das File: /work/eauten2s/ec_criteria_struct/lct/input/lct_txt_half/NCT03869281_inc.txt wurde erfolgreich geladen.
Die Daten wurden erfolgreich in '/work/eauten2s/ec_criteria_struct/lct/evaluate/eval_p3/model_output/Llama-3-8B-Instruct-Gradient-1048k_5_shot/output/Llama-3-8B-Instruct-Gradient-1048k_NCT03869281_inc_5_shot.json' gespeichert.
File: NCT03869294_exc 

Das File: /work/eauten2s/ec_criteria_struct/lct/input/lct_txt_half/NCT03869294_exc.txt wurde erfolgreich geladen.
Die Daten wurden erfolgreich in '/work/eauten2s/ec_criteria_struct/lct/evaluate/eval_p3/model_output/Llama-3-8B-Instruct-Gradient-1048k_5_shot/output/Llama-3-8B-Instruct-Gradient-1048k_NCT03869294_exc_5_shot.json' gespeichert.
File: NCT03869294_inc 

Das File: /work/eauten2s/ec_criteria_struct/lct/input/lct_txt_half/NCT03869294_inc.txt wurde erfolgreich geladen.
Die Daten wurden erfolgreich in '/work/eauten2s/ec_criteria_struct/lct/evaluate/eval_p3/model_output/Llama-3-8B-Instruct-Gradient-1048k_5_shot/output/Llama-3-8B-Instruct-Gradient-1048k_NCT03869294_inc_5_shot.json' gespeichert.
File: NCT03869307_exc 

Das File: /work/eauten2s/ec_criteria_struct/lct/input/lct_txt_half/NCT03869307_exc.txt wurde erfolgreich geladen.
Die Daten wurden erfolgreich in '/work/eauten2s/ec_criteria_struct/lct/evaluate/eval_p3/model_output/Llama-3-8B-Instruct-Gradient-1048k_5_shot/output/Llama-3-8B-Instruct-Gradient-1048k_NCT03869307_exc_5_shot.json' gespeichert.
File: NCT03869307_inc 

Das File: /work/eauten2s/ec_criteria_struct/lct/input/lct_txt_half/NCT03869307_inc.txt wurde erfolgreich geladen.
Die Daten wurden erfolgreich in '/work/eauten2s/ec_criteria_struct/lct/evaluate/eval_p3/model_output/Llama-3-8B-Instruct-Gradient-1048k_5_shot/output/Llama-3-8B-Instruct-Gradient-1048k_NCT03869307_inc_5_shot.json' gespeichert.
File: NCT03869346_exc 

Das File: /work/eauten2s/ec_criteria_struct/lct/input/lct_txt_half/NCT03869346_exc.txt wurde erfolgreich geladen.
Die Daten wurden erfolgreich in '/work/eauten2s/ec_criteria_struct/lct/evaluate/eval_p3/model_output/Llama-3-8B-Instruct-Gradient-1048k_5_shot/output/Llama-3-8B-Instruct-Gradient-1048k_NCT03869346_exc_5_shot.json' gespeichert.
File: NCT03869346_inc 

Das File: /work/eauten2s/ec_criteria_struct/lct/input/lct_txt_half/NCT03869346_inc.txt wurde erfolgreich geladen.
Die Daten wurden erfolgreich in '/work/eauten2s/ec_criteria_struct/lct/evaluate/eval_p3/model_output/Llama-3-8B-Instruct-Gradient-1048k_5_shot/output/Llama-3-8B-Instruct-Gradient-1048k_NCT03869346_inc_5_shot.json' gespeichert.
File: NCT03869359_exc 

Das File: /work/eauten2s/ec_criteria_struct/lct/input/lct_txt_half/NCT03869359_exc.txt wurde erfolgreich geladen.
Die Daten wurden erfolgreich in '/work/eauten2s/ec_criteria_struct/lct/evaluate/eval_p3/model_output/Llama-3-8B-Instruct-Gradient-1048k_5_shot/output/Llama-3-8B-Instruct-Gradient-1048k_NCT03869359_exc_5_shot.json' gespeichert.
File: NCT03869359_inc 

Das File: /work/eauten2s/ec_criteria_struct/lct/input/lct_txt_half/NCT03869359_inc.txt wurde erfolgreich geladen.
Die Daten wurden erfolgreich in '/work/eauten2s/ec_criteria_struct/lct/evaluate/eval_p3/model_output/Llama-3-8B-Instruct-Gradient-1048k_5_shot/output/Llama-3-8B-Instruct-Gradient-1048k_NCT03869359_inc_5_shot.json' gespeichert.
File: NCT03869372_exc 

Das File: /work/eauten2s/ec_criteria_struct/lct/input/lct_txt_half/NCT03869372_exc.txt wurde erfolgreich geladen.
Die Daten wurden erfolgreich in '/work/eauten2s/ec_criteria_struct/lct/evaluate/eval_p3/model_output/Llama-3-8B-Instruct-Gradient-1048k_5_shot/output/Llama-3-8B-Instruct-Gradient-1048k_NCT03869372_exc_5_shot.json' gespeichert.
File: NCT03869372_inc 

Das File: /work/eauten2s/ec_criteria_struct/lct/input/lct_txt_half/NCT03869372_inc.txt wurde erfolgreich geladen.
Die Daten wurden erfolgreich in '/work/eauten2s/ec_criteria_struct/lct/evaluate/eval_p3/model_output/Llama-3-8B-Instruct-Gradient-1048k_5_shot/output/Llama-3-8B-Instruct-Gradient-1048k_NCT03869372_inc_5_shot.json' gespeichert.
File: NCT03869398_exc 

Das File: /work/eauten2s/ec_criteria_struct/lct/input/lct_txt_half/NCT03869398_exc.txt wurde erfolgreich geladen.
Die Daten wurden erfolgreich in '/work/eauten2s/ec_criteria_struct/lct/evaluate/eval_p3/model_output/Llama-3-8B-Instruct-Gradient-1048k_5_shot/output/Llama-3-8B-Instruct-Gradient-1048k_NCT03869398_exc_5_shot.json' gespeichert.
File: NCT03869398_inc 

Das File: /work/eauten2s/ec_criteria_struct/lct/input/lct_txt_half/NCT03869398_inc.txt wurde erfolgreich geladen.
Die Daten wurden erfolgreich in '/work/eauten2s/ec_criteria_struct/lct/evaluate/eval_p3/model_output/Llama-3-8B-Instruct-Gradient-1048k_5_shot/output/Llama-3-8B-Instruct-Gradient-1048k_NCT03869398_inc_5_shot.json' gespeichert.
File: NCT03869411_exc 

Das File: /work/eauten2s/ec_criteria_struct/lct/input/lct_txt_half/NCT03869411_exc.txt wurde erfolgreich geladen.
Die Daten wurden erfolgreich in '/work/eauten2s/ec_criteria_struct/lct/evaluate/eval_p3/model_output/Llama-3-8B-Instruct-Gradient-1048k_5_shot/output/Llama-3-8B-Instruct-Gradient-1048k_NCT03869411_exc_5_shot.json' gespeichert.
File: NCT03869411_inc 

Das File: /work/eauten2s/ec_criteria_struct/lct/input/lct_txt_half/NCT03869411_inc.txt wurde erfolgreich geladen.
Die Daten wurden erfolgreich in '/work/eauten2s/ec_criteria_struct/lct/evaluate/eval_p3/model_output/Llama-3-8B-Instruct-Gradient-1048k_5_shot/output/Llama-3-8B-Instruct-Gradient-1048k_NCT03869411_inc_5_shot.json' gespeichert.
File: NCT03869424_exc 

Das File: /work/eauten2s/ec_criteria_struct/lct/input/lct_txt_half/NCT03869424_exc.txt wurde erfolgreich geladen.
Die Daten wurden erfolgreich in '/work/eauten2s/ec_criteria_struct/lct/evaluate/eval_p3/model_output/Llama-3-8B-Instruct-Gradient-1048k_5_shot/output/Llama-3-8B-Instruct-Gradient-1048k_NCT03869424_exc_5_shot.json' gespeichert.
File: NCT03869424_inc 

Das File: /work/eauten2s/ec_criteria_struct/lct/input/lct_txt_half/NCT03869424_inc.txt wurde erfolgreich geladen.
Die Daten wurden erfolgreich in '/work/eauten2s/ec_criteria_struct/lct/evaluate/eval_p3/model_output/Llama-3-8B-Instruct-Gradient-1048k_5_shot/output/Llama-3-8B-Instruct-Gradient-1048k_NCT03869424_inc_5_shot.json' gespeichert.
File: NCT03869463_exc 

Das File: /work/eauten2s/ec_criteria_struct/lct/input/lct_txt_half/NCT03869463_exc.txt wurde erfolgreich geladen.
Die Daten wurden erfolgreich in '/work/eauten2s/ec_criteria_struct/lct/evaluate/eval_p3/model_output/Llama-3-8B-Instruct-Gradient-1048k_5_shot/output/Llama-3-8B-Instruct-Gradient-1048k_NCT03869463_exc_5_shot.json' gespeichert.
File: NCT03869463_inc 

Das File: /work/eauten2s/ec_criteria_struct/lct/input/lct_txt_half/NCT03869463_inc.txt wurde erfolgreich geladen.
Die Daten wurden erfolgreich in '/work/eauten2s/ec_criteria_struct/lct/evaluate/eval_p3/model_output/Llama-3-8B-Instruct-Gradient-1048k_5_shot/output/Llama-3-8B-Instruct-Gradient-1048k_NCT03869463_inc_5_shot.json' gespeichert.
File: NCT03869476_exc 

Das File: /work/eauten2s/ec_criteria_struct/lct/input/lct_txt_half/NCT03869476_exc.txt wurde erfolgreich geladen.
Die Daten wurden erfolgreich in '/work/eauten2s/ec_criteria_struct/lct/evaluate/eval_p3/model_output/Llama-3-8B-Instruct-Gradient-1048k_5_shot/output/Llama-3-8B-Instruct-Gradient-1048k_NCT03869476_exc_5_shot.json' gespeichert.
File: NCT03869476_inc 

Das File: /work/eauten2s/ec_criteria_struct/lct/input/lct_txt_half/NCT03869476_inc.txt wurde erfolgreich geladen.
Die Daten wurden erfolgreich in '/work/eauten2s/ec_criteria_struct/lct/evaluate/eval_p3/model_output/Llama-3-8B-Instruct-Gradient-1048k_5_shot/output/Llama-3-8B-Instruct-Gradient-1048k_NCT03869476_inc_5_shot.json' gespeichert.
File: NCT03869489_exc 

Das File: /work/eauten2s/ec_criteria_struct/lct/input/lct_txt_half/NCT03869489_exc.txt wurde erfolgreich geladen.
Die Daten wurden erfolgreich in '/work/eauten2s/ec_criteria_struct/lct/evaluate/eval_p3/model_output/Llama-3-8B-Instruct-Gradient-1048k_5_shot/output/Llama-3-8B-Instruct-Gradient-1048k_NCT03869489_exc_5_shot.json' gespeichert.
File: NCT03869489_inc 

Das File: /work/eauten2s/ec_criteria_struct/lct/input/lct_txt_half/NCT03869489_inc.txt wurde erfolgreich geladen.
Die Daten wurden erfolgreich in '/work/eauten2s/ec_criteria_struct/lct/evaluate/eval_p3/model_output/Llama-3-8B-Instruct-Gradient-1048k_5_shot/output/Llama-3-8B-Instruct-Gradient-1048k_NCT03869489_inc_5_shot.json' gespeichert.
File: NCT03869502_exc 

Das File: /work/eauten2s/ec_criteria_struct/lct/input/lct_txt_half/NCT03869502_exc.txt wurde erfolgreich geladen.
Die Daten wurden erfolgreich in '/work/eauten2s/ec_criteria_struct/lct/evaluate/eval_p3/model_output/Llama-3-8B-Instruct-Gradient-1048k_5_shot/output/Llama-3-8B-Instruct-Gradient-1048k_NCT03869502_exc_5_shot.json' gespeichert.
File: NCT03869502_inc 

Das File: /work/eauten2s/ec_criteria_struct/lct/input/lct_txt_half/NCT03869502_inc.txt wurde erfolgreich geladen.
Die Daten wurden erfolgreich in '/work/eauten2s/ec_criteria_struct/lct/evaluate/eval_p3/model_output/Llama-3-8B-Instruct-Gradient-1048k_5_shot/output/Llama-3-8B-Instruct-Gradient-1048k_NCT03869502_inc_5_shot.json' gespeichert.
File: NCT03869515_exc 

Das File: /work/eauten2s/ec_criteria_struct/lct/input/lct_txt_half/NCT03869515_exc.txt wurde erfolgreich geladen.
Die Daten wurden erfolgreich in '/work/eauten2s/ec_criteria_struct/lct/evaluate/eval_p3/model_output/Llama-3-8B-Instruct-Gradient-1048k_5_shot/output/Llama-3-8B-Instruct-Gradient-1048k_NCT03869515_exc_5_shot.json' gespeichert.
File: NCT03869515_inc 

Das File: /work/eauten2s/ec_criteria_struct/lct/input/lct_txt_half/NCT03869515_inc.txt wurde erfolgreich geladen.
Die Daten wurden erfolgreich in '/work/eauten2s/ec_criteria_struct/lct/evaluate/eval_p3/model_output/Llama-3-8B-Instruct-Gradient-1048k_5_shot/output/Llama-3-8B-Instruct-Gradient-1048k_NCT03869515_inc_5_shot.json' gespeichert.
File: NCT03869528_exc 

Das File: /work/eauten2s/ec_criteria_struct/lct/input/lct_txt_half/NCT03869528_exc.txt wurde erfolgreich geladen.
Die Daten wurden erfolgreich in '/work/eauten2s/ec_criteria_struct/lct/evaluate/eval_p3/model_output/Llama-3-8B-Instruct-Gradient-1048k_5_shot/output/Llama-3-8B-Instruct-Gradient-1048k_NCT03869528_exc_5_shot.json' gespeichert.
File: NCT03869528_inc 

Das File: /work/eauten2s/ec_criteria_struct/lct/input/lct_txt_half/NCT03869528_inc.txt wurde erfolgreich geladen.
Die Daten wurden erfolgreich in '/work/eauten2s/ec_criteria_struct/lct/evaluate/eval_p3/model_output/Llama-3-8B-Instruct-Gradient-1048k_5_shot/output/Llama-3-8B-Instruct-Gradient-1048k_NCT03869528_inc_5_shot.json' gespeichert.
File: NCT03869541_exc 

Das File: /work/eauten2s/ec_criteria_struct/lct/input/lct_txt_half/NCT03869541_exc.txt wurde erfolgreich geladen.
Die Daten wurden erfolgreich in '/work/eauten2s/ec_criteria_struct/lct/evaluate/eval_p3/model_output/Llama-3-8B-Instruct-Gradient-1048k_5_shot/output/Llama-3-8B-Instruct-Gradient-1048k_NCT03869541_exc_5_shot.json' gespeichert.
File: NCT03869541_inc 

Das File: /work/eauten2s/ec_criteria_struct/lct/input/lct_txt_half/NCT03869541_inc.txt wurde erfolgreich geladen.
Die Daten wurden erfolgreich in '/work/eauten2s/ec_criteria_struct/lct/evaluate/eval_p3/model_output/Llama-3-8B-Instruct-Gradient-1048k_5_shot/output/Llama-3-8B-Instruct-Gradient-1048k_NCT03869541_inc_5_shot.json' gespeichert.
File: NCT03869554_exc 

Das File: /work/eauten2s/ec_criteria_struct/lct/input/lct_txt_half/NCT03869554_exc.txt wurde erfolgreich geladen.
Die Daten wurden erfolgreich in '/work/eauten2s/ec_criteria_struct/lct/evaluate/eval_p3/model_output/Llama-3-8B-Instruct-Gradient-1048k_5_shot/output/Llama-3-8B-Instruct-Gradient-1048k_NCT03869554_exc_5_shot.json' gespeichert.
File: NCT03869554_inc 

Das File: /work/eauten2s/ec_criteria_struct/lct/input/lct_txt_half/NCT03869554_inc.txt wurde erfolgreich geladen.
Die Daten wurden erfolgreich in '/work/eauten2s/ec_criteria_struct/lct/evaluate/eval_p3/model_output/Llama-3-8B-Instruct-Gradient-1048k_5_shot/output/Llama-3-8B-Instruct-Gradient-1048k_NCT03869554_inc_5_shot.json' gespeichert.
File: NCT03869567_exc 

Das File: /work/eauten2s/ec_criteria_struct/lct/input/lct_txt_half/NCT03869567_exc.txt wurde erfolgreich geladen.
Die Daten wurden erfolgreich in '/work/eauten2s/ec_criteria_struct/lct/evaluate/eval_p3/model_output/Llama-3-8B-Instruct-Gradient-1048k_5_shot/output/Llama-3-8B-Instruct-Gradient-1048k_NCT03869567_exc_5_shot.json' gespeichert.
File: NCT03869567_inc 

Das File: /work/eauten2s/ec_criteria_struct/lct/input/lct_txt_half/NCT03869567_inc.txt wurde erfolgreich geladen.
Die Daten wurden erfolgreich in '/work/eauten2s/ec_criteria_struct/lct/evaluate/eval_p3/model_output/Llama-3-8B-Instruct-Gradient-1048k_5_shot/output/Llama-3-8B-Instruct-Gradient-1048k_NCT03869567_inc_5_shot.json' gespeichert.
File: NCT03869580_exc 

Das File: /work/eauten2s/ec_criteria_struct/lct/input/lct_txt_half/NCT03869580_exc.txt wurde erfolgreich geladen.
Die Daten wurden erfolgreich in '/work/eauten2s/ec_criteria_struct/lct/evaluate/eval_p3/model_output/Llama-3-8B-Instruct-Gradient-1048k_5_shot/output/Llama-3-8B-Instruct-Gradient-1048k_NCT03869580_exc_5_shot.json' gespeichert.
File: NCT03869580_inc 

Das File: /work/eauten2s/ec_criteria_struct/lct/input/lct_txt_half/NCT03869580_inc.txt wurde erfolgreich geladen.
Die Daten wurden erfolgreich in '/work/eauten2s/ec_criteria_struct/lct/evaluate/eval_p3/model_output/Llama-3-8B-Instruct-Gradient-1048k_5_shot/output/Llama-3-8B-Instruct-Gradient-1048k_NCT03869580_inc_5_shot.json' gespeichert.
File: NCT03869593_exc 

Das File: /work/eauten2s/ec_criteria_struct/lct/input/lct_txt_half/NCT03869593_exc.txt wurde erfolgreich geladen.
Die Daten wurden erfolgreich in '/work/eauten2s/ec_criteria_struct/lct/evaluate/eval_p3/model_output/Llama-3-8B-Instruct-Gradient-1048k_5_shot/output/Llama-3-8B-Instruct-Gradient-1048k_NCT03869593_exc_5_shot.json' gespeichert.
File: NCT03869593_inc 

Das File: /work/eauten2s/ec_criteria_struct/lct/input/lct_txt_half/NCT03869593_inc.txt wurde erfolgreich geladen.
Die Daten wurden erfolgreich in '/work/eauten2s/ec_criteria_struct/lct/evaluate/eval_p3/model_output/Llama-3-8B-Instruct-Gradient-1048k_5_shot/output/Llama-3-8B-Instruct-Gradient-1048k_NCT03869593_inc_5_shot.json' gespeichert.
File: NCT03869606_exc 

Das File: /work/eauten2s/ec_criteria_struct/lct/input/lct_txt_half/NCT03869606_exc.txt wurde erfolgreich geladen.
Die Daten wurden erfolgreich in '/work/eauten2s/ec_criteria_struct/lct/evaluate/eval_p3/model_output/Llama-3-8B-Instruct-Gradient-1048k_5_shot/output/Llama-3-8B-Instruct-Gradient-1048k_NCT03869606_exc_5_shot.json' gespeichert.
File: NCT03869606_inc 

Das File: /work/eauten2s/ec_criteria_struct/lct/input/lct_txt_half/NCT03869606_inc.txt wurde erfolgreich geladen.
Die Daten wurden erfolgreich in '/work/eauten2s/ec_criteria_struct/lct/evaluate/eval_p3/model_output/Llama-3-8B-Instruct-Gradient-1048k_5_shot/output/Llama-3-8B-Instruct-Gradient-1048k_NCT03869606_inc_5_shot.json' gespeichert.
File: NCT03869645_exc 

Das File: /work/eauten2s/ec_criteria_struct/lct/input/lct_txt_half/NCT03869645_exc.txt wurde erfolgreich geladen.
Die Daten wurden erfolgreich in '/work/eauten2s/ec_criteria_struct/lct/evaluate/eval_p3/model_output/Llama-3-8B-Instruct-Gradient-1048k_5_shot/output/Llama-3-8B-Instruct-Gradient-1048k_NCT03869645_exc_5_shot.json' gespeichert.
File: NCT03869645_inc 

Das File: /work/eauten2s/ec_criteria_struct/lct/input/lct_txt_half/NCT03869645_inc.txt wurde erfolgreich geladen.
Die Daten wurden erfolgreich in '/work/eauten2s/ec_criteria_struct/lct/evaluate/eval_p3/model_output/Llama-3-8B-Instruct-Gradient-1048k_5_shot/output/Llama-3-8B-Instruct-Gradient-1048k_NCT03869645_inc_5_shot.json' gespeichert.
File: NCT03869671_exc 

Das File: /work/eauten2s/ec_criteria_struct/lct/input/lct_txt_half/NCT03869671_exc.txt wurde erfolgreich geladen.
Die Daten wurden erfolgreich in '/work/eauten2s/ec_criteria_struct/lct/evaluate/eval_p3/model_output/Llama-3-8B-Instruct-Gradient-1048k_5_shot/output/Llama-3-8B-Instruct-Gradient-1048k_NCT03869671_exc_5_shot.json' gespeichert.
File: NCT03869671_inc 

Das File: /work/eauten2s/ec_criteria_struct/lct/input/lct_txt_half/NCT03869671_inc.txt wurde erfolgreich geladen.
Die Daten wurden erfolgreich in '/work/eauten2s/ec_criteria_struct/lct/evaluate/eval_p3/model_output/Llama-3-8B-Instruct-Gradient-1048k_5_shot/output/Llama-3-8B-Instruct-Gradient-1048k_NCT03869671_inc_5_shot.json' gespeichert.
File: NCT03869684_exc 

Das File: /work/eauten2s/ec_criteria_struct/lct/input/lct_txt_half/NCT03869684_exc.txt wurde erfolgreich geladen.
Die Daten wurden erfolgreich in '/work/eauten2s/ec_criteria_struct/lct/evaluate/eval_p3/model_output/Llama-3-8B-Instruct-Gradient-1048k_5_shot/output/Llama-3-8B-Instruct-Gradient-1048k_NCT03869684_exc_5_shot.json' gespeichert.
File: NCT03869684_inc 

Das File: /work/eauten2s/ec_criteria_struct/lct/input/lct_txt_half/NCT03869684_inc.txt wurde erfolgreich geladen.
Die Daten wurden erfolgreich in '/work/eauten2s/ec_criteria_struct/lct/evaluate/eval_p3/model_output/Llama-3-8B-Instruct-Gradient-1048k_5_shot/output/Llama-3-8B-Instruct-Gradient-1048k_NCT03869684_inc_5_shot.json' gespeichert.
File: NCT03869710_exc 

Das File: /work/eauten2s/ec_criteria_struct/lct/input/lct_txt_half/NCT03869710_exc.txt wurde erfolgreich geladen.
Die Daten wurden erfolgreich in '/work/eauten2s/ec_criteria_struct/lct/evaluate/eval_p3/model_output/Llama-3-8B-Instruct-Gradient-1048k_5_shot/output/Llama-3-8B-Instruct-Gradient-1048k_NCT03869710_exc_5_shot.json' gespeichert.
File: NCT03869710_inc 

Das File: /work/eauten2s/ec_criteria_struct/lct/input/lct_txt_half/NCT03869710_inc.txt wurde erfolgreich geladen.
Die Daten wurden erfolgreich in '/work/eauten2s/ec_criteria_struct/lct/evaluate/eval_p3/model_output/Llama-3-8B-Instruct-Gradient-1048k_5_shot/output/Llama-3-8B-Instruct-Gradient-1048k_NCT03869710_inc_5_shot.json' gespeichert.
File: NCT03869723_exc 

Das File: /work/eauten2s/ec_criteria_struct/lct/input/lct_txt_half/NCT03869723_exc.txt wurde erfolgreich geladen.
Die Daten wurden erfolgreich in '/work/eauten2s/ec_criteria_struct/lct/evaluate/eval_p3/model_output/Llama-3-8B-Instruct-Gradient-1048k_5_shot/output/Llama-3-8B-Instruct-Gradient-1048k_NCT03869723_exc_5_shot.json' gespeichert.
File: NCT03869723_inc 

Das File: /work/eauten2s/ec_criteria_struct/lct/input/lct_txt_half/NCT03869723_inc.txt wurde erfolgreich geladen.
Die Daten wurden erfolgreich in '/work/eauten2s/ec_criteria_struct/lct/evaluate/eval_p3/model_output/Llama-3-8B-Instruct-Gradient-1048k_5_shot/output/Llama-3-8B-Instruct-Gradient-1048k_NCT03869723_inc_5_shot.json' gespeichert.
File: NCT03869749_exc 

Das File: /work/eauten2s/ec_criteria_struct/lct/input/lct_txt_half/NCT03869749_exc.txt wurde erfolgreich geladen.
Die Daten wurden erfolgreich in '/work/eauten2s/ec_criteria_struct/lct/evaluate/eval_p3/model_output/Llama-3-8B-Instruct-Gradient-1048k_5_shot/output/Llama-3-8B-Instruct-Gradient-1048k_NCT03869749_exc_5_shot.json' gespeichert.
File: NCT03869749_inc 

Das File: /work/eauten2s/ec_criteria_struct/lct/input/lct_txt_half/NCT03869749_inc.txt wurde erfolgreich geladen.
Die Daten wurden erfolgreich in '/work/eauten2s/ec_criteria_struct/lct/evaluate/eval_p3/model_output/Llama-3-8B-Instruct-Gradient-1048k_5_shot/output/Llama-3-8B-Instruct-Gradient-1048k_NCT03869749_inc_5_shot.json' gespeichert.
File: NCT03869775_exc 

Das File: /work/eauten2s/ec_criteria_struct/lct/input/lct_txt_half/NCT03869775_exc.txt wurde erfolgreich geladen.
Die Daten wurden erfolgreich in '/work/eauten2s/ec_criteria_struct/lct/evaluate/eval_p3/model_output/Llama-3-8B-Instruct-Gradient-1048k_5_shot/output/Llama-3-8B-Instruct-Gradient-1048k_NCT03869775_exc_5_shot.json' gespeichert.
File: NCT03869775_inc 

Das File: /work/eauten2s/ec_criteria_struct/lct/input/lct_txt_half/NCT03869775_inc.txt wurde erfolgreich geladen.
Die Daten wurden erfolgreich in '/work/eauten2s/ec_criteria_struct/lct/evaluate/eval_p3/model_output/Llama-3-8B-Instruct-Gradient-1048k_5_shot/output/Llama-3-8B-Instruct-Gradient-1048k_NCT03869775_inc_5_shot.json' gespeichert.
File: NCT03869788_inc 

Das File: /work/eauten2s/ec_criteria_struct/lct/input/lct_txt_half/NCT03869788_inc.txt wurde erfolgreich geladen.
Die Daten wurden erfolgreich in '/work/eauten2s/ec_criteria_struct/lct/evaluate/eval_p3/model_output/Llama-3-8B-Instruct-Gradient-1048k_5_shot/output/Llama-3-8B-Instruct-Gradient-1048k_NCT03869788_inc_5_shot.json' gespeichert.
File: NCT03869801_exc 

Das File: /work/eauten2s/ec_criteria_struct/lct/input/lct_txt_half/NCT03869801_exc.txt wurde erfolgreich geladen.
Die Daten wurden erfolgreich in '/work/eauten2s/ec_criteria_struct/lct/evaluate/eval_p3/model_output/Llama-3-8B-Instruct-Gradient-1048k_5_shot/output/Llama-3-8B-Instruct-Gradient-1048k_NCT03869801_exc_5_shot.json' gespeichert.
File: NCT03869801_inc 

Das File: /work/eauten2s/ec_criteria_struct/lct/input/lct_txt_half/NCT03869801_inc.txt wurde erfolgreich geladen.
Die Daten wurden erfolgreich in '/work/eauten2s/ec_criteria_struct/lct/evaluate/eval_p3/model_output/Llama-3-8B-Instruct-Gradient-1048k_5_shot/output/Llama-3-8B-Instruct-Gradient-1048k_NCT03869801_inc_5_shot.json' gespeichert.
File: NCT03869814_exc 

Das File: /work/eauten2s/ec_criteria_struct/lct/input/lct_txt_half/NCT03869814_exc.txt wurde erfolgreich geladen.
Die Daten wurden erfolgreich in '/work/eauten2s/ec_criteria_struct/lct/evaluate/eval_p3/model_output/Llama-3-8B-Instruct-Gradient-1048k_5_shot/output/Llama-3-8B-Instruct-Gradient-1048k_NCT03869814_exc_5_shot.json' gespeichert.
File: NCT03869814_inc 

Das File: /work/eauten2s/ec_criteria_struct/lct/input/lct_txt_half/NCT03869814_inc.txt wurde erfolgreich geladen.
Die Daten wurden erfolgreich in '/work/eauten2s/ec_criteria_struct/lct/evaluate/eval_p3/model_output/Llama-3-8B-Instruct-Gradient-1048k_5_shot/output/Llama-3-8B-Instruct-Gradient-1048k_NCT03869814_inc_5_shot.json' gespeichert.
File: NCT03869827_exc 

Das File: /work/eauten2s/ec_criteria_struct/lct/input/lct_txt_half/NCT03869827_exc.txt wurde erfolgreich geladen.
Die Daten wurden erfolgreich in '/work/eauten2s/ec_criteria_struct/lct/evaluate/eval_p3/model_output/Llama-3-8B-Instruct-Gradient-1048k_5_shot/output/Llama-3-8B-Instruct-Gradient-1048k_NCT03869827_exc_5_shot.json' gespeichert.
File: NCT03869827_inc 

Das File: /work/eauten2s/ec_criteria_struct/lct/input/lct_txt_half/NCT03869827_inc.txt wurde erfolgreich geladen.
Die Daten wurden erfolgreich in '/work/eauten2s/ec_criteria_struct/lct/evaluate/eval_p3/model_output/Llama-3-8B-Instruct-Gradient-1048k_5_shot/output/Llama-3-8B-Instruct-Gradient-1048k_NCT03869827_inc_5_shot.json' gespeichert.
File: NCT03869879_exc 

Das File: /work/eauten2s/ec_criteria_struct/lct/input/lct_txt_half/NCT03869879_exc.txt wurde erfolgreich geladen.
Die Daten wurden erfolgreich in '/work/eauten2s/ec_criteria_struct/lct/evaluate/eval_p3/model_output/Llama-3-8B-Instruct-Gradient-1048k_5_shot/output/Llama-3-8B-Instruct-Gradient-1048k_NCT03869879_exc_5_shot.json' gespeichert.
File: NCT03869879_inc 

Das File: /work/eauten2s/ec_criteria_struct/lct/input/lct_txt_half/NCT03869879_inc.txt wurde erfolgreich geladen.
Die Daten wurden erfolgreich in '/work/eauten2s/ec_criteria_struct/lct/evaluate/eval_p3/model_output/Llama-3-8B-Instruct-Gradient-1048k_5_shot/output/Llama-3-8B-Instruct-Gradient-1048k_NCT03869879_inc_5_shot.json' gespeichert.
File: NCT03869905_exc 

Das File: /work/eauten2s/ec_criteria_struct/lct/input/lct_txt_half/NCT03869905_exc.txt wurde erfolgreich geladen.
Die Daten wurden erfolgreich in '/work/eauten2s/ec_criteria_struct/lct/evaluate/eval_p3/model_output/Llama-3-8B-Instruct-Gradient-1048k_5_shot/output/Llama-3-8B-Instruct-Gradient-1048k_NCT03869905_exc_5_shot.json' gespeichert.
File: NCT03869905_inc 

Das File: /work/eauten2s/ec_criteria_struct/lct/input/lct_txt_half/NCT03869905_inc.txt wurde erfolgreich geladen.
Die Daten wurden erfolgreich in '/work/eauten2s/ec_criteria_struct/lct/evaluate/eval_p3/model_output/Llama-3-8B-Instruct-Gradient-1048k_5_shot/output/Llama-3-8B-Instruct-Gradient-1048k_NCT03869905_inc_5_shot.json' gespeichert.
File: NCT03869918_exc 

Das File: /work/eauten2s/ec_criteria_struct/lct/input/lct_txt_half/NCT03869918_exc.txt wurde erfolgreich geladen.
Die Daten wurden erfolgreich in '/work/eauten2s/ec_criteria_struct/lct/evaluate/eval_p3/model_output/Llama-3-8B-Instruct-Gradient-1048k_5_shot/output/Llama-3-8B-Instruct-Gradient-1048k_NCT03869918_exc_5_shot.json' gespeichert.
File: NCT03869918_inc 

Das File: /work/eauten2s/ec_criteria_struct/lct/input/lct_txt_half/NCT03869918_inc.txt wurde erfolgreich geladen.
Die Daten wurden erfolgreich in '/work/eauten2s/ec_criteria_struct/lct/evaluate/eval_p3/model_output/Llama-3-8B-Instruct-Gradient-1048k_5_shot/output/Llama-3-8B-Instruct-Gradient-1048k_NCT03869918_inc_5_shot.json' gespeichert.
File: NCT03869957_exc 

Das File: /work/eauten2s/ec_criteria_struct/lct/input/lct_txt_half/NCT03869957_exc.txt wurde erfolgreich geladen.
Die Daten wurden erfolgreich in '/work/eauten2s/ec_criteria_struct/lct/evaluate/eval_p3/model_output/Llama-3-8B-Instruct-Gradient-1048k_5_shot/output/Llama-3-8B-Instruct-Gradient-1048k_NCT03869957_exc_5_shot.json' gespeichert.
File: NCT03869957_inc 

Das File: /work/eauten2s/ec_criteria_struct/lct/input/lct_txt_half/NCT03869957_inc.txt wurde erfolgreich geladen.
Die Daten wurden erfolgreich in '/work/eauten2s/ec_criteria_struct/lct/evaluate/eval_p3/model_output/Llama-3-8B-Instruct-Gradient-1048k_5_shot/output/Llama-3-8B-Instruct-Gradient-1048k_NCT03869957_inc_5_shot.json' gespeichert.
File: NCT03869970_exc 

Das File: /work/eauten2s/ec_criteria_struct/lct/input/lct_txt_half/NCT03869970_exc.txt wurde erfolgreich geladen.
Die Daten wurden erfolgreich in '/work/eauten2s/ec_criteria_struct/lct/evaluate/eval_p3/model_output/Llama-3-8B-Instruct-Gradient-1048k_5_shot/output/Llama-3-8B-Instruct-Gradient-1048k_NCT03869970_exc_5_shot.json' gespeichert.
File: NCT03869970_inc 

Das File: /work/eauten2s/ec_criteria_struct/lct/input/lct_txt_half/NCT03869970_inc.txt wurde erfolgreich geladen.
Die Daten wurden erfolgreich in '/work/eauten2s/ec_criteria_struct/lct/evaluate/eval_p3/model_output/Llama-3-8B-Instruct-Gradient-1048k_5_shot/output/Llama-3-8B-Instruct-Gradient-1048k_NCT03869970_inc_5_shot.json' gespeichert.
File: NCT03869996_exc 

Das File: /work/eauten2s/ec_criteria_struct/lct/input/lct_txt_half/NCT03869996_exc.txt wurde erfolgreich geladen.
Die Daten wurden erfolgreich in '/work/eauten2s/ec_criteria_struct/lct/evaluate/eval_p3/model_output/Llama-3-8B-Instruct-Gradient-1048k_5_shot/output/Llama-3-8B-Instruct-Gradient-1048k_NCT03869996_exc_5_shot.json' gespeichert.
File: NCT03869996_inc 

Das File: /work/eauten2s/ec_criteria_struct/lct/input/lct_txt_half/NCT03869996_inc.txt wurde erfolgreich geladen.
Die Daten wurden erfolgreich in '/work/eauten2s/ec_criteria_struct/lct/evaluate/eval_p3/model_output/Llama-3-8B-Instruct-Gradient-1048k_5_shot/output/Llama-3-8B-Instruct-Gradient-1048k_NCT03869996_inc_5_shot.json' gespeichert.
File: NCT03920020_exc 

Das File: /work/eauten2s/ec_criteria_struct/lct/input/lct_txt_half/NCT03920020_exc.txt wurde erfolgreich geladen.
Die Daten wurden erfolgreich in '/work/eauten2s/ec_criteria_struct/lct/evaluate/eval_p3/model_output/Llama-3-8B-Instruct-Gradient-1048k_5_shot/output/Llama-3-8B-Instruct-Gradient-1048k_NCT03920020_exc_5_shot.json' gespeichert.
File: NCT03920020_inc 

Das File: /work/eauten2s/ec_criteria_struct/lct/input/lct_txt_half/NCT03920020_inc.txt wurde erfolgreich geladen.
Die Daten wurden erfolgreich in '/work/eauten2s/ec_criteria_struct/lct/evaluate/eval_p3/model_output/Llama-3-8B-Instruct-Gradient-1048k_5_shot/output/Llama-3-8B-Instruct-Gradient-1048k_NCT03920020_inc_5_shot.json' gespeichert.
File: NCT03920033_exc 

Das File: /work/eauten2s/ec_criteria_struct/lct/input/lct_txt_half/NCT03920033_exc.txt wurde erfolgreich geladen.
Die Daten wurden erfolgreich in '/work/eauten2s/ec_criteria_struct/lct/evaluate/eval_p3/model_output/Llama-3-8B-Instruct-Gradient-1048k_5_shot/output/Llama-3-8B-Instruct-Gradient-1048k_NCT03920033_exc_5_shot.json' gespeichert.
File: NCT03920033_inc 

Das File: /work/eauten2s/ec_criteria_struct/lct/input/lct_txt_half/NCT03920033_inc.txt wurde erfolgreich geladen.
Die Daten wurden erfolgreich in '/work/eauten2s/ec_criteria_struct/lct/evaluate/eval_p3/model_output/Llama-3-8B-Instruct-Gradient-1048k_5_shot/output/Llama-3-8B-Instruct-Gradient-1048k_NCT03920033_inc_5_shot.json' gespeichert.
File: NCT03920046_exc 

Das File: /work/eauten2s/ec_criteria_struct/lct/input/lct_txt_half/NCT03920046_exc.txt wurde erfolgreich geladen.
Die Daten wurden erfolgreich in '/work/eauten2s/ec_criteria_struct/lct/evaluate/eval_p3/model_output/Llama-3-8B-Instruct-Gradient-1048k_5_shot/output/Llama-3-8B-Instruct-Gradient-1048k_NCT03920046_exc_5_shot.json' gespeichert.
File: NCT03920046_inc 

Das File: /work/eauten2s/ec_criteria_struct/lct/input/lct_txt_half/NCT03920046_inc.txt wurde erfolgreich geladen.
Die Daten wurden erfolgreich in '/work/eauten2s/ec_criteria_struct/lct/evaluate/eval_p3/model_output/Llama-3-8B-Instruct-Gradient-1048k_5_shot/output/Llama-3-8B-Instruct-Gradient-1048k_NCT03920046_inc_5_shot.json' gespeichert.
File: NCT03920085_inc 

Das File: /work/eauten2s/ec_criteria_struct/lct/input/lct_txt_half/NCT03920085_inc.txt wurde erfolgreich geladen.
Die Daten wurden erfolgreich in '/work/eauten2s/ec_criteria_struct/lct/evaluate/eval_p3/model_output/Llama-3-8B-Instruct-Gradient-1048k_5_shot/output/Llama-3-8B-Instruct-Gradient-1048k_NCT03920085_inc_5_shot.json' gespeichert.
File: NCT03920098_exc 

Das File: /work/eauten2s/ec_criteria_struct/lct/input/lct_txt_half/NCT03920098_exc.txt wurde erfolgreich geladen.
Die Daten wurden erfolgreich in '/work/eauten2s/ec_criteria_struct/lct/evaluate/eval_p3/model_output/Llama-3-8B-Instruct-Gradient-1048k_5_shot/output/Llama-3-8B-Instruct-Gradient-1048k_NCT03920098_exc_5_shot.json' gespeichert.
File: NCT03920098_inc 

Das File: /work/eauten2s/ec_criteria_struct/lct/input/lct_txt_half/NCT03920098_inc.txt wurde erfolgreich geladen.
Die Daten wurden erfolgreich in '/work/eauten2s/ec_criteria_struct/lct/evaluate/eval_p3/model_output/Llama-3-8B-Instruct-Gradient-1048k_5_shot/output/Llama-3-8B-Instruct-Gradient-1048k_NCT03920098_inc_5_shot.json' gespeichert.
File: NCT03920150_exc 

Das File: /work/eauten2s/ec_criteria_struct/lct/input/lct_txt_half/NCT03920150_exc.txt wurde erfolgreich geladen.
Die Daten wurden erfolgreich in '/work/eauten2s/ec_criteria_struct/lct/evaluate/eval_p3/model_output/Llama-3-8B-Instruct-Gradient-1048k_5_shot/output/Llama-3-8B-Instruct-Gradient-1048k_NCT03920150_exc_5_shot.json' gespeichert.
File: NCT03920150_inc 

Das File: /work/eauten2s/ec_criteria_struct/lct/input/lct_txt_half/NCT03920150_inc.txt wurde erfolgreich geladen.
Die Daten wurden erfolgreich in '/work/eauten2s/ec_criteria_struct/lct/evaluate/eval_p3/model_output/Llama-3-8B-Instruct-Gradient-1048k_5_shot/output/Llama-3-8B-Instruct-Gradient-1048k_NCT03920150_inc_5_shot.json' gespeichert.
File: NCT03920241_exc 

Das File: /work/eauten2s/ec_criteria_struct/lct/input/lct_txt_half/NCT03920241_exc.txt wurde erfolgreich geladen.
Die Daten wurden erfolgreich in '/work/eauten2s/ec_criteria_struct/lct/evaluate/eval_p3/model_output/Llama-3-8B-Instruct-Gradient-1048k_5_shot/output/Llama-3-8B-Instruct-Gradient-1048k_NCT03920241_exc_5_shot.json' gespeichert.
File: NCT03920241_inc 

Das File: /work/eauten2s/ec_criteria_struct/lct/input/lct_txt_half/NCT03920241_inc.txt wurde erfolgreich geladen.
Die Daten wurden erfolgreich in '/work/eauten2s/ec_criteria_struct/lct/evaluate/eval_p3/model_output/Llama-3-8B-Instruct-Gradient-1048k_5_shot/output/Llama-3-8B-Instruct-Gradient-1048k_NCT03920241_inc_5_shot.json' gespeichert.
File: NCT03920267_exc 

Das File: /work/eauten2s/ec_criteria_struct/lct/input/lct_txt_half/NCT03920267_exc.txt wurde erfolgreich geladen.
Die Daten wurden erfolgreich in '/work/eauten2s/ec_criteria_struct/lct/evaluate/eval_p3/model_output/Llama-3-8B-Instruct-Gradient-1048k_5_shot/output/Llama-3-8B-Instruct-Gradient-1048k_NCT03920267_exc_5_shot.json' gespeichert.
File: NCT03920267_inc 

Das File: /work/eauten2s/ec_criteria_struct/lct/input/lct_txt_half/NCT03920267_inc.txt wurde erfolgreich geladen.
Die Daten wurden erfolgreich in '/work/eauten2s/ec_criteria_struct/lct/evaluate/eval_p3/model_output/Llama-3-8B-Instruct-Gradient-1048k_5_shot/output/Llama-3-8B-Instruct-Gradient-1048k_NCT03920267_inc_5_shot.json' gespeichert.
File: NCT03920293_exc 

Das File: /work/eauten2s/ec_criteria_struct/lct/input/lct_txt_half/NCT03920293_exc.txt wurde erfolgreich geladen.
Die Daten wurden erfolgreich in '/work/eauten2s/ec_criteria_struct/lct/evaluate/eval_p3/model_output/Llama-3-8B-Instruct-Gradient-1048k_5_shot/output/Llama-3-8B-Instruct-Gradient-1048k_NCT03920293_exc_5_shot.json' gespeichert.
File: NCT03920293_inc 

Das File: /work/eauten2s/ec_criteria_struct/lct/input/lct_txt_half/NCT03920293_inc.txt wurde erfolgreich geladen.
Die Daten wurden erfolgreich in '/work/eauten2s/ec_criteria_struct/lct/evaluate/eval_p3/model_output/Llama-3-8B-Instruct-Gradient-1048k_5_shot/output/Llama-3-8B-Instruct-Gradient-1048k_NCT03920293_inc_5_shot.json' gespeichert.
File: NCT03920306_exc 

Das File: /work/eauten2s/ec_criteria_struct/lct/input/lct_txt_half/NCT03920306_exc.txt wurde erfolgreich geladen.
Die Daten wurden erfolgreich in '/work/eauten2s/ec_criteria_struct/lct/evaluate/eval_p3/model_output/Llama-3-8B-Instruct-Gradient-1048k_5_shot/output/Llama-3-8B-Instruct-Gradient-1048k_NCT03920306_exc_5_shot.json' gespeichert.
File: NCT03920306_inc 

Das File: /work/eauten2s/ec_criteria_struct/lct/input/lct_txt_half/NCT03920306_inc.txt wurde erfolgreich geladen.
Die Daten wurden erfolgreich in '/work/eauten2s/ec_criteria_struct/lct/evaluate/eval_p3/model_output/Llama-3-8B-Instruct-Gradient-1048k_5_shot/output/Llama-3-8B-Instruct-Gradient-1048k_NCT03920306_inc_5_shot.json' gespeichert.
File: NCT03920319_exc 

Das File: /work/eauten2s/ec_criteria_struct/lct/input/lct_txt_half/NCT03920319_exc.txt wurde erfolgreich geladen.
Die Daten wurden erfolgreich in '/work/eauten2s/ec_criteria_struct/lct/evaluate/eval_p3/model_output/Llama-3-8B-Instruct-Gradient-1048k_5_shot/output/Llama-3-8B-Instruct-Gradient-1048k_NCT03920319_exc_5_shot.json' gespeichert.
File: NCT03920319_inc 

Das File: /work/eauten2s/ec_criteria_struct/lct/input/lct_txt_half/NCT03920319_inc.txt wurde erfolgreich geladen.
Die Daten wurden erfolgreich in '/work/eauten2s/ec_criteria_struct/lct/evaluate/eval_p3/model_output/Llama-3-8B-Instruct-Gradient-1048k_5_shot/output/Llama-3-8B-Instruct-Gradient-1048k_NCT03920319_inc_5_shot.json' gespeichert.
File: NCT03920332_exc 

Das File: /work/eauten2s/ec_criteria_struct/lct/input/lct_txt_half/NCT03920332_exc.txt wurde erfolgreich geladen.
Die Daten wurden erfolgreich in '/work/eauten2s/ec_criteria_struct/lct/evaluate/eval_p3/model_output/Llama-3-8B-Instruct-Gradient-1048k_5_shot/output/Llama-3-8B-Instruct-Gradient-1048k_NCT03920332_exc_5_shot.json' gespeichert.
File: NCT03920332_inc 

Das File: /work/eauten2s/ec_criteria_struct/lct/input/lct_txt_half/NCT03920332_inc.txt wurde erfolgreich geladen.
Die Daten wurden erfolgreich in '/work/eauten2s/ec_criteria_struct/lct/evaluate/eval_p3/model_output/Llama-3-8B-Instruct-Gradient-1048k_5_shot/output/Llama-3-8B-Instruct-Gradient-1048k_NCT03920332_inc_5_shot.json' gespeichert.
File: NCT03920345_exc 

Das File: /work/eauten2s/ec_criteria_struct/lct/input/lct_txt_half/NCT03920345_exc.txt wurde erfolgreich geladen.
Die Daten wurden erfolgreich in '/work/eauten2s/ec_criteria_struct/lct/evaluate/eval_p3/model_output/Llama-3-8B-Instruct-Gradient-1048k_5_shot/output/Llama-3-8B-Instruct-Gradient-1048k_NCT03920345_exc_5_shot.json' gespeichert.
File: NCT03920345_inc 

Das File: /work/eauten2s/ec_criteria_struct/lct/input/lct_txt_half/NCT03920345_inc.txt wurde erfolgreich geladen.
Die Daten wurden erfolgreich in '/work/eauten2s/ec_criteria_struct/lct/evaluate/eval_p3/model_output/Llama-3-8B-Instruct-Gradient-1048k_5_shot/output/Llama-3-8B-Instruct-Gradient-1048k_NCT03920345_inc_5_shot.json' gespeichert.
File: NCT03920384_exc 

Das File: /work/eauten2s/ec_criteria_struct/lct/input/lct_txt_half/NCT03920384_exc.txt wurde erfolgreich geladen.
Die Daten wurden erfolgreich in '/work/eauten2s/ec_criteria_struct/lct/evaluate/eval_p3/model_output/Llama-3-8B-Instruct-Gradient-1048k_5_shot/output/Llama-3-8B-Instruct-Gradient-1048k_NCT03920384_exc_5_shot.json' gespeichert.
File: NCT03920384_inc 

Das File: /work/eauten2s/ec_criteria_struct/lct/input/lct_txt_half/NCT03920384_inc.txt wurde erfolgreich geladen.
Die Daten wurden erfolgreich in '/work/eauten2s/ec_criteria_struct/lct/evaluate/eval_p3/model_output/Llama-3-8B-Instruct-Gradient-1048k_5_shot/output/Llama-3-8B-Instruct-Gradient-1048k_NCT03920384_inc_5_shot.json' gespeichert.
File: NCT03920397_exc 

Das File: /work/eauten2s/ec_criteria_struct/lct/input/lct_txt_half/NCT03920397_exc.txt wurde erfolgreich geladen.
Die Daten wurden erfolgreich in '/work/eauten2s/ec_criteria_struct/lct/evaluate/eval_p3/model_output/Llama-3-8B-Instruct-Gradient-1048k_5_shot/output/Llama-3-8B-Instruct-Gradient-1048k_NCT03920397_exc_5_shot.json' gespeichert.
File: NCT03920397_inc 

Das File: /work/eauten2s/ec_criteria_struct/lct/input/lct_txt_half/NCT03920397_inc.txt wurde erfolgreich geladen.
Die Daten wurden erfolgreich in '/work/eauten2s/ec_criteria_struct/lct/evaluate/eval_p3/model_output/Llama-3-8B-Instruct-Gradient-1048k_5_shot/output/Llama-3-8B-Instruct-Gradient-1048k_NCT03920397_inc_5_shot.json' gespeichert.
File: NCT03920423_exc 

Das File: /work/eauten2s/ec_criteria_struct/lct/input/lct_txt_half/NCT03920423_exc.txt wurde erfolgreich geladen.
Die Daten wurden erfolgreich in '/work/eauten2s/ec_criteria_struct/lct/evaluate/eval_p3/model_output/Llama-3-8B-Instruct-Gradient-1048k_5_shot/output/Llama-3-8B-Instruct-Gradient-1048k_NCT03920423_exc_5_shot.json' gespeichert.
File: NCT03920423_inc 

Das File: /work/eauten2s/ec_criteria_struct/lct/input/lct_txt_half/NCT03920423_inc.txt wurde erfolgreich geladen.
Die Daten wurden erfolgreich in '/work/eauten2s/ec_criteria_struct/lct/evaluate/eval_p3/model_output/Llama-3-8B-Instruct-Gradient-1048k_5_shot/output/Llama-3-8B-Instruct-Gradient-1048k_NCT03920423_inc_5_shot.json' gespeichert.
File: NCT03920436_exc 

Das File: /work/eauten2s/ec_criteria_struct/lct/input/lct_txt_half/NCT03920436_exc.txt wurde erfolgreich geladen.
Die Daten wurden erfolgreich in '/work/eauten2s/ec_criteria_struct/lct/evaluate/eval_p3/model_output/Llama-3-8B-Instruct-Gradient-1048k_5_shot/output/Llama-3-8B-Instruct-Gradient-1048k_NCT03920436_exc_5_shot.json' gespeichert.
File: NCT03920436_inc 

Das File: /work/eauten2s/ec_criteria_struct/lct/input/lct_txt_half/NCT03920436_inc.txt wurde erfolgreich geladen.
Die Daten wurden erfolgreich in '/work/eauten2s/ec_criteria_struct/lct/evaluate/eval_p3/model_output/Llama-3-8B-Instruct-Gradient-1048k_5_shot/output/Llama-3-8B-Instruct-Gradient-1048k_NCT03920436_inc_5_shot.json' gespeichert.
File: NCT03920449_exc 

Das File: /work/eauten2s/ec_criteria_struct/lct/input/lct_txt_half/NCT03920449_exc.txt wurde erfolgreich geladen.
Die Daten wurden erfolgreich in '/work/eauten2s/ec_criteria_struct/lct/evaluate/eval_p3/model_output/Llama-3-8B-Instruct-Gradient-1048k_5_shot/output/Llama-3-8B-Instruct-Gradient-1048k_NCT03920449_exc_5_shot.json' gespeichert.
File: NCT03920449_inc 

Das File: /work/eauten2s/ec_criteria_struct/lct/input/lct_txt_half/NCT03920449_inc.txt wurde erfolgreich geladen.
Die Daten wurden erfolgreich in '/work/eauten2s/ec_criteria_struct/lct/evaluate/eval_p3/model_output/Llama-3-8B-Instruct-Gradient-1048k_5_shot/output/Llama-3-8B-Instruct-Gradient-1048k_NCT03920449_inc_5_shot.json' gespeichert.
File: NCT03920462_exc 

Das File: /work/eauten2s/ec_criteria_struct/lct/input/lct_txt_half/NCT03920462_exc.txt wurde erfolgreich geladen.
Die Daten wurden erfolgreich in '/work/eauten2s/ec_criteria_struct/lct/evaluate/eval_p3/model_output/Llama-3-8B-Instruct-Gradient-1048k_5_shot/output/Llama-3-8B-Instruct-Gradient-1048k_NCT03920462_exc_5_shot.json' gespeichert.
File: NCT03920462_inc 

Das File: /work/eauten2s/ec_criteria_struct/lct/input/lct_txt_half/NCT03920462_inc.txt wurde erfolgreich geladen.
Die Daten wurden erfolgreich in '/work/eauten2s/ec_criteria_struct/lct/evaluate/eval_p3/model_output/Llama-3-8B-Instruct-Gradient-1048k_5_shot/output/Llama-3-8B-Instruct-Gradient-1048k_NCT03920462_inc_5_shot.json' gespeichert.
File: NCT03920475_exc 

Das File: /work/eauten2s/ec_criteria_struct/lct/input/lct_txt_half/NCT03920475_exc.txt wurde erfolgreich geladen.
Die Daten wurden erfolgreich in '/work/eauten2s/ec_criteria_struct/lct/evaluate/eval_p3/model_output/Llama-3-8B-Instruct-Gradient-1048k_5_shot/output/Llama-3-8B-Instruct-Gradient-1048k_NCT03920475_exc_5_shot.json' gespeichert.
File: NCT03920475_inc 

Das File: /work/eauten2s/ec_criteria_struct/lct/input/lct_txt_half/NCT03920475_inc.txt wurde erfolgreich geladen.
Die Daten wurden erfolgreich in '/work/eauten2s/ec_criteria_struct/lct/evaluate/eval_p3/model_output/Llama-3-8B-Instruct-Gradient-1048k_5_shot/output/Llama-3-8B-Instruct-Gradient-1048k_NCT03920475_inc_5_shot.json' gespeichert.
File: NCT03920488_exc 

Das File: /work/eauten2s/ec_criteria_struct/lct/input/lct_txt_half/NCT03920488_exc.txt wurde erfolgreich geladen.
Die Daten wurden erfolgreich in '/work/eauten2s/ec_criteria_struct/lct/evaluate/eval_p3/model_output/Llama-3-8B-Instruct-Gradient-1048k_5_shot/output/Llama-3-8B-Instruct-Gradient-1048k_NCT03920488_exc_5_shot.json' gespeichert.
File: NCT03920488_inc 

Das File: /work/eauten2s/ec_criteria_struct/lct/input/lct_txt_half/NCT03920488_inc.txt wurde erfolgreich geladen.
Die Daten wurden erfolgreich in '/work/eauten2s/ec_criteria_struct/lct/evaluate/eval_p3/model_output/Llama-3-8B-Instruct-Gradient-1048k_5_shot/output/Llama-3-8B-Instruct-Gradient-1048k_NCT03920488_inc_5_shot.json' gespeichert.
File: NCT03920514_exc 

Das File: /work/eauten2s/ec_criteria_struct/lct/input/lct_txt_half/NCT03920514_exc.txt wurde erfolgreich geladen.
Die Daten wurden erfolgreich in '/work/eauten2s/ec_criteria_struct/lct/evaluate/eval_p3/model_output/Llama-3-8B-Instruct-Gradient-1048k_5_shot/output/Llama-3-8B-Instruct-Gradient-1048k_NCT03920514_exc_5_shot.json' gespeichert.
File: NCT03920514_inc 

Das File: /work/eauten2s/ec_criteria_struct/lct/input/lct_txt_half/NCT03920514_inc.txt wurde erfolgreich geladen.
Die Daten wurden erfolgreich in '/work/eauten2s/ec_criteria_struct/lct/evaluate/eval_p3/model_output/Llama-3-8B-Instruct-Gradient-1048k_5_shot/output/Llama-3-8B-Instruct-Gradient-1048k_NCT03920514_inc_5_shot.json' gespeichert.
File: NCT03920527_exc 

Das File: /work/eauten2s/ec_criteria_struct/lct/input/lct_txt_half/NCT03920527_exc.txt wurde erfolgreich geladen.
Die Daten wurden erfolgreich in '/work/eauten2s/ec_criteria_struct/lct/evaluate/eval_p3/model_output/Llama-3-8B-Instruct-Gradient-1048k_5_shot/output/Llama-3-8B-Instruct-Gradient-1048k_NCT03920527_exc_5_shot.json' gespeichert.
File: NCT03920527_inc 

Das File: /work/eauten2s/ec_criteria_struct/lct/input/lct_txt_half/NCT03920527_inc.txt wurde erfolgreich geladen.
Die Daten wurden erfolgreich in '/work/eauten2s/ec_criteria_struct/lct/evaluate/eval_p3/model_output/Llama-3-8B-Instruct-Gradient-1048k_5_shot/output/Llama-3-8B-Instruct-Gradient-1048k_NCT03920527_inc_5_shot.json' gespeichert.
File: NCT03920540_exc 

Das File: /work/eauten2s/ec_criteria_struct/lct/input/lct_txt_half/NCT03920540_exc.txt wurde erfolgreich geladen.
Die Daten wurden erfolgreich in '/work/eauten2s/ec_criteria_struct/lct/evaluate/eval_p3/model_output/Llama-3-8B-Instruct-Gradient-1048k_5_shot/output/Llama-3-8B-Instruct-Gradient-1048k_NCT03920540_exc_5_shot.json' gespeichert.
File: NCT03920540_inc 

Das File: /work/eauten2s/ec_criteria_struct/lct/input/lct_txt_half/NCT03920540_inc.txt wurde erfolgreich geladen.
Die Daten wurden erfolgreich in '/work/eauten2s/ec_criteria_struct/lct/evaluate/eval_p3/model_output/Llama-3-8B-Instruct-Gradient-1048k_5_shot/output/Llama-3-8B-Instruct-Gradient-1048k_NCT03920540_inc_5_shot.json' gespeichert.
File: NCT03920553_exc 

Das File: /work/eauten2s/ec_criteria_struct/lct/input/lct_txt_half/NCT03920553_exc.txt wurde erfolgreich geladen.
Die Daten wurden erfolgreich in '/work/eauten2s/ec_criteria_struct/lct/evaluate/eval_p3/model_output/Llama-3-8B-Instruct-Gradient-1048k_5_shot/output/Llama-3-8B-Instruct-Gradient-1048k_NCT03920553_exc_5_shot.json' gespeichert.
File: NCT03920553_inc 

Das File: /work/eauten2s/ec_criteria_struct/lct/input/lct_txt_half/NCT03920553_inc.txt wurde erfolgreich geladen.
Die Daten wurden erfolgreich in '/work/eauten2s/ec_criteria_struct/lct/evaluate/eval_p3/model_output/Llama-3-8B-Instruct-Gradient-1048k_5_shot/output/Llama-3-8B-Instruct-Gradient-1048k_NCT03920553_inc_5_shot.json' gespeichert.
File: NCT03920579_exc 

Das File: /work/eauten2s/ec_criteria_struct/lct/input/lct_txt_half/NCT03920579_exc.txt wurde erfolgreich geladen.
Die Daten wurden erfolgreich in '/work/eauten2s/ec_criteria_struct/lct/evaluate/eval_p3/model_output/Llama-3-8B-Instruct-Gradient-1048k_5_shot/output/Llama-3-8B-Instruct-Gradient-1048k_NCT03920579_exc_5_shot.json' gespeichert.
File: NCT03920579_inc 

Das File: /work/eauten2s/ec_criteria_struct/lct/input/lct_txt_half/NCT03920579_inc.txt wurde erfolgreich geladen.
Die Daten wurden erfolgreich in '/work/eauten2s/ec_criteria_struct/lct/evaluate/eval_p3/model_output/Llama-3-8B-Instruct-Gradient-1048k_5_shot/output/Llama-3-8B-Instruct-Gradient-1048k_NCT03920579_inc_5_shot.json' gespeichert.
File: NCT03920592_exc 

Das File: /work/eauten2s/ec_criteria_struct/lct/input/lct_txt_half/NCT03920592_exc.txt wurde erfolgreich geladen.
Die Daten wurden erfolgreich in '/work/eauten2s/ec_criteria_struct/lct/evaluate/eval_p3/model_output/Llama-3-8B-Instruct-Gradient-1048k_5_shot/output/Llama-3-8B-Instruct-Gradient-1048k_NCT03920592_exc_5_shot.json' gespeichert.
File: NCT03920592_inc 

Das File: /work/eauten2s/ec_criteria_struct/lct/input/lct_txt_half/NCT03920592_inc.txt wurde erfolgreich geladen.
Die Daten wurden erfolgreich in '/work/eauten2s/ec_criteria_struct/lct/evaluate/eval_p3/model_output/Llama-3-8B-Instruct-Gradient-1048k_5_shot/output/Llama-3-8B-Instruct-Gradient-1048k_NCT03920592_inc_5_shot.json' gespeichert.
File: NCT03920618_exc 

Das File: /work/eauten2s/ec_criteria_struct/lct/input/lct_txt_half/NCT03920618_exc.txt wurde erfolgreich geladen.
Die Daten wurden erfolgreich in '/work/eauten2s/ec_criteria_struct/lct/evaluate/eval_p3/model_output/Llama-3-8B-Instruct-Gradient-1048k_5_shot/output/Llama-3-8B-Instruct-Gradient-1048k_NCT03920618_exc_5_shot.json' gespeichert.
File: NCT03920618_inc 

Das File: /work/eauten2s/ec_criteria_struct/lct/input/lct_txt_half/NCT03920618_inc.txt wurde erfolgreich geladen.
Die Daten wurden erfolgreich in '/work/eauten2s/ec_criteria_struct/lct/evaluate/eval_p3/model_output/Llama-3-8B-Instruct-Gradient-1048k_5_shot/output/Llama-3-8B-Instruct-Gradient-1048k_NCT03920618_inc_5_shot.json' gespeichert.
File: NCT03920670_exc 

Das File: /work/eauten2s/ec_criteria_struct/lct/input/lct_txt_half/NCT03920670_exc.txt wurde erfolgreich geladen.
Die Daten wurden erfolgreich in '/work/eauten2s/ec_criteria_struct/lct/evaluate/eval_p3/model_output/Llama-3-8B-Instruct-Gradient-1048k_5_shot/output/Llama-3-8B-Instruct-Gradient-1048k_NCT03920670_exc_5_shot.json' gespeichert.
File: NCT03920670_inc 

Das File: /work/eauten2s/ec_criteria_struct/lct/input/lct_txt_half/NCT03920670_inc.txt wurde erfolgreich geladen.
Die Daten wurden erfolgreich in '/work/eauten2s/ec_criteria_struct/lct/evaluate/eval_p3/model_output/Llama-3-8B-Instruct-Gradient-1048k_5_shot/output/Llama-3-8B-Instruct-Gradient-1048k_NCT03920670_inc_5_shot.json' gespeichert.
File: NCT03920683_exc 

Das File: /work/eauten2s/ec_criteria_struct/lct/input/lct_txt_half/NCT03920683_exc.txt wurde erfolgreich geladen.
Die Daten wurden erfolgreich in '/work/eauten2s/ec_criteria_struct/lct/evaluate/eval_p3/model_output/Llama-3-8B-Instruct-Gradient-1048k_5_shot/output/Llama-3-8B-Instruct-Gradient-1048k_NCT03920683_exc_5_shot.json' gespeichert.
File: NCT03920683_inc 

Das File: /work/eauten2s/ec_criteria_struct/lct/input/lct_txt_half/NCT03920683_inc.txt wurde erfolgreich geladen.
Die Daten wurden erfolgreich in '/work/eauten2s/ec_criteria_struct/lct/evaluate/eval_p3/model_output/Llama-3-8B-Instruct-Gradient-1048k_5_shot/output/Llama-3-8B-Instruct-Gradient-1048k_NCT03920683_inc_5_shot.json' gespeichert.
File: NCT03920696_exc 

Das File: /work/eauten2s/ec_criteria_struct/lct/input/lct_txt_half/NCT03920696_exc.txt wurde erfolgreich geladen.
Die Daten wurden erfolgreich in '/work/eauten2s/ec_criteria_struct/lct/evaluate/eval_p3/model_output/Llama-3-8B-Instruct-Gradient-1048k_5_shot/output/Llama-3-8B-Instruct-Gradient-1048k_NCT03920696_exc_5_shot.json' gespeichert.
File: NCT03920696_inc 

Das File: /work/eauten2s/ec_criteria_struct/lct/input/lct_txt_half/NCT03920696_inc.txt wurde erfolgreich geladen.
Die Daten wurden erfolgreich in '/work/eauten2s/ec_criteria_struct/lct/evaluate/eval_p3/model_output/Llama-3-8B-Instruct-Gradient-1048k_5_shot/output/Llama-3-8B-Instruct-Gradient-1048k_NCT03920696_inc_5_shot.json' gespeichert.
File: NCT03920748_exc 

Das File: /work/eauten2s/ec_criteria_struct/lct/input/lct_txt_half/NCT03920748_exc.txt wurde erfolgreich geladen.
Die Daten wurden erfolgreich in '/work/eauten2s/ec_criteria_struct/lct/evaluate/eval_p3/model_output/Llama-3-8B-Instruct-Gradient-1048k_5_shot/output/Llama-3-8B-Instruct-Gradient-1048k_NCT03920748_exc_5_shot.json' gespeichert.
File: NCT03920748_inc 

Das File: /work/eauten2s/ec_criteria_struct/lct/input/lct_txt_half/NCT03920748_inc.txt wurde erfolgreich geladen.
Die Daten wurden erfolgreich in '/work/eauten2s/ec_criteria_struct/lct/evaluate/eval_p3/model_output/Llama-3-8B-Instruct-Gradient-1048k_5_shot/output/Llama-3-8B-Instruct-Gradient-1048k_NCT03920748_inc_5_shot.json' gespeichert.
File: NCT03920774_exc 

Das File: /work/eauten2s/ec_criteria_struct/lct/input/lct_txt_half/NCT03920774_exc.txt wurde erfolgreich geladen.
Die Daten wurden erfolgreich in '/work/eauten2s/ec_criteria_struct/lct/evaluate/eval_p3/model_output/Llama-3-8B-Instruct-Gradient-1048k_5_shot/output/Llama-3-8B-Instruct-Gradient-1048k_NCT03920774_exc_5_shot.json' gespeichert.
File: NCT03920774_inc 

Das File: /work/eauten2s/ec_criteria_struct/lct/input/lct_txt_half/NCT03920774_inc.txt wurde erfolgreich geladen.
Die Daten wurden erfolgreich in '/work/eauten2s/ec_criteria_struct/lct/evaluate/eval_p3/model_output/Llama-3-8B-Instruct-Gradient-1048k_5_shot/output/Llama-3-8B-Instruct-Gradient-1048k_NCT03920774_inc_5_shot.json' gespeichert.
File: NCT03920787_exc 

Das File: /work/eauten2s/ec_criteria_struct/lct/input/lct_txt_half/NCT03920787_exc.txt wurde erfolgreich geladen.
Die Daten wurden erfolgreich in '/work/eauten2s/ec_criteria_struct/lct/evaluate/eval_p3/model_output/Llama-3-8B-Instruct-Gradient-1048k_5_shot/output/Llama-3-8B-Instruct-Gradient-1048k_NCT03920787_exc_5_shot.json' gespeichert.
File: NCT03920787_inc 

Das File: /work/eauten2s/ec_criteria_struct/lct/input/lct_txt_half/NCT03920787_inc.txt wurde erfolgreich geladen.
Die Daten wurden erfolgreich in '/work/eauten2s/ec_criteria_struct/lct/evaluate/eval_p3/model_output/Llama-3-8B-Instruct-Gradient-1048k_5_shot/output/Llama-3-8B-Instruct-Gradient-1048k_NCT03920787_inc_5_shot.json' gespeichert.
File: NCT03920800_exc 

Das File: /work/eauten2s/ec_criteria_struct/lct/input/lct_txt_half/NCT03920800_exc.txt wurde erfolgreich geladen.
Die Daten wurden erfolgreich in '/work/eauten2s/ec_criteria_struct/lct/evaluate/eval_p3/model_output/Llama-3-8B-Instruct-Gradient-1048k_5_shot/output/Llama-3-8B-Instruct-Gradient-1048k_NCT03920800_exc_5_shot.json' gespeichert.
File: NCT03920800_inc 

Das File: /work/eauten2s/ec_criteria_struct/lct/input/lct_txt_half/NCT03920800_inc.txt wurde erfolgreich geladen.
Die Daten wurden erfolgreich in '/work/eauten2s/ec_criteria_struct/lct/evaluate/eval_p3/model_output/Llama-3-8B-Instruct-Gradient-1048k_5_shot/output/Llama-3-8B-Instruct-Gradient-1048k_NCT03920800_inc_5_shot.json' gespeichert.
File: NCT03920813_exc 

Das File: /work/eauten2s/ec_criteria_struct/lct/input/lct_txt_half/NCT03920813_exc.txt wurde erfolgreich geladen.
Die Daten wurden erfolgreich in '/work/eauten2s/ec_criteria_struct/lct/evaluate/eval_p3/model_output/Llama-3-8B-Instruct-Gradient-1048k_5_shot/output/Llama-3-8B-Instruct-Gradient-1048k_NCT03920813_exc_5_shot.json' gespeichert.
File: NCT03920813_inc 

Das File: /work/eauten2s/ec_criteria_struct/lct/input/lct_txt_half/NCT03920813_inc.txt wurde erfolgreich geladen.
Die Daten wurden erfolgreich in '/work/eauten2s/ec_criteria_struct/lct/evaluate/eval_p3/model_output/Llama-3-8B-Instruct-Gradient-1048k_5_shot/output/Llama-3-8B-Instruct-Gradient-1048k_NCT03920813_inc_5_shot.json' gespeichert.
File: NCT03920878_exc 

Das File: /work/eauten2s/ec_criteria_struct/lct/input/lct_txt_half/NCT03920878_exc.txt wurde erfolgreich geladen.
Die Daten wurden erfolgreich in '/work/eauten2s/ec_criteria_struct/lct/evaluate/eval_p3/model_output/Llama-3-8B-Instruct-Gradient-1048k_5_shot/output/Llama-3-8B-Instruct-Gradient-1048k_NCT03920878_exc_5_shot.json' gespeichert.
File: NCT03920878_inc 

Das File: /work/eauten2s/ec_criteria_struct/lct/input/lct_txt_half/NCT03920878_inc.txt wurde erfolgreich geladen.
Die Daten wurden erfolgreich in '/work/eauten2s/ec_criteria_struct/lct/evaluate/eval_p3/model_output/Llama-3-8B-Instruct-Gradient-1048k_5_shot/output/Llama-3-8B-Instruct-Gradient-1048k_NCT03920878_inc_5_shot.json' gespeichert.
File: NCT03920891_exc 

Das File: /work/eauten2s/ec_criteria_struct/lct/input/lct_txt_half/NCT03920891_exc.txt wurde erfolgreich geladen.
Die Daten wurden erfolgreich in '/work/eauten2s/ec_criteria_struct/lct/evaluate/eval_p3/model_output/Llama-3-8B-Instruct-Gradient-1048k_5_shot/output/Llama-3-8B-Instruct-Gradient-1048k_NCT03920891_exc_5_shot.json' gespeichert.
File: NCT03920891_inc 

Das File: /work/eauten2s/ec_criteria_struct/lct/input/lct_txt_half/NCT03920891_inc.txt wurde erfolgreich geladen.
Die Daten wurden erfolgreich in '/work/eauten2s/ec_criteria_struct/lct/evaluate/eval_p3/model_output/Llama-3-8B-Instruct-Gradient-1048k_5_shot/output/Llama-3-8B-Instruct-Gradient-1048k_NCT03920891_inc_5_shot.json' gespeichert.
File: NCT03920904_exc 

Das File: /work/eauten2s/ec_criteria_struct/lct/input/lct_txt_half/NCT03920904_exc.txt wurde erfolgreich geladen.
Die Daten wurden erfolgreich in '/work/eauten2s/ec_criteria_struct/lct/evaluate/eval_p3/model_output/Llama-3-8B-Instruct-Gradient-1048k_5_shot/output/Llama-3-8B-Instruct-Gradient-1048k_NCT03920904_exc_5_shot.json' gespeichert.
File: NCT03920904_inc 

Das File: /work/eauten2s/ec_criteria_struct/lct/input/lct_txt_half/NCT03920904_inc.txt wurde erfolgreich geladen.
Die Daten wurden erfolgreich in '/work/eauten2s/ec_criteria_struct/lct/evaluate/eval_p3/model_output/Llama-3-8B-Instruct-Gradient-1048k_5_shot/output/Llama-3-8B-Instruct-Gradient-1048k_NCT03920904_inc_5_shot.json' gespeichert.
File: NCT03920917_exc 

Das File: /work/eauten2s/ec_criteria_struct/lct/input/lct_txt_half/NCT03920917_exc.txt wurde erfolgreich geladen.
Die Daten wurden erfolgreich in '/work/eauten2s/ec_criteria_struct/lct/evaluate/eval_p3/model_output/Llama-3-8B-Instruct-Gradient-1048k_5_shot/output/Llama-3-8B-Instruct-Gradient-1048k_NCT03920917_exc_5_shot.json' gespeichert.
File: NCT03920917_inc 

Das File: /work/eauten2s/ec_criteria_struct/lct/input/lct_txt_half/NCT03920917_inc.txt wurde erfolgreich geladen.
Die Daten wurden erfolgreich in '/work/eauten2s/ec_criteria_struct/lct/evaluate/eval_p3/model_output/Llama-3-8B-Instruct-Gradient-1048k_5_shot/output/Llama-3-8B-Instruct-Gradient-1048k_NCT03920917_inc_5_shot.json' gespeichert.
File: NCT03920930_exc 

Das File: /work/eauten2s/ec_criteria_struct/lct/input/lct_txt_half/NCT03920930_exc.txt wurde erfolgreich geladen.
Die Daten wurden erfolgreich in '/work/eauten2s/ec_criteria_struct/lct/evaluate/eval_p3/model_output/Llama-3-8B-Instruct-Gradient-1048k_5_shot/output/Llama-3-8B-Instruct-Gradient-1048k_NCT03920930_exc_5_shot.json' gespeichert.
File: NCT03921034_exc 

Das File: /work/eauten2s/ec_criteria_struct/lct/input/lct_txt_half/NCT03921034_exc.txt wurde erfolgreich geladen.
Die Daten wurden erfolgreich in '/work/eauten2s/ec_criteria_struct/lct/evaluate/eval_p3/model_output/Llama-3-8B-Instruct-Gradient-1048k_5_shot/output/Llama-3-8B-Instruct-Gradient-1048k_NCT03921034_exc_5_shot.json' gespeichert.
File: NCT03921034_inc 

Das File: /work/eauten2s/ec_criteria_struct/lct/input/lct_txt_half/NCT03921034_inc.txt wurde erfolgreich geladen.
Die Daten wurden erfolgreich in '/work/eauten2s/ec_criteria_struct/lct/evaluate/eval_p3/model_output/Llama-3-8B-Instruct-Gradient-1048k_5_shot/output/Llama-3-8B-Instruct-Gradient-1048k_NCT03921034_inc_5_shot.json' gespeichert.
File: NCT03921047_exc 

Das File: /work/eauten2s/ec_criteria_struct/lct/input/lct_txt_half/NCT03921047_exc.txt wurde erfolgreich geladen.
Die Daten wurden erfolgreich in '/work/eauten2s/ec_criteria_struct/lct/evaluate/eval_p3/model_output/Llama-3-8B-Instruct-Gradient-1048k_5_shot/output/Llama-3-8B-Instruct-Gradient-1048k_NCT03921047_exc_5_shot.json' gespeichert.
File: NCT03921047_inc 

Das File: /work/eauten2s/ec_criteria_struct/lct/input/lct_txt_half/NCT03921047_inc.txt wurde erfolgreich geladen.
Die Daten wurden erfolgreich in '/work/eauten2s/ec_criteria_struct/lct/evaluate/eval_p3/model_output/Llama-3-8B-Instruct-Gradient-1048k_5_shot/output/Llama-3-8B-Instruct-Gradient-1048k_NCT03921047_inc_5_shot.json' gespeichert.
File: NCT03921060_exc 

Das File: /work/eauten2s/ec_criteria_struct/lct/input/lct_txt_half/NCT03921060_exc.txt wurde erfolgreich geladen.
Die Daten wurden erfolgreich in '/work/eauten2s/ec_criteria_struct/lct/evaluate/eval_p3/model_output/Llama-3-8B-Instruct-Gradient-1048k_5_shot/output/Llama-3-8B-Instruct-Gradient-1048k_NCT03921060_exc_5_shot.json' gespeichert.
File: NCT03921060_inc 

Das File: /work/eauten2s/ec_criteria_struct/lct/input/lct_txt_half/NCT03921060_inc.txt wurde erfolgreich geladen.
Die Daten wurden erfolgreich in '/work/eauten2s/ec_criteria_struct/lct/evaluate/eval_p3/model_output/Llama-3-8B-Instruct-Gradient-1048k_5_shot/output/Llama-3-8B-Instruct-Gradient-1048k_NCT03921060_inc_5_shot.json' gespeichert.
File: NCT03921086_exc 

Das File: /work/eauten2s/ec_criteria_struct/lct/input/lct_txt_half/NCT03921086_exc.txt wurde erfolgreich geladen.
Die Daten wurden erfolgreich in '/work/eauten2s/ec_criteria_struct/lct/evaluate/eval_p3/model_output/Llama-3-8B-Instruct-Gradient-1048k_5_shot/output/Llama-3-8B-Instruct-Gradient-1048k_NCT03921086_exc_5_shot.json' gespeichert.
File: NCT03921086_inc 

Das File: /work/eauten2s/ec_criteria_struct/lct/input/lct_txt_half/NCT03921086_inc.txt wurde erfolgreich geladen.
Die Daten wurden erfolgreich in '/work/eauten2s/ec_criteria_struct/lct/evaluate/eval_p3/model_output/Llama-3-8B-Instruct-Gradient-1048k_5_shot/output/Llama-3-8B-Instruct-Gradient-1048k_NCT03921086_inc_5_shot.json' gespeichert.
File: NCT03921099_exc 

Das File: /work/eauten2s/ec_criteria_struct/lct/input/lct_txt_half/NCT03921099_exc.txt wurde erfolgreich geladen.
Die Daten wurden erfolgreich in '/work/eauten2s/ec_criteria_struct/lct/evaluate/eval_p3/model_output/Llama-3-8B-Instruct-Gradient-1048k_5_shot/output/Llama-3-8B-Instruct-Gradient-1048k_NCT03921099_exc_5_shot.json' gespeichert.
File: NCT03921099_inc 

Das File: /work/eauten2s/ec_criteria_struct/lct/input/lct_txt_half/NCT03921099_inc.txt wurde erfolgreich geladen.
Die Daten wurden erfolgreich in '/work/eauten2s/ec_criteria_struct/lct/evaluate/eval_p3/model_output/Llama-3-8B-Instruct-Gradient-1048k_5_shot/output/Llama-3-8B-Instruct-Gradient-1048k_NCT03921099_inc_5_shot.json' gespeichert.
File: NCT03921112_exc 

Das File: /work/eauten2s/ec_criteria_struct/lct/input/lct_txt_half/NCT03921112_exc.txt wurde erfolgreich geladen.
Die Daten wurden erfolgreich in '/work/eauten2s/ec_criteria_struct/lct/evaluate/eval_p3/model_output/Llama-3-8B-Instruct-Gradient-1048k_5_shot/output/Llama-3-8B-Instruct-Gradient-1048k_NCT03921112_exc_5_shot.json' gespeichert.
File: NCT03921112_inc 

Das File: /work/eauten2s/ec_criteria_struct/lct/input/lct_txt_half/NCT03921112_inc.txt wurde erfolgreich geladen.
Die Daten wurden erfolgreich in '/work/eauten2s/ec_criteria_struct/lct/evaluate/eval_p3/model_output/Llama-3-8B-Instruct-Gradient-1048k_5_shot/output/Llama-3-8B-Instruct-Gradient-1048k_NCT03921112_inc_5_shot.json' gespeichert.
File: NCT03921125_exc 

Das File: /work/eauten2s/ec_criteria_struct/lct/input/lct_txt_half/NCT03921125_exc.txt wurde erfolgreich geladen.
Die Daten wurden erfolgreich in '/work/eauten2s/ec_criteria_struct/lct/evaluate/eval_p3/model_output/Llama-3-8B-Instruct-Gradient-1048k_5_shot/output/Llama-3-8B-Instruct-Gradient-1048k_NCT03921125_exc_5_shot.json' gespeichert.
File: NCT03921125_inc 

Das File: /work/eauten2s/ec_criteria_struct/lct/input/lct_txt_half/NCT03921125_inc.txt wurde erfolgreich geladen.
Die Daten wurden erfolgreich in '/work/eauten2s/ec_criteria_struct/lct/evaluate/eval_p3/model_output/Llama-3-8B-Instruct-Gradient-1048k_5_shot/output/Llama-3-8B-Instruct-Gradient-1048k_NCT03921125_inc_5_shot.json' gespeichert.
File: NCT03921138_exc 

Das File: /work/eauten2s/ec_criteria_struct/lct/input/lct_txt_half/NCT03921138_exc.txt wurde erfolgreich geladen.
Die Daten wurden erfolgreich in '/work/eauten2s/ec_criteria_struct/lct/evaluate/eval_p3/model_output/Llama-3-8B-Instruct-Gradient-1048k_5_shot/output/Llama-3-8B-Instruct-Gradient-1048k_NCT03921138_exc_5_shot.json' gespeichert.
File: NCT03921138_inc 

Das File: /work/eauten2s/ec_criteria_struct/lct/input/lct_txt_half/NCT03921138_inc.txt wurde erfolgreich geladen.
Die Daten wurden erfolgreich in '/work/eauten2s/ec_criteria_struct/lct/evaluate/eval_p3/model_output/Llama-3-8B-Instruct-Gradient-1048k_5_shot/output/Llama-3-8B-Instruct-Gradient-1048k_NCT03921138_inc_5_shot.json' gespeichert.
File: NCT03921164_exc 

Das File: /work/eauten2s/ec_criteria_struct/lct/input/lct_txt_half/NCT03921164_exc.txt wurde erfolgreich geladen.
Die Daten wurden erfolgreich in '/work/eauten2s/ec_criteria_struct/lct/evaluate/eval_p3/model_output/Llama-3-8B-Instruct-Gradient-1048k_5_shot/output/Llama-3-8B-Instruct-Gradient-1048k_NCT03921164_exc_5_shot.json' gespeichert.
File: NCT03921164_inc 

Das File: /work/eauten2s/ec_criteria_struct/lct/input/lct_txt_half/NCT03921164_inc.txt wurde erfolgreich geladen.
Die Daten wurden erfolgreich in '/work/eauten2s/ec_criteria_struct/lct/evaluate/eval_p3/model_output/Llama-3-8B-Instruct-Gradient-1048k_5_shot/output/Llama-3-8B-Instruct-Gradient-1048k_NCT03921164_inc_5_shot.json' gespeichert.
File: NCT03921177_exc 

Das File: /work/eauten2s/ec_criteria_struct/lct/input/lct_txt_half/NCT03921177_exc.txt wurde erfolgreich geladen.
Die Daten wurden erfolgreich in '/work/eauten2s/ec_criteria_struct/lct/evaluate/eval_p3/model_output/Llama-3-8B-Instruct-Gradient-1048k_5_shot/output/Llama-3-8B-Instruct-Gradient-1048k_NCT03921177_exc_5_shot.json' gespeichert.
File: NCT03921177_inc 

Das File: /work/eauten2s/ec_criteria_struct/lct/input/lct_txt_half/NCT03921177_inc.txt wurde erfolgreich geladen.
Die Daten wurden erfolgreich in '/work/eauten2s/ec_criteria_struct/lct/evaluate/eval_p3/model_output/Llama-3-8B-Instruct-Gradient-1048k_5_shot/output/Llama-3-8B-Instruct-Gradient-1048k_NCT03921177_inc_5_shot.json' gespeichert.
File: NCT03921190_exc 

Das File: /work/eauten2s/ec_criteria_struct/lct/input/lct_txt_half/NCT03921190_exc.txt wurde erfolgreich geladen.
Die Daten wurden erfolgreich in '/work/eauten2s/ec_criteria_struct/lct/evaluate/eval_p3/model_output/Llama-3-8B-Instruct-Gradient-1048k_5_shot/output/Llama-3-8B-Instruct-Gradient-1048k_NCT03921190_exc_5_shot.json' gespeichert.
File: NCT03921190_inc 

Das File: /work/eauten2s/ec_criteria_struct/lct/input/lct_txt_half/NCT03921190_inc.txt wurde erfolgreich geladen.
Die Daten wurden erfolgreich in '/work/eauten2s/ec_criteria_struct/lct/evaluate/eval_p3/model_output/Llama-3-8B-Instruct-Gradient-1048k_5_shot/output/Llama-3-8B-Instruct-Gradient-1048k_NCT03921190_inc_5_shot.json' gespeichert.
File: NCT03921203_exc 

Das File: /work/eauten2s/ec_criteria_struct/lct/input/lct_txt_half/NCT03921203_exc.txt wurde erfolgreich geladen.
Die Daten wurden erfolgreich in '/work/eauten2s/ec_criteria_struct/lct/evaluate/eval_p3/model_output/Llama-3-8B-Instruct-Gradient-1048k_5_shot/output/Llama-3-8B-Instruct-Gradient-1048k_NCT03921203_exc_5_shot.json' gespeichert.
File: NCT03921203_inc 

Das File: /work/eauten2s/ec_criteria_struct/lct/input/lct_txt_half/NCT03921203_inc.txt wurde erfolgreich geladen.
Die Daten wurden erfolgreich in '/work/eauten2s/ec_criteria_struct/lct/evaluate/eval_p3/model_output/Llama-3-8B-Instruct-Gradient-1048k_5_shot/output/Llama-3-8B-Instruct-Gradient-1048k_NCT03921203_inc_5_shot.json' gespeichert.
File: NCT03921216_exc 

Das File: /work/eauten2s/ec_criteria_struct/lct/input/lct_txt_half/NCT03921216_exc.txt wurde erfolgreich geladen.
Die Daten wurden erfolgreich in '/work/eauten2s/ec_criteria_struct/lct/evaluate/eval_p3/model_output/Llama-3-8B-Instruct-Gradient-1048k_5_shot/output/Llama-3-8B-Instruct-Gradient-1048k_NCT03921216_exc_5_shot.json' gespeichert.
File: NCT03921307_exc 

Das File: /work/eauten2s/ec_criteria_struct/lct/input/lct_txt_half/NCT03921307_exc.txt wurde erfolgreich geladen.
Die Daten wurden erfolgreich in '/work/eauten2s/ec_criteria_struct/lct/evaluate/eval_p3/model_output/Llama-3-8B-Instruct-Gradient-1048k_5_shot/output/Llama-3-8B-Instruct-Gradient-1048k_NCT03921307_exc_5_shot.json' gespeichert.
File: NCT03921307_inc 

Das File: /work/eauten2s/ec_criteria_struct/lct/input/lct_txt_half/NCT03921307_inc.txt wurde erfolgreich geladen.
Die Daten wurden erfolgreich in '/work/eauten2s/ec_criteria_struct/lct/evaluate/eval_p3/model_output/Llama-3-8B-Instruct-Gradient-1048k_5_shot/output/Llama-3-8B-Instruct-Gradient-1048k_NCT03921307_inc_5_shot.json' gespeichert.
File: NCT03921398_exc 

Das File: /work/eauten2s/ec_criteria_struct/lct/input/lct_txt_half/NCT03921398_exc.txt wurde erfolgreich geladen.
Die Daten wurden erfolgreich in '/work/eauten2s/ec_criteria_struct/lct/evaluate/eval_p3/model_output/Llama-3-8B-Instruct-Gradient-1048k_5_shot/output/Llama-3-8B-Instruct-Gradient-1048k_NCT03921398_exc_5_shot.json' gespeichert.
File: NCT03921398_inc 

Das File: /work/eauten2s/ec_criteria_struct/lct/input/lct_txt_half/NCT03921398_inc.txt wurde erfolgreich geladen.
Die Daten wurden erfolgreich in '/work/eauten2s/ec_criteria_struct/lct/evaluate/eval_p3/model_output/Llama-3-8B-Instruct-Gradient-1048k_5_shot/output/Llama-3-8B-Instruct-Gradient-1048k_NCT03921398_inc_5_shot.json' gespeichert.
File: NCT03921411_exc 

Das File: /work/eauten2s/ec_criteria_struct/lct/input/lct_txt_half/NCT03921411_exc.txt wurde erfolgreich geladen.
Die Daten wurden erfolgreich in '/work/eauten2s/ec_criteria_struct/lct/evaluate/eval_p3/model_output/Llama-3-8B-Instruct-Gradient-1048k_5_shot/output/Llama-3-8B-Instruct-Gradient-1048k_NCT03921411_exc_5_shot.json' gespeichert.
File: NCT03921411_inc 

Das File: /work/eauten2s/ec_criteria_struct/lct/input/lct_txt_half/NCT03921411_inc.txt wurde erfolgreich geladen.
Die Daten wurden erfolgreich in '/work/eauten2s/ec_criteria_struct/lct/evaluate/eval_p3/model_output/Llama-3-8B-Instruct-Gradient-1048k_5_shot/output/Llama-3-8B-Instruct-Gradient-1048k_NCT03921411_inc_5_shot.json' gespeichert.
File: NCT03921463_exc 

Das File: /work/eauten2s/ec_criteria_struct/lct/input/lct_txt_half/NCT03921463_exc.txt wurde erfolgreich geladen.
Die Daten wurden erfolgreich in '/work/eauten2s/ec_criteria_struct/lct/evaluate/eval_p3/model_output/Llama-3-8B-Instruct-Gradient-1048k_5_shot/output/Llama-3-8B-Instruct-Gradient-1048k_NCT03921463_exc_5_shot.json' gespeichert.
File: NCT03921463_inc 

Das File: /work/eauten2s/ec_criteria_struct/lct/input/lct_txt_half/NCT03921463_inc.txt wurde erfolgreich geladen.
Die Daten wurden erfolgreich in '/work/eauten2s/ec_criteria_struct/lct/evaluate/eval_p3/model_output/Llama-3-8B-Instruct-Gradient-1048k_5_shot/output/Llama-3-8B-Instruct-Gradient-1048k_NCT03921463_inc_5_shot.json' gespeichert.
File: NCT03921489_exc 

Das File: /work/eauten2s/ec_criteria_struct/lct/input/lct_txt_half/NCT03921489_exc.txt wurde erfolgreich geladen.
Die Daten wurden erfolgreich in '/work/eauten2s/ec_criteria_struct/lct/evaluate/eval_p3/model_output/Llama-3-8B-Instruct-Gradient-1048k_5_shot/output/Llama-3-8B-Instruct-Gradient-1048k_NCT03921489_exc_5_shot.json' gespeichert.
File: NCT03921489_inc 

Das File: /work/eauten2s/ec_criteria_struct/lct/input/lct_txt_half/NCT03921489_inc.txt wurde erfolgreich geladen.
Die Daten wurden erfolgreich in '/work/eauten2s/ec_criteria_struct/lct/evaluate/eval_p3/model_output/Llama-3-8B-Instruct-Gradient-1048k_5_shot/output/Llama-3-8B-Instruct-Gradient-1048k_NCT03921489_inc_5_shot.json' gespeichert.
File: NCT03921502_exc 

Das File: /work/eauten2s/ec_criteria_struct/lct/input/lct_txt_half/NCT03921502_exc.txt wurde erfolgreich geladen.
Die Daten wurden erfolgreich in '/work/eauten2s/ec_criteria_struct/lct/evaluate/eval_p3/model_output/Llama-3-8B-Instruct-Gradient-1048k_5_shot/output/Llama-3-8B-Instruct-Gradient-1048k_NCT03921502_exc_5_shot.json' gespeichert.
File: NCT03921502_inc 

Das File: /work/eauten2s/ec_criteria_struct/lct/input/lct_txt_half/NCT03921502_inc.txt wurde erfolgreich geladen.
Die Daten wurden erfolgreich in '/work/eauten2s/ec_criteria_struct/lct/evaluate/eval_p3/model_output/Llama-3-8B-Instruct-Gradient-1048k_5_shot/output/Llama-3-8B-Instruct-Gradient-1048k_NCT03921502_inc_5_shot.json' gespeichert.
File: NCT03921515_exc 

Das File: /work/eauten2s/ec_criteria_struct/lct/input/lct_txt_half/NCT03921515_exc.txt wurde erfolgreich geladen.
Die Daten wurden erfolgreich in '/work/eauten2s/ec_criteria_struct/lct/evaluate/eval_p3/model_output/Llama-3-8B-Instruct-Gradient-1048k_5_shot/output/Llama-3-8B-Instruct-Gradient-1048k_NCT03921515_exc_5_shot.json' gespeichert.
File: NCT03921515_inc 

Das File: /work/eauten2s/ec_criteria_struct/lct/input/lct_txt_half/NCT03921515_inc.txt wurde erfolgreich geladen.
Die Daten wurden erfolgreich in '/work/eauten2s/ec_criteria_struct/lct/evaluate/eval_p3/model_output/Llama-3-8B-Instruct-Gradient-1048k_5_shot/output/Llama-3-8B-Instruct-Gradient-1048k_NCT03921515_inc_5_shot.json' gespeichert.
File: NCT03921567_exc 

Das File: /work/eauten2s/ec_criteria_struct/lct/input/lct_txt_half/NCT03921567_exc.txt wurde erfolgreich geladen.
Die Daten wurden erfolgreich in '/work/eauten2s/ec_criteria_struct/lct/evaluate/eval_p3/model_output/Llama-3-8B-Instruct-Gradient-1048k_5_shot/output/Llama-3-8B-Instruct-Gradient-1048k_NCT03921567_exc_5_shot.json' gespeichert.
File: NCT03921567_inc 

Das File: /work/eauten2s/ec_criteria_struct/lct/input/lct_txt_half/NCT03921567_inc.txt wurde erfolgreich geladen.
Die Daten wurden erfolgreich in '/work/eauten2s/ec_criteria_struct/lct/evaluate/eval_p3/model_output/Llama-3-8B-Instruct-Gradient-1048k_5_shot/output/Llama-3-8B-Instruct-Gradient-1048k_NCT03921567_inc_5_shot.json' gespeichert.
File: NCT03921580_exc 

Das File: /work/eauten2s/ec_criteria_struct/lct/input/lct_txt_half/NCT03921580_exc.txt wurde erfolgreich geladen.
Die Daten wurden erfolgreich in '/work/eauten2s/ec_criteria_struct/lct/evaluate/eval_p3/model_output/Llama-3-8B-Instruct-Gradient-1048k_5_shot/output/Llama-3-8B-Instruct-Gradient-1048k_NCT03921580_exc_5_shot.json' gespeichert.
File: NCT03921580_inc 

Das File: /work/eauten2s/ec_criteria_struct/lct/input/lct_txt_half/NCT03921580_inc.txt wurde erfolgreich geladen.
Die Daten wurden erfolgreich in '/work/eauten2s/ec_criteria_struct/lct/evaluate/eval_p3/model_output/Llama-3-8B-Instruct-Gradient-1048k_5_shot/output/Llama-3-8B-Instruct-Gradient-1048k_NCT03921580_inc_5_shot.json' gespeichert.
File: NCT03921593_exc 

Das File: /work/eauten2s/ec_criteria_struct/lct/input/lct_txt_half/NCT03921593_exc.txt wurde erfolgreich geladen.
Die Daten wurden erfolgreich in '/work/eauten2s/ec_criteria_struct/lct/evaluate/eval_p3/model_output/Llama-3-8B-Instruct-Gradient-1048k_5_shot/output/Llama-3-8B-Instruct-Gradient-1048k_NCT03921593_exc_5_shot.json' gespeichert.
File: NCT03921593_inc 

Das File: /work/eauten2s/ec_criteria_struct/lct/input/lct_txt_half/NCT03921593_inc.txt wurde erfolgreich geladen.
Die Daten wurden erfolgreich in '/work/eauten2s/ec_criteria_struct/lct/evaluate/eval_p3/model_output/Llama-3-8B-Instruct-Gradient-1048k_5_shot/output/Llama-3-8B-Instruct-Gradient-1048k_NCT03921593_inc_5_shot.json' gespeichert.
File: NCT03921606_exc 

Das File: /work/eauten2s/ec_criteria_struct/lct/input/lct_txt_half/NCT03921606_exc.txt wurde erfolgreich geladen.
Die Daten wurden erfolgreich in '/work/eauten2s/ec_criteria_struct/lct/evaluate/eval_p3/model_output/Llama-3-8B-Instruct-Gradient-1048k_5_shot/output/Llama-3-8B-Instruct-Gradient-1048k_NCT03921606_exc_5_shot.json' gespeichert.
File: NCT03921606_inc 

Das File: /work/eauten2s/ec_criteria_struct/lct/input/lct_txt_half/NCT03921606_inc.txt wurde erfolgreich geladen.
Die Daten wurden erfolgreich in '/work/eauten2s/ec_criteria_struct/lct/evaluate/eval_p3/model_output/Llama-3-8B-Instruct-Gradient-1048k_5_shot/output/Llama-3-8B-Instruct-Gradient-1048k_NCT03921606_inc_5_shot.json' gespeichert.
File: NCT03921619_exc 

Das File: /work/eauten2s/ec_criteria_struct/lct/input/lct_txt_half/NCT03921619_exc.txt wurde erfolgreich geladen.
Die Daten wurden erfolgreich in '/work/eauten2s/ec_criteria_struct/lct/evaluate/eval_p3/model_output/Llama-3-8B-Instruct-Gradient-1048k_5_shot/output/Llama-3-8B-Instruct-Gradient-1048k_NCT03921619_exc_5_shot.json' gespeichert.
File: NCT03921619_inc 

Das File: /work/eauten2s/ec_criteria_struct/lct/input/lct_txt_half/NCT03921619_inc.txt wurde erfolgreich geladen.
Die Daten wurden erfolgreich in '/work/eauten2s/ec_criteria_struct/lct/evaluate/eval_p3/model_output/Llama-3-8B-Instruct-Gradient-1048k_5_shot/output/Llama-3-8B-Instruct-Gradient-1048k_NCT03921619_inc_5_shot.json' gespeichert.
File: NCT03921632_exc 

Das File: /work/eauten2s/ec_criteria_struct/lct/input/lct_txt_half/NCT03921632_exc.txt wurde erfolgreich geladen.
Die Daten wurden erfolgreich in '/work/eauten2s/ec_criteria_struct/lct/evaluate/eval_p3/model_output/Llama-3-8B-Instruct-Gradient-1048k_5_shot/output/Llama-3-8B-Instruct-Gradient-1048k_NCT03921632_exc_5_shot.json' gespeichert.
File: NCT03921632_inc 

Das File: /work/eauten2s/ec_criteria_struct/lct/input/lct_txt_half/NCT03921632_inc.txt wurde erfolgreich geladen.
Die Daten wurden erfolgreich in '/work/eauten2s/ec_criteria_struct/lct/evaluate/eval_p3/model_output/Llama-3-8B-Instruct-Gradient-1048k_5_shot/output/Llama-3-8B-Instruct-Gradient-1048k_NCT03921632_inc_5_shot.json' gespeichert.
File: NCT03921658_exc 

Das File: /work/eauten2s/ec_criteria_struct/lct/input/lct_txt_half/NCT03921658_exc.txt wurde erfolgreich geladen.
Die Daten wurden erfolgreich in '/work/eauten2s/ec_criteria_struct/lct/evaluate/eval_p3/model_output/Llama-3-8B-Instruct-Gradient-1048k_5_shot/output/Llama-3-8B-Instruct-Gradient-1048k_NCT03921658_exc_5_shot.json' gespeichert.
File: NCT03921658_inc 

Das File: /work/eauten2s/ec_criteria_struct/lct/input/lct_txt_half/NCT03921658_inc.txt wurde erfolgreich geladen.
Die Daten wurden erfolgreich in '/work/eauten2s/ec_criteria_struct/lct/evaluate/eval_p3/model_output/Llama-3-8B-Instruct-Gradient-1048k_5_shot/output/Llama-3-8B-Instruct-Gradient-1048k_NCT03921658_inc_5_shot.json' gespeichert.
File: NCT03921697_exc 

Das File: /work/eauten2s/ec_criteria_struct/lct/input/lct_txt_half/NCT03921697_exc.txt wurde erfolgreich geladen.
Die Daten wurden erfolgreich in '/work/eauten2s/ec_criteria_struct/lct/evaluate/eval_p3/model_output/Llama-3-8B-Instruct-Gradient-1048k_5_shot/output/Llama-3-8B-Instruct-Gradient-1048k_NCT03921697_exc_5_shot.json' gespeichert.
File: NCT03921697_inc 

Das File: /work/eauten2s/ec_criteria_struct/lct/input/lct_txt_half/NCT03921697_inc.txt wurde erfolgreich geladen.
Die Daten wurden erfolgreich in '/work/eauten2s/ec_criteria_struct/lct/evaluate/eval_p3/model_output/Llama-3-8B-Instruct-Gradient-1048k_5_shot/output/Llama-3-8B-Instruct-Gradient-1048k_NCT03921697_inc_5_shot.json' gespeichert.
File: NCT03921710_exc 

Das File: /work/eauten2s/ec_criteria_struct/lct/input/lct_txt_half/NCT03921710_exc.txt wurde erfolgreich geladen.
Die Daten wurden erfolgreich in '/work/eauten2s/ec_criteria_struct/lct/evaluate/eval_p3/model_output/Llama-3-8B-Instruct-Gradient-1048k_5_shot/output/Llama-3-8B-Instruct-Gradient-1048k_NCT03921710_exc_5_shot.json' gespeichert.
File: NCT03921710_inc 

Das File: /work/eauten2s/ec_criteria_struct/lct/input/lct_txt_half/NCT03921710_inc.txt wurde erfolgreich geladen.
Die Daten wurden erfolgreich in '/work/eauten2s/ec_criteria_struct/lct/evaluate/eval_p3/model_output/Llama-3-8B-Instruct-Gradient-1048k_5_shot/output/Llama-3-8B-Instruct-Gradient-1048k_NCT03921710_inc_5_shot.json' gespeichert.
File: NCT03921736_exc 

Das File: /work/eauten2s/ec_criteria_struct/lct/input/lct_txt_half/NCT03921736_exc.txt wurde erfolgreich geladen.
Die Daten wurden erfolgreich in '/work/eauten2s/ec_criteria_struct/lct/evaluate/eval_p3/model_output/Llama-3-8B-Instruct-Gradient-1048k_5_shot/output/Llama-3-8B-Instruct-Gradient-1048k_NCT03921736_exc_5_shot.json' gespeichert.
File: NCT03921736_inc 

Das File: /work/eauten2s/ec_criteria_struct/lct/input/lct_txt_half/NCT03921736_inc.txt wurde erfolgreich geladen.
Die Daten wurden erfolgreich in '/work/eauten2s/ec_criteria_struct/lct/evaluate/eval_p3/model_output/Llama-3-8B-Instruct-Gradient-1048k_5_shot/output/Llama-3-8B-Instruct-Gradient-1048k_NCT03921736_inc_5_shot.json' gespeichert.
File: NCT03921749_exc 

Das File: /work/eauten2s/ec_criteria_struct/lct/input/lct_txt_half/NCT03921749_exc.txt wurde erfolgreich geladen.
Die Daten wurden erfolgreich in '/work/eauten2s/ec_criteria_struct/lct/evaluate/eval_p3/model_output/Llama-3-8B-Instruct-Gradient-1048k_5_shot/output/Llama-3-8B-Instruct-Gradient-1048k_NCT03921749_exc_5_shot.json' gespeichert.
File: NCT03921749_inc 

Das File: /work/eauten2s/ec_criteria_struct/lct/input/lct_txt_half/NCT03921749_inc.txt wurde erfolgreich geladen.
Die Daten wurden erfolgreich in '/work/eauten2s/ec_criteria_struct/lct/evaluate/eval_p3/model_output/Llama-3-8B-Instruct-Gradient-1048k_5_shot/output/Llama-3-8B-Instruct-Gradient-1048k_NCT03921749_inc_5_shot.json' gespeichert.
File: NCT03921762_exc 

Das File: /work/eauten2s/ec_criteria_struct/lct/input/lct_txt_half/NCT03921762_exc.txt wurde erfolgreich geladen.
Die Daten wurden erfolgreich in '/work/eauten2s/ec_criteria_struct/lct/evaluate/eval_p3/model_output/Llama-3-8B-Instruct-Gradient-1048k_5_shot/output/Llama-3-8B-Instruct-Gradient-1048k_NCT03921762_exc_5_shot.json' gespeichert.
File: NCT03921762_inc 

Das File: /work/eauten2s/ec_criteria_struct/lct/input/lct_txt_half/NCT03921762_inc.txt wurde erfolgreich geladen.
Die Daten wurden erfolgreich in '/work/eauten2s/ec_criteria_struct/lct/evaluate/eval_p3/model_output/Llama-3-8B-Instruct-Gradient-1048k_5_shot/output/Llama-3-8B-Instruct-Gradient-1048k_NCT03921762_inc_5_shot.json' gespeichert.
File: NCT03921775_exc 

Das File: /work/eauten2s/ec_criteria_struct/lct/input/lct_txt_half/NCT03921775_exc.txt wurde erfolgreich geladen.
Die Daten wurden erfolgreich in '/work/eauten2s/ec_criteria_struct/lct/evaluate/eval_p3/model_output/Llama-3-8B-Instruct-Gradient-1048k_5_shot/output/Llama-3-8B-Instruct-Gradient-1048k_NCT03921775_exc_5_shot.json' gespeichert.
File: NCT03921788_exc 

Das File: /work/eauten2s/ec_criteria_struct/lct/input/lct_txt_half/NCT03921788_exc.txt wurde erfolgreich geladen.
Die Daten wurden erfolgreich in '/work/eauten2s/ec_criteria_struct/lct/evaluate/eval_p3/model_output/Llama-3-8B-Instruct-Gradient-1048k_5_shot/output/Llama-3-8B-Instruct-Gradient-1048k_NCT03921788_exc_5_shot.json' gespeichert.
File: NCT03921788_inc 

Das File: /work/eauten2s/ec_criteria_struct/lct/input/lct_txt_half/NCT03921788_inc.txt wurde erfolgreich geladen.
Die Daten wurden erfolgreich in '/work/eauten2s/ec_criteria_struct/lct/evaluate/eval_p3/model_output/Llama-3-8B-Instruct-Gradient-1048k_5_shot/output/Llama-3-8B-Instruct-Gradient-1048k_NCT03921788_inc_5_shot.json' gespeichert.
File: NCT03921827_exc 

Das File: /work/eauten2s/ec_criteria_struct/lct/input/lct_txt_half/NCT03921827_exc.txt wurde erfolgreich geladen.
Die Daten wurden erfolgreich in '/work/eauten2s/ec_criteria_struct/lct/evaluate/eval_p3/model_output/Llama-3-8B-Instruct-Gradient-1048k_5_shot/output/Llama-3-8B-Instruct-Gradient-1048k_NCT03921827_exc_5_shot.json' gespeichert.
File: NCT03921827_inc 

Das File: /work/eauten2s/ec_criteria_struct/lct/input/lct_txt_half/NCT03921827_inc.txt wurde erfolgreich geladen.
Die Daten wurden erfolgreich in '/work/eauten2s/ec_criteria_struct/lct/evaluate/eval_p3/model_output/Llama-3-8B-Instruct-Gradient-1048k_5_shot/output/Llama-3-8B-Instruct-Gradient-1048k_NCT03921827_inc_5_shot.json' gespeichert.
File: NCT03921840_exc 

Das File: /work/eauten2s/ec_criteria_struct/lct/input/lct_txt_half/NCT03921840_exc.txt wurde erfolgreich geladen.
Die Daten wurden erfolgreich in '/work/eauten2s/ec_criteria_struct/lct/evaluate/eval_p3/model_output/Llama-3-8B-Instruct-Gradient-1048k_5_shot/output/Llama-3-8B-Instruct-Gradient-1048k_NCT03921840_exc_5_shot.json' gespeichert.
File: NCT03921840_inc 

Das File: /work/eauten2s/ec_criteria_struct/lct/input/lct_txt_half/NCT03921840_inc.txt wurde erfolgreich geladen.
Die Daten wurden erfolgreich in '/work/eauten2s/ec_criteria_struct/lct/evaluate/eval_p3/model_output/Llama-3-8B-Instruct-Gradient-1048k_5_shot/output/Llama-3-8B-Instruct-Gradient-1048k_NCT03921840_inc_5_shot.json' gespeichert.
File: NCT03921853_exc 

Das File: /work/eauten2s/ec_criteria_struct/lct/input/lct_txt_half/NCT03921853_exc.txt wurde erfolgreich geladen.
Die Daten wurden erfolgreich in '/work/eauten2s/ec_criteria_struct/lct/evaluate/eval_p3/model_output/Llama-3-8B-Instruct-Gradient-1048k_5_shot/output/Llama-3-8B-Instruct-Gradient-1048k_NCT03921853_exc_5_shot.json' gespeichert.
File: NCT03921853_inc 

Das File: /work/eauten2s/ec_criteria_struct/lct/input/lct_txt_half/NCT03921853_inc.txt wurde erfolgreich geladen.
Die Daten wurden erfolgreich in '/work/eauten2s/ec_criteria_struct/lct/evaluate/eval_p3/model_output/Llama-3-8B-Instruct-Gradient-1048k_5_shot/output/Llama-3-8B-Instruct-Gradient-1048k_NCT03921853_inc_5_shot.json' gespeichert.
File: NCT03921892_exc 

Das File: /work/eauten2s/ec_criteria_struct/lct/input/lct_txt_half/NCT03921892_exc.txt wurde erfolgreich geladen.
Die Daten wurden erfolgreich in '/work/eauten2s/ec_criteria_struct/lct/evaluate/eval_p3/model_output/Llama-3-8B-Instruct-Gradient-1048k_5_shot/output/Llama-3-8B-Instruct-Gradient-1048k_NCT03921892_exc_5_shot.json' gespeichert.
File: NCT03921892_inc 

Das File: /work/eauten2s/ec_criteria_struct/lct/input/lct_txt_half/NCT03921892_inc.txt wurde erfolgreich geladen.
Die Daten wurden erfolgreich in '/work/eauten2s/ec_criteria_struct/lct/evaluate/eval_p3/model_output/Llama-3-8B-Instruct-Gradient-1048k_5_shot/output/Llama-3-8B-Instruct-Gradient-1048k_NCT03921892_inc_5_shot.json' gespeichert.
File: NCT03921905_exc 

Das File: /work/eauten2s/ec_criteria_struct/lct/input/lct_txt_half/NCT03921905_exc.txt wurde erfolgreich geladen.
Die Daten wurden erfolgreich in '/work/eauten2s/ec_criteria_struct/lct/evaluate/eval_p3/model_output/Llama-3-8B-Instruct-Gradient-1048k_5_shot/output/Llama-3-8B-Instruct-Gradient-1048k_NCT03921905_exc_5_shot.json' gespeichert.
File: NCT03921905_inc 

Das File: /work/eauten2s/ec_criteria_struct/lct/input/lct_txt_half/NCT03921905_inc.txt wurde erfolgreich geladen.
Die Daten wurden erfolgreich in '/work/eauten2s/ec_criteria_struct/lct/evaluate/eval_p3/model_output/Llama-3-8B-Instruct-Gradient-1048k_5_shot/output/Llama-3-8B-Instruct-Gradient-1048k_NCT03921905_inc_5_shot.json' gespeichert.
File: NCT03921918_exc 

Das File: /work/eauten2s/ec_criteria_struct/lct/input/lct_txt_half/NCT03921918_exc.txt wurde erfolgreich geladen.
Die Daten wurden erfolgreich in '/work/eauten2s/ec_criteria_struct/lct/evaluate/eval_p3/model_output/Llama-3-8B-Instruct-Gradient-1048k_5_shot/output/Llama-3-8B-Instruct-Gradient-1048k_NCT03921918_exc_5_shot.json' gespeichert.
File: NCT03921918_inc 

Das File: /work/eauten2s/ec_criteria_struct/lct/input/lct_txt_half/NCT03921918_inc.txt wurde erfolgreich geladen.
Die Daten wurden erfolgreich in '/work/eauten2s/ec_criteria_struct/lct/evaluate/eval_p3/model_output/Llama-3-8B-Instruct-Gradient-1048k_5_shot/output/Llama-3-8B-Instruct-Gradient-1048k_NCT03921918_inc_5_shot.json' gespeichert.
File: NCT03921931_exc 

Das File: /work/eauten2s/ec_criteria_struct/lct/input/lct_txt_half/NCT03921931_exc.txt wurde erfolgreich geladen.
Die Daten wurden erfolgreich in '/work/eauten2s/ec_criteria_struct/lct/evaluate/eval_p3/model_output/Llama-3-8B-Instruct-Gradient-1048k_5_shot/output/Llama-3-8B-Instruct-Gradient-1048k_NCT03921931_exc_5_shot.json' gespeichert.
File: NCT03921931_inc 

Das File: /work/eauten2s/ec_criteria_struct/lct/input/lct_txt_half/NCT03921931_inc.txt wurde erfolgreich geladen.
Die Daten wurden erfolgreich in '/work/eauten2s/ec_criteria_struct/lct/evaluate/eval_p3/model_output/Llama-3-8B-Instruct-Gradient-1048k_5_shot/output/Llama-3-8B-Instruct-Gradient-1048k_NCT03921931_inc_5_shot.json' gespeichert.
File: NCT03921944_exc 

Das File: /work/eauten2s/ec_criteria_struct/lct/input/lct_txt_half/NCT03921944_exc.txt wurde erfolgreich geladen.
Die Daten wurden erfolgreich in '/work/eauten2s/ec_criteria_struct/lct/evaluate/eval_p3/model_output/Llama-3-8B-Instruct-Gradient-1048k_5_shot/output/Llama-3-8B-Instruct-Gradient-1048k_NCT03921944_exc_5_shot.json' gespeichert.
File: NCT03921944_inc 

Das File: /work/eauten2s/ec_criteria_struct/lct/input/lct_txt_half/NCT03921944_inc.txt wurde erfolgreich geladen.
Die Daten wurden erfolgreich in '/work/eauten2s/ec_criteria_struct/lct/evaluate/eval_p3/model_output/Llama-3-8B-Instruct-Gradient-1048k_5_shot/output/Llama-3-8B-Instruct-Gradient-1048k_NCT03921944_inc_5_shot.json' gespeichert.
File: NCT03921970_exc 

Das File: /work/eauten2s/ec_criteria_struct/lct/input/lct_txt_half/NCT03921970_exc.txt wurde erfolgreich geladen.
Die Daten wurden erfolgreich in '/work/eauten2s/ec_criteria_struct/lct/evaluate/eval_p3/model_output/Llama-3-8B-Instruct-Gradient-1048k_5_shot/output/Llama-3-8B-Instruct-Gradient-1048k_NCT03921970_exc_5_shot.json' gespeichert.
File: NCT03921970_inc 

Das File: /work/eauten2s/ec_criteria_struct/lct/input/lct_txt_half/NCT03921970_inc.txt wurde erfolgreich geladen.
Die Daten wurden erfolgreich in '/work/eauten2s/ec_criteria_struct/lct/evaluate/eval_p3/model_output/Llama-3-8B-Instruct-Gradient-1048k_5_shot/output/Llama-3-8B-Instruct-Gradient-1048k_NCT03921970_inc_5_shot.json' gespeichert.
File: NCT03921983_exc 

Das File: /work/eauten2s/ec_criteria_struct/lct/input/lct_txt_half/NCT03921983_exc.txt wurde erfolgreich geladen.
Die Daten wurden erfolgreich in '/work/eauten2s/ec_criteria_struct/lct/evaluate/eval_p3/model_output/Llama-3-8B-Instruct-Gradient-1048k_5_shot/output/Llama-3-8B-Instruct-Gradient-1048k_NCT03921983_exc_5_shot.json' gespeichert.
File: NCT03921983_inc 

Das File: /work/eauten2s/ec_criteria_struct/lct/input/lct_txt_half/NCT03921983_inc.txt wurde erfolgreich geladen.
Die Daten wurden erfolgreich in '/work/eauten2s/ec_criteria_struct/lct/evaluate/eval_p3/model_output/Llama-3-8B-Instruct-Gradient-1048k_5_shot/output/Llama-3-8B-Instruct-Gradient-1048k_NCT03921983_inc_5_shot.json' gespeichert.
File: NCT03922009_exc 

Das File: /work/eauten2s/ec_criteria_struct/lct/input/lct_txt_half/NCT03922009_exc.txt wurde erfolgreich geladen.
Die Daten wurden erfolgreich in '/work/eauten2s/ec_criteria_struct/lct/evaluate/eval_p3/model_output/Llama-3-8B-Instruct-Gradient-1048k_5_shot/output/Llama-3-8B-Instruct-Gradient-1048k_NCT03922009_exc_5_shot.json' gespeichert.
File: NCT03922009_inc 

Das File: /work/eauten2s/ec_criteria_struct/lct/input/lct_txt_half/NCT03922009_inc.txt wurde erfolgreich geladen.
Die Daten wurden erfolgreich in '/work/eauten2s/ec_criteria_struct/lct/evaluate/eval_p3/model_output/Llama-3-8B-Instruct-Gradient-1048k_5_shot/output/Llama-3-8B-Instruct-Gradient-1048k_NCT03922009_inc_5_shot.json' gespeichert.
File: NCT03922074_exc 

Das File: /work/eauten2s/ec_criteria_struct/lct/input/lct_txt_half/NCT03922074_exc.txt wurde erfolgreich geladen.
Die Daten wurden erfolgreich in '/work/eauten2s/ec_criteria_struct/lct/evaluate/eval_p3/model_output/Llama-3-8B-Instruct-Gradient-1048k_5_shot/output/Llama-3-8B-Instruct-Gradient-1048k_NCT03922074_exc_5_shot.json' gespeichert.
File: NCT03922087_exc 

Das File: /work/eauten2s/ec_criteria_struct/lct/input/lct_txt_half/NCT03922087_exc.txt wurde erfolgreich geladen.
Die Daten wurden erfolgreich in '/work/eauten2s/ec_criteria_struct/lct/evaluate/eval_p3/model_output/Llama-3-8B-Instruct-Gradient-1048k_5_shot/output/Llama-3-8B-Instruct-Gradient-1048k_NCT03922087_exc_5_shot.json' gespeichert.
File: NCT03922087_inc 

Das File: /work/eauten2s/ec_criteria_struct/lct/input/lct_txt_half/NCT03922087_inc.txt wurde erfolgreich geladen.
Die Daten wurden erfolgreich in '/work/eauten2s/ec_criteria_struct/lct/evaluate/eval_p3/model_output/Llama-3-8B-Instruct-Gradient-1048k_5_shot/output/Llama-3-8B-Instruct-Gradient-1048k_NCT03922087_inc_5_shot.json' gespeichert.
File: NCT03922113_exc 

Das File: /work/eauten2s/ec_criteria_struct/lct/input/lct_txt_half/NCT03922113_exc.txt wurde erfolgreich geladen.
Die Daten wurden erfolgreich in '/work/eauten2s/ec_criteria_struct/lct/evaluate/eval_p3/model_output/Llama-3-8B-Instruct-Gradient-1048k_5_shot/output/Llama-3-8B-Instruct-Gradient-1048k_NCT03922113_exc_5_shot.json' gespeichert.
File: NCT03922113_inc 

Das File: /work/eauten2s/ec_criteria_struct/lct/input/lct_txt_half/NCT03922113_inc.txt wurde erfolgreich geladen.
Die Daten wurden erfolgreich in '/work/eauten2s/ec_criteria_struct/lct/evaluate/eval_p3/model_output/Llama-3-8B-Instruct-Gradient-1048k_5_shot/output/Llama-3-8B-Instruct-Gradient-1048k_NCT03922113_inc_5_shot.json' gespeichert.
File: NCT03922126_exc 

Das File: /work/eauten2s/ec_criteria_struct/lct/input/lct_txt_half/NCT03922126_exc.txt wurde erfolgreich geladen.
Die Daten wurden erfolgreich in '/work/eauten2s/ec_criteria_struct/lct/evaluate/eval_p3/model_output/Llama-3-8B-Instruct-Gradient-1048k_5_shot/output/Llama-3-8B-Instruct-Gradient-1048k_NCT03922126_exc_5_shot.json' gespeichert.
File: NCT03922126_inc 

Das File: /work/eauten2s/ec_criteria_struct/lct/input/lct_txt_half/NCT03922126_inc.txt wurde erfolgreich geladen.
Die Daten wurden erfolgreich in '/work/eauten2s/ec_criteria_struct/lct/evaluate/eval_p3/model_output/Llama-3-8B-Instruct-Gradient-1048k_5_shot/output/Llama-3-8B-Instruct-Gradient-1048k_NCT03922126_inc_5_shot.json' gespeichert.
File: NCT03922152_exc 

Das File: /work/eauten2s/ec_criteria_struct/lct/input/lct_txt_half/NCT03922152_exc.txt wurde erfolgreich geladen.
Die Daten wurden erfolgreich in '/work/eauten2s/ec_criteria_struct/lct/evaluate/eval_p3/model_output/Llama-3-8B-Instruct-Gradient-1048k_5_shot/output/Llama-3-8B-Instruct-Gradient-1048k_NCT03922152_exc_5_shot.json' gespeichert.
File: NCT03922152_inc 

Das File: /work/eauten2s/ec_criteria_struct/lct/input/lct_txt_half/NCT03922152_inc.txt wurde erfolgreich geladen.
Die Daten wurden erfolgreich in '/work/eauten2s/ec_criteria_struct/lct/evaluate/eval_p3/model_output/Llama-3-8B-Instruct-Gradient-1048k_5_shot/output/Llama-3-8B-Instruct-Gradient-1048k_NCT03922152_inc_5_shot.json' gespeichert.
File: NCT03922178_exc 

Das File: /work/eauten2s/ec_criteria_struct/lct/input/lct_txt_half/NCT03922178_exc.txt wurde erfolgreich geladen.
Die Daten wurden erfolgreich in '/work/eauten2s/ec_criteria_struct/lct/evaluate/eval_p3/model_output/Llama-3-8B-Instruct-Gradient-1048k_5_shot/output/Llama-3-8B-Instruct-Gradient-1048k_NCT03922178_exc_5_shot.json' gespeichert.
File: NCT03922178_inc 

Das File: /work/eauten2s/ec_criteria_struct/lct/input/lct_txt_half/NCT03922178_inc.txt wurde erfolgreich geladen.
Die Daten wurden erfolgreich in '/work/eauten2s/ec_criteria_struct/lct/evaluate/eval_p3/model_output/Llama-3-8B-Instruct-Gradient-1048k_5_shot/output/Llama-3-8B-Instruct-Gradient-1048k_NCT03922178_inc_5_shot.json' gespeichert.
File: NCT03922191_exc 

Das File: /work/eauten2s/ec_criteria_struct/lct/input/lct_txt_half/NCT03922191_exc.txt wurde erfolgreich geladen.
Die Daten wurden erfolgreich in '/work/eauten2s/ec_criteria_struct/lct/evaluate/eval_p3/model_output/Llama-3-8B-Instruct-Gradient-1048k_5_shot/output/Llama-3-8B-Instruct-Gradient-1048k_NCT03922191_exc_5_shot.json' gespeichert.
File: NCT03922191_inc 

Das File: /work/eauten2s/ec_criteria_struct/lct/input/lct_txt_half/NCT03922191_inc.txt wurde erfolgreich geladen.
Die Daten wurden erfolgreich in '/work/eauten2s/ec_criteria_struct/lct/evaluate/eval_p3/model_output/Llama-3-8B-Instruct-Gradient-1048k_5_shot/output/Llama-3-8B-Instruct-Gradient-1048k_NCT03922191_inc_5_shot.json' gespeichert.
File: NCT03922230_exc 

Das File: /work/eauten2s/ec_criteria_struct/lct/input/lct_txt_half/NCT03922230_exc.txt wurde erfolgreich geladen.
Die Daten wurden erfolgreich in '/work/eauten2s/ec_criteria_struct/lct/evaluate/eval_p3/model_output/Llama-3-8B-Instruct-Gradient-1048k_5_shot/output/Llama-3-8B-Instruct-Gradient-1048k_NCT03922230_exc_5_shot.json' gespeichert.
File: NCT03922230_inc 

Das File: /work/eauten2s/ec_criteria_struct/lct/input/lct_txt_half/NCT03922230_inc.txt wurde erfolgreich geladen.
Die Daten wurden erfolgreich in '/work/eauten2s/ec_criteria_struct/lct/evaluate/eval_p3/model_output/Llama-3-8B-Instruct-Gradient-1048k_5_shot/output/Llama-3-8B-Instruct-Gradient-1048k_NCT03922230_inc_5_shot.json' gespeichert.
File: NCT03922243_exc 

Das File: /work/eauten2s/ec_criteria_struct/lct/input/lct_txt_half/NCT03922243_exc.txt wurde erfolgreich geladen.
Die Daten wurden erfolgreich in '/work/eauten2s/ec_criteria_struct/lct/evaluate/eval_p3/model_output/Llama-3-8B-Instruct-Gradient-1048k_5_shot/output/Llama-3-8B-Instruct-Gradient-1048k_NCT03922243_exc_5_shot.json' gespeichert.
File: NCT03922243_inc 

Das File: /work/eauten2s/ec_criteria_struct/lct/input/lct_txt_half/NCT03922243_inc.txt wurde erfolgreich geladen.
Die Daten wurden erfolgreich in '/work/eauten2s/ec_criteria_struct/lct/evaluate/eval_p3/model_output/Llama-3-8B-Instruct-Gradient-1048k_5_shot/output/Llama-3-8B-Instruct-Gradient-1048k_NCT03922243_inc_5_shot.json' gespeichert.
File: NCT03922269_exc 

Das File: /work/eauten2s/ec_criteria_struct/lct/input/lct_txt_half/NCT03922269_exc.txt wurde erfolgreich geladen.
Die Daten wurden erfolgreich in '/work/eauten2s/ec_criteria_struct/lct/evaluate/eval_p3/model_output/Llama-3-8B-Instruct-Gradient-1048k_5_shot/output/Llama-3-8B-Instruct-Gradient-1048k_NCT03922269_exc_5_shot.json' gespeichert.
File: NCT03922269_inc 

Das File: /work/eauten2s/ec_criteria_struct/lct/input/lct_txt_half/NCT03922269_inc.txt wurde erfolgreich geladen.
Die Daten wurden erfolgreich in '/work/eauten2s/ec_criteria_struct/lct/evaluate/eval_p3/model_output/Llama-3-8B-Instruct-Gradient-1048k_5_shot/output/Llama-3-8B-Instruct-Gradient-1048k_NCT03922269_inc_5_shot.json' gespeichert.
File: NCT03922282_exc 

Das File: /work/eauten2s/ec_criteria_struct/lct/input/lct_txt_half/NCT03922282_exc.txt wurde erfolgreich geladen.
Die Daten wurden erfolgreich in '/work/eauten2s/ec_criteria_struct/lct/evaluate/eval_p3/model_output/Llama-3-8B-Instruct-Gradient-1048k_5_shot/output/Llama-3-8B-Instruct-Gradient-1048k_NCT03922282_exc_5_shot.json' gespeichert.
File: NCT03922282_inc 

Das File: /work/eauten2s/ec_criteria_struct/lct/input/lct_txt_half/NCT03922282_inc.txt wurde erfolgreich geladen.
Die Daten wurden erfolgreich in '/work/eauten2s/ec_criteria_struct/lct/evaluate/eval_p3/model_output/Llama-3-8B-Instruct-Gradient-1048k_5_shot/output/Llama-3-8B-Instruct-Gradient-1048k_NCT03922282_inc_5_shot.json' gespeichert.
File: NCT03922295_exc 

Das File: /work/eauten2s/ec_criteria_struct/lct/input/lct_txt_half/NCT03922295_exc.txt wurde erfolgreich geladen.
Die Daten wurden erfolgreich in '/work/eauten2s/ec_criteria_struct/lct/evaluate/eval_p3/model_output/Llama-3-8B-Instruct-Gradient-1048k_5_shot/output/Llama-3-8B-Instruct-Gradient-1048k_NCT03922295_exc_5_shot.json' gespeichert.
File: NCT03922295_inc 

Das File: /work/eauten2s/ec_criteria_struct/lct/input/lct_txt_half/NCT03922295_inc.txt wurde erfolgreich geladen.
Die Daten wurden erfolgreich in '/work/eauten2s/ec_criteria_struct/lct/evaluate/eval_p3/model_output/Llama-3-8B-Instruct-Gradient-1048k_5_shot/output/Llama-3-8B-Instruct-Gradient-1048k_NCT03922295_inc_5_shot.json' gespeichert.
File: NCT03922321_exc 

Das File: /work/eauten2s/ec_criteria_struct/lct/input/lct_txt_half/NCT03922321_exc.txt wurde erfolgreich geladen.
Die Daten wurden erfolgreich in '/work/eauten2s/ec_criteria_struct/lct/evaluate/eval_p3/model_output/Llama-3-8B-Instruct-Gradient-1048k_5_shot/output/Llama-3-8B-Instruct-Gradient-1048k_NCT03922321_exc_5_shot.json' gespeichert.
File: NCT03922321_inc 

Das File: /work/eauten2s/ec_criteria_struct/lct/input/lct_txt_half/NCT03922321_inc.txt wurde erfolgreich geladen.
Die Daten wurden erfolgreich in '/work/eauten2s/ec_criteria_struct/lct/evaluate/eval_p3/model_output/Llama-3-8B-Instruct-Gradient-1048k_5_shot/output/Llama-3-8B-Instruct-Gradient-1048k_NCT03922321_inc_5_shot.json' gespeichert.
File: NCT03922334_exc 

Das File: /work/eauten2s/ec_criteria_struct/lct/input/lct_txt_half/NCT03922334_exc.txt wurde erfolgreich geladen.
Die Daten wurden erfolgreich in '/work/eauten2s/ec_criteria_struct/lct/evaluate/eval_p3/model_output/Llama-3-8B-Instruct-Gradient-1048k_5_shot/output/Llama-3-8B-Instruct-Gradient-1048k_NCT03922334_exc_5_shot.json' gespeichert.
File: NCT03922334_inc 

Das File: /work/eauten2s/ec_criteria_struct/lct/input/lct_txt_half/NCT03922334_inc.txt wurde erfolgreich geladen.
Die Daten wurden erfolgreich in '/work/eauten2s/ec_criteria_struct/lct/evaluate/eval_p3/model_output/Llama-3-8B-Instruct-Gradient-1048k_5_shot/output/Llama-3-8B-Instruct-Gradient-1048k_NCT03922334_inc_5_shot.json' gespeichert.
File: NCT03922386_exc 

Das File: /work/eauten2s/ec_criteria_struct/lct/input/lct_txt_half/NCT03922386_exc.txt wurde erfolgreich geladen.
Die Daten wurden erfolgreich in '/work/eauten2s/ec_criteria_struct/lct/evaluate/eval_p3/model_output/Llama-3-8B-Instruct-Gradient-1048k_5_shot/output/Llama-3-8B-Instruct-Gradient-1048k_NCT03922386_exc_5_shot.json' gespeichert.
File: NCT03922386_inc 

Das File: /work/eauten2s/ec_criteria_struct/lct/input/lct_txt_half/NCT03922386_inc.txt wurde erfolgreich geladen.
Die Daten wurden erfolgreich in '/work/eauten2s/ec_criteria_struct/lct/evaluate/eval_p3/model_output/Llama-3-8B-Instruct-Gradient-1048k_5_shot/output/Llama-3-8B-Instruct-Gradient-1048k_NCT03922386_inc_5_shot.json' gespeichert.
File: NCT03922425_exc 

Das File: /work/eauten2s/ec_criteria_struct/lct/input/lct_txt_half/NCT03922425_exc.txt wurde erfolgreich geladen.
Die Daten wurden erfolgreich in '/work/eauten2s/ec_criteria_struct/lct/evaluate/eval_p3/model_output/Llama-3-8B-Instruct-Gradient-1048k_5_shot/output/Llama-3-8B-Instruct-Gradient-1048k_NCT03922425_exc_5_shot.json' gespeichert.
File: NCT03922425_inc 

Das File: /work/eauten2s/ec_criteria_struct/lct/input/lct_txt_half/NCT03922425_inc.txt wurde erfolgreich geladen.
Die Daten wurden erfolgreich in '/work/eauten2s/ec_criteria_struct/lct/evaluate/eval_p3/model_output/Llama-3-8B-Instruct-Gradient-1048k_5_shot/output/Llama-3-8B-Instruct-Gradient-1048k_NCT03922425_inc_5_shot.json' gespeichert.
File: NCT03922438_exc 

Das File: /work/eauten2s/ec_criteria_struct/lct/input/lct_txt_half/NCT03922438_exc.txt wurde erfolgreich geladen.
Die Daten wurden erfolgreich in '/work/eauten2s/ec_criteria_struct/lct/evaluate/eval_p3/model_output/Llama-3-8B-Instruct-Gradient-1048k_5_shot/output/Llama-3-8B-Instruct-Gradient-1048k_NCT03922438_exc_5_shot.json' gespeichert.
File: NCT03922438_inc 

Das File: /work/eauten2s/ec_criteria_struct/lct/input/lct_txt_half/NCT03922438_inc.txt wurde erfolgreich geladen.
Die Daten wurden erfolgreich in '/work/eauten2s/ec_criteria_struct/lct/evaluate/eval_p3/model_output/Llama-3-8B-Instruct-Gradient-1048k_5_shot/output/Llama-3-8B-Instruct-Gradient-1048k_NCT03922438_inc_5_shot.json' gespeichert.
File: NCT03922451_exc 

Das File: /work/eauten2s/ec_criteria_struct/lct/input/lct_txt_half/NCT03922451_exc.txt wurde erfolgreich geladen.
Die Daten wurden erfolgreich in '/work/eauten2s/ec_criteria_struct/lct/evaluate/eval_p3/model_output/Llama-3-8B-Instruct-Gradient-1048k_5_shot/output/Llama-3-8B-Instruct-Gradient-1048k_NCT03922451_exc_5_shot.json' gespeichert.
File: NCT03922451_inc 

Das File: /work/eauten2s/ec_criteria_struct/lct/input/lct_txt_half/NCT03922451_inc.txt wurde erfolgreich geladen.
Die Daten wurden erfolgreich in '/work/eauten2s/ec_criteria_struct/lct/evaluate/eval_p3/model_output/Llama-3-8B-Instruct-Gradient-1048k_5_shot/output/Llama-3-8B-Instruct-Gradient-1048k_NCT03922451_inc_5_shot.json' gespeichert.
File: NCT03922503_exc 

Das File: /work/eauten2s/ec_criteria_struct/lct/input/lct_txt_half/NCT03922503_exc.txt wurde erfolgreich geladen.
Die Daten wurden erfolgreich in '/work/eauten2s/ec_criteria_struct/lct/evaluate/eval_p3/model_output/Llama-3-8B-Instruct-Gradient-1048k_5_shot/output/Llama-3-8B-Instruct-Gradient-1048k_NCT03922503_exc_5_shot.json' gespeichert.
File: NCT03922503_inc 

Das File: /work/eauten2s/ec_criteria_struct/lct/input/lct_txt_half/NCT03922503_inc.txt wurde erfolgreich geladen.
Die Daten wurden erfolgreich in '/work/eauten2s/ec_criteria_struct/lct/evaluate/eval_p3/model_output/Llama-3-8B-Instruct-Gradient-1048k_5_shot/output/Llama-3-8B-Instruct-Gradient-1048k_NCT03922503_inc_5_shot.json' gespeichert.
File: NCT03922516_exc 

Das File: /work/eauten2s/ec_criteria_struct/lct/input/lct_txt_half/NCT03922516_exc.txt wurde erfolgreich geladen.
Die Daten wurden erfolgreich in '/work/eauten2s/ec_criteria_struct/lct/evaluate/eval_p3/model_output/Llama-3-8B-Instruct-Gradient-1048k_5_shot/output/Llama-3-8B-Instruct-Gradient-1048k_NCT03922516_exc_5_shot.json' gespeichert.
File: NCT03922516_inc 

Das File: /work/eauten2s/ec_criteria_struct/lct/input/lct_txt_half/NCT03922516_inc.txt wurde erfolgreich geladen.
Die Daten wurden erfolgreich in '/work/eauten2s/ec_criteria_struct/lct/evaluate/eval_p3/model_output/Llama-3-8B-Instruct-Gradient-1048k_5_shot/output/Llama-3-8B-Instruct-Gradient-1048k_NCT03922516_inc_5_shot.json' gespeichert.
File: NCT03922529_exc 

Das File: /work/eauten2s/ec_criteria_struct/lct/input/lct_txt_half/NCT03922529_exc.txt wurde erfolgreich geladen.
Die Daten wurden erfolgreich in '/work/eauten2s/ec_criteria_struct/lct/evaluate/eval_p3/model_output/Llama-3-8B-Instruct-Gradient-1048k_5_shot/output/Llama-3-8B-Instruct-Gradient-1048k_NCT03922529_exc_5_shot.json' gespeichert.
File: NCT03922529_inc 

Das File: /work/eauten2s/ec_criteria_struct/lct/input/lct_txt_half/NCT03922529_inc.txt wurde erfolgreich geladen.
Die Daten wurden erfolgreich in '/work/eauten2s/ec_criteria_struct/lct/evaluate/eval_p3/model_output/Llama-3-8B-Instruct-Gradient-1048k_5_shot/output/Llama-3-8B-Instruct-Gradient-1048k_NCT03922529_inc_5_shot.json' gespeichert.
File: NCT03922542_exc 

Das File: /work/eauten2s/ec_criteria_struct/lct/input/lct_txt_half/NCT03922542_exc.txt wurde erfolgreich geladen.
Die Daten wurden erfolgreich in '/work/eauten2s/ec_criteria_struct/lct/evaluate/eval_p3/model_output/Llama-3-8B-Instruct-Gradient-1048k_5_shot/output/Llama-3-8B-Instruct-Gradient-1048k_NCT03922542_exc_5_shot.json' gespeichert.
File: NCT03922542_inc 

Das File: /work/eauten2s/ec_criteria_struct/lct/input/lct_txt_half/NCT03922542_inc.txt wurde erfolgreich geladen.
Die Daten wurden erfolgreich in '/work/eauten2s/ec_criteria_struct/lct/evaluate/eval_p3/model_output/Llama-3-8B-Instruct-Gradient-1048k_5_shot/output/Llama-3-8B-Instruct-Gradient-1048k_NCT03922542_inc_5_shot.json' gespeichert.
File: NCT03922568_exc 

Das File: /work/eauten2s/ec_criteria_struct/lct/input/lct_txt_half/NCT03922568_exc.txt wurde erfolgreich geladen.
Die Daten wurden erfolgreich in '/work/eauten2s/ec_criteria_struct/lct/evaluate/eval_p3/model_output/Llama-3-8B-Instruct-Gradient-1048k_5_shot/output/Llama-3-8B-Instruct-Gradient-1048k_NCT03922568_exc_5_shot.json' gespeichert.
File: NCT03922568_inc 

Das File: /work/eauten2s/ec_criteria_struct/lct/input/lct_txt_half/NCT03922568_inc.txt wurde erfolgreich geladen.
Die Daten wurden erfolgreich in '/work/eauten2s/ec_criteria_struct/lct/evaluate/eval_p3/model_output/Llama-3-8B-Instruct-Gradient-1048k_5_shot/output/Llama-3-8B-Instruct-Gradient-1048k_NCT03922568_inc_5_shot.json' gespeichert.
File: NCT03922581_exc 

Das File: /work/eauten2s/ec_criteria_struct/lct/input/lct_txt_half/NCT03922581_exc.txt wurde erfolgreich geladen.
Die Daten wurden erfolgreich in '/work/eauten2s/ec_criteria_struct/lct/evaluate/eval_p3/model_output/Llama-3-8B-Instruct-Gradient-1048k_5_shot/output/Llama-3-8B-Instruct-Gradient-1048k_NCT03922581_exc_5_shot.json' gespeichert.
File: NCT03922581_inc 

Das File: /work/eauten2s/ec_criteria_struct/lct/input/lct_txt_half/NCT03922581_inc.txt wurde erfolgreich geladen.
Die Daten wurden erfolgreich in '/work/eauten2s/ec_criteria_struct/lct/evaluate/eval_p3/model_output/Llama-3-8B-Instruct-Gradient-1048k_5_shot/output/Llama-3-8B-Instruct-Gradient-1048k_NCT03922581_inc_5_shot.json' gespeichert.
File: NCT03922594_exc 

Das File: /work/eauten2s/ec_criteria_struct/lct/input/lct_txt_half/NCT03922594_exc.txt wurde erfolgreich geladen.
Die Daten wurden erfolgreich in '/work/eauten2s/ec_criteria_struct/lct/evaluate/eval_p3/model_output/Llama-3-8B-Instruct-Gradient-1048k_5_shot/output/Llama-3-8B-Instruct-Gradient-1048k_NCT03922594_exc_5_shot.json' gespeichert.
File: NCT03922594_inc 

Das File: /work/eauten2s/ec_criteria_struct/lct/input/lct_txt_half/NCT03922594_inc.txt wurde erfolgreich geladen.
Die Daten wurden erfolgreich in '/work/eauten2s/ec_criteria_struct/lct/evaluate/eval_p3/model_output/Llama-3-8B-Instruct-Gradient-1048k_5_shot/output/Llama-3-8B-Instruct-Gradient-1048k_NCT03922594_inc_5_shot.json' gespeichert.
File: NCT03922607_exc 

Das File: /work/eauten2s/ec_criteria_struct/lct/input/lct_txt_half/NCT03922607_exc.txt wurde erfolgreich geladen.
Die Daten wurden erfolgreich in '/work/eauten2s/ec_criteria_struct/lct/evaluate/eval_p3/model_output/Llama-3-8B-Instruct-Gradient-1048k_5_shot/output/Llama-3-8B-Instruct-Gradient-1048k_NCT03922607_exc_5_shot.json' gespeichert.
File: NCT03922607_inc 

Das File: /work/eauten2s/ec_criteria_struct/lct/input/lct_txt_half/NCT03922607_inc.txt wurde erfolgreich geladen.
Die Daten wurden erfolgreich in '/work/eauten2s/ec_criteria_struct/lct/evaluate/eval_p3/model_output/Llama-3-8B-Instruct-Gradient-1048k_5_shot/output/Llama-3-8B-Instruct-Gradient-1048k_NCT03922607_inc_5_shot.json' gespeichert.
File: NCT03922620_exc 

Das File: /work/eauten2s/ec_criteria_struct/lct/input/lct_txt_half/NCT03922620_exc.txt wurde erfolgreich geladen.
Die Daten wurden erfolgreich in '/work/eauten2s/ec_criteria_struct/lct/evaluate/eval_p3/model_output/Llama-3-8B-Instruct-Gradient-1048k_5_shot/output/Llama-3-8B-Instruct-Gradient-1048k_NCT03922620_exc_5_shot.json' gespeichert.
File: NCT03922620_inc 

Das File: /work/eauten2s/ec_criteria_struct/lct/input/lct_txt_half/NCT03922620_inc.txt wurde erfolgreich geladen.
Die Daten wurden erfolgreich in '/work/eauten2s/ec_criteria_struct/lct/evaluate/eval_p3/model_output/Llama-3-8B-Instruct-Gradient-1048k_5_shot/output/Llama-3-8B-Instruct-Gradient-1048k_NCT03922620_inc_5_shot.json' gespeichert.
File: NCT03922659_exc 

Das File: /work/eauten2s/ec_criteria_struct/lct/input/lct_txt_half/NCT03922659_exc.txt wurde erfolgreich geladen.
Die Daten wurden erfolgreich in '/work/eauten2s/ec_criteria_struct/lct/evaluate/eval_p3/model_output/Llama-3-8B-Instruct-Gradient-1048k_5_shot/output/Llama-3-8B-Instruct-Gradient-1048k_NCT03922659_exc_5_shot.json' gespeichert.
File: NCT03922659_inc 

Das File: /work/eauten2s/ec_criteria_struct/lct/input/lct_txt_half/NCT03922659_inc.txt wurde erfolgreich geladen.
Die Daten wurden erfolgreich in '/work/eauten2s/ec_criteria_struct/lct/evaluate/eval_p3/model_output/Llama-3-8B-Instruct-Gradient-1048k_5_shot/output/Llama-3-8B-Instruct-Gradient-1048k_NCT03922659_inc_5_shot.json' gespeichert.
File: NCT03922672_inc 

Das File: /work/eauten2s/ec_criteria_struct/lct/input/lct_txt_half/NCT03922672_inc.txt wurde erfolgreich geladen.
Die Daten wurden erfolgreich in '/work/eauten2s/ec_criteria_struct/lct/evaluate/eval_p3/model_output/Llama-3-8B-Instruct-Gradient-1048k_5_shot/output/Llama-3-8B-Instruct-Gradient-1048k_NCT03922672_inc_5_shot.json' gespeichert.
File: NCT03922685_exc 

Das File: /work/eauten2s/ec_criteria_struct/lct/input/lct_txt_half/NCT03922685_exc.txt wurde erfolgreich geladen.
Die Daten wurden erfolgreich in '/work/eauten2s/ec_criteria_struct/lct/evaluate/eval_p3/model_output/Llama-3-8B-Instruct-Gradient-1048k_5_shot/output/Llama-3-8B-Instruct-Gradient-1048k_NCT03922685_exc_5_shot.json' gespeichert.
File: NCT03922685_inc 

Das File: /work/eauten2s/ec_criteria_struct/lct/input/lct_txt_half/NCT03922685_inc.txt wurde erfolgreich geladen.
Die Daten wurden erfolgreich in '/work/eauten2s/ec_criteria_struct/lct/evaluate/eval_p3/model_output/Llama-3-8B-Instruct-Gradient-1048k_5_shot/output/Llama-3-8B-Instruct-Gradient-1048k_NCT03922685_inc_5_shot.json' gespeichert.
File: NCT03922698_exc 

Das File: /work/eauten2s/ec_criteria_struct/lct/input/lct_txt_half/NCT03922698_exc.txt wurde erfolgreich geladen.
Die Daten wurden erfolgreich in '/work/eauten2s/ec_criteria_struct/lct/evaluate/eval_p3/model_output/Llama-3-8B-Instruct-Gradient-1048k_5_shot/output/Llama-3-8B-Instruct-Gradient-1048k_NCT03922698_exc_5_shot.json' gespeichert.
File: NCT03922698_inc 

Das File: /work/eauten2s/ec_criteria_struct/lct/input/lct_txt_half/NCT03922698_inc.txt wurde erfolgreich geladen.
Die Daten wurden erfolgreich in '/work/eauten2s/ec_criteria_struct/lct/evaluate/eval_p3/model_output/Llama-3-8B-Instruct-Gradient-1048k_5_shot/output/Llama-3-8B-Instruct-Gradient-1048k_NCT03922698_inc_5_shot.json' gespeichert.
File: NCT03922737_exc 

Das File: /work/eauten2s/ec_criteria_struct/lct/input/lct_txt_half/NCT03922737_exc.txt wurde erfolgreich geladen.
Die Daten wurden erfolgreich in '/work/eauten2s/ec_criteria_struct/lct/evaluate/eval_p3/model_output/Llama-3-8B-Instruct-Gradient-1048k_5_shot/output/Llama-3-8B-Instruct-Gradient-1048k_NCT03922737_exc_5_shot.json' gespeichert.
File: NCT03922737_inc 

Das File: /work/eauten2s/ec_criteria_struct/lct/input/lct_txt_half/NCT03922737_inc.txt wurde erfolgreich geladen.
Die Daten wurden erfolgreich in '/work/eauten2s/ec_criteria_struct/lct/evaluate/eval_p3/model_output/Llama-3-8B-Instruct-Gradient-1048k_5_shot/output/Llama-3-8B-Instruct-Gradient-1048k_NCT03922737_inc_5_shot.json' gespeichert.
File: NCT03922815_exc 

Das File: /work/eauten2s/ec_criteria_struct/lct/input/lct_txt_half/NCT03922815_exc.txt wurde erfolgreich geladen.
Die Daten wurden erfolgreich in '/work/eauten2s/ec_criteria_struct/lct/evaluate/eval_p3/model_output/Llama-3-8B-Instruct-Gradient-1048k_5_shot/output/Llama-3-8B-Instruct-Gradient-1048k_NCT03922815_exc_5_shot.json' gespeichert.
File: NCT03922815_inc 

Das File: /work/eauten2s/ec_criteria_struct/lct/input/lct_txt_half/NCT03922815_inc.txt wurde erfolgreich geladen.
Die Daten wurden erfolgreich in '/work/eauten2s/ec_criteria_struct/lct/evaluate/eval_p3/model_output/Llama-3-8B-Instruct-Gradient-1048k_5_shot/output/Llama-3-8B-Instruct-Gradient-1048k_NCT03922815_inc_5_shot.json' gespeichert.
File: NCT03922828_exc 

Das File: /work/eauten2s/ec_criteria_struct/lct/input/lct_txt_half/NCT03922828_exc.txt wurde erfolgreich geladen.
Die Daten wurden erfolgreich in '/work/eauten2s/ec_criteria_struct/lct/evaluate/eval_p3/model_output/Llama-3-8B-Instruct-Gradient-1048k_5_shot/output/Llama-3-8B-Instruct-Gradient-1048k_NCT03922828_exc_5_shot.json' gespeichert.
File: NCT03922828_inc 

Das File: /work/eauten2s/ec_criteria_struct/lct/input/lct_txt_half/NCT03922828_inc.txt wurde erfolgreich geladen.
Die Daten wurden erfolgreich in '/work/eauten2s/ec_criteria_struct/lct/evaluate/eval_p3/model_output/Llama-3-8B-Instruct-Gradient-1048k_5_shot/output/Llama-3-8B-Instruct-Gradient-1048k_NCT03922828_inc_5_shot.json' gespeichert.
File: NCT03922841_exc 

Das File: /work/eauten2s/ec_criteria_struct/lct/input/lct_txt_half/NCT03922841_exc.txt wurde erfolgreich geladen.
Die Daten wurden erfolgreich in '/work/eauten2s/ec_criteria_struct/lct/evaluate/eval_p3/model_output/Llama-3-8B-Instruct-Gradient-1048k_5_shot/output/Llama-3-8B-Instruct-Gradient-1048k_NCT03922841_exc_5_shot.json' gespeichert.
File: NCT03922841_inc 

Das File: /work/eauten2s/ec_criteria_struct/lct/input/lct_txt_half/NCT03922841_inc.txt wurde erfolgreich geladen.
Die Daten wurden erfolgreich in '/work/eauten2s/ec_criteria_struct/lct/evaluate/eval_p3/model_output/Llama-3-8B-Instruct-Gradient-1048k_5_shot/output/Llama-3-8B-Instruct-Gradient-1048k_NCT03922841_inc_5_shot.json' gespeichert.
File: NCT03922867_exc 

Das File: /work/eauten2s/ec_criteria_struct/lct/input/lct_txt_half/NCT03922867_exc.txt wurde erfolgreich geladen.
Die Daten wurden erfolgreich in '/work/eauten2s/ec_criteria_struct/lct/evaluate/eval_p3/model_output/Llama-3-8B-Instruct-Gradient-1048k_5_shot/output/Llama-3-8B-Instruct-Gradient-1048k_NCT03922867_exc_5_shot.json' gespeichert.
File: NCT03922867_inc 

Das File: /work/eauten2s/ec_criteria_struct/lct/input/lct_txt_half/NCT03922867_inc.txt wurde erfolgreich geladen.
Die Daten wurden erfolgreich in '/work/eauten2s/ec_criteria_struct/lct/evaluate/eval_p3/model_output/Llama-3-8B-Instruct-Gradient-1048k_5_shot/output/Llama-3-8B-Instruct-Gradient-1048k_NCT03922867_inc_5_shot.json' gespeichert.
File: NCT03922893_exc 

Das File: /work/eauten2s/ec_criteria_struct/lct/input/lct_txt_half/NCT03922893_exc.txt wurde erfolgreich geladen.
Die Daten wurden erfolgreich in '/work/eauten2s/ec_criteria_struct/lct/evaluate/eval_p3/model_output/Llama-3-8B-Instruct-Gradient-1048k_5_shot/output/Llama-3-8B-Instruct-Gradient-1048k_NCT03922893_exc_5_shot.json' gespeichert.
File: NCT03922893_inc 

Das File: /work/eauten2s/ec_criteria_struct/lct/input/lct_txt_half/NCT03922893_inc.txt wurde erfolgreich geladen.
Die Daten wurden erfolgreich in '/work/eauten2s/ec_criteria_struct/lct/evaluate/eval_p3/model_output/Llama-3-8B-Instruct-Gradient-1048k_5_shot/output/Llama-3-8B-Instruct-Gradient-1048k_NCT03922893_inc_5_shot.json' gespeichert.
File: NCT03922906_exc 

Das File: /work/eauten2s/ec_criteria_struct/lct/input/lct_txt_half/NCT03922906_exc.txt wurde erfolgreich geladen.
Die Daten wurden erfolgreich in '/work/eauten2s/ec_criteria_struct/lct/evaluate/eval_p3/model_output/Llama-3-8B-Instruct-Gradient-1048k_5_shot/output/Llama-3-8B-Instruct-Gradient-1048k_NCT03922906_exc_5_shot.json' gespeichert.
File: NCT03922906_inc 

Das File: /work/eauten2s/ec_criteria_struct/lct/input/lct_txt_half/NCT03922906_inc.txt wurde erfolgreich geladen.
Die Daten wurden erfolgreich in '/work/eauten2s/ec_criteria_struct/lct/evaluate/eval_p3/model_output/Llama-3-8B-Instruct-Gradient-1048k_5_shot/output/Llama-3-8B-Instruct-Gradient-1048k_NCT03922906_inc_5_shot.json' gespeichert.
File: NCT03922919_exc 

Das File: /work/eauten2s/ec_criteria_struct/lct/input/lct_txt_half/NCT03922919_exc.txt wurde erfolgreich geladen.
Die Daten wurden erfolgreich in '/work/eauten2s/ec_criteria_struct/lct/evaluate/eval_p3/model_output/Llama-3-8B-Instruct-Gradient-1048k_5_shot/output/Llama-3-8B-Instruct-Gradient-1048k_NCT03922919_exc_5_shot.json' gespeichert.
File: NCT03922919_inc 

Das File: /work/eauten2s/ec_criteria_struct/lct/input/lct_txt_half/NCT03922919_inc.txt wurde erfolgreich geladen.
Die Daten wurden erfolgreich in '/work/eauten2s/ec_criteria_struct/lct/evaluate/eval_p3/model_output/Llama-3-8B-Instruct-Gradient-1048k_5_shot/output/Llama-3-8B-Instruct-Gradient-1048k_NCT03922919_inc_5_shot.json' gespeichert.
File: NCT03922932_exc 

Das File: /work/eauten2s/ec_criteria_struct/lct/input/lct_txt_half/NCT03922932_exc.txt wurde erfolgreich geladen.
Die Daten wurden erfolgreich in '/work/eauten2s/ec_criteria_struct/lct/evaluate/eval_p3/model_output/Llama-3-8B-Instruct-Gradient-1048k_5_shot/output/Llama-3-8B-Instruct-Gradient-1048k_NCT03922932_exc_5_shot.json' gespeichert.
File: NCT03922932_inc 

Das File: /work/eauten2s/ec_criteria_struct/lct/input/lct_txt_half/NCT03922932_inc.txt wurde erfolgreich geladen.
Die Daten wurden erfolgreich in '/work/eauten2s/ec_criteria_struct/lct/evaluate/eval_p3/model_output/Llama-3-8B-Instruct-Gradient-1048k_5_shot/output/Llama-3-8B-Instruct-Gradient-1048k_NCT03922932_inc_5_shot.json' gespeichert.
File: NCT03922958_exc 

Das File: /work/eauten2s/ec_criteria_struct/lct/input/lct_txt_half/NCT03922958_exc.txt wurde erfolgreich geladen.
Die Daten wurden erfolgreich in '/work/eauten2s/ec_criteria_struct/lct/evaluate/eval_p3/model_output/Llama-3-8B-Instruct-Gradient-1048k_5_shot/output/Llama-3-8B-Instruct-Gradient-1048k_NCT03922958_exc_5_shot.json' gespeichert.
File: NCT03922958_inc 

Das File: /work/eauten2s/ec_criteria_struct/lct/input/lct_txt_half/NCT03922958_inc.txt wurde erfolgreich geladen.
Die Daten wurden erfolgreich in '/work/eauten2s/ec_criteria_struct/lct/evaluate/eval_p3/model_output/Llama-3-8B-Instruct-Gradient-1048k_5_shot/output/Llama-3-8B-Instruct-Gradient-1048k_NCT03922958_inc_5_shot.json' gespeichert.
File: NCT03922971_exc 

Das File: /work/eauten2s/ec_criteria_struct/lct/input/lct_txt_half/NCT03922971_exc.txt wurde erfolgreich geladen.
Die Daten wurden erfolgreich in '/work/eauten2s/ec_criteria_struct/lct/evaluate/eval_p3/model_output/Llama-3-8B-Instruct-Gradient-1048k_5_shot/output/Llama-3-8B-Instruct-Gradient-1048k_NCT03922971_exc_5_shot.json' gespeichert.
File: NCT03922971_inc 

Das File: /work/eauten2s/ec_criteria_struct/lct/input/lct_txt_half/NCT03922971_inc.txt wurde erfolgreich geladen.
Die Daten wurden erfolgreich in '/work/eauten2s/ec_criteria_struct/lct/evaluate/eval_p3/model_output/Llama-3-8B-Instruct-Gradient-1048k_5_shot/output/Llama-3-8B-Instruct-Gradient-1048k_NCT03922971_inc_5_shot.json' gespeichert.
File: NCT03923023_exc 

Das File: /work/eauten2s/ec_criteria_struct/lct/input/lct_txt_half/NCT03923023_exc.txt wurde erfolgreich geladen.
Die Daten wurden erfolgreich in '/work/eauten2s/ec_criteria_struct/lct/evaluate/eval_p3/model_output/Llama-3-8B-Instruct-Gradient-1048k_5_shot/output/Llama-3-8B-Instruct-Gradient-1048k_NCT03923023_exc_5_shot.json' gespeichert.
File: NCT03923023_inc 

Das File: /work/eauten2s/ec_criteria_struct/lct/input/lct_txt_half/NCT03923023_inc.txt wurde erfolgreich geladen.
Die Daten wurden erfolgreich in '/work/eauten2s/ec_criteria_struct/lct/evaluate/eval_p3/model_output/Llama-3-8B-Instruct-Gradient-1048k_5_shot/output/Llama-3-8B-Instruct-Gradient-1048k_NCT03923023_inc_5_shot.json' gespeichert.
File: NCT03923049_exc 

Das File: /work/eauten2s/ec_criteria_struct/lct/input/lct_txt_half/NCT03923049_exc.txt wurde erfolgreich geladen.
Die Daten wurden erfolgreich in '/work/eauten2s/ec_criteria_struct/lct/evaluate/eval_p3/model_output/Llama-3-8B-Instruct-Gradient-1048k_5_shot/output/Llama-3-8B-Instruct-Gradient-1048k_NCT03923049_exc_5_shot.json' gespeichert.
File: NCT03923062_exc 

Das File: /work/eauten2s/ec_criteria_struct/lct/input/lct_txt_half/NCT03923062_exc.txt wurde erfolgreich geladen.
Die Daten wurden erfolgreich in '/work/eauten2s/ec_criteria_struct/lct/evaluate/eval_p3/model_output/Llama-3-8B-Instruct-Gradient-1048k_5_shot/output/Llama-3-8B-Instruct-Gradient-1048k_NCT03923062_exc_5_shot.json' gespeichert.
File: NCT03923062_inc 

Das File: /work/eauten2s/ec_criteria_struct/lct/input/lct_txt_half/NCT03923062_inc.txt wurde erfolgreich geladen.
Die Daten wurden erfolgreich in '/work/eauten2s/ec_criteria_struct/lct/evaluate/eval_p3/model_output/Llama-3-8B-Instruct-Gradient-1048k_5_shot/output/Llama-3-8B-Instruct-Gradient-1048k_NCT03923062_inc_5_shot.json' gespeichert.
File: NCT03923075_exc 

Das File: /work/eauten2s/ec_criteria_struct/lct/input/lct_txt_half/NCT03923075_exc.txt wurde erfolgreich geladen.
Die Daten wurden erfolgreich in '/work/eauten2s/ec_criteria_struct/lct/evaluate/eval_p3/model_output/Llama-3-8B-Instruct-Gradient-1048k_5_shot/output/Llama-3-8B-Instruct-Gradient-1048k_NCT03923075_exc_5_shot.json' gespeichert.
File: NCT03923075_inc 

Das File: /work/eauten2s/ec_criteria_struct/lct/input/lct_txt_half/NCT03923075_inc.txt wurde erfolgreich geladen.
Die Daten wurden erfolgreich in '/work/eauten2s/ec_criteria_struct/lct/evaluate/eval_p3/model_output/Llama-3-8B-Instruct-Gradient-1048k_5_shot/output/Llama-3-8B-Instruct-Gradient-1048k_NCT03923075_inc_5_shot.json' gespeichert.
File: NCT03923088_exc 

Das File: /work/eauten2s/ec_criteria_struct/lct/input/lct_txt_half/NCT03923088_exc.txt wurde erfolgreich geladen.
Die Daten wurden erfolgreich in '/work/eauten2s/ec_criteria_struct/lct/evaluate/eval_p3/model_output/Llama-3-8B-Instruct-Gradient-1048k_5_shot/output/Llama-3-8B-Instruct-Gradient-1048k_NCT03923088_exc_5_shot.json' gespeichert.
File: NCT03923088_inc 

Das File: /work/eauten2s/ec_criteria_struct/lct/input/lct_txt_half/NCT03923088_inc.txt wurde erfolgreich geladen.
Die Daten wurden erfolgreich in '/work/eauten2s/ec_criteria_struct/lct/evaluate/eval_p3/model_output/Llama-3-8B-Instruct-Gradient-1048k_5_shot/output/Llama-3-8B-Instruct-Gradient-1048k_NCT03923088_inc_5_shot.json' gespeichert.
File: NCT03923101_exc 

Das File: /work/eauten2s/ec_criteria_struct/lct/input/lct_txt_half/NCT03923101_exc.txt wurde erfolgreich geladen.
Die Daten wurden erfolgreich in '/work/eauten2s/ec_criteria_struct/lct/evaluate/eval_p3/model_output/Llama-3-8B-Instruct-Gradient-1048k_5_shot/output/Llama-3-8B-Instruct-Gradient-1048k_NCT03923101_exc_5_shot.json' gespeichert.
File: NCT03923101_inc 

Das File: /work/eauten2s/ec_criteria_struct/lct/input/lct_txt_half/NCT03923101_inc.txt wurde erfolgreich geladen.
Die Daten wurden erfolgreich in '/work/eauten2s/ec_criteria_struct/lct/evaluate/eval_p3/model_output/Llama-3-8B-Instruct-Gradient-1048k_5_shot/output/Llama-3-8B-Instruct-Gradient-1048k_NCT03923101_inc_5_shot.json' gespeichert.
File: NCT03923114_exc 

Das File: /work/eauten2s/ec_criteria_struct/lct/input/lct_txt_half/NCT03923114_exc.txt wurde erfolgreich geladen.
Die Daten wurden erfolgreich in '/work/eauten2s/ec_criteria_struct/lct/evaluate/eval_p3/model_output/Llama-3-8B-Instruct-Gradient-1048k_5_shot/output/Llama-3-8B-Instruct-Gradient-1048k_NCT03923114_exc_5_shot.json' gespeichert.
File: NCT03923114_inc 

Das File: /work/eauten2s/ec_criteria_struct/lct/input/lct_txt_half/NCT03923114_inc.txt wurde erfolgreich geladen.
Die Daten wurden erfolgreich in '/work/eauten2s/ec_criteria_struct/lct/evaluate/eval_p3/model_output/Llama-3-8B-Instruct-Gradient-1048k_5_shot/output/Llama-3-8B-Instruct-Gradient-1048k_NCT03923114_inc_5_shot.json' gespeichert.
File: NCT03923140_exc 

Das File: /work/eauten2s/ec_criteria_struct/lct/input/lct_txt_half/NCT03923140_exc.txt wurde erfolgreich geladen.
Die Daten wurden erfolgreich in '/work/eauten2s/ec_criteria_struct/lct/evaluate/eval_p3/model_output/Llama-3-8B-Instruct-Gradient-1048k_5_shot/output/Llama-3-8B-Instruct-Gradient-1048k_NCT03923140_exc_5_shot.json' gespeichert.
File: NCT03923140_inc 

Das File: /work/eauten2s/ec_criteria_struct/lct/input/lct_txt_half/NCT03923140_inc.txt wurde erfolgreich geladen.
Die Daten wurden erfolgreich in '/work/eauten2s/ec_criteria_struct/lct/evaluate/eval_p3/model_output/Llama-3-8B-Instruct-Gradient-1048k_5_shot/output/Llama-3-8B-Instruct-Gradient-1048k_NCT03923140_inc_5_shot.json' gespeichert.
File: NCT03923153_exc 

Das File: /work/eauten2s/ec_criteria_struct/lct/input/lct_txt_half/NCT03923153_exc.txt wurde erfolgreich geladen.
Die Daten wurden erfolgreich in '/work/eauten2s/ec_criteria_struct/lct/evaluate/eval_p3/model_output/Llama-3-8B-Instruct-Gradient-1048k_5_shot/output/Llama-3-8B-Instruct-Gradient-1048k_NCT03923153_exc_5_shot.json' gespeichert.
File: NCT03923153_inc 

Das File: /work/eauten2s/ec_criteria_struct/lct/input/lct_txt_half/NCT03923153_inc.txt wurde erfolgreich geladen.
Die Daten wurden erfolgreich in '/work/eauten2s/ec_criteria_struct/lct/evaluate/eval_p3/model_output/Llama-3-8B-Instruct-Gradient-1048k_5_shot/output/Llama-3-8B-Instruct-Gradient-1048k_NCT03923153_inc_5_shot.json' gespeichert.
File: NCT03923192_exc 

Das File: /work/eauten2s/ec_criteria_struct/lct/input/lct_txt_half/NCT03923192_exc.txt wurde erfolgreich geladen.
Die Daten wurden erfolgreich in '/work/eauten2s/ec_criteria_struct/lct/evaluate/eval_p3/model_output/Llama-3-8B-Instruct-Gradient-1048k_5_shot/output/Llama-3-8B-Instruct-Gradient-1048k_NCT03923192_exc_5_shot.json' gespeichert.
File: NCT03923192_inc 

Das File: /work/eauten2s/ec_criteria_struct/lct/input/lct_txt_half/NCT03923192_inc.txt wurde erfolgreich geladen.
Die Daten wurden erfolgreich in '/work/eauten2s/ec_criteria_struct/lct/evaluate/eval_p3/model_output/Llama-3-8B-Instruct-Gradient-1048k_5_shot/output/Llama-3-8B-Instruct-Gradient-1048k_NCT03923192_inc_5_shot.json' gespeichert.
File: NCT03923205_exc 

Das File: /work/eauten2s/ec_criteria_struct/lct/input/lct_txt_half/NCT03923205_exc.txt wurde erfolgreich geladen.
Die Daten wurden erfolgreich in '/work/eauten2s/ec_criteria_struct/lct/evaluate/eval_p3/model_output/Llama-3-8B-Instruct-Gradient-1048k_5_shot/output/Llama-3-8B-Instruct-Gradient-1048k_NCT03923205_exc_5_shot.json' gespeichert.
File: NCT03923218_exc 

Das File: /work/eauten2s/ec_criteria_struct/lct/input/lct_txt_half/NCT03923218_exc.txt wurde erfolgreich geladen.
Die Daten wurden erfolgreich in '/work/eauten2s/ec_criteria_struct/lct/evaluate/eval_p3/model_output/Llama-3-8B-Instruct-Gradient-1048k_5_shot/output/Llama-3-8B-Instruct-Gradient-1048k_NCT03923218_exc_5_shot.json' gespeichert.
File: NCT03923218_inc 

Das File: /work/eauten2s/ec_criteria_struct/lct/input/lct_txt_half/NCT03923218_inc.txt wurde erfolgreich geladen.
Die Daten wurden erfolgreich in '/work/eauten2s/ec_criteria_struct/lct/evaluate/eval_p3/model_output/Llama-3-8B-Instruct-Gradient-1048k_5_shot/output/Llama-3-8B-Instruct-Gradient-1048k_NCT03923218_inc_5_shot.json' gespeichert.
File: NCT03923231_exc 

Das File: /work/eauten2s/ec_criteria_struct/lct/input/lct_txt_half/NCT03923231_exc.txt wurde erfolgreich geladen.
Die Daten wurden erfolgreich in '/work/eauten2s/ec_criteria_struct/lct/evaluate/eval_p3/model_output/Llama-3-8B-Instruct-Gradient-1048k_5_shot/output/Llama-3-8B-Instruct-Gradient-1048k_NCT03923231_exc_5_shot.json' gespeichert.
File: NCT03923231_inc 

Das File: /work/eauten2s/ec_criteria_struct/lct/input/lct_txt_half/NCT03923231_inc.txt wurde erfolgreich geladen.
Die Daten wurden erfolgreich in '/work/eauten2s/ec_criteria_struct/lct/evaluate/eval_p3/model_output/Llama-3-8B-Instruct-Gradient-1048k_5_shot/output/Llama-3-8B-Instruct-Gradient-1048k_NCT03923231_inc_5_shot.json' gespeichert.
File: NCT03923309_exc 

Das File: /work/eauten2s/ec_criteria_struct/lct/input/lct_txt_half/NCT03923309_exc.txt wurde erfolgreich geladen.
Die Daten wurden erfolgreich in '/work/eauten2s/ec_criteria_struct/lct/evaluate/eval_p3/model_output/Llama-3-8B-Instruct-Gradient-1048k_5_shot/output/Llama-3-8B-Instruct-Gradient-1048k_NCT03923309_exc_5_shot.json' gespeichert.
File: NCT03923309_inc 

Das File: /work/eauten2s/ec_criteria_struct/lct/input/lct_txt_half/NCT03923309_inc.txt wurde erfolgreich geladen.
Die Daten wurden erfolgreich in '/work/eauten2s/ec_criteria_struct/lct/evaluate/eval_p3/model_output/Llama-3-8B-Instruct-Gradient-1048k_5_shot/output/Llama-3-8B-Instruct-Gradient-1048k_NCT03923309_inc_5_shot.json' gespeichert.
File: NCT03923335_exc 

Das File: /work/eauten2s/ec_criteria_struct/lct/input/lct_txt_half/NCT03923335_exc.txt wurde erfolgreich geladen.
Die Daten wurden erfolgreich in '/work/eauten2s/ec_criteria_struct/lct/evaluate/eval_p3/model_output/Llama-3-8B-Instruct-Gradient-1048k_5_shot/output/Llama-3-8B-Instruct-Gradient-1048k_NCT03923335_exc_5_shot.json' gespeichert.
File: NCT03923335_inc 

Das File: /work/eauten2s/ec_criteria_struct/lct/input/lct_txt_half/NCT03923335_inc.txt wurde erfolgreich geladen.
Die Daten wurden erfolgreich in '/work/eauten2s/ec_criteria_struct/lct/evaluate/eval_p3/model_output/Llama-3-8B-Instruct-Gradient-1048k_5_shot/output/Llama-3-8B-Instruct-Gradient-1048k_NCT03923335_inc_5_shot.json' gespeichert.
File: NCT03923361_exc 

Das File: /work/eauten2s/ec_criteria_struct/lct/input/lct_txt_half/NCT03923361_exc.txt wurde erfolgreich geladen.
Die Daten wurden erfolgreich in '/work/eauten2s/ec_criteria_struct/lct/evaluate/eval_p3/model_output/Llama-3-8B-Instruct-Gradient-1048k_5_shot/output/Llama-3-8B-Instruct-Gradient-1048k_NCT03923361_exc_5_shot.json' gespeichert.
File: NCT03923361_inc 

Das File: /work/eauten2s/ec_criteria_struct/lct/input/lct_txt_half/NCT03923361_inc.txt wurde erfolgreich geladen.
Die Daten wurden erfolgreich in '/work/eauten2s/ec_criteria_struct/lct/evaluate/eval_p3/model_output/Llama-3-8B-Instruct-Gradient-1048k_5_shot/output/Llama-3-8B-Instruct-Gradient-1048k_NCT03923361_inc_5_shot.json' gespeichert.
File: NCT03923400_exc 

Das File: /work/eauten2s/ec_criteria_struct/lct/input/lct_txt_half/NCT03923400_exc.txt wurde erfolgreich geladen.
Die Daten wurden erfolgreich in '/work/eauten2s/ec_criteria_struct/lct/evaluate/eval_p3/model_output/Llama-3-8B-Instruct-Gradient-1048k_5_shot/output/Llama-3-8B-Instruct-Gradient-1048k_NCT03923400_exc_5_shot.json' gespeichert.
File: NCT03923400_inc 

Das File: /work/eauten2s/ec_criteria_struct/lct/input/lct_txt_half/NCT03923400_inc.txt wurde erfolgreich geladen.
Die Daten wurden erfolgreich in '/work/eauten2s/ec_criteria_struct/lct/evaluate/eval_p3/model_output/Llama-3-8B-Instruct-Gradient-1048k_5_shot/output/Llama-3-8B-Instruct-Gradient-1048k_NCT03923400_inc_5_shot.json' gespeichert.
File: NCT03923413_exc 

Das File: /work/eauten2s/ec_criteria_struct/lct/input/lct_txt_half/NCT03923413_exc.txt wurde erfolgreich geladen.
Die Daten wurden erfolgreich in '/work/eauten2s/ec_criteria_struct/lct/evaluate/eval_p3/model_output/Llama-3-8B-Instruct-Gradient-1048k_5_shot/output/Llama-3-8B-Instruct-Gradient-1048k_NCT03923413_exc_5_shot.json' gespeichert.
File: NCT03923413_inc 

Das File: /work/eauten2s/ec_criteria_struct/lct/input/lct_txt_half/NCT03923413_inc.txt wurde erfolgreich geladen.
Die Daten wurden erfolgreich in '/work/eauten2s/ec_criteria_struct/lct/evaluate/eval_p3/model_output/Llama-3-8B-Instruct-Gradient-1048k_5_shot/output/Llama-3-8B-Instruct-Gradient-1048k_NCT03923413_inc_5_shot.json' gespeichert.
File: NCT03923426_exc 

Das File: /work/eauten2s/ec_criteria_struct/lct/input/lct_txt_half/NCT03923426_exc.txt wurde erfolgreich geladen.
Die Daten wurden erfolgreich in '/work/eauten2s/ec_criteria_struct/lct/evaluate/eval_p3/model_output/Llama-3-8B-Instruct-Gradient-1048k_5_shot/output/Llama-3-8B-Instruct-Gradient-1048k_NCT03923426_exc_5_shot.json' gespeichert.
File: NCT03923426_inc 

Das File: /work/eauten2s/ec_criteria_struct/lct/input/lct_txt_half/NCT03923426_inc.txt wurde erfolgreich geladen.
Die Daten wurden erfolgreich in '/work/eauten2s/ec_criteria_struct/lct/evaluate/eval_p3/model_output/Llama-3-8B-Instruct-Gradient-1048k_5_shot/output/Llama-3-8B-Instruct-Gradient-1048k_NCT03923426_inc_5_shot.json' gespeichert.
File: NCT03923439_exc 

Das File: /work/eauten2s/ec_criteria_struct/lct/input/lct_txt_half/NCT03923439_exc.txt wurde erfolgreich geladen.
Die Daten wurden erfolgreich in '/work/eauten2s/ec_criteria_struct/lct/evaluate/eval_p3/model_output/Llama-3-8B-Instruct-Gradient-1048k_5_shot/output/Llama-3-8B-Instruct-Gradient-1048k_NCT03923439_exc_5_shot.json' gespeichert.
File: NCT03923439_inc 

Das File: /work/eauten2s/ec_criteria_struct/lct/input/lct_txt_half/NCT03923439_inc.txt wurde erfolgreich geladen.
Die Daten wurden erfolgreich in '/work/eauten2s/ec_criteria_struct/lct/evaluate/eval_p3/model_output/Llama-3-8B-Instruct-Gradient-1048k_5_shot/output/Llama-3-8B-Instruct-Gradient-1048k_NCT03923439_inc_5_shot.json' gespeichert.
File: NCT03923465_exc 

Das File: /work/eauten2s/ec_criteria_struct/lct/input/lct_txt_half/NCT03923465_exc.txt wurde erfolgreich geladen.
Die Daten wurden erfolgreich in '/work/eauten2s/ec_criteria_struct/lct/evaluate/eval_p3/model_output/Llama-3-8B-Instruct-Gradient-1048k_5_shot/output/Llama-3-8B-Instruct-Gradient-1048k_NCT03923465_exc_5_shot.json' gespeichert.
File: NCT03923465_inc 

Das File: /work/eauten2s/ec_criteria_struct/lct/input/lct_txt_half/NCT03923465_inc.txt wurde erfolgreich geladen.
Die Daten wurden erfolgreich in '/work/eauten2s/ec_criteria_struct/lct/evaluate/eval_p3/model_output/Llama-3-8B-Instruct-Gradient-1048k_5_shot/output/Llama-3-8B-Instruct-Gradient-1048k_NCT03923465_inc_5_shot.json' gespeichert.
File: NCT03923478_exc 

Das File: /work/eauten2s/ec_criteria_struct/lct/input/lct_txt_half/NCT03923478_exc.txt wurde erfolgreich geladen.
Die Daten wurden erfolgreich in '/work/eauten2s/ec_criteria_struct/lct/evaluate/eval_p3/model_output/Llama-3-8B-Instruct-Gradient-1048k_5_shot/output/Llama-3-8B-Instruct-Gradient-1048k_NCT03923478_exc_5_shot.json' gespeichert.
File: NCT03923478_inc 

Das File: /work/eauten2s/ec_criteria_struct/lct/input/lct_txt_half/NCT03923478_inc.txt wurde erfolgreich geladen.
Die Daten wurden erfolgreich in '/work/eauten2s/ec_criteria_struct/lct/evaluate/eval_p3/model_output/Llama-3-8B-Instruct-Gradient-1048k_5_shot/output/Llama-3-8B-Instruct-Gradient-1048k_NCT03923478_inc_5_shot.json' gespeichert.
File: NCT03923504_exc 

Das File: /work/eauten2s/ec_criteria_struct/lct/input/lct_txt_half/NCT03923504_exc.txt wurde erfolgreich geladen.
Die Daten wurden erfolgreich in '/work/eauten2s/ec_criteria_struct/lct/evaluate/eval_p3/model_output/Llama-3-8B-Instruct-Gradient-1048k_5_shot/output/Llama-3-8B-Instruct-Gradient-1048k_NCT03923504_exc_5_shot.json' gespeichert.
File: NCT03923504_inc 

Das File: /work/eauten2s/ec_criteria_struct/lct/input/lct_txt_half/NCT03923504_inc.txt wurde erfolgreich geladen.
Die Daten wurden erfolgreich in '/work/eauten2s/ec_criteria_struct/lct/evaluate/eval_p3/model_output/Llama-3-8B-Instruct-Gradient-1048k_5_shot/output/Llama-3-8B-Instruct-Gradient-1048k_NCT03923504_inc_5_shot.json' gespeichert.
File: NCT03923517_exc 

Das File: /work/eauten2s/ec_criteria_struct/lct/input/lct_txt_half/NCT03923517_exc.txt wurde erfolgreich geladen.
Die Daten wurden erfolgreich in '/work/eauten2s/ec_criteria_struct/lct/evaluate/eval_p3/model_output/Llama-3-8B-Instruct-Gradient-1048k_5_shot/output/Llama-3-8B-Instruct-Gradient-1048k_NCT03923517_exc_5_shot.json' gespeichert.
File: NCT03923517_inc 

Das File: /work/eauten2s/ec_criteria_struct/lct/input/lct_txt_half/NCT03923517_inc.txt wurde erfolgreich geladen.
Die Daten wurden erfolgreich in '/work/eauten2s/ec_criteria_struct/lct/evaluate/eval_p3/model_output/Llama-3-8B-Instruct-Gradient-1048k_5_shot/output/Llama-3-8B-Instruct-Gradient-1048k_NCT03923517_inc_5_shot.json' gespeichert.
File: NCT03923543_exc 

Das File: /work/eauten2s/ec_criteria_struct/lct/input/lct_txt_half/NCT03923543_exc.txt wurde erfolgreich geladen.
Die Daten wurden erfolgreich in '/work/eauten2s/ec_criteria_struct/lct/evaluate/eval_p3/model_output/Llama-3-8B-Instruct-Gradient-1048k_5_shot/output/Llama-3-8B-Instruct-Gradient-1048k_NCT03923543_exc_5_shot.json' gespeichert.
File: NCT03923543_inc 

Das File: /work/eauten2s/ec_criteria_struct/lct/input/lct_txt_half/NCT03923543_inc.txt wurde erfolgreich geladen.
Die Daten wurden erfolgreich in '/work/eauten2s/ec_criteria_struct/lct/evaluate/eval_p3/model_output/Llama-3-8B-Instruct-Gradient-1048k_5_shot/output/Llama-3-8B-Instruct-Gradient-1048k_NCT03923543_inc_5_shot.json' gespeichert.
File: NCT03923556_exc 

Das File: /work/eauten2s/ec_criteria_struct/lct/input/lct_txt_half/NCT03923556_exc.txt wurde erfolgreich geladen.
Die Daten wurden erfolgreich in '/work/eauten2s/ec_criteria_struct/lct/evaluate/eval_p3/model_output/Llama-3-8B-Instruct-Gradient-1048k_5_shot/output/Llama-3-8B-Instruct-Gradient-1048k_NCT03923556_exc_5_shot.json' gespeichert.
File: NCT03923556_inc 

Das File: /work/eauten2s/ec_criteria_struct/lct/input/lct_txt_half/NCT03923556_inc.txt wurde erfolgreich geladen.
Die Daten wurden erfolgreich in '/work/eauten2s/ec_criteria_struct/lct/evaluate/eval_p3/model_output/Llama-3-8B-Instruct-Gradient-1048k_5_shot/output/Llama-3-8B-Instruct-Gradient-1048k_NCT03923556_inc_5_shot.json' gespeichert.
File: NCT03923569_exc 

Das File: /work/eauten2s/ec_criteria_struct/lct/input/lct_txt_half/NCT03923569_exc.txt wurde erfolgreich geladen.
Die Daten wurden erfolgreich in '/work/eauten2s/ec_criteria_struct/lct/evaluate/eval_p3/model_output/Llama-3-8B-Instruct-Gradient-1048k_5_shot/output/Llama-3-8B-Instruct-Gradient-1048k_NCT03923569_exc_5_shot.json' gespeichert.
File: NCT03923569_inc 

Das File: /work/eauten2s/ec_criteria_struct/lct/input/lct_txt_half/NCT03923569_inc.txt wurde erfolgreich geladen.
Die Daten wurden erfolgreich in '/work/eauten2s/ec_criteria_struct/lct/evaluate/eval_p3/model_output/Llama-3-8B-Instruct-Gradient-1048k_5_shot/output/Llama-3-8B-Instruct-Gradient-1048k_NCT03923569_inc_5_shot.json' gespeichert.
File: NCT03923595_exc 

Das File: /work/eauten2s/ec_criteria_struct/lct/input/lct_txt_half/NCT03923595_exc.txt wurde erfolgreich geladen.
Die Daten wurden erfolgreich in '/work/eauten2s/ec_criteria_struct/lct/evaluate/eval_p3/model_output/Llama-3-8B-Instruct-Gradient-1048k_5_shot/output/Llama-3-8B-Instruct-Gradient-1048k_NCT03923595_exc_5_shot.json' gespeichert.
File: NCT03923595_inc 

Das File: /work/eauten2s/ec_criteria_struct/lct/input/lct_txt_half/NCT03923595_inc.txt wurde erfolgreich geladen.
Die Daten wurden erfolgreich in '/work/eauten2s/ec_criteria_struct/lct/evaluate/eval_p3/model_output/Llama-3-8B-Instruct-Gradient-1048k_5_shot/output/Llama-3-8B-Instruct-Gradient-1048k_NCT03923595_inc_5_shot.json' gespeichert.
File: NCT03923608_exc 

Das File: /work/eauten2s/ec_criteria_struct/lct/input/lct_txt_half/NCT03923608_exc.txt wurde erfolgreich geladen.
Die Daten wurden erfolgreich in '/work/eauten2s/ec_criteria_struct/lct/evaluate/eval_p3/model_output/Llama-3-8B-Instruct-Gradient-1048k_5_shot/output/Llama-3-8B-Instruct-Gradient-1048k_NCT03923608_exc_5_shot.json' gespeichert.
File: NCT03923608_inc 

Das File: /work/eauten2s/ec_criteria_struct/lct/input/lct_txt_half/NCT03923608_inc.txt wurde erfolgreich geladen.
Die Daten wurden erfolgreich in '/work/eauten2s/ec_criteria_struct/lct/evaluate/eval_p3/model_output/Llama-3-8B-Instruct-Gradient-1048k_5_shot/output/Llama-3-8B-Instruct-Gradient-1048k_NCT03923608_inc_5_shot.json' gespeichert.
File: NCT03923621_exc 

Das File: /work/eauten2s/ec_criteria_struct/lct/input/lct_txt_half/NCT03923621_exc.txt wurde erfolgreich geladen.
Die Daten wurden erfolgreich in '/work/eauten2s/ec_criteria_struct/lct/evaluate/eval_p3/model_output/Llama-3-8B-Instruct-Gradient-1048k_5_shot/output/Llama-3-8B-Instruct-Gradient-1048k_NCT03923621_exc_5_shot.json' gespeichert.
File: NCT03923621_inc 

Das File: /work/eauten2s/ec_criteria_struct/lct/input/lct_txt_half/NCT03923621_inc.txt wurde erfolgreich geladen.
Die Daten wurden erfolgreich in '/work/eauten2s/ec_criteria_struct/lct/evaluate/eval_p3/model_output/Llama-3-8B-Instruct-Gradient-1048k_5_shot/output/Llama-3-8B-Instruct-Gradient-1048k_NCT03923621_inc_5_shot.json' gespeichert.
File: NCT03923647_exc 

Das File: /work/eauten2s/ec_criteria_struct/lct/input/lct_txt_half/NCT03923647_exc.txt wurde erfolgreich geladen.
Die Daten wurden erfolgreich in '/work/eauten2s/ec_criteria_struct/lct/evaluate/eval_p3/model_output/Llama-3-8B-Instruct-Gradient-1048k_5_shot/output/Llama-3-8B-Instruct-Gradient-1048k_NCT03923647_exc_5_shot.json' gespeichert.
File: NCT03923647_inc 

Das File: /work/eauten2s/ec_criteria_struct/lct/input/lct_txt_half/NCT03923647_inc.txt wurde erfolgreich geladen.
Die Daten wurden erfolgreich in '/work/eauten2s/ec_criteria_struct/lct/evaluate/eval_p3/model_output/Llama-3-8B-Instruct-Gradient-1048k_5_shot/output/Llama-3-8B-Instruct-Gradient-1048k_NCT03923647_inc_5_shot.json' gespeichert.
File: NCT03923660_exc 

Das File: /work/eauten2s/ec_criteria_struct/lct/input/lct_txt_half/NCT03923660_exc.txt wurde erfolgreich geladen.
Die Daten wurden erfolgreich in '/work/eauten2s/ec_criteria_struct/lct/evaluate/eval_p3/model_output/Llama-3-8B-Instruct-Gradient-1048k_5_shot/output/Llama-3-8B-Instruct-Gradient-1048k_NCT03923660_exc_5_shot.json' gespeichert.
File: NCT03923660_inc 

Das File: /work/eauten2s/ec_criteria_struct/lct/input/lct_txt_half/NCT03923660_inc.txt wurde erfolgreich geladen.
Die Daten wurden erfolgreich in '/work/eauten2s/ec_criteria_struct/lct/evaluate/eval_p3/model_output/Llama-3-8B-Instruct-Gradient-1048k_5_shot/output/Llama-3-8B-Instruct-Gradient-1048k_NCT03923660_inc_5_shot.json' gespeichert.
File: NCT03923686_exc 

Das File: /work/eauten2s/ec_criteria_struct/lct/input/lct_txt_half/NCT03923686_exc.txt wurde erfolgreich geladen.
Die Daten wurden erfolgreich in '/work/eauten2s/ec_criteria_struct/lct/evaluate/eval_p3/model_output/Llama-3-8B-Instruct-Gradient-1048k_5_shot/output/Llama-3-8B-Instruct-Gradient-1048k_NCT03923686_exc_5_shot.json' gespeichert.
File: NCT03923686_inc 

Das File: /work/eauten2s/ec_criteria_struct/lct/input/lct_txt_half/NCT03923686_inc.txt wurde erfolgreich geladen.
Die Daten wurden erfolgreich in '/work/eauten2s/ec_criteria_struct/lct/evaluate/eval_p3/model_output/Llama-3-8B-Instruct-Gradient-1048k_5_shot/output/Llama-3-8B-Instruct-Gradient-1048k_NCT03923686_inc_5_shot.json' gespeichert.
File: NCT03923699_exc 

Das File: /work/eauten2s/ec_criteria_struct/lct/input/lct_txt_half/NCT03923699_exc.txt wurde erfolgreich geladen.
Die Daten wurden erfolgreich in '/work/eauten2s/ec_criteria_struct/lct/evaluate/eval_p3/model_output/Llama-3-8B-Instruct-Gradient-1048k_5_shot/output/Llama-3-8B-Instruct-Gradient-1048k_NCT03923699_exc_5_shot.json' gespeichert.
File: NCT03923699_inc 

Das File: /work/eauten2s/ec_criteria_struct/lct/input/lct_txt_half/NCT03923699_inc.txt wurde erfolgreich geladen.
Die Daten wurden erfolgreich in '/work/eauten2s/ec_criteria_struct/lct/evaluate/eval_p3/model_output/Llama-3-8B-Instruct-Gradient-1048k_5_shot/output/Llama-3-8B-Instruct-Gradient-1048k_NCT03923699_inc_5_shot.json' gespeichert.
File: NCT03923738_exc 

Das File: /work/eauten2s/ec_criteria_struct/lct/input/lct_txt_half/NCT03923738_exc.txt wurde erfolgreich geladen.
Die Daten wurden erfolgreich in '/work/eauten2s/ec_criteria_struct/lct/evaluate/eval_p3/model_output/Llama-3-8B-Instruct-Gradient-1048k_5_shot/output/Llama-3-8B-Instruct-Gradient-1048k_NCT03923738_exc_5_shot.json' gespeichert.
File: NCT03923738_inc 

Das File: /work/eauten2s/ec_criteria_struct/lct/input/lct_txt_half/NCT03923738_inc.txt wurde erfolgreich geladen.
Die Daten wurden erfolgreich in '/work/eauten2s/ec_criteria_struct/lct/evaluate/eval_p3/model_output/Llama-3-8B-Instruct-Gradient-1048k_5_shot/output/Llama-3-8B-Instruct-Gradient-1048k_NCT03923738_inc_5_shot.json' gespeichert.
File: NCT03923751_exc 

Das File: /work/eauten2s/ec_criteria_struct/lct/input/lct_txt_half/NCT03923751_exc.txt wurde erfolgreich geladen.
Die Daten wurden erfolgreich in '/work/eauten2s/ec_criteria_struct/lct/evaluate/eval_p3/model_output/Llama-3-8B-Instruct-Gradient-1048k_5_shot/output/Llama-3-8B-Instruct-Gradient-1048k_NCT03923751_exc_5_shot.json' gespeichert.
File: NCT03923751_inc 

Das File: /work/eauten2s/ec_criteria_struct/lct/input/lct_txt_half/NCT03923751_inc.txt wurde erfolgreich geladen.
Die Daten wurden erfolgreich in '/work/eauten2s/ec_criteria_struct/lct/evaluate/eval_p3/model_output/Llama-3-8B-Instruct-Gradient-1048k_5_shot/output/Llama-3-8B-Instruct-Gradient-1048k_NCT03923751_inc_5_shot.json' gespeichert.
File: NCT03923764_exc 

Das File: /work/eauten2s/ec_criteria_struct/lct/input/lct_txt_half/NCT03923764_exc.txt wurde erfolgreich geladen.
Die Daten wurden erfolgreich in '/work/eauten2s/ec_criteria_struct/lct/evaluate/eval_p3/model_output/Llama-3-8B-Instruct-Gradient-1048k_5_shot/output/Llama-3-8B-Instruct-Gradient-1048k_NCT03923764_exc_5_shot.json' gespeichert.
File: NCT03923764_inc 

Das File: /work/eauten2s/ec_criteria_struct/lct/input/lct_txt_half/NCT03923764_inc.txt wurde erfolgreich geladen.
Die Daten wurden erfolgreich in '/work/eauten2s/ec_criteria_struct/lct/evaluate/eval_p3/model_output/Llama-3-8B-Instruct-Gradient-1048k_5_shot/output/Llama-3-8B-Instruct-Gradient-1048k_NCT03923764_inc_5_shot.json' gespeichert.
File: NCT03923790_exc 

Das File: /work/eauten2s/ec_criteria_struct/lct/input/lct_txt_half/NCT03923790_exc.txt wurde erfolgreich geladen.
Die Daten wurden erfolgreich in '/work/eauten2s/ec_criteria_struct/lct/evaluate/eval_p3/model_output/Llama-3-8B-Instruct-Gradient-1048k_5_shot/output/Llama-3-8B-Instruct-Gradient-1048k_NCT03923790_exc_5_shot.json' gespeichert.
File: NCT03923790_inc 

Das File: /work/eauten2s/ec_criteria_struct/lct/input/lct_txt_half/NCT03923790_inc.txt wurde erfolgreich geladen.
Die Daten wurden erfolgreich in '/work/eauten2s/ec_criteria_struct/lct/evaluate/eval_p3/model_output/Llama-3-8B-Instruct-Gradient-1048k_5_shot/output/Llama-3-8B-Instruct-Gradient-1048k_NCT03923790_inc_5_shot.json' gespeichert.
File: NCT03923803_exc 

Das File: /work/eauten2s/ec_criteria_struct/lct/input/lct_txt_half/NCT03923803_exc.txt wurde erfolgreich geladen.
Die Daten wurden erfolgreich in '/work/eauten2s/ec_criteria_struct/lct/evaluate/eval_p3/model_output/Llama-3-8B-Instruct-Gradient-1048k_5_shot/output/Llama-3-8B-Instruct-Gradient-1048k_NCT03923803_exc_5_shot.json' gespeichert.
File: NCT03923803_inc 

Das File: /work/eauten2s/ec_criteria_struct/lct/input/lct_txt_half/NCT03923803_inc.txt wurde erfolgreich geladen.
Die Daten wurden erfolgreich in '/work/eauten2s/ec_criteria_struct/lct/evaluate/eval_p3/model_output/Llama-3-8B-Instruct-Gradient-1048k_5_shot/output/Llama-3-8B-Instruct-Gradient-1048k_NCT03923803_inc_5_shot.json' gespeichert.
File: NCT03923816_exc 

Das File: /work/eauten2s/ec_criteria_struct/lct/input/lct_txt_half/NCT03923816_exc.txt wurde erfolgreich geladen.
Die Daten wurden erfolgreich in '/work/eauten2s/ec_criteria_struct/lct/evaluate/eval_p3/model_output/Llama-3-8B-Instruct-Gradient-1048k_5_shot/output/Llama-3-8B-Instruct-Gradient-1048k_NCT03923816_exc_5_shot.json' gespeichert.
File: NCT03923816_inc 

Das File: /work/eauten2s/ec_criteria_struct/lct/input/lct_txt_half/NCT03923816_inc.txt wurde erfolgreich geladen.
Die Daten wurden erfolgreich in '/work/eauten2s/ec_criteria_struct/lct/evaluate/eval_p3/model_output/Llama-3-8B-Instruct-Gradient-1048k_5_shot/output/Llama-3-8B-Instruct-Gradient-1048k_NCT03923816_inc_5_shot.json' gespeichert.
File: NCT03923829_exc 

Das File: /work/eauten2s/ec_criteria_struct/lct/input/lct_txt_half/NCT03923829_exc.txt wurde erfolgreich geladen.
Die Daten wurden erfolgreich in '/work/eauten2s/ec_criteria_struct/lct/evaluate/eval_p3/model_output/Llama-3-8B-Instruct-Gradient-1048k_5_shot/output/Llama-3-8B-Instruct-Gradient-1048k_NCT03923829_exc_5_shot.json' gespeichert.
File: NCT03923829_inc 

Das File: /work/eauten2s/ec_criteria_struct/lct/input/lct_txt_half/NCT03923829_inc.txt wurde erfolgreich geladen.
Die Daten wurden erfolgreich in '/work/eauten2s/ec_criteria_struct/lct/evaluate/eval_p3/model_output/Llama-3-8B-Instruct-Gradient-1048k_5_shot/output/Llama-3-8B-Instruct-Gradient-1048k_NCT03923829_inc_5_shot.json' gespeichert.
File: NCT03923894_exc 

Das File: /work/eauten2s/ec_criteria_struct/lct/input/lct_txt_half/NCT03923894_exc.txt wurde erfolgreich geladen.
Die Daten wurden erfolgreich in '/work/eauten2s/ec_criteria_struct/lct/evaluate/eval_p3/model_output/Llama-3-8B-Instruct-Gradient-1048k_5_shot/output/Llama-3-8B-Instruct-Gradient-1048k_NCT03923894_exc_5_shot.json' gespeichert.
File: NCT03923894_inc 

Das File: /work/eauten2s/ec_criteria_struct/lct/input/lct_txt_half/NCT03923894_inc.txt wurde erfolgreich geladen.
Die Daten wurden erfolgreich in '/work/eauten2s/ec_criteria_struct/lct/evaluate/eval_p3/model_output/Llama-3-8B-Instruct-Gradient-1048k_5_shot/output/Llama-3-8B-Instruct-Gradient-1048k_NCT03923894_inc_5_shot.json' gespeichert.
File: NCT03923920_exc 

Das File: /work/eauten2s/ec_criteria_struct/lct/input/lct_txt_half/NCT03923920_exc.txt wurde erfolgreich geladen.
Die Daten wurden erfolgreich in '/work/eauten2s/ec_criteria_struct/lct/evaluate/eval_p3/model_output/Llama-3-8B-Instruct-Gradient-1048k_5_shot/output/Llama-3-8B-Instruct-Gradient-1048k_NCT03923920_exc_5_shot.json' gespeichert.
File: NCT03923920_inc 

Das File: /work/eauten2s/ec_criteria_struct/lct/input/lct_txt_half/NCT03923920_inc.txt wurde erfolgreich geladen.
Die Daten wurden erfolgreich in '/work/eauten2s/ec_criteria_struct/lct/evaluate/eval_p3/model_output/Llama-3-8B-Instruct-Gradient-1048k_5_shot/output/Llama-3-8B-Instruct-Gradient-1048k_NCT03923920_inc_5_shot.json' gespeichert.
File: NCT03923933_exc 

Das File: /work/eauten2s/ec_criteria_struct/lct/input/lct_txt_half/NCT03923933_exc.txt wurde erfolgreich geladen.
Die Daten wurden erfolgreich in '/work/eauten2s/ec_criteria_struct/lct/evaluate/eval_p3/model_output/Llama-3-8B-Instruct-Gradient-1048k_5_shot/output/Llama-3-8B-Instruct-Gradient-1048k_NCT03923933_exc_5_shot.json' gespeichert.
File: NCT03923933_inc 

Das File: /work/eauten2s/ec_criteria_struct/lct/input/lct_txt_half/NCT03923933_inc.txt wurde erfolgreich geladen.
Die Daten wurden erfolgreich in '/work/eauten2s/ec_criteria_struct/lct/evaluate/eval_p3/model_output/Llama-3-8B-Instruct-Gradient-1048k_5_shot/output/Llama-3-8B-Instruct-Gradient-1048k_NCT03923933_inc_5_shot.json' gespeichert.
File: NCT03923946_exc 

Das File: /work/eauten2s/ec_criteria_struct/lct/input/lct_txt_half/NCT03923946_exc.txt wurde erfolgreich geladen.
Die Daten wurden erfolgreich in '/work/eauten2s/ec_criteria_struct/lct/evaluate/eval_p3/model_output/Llama-3-8B-Instruct-Gradient-1048k_5_shot/output/Llama-3-8B-Instruct-Gradient-1048k_NCT03923946_exc_5_shot.json' gespeichert.
File: NCT03923946_inc 

Das File: /work/eauten2s/ec_criteria_struct/lct/input/lct_txt_half/NCT03923946_inc.txt wurde erfolgreich geladen.
Die Daten wurden erfolgreich in '/work/eauten2s/ec_criteria_struct/lct/evaluate/eval_p3/model_output/Llama-3-8B-Instruct-Gradient-1048k_5_shot/output/Llama-3-8B-Instruct-Gradient-1048k_NCT03923946_inc_5_shot.json' gespeichert.
File: NCT03923959_exc 

Das File: /work/eauten2s/ec_criteria_struct/lct/input/lct_txt_half/NCT03923959_exc.txt wurde erfolgreich geladen.
Die Daten wurden erfolgreich in '/work/eauten2s/ec_criteria_struct/lct/evaluate/eval_p3/model_output/Llama-3-8B-Instruct-Gradient-1048k_5_shot/output/Llama-3-8B-Instruct-Gradient-1048k_NCT03923959_exc_5_shot.json' gespeichert.
File: NCT03923959_inc 

Das File: /work/eauten2s/ec_criteria_struct/lct/input/lct_txt_half/NCT03923959_inc.txt wurde erfolgreich geladen.
Die Daten wurden erfolgreich in '/work/eauten2s/ec_criteria_struct/lct/evaluate/eval_p3/model_output/Llama-3-8B-Instruct-Gradient-1048k_5_shot/output/Llama-3-8B-Instruct-Gradient-1048k_NCT03923959_inc_5_shot.json' gespeichert.
File: NCT03923972_exc 

Das File: /work/eauten2s/ec_criteria_struct/lct/input/lct_txt_half/NCT03923972_exc.txt wurde erfolgreich geladen.
Die Daten wurden erfolgreich in '/work/eauten2s/ec_criteria_struct/lct/evaluate/eval_p3/model_output/Llama-3-8B-Instruct-Gradient-1048k_5_shot/output/Llama-3-8B-Instruct-Gradient-1048k_NCT03923972_exc_5_shot.json' gespeichert.
File: NCT03923972_inc 

Das File: /work/eauten2s/ec_criteria_struct/lct/input/lct_txt_half/NCT03923972_inc.txt wurde erfolgreich geladen.
Die Daten wurden erfolgreich in '/work/eauten2s/ec_criteria_struct/lct/evaluate/eval_p3/model_output/Llama-3-8B-Instruct-Gradient-1048k_5_shot/output/Llama-3-8B-Instruct-Gradient-1048k_NCT03923972_inc_5_shot.json' gespeichert.
File: NCT03923985_exc 

Das File: /work/eauten2s/ec_criteria_struct/lct/input/lct_txt_half/NCT03923985_exc.txt wurde erfolgreich geladen.
Die Daten wurden erfolgreich in '/work/eauten2s/ec_criteria_struct/lct/evaluate/eval_p3/model_output/Llama-3-8B-Instruct-Gradient-1048k_5_shot/output/Llama-3-8B-Instruct-Gradient-1048k_NCT03923985_exc_5_shot.json' gespeichert.
File: NCT03923985_inc 

Das File: /work/eauten2s/ec_criteria_struct/lct/input/lct_txt_half/NCT03923985_inc.txt wurde erfolgreich geladen.
Die Daten wurden erfolgreich in '/work/eauten2s/ec_criteria_struct/lct/evaluate/eval_p3/model_output/Llama-3-8B-Instruct-Gradient-1048k_5_shot/output/Llama-3-8B-Instruct-Gradient-1048k_NCT03923985_inc_5_shot.json' gespeichert.
File: NCT03923998_exc 

Das File: /work/eauten2s/ec_criteria_struct/lct/input/lct_txt_half/NCT03923998_exc.txt wurde erfolgreich geladen.
Die Daten wurden erfolgreich in '/work/eauten2s/ec_criteria_struct/lct/evaluate/eval_p3/model_output/Llama-3-8B-Instruct-Gradient-1048k_5_shot/output/Llama-3-8B-Instruct-Gradient-1048k_NCT03923998_exc_5_shot.json' gespeichert.
File: NCT03923998_inc 

Das File: /work/eauten2s/ec_criteria_struct/lct/input/lct_txt_half/NCT03923998_inc.txt wurde erfolgreich geladen.
Die Daten wurden erfolgreich in '/work/eauten2s/ec_criteria_struct/lct/evaluate/eval_p3/model_output/Llama-3-8B-Instruct-Gradient-1048k_5_shot/output/Llama-3-8B-Instruct-Gradient-1048k_NCT03923998_inc_5_shot.json' gespeichert.
File: NCT03924011_exc 

Das File: /work/eauten2s/ec_criteria_struct/lct/input/lct_txt_half/NCT03924011_exc.txt wurde erfolgreich geladen.
Die Daten wurden erfolgreich in '/work/eauten2s/ec_criteria_struct/lct/evaluate/eval_p3/model_output/Llama-3-8B-Instruct-Gradient-1048k_5_shot/output/Llama-3-8B-Instruct-Gradient-1048k_NCT03924011_exc_5_shot.json' gespeichert.
File: NCT03924011_inc 

Das File: /work/eauten2s/ec_criteria_struct/lct/input/lct_txt_half/NCT03924011_inc.txt wurde erfolgreich geladen.
Die Daten wurden erfolgreich in '/work/eauten2s/ec_criteria_struct/lct/evaluate/eval_p3/model_output/Llama-3-8B-Instruct-Gradient-1048k_5_shot/output/Llama-3-8B-Instruct-Gradient-1048k_NCT03924011_inc_5_shot.json' gespeichert.
File: NCT03924024_exc 

Das File: /work/eauten2s/ec_criteria_struct/lct/input/lct_txt_half/NCT03924024_exc.txt wurde erfolgreich geladen.
Die Daten wurden erfolgreich in '/work/eauten2s/ec_criteria_struct/lct/evaluate/eval_p3/model_output/Llama-3-8B-Instruct-Gradient-1048k_5_shot/output/Llama-3-8B-Instruct-Gradient-1048k_NCT03924024_exc_5_shot.json' gespeichert.
File: NCT03924024_inc 

Das File: /work/eauten2s/ec_criteria_struct/lct/input/lct_txt_half/NCT03924024_inc.txt wurde erfolgreich geladen.
Die Daten wurden erfolgreich in '/work/eauten2s/ec_criteria_struct/lct/evaluate/eval_p3/model_output/Llama-3-8B-Instruct-Gradient-1048k_5_shot/output/Llama-3-8B-Instruct-Gradient-1048k_NCT03924024_inc_5_shot.json' gespeichert.
File: NCT03924037_exc 

Das File: /work/eauten2s/ec_criteria_struct/lct/input/lct_txt_half/NCT03924037_exc.txt wurde erfolgreich geladen.
Die Daten wurden erfolgreich in '/work/eauten2s/ec_criteria_struct/lct/evaluate/eval_p3/model_output/Llama-3-8B-Instruct-Gradient-1048k_5_shot/output/Llama-3-8B-Instruct-Gradient-1048k_NCT03924037_exc_5_shot.json' gespeichert.
File: NCT03924037_inc 

Das File: /work/eauten2s/ec_criteria_struct/lct/input/lct_txt_half/NCT03924037_inc.txt wurde erfolgreich geladen.
Die Daten wurden erfolgreich in '/work/eauten2s/ec_criteria_struct/lct/evaluate/eval_p3/model_output/Llama-3-8B-Instruct-Gradient-1048k_5_shot/output/Llama-3-8B-Instruct-Gradient-1048k_NCT03924037_inc_5_shot.json' gespeichert.
File: NCT03924076_exc 

Das File: /work/eauten2s/ec_criteria_struct/lct/input/lct_txt_half/NCT03924076_exc.txt wurde erfolgreich geladen.
Die Daten wurden erfolgreich in '/work/eauten2s/ec_criteria_struct/lct/evaluate/eval_p3/model_output/Llama-3-8B-Instruct-Gradient-1048k_5_shot/output/Llama-3-8B-Instruct-Gradient-1048k_NCT03924076_exc_5_shot.json' gespeichert.
File: NCT03924076_inc 

Das File: /work/eauten2s/ec_criteria_struct/lct/input/lct_txt_half/NCT03924076_inc.txt wurde erfolgreich geladen.
Die Daten wurden erfolgreich in '/work/eauten2s/ec_criteria_struct/lct/evaluate/eval_p3/model_output/Llama-3-8B-Instruct-Gradient-1048k_5_shot/output/Llama-3-8B-Instruct-Gradient-1048k_NCT03924076_inc_5_shot.json' gespeichert.
File: NCT03924102_exc 

Das File: /work/eauten2s/ec_criteria_struct/lct/input/lct_txt_half/NCT03924102_exc.txt wurde erfolgreich geladen.
Die Daten wurden erfolgreich in '/work/eauten2s/ec_criteria_struct/lct/evaluate/eval_p3/model_output/Llama-3-8B-Instruct-Gradient-1048k_5_shot/output/Llama-3-8B-Instruct-Gradient-1048k_NCT03924102_exc_5_shot.json' gespeichert.
File: NCT03924102_inc 

Das File: /work/eauten2s/ec_criteria_struct/lct/input/lct_txt_half/NCT03924102_inc.txt wurde erfolgreich geladen.
Die Daten wurden erfolgreich in '/work/eauten2s/ec_criteria_struct/lct/evaluate/eval_p3/model_output/Llama-3-8B-Instruct-Gradient-1048k_5_shot/output/Llama-3-8B-Instruct-Gradient-1048k_NCT03924102_inc_5_shot.json' gespeichert.
File: NCT03924115_exc 

Das File: /work/eauten2s/ec_criteria_struct/lct/input/lct_txt_half/NCT03924115_exc.txt wurde erfolgreich geladen.
Die Daten wurden erfolgreich in '/work/eauten2s/ec_criteria_struct/lct/evaluate/eval_p3/model_output/Llama-3-8B-Instruct-Gradient-1048k_5_shot/output/Llama-3-8B-Instruct-Gradient-1048k_NCT03924115_exc_5_shot.json' gespeichert.
File: NCT03924115_inc 

Das File: /work/eauten2s/ec_criteria_struct/lct/input/lct_txt_half/NCT03924115_inc.txt wurde erfolgreich geladen.
Die Daten wurden erfolgreich in '/work/eauten2s/ec_criteria_struct/lct/evaluate/eval_p3/model_output/Llama-3-8B-Instruct-Gradient-1048k_5_shot/output/Llama-3-8B-Instruct-Gradient-1048k_NCT03924115_inc_5_shot.json' gespeichert.
File: NCT03924128_exc 

Das File: /work/eauten2s/ec_criteria_struct/lct/input/lct_txt_half/NCT03924128_exc.txt wurde erfolgreich geladen.
Die Daten wurden erfolgreich in '/work/eauten2s/ec_criteria_struct/lct/evaluate/eval_p3/model_output/Llama-3-8B-Instruct-Gradient-1048k_5_shot/output/Llama-3-8B-Instruct-Gradient-1048k_NCT03924128_exc_5_shot.json' gespeichert.
File: NCT03924128_inc 

Das File: /work/eauten2s/ec_criteria_struct/lct/input/lct_txt_half/NCT03924128_inc.txt wurde erfolgreich geladen.
Die Daten wurden erfolgreich in '/work/eauten2s/ec_criteria_struct/lct/evaluate/eval_p3/model_output/Llama-3-8B-Instruct-Gradient-1048k_5_shot/output/Llama-3-8B-Instruct-Gradient-1048k_NCT03924128_inc_5_shot.json' gespeichert.
File: NCT03924141_exc 

Das File: /work/eauten2s/ec_criteria_struct/lct/input/lct_txt_half/NCT03924141_exc.txt wurde erfolgreich geladen.
Die Daten wurden erfolgreich in '/work/eauten2s/ec_criteria_struct/lct/evaluate/eval_p3/model_output/Llama-3-8B-Instruct-Gradient-1048k_5_shot/output/Llama-3-8B-Instruct-Gradient-1048k_NCT03924141_exc_5_shot.json' gespeichert.
File: NCT03924141_inc 

Das File: /work/eauten2s/ec_criteria_struct/lct/input/lct_txt_half/NCT03924141_inc.txt wurde erfolgreich geladen.
Die Daten wurden erfolgreich in '/work/eauten2s/ec_criteria_struct/lct/evaluate/eval_p3/model_output/Llama-3-8B-Instruct-Gradient-1048k_5_shot/output/Llama-3-8B-Instruct-Gradient-1048k_NCT03924141_inc_5_shot.json' gespeichert.
File: NCT03924167_exc 

Das File: /work/eauten2s/ec_criteria_struct/lct/input/lct_txt_half/NCT03924167_exc.txt wurde erfolgreich geladen.
Die Daten wurden erfolgreich in '/work/eauten2s/ec_criteria_struct/lct/evaluate/eval_p3/model_output/Llama-3-8B-Instruct-Gradient-1048k_5_shot/output/Llama-3-8B-Instruct-Gradient-1048k_NCT03924167_exc_5_shot.json' gespeichert.
File: NCT03924167_inc 

Das File: /work/eauten2s/ec_criteria_struct/lct/input/lct_txt_half/NCT03924167_inc.txt wurde erfolgreich geladen.
Die Daten wurden erfolgreich in '/work/eauten2s/ec_criteria_struct/lct/evaluate/eval_p3/model_output/Llama-3-8B-Instruct-Gradient-1048k_5_shot/output/Llama-3-8B-Instruct-Gradient-1048k_NCT03924167_inc_5_shot.json' gespeichert.
File: NCT03924180_exc 

Das File: /work/eauten2s/ec_criteria_struct/lct/input/lct_txt_half/NCT03924180_exc.txt wurde erfolgreich geladen.
Die Daten wurden erfolgreich in '/work/eauten2s/ec_criteria_struct/lct/evaluate/eval_p3/model_output/Llama-3-8B-Instruct-Gradient-1048k_5_shot/output/Llama-3-8B-Instruct-Gradient-1048k_NCT03924180_exc_5_shot.json' gespeichert.
File: NCT03924180_inc 

Das File: /work/eauten2s/ec_criteria_struct/lct/input/lct_txt_half/NCT03924180_inc.txt wurde erfolgreich geladen.
Die Daten wurden erfolgreich in '/work/eauten2s/ec_criteria_struct/lct/evaluate/eval_p3/model_output/Llama-3-8B-Instruct-Gradient-1048k_5_shot/output/Llama-3-8B-Instruct-Gradient-1048k_NCT03924180_inc_5_shot.json' gespeichert.
File: NCT03924206_exc 

Das File: /work/eauten2s/ec_criteria_struct/lct/input/lct_txt_half/NCT03924206_exc.txt wurde erfolgreich geladen.
Die Daten wurden erfolgreich in '/work/eauten2s/ec_criteria_struct/lct/evaluate/eval_p3/model_output/Llama-3-8B-Instruct-Gradient-1048k_5_shot/output/Llama-3-8B-Instruct-Gradient-1048k_NCT03924206_exc_5_shot.json' gespeichert.
File: NCT03924206_inc 

Das File: /work/eauten2s/ec_criteria_struct/lct/input/lct_txt_half/NCT03924206_inc.txt wurde erfolgreich geladen.
Die Daten wurden erfolgreich in '/work/eauten2s/ec_criteria_struct/lct/evaluate/eval_p3/model_output/Llama-3-8B-Instruct-Gradient-1048k_5_shot/output/Llama-3-8B-Instruct-Gradient-1048k_NCT03924206_inc_5_shot.json' gespeichert.
File: NCT03924232_exc 

Das File: /work/eauten2s/ec_criteria_struct/lct/input/lct_txt_half/NCT03924232_exc.txt wurde erfolgreich geladen.
Die Daten wurden erfolgreich in '/work/eauten2s/ec_criteria_struct/lct/evaluate/eval_p3/model_output/Llama-3-8B-Instruct-Gradient-1048k_5_shot/output/Llama-3-8B-Instruct-Gradient-1048k_NCT03924232_exc_5_shot.json' gespeichert.
File: NCT03924232_inc 

Das File: /work/eauten2s/ec_criteria_struct/lct/input/lct_txt_half/NCT03924232_inc.txt wurde erfolgreich geladen.
Die Daten wurden erfolgreich in '/work/eauten2s/ec_criteria_struct/lct/evaluate/eval_p3/model_output/Llama-3-8B-Instruct-Gradient-1048k_5_shot/output/Llama-3-8B-Instruct-Gradient-1048k_NCT03924232_inc_5_shot.json' gespeichert.
File: NCT03924284_exc 

Das File: /work/eauten2s/ec_criteria_struct/lct/input/lct_txt_half/NCT03924284_exc.txt wurde erfolgreich geladen.
Die Daten wurden erfolgreich in '/work/eauten2s/ec_criteria_struct/lct/evaluate/eval_p3/model_output/Llama-3-8B-Instruct-Gradient-1048k_5_shot/output/Llama-3-8B-Instruct-Gradient-1048k_NCT03924284_exc_5_shot.json' gespeichert.
File: NCT03924284_inc 

Das File: /work/eauten2s/ec_criteria_struct/lct/input/lct_txt_half/NCT03924284_inc.txt wurde erfolgreich geladen.
Die Daten wurden erfolgreich in '/work/eauten2s/ec_criteria_struct/lct/evaluate/eval_p3/model_output/Llama-3-8B-Instruct-Gradient-1048k_5_shot/output/Llama-3-8B-Instruct-Gradient-1048k_NCT03924284_inc_5_shot.json' gespeichert.
File: NCT03924297_inc 

Das File: /work/eauten2s/ec_criteria_struct/lct/input/lct_txt_half/NCT03924297_inc.txt wurde erfolgreich geladen.
Die Daten wurden erfolgreich in '/work/eauten2s/ec_criteria_struct/lct/evaluate/eval_p3/model_output/Llama-3-8B-Instruct-Gradient-1048k_5_shot/output/Llama-3-8B-Instruct-Gradient-1048k_NCT03924297_inc_5_shot.json' gespeichert.
File: NCT03924336_exc 

Das File: /work/eauten2s/ec_criteria_struct/lct/input/lct_txt_half/NCT03924336_exc.txt wurde erfolgreich geladen.
Die Daten wurden erfolgreich in '/work/eauten2s/ec_criteria_struct/lct/evaluate/eval_p3/model_output/Llama-3-8B-Instruct-Gradient-1048k_5_shot/output/Llama-3-8B-Instruct-Gradient-1048k_NCT03924336_exc_5_shot.json' gespeichert.
File: NCT03924336_inc 

Das File: /work/eauten2s/ec_criteria_struct/lct/input/lct_txt_half/NCT03924336_inc.txt wurde erfolgreich geladen.
Die Daten wurden erfolgreich in '/work/eauten2s/ec_criteria_struct/lct/evaluate/eval_p3/model_output/Llama-3-8B-Instruct-Gradient-1048k_5_shot/output/Llama-3-8B-Instruct-Gradient-1048k_NCT03924336_inc_5_shot.json' gespeichert.
File: NCT03924349_exc 

Das File: /work/eauten2s/ec_criteria_struct/lct/input/lct_txt_half/NCT03924349_exc.txt wurde erfolgreich geladen.
Die Daten wurden erfolgreich in '/work/eauten2s/ec_criteria_struct/lct/evaluate/eval_p3/model_output/Llama-3-8B-Instruct-Gradient-1048k_5_shot/output/Llama-3-8B-Instruct-Gradient-1048k_NCT03924349_exc_5_shot.json' gespeichert.
File: NCT03924349_inc 

Das File: /work/eauten2s/ec_criteria_struct/lct/input/lct_txt_half/NCT03924349_inc.txt wurde erfolgreich geladen.
Die Daten wurden erfolgreich in '/work/eauten2s/ec_criteria_struct/lct/evaluate/eval_p3/model_output/Llama-3-8B-Instruct-Gradient-1048k_5_shot/output/Llama-3-8B-Instruct-Gradient-1048k_NCT03924349_inc_5_shot.json' gespeichert.
File: NCT03924362_exc 

Das File: /work/eauten2s/ec_criteria_struct/lct/input/lct_txt_half/NCT03924362_exc.txt wurde erfolgreich geladen.
Die Daten wurden erfolgreich in '/work/eauten2s/ec_criteria_struct/lct/evaluate/eval_p3/model_output/Llama-3-8B-Instruct-Gradient-1048k_5_shot/output/Llama-3-8B-Instruct-Gradient-1048k_NCT03924362_exc_5_shot.json' gespeichert.
File: NCT03924362_inc 

Das File: /work/eauten2s/ec_criteria_struct/lct/input/lct_txt_half/NCT03924362_inc.txt wurde erfolgreich geladen.
Die Daten wurden erfolgreich in '/work/eauten2s/ec_criteria_struct/lct/evaluate/eval_p3/model_output/Llama-3-8B-Instruct-Gradient-1048k_5_shot/output/Llama-3-8B-Instruct-Gradient-1048k_NCT03924362_inc_5_shot.json' gespeichert.
File: NCT03924375_exc 

Das File: /work/eauten2s/ec_criteria_struct/lct/input/lct_txt_half/NCT03924375_exc.txt wurde erfolgreich geladen.
Die Daten wurden erfolgreich in '/work/eauten2s/ec_criteria_struct/lct/evaluate/eval_p3/model_output/Llama-3-8B-Instruct-Gradient-1048k_5_shot/output/Llama-3-8B-Instruct-Gradient-1048k_NCT03924375_exc_5_shot.json' gespeichert.
File: NCT03924375_inc 

Das File: /work/eauten2s/ec_criteria_struct/lct/input/lct_txt_half/NCT03924375_inc.txt wurde erfolgreich geladen.
Die Daten wurden erfolgreich in '/work/eauten2s/ec_criteria_struct/lct/evaluate/eval_p3/model_output/Llama-3-8B-Instruct-Gradient-1048k_5_shot/output/Llama-3-8B-Instruct-Gradient-1048k_NCT03924375_inc_5_shot.json' gespeichert.
File: NCT03924414_exc 

Das File: /work/eauten2s/ec_criteria_struct/lct/input/lct_txt_half/NCT03924414_exc.txt wurde erfolgreich geladen.
Die Daten wurden erfolgreich in '/work/eauten2s/ec_criteria_struct/lct/evaluate/eval_p3/model_output/Llama-3-8B-Instruct-Gradient-1048k_5_shot/output/Llama-3-8B-Instruct-Gradient-1048k_NCT03924414_exc_5_shot.json' gespeichert.
File: NCT03924414_inc 

Das File: /work/eauten2s/ec_criteria_struct/lct/input/lct_txt_half/NCT03924414_inc.txt wurde erfolgreich geladen.
Die Daten wurden erfolgreich in '/work/eauten2s/ec_criteria_struct/lct/evaluate/eval_p3/model_output/Llama-3-8B-Instruct-Gradient-1048k_5_shot/output/Llama-3-8B-Instruct-Gradient-1048k_NCT03924414_inc_5_shot.json' gespeichert.
File: NCT03924427_exc 

Das File: /work/eauten2s/ec_criteria_struct/lct/input/lct_txt_half/NCT03924427_exc.txt wurde erfolgreich geladen.
Die Daten wurden erfolgreich in '/work/eauten2s/ec_criteria_struct/lct/evaluate/eval_p3/model_output/Llama-3-8B-Instruct-Gradient-1048k_5_shot/output/Llama-3-8B-Instruct-Gradient-1048k_NCT03924427_exc_5_shot.json' gespeichert.
File: NCT03924440_exc 

Das File: /work/eauten2s/ec_criteria_struct/lct/input/lct_txt_half/NCT03924440_exc.txt wurde erfolgreich geladen.
Die Daten wurden erfolgreich in '/work/eauten2s/ec_criteria_struct/lct/evaluate/eval_p3/model_output/Llama-3-8B-Instruct-Gradient-1048k_5_shot/output/Llama-3-8B-Instruct-Gradient-1048k_NCT03924440_exc_5_shot.json' gespeichert.
File: NCT03924440_inc 

Das File: /work/eauten2s/ec_criteria_struct/lct/input/lct_txt_half/NCT03924440_inc.txt wurde erfolgreich geladen.
Die Daten wurden erfolgreich in '/work/eauten2s/ec_criteria_struct/lct/evaluate/eval_p3/model_output/Llama-3-8B-Instruct-Gradient-1048k_5_shot/output/Llama-3-8B-Instruct-Gradient-1048k_NCT03924440_inc_5_shot.json' gespeichert.
File: NCT03924453_exc 

Das File: /work/eauten2s/ec_criteria_struct/lct/input/lct_txt_half/NCT03924453_exc.txt wurde erfolgreich geladen.
Die Daten wurden erfolgreich in '/work/eauten2s/ec_criteria_struct/lct/evaluate/eval_p3/model_output/Llama-3-8B-Instruct-Gradient-1048k_5_shot/output/Llama-3-8B-Instruct-Gradient-1048k_NCT03924453_exc_5_shot.json' gespeichert.
File: NCT03924453_inc 

Das File: /work/eauten2s/ec_criteria_struct/lct/input/lct_txt_half/NCT03924453_inc.txt wurde erfolgreich geladen.
Die Daten wurden erfolgreich in '/work/eauten2s/ec_criteria_struct/lct/evaluate/eval_p3/model_output/Llama-3-8B-Instruct-Gradient-1048k_5_shot/output/Llama-3-8B-Instruct-Gradient-1048k_NCT03924453_inc_5_shot.json' gespeichert.
File: NCT03924466_exc 

Das File: /work/eauten2s/ec_criteria_struct/lct/input/lct_txt_half/NCT03924466_exc.txt wurde erfolgreich geladen.
Die Daten wurden erfolgreich in '/work/eauten2s/ec_criteria_struct/lct/evaluate/eval_p3/model_output/Llama-3-8B-Instruct-Gradient-1048k_5_shot/output/Llama-3-8B-Instruct-Gradient-1048k_NCT03924466_exc_5_shot.json' gespeichert.
File: NCT03924466_inc 

Das File: /work/eauten2s/ec_criteria_struct/lct/input/lct_txt_half/NCT03924466_inc.txt wurde erfolgreich geladen.
Die Daten wurden erfolgreich in '/work/eauten2s/ec_criteria_struct/lct/evaluate/eval_p3/model_output/Llama-3-8B-Instruct-Gradient-1048k_5_shot/output/Llama-3-8B-Instruct-Gradient-1048k_NCT03924466_inc_5_shot.json' gespeichert.
File: NCT03924479_exc 

Das File: /work/eauten2s/ec_criteria_struct/lct/input/lct_txt_half/NCT03924479_exc.txt wurde erfolgreich geladen.
Die Daten wurden erfolgreich in '/work/eauten2s/ec_criteria_struct/lct/evaluate/eval_p3/model_output/Llama-3-8B-Instruct-Gradient-1048k_5_shot/output/Llama-3-8B-Instruct-Gradient-1048k_NCT03924479_exc_5_shot.json' gespeichert.
File: NCT03924479_inc 

Das File: /work/eauten2s/ec_criteria_struct/lct/input/lct_txt_half/NCT03924479_inc.txt wurde erfolgreich geladen.
Die Daten wurden erfolgreich in '/work/eauten2s/ec_criteria_struct/lct/evaluate/eval_p3/model_output/Llama-3-8B-Instruct-Gradient-1048k_5_shot/output/Llama-3-8B-Instruct-Gradient-1048k_NCT03924479_inc_5_shot.json' gespeichert.
File: NCT03924492_exc 

Das File: /work/eauten2s/ec_criteria_struct/lct/input/lct_txt_half/NCT03924492_exc.txt wurde erfolgreich geladen.
Die Daten wurden erfolgreich in '/work/eauten2s/ec_criteria_struct/lct/evaluate/eval_p3/model_output/Llama-3-8B-Instruct-Gradient-1048k_5_shot/output/Llama-3-8B-Instruct-Gradient-1048k_NCT03924492_exc_5_shot.json' gespeichert.
File: NCT03924492_inc 

Das File: /work/eauten2s/ec_criteria_struct/lct/input/lct_txt_half/NCT03924492_inc.txt wurde erfolgreich geladen.
Die Daten wurden erfolgreich in '/work/eauten2s/ec_criteria_struct/lct/evaluate/eval_p3/model_output/Llama-3-8B-Instruct-Gradient-1048k_5_shot/output/Llama-3-8B-Instruct-Gradient-1048k_NCT03924492_inc_5_shot.json' gespeichert.
File: NCT03924505_exc 

Das File: /work/eauten2s/ec_criteria_struct/lct/input/lct_txt_half/NCT03924505_exc.txt wurde erfolgreich geladen.
Die Daten wurden erfolgreich in '/work/eauten2s/ec_criteria_struct/lct/evaluate/eval_p3/model_output/Llama-3-8B-Instruct-Gradient-1048k_5_shot/output/Llama-3-8B-Instruct-Gradient-1048k_NCT03924505_exc_5_shot.json' gespeichert.
File: NCT03924505_inc 

Das File: /work/eauten2s/ec_criteria_struct/lct/input/lct_txt_half/NCT03924505_inc.txt wurde erfolgreich geladen.
Die Daten wurden erfolgreich in '/work/eauten2s/ec_criteria_struct/lct/evaluate/eval_p3/model_output/Llama-3-8B-Instruct-Gradient-1048k_5_shot/output/Llama-3-8B-Instruct-Gradient-1048k_NCT03924505_inc_5_shot.json' gespeichert.
File: NCT03924518_exc 

Das File: /work/eauten2s/ec_criteria_struct/lct/input/lct_txt_half/NCT03924518_exc.txt wurde erfolgreich geladen.
Die Daten wurden erfolgreich in '/work/eauten2s/ec_criteria_struct/lct/evaluate/eval_p3/model_output/Llama-3-8B-Instruct-Gradient-1048k_5_shot/output/Llama-3-8B-Instruct-Gradient-1048k_NCT03924518_exc_5_shot.json' gespeichert.
File: NCT03924518_inc 

Das File: /work/eauten2s/ec_criteria_struct/lct/input/lct_txt_half/NCT03924518_inc.txt wurde erfolgreich geladen.
Die Daten wurden erfolgreich in '/work/eauten2s/ec_criteria_struct/lct/evaluate/eval_p3/model_output/Llama-3-8B-Instruct-Gradient-1048k_5_shot/output/Llama-3-8B-Instruct-Gradient-1048k_NCT03924518_inc_5_shot.json' gespeichert.
File: NCT03924531_exc 

Das File: /work/eauten2s/ec_criteria_struct/lct/input/lct_txt_half/NCT03924531_exc.txt wurde erfolgreich geladen.
Die Daten wurden erfolgreich in '/work/eauten2s/ec_criteria_struct/lct/evaluate/eval_p3/model_output/Llama-3-8B-Instruct-Gradient-1048k_5_shot/output/Llama-3-8B-Instruct-Gradient-1048k_NCT03924531_exc_5_shot.json' gespeichert.
File: NCT03924531_inc 

Das File: /work/eauten2s/ec_criteria_struct/lct/input/lct_txt_half/NCT03924531_inc.txt wurde erfolgreich geladen.
Die Daten wurden erfolgreich in '/work/eauten2s/ec_criteria_struct/lct/evaluate/eval_p3/model_output/Llama-3-8B-Instruct-Gradient-1048k_5_shot/output/Llama-3-8B-Instruct-Gradient-1048k_NCT03924531_inc_5_shot.json' gespeichert.
File: NCT03924544_exc 

Das File: /work/eauten2s/ec_criteria_struct/lct/input/lct_txt_half/NCT03924544_exc.txt wurde erfolgreich geladen.
Die Daten wurden erfolgreich in '/work/eauten2s/ec_criteria_struct/lct/evaluate/eval_p3/model_output/Llama-3-8B-Instruct-Gradient-1048k_5_shot/output/Llama-3-8B-Instruct-Gradient-1048k_NCT03924544_exc_5_shot.json' gespeichert.
File: NCT03924544_inc 

Das File: /work/eauten2s/ec_criteria_struct/lct/input/lct_txt_half/NCT03924544_inc.txt wurde erfolgreich geladen.
Die Daten wurden erfolgreich in '/work/eauten2s/ec_criteria_struct/lct/evaluate/eval_p3/model_output/Llama-3-8B-Instruct-Gradient-1048k_5_shot/output/Llama-3-8B-Instruct-Gradient-1048k_NCT03924544_inc_5_shot.json' gespeichert.
File: NCT03924557_exc 

Das File: /work/eauten2s/ec_criteria_struct/lct/input/lct_txt_half/NCT03924557_exc.txt wurde erfolgreich geladen.
Die Daten wurden erfolgreich in '/work/eauten2s/ec_criteria_struct/lct/evaluate/eval_p3/model_output/Llama-3-8B-Instruct-Gradient-1048k_5_shot/output/Llama-3-8B-Instruct-Gradient-1048k_NCT03924557_exc_5_shot.json' gespeichert.
File: NCT03924557_inc 

Das File: /work/eauten2s/ec_criteria_struct/lct/input/lct_txt_half/NCT03924557_inc.txt wurde erfolgreich geladen.
Die Daten wurden erfolgreich in '/work/eauten2s/ec_criteria_struct/lct/evaluate/eval_p3/model_output/Llama-3-8B-Instruct-Gradient-1048k_5_shot/output/Llama-3-8B-Instruct-Gradient-1048k_NCT03924557_inc_5_shot.json' gespeichert.
File: NCT03924583_exc 

Das File: /work/eauten2s/ec_criteria_struct/lct/input/lct_txt_half/NCT03924583_exc.txt wurde erfolgreich geladen.
Die Daten wurden erfolgreich in '/work/eauten2s/ec_criteria_struct/lct/evaluate/eval_p3/model_output/Llama-3-8B-Instruct-Gradient-1048k_5_shot/output/Llama-3-8B-Instruct-Gradient-1048k_NCT03924583_exc_5_shot.json' gespeichert.
File: NCT03924583_inc 

Das File: /work/eauten2s/ec_criteria_struct/lct/input/lct_txt_half/NCT03924583_inc.txt wurde erfolgreich geladen.
Die Daten wurden erfolgreich in '/work/eauten2s/ec_criteria_struct/lct/evaluate/eval_p3/model_output/Llama-3-8B-Instruct-Gradient-1048k_5_shot/output/Llama-3-8B-Instruct-Gradient-1048k_NCT03924583_inc_5_shot.json' gespeichert.
File: NCT03924596_exc 

Das File: /work/eauten2s/ec_criteria_struct/lct/input/lct_txt_half/NCT03924596_exc.txt wurde erfolgreich geladen.
Die Daten wurden erfolgreich in '/work/eauten2s/ec_criteria_struct/lct/evaluate/eval_p3/model_output/Llama-3-8B-Instruct-Gradient-1048k_5_shot/output/Llama-3-8B-Instruct-Gradient-1048k_NCT03924596_exc_5_shot.json' gespeichert.
File: NCT03924596_inc 

Das File: /work/eauten2s/ec_criteria_struct/lct/input/lct_txt_half/NCT03924596_inc.txt wurde erfolgreich geladen.
Die Daten wurden erfolgreich in '/work/eauten2s/ec_criteria_struct/lct/evaluate/eval_p3/model_output/Llama-3-8B-Instruct-Gradient-1048k_5_shot/output/Llama-3-8B-Instruct-Gradient-1048k_NCT03924596_inc_5_shot.json' gespeichert.
File: NCT03924609_inc 

Das File: /work/eauten2s/ec_criteria_struct/lct/input/lct_txt_half/NCT03924609_inc.txt wurde erfolgreich geladen.
Die Daten wurden erfolgreich in '/work/eauten2s/ec_criteria_struct/lct/evaluate/eval_p3/model_output/Llama-3-8B-Instruct-Gradient-1048k_5_shot/output/Llama-3-8B-Instruct-Gradient-1048k_NCT03924609_inc_5_shot.json' gespeichert.
File: NCT03924622_exc 

Das File: /work/eauten2s/ec_criteria_struct/lct/input/lct_txt_half/NCT03924622_exc.txt wurde erfolgreich geladen.
Die Daten wurden erfolgreich in '/work/eauten2s/ec_criteria_struct/lct/evaluate/eval_p3/model_output/Llama-3-8B-Instruct-Gradient-1048k_5_shot/output/Llama-3-8B-Instruct-Gradient-1048k_NCT03924622_exc_5_shot.json' gespeichert.
File: NCT03924622_inc 

Das File: /work/eauten2s/ec_criteria_struct/lct/input/lct_txt_half/NCT03924622_inc.txt wurde erfolgreich geladen.
Die Daten wurden erfolgreich in '/work/eauten2s/ec_criteria_struct/lct/evaluate/eval_p3/model_output/Llama-3-8B-Instruct-Gradient-1048k_5_shot/output/Llama-3-8B-Instruct-Gradient-1048k_NCT03924622_inc_5_shot.json' gespeichert.
File: NCT03924687_exc 

Das File: /work/eauten2s/ec_criteria_struct/lct/input/lct_txt_half/NCT03924687_exc.txt wurde erfolgreich geladen.
Die Daten wurden erfolgreich in '/work/eauten2s/ec_criteria_struct/lct/evaluate/eval_p3/model_output/Llama-3-8B-Instruct-Gradient-1048k_5_shot/output/Llama-3-8B-Instruct-Gradient-1048k_NCT03924687_exc_5_shot.json' gespeichert.
File: NCT03924687_inc 

Das File: /work/eauten2s/ec_criteria_struct/lct/input/lct_txt_half/NCT03924687_inc.txt wurde erfolgreich geladen.
Die Daten wurden erfolgreich in '/work/eauten2s/ec_criteria_struct/lct/evaluate/eval_p3/model_output/Llama-3-8B-Instruct-Gradient-1048k_5_shot/output/Llama-3-8B-Instruct-Gradient-1048k_NCT03924687_inc_5_shot.json' gespeichert.
File: NCT03924713_exc 

Das File: /work/eauten2s/ec_criteria_struct/lct/input/lct_txt_half/NCT03924713_exc.txt wurde erfolgreich geladen.
Die Daten wurden erfolgreich in '/work/eauten2s/ec_criteria_struct/lct/evaluate/eval_p3/model_output/Llama-3-8B-Instruct-Gradient-1048k_5_shot/output/Llama-3-8B-Instruct-Gradient-1048k_NCT03924713_exc_5_shot.json' gespeichert.
File: NCT03924713_inc 

Das File: /work/eauten2s/ec_criteria_struct/lct/input/lct_txt_half/NCT03924713_inc.txt wurde erfolgreich geladen.
Die Daten wurden erfolgreich in '/work/eauten2s/ec_criteria_struct/lct/evaluate/eval_p3/model_output/Llama-3-8B-Instruct-Gradient-1048k_5_shot/output/Llama-3-8B-Instruct-Gradient-1048k_NCT03924713_inc_5_shot.json' gespeichert.
File: NCT03924726_exc 

Das File: /work/eauten2s/ec_criteria_struct/lct/input/lct_txt_half/NCT03924726_exc.txt wurde erfolgreich geladen.
Die Daten wurden erfolgreich in '/work/eauten2s/ec_criteria_struct/lct/evaluate/eval_p3/model_output/Llama-3-8B-Instruct-Gradient-1048k_5_shot/output/Llama-3-8B-Instruct-Gradient-1048k_NCT03924726_exc_5_shot.json' gespeichert.
File: NCT03924726_inc 

Das File: /work/eauten2s/ec_criteria_struct/lct/input/lct_txt_half/NCT03924726_inc.txt wurde erfolgreich geladen.
Die Daten wurden erfolgreich in '/work/eauten2s/ec_criteria_struct/lct/evaluate/eval_p3/model_output/Llama-3-8B-Instruct-Gradient-1048k_5_shot/output/Llama-3-8B-Instruct-Gradient-1048k_NCT03924726_inc_5_shot.json' gespeichert.
File: NCT03924752_exc 

Das File: /work/eauten2s/ec_criteria_struct/lct/input/lct_txt_half/NCT03924752_exc.txt wurde erfolgreich geladen.
Die Daten wurden erfolgreich in '/work/eauten2s/ec_criteria_struct/lct/evaluate/eval_p3/model_output/Llama-3-8B-Instruct-Gradient-1048k_5_shot/output/Llama-3-8B-Instruct-Gradient-1048k_NCT03924752_exc_5_shot.json' gespeichert.
File: NCT03924752_inc 

Das File: /work/eauten2s/ec_criteria_struct/lct/input/lct_txt_half/NCT03924752_inc.txt wurde erfolgreich geladen.
Die Daten wurden erfolgreich in '/work/eauten2s/ec_criteria_struct/lct/evaluate/eval_p3/model_output/Llama-3-8B-Instruct-Gradient-1048k_5_shot/output/Llama-3-8B-Instruct-Gradient-1048k_NCT03924752_inc_5_shot.json' gespeichert.
File: NCT03924778_exc 

Das File: /work/eauten2s/ec_criteria_struct/lct/input/lct_txt_half/NCT03924778_exc.txt wurde erfolgreich geladen.
Die Daten wurden erfolgreich in '/work/eauten2s/ec_criteria_struct/lct/evaluate/eval_p3/model_output/Llama-3-8B-Instruct-Gradient-1048k_5_shot/output/Llama-3-8B-Instruct-Gradient-1048k_NCT03924778_exc_5_shot.json' gespeichert.
File: NCT03924778_inc 

Das File: /work/eauten2s/ec_criteria_struct/lct/input/lct_txt_half/NCT03924778_inc.txt wurde erfolgreich geladen.
Die Daten wurden erfolgreich in '/work/eauten2s/ec_criteria_struct/lct/evaluate/eval_p3/model_output/Llama-3-8B-Instruct-Gradient-1048k_5_shot/output/Llama-3-8B-Instruct-Gradient-1048k_NCT03924778_inc_5_shot.json' gespeichert.
File: NCT03924791_exc 

Das File: /work/eauten2s/ec_criteria_struct/lct/input/lct_txt_half/NCT03924791_exc.txt wurde erfolgreich geladen.
Die Daten wurden erfolgreich in '/work/eauten2s/ec_criteria_struct/lct/evaluate/eval_p3/model_output/Llama-3-8B-Instruct-Gradient-1048k_5_shot/output/Llama-3-8B-Instruct-Gradient-1048k_NCT03924791_exc_5_shot.json' gespeichert.
File: NCT03924791_inc 

Das File: /work/eauten2s/ec_criteria_struct/lct/input/lct_txt_half/NCT03924791_inc.txt wurde erfolgreich geladen.
Die Daten wurden erfolgreich in '/work/eauten2s/ec_criteria_struct/lct/evaluate/eval_p3/model_output/Llama-3-8B-Instruct-Gradient-1048k_5_shot/output/Llama-3-8B-Instruct-Gradient-1048k_NCT03924791_inc_5_shot.json' gespeichert.
File: NCT03924804_exc 

Das File: /work/eauten2s/ec_criteria_struct/lct/input/lct_txt_half/NCT03924804_exc.txt wurde erfolgreich geladen.
Die Daten wurden erfolgreich in '/work/eauten2s/ec_criteria_struct/lct/evaluate/eval_p3/model_output/Llama-3-8B-Instruct-Gradient-1048k_5_shot/output/Llama-3-8B-Instruct-Gradient-1048k_NCT03924804_exc_5_shot.json' gespeichert.
File: NCT03924804_inc 

Das File: /work/eauten2s/ec_criteria_struct/lct/input/lct_txt_half/NCT03924804_inc.txt wurde erfolgreich geladen.
Die Daten wurden erfolgreich in '/work/eauten2s/ec_criteria_struct/lct/evaluate/eval_p3/model_output/Llama-3-8B-Instruct-Gradient-1048k_5_shot/output/Llama-3-8B-Instruct-Gradient-1048k_NCT03924804_inc_5_shot.json' gespeichert.
File: NCT03924817_exc 

Das File: /work/eauten2s/ec_criteria_struct/lct/input/lct_txt_half/NCT03924817_exc.txt wurde erfolgreich geladen.
Die Daten wurden erfolgreich in '/work/eauten2s/ec_criteria_struct/lct/evaluate/eval_p3/model_output/Llama-3-8B-Instruct-Gradient-1048k_5_shot/output/Llama-3-8B-Instruct-Gradient-1048k_NCT03924817_exc_5_shot.json' gespeichert.
File: NCT03924817_inc 

Das File: /work/eauten2s/ec_criteria_struct/lct/input/lct_txt_half/NCT03924817_inc.txt wurde erfolgreich geladen.
Die Daten wurden erfolgreich in '/work/eauten2s/ec_criteria_struct/lct/evaluate/eval_p3/model_output/Llama-3-8B-Instruct-Gradient-1048k_5_shot/output/Llama-3-8B-Instruct-Gradient-1048k_NCT03924817_inc_5_shot.json' gespeichert.
File: NCT03924830_exc 

Das File: /work/eauten2s/ec_criteria_struct/lct/input/lct_txt_half/NCT03924830_exc.txt wurde erfolgreich geladen.
Die Daten wurden erfolgreich in '/work/eauten2s/ec_criteria_struct/lct/evaluate/eval_p3/model_output/Llama-3-8B-Instruct-Gradient-1048k_5_shot/output/Llama-3-8B-Instruct-Gradient-1048k_NCT03924830_exc_5_shot.json' gespeichert.
File: NCT03924830_inc 

Das File: /work/eauten2s/ec_criteria_struct/lct/input/lct_txt_half/NCT03924830_inc.txt wurde erfolgreich geladen.
Die Daten wurden erfolgreich in '/work/eauten2s/ec_criteria_struct/lct/evaluate/eval_p3/model_output/Llama-3-8B-Instruct-Gradient-1048k_5_shot/output/Llama-3-8B-Instruct-Gradient-1048k_NCT03924830_inc_5_shot.json' gespeichert.
File: NCT03924843_exc 

Das File: /work/eauten2s/ec_criteria_struct/lct/input/lct_txt_half/NCT03924843_exc.txt wurde erfolgreich geladen.
Die Daten wurden erfolgreich in '/work/eauten2s/ec_criteria_struct/lct/evaluate/eval_p3/model_output/Llama-3-8B-Instruct-Gradient-1048k_5_shot/output/Llama-3-8B-Instruct-Gradient-1048k_NCT03924843_exc_5_shot.json' gespeichert.
File: NCT03924843_inc 

Das File: /work/eauten2s/ec_criteria_struct/lct/input/lct_txt_half/NCT03924843_inc.txt wurde erfolgreich geladen.
Die Daten wurden erfolgreich in '/work/eauten2s/ec_criteria_struct/lct/evaluate/eval_p3/model_output/Llama-3-8B-Instruct-Gradient-1048k_5_shot/output/Llama-3-8B-Instruct-Gradient-1048k_NCT03924843_inc_5_shot.json' gespeichert.
File: NCT03924882_exc 

Das File: /work/eauten2s/ec_criteria_struct/lct/input/lct_txt_half/NCT03924882_exc.txt wurde erfolgreich geladen.
Die Daten wurden erfolgreich in '/work/eauten2s/ec_criteria_struct/lct/evaluate/eval_p3/model_output/Llama-3-8B-Instruct-Gradient-1048k_5_shot/output/Llama-3-8B-Instruct-Gradient-1048k_NCT03924882_exc_5_shot.json' gespeichert.
File: NCT03924882_inc 

Das File: /work/eauten2s/ec_criteria_struct/lct/input/lct_txt_half/NCT03924882_inc.txt wurde erfolgreich geladen.
Die Daten wurden erfolgreich in '/work/eauten2s/ec_criteria_struct/lct/evaluate/eval_p3/model_output/Llama-3-8B-Instruct-Gradient-1048k_5_shot/output/Llama-3-8B-Instruct-Gradient-1048k_NCT03924882_inc_5_shot.json' gespeichert.
File: NCT03924908_exc 

Das File: /work/eauten2s/ec_criteria_struct/lct/input/lct_txt_half/NCT03924908_exc.txt wurde erfolgreich geladen.
Die Daten wurden erfolgreich in '/work/eauten2s/ec_criteria_struct/lct/evaluate/eval_p3/model_output/Llama-3-8B-Instruct-Gradient-1048k_5_shot/output/Llama-3-8B-Instruct-Gradient-1048k_NCT03924908_exc_5_shot.json' gespeichert.
File: NCT03924908_inc 

Das File: /work/eauten2s/ec_criteria_struct/lct/input/lct_txt_half/NCT03924908_inc.txt wurde erfolgreich geladen.
Die Daten wurden erfolgreich in '/work/eauten2s/ec_criteria_struct/lct/evaluate/eval_p3/model_output/Llama-3-8B-Instruct-Gradient-1048k_5_shot/output/Llama-3-8B-Instruct-Gradient-1048k_NCT03924908_inc_5_shot.json' gespeichert.
File: NCT03924921_exc 

Das File: /work/eauten2s/ec_criteria_struct/lct/input/lct_txt_half/NCT03924921_exc.txt wurde erfolgreich geladen.
Die Daten wurden erfolgreich in '/work/eauten2s/ec_criteria_struct/lct/evaluate/eval_p3/model_output/Llama-3-8B-Instruct-Gradient-1048k_5_shot/output/Llama-3-8B-Instruct-Gradient-1048k_NCT03924921_exc_5_shot.json' gespeichert.
File: NCT03924921_inc 

Das File: /work/eauten2s/ec_criteria_struct/lct/input/lct_txt_half/NCT03924921_inc.txt wurde erfolgreich geladen.
Die Daten wurden erfolgreich in '/work/eauten2s/ec_criteria_struct/lct/evaluate/eval_p3/model_output/Llama-3-8B-Instruct-Gradient-1048k_5_shot/output/Llama-3-8B-Instruct-Gradient-1048k_NCT03924921_inc_5_shot.json' gespeichert.
File: NCT03924934_exc 

Das File: /work/eauten2s/ec_criteria_struct/lct/input/lct_txt_half/NCT03924934_exc.txt wurde erfolgreich geladen.
Die Daten wurden erfolgreich in '/work/eauten2s/ec_criteria_struct/lct/evaluate/eval_p3/model_output/Llama-3-8B-Instruct-Gradient-1048k_5_shot/output/Llama-3-8B-Instruct-Gradient-1048k_NCT03924934_exc_5_shot.json' gespeichert.
File: NCT03924934_inc 

Das File: /work/eauten2s/ec_criteria_struct/lct/input/lct_txt_half/NCT03924934_inc.txt wurde erfolgreich geladen.
Die Daten wurden erfolgreich in '/work/eauten2s/ec_criteria_struct/lct/evaluate/eval_p3/model_output/Llama-3-8B-Instruct-Gradient-1048k_5_shot/output/Llama-3-8B-Instruct-Gradient-1048k_NCT03924934_inc_5_shot.json' gespeichert.
File: NCT03924960_exc 

Das File: /work/eauten2s/ec_criteria_struct/lct/input/lct_txt_half/NCT03924960_exc.txt wurde erfolgreich geladen.
Die Daten wurden erfolgreich in '/work/eauten2s/ec_criteria_struct/lct/evaluate/eval_p3/model_output/Llama-3-8B-Instruct-Gradient-1048k_5_shot/output/Llama-3-8B-Instruct-Gradient-1048k_NCT03924960_exc_5_shot.json' gespeichert.
File: NCT03924960_inc 

Das File: /work/eauten2s/ec_criteria_struct/lct/input/lct_txt_half/NCT03924960_inc.txt wurde erfolgreich geladen.
Die Daten wurden erfolgreich in '/work/eauten2s/ec_criteria_struct/lct/evaluate/eval_p3/model_output/Llama-3-8B-Instruct-Gradient-1048k_5_shot/output/Llama-3-8B-Instruct-Gradient-1048k_NCT03924960_inc_5_shot.json' gespeichert.
File: NCT03924973_exc 

Das File: /work/eauten2s/ec_criteria_struct/lct/input/lct_txt_half/NCT03924973_exc.txt wurde erfolgreich geladen.
Die Daten wurden erfolgreich in '/work/eauten2s/ec_criteria_struct/lct/evaluate/eval_p3/model_output/Llama-3-8B-Instruct-Gradient-1048k_5_shot/output/Llama-3-8B-Instruct-Gradient-1048k_NCT03924973_exc_5_shot.json' gespeichert.
File: NCT03924973_inc 

Das File: /work/eauten2s/ec_criteria_struct/lct/input/lct_txt_half/NCT03924973_inc.txt wurde erfolgreich geladen.
Die Daten wurden erfolgreich in '/work/eauten2s/ec_criteria_struct/lct/evaluate/eval_p3/model_output/Llama-3-8B-Instruct-Gradient-1048k_5_shot/output/Llama-3-8B-Instruct-Gradient-1048k_NCT03924973_inc_5_shot.json' gespeichert.
File: NCT03924999_exc 

Das File: /work/eauten2s/ec_criteria_struct/lct/input/lct_txt_half/NCT03924999_exc.txt wurde erfolgreich geladen.
Die Daten wurden erfolgreich in '/work/eauten2s/ec_criteria_struct/lct/evaluate/eval_p3/model_output/Llama-3-8B-Instruct-Gradient-1048k_5_shot/output/Llama-3-8B-Instruct-Gradient-1048k_NCT03924999_exc_5_shot.json' gespeichert.
File: NCT03924999_inc 

Das File: /work/eauten2s/ec_criteria_struct/lct/input/lct_txt_half/NCT03924999_inc.txt wurde erfolgreich geladen.
Die Daten wurden erfolgreich in '/work/eauten2s/ec_criteria_struct/lct/evaluate/eval_p3/model_output/Llama-3-8B-Instruct-Gradient-1048k_5_shot/output/Llama-3-8B-Instruct-Gradient-1048k_NCT03924999_inc_5_shot.json' gespeichert.
File: NCT03925038_exc 

Das File: /work/eauten2s/ec_criteria_struct/lct/input/lct_txt_half/NCT03925038_exc.txt wurde erfolgreich geladen.
Die Daten wurden erfolgreich in '/work/eauten2s/ec_criteria_struct/lct/evaluate/eval_p3/model_output/Llama-3-8B-Instruct-Gradient-1048k_5_shot/output/Llama-3-8B-Instruct-Gradient-1048k_NCT03925038_exc_5_shot.json' gespeichert.
File: NCT03925038_inc 

Das File: /work/eauten2s/ec_criteria_struct/lct/input/lct_txt_half/NCT03925038_inc.txt wurde erfolgreich geladen.
Die Daten wurden erfolgreich in '/work/eauten2s/ec_criteria_struct/lct/evaluate/eval_p3/model_output/Llama-3-8B-Instruct-Gradient-1048k_5_shot/output/Llama-3-8B-Instruct-Gradient-1048k_NCT03925038_inc_5_shot.json' gespeichert.
File: NCT03925064_exc 

Das File: /work/eauten2s/ec_criteria_struct/lct/input/lct_txt_half/NCT03925064_exc.txt wurde erfolgreich geladen.
Die Daten wurden erfolgreich in '/work/eauten2s/ec_criteria_struct/lct/evaluate/eval_p3/model_output/Llama-3-8B-Instruct-Gradient-1048k_5_shot/output/Llama-3-8B-Instruct-Gradient-1048k_NCT03925064_exc_5_shot.json' gespeichert.
File: NCT03925064_inc 

Das File: /work/eauten2s/ec_criteria_struct/lct/input/lct_txt_half/NCT03925064_inc.txt wurde erfolgreich geladen.
Die Daten wurden erfolgreich in '/work/eauten2s/ec_criteria_struct/lct/evaluate/eval_p3/model_output/Llama-3-8B-Instruct-Gradient-1048k_5_shot/output/Llama-3-8B-Instruct-Gradient-1048k_NCT03925064_inc_5_shot.json' gespeichert.
File: NCT03925077_exc 

Das File: /work/eauten2s/ec_criteria_struct/lct/input/lct_txt_half/NCT03925077_exc.txt wurde erfolgreich geladen.
Die Daten wurden erfolgreich in '/work/eauten2s/ec_criteria_struct/lct/evaluate/eval_p3/model_output/Llama-3-8B-Instruct-Gradient-1048k_5_shot/output/Llama-3-8B-Instruct-Gradient-1048k_NCT03925077_exc_5_shot.json' gespeichert.
File: NCT03925077_inc 

Das File: /work/eauten2s/ec_criteria_struct/lct/input/lct_txt_half/NCT03925077_inc.txt wurde erfolgreich geladen.
Die Daten wurden erfolgreich in '/work/eauten2s/ec_criteria_struct/lct/evaluate/eval_p3/model_output/Llama-3-8B-Instruct-Gradient-1048k_5_shot/output/Llama-3-8B-Instruct-Gradient-1048k_NCT03925077_inc_5_shot.json' gespeichert.
File: NCT03925103_exc 

Das File: /work/eauten2s/ec_criteria_struct/lct/input/lct_txt_half/NCT03925103_exc.txt wurde erfolgreich geladen.
Die Daten wurden erfolgreich in '/work/eauten2s/ec_criteria_struct/lct/evaluate/eval_p3/model_output/Llama-3-8B-Instruct-Gradient-1048k_5_shot/output/Llama-3-8B-Instruct-Gradient-1048k_NCT03925103_exc_5_shot.json' gespeichert.
File: NCT03925103_inc 

Das File: /work/eauten2s/ec_criteria_struct/lct/input/lct_txt_half/NCT03925103_inc.txt wurde erfolgreich geladen.
Die Daten wurden erfolgreich in '/work/eauten2s/ec_criteria_struct/lct/evaluate/eval_p3/model_output/Llama-3-8B-Instruct-Gradient-1048k_5_shot/output/Llama-3-8B-Instruct-Gradient-1048k_NCT03925103_inc_5_shot.json' gespeichert.
File: NCT03925116_exc 

Das File: /work/eauten2s/ec_criteria_struct/lct/input/lct_txt_half/NCT03925116_exc.txt wurde erfolgreich geladen.
Die Daten wurden erfolgreich in '/work/eauten2s/ec_criteria_struct/lct/evaluate/eval_p3/model_output/Llama-3-8B-Instruct-Gradient-1048k_5_shot/output/Llama-3-8B-Instruct-Gradient-1048k_NCT03925116_exc_5_shot.json' gespeichert.
File: NCT03925116_inc 

Das File: /work/eauten2s/ec_criteria_struct/lct/input/lct_txt_half/NCT03925116_inc.txt wurde erfolgreich geladen.
Die Daten wurden erfolgreich in '/work/eauten2s/ec_criteria_struct/lct/evaluate/eval_p3/model_output/Llama-3-8B-Instruct-Gradient-1048k_5_shot/output/Llama-3-8B-Instruct-Gradient-1048k_NCT03925116_inc_5_shot.json' gespeichert.
File: NCT03925129_exc 

Das File: /work/eauten2s/ec_criteria_struct/lct/input/lct_txt_half/NCT03925129_exc.txt wurde erfolgreich geladen.
Die Daten wurden erfolgreich in '/work/eauten2s/ec_criteria_struct/lct/evaluate/eval_p3/model_output/Llama-3-8B-Instruct-Gradient-1048k_5_shot/output/Llama-3-8B-Instruct-Gradient-1048k_NCT03925129_exc_5_shot.json' gespeichert.
File: NCT03925129_inc 

Das File: /work/eauten2s/ec_criteria_struct/lct/input/lct_txt_half/NCT03925129_inc.txt wurde erfolgreich geladen.
Die Daten wurden erfolgreich in '/work/eauten2s/ec_criteria_struct/lct/evaluate/eval_p3/model_output/Llama-3-8B-Instruct-Gradient-1048k_5_shot/output/Llama-3-8B-Instruct-Gradient-1048k_NCT03925129_inc_5_shot.json' gespeichert.
File: NCT03925142_exc 

Das File: /work/eauten2s/ec_criteria_struct/lct/input/lct_txt_half/NCT03925142_exc.txt wurde erfolgreich geladen.
Die Daten wurden erfolgreich in '/work/eauten2s/ec_criteria_struct/lct/evaluate/eval_p3/model_output/Llama-3-8B-Instruct-Gradient-1048k_5_shot/output/Llama-3-8B-Instruct-Gradient-1048k_NCT03925142_exc_5_shot.json' gespeichert.
File: NCT03925142_inc 

Das File: /work/eauten2s/ec_criteria_struct/lct/input/lct_txt_half/NCT03925142_inc.txt wurde erfolgreich geladen.
Die Daten wurden erfolgreich in '/work/eauten2s/ec_criteria_struct/lct/evaluate/eval_p3/model_output/Llama-3-8B-Instruct-Gradient-1048k_5_shot/output/Llama-3-8B-Instruct-Gradient-1048k_NCT03925142_inc_5_shot.json' gespeichert.
File: NCT03925155_exc 

Das File: /work/eauten2s/ec_criteria_struct/lct/input/lct_txt_half/NCT03925155_exc.txt wurde erfolgreich geladen.
Die Daten wurden erfolgreich in '/work/eauten2s/ec_criteria_struct/lct/evaluate/eval_p3/model_output/Llama-3-8B-Instruct-Gradient-1048k_5_shot/output/Llama-3-8B-Instruct-Gradient-1048k_NCT03925155_exc_5_shot.json' gespeichert.
File: NCT03925155_inc 

Das File: /work/eauten2s/ec_criteria_struct/lct/input/lct_txt_half/NCT03925155_inc.txt wurde erfolgreich geladen.
Die Daten wurden erfolgreich in '/work/eauten2s/ec_criteria_struct/lct/evaluate/eval_p3/model_output/Llama-3-8B-Instruct-Gradient-1048k_5_shot/output/Llama-3-8B-Instruct-Gradient-1048k_NCT03925155_inc_5_shot.json' gespeichert.
File: NCT03925168_exc 

Das File: /work/eauten2s/ec_criteria_struct/lct/input/lct_txt_half/NCT03925168_exc.txt wurde erfolgreich geladen.
Die Daten wurden erfolgreich in '/work/eauten2s/ec_criteria_struct/lct/evaluate/eval_p3/model_output/Llama-3-8B-Instruct-Gradient-1048k_5_shot/output/Llama-3-8B-Instruct-Gradient-1048k_NCT03925168_exc_5_shot.json' gespeichert.
File: NCT03925168_inc 

Das File: /work/eauten2s/ec_criteria_struct/lct/input/lct_txt_half/NCT03925168_inc.txt wurde erfolgreich geladen.
Die Daten wurden erfolgreich in '/work/eauten2s/ec_criteria_struct/lct/evaluate/eval_p3/model_output/Llama-3-8B-Instruct-Gradient-1048k_5_shot/output/Llama-3-8B-Instruct-Gradient-1048k_NCT03925168_inc_5_shot.json' gespeichert.
File: NCT03925181_exc 

Das File: /work/eauten2s/ec_criteria_struct/lct/input/lct_txt_half/NCT03925181_exc.txt wurde erfolgreich geladen.
Die Daten wurden erfolgreich in '/work/eauten2s/ec_criteria_struct/lct/evaluate/eval_p3/model_output/Llama-3-8B-Instruct-Gradient-1048k_5_shot/output/Llama-3-8B-Instruct-Gradient-1048k_NCT03925181_exc_5_shot.json' gespeichert.
File: NCT03925181_inc 

Das File: /work/eauten2s/ec_criteria_struct/lct/input/lct_txt_half/NCT03925181_inc.txt wurde erfolgreich geladen.
Die Daten wurden erfolgreich in '/work/eauten2s/ec_criteria_struct/lct/evaluate/eval_p3/model_output/Llama-3-8B-Instruct-Gradient-1048k_5_shot/output/Llama-3-8B-Instruct-Gradient-1048k_NCT03925181_inc_5_shot.json' gespeichert.
File: NCT03925207_exc 

Das File: /work/eauten2s/ec_criteria_struct/lct/input/lct_txt_half/NCT03925207_exc.txt wurde erfolgreich geladen.
Die Daten wurden erfolgreich in '/work/eauten2s/ec_criteria_struct/lct/evaluate/eval_p3/model_output/Llama-3-8B-Instruct-Gradient-1048k_5_shot/output/Llama-3-8B-Instruct-Gradient-1048k_NCT03925207_exc_5_shot.json' gespeichert.
File: NCT03925207_inc 

Das File: /work/eauten2s/ec_criteria_struct/lct/input/lct_txt_half/NCT03925207_inc.txt wurde erfolgreich geladen.
Die Daten wurden erfolgreich in '/work/eauten2s/ec_criteria_struct/lct/evaluate/eval_p3/model_output/Llama-3-8B-Instruct-Gradient-1048k_5_shot/output/Llama-3-8B-Instruct-Gradient-1048k_NCT03925207_inc_5_shot.json' gespeichert.
File: NCT03925259_exc 

Das File: /work/eauten2s/ec_criteria_struct/lct/input/lct_txt_half/NCT03925259_exc.txt wurde erfolgreich geladen.
Die Daten wurden erfolgreich in '/work/eauten2s/ec_criteria_struct/lct/evaluate/eval_p3/model_output/Llama-3-8B-Instruct-Gradient-1048k_5_shot/output/Llama-3-8B-Instruct-Gradient-1048k_NCT03925259_exc_5_shot.json' gespeichert.
File: NCT03925259_inc 

Das File: /work/eauten2s/ec_criteria_struct/lct/input/lct_txt_half/NCT03925259_inc.txt wurde erfolgreich geladen.
Die Daten wurden erfolgreich in '/work/eauten2s/ec_criteria_struct/lct/evaluate/eval_p3/model_output/Llama-3-8B-Instruct-Gradient-1048k_5_shot/output/Llama-3-8B-Instruct-Gradient-1048k_NCT03925259_inc_5_shot.json' gespeichert.
File: NCT03925272_exc 

Das File: /work/eauten2s/ec_criteria_struct/lct/input/lct_txt_half/NCT03925272_exc.txt wurde erfolgreich geladen.
Die Daten wurden erfolgreich in '/work/eauten2s/ec_criteria_struct/lct/evaluate/eval_p3/model_output/Llama-3-8B-Instruct-Gradient-1048k_5_shot/output/Llama-3-8B-Instruct-Gradient-1048k_NCT03925272_exc_5_shot.json' gespeichert.
File: NCT03925272_inc 

Das File: /work/eauten2s/ec_criteria_struct/lct/input/lct_txt_half/NCT03925272_inc.txt wurde erfolgreich geladen.
Die Daten wurden erfolgreich in '/work/eauten2s/ec_criteria_struct/lct/evaluate/eval_p3/model_output/Llama-3-8B-Instruct-Gradient-1048k_5_shot/output/Llama-3-8B-Instruct-Gradient-1048k_NCT03925272_inc_5_shot.json' gespeichert.
File: NCT03925285_exc 

Das File: /work/eauten2s/ec_criteria_struct/lct/input/lct_txt_half/NCT03925285_exc.txt wurde erfolgreich geladen.
Die Daten wurden erfolgreich in '/work/eauten2s/ec_criteria_struct/lct/evaluate/eval_p3/model_output/Llama-3-8B-Instruct-Gradient-1048k_5_shot/output/Llama-3-8B-Instruct-Gradient-1048k_NCT03925285_exc_5_shot.json' gespeichert.
File: NCT03925285_inc 

Das File: /work/eauten2s/ec_criteria_struct/lct/input/lct_txt_half/NCT03925285_inc.txt wurde erfolgreich geladen.
Die Daten wurden erfolgreich in '/work/eauten2s/ec_criteria_struct/lct/evaluate/eval_p3/model_output/Llama-3-8B-Instruct-Gradient-1048k_5_shot/output/Llama-3-8B-Instruct-Gradient-1048k_NCT03925285_inc_5_shot.json' gespeichert.
File: NCT03925298_exc 

Das File: /work/eauten2s/ec_criteria_struct/lct/input/lct_txt_half/NCT03925298_exc.txt wurde erfolgreich geladen.
Die Daten wurden erfolgreich in '/work/eauten2s/ec_criteria_struct/lct/evaluate/eval_p3/model_output/Llama-3-8B-Instruct-Gradient-1048k_5_shot/output/Llama-3-8B-Instruct-Gradient-1048k_NCT03925298_exc_5_shot.json' gespeichert.
File: NCT03925298_inc 

Das File: /work/eauten2s/ec_criteria_struct/lct/input/lct_txt_half/NCT03925298_inc.txt wurde erfolgreich geladen.
Die Daten wurden erfolgreich in '/work/eauten2s/ec_criteria_struct/lct/evaluate/eval_p3/model_output/Llama-3-8B-Instruct-Gradient-1048k_5_shot/output/Llama-3-8B-Instruct-Gradient-1048k_NCT03925298_inc_5_shot.json' gespeichert.
File: NCT03925311_exc 

Das File: /work/eauten2s/ec_criteria_struct/lct/input/lct_txt_half/NCT03925311_exc.txt wurde erfolgreich geladen.
Die Daten wurden erfolgreich in '/work/eauten2s/ec_criteria_struct/lct/evaluate/eval_p3/model_output/Llama-3-8B-Instruct-Gradient-1048k_5_shot/output/Llama-3-8B-Instruct-Gradient-1048k_NCT03925311_exc_5_shot.json' gespeichert.
File: NCT03925337_exc 

Das File: /work/eauten2s/ec_criteria_struct/lct/input/lct_txt_half/NCT03925337_exc.txt wurde erfolgreich geladen.
Die Daten wurden erfolgreich in '/work/eauten2s/ec_criteria_struct/lct/evaluate/eval_p3/model_output/Llama-3-8B-Instruct-Gradient-1048k_5_shot/output/Llama-3-8B-Instruct-Gradient-1048k_NCT03925337_exc_5_shot.json' gespeichert.
File: NCT03925337_inc 

Das File: /work/eauten2s/ec_criteria_struct/lct/input/lct_txt_half/NCT03925337_inc.txt wurde erfolgreich geladen.
Die Daten wurden erfolgreich in '/work/eauten2s/ec_criteria_struct/lct/evaluate/eval_p3/model_output/Llama-3-8B-Instruct-Gradient-1048k_5_shot/output/Llama-3-8B-Instruct-Gradient-1048k_NCT03925337_inc_5_shot.json' gespeichert.
File: NCT03925363_exc 

Das File: /work/eauten2s/ec_criteria_struct/lct/input/lct_txt_half/NCT03925363_exc.txt wurde erfolgreich geladen.
Die Daten wurden erfolgreich in '/work/eauten2s/ec_criteria_struct/lct/evaluate/eval_p3/model_output/Llama-3-8B-Instruct-Gradient-1048k_5_shot/output/Llama-3-8B-Instruct-Gradient-1048k_NCT03925363_exc_5_shot.json' gespeichert.
File: NCT03925363_inc 

Das File: /work/eauten2s/ec_criteria_struct/lct/input/lct_txt_half/NCT03925363_inc.txt wurde erfolgreich geladen.
Die Daten wurden erfolgreich in '/work/eauten2s/ec_criteria_struct/lct/evaluate/eval_p3/model_output/Llama-3-8B-Instruct-Gradient-1048k_5_shot/output/Llama-3-8B-Instruct-Gradient-1048k_NCT03925363_inc_5_shot.json' gespeichert.
File: NCT03925376_exc 

Das File: /work/eauten2s/ec_criteria_struct/lct/input/lct_txt_half/NCT03925376_exc.txt wurde erfolgreich geladen.
Die Daten wurden erfolgreich in '/work/eauten2s/ec_criteria_struct/lct/evaluate/eval_p3/model_output/Llama-3-8B-Instruct-Gradient-1048k_5_shot/output/Llama-3-8B-Instruct-Gradient-1048k_NCT03925376_exc_5_shot.json' gespeichert.
File: NCT03925376_inc 

Das File: /work/eauten2s/ec_criteria_struct/lct/input/lct_txt_half/NCT03925376_inc.txt wurde erfolgreich geladen.
Die Daten wurden erfolgreich in '/work/eauten2s/ec_criteria_struct/lct/evaluate/eval_p3/model_output/Llama-3-8B-Instruct-Gradient-1048k_5_shot/output/Llama-3-8B-Instruct-Gradient-1048k_NCT03925376_inc_5_shot.json' gespeichert.
File: NCT03925389_exc 

Das File: /work/eauten2s/ec_criteria_struct/lct/input/lct_txt_half/NCT03925389_exc.txt wurde erfolgreich geladen.
Die Daten wurden erfolgreich in '/work/eauten2s/ec_criteria_struct/lct/evaluate/eval_p3/model_output/Llama-3-8B-Instruct-Gradient-1048k_5_shot/output/Llama-3-8B-Instruct-Gradient-1048k_NCT03925389_exc_5_shot.json' gespeichert.
File: NCT03925389_inc 

Das File: /work/eauten2s/ec_criteria_struct/lct/input/lct_txt_half/NCT03925389_inc.txt wurde erfolgreich geladen.
Die Daten wurden erfolgreich in '/work/eauten2s/ec_criteria_struct/lct/evaluate/eval_p3/model_output/Llama-3-8B-Instruct-Gradient-1048k_5_shot/output/Llama-3-8B-Instruct-Gradient-1048k_NCT03925389_inc_5_shot.json' gespeichert.
File: NCT03925402_exc 

Das File: /work/eauten2s/ec_criteria_struct/lct/input/lct_txt_half/NCT03925402_exc.txt wurde erfolgreich geladen.
Die Daten wurden erfolgreich in '/work/eauten2s/ec_criteria_struct/lct/evaluate/eval_p3/model_output/Llama-3-8B-Instruct-Gradient-1048k_5_shot/output/Llama-3-8B-Instruct-Gradient-1048k_NCT03925402_exc_5_shot.json' gespeichert.
File: NCT03925402_inc 

Das File: /work/eauten2s/ec_criteria_struct/lct/input/lct_txt_half/NCT03925402_inc.txt wurde erfolgreich geladen.
Die Daten wurden erfolgreich in '/work/eauten2s/ec_criteria_struct/lct/evaluate/eval_p3/model_output/Llama-3-8B-Instruct-Gradient-1048k_5_shot/output/Llama-3-8B-Instruct-Gradient-1048k_NCT03925402_inc_5_shot.json' gespeichert.
File: NCT03925441_exc 

Das File: /work/eauten2s/ec_criteria_struct/lct/input/lct_txt_half/NCT03925441_exc.txt wurde erfolgreich geladen.
Die Daten wurden erfolgreich in '/work/eauten2s/ec_criteria_struct/lct/evaluate/eval_p3/model_output/Llama-3-8B-Instruct-Gradient-1048k_5_shot/output/Llama-3-8B-Instruct-Gradient-1048k_NCT03925441_exc_5_shot.json' gespeichert.
File: NCT03925441_inc 

Das File: /work/eauten2s/ec_criteria_struct/lct/input/lct_txt_half/NCT03925441_inc.txt wurde erfolgreich geladen.
Die Daten wurden erfolgreich in '/work/eauten2s/ec_criteria_struct/lct/evaluate/eval_p3/model_output/Llama-3-8B-Instruct-Gradient-1048k_5_shot/output/Llama-3-8B-Instruct-Gradient-1048k_NCT03925441_inc_5_shot.json' gespeichert.
File: NCT03925454_exc 

Das File: /work/eauten2s/ec_criteria_struct/lct/input/lct_txt_half/NCT03925454_exc.txt wurde erfolgreich geladen.
Die Daten wurden erfolgreich in '/work/eauten2s/ec_criteria_struct/lct/evaluate/eval_p3/model_output/Llama-3-8B-Instruct-Gradient-1048k_5_shot/output/Llama-3-8B-Instruct-Gradient-1048k_NCT03925454_exc_5_shot.json' gespeichert.
File: NCT03925454_inc 

Das File: /work/eauten2s/ec_criteria_struct/lct/input/lct_txt_half/NCT03925454_inc.txt wurde erfolgreich geladen.
Die Daten wurden erfolgreich in '/work/eauten2s/ec_criteria_struct/lct/evaluate/eval_p3/model_output/Llama-3-8B-Instruct-Gradient-1048k_5_shot/output/Llama-3-8B-Instruct-Gradient-1048k_NCT03925454_inc_5_shot.json' gespeichert.
File: NCT03925467_exc 

Das File: /work/eauten2s/ec_criteria_struct/lct/input/lct_txt_half/NCT03925467_exc.txt wurde erfolgreich geladen.
Die Daten wurden erfolgreich in '/work/eauten2s/ec_criteria_struct/lct/evaluate/eval_p3/model_output/Llama-3-8B-Instruct-Gradient-1048k_5_shot/output/Llama-3-8B-Instruct-Gradient-1048k_NCT03925467_exc_5_shot.json' gespeichert.
File: NCT03925467_inc 

Das File: /work/eauten2s/ec_criteria_struct/lct/input/lct_txt_half/NCT03925467_inc.txt wurde erfolgreich geladen.
Die Daten wurden erfolgreich in '/work/eauten2s/ec_criteria_struct/lct/evaluate/eval_p3/model_output/Llama-3-8B-Instruct-Gradient-1048k_5_shot/output/Llama-3-8B-Instruct-Gradient-1048k_NCT03925467_inc_5_shot.json' gespeichert.
File: NCT03925506_exc 

Das File: /work/eauten2s/ec_criteria_struct/lct/input/lct_txt_half/NCT03925506_exc.txt wurde erfolgreich geladen.
Die Daten wurden erfolgreich in '/work/eauten2s/ec_criteria_struct/lct/evaluate/eval_p3/model_output/Llama-3-8B-Instruct-Gradient-1048k_5_shot/output/Llama-3-8B-Instruct-Gradient-1048k_NCT03925506_exc_5_shot.json' gespeichert.
File: NCT03925506_inc 

Das File: /work/eauten2s/ec_criteria_struct/lct/input/lct_txt_half/NCT03925506_inc.txt wurde erfolgreich geladen.
Die Daten wurden erfolgreich in '/work/eauten2s/ec_criteria_struct/lct/evaluate/eval_p3/model_output/Llama-3-8B-Instruct-Gradient-1048k_5_shot/output/Llama-3-8B-Instruct-Gradient-1048k_NCT03925506_inc_5_shot.json' gespeichert.
File: NCT03925519_inc 

Das File: /work/eauten2s/ec_criteria_struct/lct/input/lct_txt_half/NCT03925519_inc.txt wurde erfolgreich geladen.
Die Daten wurden erfolgreich in '/work/eauten2s/ec_criteria_struct/lct/evaluate/eval_p3/model_output/Llama-3-8B-Instruct-Gradient-1048k_5_shot/output/Llama-3-8B-Instruct-Gradient-1048k_NCT03925519_inc_5_shot.json' gespeichert.
File: NCT03925558_exc 

Das File: /work/eauten2s/ec_criteria_struct/lct/input/lct_txt_half/NCT03925558_exc.txt wurde erfolgreich geladen.
Die Daten wurden erfolgreich in '/work/eauten2s/ec_criteria_struct/lct/evaluate/eval_p3/model_output/Llama-3-8B-Instruct-Gradient-1048k_5_shot/output/Llama-3-8B-Instruct-Gradient-1048k_NCT03925558_exc_5_shot.json' gespeichert.
File: NCT03925558_inc 

Das File: /work/eauten2s/ec_criteria_struct/lct/input/lct_txt_half/NCT03925558_inc.txt wurde erfolgreich geladen.
Die Daten wurden erfolgreich in '/work/eauten2s/ec_criteria_struct/lct/evaluate/eval_p3/model_output/Llama-3-8B-Instruct-Gradient-1048k_5_shot/output/Llama-3-8B-Instruct-Gradient-1048k_NCT03925558_inc_5_shot.json' gespeichert.
File: NCT03925571_exc 

Das File: /work/eauten2s/ec_criteria_struct/lct/input/lct_txt_half/NCT03925571_exc.txt wurde erfolgreich geladen.
Die Daten wurden erfolgreich in '/work/eauten2s/ec_criteria_struct/lct/evaluate/eval_p3/model_output/Llama-3-8B-Instruct-Gradient-1048k_5_shot/output/Llama-3-8B-Instruct-Gradient-1048k_NCT03925571_exc_5_shot.json' gespeichert.
File: NCT03925571_inc 

Das File: /work/eauten2s/ec_criteria_struct/lct/input/lct_txt_half/NCT03925571_inc.txt wurde erfolgreich geladen.
Die Daten wurden erfolgreich in '/work/eauten2s/ec_criteria_struct/lct/evaluate/eval_p3/model_output/Llama-3-8B-Instruct-Gradient-1048k_5_shot/output/Llama-3-8B-Instruct-Gradient-1048k_NCT03925571_inc_5_shot.json' gespeichert.
File: NCT03925584_exc 

Das File: /work/eauten2s/ec_criteria_struct/lct/input/lct_txt_half/NCT03925584_exc.txt wurde erfolgreich geladen.
Die Daten wurden erfolgreich in '/work/eauten2s/ec_criteria_struct/lct/evaluate/eval_p3/model_output/Llama-3-8B-Instruct-Gradient-1048k_5_shot/output/Llama-3-8B-Instruct-Gradient-1048k_NCT03925584_exc_5_shot.json' gespeichert.
File: NCT03925584_inc 

Das File: /work/eauten2s/ec_criteria_struct/lct/input/lct_txt_half/NCT03925584_inc.txt wurde erfolgreich geladen.
Die Daten wurden erfolgreich in '/work/eauten2s/ec_criteria_struct/lct/evaluate/eval_p3/model_output/Llama-3-8B-Instruct-Gradient-1048k_5_shot/output/Llama-3-8B-Instruct-Gradient-1048k_NCT03925584_inc_5_shot.json' gespeichert.
File: NCT03925610_exc 

Das File: /work/eauten2s/ec_criteria_struct/lct/input/lct_txt_half/NCT03925610_exc.txt wurde erfolgreich geladen.
Die Daten wurden erfolgreich in '/work/eauten2s/ec_criteria_struct/lct/evaluate/eval_p3/model_output/Llama-3-8B-Instruct-Gradient-1048k_5_shot/output/Llama-3-8B-Instruct-Gradient-1048k_NCT03925610_exc_5_shot.json' gespeichert.
File: NCT03925610_inc 

Das File: /work/eauten2s/ec_criteria_struct/lct/input/lct_txt_half/NCT03925610_inc.txt wurde erfolgreich geladen.
Die Daten wurden erfolgreich in '/work/eauten2s/ec_criteria_struct/lct/evaluate/eval_p3/model_output/Llama-3-8B-Instruct-Gradient-1048k_5_shot/output/Llama-3-8B-Instruct-Gradient-1048k_NCT03925610_inc_5_shot.json' gespeichert.
File: NCT03925649_exc 

Das File: /work/eauten2s/ec_criteria_struct/lct/input/lct_txt_half/NCT03925649_exc.txt wurde erfolgreich geladen.
Die Daten wurden erfolgreich in '/work/eauten2s/ec_criteria_struct/lct/evaluate/eval_p3/model_output/Llama-3-8B-Instruct-Gradient-1048k_5_shot/output/Llama-3-8B-Instruct-Gradient-1048k_NCT03925649_exc_5_shot.json' gespeichert.
File: NCT03925649_inc 

Das File: /work/eauten2s/ec_criteria_struct/lct/input/lct_txt_half/NCT03925649_inc.txt wurde erfolgreich geladen.
Die Daten wurden erfolgreich in '/work/eauten2s/ec_criteria_struct/lct/evaluate/eval_p3/model_output/Llama-3-8B-Instruct-Gradient-1048k_5_shot/output/Llama-3-8B-Instruct-Gradient-1048k_NCT03925649_inc_5_shot.json' gespeichert.
File: NCT03925662_exc 

Das File: /work/eauten2s/ec_criteria_struct/lct/input/lct_txt_half/NCT03925662_exc.txt wurde erfolgreich geladen.
Die Daten wurden erfolgreich in '/work/eauten2s/ec_criteria_struct/lct/evaluate/eval_p3/model_output/Llama-3-8B-Instruct-Gradient-1048k_5_shot/output/Llama-3-8B-Instruct-Gradient-1048k_NCT03925662_exc_5_shot.json' gespeichert.
File: NCT03925662_inc 

Das File: /work/eauten2s/ec_criteria_struct/lct/input/lct_txt_half/NCT03925662_inc.txt wurde erfolgreich geladen.
Die Daten wurden erfolgreich in '/work/eauten2s/ec_criteria_struct/lct/evaluate/eval_p3/model_output/Llama-3-8B-Instruct-Gradient-1048k_5_shot/output/Llama-3-8B-Instruct-Gradient-1048k_NCT03925662_inc_5_shot.json' gespeichert.
File: NCT03925675_exc 

Das File: /work/eauten2s/ec_criteria_struct/lct/input/lct_txt_half/NCT03925675_exc.txt wurde erfolgreich geladen.
Die Daten wurden erfolgreich in '/work/eauten2s/ec_criteria_struct/lct/evaluate/eval_p3/model_output/Llama-3-8B-Instruct-Gradient-1048k_5_shot/output/Llama-3-8B-Instruct-Gradient-1048k_NCT03925675_exc_5_shot.json' gespeichert.
File: NCT03925675_inc 

Das File: /work/eauten2s/ec_criteria_struct/lct/input/lct_txt_half/NCT03925675_inc.txt wurde erfolgreich geladen.
Die Daten wurden erfolgreich in '/work/eauten2s/ec_criteria_struct/lct/evaluate/eval_p3/model_output/Llama-3-8B-Instruct-Gradient-1048k_5_shot/output/Llama-3-8B-Instruct-Gradient-1048k_NCT03925675_inc_5_shot.json' gespeichert.
File: NCT03925688_exc 

Das File: /work/eauten2s/ec_criteria_struct/lct/input/lct_txt_half/NCT03925688_exc.txt wurde erfolgreich geladen.
Die Daten wurden erfolgreich in '/work/eauten2s/ec_criteria_struct/lct/evaluate/eval_p3/model_output/Llama-3-8B-Instruct-Gradient-1048k_5_shot/output/Llama-3-8B-Instruct-Gradient-1048k_NCT03925688_exc_5_shot.json' gespeichert.
File: NCT03925688_inc 

Das File: /work/eauten2s/ec_criteria_struct/lct/input/lct_txt_half/NCT03925688_inc.txt wurde erfolgreich geladen.
Die Daten wurden erfolgreich in '/work/eauten2s/ec_criteria_struct/lct/evaluate/eval_p3/model_output/Llama-3-8B-Instruct-Gradient-1048k_5_shot/output/Llama-3-8B-Instruct-Gradient-1048k_NCT03925688_inc_5_shot.json' gespeichert.
File: NCT03925701_exc 

Das File: /work/eauten2s/ec_criteria_struct/lct/input/lct_txt_half/NCT03925701_exc.txt wurde erfolgreich geladen.
Die Daten wurden erfolgreich in '/work/eauten2s/ec_criteria_struct/lct/evaluate/eval_p3/model_output/Llama-3-8B-Instruct-Gradient-1048k_5_shot/output/Llama-3-8B-Instruct-Gradient-1048k_NCT03925701_exc_5_shot.json' gespeichert.
File: NCT03925701_inc 

Das File: /work/eauten2s/ec_criteria_struct/lct/input/lct_txt_half/NCT03925701_inc.txt wurde erfolgreich geladen.
Die Daten wurden erfolgreich in '/work/eauten2s/ec_criteria_struct/lct/evaluate/eval_p3/model_output/Llama-3-8B-Instruct-Gradient-1048k_5_shot/output/Llama-3-8B-Instruct-Gradient-1048k_NCT03925701_inc_5_shot.json' gespeichert.
File: NCT03925714_exc 

Das File: /work/eauten2s/ec_criteria_struct/lct/input/lct_txt_half/NCT03925714_exc.txt wurde erfolgreich geladen.
Die Daten wurden erfolgreich in '/work/eauten2s/ec_criteria_struct/lct/evaluate/eval_p3/model_output/Llama-3-8B-Instruct-Gradient-1048k_5_shot/output/Llama-3-8B-Instruct-Gradient-1048k_NCT03925714_exc_5_shot.json' gespeichert.
File: NCT03925714_inc 

Das File: /work/eauten2s/ec_criteria_struct/lct/input/lct_txt_half/NCT03925714_inc.txt wurde erfolgreich geladen.
Die Daten wurden erfolgreich in '/work/eauten2s/ec_criteria_struct/lct/evaluate/eval_p3/model_output/Llama-3-8B-Instruct-Gradient-1048k_5_shot/output/Llama-3-8B-Instruct-Gradient-1048k_NCT03925714_inc_5_shot.json' gespeichert.
File: NCT03925727_exc 

Das File: /work/eauten2s/ec_criteria_struct/lct/input/lct_txt_half/NCT03925727_exc.txt wurde erfolgreich geladen.
Die Daten wurden erfolgreich in '/work/eauten2s/ec_criteria_struct/lct/evaluate/eval_p3/model_output/Llama-3-8B-Instruct-Gradient-1048k_5_shot/output/Llama-3-8B-Instruct-Gradient-1048k_NCT03925727_exc_5_shot.json' gespeichert.
File: NCT03925727_inc 

Das File: /work/eauten2s/ec_criteria_struct/lct/input/lct_txt_half/NCT03925727_inc.txt wurde erfolgreich geladen.
Die Daten wurden erfolgreich in '/work/eauten2s/ec_criteria_struct/lct/evaluate/eval_p3/model_output/Llama-3-8B-Instruct-Gradient-1048k_5_shot/output/Llama-3-8B-Instruct-Gradient-1048k_NCT03925727_inc_5_shot.json' gespeichert.
File: NCT03925753_exc 

Das File: /work/eauten2s/ec_criteria_struct/lct/input/lct_txt_half/NCT03925753_exc.txt wurde erfolgreich geladen.
Die Daten wurden erfolgreich in '/work/eauten2s/ec_criteria_struct/lct/evaluate/eval_p3/model_output/Llama-3-8B-Instruct-Gradient-1048k_5_shot/output/Llama-3-8B-Instruct-Gradient-1048k_NCT03925753_exc_5_shot.json' gespeichert.
File: NCT03925753_inc 

Das File: /work/eauten2s/ec_criteria_struct/lct/input/lct_txt_half/NCT03925753_inc.txt wurde erfolgreich geladen.
Die Daten wurden erfolgreich in '/work/eauten2s/ec_criteria_struct/lct/evaluate/eval_p3/model_output/Llama-3-8B-Instruct-Gradient-1048k_5_shot/output/Llama-3-8B-Instruct-Gradient-1048k_NCT03925753_inc_5_shot.json' gespeichert.
File: NCT03925766_exc 

Das File: /work/eauten2s/ec_criteria_struct/lct/input/lct_txt_half/NCT03925766_exc.txt wurde erfolgreich geladen.
Die Daten wurden erfolgreich in '/work/eauten2s/ec_criteria_struct/lct/evaluate/eval_p3/model_output/Llama-3-8B-Instruct-Gradient-1048k_5_shot/output/Llama-3-8B-Instruct-Gradient-1048k_NCT03925766_exc_5_shot.json' gespeichert.
File: NCT03925766_inc 

Das File: /work/eauten2s/ec_criteria_struct/lct/input/lct_txt_half/NCT03925766_inc.txt wurde erfolgreich geladen.
Die Daten wurden erfolgreich in '/work/eauten2s/ec_criteria_struct/lct/evaluate/eval_p3/model_output/Llama-3-8B-Instruct-Gradient-1048k_5_shot/output/Llama-3-8B-Instruct-Gradient-1048k_NCT03925766_inc_5_shot.json' gespeichert.
File: NCT03925779_exc 

Das File: /work/eauten2s/ec_criteria_struct/lct/input/lct_txt_half/NCT03925779_exc.txt wurde erfolgreich geladen.
Die Daten wurden erfolgreich in '/work/eauten2s/ec_criteria_struct/lct/evaluate/eval_p3/model_output/Llama-3-8B-Instruct-Gradient-1048k_5_shot/output/Llama-3-8B-Instruct-Gradient-1048k_NCT03925779_exc_5_shot.json' gespeichert.
File: NCT03925779_inc 

Das File: /work/eauten2s/ec_criteria_struct/lct/input/lct_txt_half/NCT03925779_inc.txt wurde erfolgreich geladen.
Die Daten wurden erfolgreich in '/work/eauten2s/ec_criteria_struct/lct/evaluate/eval_p3/model_output/Llama-3-8B-Instruct-Gradient-1048k_5_shot/output/Llama-3-8B-Instruct-Gradient-1048k_NCT03925779_inc_5_shot.json' gespeichert.
File: NCT03925818_exc 

Das File: /work/eauten2s/ec_criteria_struct/lct/input/lct_txt_half/NCT03925818_exc.txt wurde erfolgreich geladen.
Die Daten wurden erfolgreich in '/work/eauten2s/ec_criteria_struct/lct/evaluate/eval_p3/model_output/Llama-3-8B-Instruct-Gradient-1048k_5_shot/output/Llama-3-8B-Instruct-Gradient-1048k_NCT03925818_exc_5_shot.json' gespeichert.
File: NCT03925818_inc 

Das File: /work/eauten2s/ec_criteria_struct/lct/input/lct_txt_half/NCT03925818_inc.txt wurde erfolgreich geladen.
Die Daten wurden erfolgreich in '/work/eauten2s/ec_criteria_struct/lct/evaluate/eval_p3/model_output/Llama-3-8B-Instruct-Gradient-1048k_5_shot/output/Llama-3-8B-Instruct-Gradient-1048k_NCT03925818_inc_5_shot.json' gespeichert.
File: NCT03925831_exc 

Das File: /work/eauten2s/ec_criteria_struct/lct/input/lct_txt_half/NCT03925831_exc.txt wurde erfolgreich geladen.
Die Daten wurden erfolgreich in '/work/eauten2s/ec_criteria_struct/lct/evaluate/eval_p3/model_output/Llama-3-8B-Instruct-Gradient-1048k_5_shot/output/Llama-3-8B-Instruct-Gradient-1048k_NCT03925831_exc_5_shot.json' gespeichert.
File: NCT03925844_exc 

Das File: /work/eauten2s/ec_criteria_struct/lct/input/lct_txt_half/NCT03925844_exc.txt wurde erfolgreich geladen.
Die Daten wurden erfolgreich in '/work/eauten2s/ec_criteria_struct/lct/evaluate/eval_p3/model_output/Llama-3-8B-Instruct-Gradient-1048k_5_shot/output/Llama-3-8B-Instruct-Gradient-1048k_NCT03925844_exc_5_shot.json' gespeichert.
File: NCT03925844_inc 

Das File: /work/eauten2s/ec_criteria_struct/lct/input/lct_txt_half/NCT03925844_inc.txt wurde erfolgreich geladen.
Die Daten wurden erfolgreich in '/work/eauten2s/ec_criteria_struct/lct/evaluate/eval_p3/model_output/Llama-3-8B-Instruct-Gradient-1048k_5_shot/output/Llama-3-8B-Instruct-Gradient-1048k_NCT03925844_inc_5_shot.json' gespeichert.
File: NCT03925883_exc 

Das File: /work/eauten2s/ec_criteria_struct/lct/input/lct_txt_half/NCT03925883_exc.txt wurde erfolgreich geladen.
Die Daten wurden erfolgreich in '/work/eauten2s/ec_criteria_struct/lct/evaluate/eval_p3/model_output/Llama-3-8B-Instruct-Gradient-1048k_5_shot/output/Llama-3-8B-Instruct-Gradient-1048k_NCT03925883_exc_5_shot.json' gespeichert.
File: NCT03925883_inc 

Das File: /work/eauten2s/ec_criteria_struct/lct/input/lct_txt_half/NCT03925883_inc.txt wurde erfolgreich geladen.
Die Daten wurden erfolgreich in '/work/eauten2s/ec_criteria_struct/lct/evaluate/eval_p3/model_output/Llama-3-8B-Instruct-Gradient-1048k_5_shot/output/Llama-3-8B-Instruct-Gradient-1048k_NCT03925883_inc_5_shot.json' gespeichert.
File: NCT03925909_exc 

Das File: /work/eauten2s/ec_criteria_struct/lct/input/lct_txt_half/NCT03925909_exc.txt wurde erfolgreich geladen.
Die Daten wurden erfolgreich in '/work/eauten2s/ec_criteria_struct/lct/evaluate/eval_p3/model_output/Llama-3-8B-Instruct-Gradient-1048k_5_shot/output/Llama-3-8B-Instruct-Gradient-1048k_NCT03925909_exc_5_shot.json' gespeichert.
File: NCT03925909_inc 

Das File: /work/eauten2s/ec_criteria_struct/lct/input/lct_txt_half/NCT03925909_inc.txt wurde erfolgreich geladen.
Die Daten wurden erfolgreich in '/work/eauten2s/ec_criteria_struct/lct/evaluate/eval_p3/model_output/Llama-3-8B-Instruct-Gradient-1048k_5_shot/output/Llama-3-8B-Instruct-Gradient-1048k_NCT03925909_inc_5_shot.json' gespeichert.
File: NCT03925922_exc 

Das File: /work/eauten2s/ec_criteria_struct/lct/input/lct_txt_half/NCT03925922_exc.txt wurde erfolgreich geladen.
Die Daten wurden erfolgreich in '/work/eauten2s/ec_criteria_struct/lct/evaluate/eval_p3/model_output/Llama-3-8B-Instruct-Gradient-1048k_5_shot/output/Llama-3-8B-Instruct-Gradient-1048k_NCT03925922_exc_5_shot.json' gespeichert.
File: NCT03925922_inc 

Das File: /work/eauten2s/ec_criteria_struct/lct/input/lct_txt_half/NCT03925922_inc.txt wurde erfolgreich geladen.
Die Daten wurden erfolgreich in '/work/eauten2s/ec_criteria_struct/lct/evaluate/eval_p3/model_output/Llama-3-8B-Instruct-Gradient-1048k_5_shot/output/Llama-3-8B-Instruct-Gradient-1048k_NCT03925922_inc_5_shot.json' gespeichert.
File: NCT03925948_exc 

Das File: /work/eauten2s/ec_criteria_struct/lct/input/lct_txt_half/NCT03925948_exc.txt wurde erfolgreich geladen.
Die Daten wurden erfolgreich in '/work/eauten2s/ec_criteria_struct/lct/evaluate/eval_p3/model_output/Llama-3-8B-Instruct-Gradient-1048k_5_shot/output/Llama-3-8B-Instruct-Gradient-1048k_NCT03925948_exc_5_shot.json' gespeichert.
File: NCT03925948_inc 

Das File: /work/eauten2s/ec_criteria_struct/lct/input/lct_txt_half/NCT03925948_inc.txt wurde erfolgreich geladen.
Die Daten wurden erfolgreich in '/work/eauten2s/ec_criteria_struct/lct/evaluate/eval_p3/model_output/Llama-3-8B-Instruct-Gradient-1048k_5_shot/output/Llama-3-8B-Instruct-Gradient-1048k_NCT03925948_inc_5_shot.json' gespeichert.
File: NCT03925961_exc 

Das File: /work/eauten2s/ec_criteria_struct/lct/input/lct_txt_half/NCT03925961_exc.txt wurde erfolgreich geladen.
Die Daten wurden erfolgreich in '/work/eauten2s/ec_criteria_struct/lct/evaluate/eval_p3/model_output/Llama-3-8B-Instruct-Gradient-1048k_5_shot/output/Llama-3-8B-Instruct-Gradient-1048k_NCT03925961_exc_5_shot.json' gespeichert.
File: NCT03925961_inc 

Das File: /work/eauten2s/ec_criteria_struct/lct/input/lct_txt_half/NCT03925961_inc.txt wurde erfolgreich geladen.
Die Daten wurden erfolgreich in '/work/eauten2s/ec_criteria_struct/lct/evaluate/eval_p3/model_output/Llama-3-8B-Instruct-Gradient-1048k_5_shot/output/Llama-3-8B-Instruct-Gradient-1048k_NCT03925961_inc_5_shot.json' gespeichert.
File: NCT03925987_exc 

Das File: /work/eauten2s/ec_criteria_struct/lct/input/lct_txt_half/NCT03925987_exc.txt wurde erfolgreich geladen.
Die Daten wurden erfolgreich in '/work/eauten2s/ec_criteria_struct/lct/evaluate/eval_p3/model_output/Llama-3-8B-Instruct-Gradient-1048k_5_shot/output/Llama-3-8B-Instruct-Gradient-1048k_NCT03925987_exc_5_shot.json' gespeichert.
File: NCT03925987_inc 

Das File: /work/eauten2s/ec_criteria_struct/lct/input/lct_txt_half/NCT03925987_inc.txt wurde erfolgreich geladen.
Die Daten wurden erfolgreich in '/work/eauten2s/ec_criteria_struct/lct/evaluate/eval_p3/model_output/Llama-3-8B-Instruct-Gradient-1048k_5_shot/output/Llama-3-8B-Instruct-Gradient-1048k_NCT03925987_inc_5_shot.json' gespeichert.
File: NCT03926000_exc 

Das File: /work/eauten2s/ec_criteria_struct/lct/input/lct_txt_half/NCT03926000_exc.txt wurde erfolgreich geladen.
Die Daten wurden erfolgreich in '/work/eauten2s/ec_criteria_struct/lct/evaluate/eval_p3/model_output/Llama-3-8B-Instruct-Gradient-1048k_5_shot/output/Llama-3-8B-Instruct-Gradient-1048k_NCT03926000_exc_5_shot.json' gespeichert.
File: NCT03926000_inc 

Das File: /work/eauten2s/ec_criteria_struct/lct/input/lct_txt_half/NCT03926000_inc.txt wurde erfolgreich geladen.
Die Daten wurden erfolgreich in '/work/eauten2s/ec_criteria_struct/lct/evaluate/eval_p3/model_output/Llama-3-8B-Instruct-Gradient-1048k_5_shot/output/Llama-3-8B-Instruct-Gradient-1048k_NCT03926000_inc_5_shot.json' gespeichert.
File: NCT03926013_exc 

Das File: /work/eauten2s/ec_criteria_struct/lct/input/lct_txt_half/NCT03926013_exc.txt wurde erfolgreich geladen.
Die Daten wurden erfolgreich in '/work/eauten2s/ec_criteria_struct/lct/evaluate/eval_p3/model_output/Llama-3-8B-Instruct-Gradient-1048k_5_shot/output/Llama-3-8B-Instruct-Gradient-1048k_NCT03926013_exc_5_shot.json' gespeichert.
File: NCT03926013_inc 

Das File: /work/eauten2s/ec_criteria_struct/lct/input/lct_txt_half/NCT03926013_inc.txt wurde erfolgreich geladen.
Die Daten wurden erfolgreich in '/work/eauten2s/ec_criteria_struct/lct/evaluate/eval_p3/model_output/Llama-3-8B-Instruct-Gradient-1048k_5_shot/output/Llama-3-8B-Instruct-Gradient-1048k_NCT03926013_inc_5_shot.json' gespeichert.
File: NCT03926026_exc 

Das File: /work/eauten2s/ec_criteria_struct/lct/input/lct_txt_half/NCT03926026_exc.txt wurde erfolgreich geladen.
Die Daten wurden erfolgreich in '/work/eauten2s/ec_criteria_struct/lct/evaluate/eval_p3/model_output/Llama-3-8B-Instruct-Gradient-1048k_5_shot/output/Llama-3-8B-Instruct-Gradient-1048k_NCT03926026_exc_5_shot.json' gespeichert.
File: NCT03926026_inc 

Das File: /work/eauten2s/ec_criteria_struct/lct/input/lct_txt_half/NCT03926026_inc.txt wurde erfolgreich geladen.
Die Daten wurden erfolgreich in '/work/eauten2s/ec_criteria_struct/lct/evaluate/eval_p3/model_output/Llama-3-8B-Instruct-Gradient-1048k_5_shot/output/Llama-3-8B-Instruct-Gradient-1048k_NCT03926026_inc_5_shot.json' gespeichert.
File: NCT03926039_exc 

Das File: /work/eauten2s/ec_criteria_struct/lct/input/lct_txt_half/NCT03926039_exc.txt wurde erfolgreich geladen.
Die Daten wurden erfolgreich in '/work/eauten2s/ec_criteria_struct/lct/evaluate/eval_p3/model_output/Llama-3-8B-Instruct-Gradient-1048k_5_shot/output/Llama-3-8B-Instruct-Gradient-1048k_NCT03926039_exc_5_shot.json' gespeichert.
File: NCT03926039_inc 

Das File: /work/eauten2s/ec_criteria_struct/lct/input/lct_txt_half/NCT03926039_inc.txt wurde erfolgreich geladen.
Die Daten wurden erfolgreich in '/work/eauten2s/ec_criteria_struct/lct/evaluate/eval_p3/model_output/Llama-3-8B-Instruct-Gradient-1048k_5_shot/output/Llama-3-8B-Instruct-Gradient-1048k_NCT03926039_inc_5_shot.json' gespeichert.
File: NCT03926078_exc 

Das File: /work/eauten2s/ec_criteria_struct/lct/input/lct_txt_half/NCT03926078_exc.txt wurde erfolgreich geladen.
Die Daten wurden erfolgreich in '/work/eauten2s/ec_criteria_struct/lct/evaluate/eval_p3/model_output/Llama-3-8B-Instruct-Gradient-1048k_5_shot/output/Llama-3-8B-Instruct-Gradient-1048k_NCT03926078_exc_5_shot.json' gespeichert.
File: NCT03926078_inc 

Das File: /work/eauten2s/ec_criteria_struct/lct/input/lct_txt_half/NCT03926078_inc.txt wurde erfolgreich geladen.
Die Daten wurden erfolgreich in '/work/eauten2s/ec_criteria_struct/lct/evaluate/eval_p3/model_output/Llama-3-8B-Instruct-Gradient-1048k_5_shot/output/Llama-3-8B-Instruct-Gradient-1048k_NCT03926078_inc_5_shot.json' gespeichert.
File: NCT03926104_exc 

Das File: /work/eauten2s/ec_criteria_struct/lct/input/lct_txt_half/NCT03926104_exc.txt wurde erfolgreich geladen.
Die Daten wurden erfolgreich in '/work/eauten2s/ec_criteria_struct/lct/evaluate/eval_p3/model_output/Llama-3-8B-Instruct-Gradient-1048k_5_shot/output/Llama-3-8B-Instruct-Gradient-1048k_NCT03926104_exc_5_shot.json' gespeichert.
File: NCT03926104_inc 

Das File: /work/eauten2s/ec_criteria_struct/lct/input/lct_txt_half/NCT03926104_inc.txt wurde erfolgreich geladen.
Die Daten wurden erfolgreich in '/work/eauten2s/ec_criteria_struct/lct/evaluate/eval_p3/model_output/Llama-3-8B-Instruct-Gradient-1048k_5_shot/output/Llama-3-8B-Instruct-Gradient-1048k_NCT03926104_inc_5_shot.json' gespeichert.
File: NCT03926130_exc 

Das File: /work/eauten2s/ec_criteria_struct/lct/input/lct_txt_half/NCT03926130_exc.txt wurde erfolgreich geladen.
Die Daten wurden erfolgreich in '/work/eauten2s/ec_criteria_struct/lct/evaluate/eval_p3/model_output/Llama-3-8B-Instruct-Gradient-1048k_5_shot/output/Llama-3-8B-Instruct-Gradient-1048k_NCT03926130_exc_5_shot.json' gespeichert.
File: NCT03926130_inc 

Das File: /work/eauten2s/ec_criteria_struct/lct/input/lct_txt_half/NCT03926130_inc.txt wurde erfolgreich geladen.
Die Daten wurden erfolgreich in '/work/eauten2s/ec_criteria_struct/lct/evaluate/eval_p3/model_output/Llama-3-8B-Instruct-Gradient-1048k_5_shot/output/Llama-3-8B-Instruct-Gradient-1048k_NCT03926130_inc_5_shot.json' gespeichert.
File: NCT03926143_exc 

Das File: /work/eauten2s/ec_criteria_struct/lct/input/lct_txt_half/NCT03926143_exc.txt wurde erfolgreich geladen.
Die Daten wurden erfolgreich in '/work/eauten2s/ec_criteria_struct/lct/evaluate/eval_p3/model_output/Llama-3-8B-Instruct-Gradient-1048k_5_shot/output/Llama-3-8B-Instruct-Gradient-1048k_NCT03926143_exc_5_shot.json' gespeichert.
File: NCT03926143_inc 

Das File: /work/eauten2s/ec_criteria_struct/lct/input/lct_txt_half/NCT03926143_inc.txt wurde erfolgreich geladen.
Die Daten wurden erfolgreich in '/work/eauten2s/ec_criteria_struct/lct/evaluate/eval_p3/model_output/Llama-3-8B-Instruct-Gradient-1048k_5_shot/output/Llama-3-8B-Instruct-Gradient-1048k_NCT03926143_inc_5_shot.json' gespeichert.
File: NCT03926156_exc 

Das File: /work/eauten2s/ec_criteria_struct/lct/input/lct_txt_half/NCT03926156_exc.txt wurde erfolgreich geladen.
Die Daten wurden erfolgreich in '/work/eauten2s/ec_criteria_struct/lct/evaluate/eval_p3/model_output/Llama-3-8B-Instruct-Gradient-1048k_5_shot/output/Llama-3-8B-Instruct-Gradient-1048k_NCT03926156_exc_5_shot.json' gespeichert.
File: NCT03926156_inc 

Das File: /work/eauten2s/ec_criteria_struct/lct/input/lct_txt_half/NCT03926156_inc.txt wurde erfolgreich geladen.
Die Daten wurden erfolgreich in '/work/eauten2s/ec_criteria_struct/lct/evaluate/eval_p3/model_output/Llama-3-8B-Instruct-Gradient-1048k_5_shot/output/Llama-3-8B-Instruct-Gradient-1048k_NCT03926156_inc_5_shot.json' gespeichert.
File: NCT03926169_exc 

Das File: /work/eauten2s/ec_criteria_struct/lct/input/lct_txt_half/NCT03926169_exc.txt wurde erfolgreich geladen.
Die Daten wurden erfolgreich in '/work/eauten2s/ec_criteria_struct/lct/evaluate/eval_p3/model_output/Llama-3-8B-Instruct-Gradient-1048k_5_shot/output/Llama-3-8B-Instruct-Gradient-1048k_NCT03926169_exc_5_shot.json' gespeichert.
File: NCT03926169_inc 

Das File: /work/eauten2s/ec_criteria_struct/lct/input/lct_txt_half/NCT03926169_inc.txt wurde erfolgreich geladen.
Die Daten wurden erfolgreich in '/work/eauten2s/ec_criteria_struct/lct/evaluate/eval_p3/model_output/Llama-3-8B-Instruct-Gradient-1048k_5_shot/output/Llama-3-8B-Instruct-Gradient-1048k_NCT03926169_inc_5_shot.json' gespeichert.
File: NCT03926195_exc 

Das File: /work/eauten2s/ec_criteria_struct/lct/input/lct_txt_half/NCT03926195_exc.txt wurde erfolgreich geladen.
Die Daten wurden erfolgreich in '/work/eauten2s/ec_criteria_struct/lct/evaluate/eval_p3/model_output/Llama-3-8B-Instruct-Gradient-1048k_5_shot/output/Llama-3-8B-Instruct-Gradient-1048k_NCT03926195_exc_5_shot.json' gespeichert.
File: NCT03926195_inc 

Das File: /work/eauten2s/ec_criteria_struct/lct/input/lct_txt_half/NCT03926195_inc.txt wurde erfolgreich geladen.
Die Daten wurden erfolgreich in '/work/eauten2s/ec_criteria_struct/lct/evaluate/eval_p3/model_output/Llama-3-8B-Instruct-Gradient-1048k_5_shot/output/Llama-3-8B-Instruct-Gradient-1048k_NCT03926195_inc_5_shot.json' gespeichert.
File: NCT03926208_exc 

Das File: /work/eauten2s/ec_criteria_struct/lct/input/lct_txt_half/NCT03926208_exc.txt wurde erfolgreich geladen.
Die Daten wurden erfolgreich in '/work/eauten2s/ec_criteria_struct/lct/evaluate/eval_p3/model_output/Llama-3-8B-Instruct-Gradient-1048k_5_shot/output/Llama-3-8B-Instruct-Gradient-1048k_NCT03926208_exc_5_shot.json' gespeichert.
File: NCT03926208_inc 

Das File: /work/eauten2s/ec_criteria_struct/lct/input/lct_txt_half/NCT03926208_inc.txt wurde erfolgreich geladen.
Die Daten wurden erfolgreich in '/work/eauten2s/ec_criteria_struct/lct/evaluate/eval_p3/model_output/Llama-3-8B-Instruct-Gradient-1048k_5_shot/output/Llama-3-8B-Instruct-Gradient-1048k_NCT03926208_inc_5_shot.json' gespeichert.
File: NCT03926221_exc 

Das File: /work/eauten2s/ec_criteria_struct/lct/input/lct_txt_half/NCT03926221_exc.txt wurde erfolgreich geladen.
Die Daten wurden erfolgreich in '/work/eauten2s/ec_criteria_struct/lct/evaluate/eval_p3/model_output/Llama-3-8B-Instruct-Gradient-1048k_5_shot/output/Llama-3-8B-Instruct-Gradient-1048k_NCT03926221_exc_5_shot.json' gespeichert.
File: NCT03926221_inc 

Das File: /work/eauten2s/ec_criteria_struct/lct/input/lct_txt_half/NCT03926221_inc.txt wurde erfolgreich geladen.
Die Daten wurden erfolgreich in '/work/eauten2s/ec_criteria_struct/lct/evaluate/eval_p3/model_output/Llama-3-8B-Instruct-Gradient-1048k_5_shot/output/Llama-3-8B-Instruct-Gradient-1048k_NCT03926221_inc_5_shot.json' gespeichert.
File: NCT03926234_exc 

Das File: /work/eauten2s/ec_criteria_struct/lct/input/lct_txt_half/NCT03926234_exc.txt wurde erfolgreich geladen.
Die Daten wurden erfolgreich in '/work/eauten2s/ec_criteria_struct/lct/evaluate/eval_p3/model_output/Llama-3-8B-Instruct-Gradient-1048k_5_shot/output/Llama-3-8B-Instruct-Gradient-1048k_NCT03926234_exc_5_shot.json' gespeichert.
File: NCT03926234_inc 

Das File: /work/eauten2s/ec_criteria_struct/lct/input/lct_txt_half/NCT03926234_inc.txt wurde erfolgreich geladen.
Die Daten wurden erfolgreich in '/work/eauten2s/ec_criteria_struct/lct/evaluate/eval_p3/model_output/Llama-3-8B-Instruct-Gradient-1048k_5_shot/output/Llama-3-8B-Instruct-Gradient-1048k_NCT03926234_inc_5_shot.json' gespeichert.
File: NCT03926247_exc 

Das File: /work/eauten2s/ec_criteria_struct/lct/input/lct_txt_half/NCT03926247_exc.txt wurde erfolgreich geladen.
Die Daten wurden erfolgreich in '/work/eauten2s/ec_criteria_struct/lct/evaluate/eval_p3/model_output/Llama-3-8B-Instruct-Gradient-1048k_5_shot/output/Llama-3-8B-Instruct-Gradient-1048k_NCT03926247_exc_5_shot.json' gespeichert.
File: NCT03926247_inc 

Das File: /work/eauten2s/ec_criteria_struct/lct/input/lct_txt_half/NCT03926247_inc.txt wurde erfolgreich geladen.
Die Daten wurden erfolgreich in '/work/eauten2s/ec_criteria_struct/lct/evaluate/eval_p3/model_output/Llama-3-8B-Instruct-Gradient-1048k_5_shot/output/Llama-3-8B-Instruct-Gradient-1048k_NCT03926247_inc_5_shot.json' gespeichert.
File: NCT03926273_exc 

Das File: /work/eauten2s/ec_criteria_struct/lct/input/lct_txt_half/NCT03926273_exc.txt wurde erfolgreich geladen.
Die Daten wurden erfolgreich in '/work/eauten2s/ec_criteria_struct/lct/evaluate/eval_p3/model_output/Llama-3-8B-Instruct-Gradient-1048k_5_shot/output/Llama-3-8B-Instruct-Gradient-1048k_NCT03926273_exc_5_shot.json' gespeichert.
File: NCT03926273_inc 

Das File: /work/eauten2s/ec_criteria_struct/lct/input/lct_txt_half/NCT03926273_inc.txt wurde erfolgreich geladen.
Die Daten wurden erfolgreich in '/work/eauten2s/ec_criteria_struct/lct/evaluate/eval_p3/model_output/Llama-3-8B-Instruct-Gradient-1048k_5_shot/output/Llama-3-8B-Instruct-Gradient-1048k_NCT03926273_inc_5_shot.json' gespeichert.
File: NCT03926299_exc 

Das File: /work/eauten2s/ec_criteria_struct/lct/input/lct_txt_half/NCT03926299_exc.txt wurde erfolgreich geladen.
Die Daten wurden erfolgreich in '/work/eauten2s/ec_criteria_struct/lct/evaluate/eval_p3/model_output/Llama-3-8B-Instruct-Gradient-1048k_5_shot/output/Llama-3-8B-Instruct-Gradient-1048k_NCT03926299_exc_5_shot.json' gespeichert.
File: NCT03926299_inc 

Das File: /work/eauten2s/ec_criteria_struct/lct/input/lct_txt_half/NCT03926299_inc.txt wurde erfolgreich geladen.
Die Daten wurden erfolgreich in '/work/eauten2s/ec_criteria_struct/lct/evaluate/eval_p3/model_output/Llama-3-8B-Instruct-Gradient-1048k_5_shot/output/Llama-3-8B-Instruct-Gradient-1048k_NCT03926299_inc_5_shot.json' gespeichert.
File: NCT03926312_exc 

Das File: /work/eauten2s/ec_criteria_struct/lct/input/lct_txt_half/NCT03926312_exc.txt wurde erfolgreich geladen.
Die Daten wurden erfolgreich in '/work/eauten2s/ec_criteria_struct/lct/evaluate/eval_p3/model_output/Llama-3-8B-Instruct-Gradient-1048k_5_shot/output/Llama-3-8B-Instruct-Gradient-1048k_NCT03926312_exc_5_shot.json' gespeichert.
File: NCT03926312_inc 

Das File: /work/eauten2s/ec_criteria_struct/lct/input/lct_txt_half/NCT03926312_inc.txt wurde erfolgreich geladen.
Die Daten wurden erfolgreich in '/work/eauten2s/ec_criteria_struct/lct/evaluate/eval_p3/model_output/Llama-3-8B-Instruct-Gradient-1048k_5_shot/output/Llama-3-8B-Instruct-Gradient-1048k_NCT03926312_inc_5_shot.json' gespeichert.
File: NCT03926325_exc 

Das File: /work/eauten2s/ec_criteria_struct/lct/input/lct_txt_half/NCT03926325_exc.txt wurde erfolgreich geladen.
Die Daten wurden erfolgreich in '/work/eauten2s/ec_criteria_struct/lct/evaluate/eval_p3/model_output/Llama-3-8B-Instruct-Gradient-1048k_5_shot/output/Llama-3-8B-Instruct-Gradient-1048k_NCT03926325_exc_5_shot.json' gespeichert.
File: NCT03926325_inc 

Das File: /work/eauten2s/ec_criteria_struct/lct/input/lct_txt_half/NCT03926325_inc.txt wurde erfolgreich geladen.
Die Daten wurden erfolgreich in '/work/eauten2s/ec_criteria_struct/lct/evaluate/eval_p3/model_output/Llama-3-8B-Instruct-Gradient-1048k_5_shot/output/Llama-3-8B-Instruct-Gradient-1048k_NCT03926325_inc_5_shot.json' gespeichert.
File: NCT03926351_exc 

Das File: /work/eauten2s/ec_criteria_struct/lct/input/lct_txt_half/NCT03926351_exc.txt wurde erfolgreich geladen.
Die Daten wurden erfolgreich in '/work/eauten2s/ec_criteria_struct/lct/evaluate/eval_p3/model_output/Llama-3-8B-Instruct-Gradient-1048k_5_shot/output/Llama-3-8B-Instruct-Gradient-1048k_NCT03926351_exc_5_shot.json' gespeichert.
File: NCT03926351_inc 

Das File: /work/eauten2s/ec_criteria_struct/lct/input/lct_txt_half/NCT03926351_inc.txt wurde erfolgreich geladen.
Die Daten wurden erfolgreich in '/work/eauten2s/ec_criteria_struct/lct/evaluate/eval_p3/model_output/Llama-3-8B-Instruct-Gradient-1048k_5_shot/output/Llama-3-8B-Instruct-Gradient-1048k_NCT03926351_inc_5_shot.json' gespeichert.
File: NCT03926377_exc 

Das File: /work/eauten2s/ec_criteria_struct/lct/input/lct_txt_half/NCT03926377_exc.txt wurde erfolgreich geladen.
Die Daten wurden erfolgreich in '/work/eauten2s/ec_criteria_struct/lct/evaluate/eval_p3/model_output/Llama-3-8B-Instruct-Gradient-1048k_5_shot/output/Llama-3-8B-Instruct-Gradient-1048k_NCT03926377_exc_5_shot.json' gespeichert.
File: NCT03926377_inc 

Das File: /work/eauten2s/ec_criteria_struct/lct/input/lct_txt_half/NCT03926377_inc.txt wurde erfolgreich geladen.
Die Daten wurden erfolgreich in '/work/eauten2s/ec_criteria_struct/lct/evaluate/eval_p3/model_output/Llama-3-8B-Instruct-Gradient-1048k_5_shot/output/Llama-3-8B-Instruct-Gradient-1048k_NCT03926377_inc_5_shot.json' gespeichert.
File: NCT03926403_exc 

Das File: /work/eauten2s/ec_criteria_struct/lct/input/lct_txt_half/NCT03926403_exc.txt wurde erfolgreich geladen.
Die Daten wurden erfolgreich in '/work/eauten2s/ec_criteria_struct/lct/evaluate/eval_p3/model_output/Llama-3-8B-Instruct-Gradient-1048k_5_shot/output/Llama-3-8B-Instruct-Gradient-1048k_NCT03926403_exc_5_shot.json' gespeichert.
File: NCT03926403_inc 

Das File: /work/eauten2s/ec_criteria_struct/lct/input/lct_txt_half/NCT03926403_inc.txt wurde erfolgreich geladen.
Die Daten wurden erfolgreich in '/work/eauten2s/ec_criteria_struct/lct/evaluate/eval_p3/model_output/Llama-3-8B-Instruct-Gradient-1048k_5_shot/output/Llama-3-8B-Instruct-Gradient-1048k_NCT03926403_inc_5_shot.json' gespeichert.
File: NCT03926429_exc 

Das File: /work/eauten2s/ec_criteria_struct/lct/input/lct_txt_half/NCT03926429_exc.txt wurde erfolgreich geladen.
Die Daten wurden erfolgreich in '/work/eauten2s/ec_criteria_struct/lct/evaluate/eval_p3/model_output/Llama-3-8B-Instruct-Gradient-1048k_5_shot/output/Llama-3-8B-Instruct-Gradient-1048k_NCT03926429_exc_5_shot.json' gespeichert.
File: NCT03926429_inc 

Das File: /work/eauten2s/ec_criteria_struct/lct/input/lct_txt_half/NCT03926429_inc.txt wurde erfolgreich geladen.
Die Daten wurden erfolgreich in '/work/eauten2s/ec_criteria_struct/lct/evaluate/eval_p3/model_output/Llama-3-8B-Instruct-Gradient-1048k_5_shot/output/Llama-3-8B-Instruct-Gradient-1048k_NCT03926429_inc_5_shot.json' gespeichert.
File: NCT03926455_exc 

Das File: /work/eauten2s/ec_criteria_struct/lct/input/lct_txt_half/NCT03926455_exc.txt wurde erfolgreich geladen.
Die Daten wurden erfolgreich in '/work/eauten2s/ec_criteria_struct/lct/evaluate/eval_p3/model_output/Llama-3-8B-Instruct-Gradient-1048k_5_shot/output/Llama-3-8B-Instruct-Gradient-1048k_NCT03926455_exc_5_shot.json' gespeichert.
File: NCT03926455_inc 

Das File: /work/eauten2s/ec_criteria_struct/lct/input/lct_txt_half/NCT03926455_inc.txt wurde erfolgreich geladen.
Die Daten wurden erfolgreich in '/work/eauten2s/ec_criteria_struct/lct/evaluate/eval_p3/model_output/Llama-3-8B-Instruct-Gradient-1048k_5_shot/output/Llama-3-8B-Instruct-Gradient-1048k_NCT03926455_inc_5_shot.json' gespeichert.
File: NCT03926468_exc 

Das File: /work/eauten2s/ec_criteria_struct/lct/input/lct_txt_half/NCT03926468_exc.txt wurde erfolgreich geladen.
Die Daten wurden erfolgreich in '/work/eauten2s/ec_criteria_struct/lct/evaluate/eval_p3/model_output/Llama-3-8B-Instruct-Gradient-1048k_5_shot/output/Llama-3-8B-Instruct-Gradient-1048k_NCT03926468_exc_5_shot.json' gespeichert.
File: NCT03926468_inc 

Das File: /work/eauten2s/ec_criteria_struct/lct/input/lct_txt_half/NCT03926468_inc.txt wurde erfolgreich geladen.
Die Daten wurden erfolgreich in '/work/eauten2s/ec_criteria_struct/lct/evaluate/eval_p3/model_output/Llama-3-8B-Instruct-Gradient-1048k_5_shot/output/Llama-3-8B-Instruct-Gradient-1048k_NCT03926468_inc_5_shot.json' gespeichert.
File: NCT03926481_exc 

Das File: /work/eauten2s/ec_criteria_struct/lct/input/lct_txt_half/NCT03926481_exc.txt wurde erfolgreich geladen.
Die Daten wurden erfolgreich in '/work/eauten2s/ec_criteria_struct/lct/evaluate/eval_p3/model_output/Llama-3-8B-Instruct-Gradient-1048k_5_shot/output/Llama-3-8B-Instruct-Gradient-1048k_NCT03926481_exc_5_shot.json' gespeichert.
File: NCT03926481_inc 

Das File: /work/eauten2s/ec_criteria_struct/lct/input/lct_txt_half/NCT03926481_inc.txt wurde erfolgreich geladen.
Die Daten wurden erfolgreich in '/work/eauten2s/ec_criteria_struct/lct/evaluate/eval_p3/model_output/Llama-3-8B-Instruct-Gradient-1048k_5_shot/output/Llama-3-8B-Instruct-Gradient-1048k_NCT03926481_inc_5_shot.json' gespeichert.
File: NCT03926494_exc 

Das File: /work/eauten2s/ec_criteria_struct/lct/input/lct_txt_half/NCT03926494_exc.txt wurde erfolgreich geladen.
Die Daten wurden erfolgreich in '/work/eauten2s/ec_criteria_struct/lct/evaluate/eval_p3/model_output/Llama-3-8B-Instruct-Gradient-1048k_5_shot/output/Llama-3-8B-Instruct-Gradient-1048k_NCT03926494_exc_5_shot.json' gespeichert.
File: NCT03926494_inc 

Das File: /work/eauten2s/ec_criteria_struct/lct/input/lct_txt_half/NCT03926494_inc.txt wurde erfolgreich geladen.
Die Daten wurden erfolgreich in '/work/eauten2s/ec_criteria_struct/lct/evaluate/eval_p3/model_output/Llama-3-8B-Instruct-Gradient-1048k_5_shot/output/Llama-3-8B-Instruct-Gradient-1048k_NCT03926494_inc_5_shot.json' gespeichert.
File: NCT03926520_exc 

Das File: /work/eauten2s/ec_criteria_struct/lct/input/lct_txt_half/NCT03926520_exc.txt wurde erfolgreich geladen.
Die Daten wurden erfolgreich in '/work/eauten2s/ec_criteria_struct/lct/evaluate/eval_p3/model_output/Llama-3-8B-Instruct-Gradient-1048k_5_shot/output/Llama-3-8B-Instruct-Gradient-1048k_NCT03926520_exc_5_shot.json' gespeichert.
File: NCT03926520_inc 

Das File: /work/eauten2s/ec_criteria_struct/lct/input/lct_txt_half/NCT03926520_inc.txt wurde erfolgreich geladen.
Die Daten wurden erfolgreich in '/work/eauten2s/ec_criteria_struct/lct/evaluate/eval_p3/model_output/Llama-3-8B-Instruct-Gradient-1048k_5_shot/output/Llama-3-8B-Instruct-Gradient-1048k_NCT03926520_inc_5_shot.json' gespeichert.
File: NCT03926533_exc 

Das File: /work/eauten2s/ec_criteria_struct/lct/input/lct_txt_half/NCT03926533_exc.txt wurde erfolgreich geladen.
Die Daten wurden erfolgreich in '/work/eauten2s/ec_criteria_struct/lct/evaluate/eval_p3/model_output/Llama-3-8B-Instruct-Gradient-1048k_5_shot/output/Llama-3-8B-Instruct-Gradient-1048k_NCT03926533_exc_5_shot.json' gespeichert.
File: NCT03926533_inc 

Das File: /work/eauten2s/ec_criteria_struct/lct/input/lct_txt_half/NCT03926533_inc.txt wurde erfolgreich geladen.
Die Daten wurden erfolgreich in '/work/eauten2s/ec_criteria_struct/lct/evaluate/eval_p3/model_output/Llama-3-8B-Instruct-Gradient-1048k_5_shot/output/Llama-3-8B-Instruct-Gradient-1048k_NCT03926533_inc_5_shot.json' gespeichert.
File: NCT03926546_exc 

Das File: /work/eauten2s/ec_criteria_struct/lct/input/lct_txt_half/NCT03926546_exc.txt wurde erfolgreich geladen.
Die Daten wurden erfolgreich in '/work/eauten2s/ec_criteria_struct/lct/evaluate/eval_p3/model_output/Llama-3-8B-Instruct-Gradient-1048k_5_shot/output/Llama-3-8B-Instruct-Gradient-1048k_NCT03926546_exc_5_shot.json' gespeichert.
File: NCT03926546_inc 

Das File: /work/eauten2s/ec_criteria_struct/lct/input/lct_txt_half/NCT03926546_inc.txt wurde erfolgreich geladen.
Die Daten wurden erfolgreich in '/work/eauten2s/ec_criteria_struct/lct/evaluate/eval_p3/model_output/Llama-3-8B-Instruct-Gradient-1048k_5_shot/output/Llama-3-8B-Instruct-Gradient-1048k_NCT03926546_inc_5_shot.json' gespeichert.
File: NCT03926559_exc 

Das File: /work/eauten2s/ec_criteria_struct/lct/input/lct_txt_half/NCT03926559_exc.txt wurde erfolgreich geladen.
Die Daten wurden erfolgreich in '/work/eauten2s/ec_criteria_struct/lct/evaluate/eval_p3/model_output/Llama-3-8B-Instruct-Gradient-1048k_5_shot/output/Llama-3-8B-Instruct-Gradient-1048k_NCT03926559_exc_5_shot.json' gespeichert.
File: NCT03926559_inc 

Das File: /work/eauten2s/ec_criteria_struct/lct/input/lct_txt_half/NCT03926559_inc.txt wurde erfolgreich geladen.
Die Daten wurden erfolgreich in '/work/eauten2s/ec_criteria_struct/lct/evaluate/eval_p3/model_output/Llama-3-8B-Instruct-Gradient-1048k_5_shot/output/Llama-3-8B-Instruct-Gradient-1048k_NCT03926559_inc_5_shot.json' gespeichert.
File: NCT03926572_exc 

Das File: /work/eauten2s/ec_criteria_struct/lct/input/lct_txt_half/NCT03926572_exc.txt wurde erfolgreich geladen.
Die Daten wurden erfolgreich in '/work/eauten2s/ec_criteria_struct/lct/evaluate/eval_p3/model_output/Llama-3-8B-Instruct-Gradient-1048k_5_shot/output/Llama-3-8B-Instruct-Gradient-1048k_NCT03926572_exc_5_shot.json' gespeichert.
File: NCT03926572_inc 

Das File: /work/eauten2s/ec_criteria_struct/lct/input/lct_txt_half/NCT03926572_inc.txt wurde erfolgreich geladen.
Die Daten wurden erfolgreich in '/work/eauten2s/ec_criteria_struct/lct/evaluate/eval_p3/model_output/Llama-3-8B-Instruct-Gradient-1048k_5_shot/output/Llama-3-8B-Instruct-Gradient-1048k_NCT03926572_inc_5_shot.json' gespeichert.
File: NCT03926585_exc 

Das File: /work/eauten2s/ec_criteria_struct/lct/input/lct_txt_half/NCT03926585_exc.txt wurde erfolgreich geladen.
Die Daten wurden erfolgreich in '/work/eauten2s/ec_criteria_struct/lct/evaluate/eval_p3/model_output/Llama-3-8B-Instruct-Gradient-1048k_5_shot/output/Llama-3-8B-Instruct-Gradient-1048k_NCT03926585_exc_5_shot.json' gespeichert.
File: NCT03926585_inc 

Das File: /work/eauten2s/ec_criteria_struct/lct/input/lct_txt_half/NCT03926585_inc.txt wurde erfolgreich geladen.
Die Daten wurden erfolgreich in '/work/eauten2s/ec_criteria_struct/lct/evaluate/eval_p3/model_output/Llama-3-8B-Instruct-Gradient-1048k_5_shot/output/Llama-3-8B-Instruct-Gradient-1048k_NCT03926585_inc_5_shot.json' gespeichert.
File: NCT03926598_exc 

Das File: /work/eauten2s/ec_criteria_struct/lct/input/lct_txt_half/NCT03926598_exc.txt wurde erfolgreich geladen.
Die Daten wurden erfolgreich in '/work/eauten2s/ec_criteria_struct/lct/evaluate/eval_p3/model_output/Llama-3-8B-Instruct-Gradient-1048k_5_shot/output/Llama-3-8B-Instruct-Gradient-1048k_NCT03926598_exc_5_shot.json' gespeichert.
File: NCT03926598_inc 

Das File: /work/eauten2s/ec_criteria_struct/lct/input/lct_txt_half/NCT03926598_inc.txt wurde erfolgreich geladen.
Die Daten wurden erfolgreich in '/work/eauten2s/ec_criteria_struct/lct/evaluate/eval_p3/model_output/Llama-3-8B-Instruct-Gradient-1048k_5_shot/output/Llama-3-8B-Instruct-Gradient-1048k_NCT03926598_inc_5_shot.json' gespeichert.
File: NCT03926611_exc 

Das File: /work/eauten2s/ec_criteria_struct/lct/input/lct_txt_half/NCT03926611_exc.txt wurde erfolgreich geladen.
Die Daten wurden erfolgreich in '/work/eauten2s/ec_criteria_struct/lct/evaluate/eval_p3/model_output/Llama-3-8B-Instruct-Gradient-1048k_5_shot/output/Llama-3-8B-Instruct-Gradient-1048k_NCT03926611_exc_5_shot.json' gespeichert.
File: NCT03926611_inc 

Das File: /work/eauten2s/ec_criteria_struct/lct/input/lct_txt_half/NCT03926611_inc.txt wurde erfolgreich geladen.
Die Daten wurden erfolgreich in '/work/eauten2s/ec_criteria_struct/lct/evaluate/eval_p3/model_output/Llama-3-8B-Instruct-Gradient-1048k_5_shot/output/Llama-3-8B-Instruct-Gradient-1048k_NCT03926611_inc_5_shot.json' gespeichert.
File: NCT03926637_exc 

Das File: /work/eauten2s/ec_criteria_struct/lct/input/lct_txt_half/NCT03926637_exc.txt wurde erfolgreich geladen.
Die Daten wurden erfolgreich in '/work/eauten2s/ec_criteria_struct/lct/evaluate/eval_p3/model_output/Llama-3-8B-Instruct-Gradient-1048k_5_shot/output/Llama-3-8B-Instruct-Gradient-1048k_NCT03926637_exc_5_shot.json' gespeichert.
File: NCT03926637_inc 

Das File: /work/eauten2s/ec_criteria_struct/lct/input/lct_txt_half/NCT03926637_inc.txt wurde erfolgreich geladen.
Die Daten wurden erfolgreich in '/work/eauten2s/ec_criteria_struct/lct/evaluate/eval_p3/model_output/Llama-3-8B-Instruct-Gradient-1048k_5_shot/output/Llama-3-8B-Instruct-Gradient-1048k_NCT03926637_inc_5_shot.json' gespeichert.
File: NCT03926650_exc 

Das File: /work/eauten2s/ec_criteria_struct/lct/input/lct_txt_half/NCT03926650_exc.txt wurde erfolgreich geladen.
Die Daten wurden erfolgreich in '/work/eauten2s/ec_criteria_struct/lct/evaluate/eval_p3/model_output/Llama-3-8B-Instruct-Gradient-1048k_5_shot/output/Llama-3-8B-Instruct-Gradient-1048k_NCT03926650_exc_5_shot.json' gespeichert.
File: NCT03926650_inc 

Das File: /work/eauten2s/ec_criteria_struct/lct/input/lct_txt_half/NCT03926650_inc.txt wurde erfolgreich geladen.
Die Daten wurden erfolgreich in '/work/eauten2s/ec_criteria_struct/lct/evaluate/eval_p3/model_output/Llama-3-8B-Instruct-Gradient-1048k_5_shot/output/Llama-3-8B-Instruct-Gradient-1048k_NCT03926650_inc_5_shot.json' gespeichert.
File: NCT03926663_exc 

Das File: /work/eauten2s/ec_criteria_struct/lct/input/lct_txt_half/NCT03926663_exc.txt wurde erfolgreich geladen.
Die Daten wurden erfolgreich in '/work/eauten2s/ec_criteria_struct/lct/evaluate/eval_p3/model_output/Llama-3-8B-Instruct-Gradient-1048k_5_shot/output/Llama-3-8B-Instruct-Gradient-1048k_NCT03926663_exc_5_shot.json' gespeichert.
File: NCT03926663_inc 

Das File: /work/eauten2s/ec_criteria_struct/lct/input/lct_txt_half/NCT03926663_inc.txt wurde erfolgreich geladen.
Die Daten wurden erfolgreich in '/work/eauten2s/ec_criteria_struct/lct/evaluate/eval_p3/model_output/Llama-3-8B-Instruct-Gradient-1048k_5_shot/output/Llama-3-8B-Instruct-Gradient-1048k_NCT03926663_inc_5_shot.json' gespeichert.
File: NCT03926676_exc 

Das File: /work/eauten2s/ec_criteria_struct/lct/input/lct_txt_half/NCT03926676_exc.txt wurde erfolgreich geladen.
Die Daten wurden erfolgreich in '/work/eauten2s/ec_criteria_struct/lct/evaluate/eval_p3/model_output/Llama-3-8B-Instruct-Gradient-1048k_5_shot/output/Llama-3-8B-Instruct-Gradient-1048k_NCT03926676_exc_5_shot.json' gespeichert.
File: NCT03926676_inc 

Das File: /work/eauten2s/ec_criteria_struct/lct/input/lct_txt_half/NCT03926676_inc.txt wurde erfolgreich geladen.
Die Daten wurden erfolgreich in '/work/eauten2s/ec_criteria_struct/lct/evaluate/eval_p3/model_output/Llama-3-8B-Instruct-Gradient-1048k_5_shot/output/Llama-3-8B-Instruct-Gradient-1048k_NCT03926676_inc_5_shot.json' gespeichert.
File: NCT03926702_exc 

Das File: /work/eauten2s/ec_criteria_struct/lct/input/lct_txt_half/NCT03926702_exc.txt wurde erfolgreich geladen.
Die Daten wurden erfolgreich in '/work/eauten2s/ec_criteria_struct/lct/evaluate/eval_p3/model_output/Llama-3-8B-Instruct-Gradient-1048k_5_shot/output/Llama-3-8B-Instruct-Gradient-1048k_NCT03926702_exc_5_shot.json' gespeichert.
File: NCT03926702_inc 

Das File: /work/eauten2s/ec_criteria_struct/lct/input/lct_txt_half/NCT03926702_inc.txt wurde erfolgreich geladen.
Die Daten wurden erfolgreich in '/work/eauten2s/ec_criteria_struct/lct/evaluate/eval_p3/model_output/Llama-3-8B-Instruct-Gradient-1048k_5_shot/output/Llama-3-8B-Instruct-Gradient-1048k_NCT03926702_inc_5_shot.json' gespeichert.
File: NCT03926767_exc 

Das File: /work/eauten2s/ec_criteria_struct/lct/input/lct_txt_half/NCT03926767_exc.txt wurde erfolgreich geladen.
Die Daten wurden erfolgreich in '/work/eauten2s/ec_criteria_struct/lct/evaluate/eval_p3/model_output/Llama-3-8B-Instruct-Gradient-1048k_5_shot/output/Llama-3-8B-Instruct-Gradient-1048k_NCT03926767_exc_5_shot.json' gespeichert.
File: NCT03926767_inc 

Das File: /work/eauten2s/ec_criteria_struct/lct/input/lct_txt_half/NCT03926767_inc.txt wurde erfolgreich geladen.
Die Daten wurden erfolgreich in '/work/eauten2s/ec_criteria_struct/lct/evaluate/eval_p3/model_output/Llama-3-8B-Instruct-Gradient-1048k_5_shot/output/Llama-3-8B-Instruct-Gradient-1048k_NCT03926767_inc_5_shot.json' gespeichert.
File: NCT03926780_exc 

Das File: /work/eauten2s/ec_criteria_struct/lct/input/lct_txt_half/NCT03926780_exc.txt wurde erfolgreich geladen.
Die Daten wurden erfolgreich in '/work/eauten2s/ec_criteria_struct/lct/evaluate/eval_p3/model_output/Llama-3-8B-Instruct-Gradient-1048k_5_shot/output/Llama-3-8B-Instruct-Gradient-1048k_NCT03926780_exc_5_shot.json' gespeichert.
File: NCT03926780_inc 

Das File: /work/eauten2s/ec_criteria_struct/lct/input/lct_txt_half/NCT03926780_inc.txt wurde erfolgreich geladen.
Die Daten wurden erfolgreich in '/work/eauten2s/ec_criteria_struct/lct/evaluate/eval_p3/model_output/Llama-3-8B-Instruct-Gradient-1048k_5_shot/output/Llama-3-8B-Instruct-Gradient-1048k_NCT03926780_inc_5_shot.json' gespeichert.
File: NCT03926793_exc 

Das File: /work/eauten2s/ec_criteria_struct/lct/input/lct_txt_half/NCT03926793_exc.txt wurde erfolgreich geladen.
Die Daten wurden erfolgreich in '/work/eauten2s/ec_criteria_struct/lct/evaluate/eval_p3/model_output/Llama-3-8B-Instruct-Gradient-1048k_5_shot/output/Llama-3-8B-Instruct-Gradient-1048k_NCT03926793_exc_5_shot.json' gespeichert.
File: NCT03926793_inc 

Das File: /work/eauten2s/ec_criteria_struct/lct/input/lct_txt_half/NCT03926793_inc.txt wurde erfolgreich geladen.
Die Daten wurden erfolgreich in '/work/eauten2s/ec_criteria_struct/lct/evaluate/eval_p3/model_output/Llama-3-8B-Instruct-Gradient-1048k_5_shot/output/Llama-3-8B-Instruct-Gradient-1048k_NCT03926793_inc_5_shot.json' gespeichert.
File: NCT03926806_exc 

Das File: /work/eauten2s/ec_criteria_struct/lct/input/lct_txt_half/NCT03926806_exc.txt wurde erfolgreich geladen.
Die Daten wurden erfolgreich in '/work/eauten2s/ec_criteria_struct/lct/evaluate/eval_p3/model_output/Llama-3-8B-Instruct-Gradient-1048k_5_shot/output/Llama-3-8B-Instruct-Gradient-1048k_NCT03926806_exc_5_shot.json' gespeichert.
File: NCT03926806_inc 

Das File: /work/eauten2s/ec_criteria_struct/lct/input/lct_txt_half/NCT03926806_inc.txt wurde erfolgreich geladen.
Die Daten wurden erfolgreich in '/work/eauten2s/ec_criteria_struct/lct/evaluate/eval_p3/model_output/Llama-3-8B-Instruct-Gradient-1048k_5_shot/output/Llama-3-8B-Instruct-Gradient-1048k_NCT03926806_inc_5_shot.json' gespeichert.
File: NCT03926832_exc 

Das File: /work/eauten2s/ec_criteria_struct/lct/input/lct_txt_half/NCT03926832_exc.txt wurde erfolgreich geladen.
Die Daten wurden erfolgreich in '/work/eauten2s/ec_criteria_struct/lct/evaluate/eval_p3/model_output/Llama-3-8B-Instruct-Gradient-1048k_5_shot/output/Llama-3-8B-Instruct-Gradient-1048k_NCT03926832_exc_5_shot.json' gespeichert.
File: NCT03926832_inc 

Das File: /work/eauten2s/ec_criteria_struct/lct/input/lct_txt_half/NCT03926832_inc.txt wurde erfolgreich geladen.
Die Daten wurden erfolgreich in '/work/eauten2s/ec_criteria_struct/lct/evaluate/eval_p3/model_output/Llama-3-8B-Instruct-Gradient-1048k_5_shot/output/Llama-3-8B-Instruct-Gradient-1048k_NCT03926832_inc_5_shot.json' gespeichert.
File: NCT03926858_exc 

Das File: /work/eauten2s/ec_criteria_struct/lct/input/lct_txt_half/NCT03926858_exc.txt wurde erfolgreich geladen.
Die Daten wurden erfolgreich in '/work/eauten2s/ec_criteria_struct/lct/evaluate/eval_p3/model_output/Llama-3-8B-Instruct-Gradient-1048k_5_shot/output/Llama-3-8B-Instruct-Gradient-1048k_NCT03926858_exc_5_shot.json' gespeichert.
File: NCT03926858_inc 

Das File: /work/eauten2s/ec_criteria_struct/lct/input/lct_txt_half/NCT03926858_inc.txt wurde erfolgreich geladen.
Die Daten wurden erfolgreich in '/work/eauten2s/ec_criteria_struct/lct/evaluate/eval_p3/model_output/Llama-3-8B-Instruct-Gradient-1048k_5_shot/output/Llama-3-8B-Instruct-Gradient-1048k_NCT03926858_inc_5_shot.json' gespeichert.
File: NCT03926871_exc 

Das File: /work/eauten2s/ec_criteria_struct/lct/input/lct_txt_half/NCT03926871_exc.txt wurde erfolgreich geladen.
Die Daten wurden erfolgreich in '/work/eauten2s/ec_criteria_struct/lct/evaluate/eval_p3/model_output/Llama-3-8B-Instruct-Gradient-1048k_5_shot/output/Llama-3-8B-Instruct-Gradient-1048k_NCT03926871_exc_5_shot.json' gespeichert.
File: NCT03926871_inc 

Das File: /work/eauten2s/ec_criteria_struct/lct/input/lct_txt_half/NCT03926871_inc.txt wurde erfolgreich geladen.
Die Daten wurden erfolgreich in '/work/eauten2s/ec_criteria_struct/lct/evaluate/eval_p3/model_output/Llama-3-8B-Instruct-Gradient-1048k_5_shot/output/Llama-3-8B-Instruct-Gradient-1048k_NCT03926871_inc_5_shot.json' gespeichert.
File: NCT03926910_exc 

Das File: /work/eauten2s/ec_criteria_struct/lct/input/lct_txt_half/NCT03926910_exc.txt wurde erfolgreich geladen.
Die Daten wurden erfolgreich in '/work/eauten2s/ec_criteria_struct/lct/evaluate/eval_p3/model_output/Llama-3-8B-Instruct-Gradient-1048k_5_shot/output/Llama-3-8B-Instruct-Gradient-1048k_NCT03926910_exc_5_shot.json' gespeichert.
File: NCT03926910_inc 

Das File: /work/eauten2s/ec_criteria_struct/lct/input/lct_txt_half/NCT03926910_inc.txt wurde erfolgreich geladen.
Die Daten wurden erfolgreich in '/work/eauten2s/ec_criteria_struct/lct/evaluate/eval_p3/model_output/Llama-3-8B-Instruct-Gradient-1048k_5_shot/output/Llama-3-8B-Instruct-Gradient-1048k_NCT03926910_inc_5_shot.json' gespeichert.
File: NCT03926949_exc 

Das File: /work/eauten2s/ec_criteria_struct/lct/input/lct_txt_half/NCT03926949_exc.txt wurde erfolgreich geladen.
Die Daten wurden erfolgreich in '/work/eauten2s/ec_criteria_struct/lct/evaluate/eval_p3/model_output/Llama-3-8B-Instruct-Gradient-1048k_5_shot/output/Llama-3-8B-Instruct-Gradient-1048k_NCT03926949_exc_5_shot.json' gespeichert.
File: NCT03926949_inc 

Das File: /work/eauten2s/ec_criteria_struct/lct/input/lct_txt_half/NCT03926949_inc.txt wurde erfolgreich geladen.
Die Daten wurden erfolgreich in '/work/eauten2s/ec_criteria_struct/lct/evaluate/eval_p3/model_output/Llama-3-8B-Instruct-Gradient-1048k_5_shot/output/Llama-3-8B-Instruct-Gradient-1048k_NCT03926949_inc_5_shot.json' gespeichert.
File: NCT03926962_exc 

Das File: /work/eauten2s/ec_criteria_struct/lct/input/lct_txt_half/NCT03926962_exc.txt wurde erfolgreich geladen.
Die Daten wurden erfolgreich in '/work/eauten2s/ec_criteria_struct/lct/evaluate/eval_p3/model_output/Llama-3-8B-Instruct-Gradient-1048k_5_shot/output/Llama-3-8B-Instruct-Gradient-1048k_NCT03926962_exc_5_shot.json' gespeichert.
File: NCT03926962_inc 

Das File: /work/eauten2s/ec_criteria_struct/lct/input/lct_txt_half/NCT03926962_inc.txt wurde erfolgreich geladen.
Die Daten wurden erfolgreich in '/work/eauten2s/ec_criteria_struct/lct/evaluate/eval_p3/model_output/Llama-3-8B-Instruct-Gradient-1048k_5_shot/output/Llama-3-8B-Instruct-Gradient-1048k_NCT03926962_inc_5_shot.json' gespeichert.
File: NCT03926975_exc 

Das File: /work/eauten2s/ec_criteria_struct/lct/input/lct_txt_half/NCT03926975_exc.txt wurde erfolgreich geladen.
Die Daten wurden erfolgreich in '/work/eauten2s/ec_criteria_struct/lct/evaluate/eval_p3/model_output/Llama-3-8B-Instruct-Gradient-1048k_5_shot/output/Llama-3-8B-Instruct-Gradient-1048k_NCT03926975_exc_5_shot.json' gespeichert.
File: NCT03926975_inc 

Das File: /work/eauten2s/ec_criteria_struct/lct/input/lct_txt_half/NCT03926975_inc.txt wurde erfolgreich geladen.
Die Daten wurden erfolgreich in '/work/eauten2s/ec_criteria_struct/lct/evaluate/eval_p3/model_output/Llama-3-8B-Instruct-Gradient-1048k_5_shot/output/Llama-3-8B-Instruct-Gradient-1048k_NCT03926975_inc_5_shot.json' gespeichert.
File: NCT03927014_exc 

Das File: /work/eauten2s/ec_criteria_struct/lct/input/lct_txt_half/NCT03927014_exc.txt wurde erfolgreich geladen.
Die Daten wurden erfolgreich in '/work/eauten2s/ec_criteria_struct/lct/evaluate/eval_p3/model_output/Llama-3-8B-Instruct-Gradient-1048k_5_shot/output/Llama-3-8B-Instruct-Gradient-1048k_NCT03927014_exc_5_shot.json' gespeichert.
File: NCT03927014_inc 

Das File: /work/eauten2s/ec_criteria_struct/lct/input/lct_txt_half/NCT03927014_inc.txt wurde erfolgreich geladen.
Die Daten wurden erfolgreich in '/work/eauten2s/ec_criteria_struct/lct/evaluate/eval_p3/model_output/Llama-3-8B-Instruct-Gradient-1048k_5_shot/output/Llama-3-8B-Instruct-Gradient-1048k_NCT03927014_inc_5_shot.json' gespeichert.
File: NCT03927066_inc 

Das File: /work/eauten2s/ec_criteria_struct/lct/input/lct_txt_half/NCT03927066_inc.txt wurde erfolgreich geladen.
Die Daten wurden erfolgreich in '/work/eauten2s/ec_criteria_struct/lct/evaluate/eval_p3/model_output/Llama-3-8B-Instruct-Gradient-1048k_5_shot/output/Llama-3-8B-Instruct-Gradient-1048k_NCT03927066_inc_5_shot.json' gespeichert.
File: NCT03927079_exc 

Das File: /work/eauten2s/ec_criteria_struct/lct/input/lct_txt_half/NCT03927079_exc.txt wurde erfolgreich geladen.
Die Daten wurden erfolgreich in '/work/eauten2s/ec_criteria_struct/lct/evaluate/eval_p3/model_output/Llama-3-8B-Instruct-Gradient-1048k_5_shot/output/Llama-3-8B-Instruct-Gradient-1048k_NCT03927079_exc_5_shot.json' gespeichert.
File: NCT03927079_inc 

Das File: /work/eauten2s/ec_criteria_struct/lct/input/lct_txt_half/NCT03927079_inc.txt wurde erfolgreich geladen.
Die Daten wurden erfolgreich in '/work/eauten2s/ec_criteria_struct/lct/evaluate/eval_p3/model_output/Llama-3-8B-Instruct-Gradient-1048k_5_shot/output/Llama-3-8B-Instruct-Gradient-1048k_NCT03927079_inc_5_shot.json' gespeichert.
File: NCT03927092_exc 

Das File: /work/eauten2s/ec_criteria_struct/lct/input/lct_txt_half/NCT03927092_exc.txt wurde erfolgreich geladen.
Die Daten wurden erfolgreich in '/work/eauten2s/ec_criteria_struct/lct/evaluate/eval_p3/model_output/Llama-3-8B-Instruct-Gradient-1048k_5_shot/output/Llama-3-8B-Instruct-Gradient-1048k_NCT03927092_exc_5_shot.json' gespeichert.
File: NCT03927092_inc 

Das File: /work/eauten2s/ec_criteria_struct/lct/input/lct_txt_half/NCT03927092_inc.txt wurde erfolgreich geladen.
Die Daten wurden erfolgreich in '/work/eauten2s/ec_criteria_struct/lct/evaluate/eval_p3/model_output/Llama-3-8B-Instruct-Gradient-1048k_5_shot/output/Llama-3-8B-Instruct-Gradient-1048k_NCT03927092_inc_5_shot.json' gespeichert.
File: NCT03927274_exc 

Das File: /work/eauten2s/ec_criteria_struct/lct/input/lct_txt_half/NCT03927274_exc.txt wurde erfolgreich geladen.
Die Daten wurden erfolgreich in '/work/eauten2s/ec_criteria_struct/lct/evaluate/eval_p3/model_output/Llama-3-8B-Instruct-Gradient-1048k_5_shot/output/Llama-3-8B-Instruct-Gradient-1048k_NCT03927274_exc_5_shot.json' gespeichert.
File: NCT03927274_inc 

Das File: /work/eauten2s/ec_criteria_struct/lct/input/lct_txt_half/NCT03927274_inc.txt wurde erfolgreich geladen.
Die Daten wurden erfolgreich in '/work/eauten2s/ec_criteria_struct/lct/evaluate/eval_p3/model_output/Llama-3-8B-Instruct-Gradient-1048k_5_shot/output/Llama-3-8B-Instruct-Gradient-1048k_NCT03927274_inc_5_shot.json' gespeichert.
File: NCT03927287_exc 

Das File: /work/eauten2s/ec_criteria_struct/lct/input/lct_txt_half/NCT03927287_exc.txt wurde erfolgreich geladen.
Die Daten wurden erfolgreich in '/work/eauten2s/ec_criteria_struct/lct/evaluate/eval_p3/model_output/Llama-3-8B-Instruct-Gradient-1048k_5_shot/output/Llama-3-8B-Instruct-Gradient-1048k_NCT03927287_exc_5_shot.json' gespeichert.
File: NCT03927287_inc 

Das File: /work/eauten2s/ec_criteria_struct/lct/input/lct_txt_half/NCT03927287_inc.txt wurde erfolgreich geladen.
Die Daten wurden erfolgreich in '/work/eauten2s/ec_criteria_struct/lct/evaluate/eval_p3/model_output/Llama-3-8B-Instruct-Gradient-1048k_5_shot/output/Llama-3-8B-Instruct-Gradient-1048k_NCT03927287_inc_5_shot.json' gespeichert.
File: NCT03927300_exc 

Das File: /work/eauten2s/ec_criteria_struct/lct/input/lct_txt_half/NCT03927300_exc.txt wurde erfolgreich geladen.
Die Daten wurden erfolgreich in '/work/eauten2s/ec_criteria_struct/lct/evaluate/eval_p3/model_output/Llama-3-8B-Instruct-Gradient-1048k_5_shot/output/Llama-3-8B-Instruct-Gradient-1048k_NCT03927300_exc_5_shot.json' gespeichert.
File: NCT03927300_inc 

Das File: /work/eauten2s/ec_criteria_struct/lct/input/lct_txt_half/NCT03927300_inc.txt wurde erfolgreich geladen.
Die Daten wurden erfolgreich in '/work/eauten2s/ec_criteria_struct/lct/evaluate/eval_p3/model_output/Llama-3-8B-Instruct-Gradient-1048k_5_shot/output/Llama-3-8B-Instruct-Gradient-1048k_NCT03927300_inc_5_shot.json' gespeichert.
File: NCT03927326_exc 

Das File: /work/eauten2s/ec_criteria_struct/lct/input/lct_txt_half/NCT03927326_exc.txt wurde erfolgreich geladen.
Die Daten wurden erfolgreich in '/work/eauten2s/ec_criteria_struct/lct/evaluate/eval_p3/model_output/Llama-3-8B-Instruct-Gradient-1048k_5_shot/output/Llama-3-8B-Instruct-Gradient-1048k_NCT03927326_exc_5_shot.json' gespeichert.
File: NCT03927326_inc 

Das File: /work/eauten2s/ec_criteria_struct/lct/input/lct_txt_half/NCT03927326_inc.txt wurde erfolgreich geladen.
Die Daten wurden erfolgreich in '/work/eauten2s/ec_criteria_struct/lct/evaluate/eval_p3/model_output/Llama-3-8B-Instruct-Gradient-1048k_5_shot/output/Llama-3-8B-Instruct-Gradient-1048k_NCT03927326_inc_5_shot.json' gespeichert.
File: NCT03927339_exc 

Das File: /work/eauten2s/ec_criteria_struct/lct/input/lct_txt_half/NCT03927339_exc.txt wurde erfolgreich geladen.
Die Daten wurden erfolgreich in '/work/eauten2s/ec_criteria_struct/lct/evaluate/eval_p3/model_output/Llama-3-8B-Instruct-Gradient-1048k_5_shot/output/Llama-3-8B-Instruct-Gradient-1048k_NCT03927339_exc_5_shot.json' gespeichert.
File: NCT03927339_inc 

Das File: /work/eauten2s/ec_criteria_struct/lct/input/lct_txt_half/NCT03927339_inc.txt wurde erfolgreich geladen.
Die Daten wurden erfolgreich in '/work/eauten2s/ec_criteria_struct/lct/evaluate/eval_p3/model_output/Llama-3-8B-Instruct-Gradient-1048k_5_shot/output/Llama-3-8B-Instruct-Gradient-1048k_NCT03927339_inc_5_shot.json' gespeichert.
File: NCT03927378_exc 

Das File: /work/eauten2s/ec_criteria_struct/lct/input/lct_txt_half/NCT03927378_exc.txt wurde erfolgreich geladen.
Die Daten wurden erfolgreich in '/work/eauten2s/ec_criteria_struct/lct/evaluate/eval_p3/model_output/Llama-3-8B-Instruct-Gradient-1048k_5_shot/output/Llama-3-8B-Instruct-Gradient-1048k_NCT03927378_exc_5_shot.json' gespeichert.
File: NCT03927378_inc 

Das File: /work/eauten2s/ec_criteria_struct/lct/input/lct_txt_half/NCT03927378_inc.txt wurde erfolgreich geladen.
Die Daten wurden erfolgreich in '/work/eauten2s/ec_criteria_struct/lct/evaluate/eval_p3/model_output/Llama-3-8B-Instruct-Gradient-1048k_5_shot/output/Llama-3-8B-Instruct-Gradient-1048k_NCT03927378_inc_5_shot.json' gespeichert.
File: NCT03927391_exc 

Das File: /work/eauten2s/ec_criteria_struct/lct/input/lct_txt_half/NCT03927391_exc.txt wurde erfolgreich geladen.
Die Daten wurden erfolgreich in '/work/eauten2s/ec_criteria_struct/lct/evaluate/eval_p3/model_output/Llama-3-8B-Instruct-Gradient-1048k_5_shot/output/Llama-3-8B-Instruct-Gradient-1048k_NCT03927391_exc_5_shot.json' gespeichert.
File: NCT03927391_inc 

Das File: /work/eauten2s/ec_criteria_struct/lct/input/lct_txt_half/NCT03927391_inc.txt wurde erfolgreich geladen.
Die Daten wurden erfolgreich in '/work/eauten2s/ec_criteria_struct/lct/evaluate/eval_p3/model_output/Llama-3-8B-Instruct-Gradient-1048k_5_shot/output/Llama-3-8B-Instruct-Gradient-1048k_NCT03927391_inc_5_shot.json' gespeichert.
File: NCT03927404_exc 

Das File: /work/eauten2s/ec_criteria_struct/lct/input/lct_txt_half/NCT03927404_exc.txt wurde erfolgreich geladen.
Die Daten wurden erfolgreich in '/work/eauten2s/ec_criteria_struct/lct/evaluate/eval_p3/model_output/Llama-3-8B-Instruct-Gradient-1048k_5_shot/output/Llama-3-8B-Instruct-Gradient-1048k_NCT03927404_exc_5_shot.json' gespeichert.
File: NCT03927404_inc 

Das File: /work/eauten2s/ec_criteria_struct/lct/input/lct_txt_half/NCT03927404_inc.txt wurde erfolgreich geladen.
Die Daten wurden erfolgreich in '/work/eauten2s/ec_criteria_struct/lct/evaluate/eval_p3/model_output/Llama-3-8B-Instruct-Gradient-1048k_5_shot/output/Llama-3-8B-Instruct-Gradient-1048k_NCT03927404_inc_5_shot.json' gespeichert.
File: NCT03927417_exc 

Das File: /work/eauten2s/ec_criteria_struct/lct/input/lct_txt_half/NCT03927417_exc.txt wurde erfolgreich geladen.
Die Daten wurden erfolgreich in '/work/eauten2s/ec_criteria_struct/lct/evaluate/eval_p3/model_output/Llama-3-8B-Instruct-Gradient-1048k_5_shot/output/Llama-3-8B-Instruct-Gradient-1048k_NCT03927417_exc_5_shot.json' gespeichert.
File: NCT03927456_exc 

Das File: /work/eauten2s/ec_criteria_struct/lct/input/lct_txt_half/NCT03927456_exc.txt wurde erfolgreich geladen.
Die Daten wurden erfolgreich in '/work/eauten2s/ec_criteria_struct/lct/evaluate/eval_p3/model_output/Llama-3-8B-Instruct-Gradient-1048k_5_shot/output/Llama-3-8B-Instruct-Gradient-1048k_NCT03927456_exc_5_shot.json' gespeichert.
File: NCT03927456_inc 

Das File: /work/eauten2s/ec_criteria_struct/lct/input/lct_txt_half/NCT03927456_inc.txt wurde erfolgreich geladen.
Die Daten wurden erfolgreich in '/work/eauten2s/ec_criteria_struct/lct/evaluate/eval_p3/model_output/Llama-3-8B-Instruct-Gradient-1048k_5_shot/output/Llama-3-8B-Instruct-Gradient-1048k_NCT03927456_inc_5_shot.json' gespeichert.
File: NCT03927469_exc 

Das File: /work/eauten2s/ec_criteria_struct/lct/input/lct_txt_half/NCT03927469_exc.txt wurde erfolgreich geladen.
Die Daten wurden erfolgreich in '/work/eauten2s/ec_criteria_struct/lct/evaluate/eval_p3/model_output/Llama-3-8B-Instruct-Gradient-1048k_5_shot/output/Llama-3-8B-Instruct-Gradient-1048k_NCT03927469_exc_5_shot.json' gespeichert.
File: NCT03927469_inc 

Das File: /work/eauten2s/ec_criteria_struct/lct/input/lct_txt_half/NCT03927469_inc.txt wurde erfolgreich geladen.
Die Daten wurden erfolgreich in '/work/eauten2s/ec_criteria_struct/lct/evaluate/eval_p3/model_output/Llama-3-8B-Instruct-Gradient-1048k_5_shot/output/Llama-3-8B-Instruct-Gradient-1048k_NCT03927469_inc_5_shot.json' gespeichert.
File: NCT03927482_exc 

Das File: /work/eauten2s/ec_criteria_struct/lct/input/lct_txt_half/NCT03927482_exc.txt wurde erfolgreich geladen.
Die Daten wurden erfolgreich in '/work/eauten2s/ec_criteria_struct/lct/evaluate/eval_p3/model_output/Llama-3-8B-Instruct-Gradient-1048k_5_shot/output/Llama-3-8B-Instruct-Gradient-1048k_NCT03927482_exc_5_shot.json' gespeichert.
File: NCT03927482_inc 

Das File: /work/eauten2s/ec_criteria_struct/lct/input/lct_txt_half/NCT03927482_inc.txt wurde erfolgreich geladen.
Die Daten wurden erfolgreich in '/work/eauten2s/ec_criteria_struct/lct/evaluate/eval_p3/model_output/Llama-3-8B-Instruct-Gradient-1048k_5_shot/output/Llama-3-8B-Instruct-Gradient-1048k_NCT03927482_inc_5_shot.json' gespeichert.
File: NCT03927534_exc 

Das File: /work/eauten2s/ec_criteria_struct/lct/input/lct_txt_half/NCT03927534_exc.txt wurde erfolgreich geladen.
Die Daten wurden erfolgreich in '/work/eauten2s/ec_criteria_struct/lct/evaluate/eval_p3/model_output/Llama-3-8B-Instruct-Gradient-1048k_5_shot/output/Llama-3-8B-Instruct-Gradient-1048k_NCT03927534_exc_5_shot.json' gespeichert.
File: NCT03927534_inc 

Das File: /work/eauten2s/ec_criteria_struct/lct/input/lct_txt_half/NCT03927534_inc.txt wurde erfolgreich geladen.
Die Daten wurden erfolgreich in '/work/eauten2s/ec_criteria_struct/lct/evaluate/eval_p3/model_output/Llama-3-8B-Instruct-Gradient-1048k_5_shot/output/Llama-3-8B-Instruct-Gradient-1048k_NCT03927534_inc_5_shot.json' gespeichert.
File: NCT03927612_exc 

Das File: /work/eauten2s/ec_criteria_struct/lct/input/lct_txt_half/NCT03927612_exc.txt wurde erfolgreich geladen.
Die Daten wurden erfolgreich in '/work/eauten2s/ec_criteria_struct/lct/evaluate/eval_p3/model_output/Llama-3-8B-Instruct-Gradient-1048k_5_shot/output/Llama-3-8B-Instruct-Gradient-1048k_NCT03927612_exc_5_shot.json' gespeichert.
File: NCT03927612_inc 

Das File: /work/eauten2s/ec_criteria_struct/lct/input/lct_txt_half/NCT03927612_inc.txt wurde erfolgreich geladen.
Die Daten wurden erfolgreich in '/work/eauten2s/ec_criteria_struct/lct/evaluate/eval_p3/model_output/Llama-3-8B-Instruct-Gradient-1048k_5_shot/output/Llama-3-8B-Instruct-Gradient-1048k_NCT03927612_inc_5_shot.json' gespeichert.
File: NCT03927638_exc 

Das File: /work/eauten2s/ec_criteria_struct/lct/input/lct_txt_half/NCT03927638_exc.txt wurde erfolgreich geladen.
Die Daten wurden erfolgreich in '/work/eauten2s/ec_criteria_struct/lct/evaluate/eval_p3/model_output/Llama-3-8B-Instruct-Gradient-1048k_5_shot/output/Llama-3-8B-Instruct-Gradient-1048k_NCT03927638_exc_5_shot.json' gespeichert.
File: NCT03927638_inc 

Das File: /work/eauten2s/ec_criteria_struct/lct/input/lct_txt_half/NCT03927638_inc.txt wurde erfolgreich geladen.
Die Daten wurden erfolgreich in '/work/eauten2s/ec_criteria_struct/lct/evaluate/eval_p3/model_output/Llama-3-8B-Instruct-Gradient-1048k_5_shot/output/Llama-3-8B-Instruct-Gradient-1048k_NCT03927638_inc_5_shot.json' gespeichert.
File: NCT03927651_exc 

Das File: /work/eauten2s/ec_criteria_struct/lct/input/lct_txt_half/NCT03927651_exc.txt wurde erfolgreich geladen.
Die Daten wurden erfolgreich in '/work/eauten2s/ec_criteria_struct/lct/evaluate/eval_p3/model_output/Llama-3-8B-Instruct-Gradient-1048k_5_shot/output/Llama-3-8B-Instruct-Gradient-1048k_NCT03927651_exc_5_shot.json' gespeichert.
File: NCT03927651_inc 

Das File: /work/eauten2s/ec_criteria_struct/lct/input/lct_txt_half/NCT03927651_inc.txt wurde erfolgreich geladen.
Die Daten wurden erfolgreich in '/work/eauten2s/ec_criteria_struct/lct/evaluate/eval_p3/model_output/Llama-3-8B-Instruct-Gradient-1048k_5_shot/output/Llama-3-8B-Instruct-Gradient-1048k_NCT03927651_inc_5_shot.json' gespeichert.
File: NCT03927664_exc 

Das File: /work/eauten2s/ec_criteria_struct/lct/input/lct_txt_half/NCT03927664_exc.txt wurde erfolgreich geladen.
Die Daten wurden erfolgreich in '/work/eauten2s/ec_criteria_struct/lct/evaluate/eval_p3/model_output/Llama-3-8B-Instruct-Gradient-1048k_5_shot/output/Llama-3-8B-Instruct-Gradient-1048k_NCT03927664_exc_5_shot.json' gespeichert.
File: NCT03927664_inc 

Das File: /work/eauten2s/ec_criteria_struct/lct/input/lct_txt_half/NCT03927664_inc.txt wurde erfolgreich geladen.
Die Daten wurden erfolgreich in '/work/eauten2s/ec_criteria_struct/lct/evaluate/eval_p3/model_output/Llama-3-8B-Instruct-Gradient-1048k_5_shot/output/Llama-3-8B-Instruct-Gradient-1048k_NCT03927664_inc_5_shot.json' gespeichert.
File: NCT03927690_inc 

Das File: /work/eauten2s/ec_criteria_struct/lct/input/lct_txt_half/NCT03927690_inc.txt wurde erfolgreich geladen.
Die Daten wurden erfolgreich in '/work/eauten2s/ec_criteria_struct/lct/evaluate/eval_p3/model_output/Llama-3-8B-Instruct-Gradient-1048k_5_shot/output/Llama-3-8B-Instruct-Gradient-1048k_NCT03927690_inc_5_shot.json' gespeichert.
File: NCT03927729_exc 

Das File: /work/eauten2s/ec_criteria_struct/lct/input/lct_txt_half/NCT03927729_exc.txt wurde erfolgreich geladen.
Die Daten wurden erfolgreich in '/work/eauten2s/ec_criteria_struct/lct/evaluate/eval_p3/model_output/Llama-3-8B-Instruct-Gradient-1048k_5_shot/output/Llama-3-8B-Instruct-Gradient-1048k_NCT03927729_exc_5_shot.json' gespeichert.
File: NCT03927729_inc 

Das File: /work/eauten2s/ec_criteria_struct/lct/input/lct_txt_half/NCT03927729_inc.txt wurde erfolgreich geladen.
Die Daten wurden erfolgreich in '/work/eauten2s/ec_criteria_struct/lct/evaluate/eval_p3/model_output/Llama-3-8B-Instruct-Gradient-1048k_5_shot/output/Llama-3-8B-Instruct-Gradient-1048k_NCT03927729_inc_5_shot.json' gespeichert.
File: NCT03927742_exc 

Das File: /work/eauten2s/ec_criteria_struct/lct/input/lct_txt_half/NCT03927742_exc.txt wurde erfolgreich geladen.
Die Daten wurden erfolgreich in '/work/eauten2s/ec_criteria_struct/lct/evaluate/eval_p3/model_output/Llama-3-8B-Instruct-Gradient-1048k_5_shot/output/Llama-3-8B-Instruct-Gradient-1048k_NCT03927742_exc_5_shot.json' gespeichert.
File: NCT03927742_inc 

Das File: /work/eauten2s/ec_criteria_struct/lct/input/lct_txt_half/NCT03927742_inc.txt wurde erfolgreich geladen.
Die Daten wurden erfolgreich in '/work/eauten2s/ec_criteria_struct/lct/evaluate/eval_p3/model_output/Llama-3-8B-Instruct-Gradient-1048k_5_shot/output/Llama-3-8B-Instruct-Gradient-1048k_NCT03927742_inc_5_shot.json' gespeichert.
File: NCT03927755_exc 

Das File: /work/eauten2s/ec_criteria_struct/lct/input/lct_txt_half/NCT03927755_exc.txt wurde erfolgreich geladen.
Die Daten wurden erfolgreich in '/work/eauten2s/ec_criteria_struct/lct/evaluate/eval_p3/model_output/Llama-3-8B-Instruct-Gradient-1048k_5_shot/output/Llama-3-8B-Instruct-Gradient-1048k_NCT03927755_exc_5_shot.json' gespeichert.
File: NCT03927755_inc 

Das File: /work/eauten2s/ec_criteria_struct/lct/input/lct_txt_half/NCT03927755_inc.txt wurde erfolgreich geladen.
Die Daten wurden erfolgreich in '/work/eauten2s/ec_criteria_struct/lct/evaluate/eval_p3/model_output/Llama-3-8B-Instruct-Gradient-1048k_5_shot/output/Llama-3-8B-Instruct-Gradient-1048k_NCT03927755_inc_5_shot.json' gespeichert.
File: NCT03927794_exc 

Das File: /work/eauten2s/ec_criteria_struct/lct/input/lct_txt_half/NCT03927794_exc.txt wurde erfolgreich geladen.
Die Daten wurden erfolgreich in '/work/eauten2s/ec_criteria_struct/lct/evaluate/eval_p3/model_output/Llama-3-8B-Instruct-Gradient-1048k_5_shot/output/Llama-3-8B-Instruct-Gradient-1048k_NCT03927794_exc_5_shot.json' gespeichert.
File: NCT03927794_inc 

Das File: /work/eauten2s/ec_criteria_struct/lct/input/lct_txt_half/NCT03927794_inc.txt wurde erfolgreich geladen.
Die Daten wurden erfolgreich in '/work/eauten2s/ec_criteria_struct/lct/evaluate/eval_p3/model_output/Llama-3-8B-Instruct-Gradient-1048k_5_shot/output/Llama-3-8B-Instruct-Gradient-1048k_NCT03927794_inc_5_shot.json' gespeichert.
File: NCT03927820_exc 

Das File: /work/eauten2s/ec_criteria_struct/lct/input/lct_txt_half/NCT03927820_exc.txt wurde erfolgreich geladen.
Die Daten wurden erfolgreich in '/work/eauten2s/ec_criteria_struct/lct/evaluate/eval_p3/model_output/Llama-3-8B-Instruct-Gradient-1048k_5_shot/output/Llama-3-8B-Instruct-Gradient-1048k_NCT03927820_exc_5_shot.json' gespeichert.
File: NCT03927820_inc 

Das File: /work/eauten2s/ec_criteria_struct/lct/input/lct_txt_half/NCT03927820_inc.txt wurde erfolgreich geladen.
Die Daten wurden erfolgreich in '/work/eauten2s/ec_criteria_struct/lct/evaluate/eval_p3/model_output/Llama-3-8B-Instruct-Gradient-1048k_5_shot/output/Llama-3-8B-Instruct-Gradient-1048k_NCT03927820_inc_5_shot.json' gespeichert.
File: NCT03927833_exc 

Das File: /work/eauten2s/ec_criteria_struct/lct/input/lct_txt_half/NCT03927833_exc.txt wurde erfolgreich geladen.
Die Daten wurden erfolgreich in '/work/eauten2s/ec_criteria_struct/lct/evaluate/eval_p3/model_output/Llama-3-8B-Instruct-Gradient-1048k_5_shot/output/Llama-3-8B-Instruct-Gradient-1048k_NCT03927833_exc_5_shot.json' gespeichert.
File: NCT03927833_inc 

Das File: /work/eauten2s/ec_criteria_struct/lct/input/lct_txt_half/NCT03927833_inc.txt wurde erfolgreich geladen.
Die Daten wurden erfolgreich in '/work/eauten2s/ec_criteria_struct/lct/evaluate/eval_p3/model_output/Llama-3-8B-Instruct-Gradient-1048k_5_shot/output/Llama-3-8B-Instruct-Gradient-1048k_NCT03927833_inc_5_shot.json' gespeichert.
File: NCT03927846_exc 

Das File: /work/eauten2s/ec_criteria_struct/lct/input/lct_txt_half/NCT03927846_exc.txt wurde erfolgreich geladen.
Die Daten wurden erfolgreich in '/work/eauten2s/ec_criteria_struct/lct/evaluate/eval_p3/model_output/Llama-3-8B-Instruct-Gradient-1048k_5_shot/output/Llama-3-8B-Instruct-Gradient-1048k_NCT03927846_exc_5_shot.json' gespeichert.
File: NCT03927846_inc 

Das File: /work/eauten2s/ec_criteria_struct/lct/input/lct_txt_half/NCT03927846_inc.txt wurde erfolgreich geladen.
Die Daten wurden erfolgreich in '/work/eauten2s/ec_criteria_struct/lct/evaluate/eval_p3/model_output/Llama-3-8B-Instruct-Gradient-1048k_5_shot/output/Llama-3-8B-Instruct-Gradient-1048k_NCT03927846_inc_5_shot.json' gespeichert.
File: NCT03927872_exc 

Das File: /work/eauten2s/ec_criteria_struct/lct/input/lct_txt_half/NCT03927872_exc.txt wurde erfolgreich geladen.
Die Daten wurden erfolgreich in '/work/eauten2s/ec_criteria_struct/lct/evaluate/eval_p3/model_output/Llama-3-8B-Instruct-Gradient-1048k_5_shot/output/Llama-3-8B-Instruct-Gradient-1048k_NCT03927872_exc_5_shot.json' gespeichert.
File: NCT03927872_inc 

Das File: /work/eauten2s/ec_criteria_struct/lct/input/lct_txt_half/NCT03927872_inc.txt wurde erfolgreich geladen.
Die Daten wurden erfolgreich in '/work/eauten2s/ec_criteria_struct/lct/evaluate/eval_p3/model_output/Llama-3-8B-Instruct-Gradient-1048k_5_shot/output/Llama-3-8B-Instruct-Gradient-1048k_NCT03927872_inc_5_shot.json' gespeichert.
File: NCT03927885_exc 

Das File: /work/eauten2s/ec_criteria_struct/lct/input/lct_txt_half/NCT03927885_exc.txt wurde erfolgreich geladen.
Die Daten wurden erfolgreich in '/work/eauten2s/ec_criteria_struct/lct/evaluate/eval_p3/model_output/Llama-3-8B-Instruct-Gradient-1048k_5_shot/output/Llama-3-8B-Instruct-Gradient-1048k_NCT03927885_exc_5_shot.json' gespeichert.
File: NCT03927885_inc 

Das File: /work/eauten2s/ec_criteria_struct/lct/input/lct_txt_half/NCT03927885_inc.txt wurde erfolgreich geladen.
Die Daten wurden erfolgreich in '/work/eauten2s/ec_criteria_struct/lct/evaluate/eval_p3/model_output/Llama-3-8B-Instruct-Gradient-1048k_5_shot/output/Llama-3-8B-Instruct-Gradient-1048k_NCT03927885_inc_5_shot.json' gespeichert.
File: NCT03927924_exc 

Das File: /work/eauten2s/ec_criteria_struct/lct/input/lct_txt_half/NCT03927924_exc.txt wurde erfolgreich geladen.
Die Daten wurden erfolgreich in '/work/eauten2s/ec_criteria_struct/lct/evaluate/eval_p3/model_output/Llama-3-8B-Instruct-Gradient-1048k_5_shot/output/Llama-3-8B-Instruct-Gradient-1048k_NCT03927924_exc_5_shot.json' gespeichert.
File: NCT03927924_inc 

Das File: /work/eauten2s/ec_criteria_struct/lct/input/lct_txt_half/NCT03927924_inc.txt wurde erfolgreich geladen.
Die Daten wurden erfolgreich in '/work/eauten2s/ec_criteria_struct/lct/evaluate/eval_p3/model_output/Llama-3-8B-Instruct-Gradient-1048k_5_shot/output/Llama-3-8B-Instruct-Gradient-1048k_NCT03927924_inc_5_shot.json' gespeichert.
File: NCT03927937_exc 

Das File: /work/eauten2s/ec_criteria_struct/lct/input/lct_txt_half/NCT03927937_exc.txt wurde erfolgreich geladen.
Die Daten wurden erfolgreich in '/work/eauten2s/ec_criteria_struct/lct/evaluate/eval_p3/model_output/Llama-3-8B-Instruct-Gradient-1048k_5_shot/output/Llama-3-8B-Instruct-Gradient-1048k_NCT03927937_exc_5_shot.json' gespeichert.
File: NCT03927937_inc 

Das File: /work/eauten2s/ec_criteria_struct/lct/input/lct_txt_half/NCT03927937_inc.txt wurde erfolgreich geladen.
Die Daten wurden erfolgreich in '/work/eauten2s/ec_criteria_struct/lct/evaluate/eval_p3/model_output/Llama-3-8B-Instruct-Gradient-1048k_5_shot/output/Llama-3-8B-Instruct-Gradient-1048k_NCT03927937_inc_5_shot.json' gespeichert.
File: NCT03928002_exc 

Das File: /work/eauten2s/ec_criteria_struct/lct/input/lct_txt_half/NCT03928002_exc.txt wurde erfolgreich geladen.
Die Daten wurden erfolgreich in '/work/eauten2s/ec_criteria_struct/lct/evaluate/eval_p3/model_output/Llama-3-8B-Instruct-Gradient-1048k_5_shot/output/Llama-3-8B-Instruct-Gradient-1048k_NCT03928002_exc_5_shot.json' gespeichert.
File: NCT03928002_inc 

Das File: /work/eauten2s/ec_criteria_struct/lct/input/lct_txt_half/NCT03928002_inc.txt wurde erfolgreich geladen.
Die Daten wurden erfolgreich in '/work/eauten2s/ec_criteria_struct/lct/evaluate/eval_p3/model_output/Llama-3-8B-Instruct-Gradient-1048k_5_shot/output/Llama-3-8B-Instruct-Gradient-1048k_NCT03928002_inc_5_shot.json' gespeichert.
File: NCT03928015_exc 

Das File: /work/eauten2s/ec_criteria_struct/lct/input/lct_txt_half/NCT03928015_exc.txt wurde erfolgreich geladen.
Die Daten wurden erfolgreich in '/work/eauten2s/ec_criteria_struct/lct/evaluate/eval_p3/model_output/Llama-3-8B-Instruct-Gradient-1048k_5_shot/output/Llama-3-8B-Instruct-Gradient-1048k_NCT03928015_exc_5_shot.json' gespeichert.
File: NCT03928015_inc 

Das File: /work/eauten2s/ec_criteria_struct/lct/input/lct_txt_half/NCT03928015_inc.txt wurde erfolgreich geladen.
Die Daten wurden erfolgreich in '/work/eauten2s/ec_criteria_struct/lct/evaluate/eval_p3/model_output/Llama-3-8B-Instruct-Gradient-1048k_5_shot/output/Llama-3-8B-Instruct-Gradient-1048k_NCT03928015_inc_5_shot.json' gespeichert.
File: NCT03928028_exc 

Das File: /work/eauten2s/ec_criteria_struct/lct/input/lct_txt_half/NCT03928028_exc.txt wurde erfolgreich geladen.
Die Daten wurden erfolgreich in '/work/eauten2s/ec_criteria_struct/lct/evaluate/eval_p3/model_output/Llama-3-8B-Instruct-Gradient-1048k_5_shot/output/Llama-3-8B-Instruct-Gradient-1048k_NCT03928028_exc_5_shot.json' gespeichert.
File: NCT03928028_inc 

Das File: /work/eauten2s/ec_criteria_struct/lct/input/lct_txt_half/NCT03928028_inc.txt wurde erfolgreich geladen.
Die Daten wurden erfolgreich in '/work/eauten2s/ec_criteria_struct/lct/evaluate/eval_p3/model_output/Llama-3-8B-Instruct-Gradient-1048k_5_shot/output/Llama-3-8B-Instruct-Gradient-1048k_NCT03928028_inc_5_shot.json' gespeichert.
File: NCT03928054_exc 

Das File: /work/eauten2s/ec_criteria_struct/lct/input/lct_txt_half/NCT03928054_exc.txt wurde erfolgreich geladen.
Die Daten wurden erfolgreich in '/work/eauten2s/ec_criteria_struct/lct/evaluate/eval_p3/model_output/Llama-3-8B-Instruct-Gradient-1048k_5_shot/output/Llama-3-8B-Instruct-Gradient-1048k_NCT03928054_exc_5_shot.json' gespeichert.
File: NCT03928054_inc 

Das File: /work/eauten2s/ec_criteria_struct/lct/input/lct_txt_half/NCT03928054_inc.txt wurde erfolgreich geladen.
Die Daten wurden erfolgreich in '/work/eauten2s/ec_criteria_struct/lct/evaluate/eval_p3/model_output/Llama-3-8B-Instruct-Gradient-1048k_5_shot/output/Llama-3-8B-Instruct-Gradient-1048k_NCT03928054_inc_5_shot.json' gespeichert.
File: NCT03928080_exc 

Das File: /work/eauten2s/ec_criteria_struct/lct/input/lct_txt_half/NCT03928080_exc.txt wurde erfolgreich geladen.
Die Daten wurden erfolgreich in '/work/eauten2s/ec_criteria_struct/lct/evaluate/eval_p3/model_output/Llama-3-8B-Instruct-Gradient-1048k_5_shot/output/Llama-3-8B-Instruct-Gradient-1048k_NCT03928080_exc_5_shot.json' gespeichert.
File: NCT03928080_inc 

Das File: /work/eauten2s/ec_criteria_struct/lct/input/lct_txt_half/NCT03928080_inc.txt wurde erfolgreich geladen.
Die Daten wurden erfolgreich in '/work/eauten2s/ec_criteria_struct/lct/evaluate/eval_p3/model_output/Llama-3-8B-Instruct-Gradient-1048k_5_shot/output/Llama-3-8B-Instruct-Gradient-1048k_NCT03928080_inc_5_shot.json' gespeichert.
File: NCT03928093_exc 

Das File: /work/eauten2s/ec_criteria_struct/lct/input/lct_txt_half/NCT03928093_exc.txt wurde erfolgreich geladen.
Die Daten wurden erfolgreich in '/work/eauten2s/ec_criteria_struct/lct/evaluate/eval_p3/model_output/Llama-3-8B-Instruct-Gradient-1048k_5_shot/output/Llama-3-8B-Instruct-Gradient-1048k_NCT03928093_exc_5_shot.json' gespeichert.
File: NCT03928093_inc 

Das File: /work/eauten2s/ec_criteria_struct/lct/input/lct_txt_half/NCT03928093_inc.txt wurde erfolgreich geladen.
Die Daten wurden erfolgreich in '/work/eauten2s/ec_criteria_struct/lct/evaluate/eval_p3/model_output/Llama-3-8B-Instruct-Gradient-1048k_5_shot/output/Llama-3-8B-Instruct-Gradient-1048k_NCT03928093_inc_5_shot.json' gespeichert.
File: NCT03928119_exc 

Das File: /work/eauten2s/ec_criteria_struct/lct/input/lct_txt_half/NCT03928119_exc.txt wurde erfolgreich geladen.
Die Daten wurden erfolgreich in '/work/eauten2s/ec_criteria_struct/lct/evaluate/eval_p3/model_output/Llama-3-8B-Instruct-Gradient-1048k_5_shot/output/Llama-3-8B-Instruct-Gradient-1048k_NCT03928119_exc_5_shot.json' gespeichert.
File: NCT03928119_inc 

Das File: /work/eauten2s/ec_criteria_struct/lct/input/lct_txt_half/NCT03928119_inc.txt wurde erfolgreich geladen.
Die Daten wurden erfolgreich in '/work/eauten2s/ec_criteria_struct/lct/evaluate/eval_p3/model_output/Llama-3-8B-Instruct-Gradient-1048k_5_shot/output/Llama-3-8B-Instruct-Gradient-1048k_NCT03928119_inc_5_shot.json' gespeichert.
File: NCT03928132_inc 

Das File: /work/eauten2s/ec_criteria_struct/lct/input/lct_txt_half/NCT03928132_inc.txt wurde erfolgreich geladen.
Die Daten wurden erfolgreich in '/work/eauten2s/ec_criteria_struct/lct/evaluate/eval_p3/model_output/Llama-3-8B-Instruct-Gradient-1048k_5_shot/output/Llama-3-8B-Instruct-Gradient-1048k_NCT03928132_inc_5_shot.json' gespeichert.
File: NCT03928145_exc 

Das File: /work/eauten2s/ec_criteria_struct/lct/input/lct_txt_half/NCT03928145_exc.txt wurde erfolgreich geladen.
Die Daten wurden erfolgreich in '/work/eauten2s/ec_criteria_struct/lct/evaluate/eval_p3/model_output/Llama-3-8B-Instruct-Gradient-1048k_5_shot/output/Llama-3-8B-Instruct-Gradient-1048k_NCT03928145_exc_5_shot.json' gespeichert.
File: NCT03928145_inc 

Das File: /work/eauten2s/ec_criteria_struct/lct/input/lct_txt_half/NCT03928145_inc.txt wurde erfolgreich geladen.
Die Daten wurden erfolgreich in '/work/eauten2s/ec_criteria_struct/lct/evaluate/eval_p3/model_output/Llama-3-8B-Instruct-Gradient-1048k_5_shot/output/Llama-3-8B-Instruct-Gradient-1048k_NCT03928145_inc_5_shot.json' gespeichert.
File: NCT03928158_exc 

Das File: /work/eauten2s/ec_criteria_struct/lct/input/lct_txt_half/NCT03928158_exc.txt wurde erfolgreich geladen.
Die Daten wurden erfolgreich in '/work/eauten2s/ec_criteria_struct/lct/evaluate/eval_p3/model_output/Llama-3-8B-Instruct-Gradient-1048k_5_shot/output/Llama-3-8B-Instruct-Gradient-1048k_NCT03928158_exc_5_shot.json' gespeichert.
File: NCT03928158_inc 

Das File: /work/eauten2s/ec_criteria_struct/lct/input/lct_txt_half/NCT03928158_inc.txt wurde erfolgreich geladen.
Die Daten wurden erfolgreich in '/work/eauten2s/ec_criteria_struct/lct/evaluate/eval_p3/model_output/Llama-3-8B-Instruct-Gradient-1048k_5_shot/output/Llama-3-8B-Instruct-Gradient-1048k_NCT03928158_inc_5_shot.json' gespeichert.
File: NCT03928171_exc 

Das File: /work/eauten2s/ec_criteria_struct/lct/input/lct_txt_half/NCT03928171_exc.txt wurde erfolgreich geladen.
Die Daten wurden erfolgreich in '/work/eauten2s/ec_criteria_struct/lct/evaluate/eval_p3/model_output/Llama-3-8B-Instruct-Gradient-1048k_5_shot/output/Llama-3-8B-Instruct-Gradient-1048k_NCT03928171_exc_5_shot.json' gespeichert.
File: NCT03928171_inc 

Das File: /work/eauten2s/ec_criteria_struct/lct/input/lct_txt_half/NCT03928171_inc.txt wurde erfolgreich geladen.
Die Daten wurden erfolgreich in '/work/eauten2s/ec_criteria_struct/lct/evaluate/eval_p3/model_output/Llama-3-8B-Instruct-Gradient-1048k_5_shot/output/Llama-3-8B-Instruct-Gradient-1048k_NCT03928171_inc_5_shot.json' gespeichert.
File: NCT03928197_exc 

Das File: /work/eauten2s/ec_criteria_struct/lct/input/lct_txt_half/NCT03928197_exc.txt wurde erfolgreich geladen.
Die Daten wurden erfolgreich in '/work/eauten2s/ec_criteria_struct/lct/evaluate/eval_p3/model_output/Llama-3-8B-Instruct-Gradient-1048k_5_shot/output/Llama-3-8B-Instruct-Gradient-1048k_NCT03928197_exc_5_shot.json' gespeichert.
File: NCT03928197_inc 

Das File: /work/eauten2s/ec_criteria_struct/lct/input/lct_txt_half/NCT03928197_inc.txt wurde erfolgreich geladen.
Die Daten wurden erfolgreich in '/work/eauten2s/ec_criteria_struct/lct/evaluate/eval_p3/model_output/Llama-3-8B-Instruct-Gradient-1048k_5_shot/output/Llama-3-8B-Instruct-Gradient-1048k_NCT03928197_inc_5_shot.json' gespeichert.
File: NCT03928223_exc 

Das File: /work/eauten2s/ec_criteria_struct/lct/input/lct_txt_half/NCT03928223_exc.txt wurde erfolgreich geladen.
Die Daten wurden erfolgreich in '/work/eauten2s/ec_criteria_struct/lct/evaluate/eval_p3/model_output/Llama-3-8B-Instruct-Gradient-1048k_5_shot/output/Llama-3-8B-Instruct-Gradient-1048k_NCT03928223_exc_5_shot.json' gespeichert.
File: NCT03928223_inc 

Das File: /work/eauten2s/ec_criteria_struct/lct/input/lct_txt_half/NCT03928223_inc.txt wurde erfolgreich geladen.
Die Daten wurden erfolgreich in '/work/eauten2s/ec_criteria_struct/lct/evaluate/eval_p3/model_output/Llama-3-8B-Instruct-Gradient-1048k_5_shot/output/Llama-3-8B-Instruct-Gradient-1048k_NCT03928223_inc_5_shot.json' gespeichert.
File: NCT03928288_exc 

Das File: /work/eauten2s/ec_criteria_struct/lct/input/lct_txt_half/NCT03928288_exc.txt wurde erfolgreich geladen.
Die Daten wurden erfolgreich in '/work/eauten2s/ec_criteria_struct/lct/evaluate/eval_p3/model_output/Llama-3-8B-Instruct-Gradient-1048k_5_shot/output/Llama-3-8B-Instruct-Gradient-1048k_NCT03928288_exc_5_shot.json' gespeichert.
File: NCT03928288_inc 

Das File: /work/eauten2s/ec_criteria_struct/lct/input/lct_txt_half/NCT03928288_inc.txt wurde erfolgreich geladen.
Die Daten wurden erfolgreich in '/work/eauten2s/ec_criteria_struct/lct/evaluate/eval_p3/model_output/Llama-3-8B-Instruct-Gradient-1048k_5_shot/output/Llama-3-8B-Instruct-Gradient-1048k_NCT03928288_inc_5_shot.json' gespeichert.
File: NCT03928340_exc 

Das File: /work/eauten2s/ec_criteria_struct/lct/input/lct_txt_half/NCT03928340_exc.txt wurde erfolgreich geladen.
Die Daten wurden erfolgreich in '/work/eauten2s/ec_criteria_struct/lct/evaluate/eval_p3/model_output/Llama-3-8B-Instruct-Gradient-1048k_5_shot/output/Llama-3-8B-Instruct-Gradient-1048k_NCT03928340_exc_5_shot.json' gespeichert.
File: NCT03928340_inc 

Das File: /work/eauten2s/ec_criteria_struct/lct/input/lct_txt_half/NCT03928340_inc.txt wurde erfolgreich geladen.
Die Daten wurden erfolgreich in '/work/eauten2s/ec_criteria_struct/lct/evaluate/eval_p3/model_output/Llama-3-8B-Instruct-Gradient-1048k_5_shot/output/Llama-3-8B-Instruct-Gradient-1048k_NCT03928340_inc_5_shot.json' gespeichert.
File: NCT03928366_exc 

Das File: /work/eauten2s/ec_criteria_struct/lct/input/lct_txt_half/NCT03928366_exc.txt wurde erfolgreich geladen.
Die Daten wurden erfolgreich in '/work/eauten2s/ec_criteria_struct/lct/evaluate/eval_p3/model_output/Llama-3-8B-Instruct-Gradient-1048k_5_shot/output/Llama-3-8B-Instruct-Gradient-1048k_NCT03928366_exc_5_shot.json' gespeichert.
File: NCT03928366_inc 

Das File: /work/eauten2s/ec_criteria_struct/lct/input/lct_txt_half/NCT03928366_inc.txt wurde erfolgreich geladen.
Die Daten wurden erfolgreich in '/work/eauten2s/ec_criteria_struct/lct/evaluate/eval_p3/model_output/Llama-3-8B-Instruct-Gradient-1048k_5_shot/output/Llama-3-8B-Instruct-Gradient-1048k_NCT03928366_inc_5_shot.json' gespeichert.
File: NCT03928379_exc 

Das File: /work/eauten2s/ec_criteria_struct/lct/input/lct_txt_half/NCT03928379_exc.txt wurde erfolgreich geladen.
Die Daten wurden erfolgreich in '/work/eauten2s/ec_criteria_struct/lct/evaluate/eval_p3/model_output/Llama-3-8B-Instruct-Gradient-1048k_5_shot/output/Llama-3-8B-Instruct-Gradient-1048k_NCT03928379_exc_5_shot.json' gespeichert.
File: NCT03928379_inc 

Das File: /work/eauten2s/ec_criteria_struct/lct/input/lct_txt_half/NCT03928379_inc.txt wurde erfolgreich geladen.
Die Daten wurden erfolgreich in '/work/eauten2s/ec_criteria_struct/lct/evaluate/eval_p3/model_output/Llama-3-8B-Instruct-Gradient-1048k_5_shot/output/Llama-3-8B-Instruct-Gradient-1048k_NCT03928379_inc_5_shot.json' gespeichert.
File: NCT03928392_exc 

Das File: /work/eauten2s/ec_criteria_struct/lct/input/lct_txt_half/NCT03928392_exc.txt wurde erfolgreich geladen.
Die Daten wurden erfolgreich in '/work/eauten2s/ec_criteria_struct/lct/evaluate/eval_p3/model_output/Llama-3-8B-Instruct-Gradient-1048k_5_shot/output/Llama-3-8B-Instruct-Gradient-1048k_NCT03928392_exc_5_shot.json' gespeichert.
File: NCT03928392_inc 

Das File: /work/eauten2s/ec_criteria_struct/lct/input/lct_txt_half/NCT03928392_inc.txt wurde erfolgreich geladen.
Die Daten wurden erfolgreich in '/work/eauten2s/ec_criteria_struct/lct/evaluate/eval_p3/model_output/Llama-3-8B-Instruct-Gradient-1048k_5_shot/output/Llama-3-8B-Instruct-Gradient-1048k_NCT03928392_inc_5_shot.json' gespeichert.
File: NCT03928405_exc 

Das File: /work/eauten2s/ec_criteria_struct/lct/input/lct_txt_half/NCT03928405_exc.txt wurde erfolgreich geladen.
Die Daten wurden erfolgreich in '/work/eauten2s/ec_criteria_struct/lct/evaluate/eval_p3/model_output/Llama-3-8B-Instruct-Gradient-1048k_5_shot/output/Llama-3-8B-Instruct-Gradient-1048k_NCT03928405_exc_5_shot.json' gespeichert.
File: NCT03928405_inc 

Das File: /work/eauten2s/ec_criteria_struct/lct/input/lct_txt_half/NCT03928405_inc.txt wurde erfolgreich geladen.
Die Daten wurden erfolgreich in '/work/eauten2s/ec_criteria_struct/lct/evaluate/eval_p3/model_output/Llama-3-8B-Instruct-Gradient-1048k_5_shot/output/Llama-3-8B-Instruct-Gradient-1048k_NCT03928405_inc_5_shot.json' gespeichert.
File: NCT03928418_exc 

Das File: /work/eauten2s/ec_criteria_struct/lct/input/lct_txt_half/NCT03928418_exc.txt wurde erfolgreich geladen.
Die Daten wurden erfolgreich in '/work/eauten2s/ec_criteria_struct/lct/evaluate/eval_p3/model_output/Llama-3-8B-Instruct-Gradient-1048k_5_shot/output/Llama-3-8B-Instruct-Gradient-1048k_NCT03928418_exc_5_shot.json' gespeichert.
File: NCT03928418_inc 

Das File: /work/eauten2s/ec_criteria_struct/lct/input/lct_txt_half/NCT03928418_inc.txt wurde erfolgreich geladen.
Die Daten wurden erfolgreich in '/work/eauten2s/ec_criteria_struct/lct/evaluate/eval_p3/model_output/Llama-3-8B-Instruct-Gradient-1048k_5_shot/output/Llama-3-8B-Instruct-Gradient-1048k_NCT03928418_inc_5_shot.json' gespeichert.
File: NCT03928431_inc 

Das File: /work/eauten2s/ec_criteria_struct/lct/input/lct_txt_half/NCT03928431_inc.txt wurde erfolgreich geladen.
Die Daten wurden erfolgreich in '/work/eauten2s/ec_criteria_struct/lct/evaluate/eval_p3/model_output/Llama-3-8B-Instruct-Gradient-1048k_5_shot/output/Llama-3-8B-Instruct-Gradient-1048k_NCT03928431_inc_5_shot.json' gespeichert.
File: NCT03928444_exc 

Das File: /work/eauten2s/ec_criteria_struct/lct/input/lct_txt_half/NCT03928444_exc.txt wurde erfolgreich geladen.
Die Daten wurden erfolgreich in '/work/eauten2s/ec_criteria_struct/lct/evaluate/eval_p3/model_output/Llama-3-8B-Instruct-Gradient-1048k_5_shot/output/Llama-3-8B-Instruct-Gradient-1048k_NCT03928444_exc_5_shot.json' gespeichert.
File: NCT03928444_inc 

Das File: /work/eauten2s/ec_criteria_struct/lct/input/lct_txt_half/NCT03928444_inc.txt wurde erfolgreich geladen.
Die Daten wurden erfolgreich in '/work/eauten2s/ec_criteria_struct/lct/evaluate/eval_p3/model_output/Llama-3-8B-Instruct-Gradient-1048k_5_shot/output/Llama-3-8B-Instruct-Gradient-1048k_NCT03928444_inc_5_shot.json' gespeichert.
File: NCT03928457_exc 

Das File: /work/eauten2s/ec_criteria_struct/lct/input/lct_txt_half/NCT03928457_exc.txt wurde erfolgreich geladen.
Die Daten wurden erfolgreich in '/work/eauten2s/ec_criteria_struct/lct/evaluate/eval_p3/model_output/Llama-3-8B-Instruct-Gradient-1048k_5_shot/output/Llama-3-8B-Instruct-Gradient-1048k_NCT03928457_exc_5_shot.json' gespeichert.
File: NCT03928457_inc 

Das File: /work/eauten2s/ec_criteria_struct/lct/input/lct_txt_half/NCT03928457_inc.txt wurde erfolgreich geladen.
Die Daten wurden erfolgreich in '/work/eauten2s/ec_criteria_struct/lct/evaluate/eval_p3/model_output/Llama-3-8B-Instruct-Gradient-1048k_5_shot/output/Llama-3-8B-Instruct-Gradient-1048k_NCT03928457_inc_5_shot.json' gespeichert.
File: NCT03928470_exc 

Das File: /work/eauten2s/ec_criteria_struct/lct/input/lct_txt_half/NCT03928470_exc.txt wurde erfolgreich geladen.
Die Daten wurden erfolgreich in '/work/eauten2s/ec_criteria_struct/lct/evaluate/eval_p3/model_output/Llama-3-8B-Instruct-Gradient-1048k_5_shot/output/Llama-3-8B-Instruct-Gradient-1048k_NCT03928470_exc_5_shot.json' gespeichert.
File: NCT03928470_inc 

Das File: /work/eauten2s/ec_criteria_struct/lct/input/lct_txt_half/NCT03928470_inc.txt wurde erfolgreich geladen.
Die Daten wurden erfolgreich in '/work/eauten2s/ec_criteria_struct/lct/evaluate/eval_p3/model_output/Llama-3-8B-Instruct-Gradient-1048k_5_shot/output/Llama-3-8B-Instruct-Gradient-1048k_NCT03928470_inc_5_shot.json' gespeichert.
File: NCT03928496_exc 

Das File: /work/eauten2s/ec_criteria_struct/lct/input/lct_txt_half/NCT03928496_exc.txt wurde erfolgreich geladen.
Die Daten wurden erfolgreich in '/work/eauten2s/ec_criteria_struct/lct/evaluate/eval_p3/model_output/Llama-3-8B-Instruct-Gradient-1048k_5_shot/output/Llama-3-8B-Instruct-Gradient-1048k_NCT03928496_exc_5_shot.json' gespeichert.
File: NCT03928496_inc 

Das File: /work/eauten2s/ec_criteria_struct/lct/input/lct_txt_half/NCT03928496_inc.txt wurde erfolgreich geladen.
Die Daten wurden erfolgreich in '/work/eauten2s/ec_criteria_struct/lct/evaluate/eval_p3/model_output/Llama-3-8B-Instruct-Gradient-1048k_5_shot/output/Llama-3-8B-Instruct-Gradient-1048k_NCT03928496_inc_5_shot.json' gespeichert.
File: NCT03928509_inc 

Das File: /work/eauten2s/ec_criteria_struct/lct/input/lct_txt_half/NCT03928509_inc.txt wurde erfolgreich geladen.
Die Daten wurden erfolgreich in '/work/eauten2s/ec_criteria_struct/lct/evaluate/eval_p3/model_output/Llama-3-8B-Instruct-Gradient-1048k_5_shot/output/Llama-3-8B-Instruct-Gradient-1048k_NCT03928509_inc_5_shot.json' gespeichert.
File: NCT03928522_exc 

Das File: /work/eauten2s/ec_criteria_struct/lct/input/lct_txt_half/NCT03928522_exc.txt wurde erfolgreich geladen.
Die Daten wurden erfolgreich in '/work/eauten2s/ec_criteria_struct/lct/evaluate/eval_p3/model_output/Llama-3-8B-Instruct-Gradient-1048k_5_shot/output/Llama-3-8B-Instruct-Gradient-1048k_NCT03928522_exc_5_shot.json' gespeichert.
File: NCT03928522_inc 

Das File: /work/eauten2s/ec_criteria_struct/lct/input/lct_txt_half/NCT03928522_inc.txt wurde erfolgreich geladen.
Die Daten wurden erfolgreich in '/work/eauten2s/ec_criteria_struct/lct/evaluate/eval_p3/model_output/Llama-3-8B-Instruct-Gradient-1048k_5_shot/output/Llama-3-8B-Instruct-Gradient-1048k_NCT03928522_inc_5_shot.json' gespeichert.
File: NCT03928535_exc 

Das File: /work/eauten2s/ec_criteria_struct/lct/input/lct_txt_half/NCT03928535_exc.txt wurde erfolgreich geladen.
Die Daten wurden erfolgreich in '/work/eauten2s/ec_criteria_struct/lct/evaluate/eval_p3/model_output/Llama-3-8B-Instruct-Gradient-1048k_5_shot/output/Llama-3-8B-Instruct-Gradient-1048k_NCT03928535_exc_5_shot.json' gespeichert.
File: NCT03928535_inc 

Das File: /work/eauten2s/ec_criteria_struct/lct/input/lct_txt_half/NCT03928535_inc.txt wurde erfolgreich geladen.
Die Daten wurden erfolgreich in '/work/eauten2s/ec_criteria_struct/lct/evaluate/eval_p3/model_output/Llama-3-8B-Instruct-Gradient-1048k_5_shot/output/Llama-3-8B-Instruct-Gradient-1048k_NCT03928535_inc_5_shot.json' gespeichert.
File: NCT03928548_exc 

Das File: /work/eauten2s/ec_criteria_struct/lct/input/lct_txt_half/NCT03928548_exc.txt wurde erfolgreich geladen.
Die Daten wurden erfolgreich in '/work/eauten2s/ec_criteria_struct/lct/evaluate/eval_p3/model_output/Llama-3-8B-Instruct-Gradient-1048k_5_shot/output/Llama-3-8B-Instruct-Gradient-1048k_NCT03928548_exc_5_shot.json' gespeichert.
File: NCT03928548_inc 

Das File: /work/eauten2s/ec_criteria_struct/lct/input/lct_txt_half/NCT03928548_inc.txt wurde erfolgreich geladen.
Die Daten wurden erfolgreich in '/work/eauten2s/ec_criteria_struct/lct/evaluate/eval_p3/model_output/Llama-3-8B-Instruct-Gradient-1048k_5_shot/output/Llama-3-8B-Instruct-Gradient-1048k_NCT03928548_inc_5_shot.json' gespeichert.
File: NCT03928561_exc 

Das File: /work/eauten2s/ec_criteria_struct/lct/input/lct_txt_half/NCT03928561_exc.txt wurde erfolgreich geladen.
Die Daten wurden erfolgreich in '/work/eauten2s/ec_criteria_struct/lct/evaluate/eval_p3/model_output/Llama-3-8B-Instruct-Gradient-1048k_5_shot/output/Llama-3-8B-Instruct-Gradient-1048k_NCT03928561_exc_5_shot.json' gespeichert.
File: NCT03928561_inc 

Das File: /work/eauten2s/ec_criteria_struct/lct/input/lct_txt_half/NCT03928561_inc.txt wurde erfolgreich geladen.
Die Daten wurden erfolgreich in '/work/eauten2s/ec_criteria_struct/lct/evaluate/eval_p3/model_output/Llama-3-8B-Instruct-Gradient-1048k_5_shot/output/Llama-3-8B-Instruct-Gradient-1048k_NCT03928561_inc_5_shot.json' gespeichert.
File: NCT03928587_exc 

Das File: /work/eauten2s/ec_criteria_struct/lct/input/lct_txt_half/NCT03928587_exc.txt wurde erfolgreich geladen.
Die Daten wurden erfolgreich in '/work/eauten2s/ec_criteria_struct/lct/evaluate/eval_p3/model_output/Llama-3-8B-Instruct-Gradient-1048k_5_shot/output/Llama-3-8B-Instruct-Gradient-1048k_NCT03928587_exc_5_shot.json' gespeichert.
File: NCT03928587_inc 

Das File: /work/eauten2s/ec_criteria_struct/lct/input/lct_txt_half/NCT03928587_inc.txt wurde erfolgreich geladen.
Die Daten wurden erfolgreich in '/work/eauten2s/ec_criteria_struct/lct/evaluate/eval_p3/model_output/Llama-3-8B-Instruct-Gradient-1048k_5_shot/output/Llama-3-8B-Instruct-Gradient-1048k_NCT03928587_inc_5_shot.json' gespeichert.
File: NCT03928600_exc 

Das File: /work/eauten2s/ec_criteria_struct/lct/input/lct_txt_half/NCT03928600_exc.txt wurde erfolgreich geladen.
Die Daten wurden erfolgreich in '/work/eauten2s/ec_criteria_struct/lct/evaluate/eval_p3/model_output/Llama-3-8B-Instruct-Gradient-1048k_5_shot/output/Llama-3-8B-Instruct-Gradient-1048k_NCT03928600_exc_5_shot.json' gespeichert.
File: NCT03928600_inc 

Das File: /work/eauten2s/ec_criteria_struct/lct/input/lct_txt_half/NCT03928600_inc.txt wurde erfolgreich geladen.
Die Daten wurden erfolgreich in '/work/eauten2s/ec_criteria_struct/lct/evaluate/eval_p3/model_output/Llama-3-8B-Instruct-Gradient-1048k_5_shot/output/Llama-3-8B-Instruct-Gradient-1048k_NCT03928600_inc_5_shot.json' gespeichert.
File: NCT03928613_exc 

Das File: /work/eauten2s/ec_criteria_struct/lct/input/lct_txt_half/NCT03928613_exc.txt wurde erfolgreich geladen.
Die Daten wurden erfolgreich in '/work/eauten2s/ec_criteria_struct/lct/evaluate/eval_p3/model_output/Llama-3-8B-Instruct-Gradient-1048k_5_shot/output/Llama-3-8B-Instruct-Gradient-1048k_NCT03928613_exc_5_shot.json' gespeichert.
File: NCT03928613_inc 

Das File: /work/eauten2s/ec_criteria_struct/lct/input/lct_txt_half/NCT03928613_inc.txt wurde erfolgreich geladen.
Die Daten wurden erfolgreich in '/work/eauten2s/ec_criteria_struct/lct/evaluate/eval_p3/model_output/Llama-3-8B-Instruct-Gradient-1048k_5_shot/output/Llama-3-8B-Instruct-Gradient-1048k_NCT03928613_inc_5_shot.json' gespeichert.
File: NCT03928626_exc 

Das File: /work/eauten2s/ec_criteria_struct/lct/input/lct_txt_half/NCT03928626_exc.txt wurde erfolgreich geladen.
Die Daten wurden erfolgreich in '/work/eauten2s/ec_criteria_struct/lct/evaluate/eval_p3/model_output/Llama-3-8B-Instruct-Gradient-1048k_5_shot/output/Llama-3-8B-Instruct-Gradient-1048k_NCT03928626_exc_5_shot.json' gespeichert.
File: NCT03928626_inc 

Das File: /work/eauten2s/ec_criteria_struct/lct/input/lct_txt_half/NCT03928626_inc.txt wurde erfolgreich geladen.
Die Daten wurden erfolgreich in '/work/eauten2s/ec_criteria_struct/lct/evaluate/eval_p3/model_output/Llama-3-8B-Instruct-Gradient-1048k_5_shot/output/Llama-3-8B-Instruct-Gradient-1048k_NCT03928626_inc_5_shot.json' gespeichert.
File: NCT03928639_exc 

Das File: /work/eauten2s/ec_criteria_struct/lct/input/lct_txt_half/NCT03928639_exc.txt wurde erfolgreich geladen.
Die Daten wurden erfolgreich in '/work/eauten2s/ec_criteria_struct/lct/evaluate/eval_p3/model_output/Llama-3-8B-Instruct-Gradient-1048k_5_shot/output/Llama-3-8B-Instruct-Gradient-1048k_NCT03928639_exc_5_shot.json' gespeichert.
File: NCT03928639_inc 

Das File: /work/eauten2s/ec_criteria_struct/lct/input/lct_txt_half/NCT03928639_inc.txt wurde erfolgreich geladen.
Die Daten wurden erfolgreich in '/work/eauten2s/ec_criteria_struct/lct/evaluate/eval_p3/model_output/Llama-3-8B-Instruct-Gradient-1048k_5_shot/output/Llama-3-8B-Instruct-Gradient-1048k_NCT03928639_inc_5_shot.json' gespeichert.
File: NCT03928652_exc 

Das File: /work/eauten2s/ec_criteria_struct/lct/input/lct_txt_half/NCT03928652_exc.txt wurde erfolgreich geladen.
Die Daten wurden erfolgreich in '/work/eauten2s/ec_criteria_struct/lct/evaluate/eval_p3/model_output/Llama-3-8B-Instruct-Gradient-1048k_5_shot/output/Llama-3-8B-Instruct-Gradient-1048k_NCT03928652_exc_5_shot.json' gespeichert.
File: NCT03928652_inc 

Das File: /work/eauten2s/ec_criteria_struct/lct/input/lct_txt_half/NCT03928652_inc.txt wurde erfolgreich geladen.
Die Daten wurden erfolgreich in '/work/eauten2s/ec_criteria_struct/lct/evaluate/eval_p3/model_output/Llama-3-8B-Instruct-Gradient-1048k_5_shot/output/Llama-3-8B-Instruct-Gradient-1048k_NCT03928652_inc_5_shot.json' gespeichert.
File: NCT03928678_exc 

Das File: /work/eauten2s/ec_criteria_struct/lct/input/lct_txt_half/NCT03928678_exc.txt wurde erfolgreich geladen.
Die Daten wurden erfolgreich in '/work/eauten2s/ec_criteria_struct/lct/evaluate/eval_p3/model_output/Llama-3-8B-Instruct-Gradient-1048k_5_shot/output/Llama-3-8B-Instruct-Gradient-1048k_NCT03928678_exc_5_shot.json' gespeichert.
File: NCT03928678_inc 

Das File: /work/eauten2s/ec_criteria_struct/lct/input/lct_txt_half/NCT03928678_inc.txt wurde erfolgreich geladen.
Die Daten wurden erfolgreich in '/work/eauten2s/ec_criteria_struct/lct/evaluate/eval_p3/model_output/Llama-3-8B-Instruct-Gradient-1048k_5_shot/output/Llama-3-8B-Instruct-Gradient-1048k_NCT03928678_inc_5_shot.json' gespeichert.
File: NCT03928691_exc 

Das File: /work/eauten2s/ec_criteria_struct/lct/input/lct_txt_half/NCT03928691_exc.txt wurde erfolgreich geladen.
Die Daten wurden erfolgreich in '/work/eauten2s/ec_criteria_struct/lct/evaluate/eval_p3/model_output/Llama-3-8B-Instruct-Gradient-1048k_5_shot/output/Llama-3-8B-Instruct-Gradient-1048k_NCT03928691_exc_5_shot.json' gespeichert.
File: NCT03928691_inc 

Das File: /work/eauten2s/ec_criteria_struct/lct/input/lct_txt_half/NCT03928691_inc.txt wurde erfolgreich geladen.
Die Daten wurden erfolgreich in '/work/eauten2s/ec_criteria_struct/lct/evaluate/eval_p3/model_output/Llama-3-8B-Instruct-Gradient-1048k_5_shot/output/Llama-3-8B-Instruct-Gradient-1048k_NCT03928691_inc_5_shot.json' gespeichert.
File: NCT03928730_exc 

Das File: /work/eauten2s/ec_criteria_struct/lct/input/lct_txt_half/NCT03928730_exc.txt wurde erfolgreich geladen.
Die Daten wurden erfolgreich in '/work/eauten2s/ec_criteria_struct/lct/evaluate/eval_p3/model_output/Llama-3-8B-Instruct-Gradient-1048k_5_shot/output/Llama-3-8B-Instruct-Gradient-1048k_NCT03928730_exc_5_shot.json' gespeichert.
File: NCT03928730_inc 

Das File: /work/eauten2s/ec_criteria_struct/lct/input/lct_txt_half/NCT03928730_inc.txt wurde erfolgreich geladen.
Die Daten wurden erfolgreich in '/work/eauten2s/ec_criteria_struct/lct/evaluate/eval_p3/model_output/Llama-3-8B-Instruct-Gradient-1048k_5_shot/output/Llama-3-8B-Instruct-Gradient-1048k_NCT03928730_inc_5_shot.json' gespeichert.
File: NCT03928756_exc 

Das File: /work/eauten2s/ec_criteria_struct/lct/input/lct_txt_half/NCT03928756_exc.txt wurde erfolgreich geladen.
Die Daten wurden erfolgreich in '/work/eauten2s/ec_criteria_struct/lct/evaluate/eval_p3/model_output/Llama-3-8B-Instruct-Gradient-1048k_5_shot/output/Llama-3-8B-Instruct-Gradient-1048k_NCT03928756_exc_5_shot.json' gespeichert.
File: NCT03928756_inc 

Das File: /work/eauten2s/ec_criteria_struct/lct/input/lct_txt_half/NCT03928756_inc.txt wurde erfolgreich geladen.
Die Daten wurden erfolgreich in '/work/eauten2s/ec_criteria_struct/lct/evaluate/eval_p3/model_output/Llama-3-8B-Instruct-Gradient-1048k_5_shot/output/Llama-3-8B-Instruct-Gradient-1048k_NCT03928756_inc_5_shot.json' gespeichert.
File: NCT03928769_exc 

Das File: /work/eauten2s/ec_criteria_struct/lct/input/lct_txt_half/NCT03928769_exc.txt wurde erfolgreich geladen.
Die Daten wurden erfolgreich in '/work/eauten2s/ec_criteria_struct/lct/evaluate/eval_p3/model_output/Llama-3-8B-Instruct-Gradient-1048k_5_shot/output/Llama-3-8B-Instruct-Gradient-1048k_NCT03928769_exc_5_shot.json' gespeichert.
File: NCT03928769_inc 

Das File: /work/eauten2s/ec_criteria_struct/lct/input/lct_txt_half/NCT03928769_inc.txt wurde erfolgreich geladen.
Die Daten wurden erfolgreich in '/work/eauten2s/ec_criteria_struct/lct/evaluate/eval_p3/model_output/Llama-3-8B-Instruct-Gradient-1048k_5_shot/output/Llama-3-8B-Instruct-Gradient-1048k_NCT03928769_inc_5_shot.json' gespeichert.
File: NCT03928782_exc 

Das File: /work/eauten2s/ec_criteria_struct/lct/input/lct_txt_half/NCT03928782_exc.txt wurde erfolgreich geladen.
Die Daten wurden erfolgreich in '/work/eauten2s/ec_criteria_struct/lct/evaluate/eval_p3/model_output/Llama-3-8B-Instruct-Gradient-1048k_5_shot/output/Llama-3-8B-Instruct-Gradient-1048k_NCT03928782_exc_5_shot.json' gespeichert.
File: NCT03928782_inc 

Das File: /work/eauten2s/ec_criteria_struct/lct/input/lct_txt_half/NCT03928782_inc.txt wurde erfolgreich geladen.
Die Daten wurden erfolgreich in '/work/eauten2s/ec_criteria_struct/lct/evaluate/eval_p3/model_output/Llama-3-8B-Instruct-Gradient-1048k_5_shot/output/Llama-3-8B-Instruct-Gradient-1048k_NCT03928782_inc_5_shot.json' gespeichert.
File: NCT03928795_exc 

Das File: /work/eauten2s/ec_criteria_struct/lct/input/lct_txt_half/NCT03928795_exc.txt wurde erfolgreich geladen.
Die Daten wurden erfolgreich in '/work/eauten2s/ec_criteria_struct/lct/evaluate/eval_p3/model_output/Llama-3-8B-Instruct-Gradient-1048k_5_shot/output/Llama-3-8B-Instruct-Gradient-1048k_NCT03928795_exc_5_shot.json' gespeichert.
File: NCT03928795_inc 

Das File: /work/eauten2s/ec_criteria_struct/lct/input/lct_txt_half/NCT03928795_inc.txt wurde erfolgreich geladen.
Die Daten wurden erfolgreich in '/work/eauten2s/ec_criteria_struct/lct/evaluate/eval_p3/model_output/Llama-3-8B-Instruct-Gradient-1048k_5_shot/output/Llama-3-8B-Instruct-Gradient-1048k_NCT03928795_inc_5_shot.json' gespeichert.
File: NCT03928834_exc 

Das File: /work/eauten2s/ec_criteria_struct/lct/input/lct_txt_half/NCT03928834_exc.txt wurde erfolgreich geladen.
Die Daten wurden erfolgreich in '/work/eauten2s/ec_criteria_struct/lct/evaluate/eval_p3/model_output/Llama-3-8B-Instruct-Gradient-1048k_5_shot/output/Llama-3-8B-Instruct-Gradient-1048k_NCT03928834_exc_5_shot.json' gespeichert.
File: NCT03928834_inc 

Das File: /work/eauten2s/ec_criteria_struct/lct/input/lct_txt_half/NCT03928834_inc.txt wurde erfolgreich geladen.
Die Daten wurden erfolgreich in '/work/eauten2s/ec_criteria_struct/lct/evaluate/eval_p3/model_output/Llama-3-8B-Instruct-Gradient-1048k_5_shot/output/Llama-3-8B-Instruct-Gradient-1048k_NCT03928834_inc_5_shot.json' gespeichert.
File: NCT03928860_exc 

Das File: /work/eauten2s/ec_criteria_struct/lct/input/lct_txt_half/NCT03928860_exc.txt wurde erfolgreich geladen.
Die Daten wurden erfolgreich in '/work/eauten2s/ec_criteria_struct/lct/evaluate/eval_p3/model_output/Llama-3-8B-Instruct-Gradient-1048k_5_shot/output/Llama-3-8B-Instruct-Gradient-1048k_NCT03928860_exc_5_shot.json' gespeichert.
File: NCT03928860_inc 

Das File: /work/eauten2s/ec_criteria_struct/lct/input/lct_txt_half/NCT03928860_inc.txt wurde erfolgreich geladen.
Die Daten wurden erfolgreich in '/work/eauten2s/ec_criteria_struct/lct/evaluate/eval_p3/model_output/Llama-3-8B-Instruct-Gradient-1048k_5_shot/output/Llama-3-8B-Instruct-Gradient-1048k_NCT03928860_inc_5_shot.json' gespeichert.
File: NCT03928873_exc 

Das File: /work/eauten2s/ec_criteria_struct/lct/input/lct_txt_half/NCT03928873_exc.txt wurde erfolgreich geladen.
Die Daten wurden erfolgreich in '/work/eauten2s/ec_criteria_struct/lct/evaluate/eval_p3/model_output/Llama-3-8B-Instruct-Gradient-1048k_5_shot/output/Llama-3-8B-Instruct-Gradient-1048k_NCT03928873_exc_5_shot.json' gespeichert.
File: NCT03928873_inc 

Das File: /work/eauten2s/ec_criteria_struct/lct/input/lct_txt_half/NCT03928873_inc.txt wurde erfolgreich geladen.
Die Daten wurden erfolgreich in '/work/eauten2s/ec_criteria_struct/lct/evaluate/eval_p3/model_output/Llama-3-8B-Instruct-Gradient-1048k_5_shot/output/Llama-3-8B-Instruct-Gradient-1048k_NCT03928873_inc_5_shot.json' gespeichert.
File: NCT03928899_exc 

Das File: /work/eauten2s/ec_criteria_struct/lct/input/lct_txt_half/NCT03928899_exc.txt wurde erfolgreich geladen.
Die Daten wurden erfolgreich in '/work/eauten2s/ec_criteria_struct/lct/evaluate/eval_p3/model_output/Llama-3-8B-Instruct-Gradient-1048k_5_shot/output/Llama-3-8B-Instruct-Gradient-1048k_NCT03928899_exc_5_shot.json' gespeichert.
File: NCT03928899_inc 

Das File: /work/eauten2s/ec_criteria_struct/lct/input/lct_txt_half/NCT03928899_inc.txt wurde erfolgreich geladen.
Die Daten wurden erfolgreich in '/work/eauten2s/ec_criteria_struct/lct/evaluate/eval_p3/model_output/Llama-3-8B-Instruct-Gradient-1048k_5_shot/output/Llama-3-8B-Instruct-Gradient-1048k_NCT03928899_inc_5_shot.json' gespeichert.
File: NCT03928912_exc 

Das File: /work/eauten2s/ec_criteria_struct/lct/input/lct_txt_half/NCT03928912_exc.txt wurde erfolgreich geladen.
Die Daten wurden erfolgreich in '/work/eauten2s/ec_criteria_struct/lct/evaluate/eval_p3/model_output/Llama-3-8B-Instruct-Gradient-1048k_5_shot/output/Llama-3-8B-Instruct-Gradient-1048k_NCT03928912_exc_5_shot.json' gespeichert.
File: NCT03928912_inc 

Das File: /work/eauten2s/ec_criteria_struct/lct/input/lct_txt_half/NCT03928912_inc.txt wurde erfolgreich geladen.
Die Daten wurden erfolgreich in '/work/eauten2s/ec_criteria_struct/lct/evaluate/eval_p3/model_output/Llama-3-8B-Instruct-Gradient-1048k_5_shot/output/Llama-3-8B-Instruct-Gradient-1048k_NCT03928912_inc_5_shot.json' gespeichert.
File: NCT03928938_exc 

Das File: /work/eauten2s/ec_criteria_struct/lct/input/lct_txt_half/NCT03928938_exc.txt wurde erfolgreich geladen.
Die Daten wurden erfolgreich in '/work/eauten2s/ec_criteria_struct/lct/evaluate/eval_p3/model_output/Llama-3-8B-Instruct-Gradient-1048k_5_shot/output/Llama-3-8B-Instruct-Gradient-1048k_NCT03928938_exc_5_shot.json' gespeichert.
File: NCT03928938_inc 

Das File: /work/eauten2s/ec_criteria_struct/lct/input/lct_txt_half/NCT03928938_inc.txt wurde erfolgreich geladen.
Die Daten wurden erfolgreich in '/work/eauten2s/ec_criteria_struct/lct/evaluate/eval_p3/model_output/Llama-3-8B-Instruct-Gradient-1048k_5_shot/output/Llama-3-8B-Instruct-Gradient-1048k_NCT03928938_inc_5_shot.json' gespeichert.
File: NCT03928951_exc 

Das File: /work/eauten2s/ec_criteria_struct/lct/input/lct_txt_half/NCT03928951_exc.txt wurde erfolgreich geladen.
Die Daten wurden erfolgreich in '/work/eauten2s/ec_criteria_struct/lct/evaluate/eval_p3/model_output/Llama-3-8B-Instruct-Gradient-1048k_5_shot/output/Llama-3-8B-Instruct-Gradient-1048k_NCT03928951_exc_5_shot.json' gespeichert.
File: NCT03928951_inc 

Das File: /work/eauten2s/ec_criteria_struct/lct/input/lct_txt_half/NCT03928951_inc.txt wurde erfolgreich geladen.
Die Daten wurden erfolgreich in '/work/eauten2s/ec_criteria_struct/lct/evaluate/eval_p3/model_output/Llama-3-8B-Instruct-Gradient-1048k_5_shot/output/Llama-3-8B-Instruct-Gradient-1048k_NCT03928951_inc_5_shot.json' gespeichert.
File: NCT03928964_exc 

Das File: /work/eauten2s/ec_criteria_struct/lct/input/lct_txt_half/NCT03928964_exc.txt wurde erfolgreich geladen.
Die Daten wurden erfolgreich in '/work/eauten2s/ec_criteria_struct/lct/evaluate/eval_p3/model_output/Llama-3-8B-Instruct-Gradient-1048k_5_shot/output/Llama-3-8B-Instruct-Gradient-1048k_NCT03928964_exc_5_shot.json' gespeichert.
File: NCT03928964_inc 

Das File: /work/eauten2s/ec_criteria_struct/lct/input/lct_txt_half/NCT03928964_inc.txt wurde erfolgreich geladen.
Die Daten wurden erfolgreich in '/work/eauten2s/ec_criteria_struct/lct/evaluate/eval_p3/model_output/Llama-3-8B-Instruct-Gradient-1048k_5_shot/output/Llama-3-8B-Instruct-Gradient-1048k_NCT03928964_inc_5_shot.json' gespeichert.
File: NCT03928977_exc 

Das File: /work/eauten2s/ec_criteria_struct/lct/input/lct_txt_half/NCT03928977_exc.txt wurde erfolgreich geladen.
Die Daten wurden erfolgreich in '/work/eauten2s/ec_criteria_struct/lct/evaluate/eval_p3/model_output/Llama-3-8B-Instruct-Gradient-1048k_5_shot/output/Llama-3-8B-Instruct-Gradient-1048k_NCT03928977_exc_5_shot.json' gespeichert.
File: NCT03928977_inc 

Das File: /work/eauten2s/ec_criteria_struct/lct/input/lct_txt_half/NCT03928977_inc.txt wurde erfolgreich geladen.
Die Daten wurden erfolgreich in '/work/eauten2s/ec_criteria_struct/lct/evaluate/eval_p3/model_output/Llama-3-8B-Instruct-Gradient-1048k_5_shot/output/Llama-3-8B-Instruct-Gradient-1048k_NCT03928977_inc_5_shot.json' gespeichert.
File: NCT03928990_exc 

Das File: /work/eauten2s/ec_criteria_struct/lct/input/lct_txt_half/NCT03928990_exc.txt wurde erfolgreich geladen.
Die Daten wurden erfolgreich in '/work/eauten2s/ec_criteria_struct/lct/evaluate/eval_p3/model_output/Llama-3-8B-Instruct-Gradient-1048k_5_shot/output/Llama-3-8B-Instruct-Gradient-1048k_NCT03928990_exc_5_shot.json' gespeichert.
File: NCT03928990_inc 

Das File: /work/eauten2s/ec_criteria_struct/lct/input/lct_txt_half/NCT03928990_inc.txt wurde erfolgreich geladen.
Die Daten wurden erfolgreich in '/work/eauten2s/ec_criteria_struct/lct/evaluate/eval_p3/model_output/Llama-3-8B-Instruct-Gradient-1048k_5_shot/output/Llama-3-8B-Instruct-Gradient-1048k_NCT03928990_inc_5_shot.json' gespeichert.
File: NCT03929055_exc 

Das File: /work/eauten2s/ec_criteria_struct/lct/input/lct_txt_half/NCT03929055_exc.txt wurde erfolgreich geladen.
Die Daten wurden erfolgreich in '/work/eauten2s/ec_criteria_struct/lct/evaluate/eval_p3/model_output/Llama-3-8B-Instruct-Gradient-1048k_5_shot/output/Llama-3-8B-Instruct-Gradient-1048k_NCT03929055_exc_5_shot.json' gespeichert.
File: NCT03929055_inc 

Das File: /work/eauten2s/ec_criteria_struct/lct/input/lct_txt_half/NCT03929055_inc.txt wurde erfolgreich geladen.
Die Daten wurden erfolgreich in '/work/eauten2s/ec_criteria_struct/lct/evaluate/eval_p3/model_output/Llama-3-8B-Instruct-Gradient-1048k_5_shot/output/Llama-3-8B-Instruct-Gradient-1048k_NCT03929055_inc_5_shot.json' gespeichert.
File: NCT03929068_exc 

Das File: /work/eauten2s/ec_criteria_struct/lct/input/lct_txt_half/NCT03929068_exc.txt wurde erfolgreich geladen.
Die Daten wurden erfolgreich in '/work/eauten2s/ec_criteria_struct/lct/evaluate/eval_p3/model_output/Llama-3-8B-Instruct-Gradient-1048k_5_shot/output/Llama-3-8B-Instruct-Gradient-1048k_NCT03929068_exc_5_shot.json' gespeichert.
File: NCT03929068_inc 

Das File: /work/eauten2s/ec_criteria_struct/lct/input/lct_txt_half/NCT03929068_inc.txt wurde erfolgreich geladen.
Die Daten wurden erfolgreich in '/work/eauten2s/ec_criteria_struct/lct/evaluate/eval_p3/model_output/Llama-3-8B-Instruct-Gradient-1048k_5_shot/output/Llama-3-8B-Instruct-Gradient-1048k_NCT03929068_inc_5_shot.json' gespeichert.
File: NCT03929159_exc 

Das File: /work/eauten2s/ec_criteria_struct/lct/input/lct_txt_half/NCT03929159_exc.txt wurde erfolgreich geladen.
Die Daten wurden erfolgreich in '/work/eauten2s/ec_criteria_struct/lct/evaluate/eval_p3/model_output/Llama-3-8B-Instruct-Gradient-1048k_5_shot/output/Llama-3-8B-Instruct-Gradient-1048k_NCT03929159_exc_5_shot.json' gespeichert.
File: NCT03929159_inc 

Das File: /work/eauten2s/ec_criteria_struct/lct/input/lct_txt_half/NCT03929159_inc.txt wurde erfolgreich geladen.
Die Daten wurden erfolgreich in '/work/eauten2s/ec_criteria_struct/lct/evaluate/eval_p3/model_output/Llama-3-8B-Instruct-Gradient-1048k_5_shot/output/Llama-3-8B-Instruct-Gradient-1048k_NCT03929159_inc_5_shot.json' gespeichert.
File: NCT03929198_exc 

Das File: /work/eauten2s/ec_criteria_struct/lct/input/lct_txt_half/NCT03929198_exc.txt wurde erfolgreich geladen.
Die Daten wurden erfolgreich in '/work/eauten2s/ec_criteria_struct/lct/evaluate/eval_p3/model_output/Llama-3-8B-Instruct-Gradient-1048k_5_shot/output/Llama-3-8B-Instruct-Gradient-1048k_NCT03929198_exc_5_shot.json' gespeichert.
File: NCT03929198_inc 

Das File: /work/eauten2s/ec_criteria_struct/lct/input/lct_txt_half/NCT03929198_inc.txt wurde erfolgreich geladen.
Die Daten wurden erfolgreich in '/work/eauten2s/ec_criteria_struct/lct/evaluate/eval_p3/model_output/Llama-3-8B-Instruct-Gradient-1048k_5_shot/output/Llama-3-8B-Instruct-Gradient-1048k_NCT03929198_inc_5_shot.json' gespeichert.
File: NCT03929237_exc 

Das File: /work/eauten2s/ec_criteria_struct/lct/input/lct_txt_half/NCT03929237_exc.txt wurde erfolgreich geladen.
Die Daten wurden erfolgreich in '/work/eauten2s/ec_criteria_struct/lct/evaluate/eval_p3/model_output/Llama-3-8B-Instruct-Gradient-1048k_5_shot/output/Llama-3-8B-Instruct-Gradient-1048k_NCT03929237_exc_5_shot.json' gespeichert.
File: NCT03929237_inc 

Das File: /work/eauten2s/ec_criteria_struct/lct/input/lct_txt_half/NCT03929237_inc.txt wurde erfolgreich geladen.
Die Daten wurden erfolgreich in '/work/eauten2s/ec_criteria_struct/lct/evaluate/eval_p3/model_output/Llama-3-8B-Instruct-Gradient-1048k_5_shot/output/Llama-3-8B-Instruct-Gradient-1048k_NCT03929237_inc_5_shot.json' gespeichert.
File: NCT03929263_exc 

Das File: /work/eauten2s/ec_criteria_struct/lct/input/lct_txt_half/NCT03929263_exc.txt wurde erfolgreich geladen.
Die Daten wurden erfolgreich in '/work/eauten2s/ec_criteria_struct/lct/evaluate/eval_p3/model_output/Llama-3-8B-Instruct-Gradient-1048k_5_shot/output/Llama-3-8B-Instruct-Gradient-1048k_NCT03929263_exc_5_shot.json' gespeichert.
File: NCT03929263_inc 

Das File: /work/eauten2s/ec_criteria_struct/lct/input/lct_txt_half/NCT03929263_inc.txt wurde erfolgreich geladen.
Die Daten wurden erfolgreich in '/work/eauten2s/ec_criteria_struct/lct/evaluate/eval_p3/model_output/Llama-3-8B-Instruct-Gradient-1048k_5_shot/output/Llama-3-8B-Instruct-Gradient-1048k_NCT03929263_inc_5_shot.json' gespeichert.
File: NCT03929276_exc 

Das File: /work/eauten2s/ec_criteria_struct/lct/input/lct_txt_half/NCT03929276_exc.txt wurde erfolgreich geladen.
Die Daten wurden erfolgreich in '/work/eauten2s/ec_criteria_struct/lct/evaluate/eval_p3/model_output/Llama-3-8B-Instruct-Gradient-1048k_5_shot/output/Llama-3-8B-Instruct-Gradient-1048k_NCT03929276_exc_5_shot.json' gespeichert.
File: NCT03929276_inc 

Das File: /work/eauten2s/ec_criteria_struct/lct/input/lct_txt_half/NCT03929276_inc.txt wurde erfolgreich geladen.
Die Daten wurden erfolgreich in '/work/eauten2s/ec_criteria_struct/lct/evaluate/eval_p3/model_output/Llama-3-8B-Instruct-Gradient-1048k_5_shot/output/Llama-3-8B-Instruct-Gradient-1048k_NCT03929276_inc_5_shot.json' gespeichert.
File: NCT03929289_exc 

Das File: /work/eauten2s/ec_criteria_struct/lct/input/lct_txt_half/NCT03929289_exc.txt wurde erfolgreich geladen.
Die Daten wurden erfolgreich in '/work/eauten2s/ec_criteria_struct/lct/evaluate/eval_p3/model_output/Llama-3-8B-Instruct-Gradient-1048k_5_shot/output/Llama-3-8B-Instruct-Gradient-1048k_NCT03929289_exc_5_shot.json' gespeichert.
File: NCT03929289_inc 

Das File: /work/eauten2s/ec_criteria_struct/lct/input/lct_txt_half/NCT03929289_inc.txt wurde erfolgreich geladen.
Die Daten wurden erfolgreich in '/work/eauten2s/ec_criteria_struct/lct/evaluate/eval_p3/model_output/Llama-3-8B-Instruct-Gradient-1048k_5_shot/output/Llama-3-8B-Instruct-Gradient-1048k_NCT03929289_inc_5_shot.json' gespeichert.
File: NCT03929315_exc 

Das File: /work/eauten2s/ec_criteria_struct/lct/input/lct_txt_half/NCT03929315_exc.txt wurde erfolgreich geladen.
Die Daten wurden erfolgreich in '/work/eauten2s/ec_criteria_struct/lct/evaluate/eval_p3/model_output/Llama-3-8B-Instruct-Gradient-1048k_5_shot/output/Llama-3-8B-Instruct-Gradient-1048k_NCT03929315_exc_5_shot.json' gespeichert.
File: NCT03929315_inc 

Das File: /work/eauten2s/ec_criteria_struct/lct/input/lct_txt_half/NCT03929315_inc.txt wurde erfolgreich geladen.
Die Daten wurden erfolgreich in '/work/eauten2s/ec_criteria_struct/lct/evaluate/eval_p3/model_output/Llama-3-8B-Instruct-Gradient-1048k_5_shot/output/Llama-3-8B-Instruct-Gradient-1048k_NCT03929315_inc_5_shot.json' gespeichert.
File: NCT03929328_exc 

Das File: /work/eauten2s/ec_criteria_struct/lct/input/lct_txt_half/NCT03929328_exc.txt wurde erfolgreich geladen.
Die Daten wurden erfolgreich in '/work/eauten2s/ec_criteria_struct/lct/evaluate/eval_p3/model_output/Llama-3-8B-Instruct-Gradient-1048k_5_shot/output/Llama-3-8B-Instruct-Gradient-1048k_NCT03929328_exc_5_shot.json' gespeichert.
File: NCT03929328_inc 

Das File: /work/eauten2s/ec_criteria_struct/lct/input/lct_txt_half/NCT03929328_inc.txt wurde erfolgreich geladen.
Die Daten wurden erfolgreich in '/work/eauten2s/ec_criteria_struct/lct/evaluate/eval_p3/model_output/Llama-3-8B-Instruct-Gradient-1048k_5_shot/output/Llama-3-8B-Instruct-Gradient-1048k_NCT03929328_inc_5_shot.json' gespeichert.
File: NCT03929341_exc 

Das File: /work/eauten2s/ec_criteria_struct/lct/input/lct_txt_half/NCT03929341_exc.txt wurde erfolgreich geladen.
Die Daten wurden erfolgreich in '/work/eauten2s/ec_criteria_struct/lct/evaluate/eval_p3/model_output/Llama-3-8B-Instruct-Gradient-1048k_5_shot/output/Llama-3-8B-Instruct-Gradient-1048k_NCT03929341_exc_5_shot.json' gespeichert.
File: NCT03929341_inc 

Das File: /work/eauten2s/ec_criteria_struct/lct/input/lct_txt_half/NCT03929341_inc.txt wurde erfolgreich geladen.
Die Daten wurden erfolgreich in '/work/eauten2s/ec_criteria_struct/lct/evaluate/eval_p3/model_output/Llama-3-8B-Instruct-Gradient-1048k_5_shot/output/Llama-3-8B-Instruct-Gradient-1048k_NCT03929341_inc_5_shot.json' gespeichert.
File: NCT03929367_exc 

Das File: /work/eauten2s/ec_criteria_struct/lct/input/lct_txt_half/NCT03929367_exc.txt wurde erfolgreich geladen.
Die Daten wurden erfolgreich in '/work/eauten2s/ec_criteria_struct/lct/evaluate/eval_p3/model_output/Llama-3-8B-Instruct-Gradient-1048k_5_shot/output/Llama-3-8B-Instruct-Gradient-1048k_NCT03929367_exc_5_shot.json' gespeichert.
File: NCT03929367_inc 

Das File: /work/eauten2s/ec_criteria_struct/lct/input/lct_txt_half/NCT03929367_inc.txt wurde erfolgreich geladen.
Die Daten wurden erfolgreich in '/work/eauten2s/ec_criteria_struct/lct/evaluate/eval_p3/model_output/Llama-3-8B-Instruct-Gradient-1048k_5_shot/output/Llama-3-8B-Instruct-Gradient-1048k_NCT03929367_inc_5_shot.json' gespeichert.
File: NCT03929380_exc 

Das File: /work/eauten2s/ec_criteria_struct/lct/input/lct_txt_half/NCT03929380_exc.txt wurde erfolgreich geladen.
Die Daten wurden erfolgreich in '/work/eauten2s/ec_criteria_struct/lct/evaluate/eval_p3/model_output/Llama-3-8B-Instruct-Gradient-1048k_5_shot/output/Llama-3-8B-Instruct-Gradient-1048k_NCT03929380_exc_5_shot.json' gespeichert.
File: NCT03929380_inc 

Das File: /work/eauten2s/ec_criteria_struct/lct/input/lct_txt_half/NCT03929380_inc.txt wurde erfolgreich geladen.
Die Daten wurden erfolgreich in '/work/eauten2s/ec_criteria_struct/lct/evaluate/eval_p3/model_output/Llama-3-8B-Instruct-Gradient-1048k_5_shot/output/Llama-3-8B-Instruct-Gradient-1048k_NCT03929380_inc_5_shot.json' gespeichert.
File: NCT03929406_exc 

Das File: /work/eauten2s/ec_criteria_struct/lct/input/lct_txt_half/NCT03929406_exc.txt wurde erfolgreich geladen.
Die Daten wurden erfolgreich in '/work/eauten2s/ec_criteria_struct/lct/evaluate/eval_p3/model_output/Llama-3-8B-Instruct-Gradient-1048k_5_shot/output/Llama-3-8B-Instruct-Gradient-1048k_NCT03929406_exc_5_shot.json' gespeichert.
File: NCT03929406_inc 

Das File: /work/eauten2s/ec_criteria_struct/lct/input/lct_txt_half/NCT03929406_inc.txt wurde erfolgreich geladen.
Die Daten wurden erfolgreich in '/work/eauten2s/ec_criteria_struct/lct/evaluate/eval_p3/model_output/Llama-3-8B-Instruct-Gradient-1048k_5_shot/output/Llama-3-8B-Instruct-Gradient-1048k_NCT03929406_inc_5_shot.json' gespeichert.
File: NCT03929419_exc 

Das File: /work/eauten2s/ec_criteria_struct/lct/input/lct_txt_half/NCT03929419_exc.txt wurde erfolgreich geladen.
Die Daten wurden erfolgreich in '/work/eauten2s/ec_criteria_struct/lct/evaluate/eval_p3/model_output/Llama-3-8B-Instruct-Gradient-1048k_5_shot/output/Llama-3-8B-Instruct-Gradient-1048k_NCT03929419_exc_5_shot.json' gespeichert.
File: NCT03929419_inc 

Das File: /work/eauten2s/ec_criteria_struct/lct/input/lct_txt_half/NCT03929419_inc.txt wurde erfolgreich geladen.
Die Daten wurden erfolgreich in '/work/eauten2s/ec_criteria_struct/lct/evaluate/eval_p3/model_output/Llama-3-8B-Instruct-Gradient-1048k_5_shot/output/Llama-3-8B-Instruct-Gradient-1048k_NCT03929419_inc_5_shot.json' gespeichert.
File: NCT03929432_exc 

Das File: /work/eauten2s/ec_criteria_struct/lct/input/lct_txt_half/NCT03929432_exc.txt wurde erfolgreich geladen.
Die Daten wurden erfolgreich in '/work/eauten2s/ec_criteria_struct/lct/evaluate/eval_p3/model_output/Llama-3-8B-Instruct-Gradient-1048k_5_shot/output/Llama-3-8B-Instruct-Gradient-1048k_NCT03929432_exc_5_shot.json' gespeichert.
File: NCT03929432_inc 

Das File: /work/eauten2s/ec_criteria_struct/lct/input/lct_txt_half/NCT03929432_inc.txt wurde erfolgreich geladen.
Die Daten wurden erfolgreich in '/work/eauten2s/ec_criteria_struct/lct/evaluate/eval_p3/model_output/Llama-3-8B-Instruct-Gradient-1048k_5_shot/output/Llama-3-8B-Instruct-Gradient-1048k_NCT03929432_inc_5_shot.json' gespeichert.
File: NCT03929458_exc 

Das File: /work/eauten2s/ec_criteria_struct/lct/input/lct_txt_half/NCT03929458_exc.txt wurde erfolgreich geladen.
Die Daten wurden erfolgreich in '/work/eauten2s/ec_criteria_struct/lct/evaluate/eval_p3/model_output/Llama-3-8B-Instruct-Gradient-1048k_5_shot/output/Llama-3-8B-Instruct-Gradient-1048k_NCT03929458_exc_5_shot.json' gespeichert.
File: NCT03929458_inc 

Das File: /work/eauten2s/ec_criteria_struct/lct/input/lct_txt_half/NCT03929458_inc.txt wurde erfolgreich geladen.
Die Daten wurden erfolgreich in '/work/eauten2s/ec_criteria_struct/lct/evaluate/eval_p3/model_output/Llama-3-8B-Instruct-Gradient-1048k_5_shot/output/Llama-3-8B-Instruct-Gradient-1048k_NCT03929458_inc_5_shot.json' gespeichert.
File: NCT03929471_exc 

Das File: /work/eauten2s/ec_criteria_struct/lct/input/lct_txt_half/NCT03929471_exc.txt wurde erfolgreich geladen.
Die Daten wurden erfolgreich in '/work/eauten2s/ec_criteria_struct/lct/evaluate/eval_p3/model_output/Llama-3-8B-Instruct-Gradient-1048k_5_shot/output/Llama-3-8B-Instruct-Gradient-1048k_NCT03929471_exc_5_shot.json' gespeichert.
File: NCT03929471_inc 

Das File: /work/eauten2s/ec_criteria_struct/lct/input/lct_txt_half/NCT03929471_inc.txt wurde erfolgreich geladen.
Die Daten wurden erfolgreich in '/work/eauten2s/ec_criteria_struct/lct/evaluate/eval_p3/model_output/Llama-3-8B-Instruct-Gradient-1048k_5_shot/output/Llama-3-8B-Instruct-Gradient-1048k_NCT03929471_inc_5_shot.json' gespeichert.
File: NCT03929497_exc 

Das File: /work/eauten2s/ec_criteria_struct/lct/input/lct_txt_half/NCT03929497_exc.txt wurde erfolgreich geladen.
Die Daten wurden erfolgreich in '/work/eauten2s/ec_criteria_struct/lct/evaluate/eval_p3/model_output/Llama-3-8B-Instruct-Gradient-1048k_5_shot/output/Llama-3-8B-Instruct-Gradient-1048k_NCT03929497_exc_5_shot.json' gespeichert.
File: NCT03929497_inc 

Das File: /work/eauten2s/ec_criteria_struct/lct/input/lct_txt_half/NCT03929497_inc.txt wurde erfolgreich geladen.
Die Daten wurden erfolgreich in '/work/eauten2s/ec_criteria_struct/lct/evaluate/eval_p3/model_output/Llama-3-8B-Instruct-Gradient-1048k_5_shot/output/Llama-3-8B-Instruct-Gradient-1048k_NCT03929497_inc_5_shot.json' gespeichert.
File: NCT03929510_exc 

Das File: /work/eauten2s/ec_criteria_struct/lct/input/lct_txt_half/NCT03929510_exc.txt wurde erfolgreich geladen.
Die Daten wurden erfolgreich in '/work/eauten2s/ec_criteria_struct/lct/evaluate/eval_p3/model_output/Llama-3-8B-Instruct-Gradient-1048k_5_shot/output/Llama-3-8B-Instruct-Gradient-1048k_NCT03929510_exc_5_shot.json' gespeichert.
File: NCT03929510_inc 

Das File: /work/eauten2s/ec_criteria_struct/lct/input/lct_txt_half/NCT03929510_inc.txt wurde erfolgreich geladen.
Die Daten wurden erfolgreich in '/work/eauten2s/ec_criteria_struct/lct/evaluate/eval_p3/model_output/Llama-3-8B-Instruct-Gradient-1048k_5_shot/output/Llama-3-8B-Instruct-Gradient-1048k_NCT03929510_inc_5_shot.json' gespeichert.
File: NCT03929523_exc 

Das File: /work/eauten2s/ec_criteria_struct/lct/input/lct_txt_half/NCT03929523_exc.txt wurde erfolgreich geladen.
Die Daten wurden erfolgreich in '/work/eauten2s/ec_criteria_struct/lct/evaluate/eval_p3/model_output/Llama-3-8B-Instruct-Gradient-1048k_5_shot/output/Llama-3-8B-Instruct-Gradient-1048k_NCT03929523_exc_5_shot.json' gespeichert.
File: NCT03929523_inc 

Das File: /work/eauten2s/ec_criteria_struct/lct/input/lct_txt_half/NCT03929523_inc.txt wurde erfolgreich geladen.
Die Daten wurden erfolgreich in '/work/eauten2s/ec_criteria_struct/lct/evaluate/eval_p3/model_output/Llama-3-8B-Instruct-Gradient-1048k_5_shot/output/Llama-3-8B-Instruct-Gradient-1048k_NCT03929523_inc_5_shot.json' gespeichert.
File: NCT03929536_exc 

Das File: /work/eauten2s/ec_criteria_struct/lct/input/lct_txt_half/NCT03929536_exc.txt wurde erfolgreich geladen.
Die Daten wurden erfolgreich in '/work/eauten2s/ec_criteria_struct/lct/evaluate/eval_p3/model_output/Llama-3-8B-Instruct-Gradient-1048k_5_shot/output/Llama-3-8B-Instruct-Gradient-1048k_NCT03929536_exc_5_shot.json' gespeichert.
File: NCT03929536_inc 

Das File: /work/eauten2s/ec_criteria_struct/lct/input/lct_txt_half/NCT03929536_inc.txt wurde erfolgreich geladen.
Die Daten wurden erfolgreich in '/work/eauten2s/ec_criteria_struct/lct/evaluate/eval_p3/model_output/Llama-3-8B-Instruct-Gradient-1048k_5_shot/output/Llama-3-8B-Instruct-Gradient-1048k_NCT03929536_inc_5_shot.json' gespeichert.
File: NCT03929549_exc 

Das File: /work/eauten2s/ec_criteria_struct/lct/input/lct_txt_half/NCT03929549_exc.txt wurde erfolgreich geladen.
Die Daten wurden erfolgreich in '/work/eauten2s/ec_criteria_struct/lct/evaluate/eval_p3/model_output/Llama-3-8B-Instruct-Gradient-1048k_5_shot/output/Llama-3-8B-Instruct-Gradient-1048k_NCT03929549_exc_5_shot.json' gespeichert.
File: NCT03929549_inc 

Das File: /work/eauten2s/ec_criteria_struct/lct/input/lct_txt_half/NCT03929549_inc.txt wurde erfolgreich geladen.
Die Daten wurden erfolgreich in '/work/eauten2s/ec_criteria_struct/lct/evaluate/eval_p3/model_output/Llama-3-8B-Instruct-Gradient-1048k_5_shot/output/Llama-3-8B-Instruct-Gradient-1048k_NCT03929549_inc_5_shot.json' gespeichert.
File: NCT03929562_exc 

Das File: /work/eauten2s/ec_criteria_struct/lct/input/lct_txt_half/NCT03929562_exc.txt wurde erfolgreich geladen.
Die Daten wurden erfolgreich in '/work/eauten2s/ec_criteria_struct/lct/evaluate/eval_p3/model_output/Llama-3-8B-Instruct-Gradient-1048k_5_shot/output/Llama-3-8B-Instruct-Gradient-1048k_NCT03929562_exc_5_shot.json' gespeichert.
File: NCT03929562_inc 

Das File: /work/eauten2s/ec_criteria_struct/lct/input/lct_txt_half/NCT03929562_inc.txt wurde erfolgreich geladen.
Die Daten wurden erfolgreich in '/work/eauten2s/ec_criteria_struct/lct/evaluate/eval_p3/model_output/Llama-3-8B-Instruct-Gradient-1048k_5_shot/output/Llama-3-8B-Instruct-Gradient-1048k_NCT03929562_inc_5_shot.json' gespeichert.
File: NCT03929575_exc 

Das File: /work/eauten2s/ec_criteria_struct/lct/input/lct_txt_half/NCT03929575_exc.txt wurde erfolgreich geladen.
Die Daten wurden erfolgreich in '/work/eauten2s/ec_criteria_struct/lct/evaluate/eval_p3/model_output/Llama-3-8B-Instruct-Gradient-1048k_5_shot/output/Llama-3-8B-Instruct-Gradient-1048k_NCT03929575_exc_5_shot.json' gespeichert.
File: NCT03929575_inc 

Das File: /work/eauten2s/ec_criteria_struct/lct/input/lct_txt_half/NCT03929575_inc.txt wurde erfolgreich geladen.
Die Daten wurden erfolgreich in '/work/eauten2s/ec_criteria_struct/lct/evaluate/eval_p3/model_output/Llama-3-8B-Instruct-Gradient-1048k_5_shot/output/Llama-3-8B-Instruct-Gradient-1048k_NCT03929575_inc_5_shot.json' gespeichert.
File: NCT03929614_exc 

Das File: /work/eauten2s/ec_criteria_struct/lct/input/lct_txt_half/NCT03929614_exc.txt wurde erfolgreich geladen.
Die Daten wurden erfolgreich in '/work/eauten2s/ec_criteria_struct/lct/evaluate/eval_p3/model_output/Llama-3-8B-Instruct-Gradient-1048k_5_shot/output/Llama-3-8B-Instruct-Gradient-1048k_NCT03929614_exc_5_shot.json' gespeichert.
File: NCT03929614_inc 

Das File: /work/eauten2s/ec_criteria_struct/lct/input/lct_txt_half/NCT03929614_inc.txt wurde erfolgreich geladen.
Die Daten wurden erfolgreich in '/work/eauten2s/ec_criteria_struct/lct/evaluate/eval_p3/model_output/Llama-3-8B-Instruct-Gradient-1048k_5_shot/output/Llama-3-8B-Instruct-Gradient-1048k_NCT03929614_inc_5_shot.json' gespeichert.
File: NCT03929640_exc 

Das File: /work/eauten2s/ec_criteria_struct/lct/input/lct_txt_half/NCT03929640_exc.txt wurde erfolgreich geladen.
Die Daten wurden erfolgreich in '/work/eauten2s/ec_criteria_struct/lct/evaluate/eval_p3/model_output/Llama-3-8B-Instruct-Gradient-1048k_5_shot/output/Llama-3-8B-Instruct-Gradient-1048k_NCT03929640_exc_5_shot.json' gespeichert.
File: NCT03929640_inc 

Das File: /work/eauten2s/ec_criteria_struct/lct/input/lct_txt_half/NCT03929640_inc.txt wurde erfolgreich geladen.
Die Daten wurden erfolgreich in '/work/eauten2s/ec_criteria_struct/lct/evaluate/eval_p3/model_output/Llama-3-8B-Instruct-Gradient-1048k_5_shot/output/Llama-3-8B-Instruct-Gradient-1048k_NCT03929640_inc_5_shot.json' gespeichert.
File: NCT03929653_inc 

Das File: /work/eauten2s/ec_criteria_struct/lct/input/lct_txt_half/NCT03929653_inc.txt wurde erfolgreich geladen.
Die Daten wurden erfolgreich in '/work/eauten2s/ec_criteria_struct/lct/evaluate/eval_p3/model_output/Llama-3-8B-Instruct-Gradient-1048k_5_shot/output/Llama-3-8B-Instruct-Gradient-1048k_NCT03929653_inc_5_shot.json' gespeichert.
File: NCT03929679_exc 

Das File: /work/eauten2s/ec_criteria_struct/lct/input/lct_txt_half/NCT03929679_exc.txt wurde erfolgreich geladen.
Die Daten wurden erfolgreich in '/work/eauten2s/ec_criteria_struct/lct/evaluate/eval_p3/model_output/Llama-3-8B-Instruct-Gradient-1048k_5_shot/output/Llama-3-8B-Instruct-Gradient-1048k_NCT03929679_exc_5_shot.json' gespeichert.
File: NCT03929679_inc 

Das File: /work/eauten2s/ec_criteria_struct/lct/input/lct_txt_half/NCT03929679_inc.txt wurde erfolgreich geladen.
Die Daten wurden erfolgreich in '/work/eauten2s/ec_criteria_struct/lct/evaluate/eval_p3/model_output/Llama-3-8B-Instruct-Gradient-1048k_5_shot/output/Llama-3-8B-Instruct-Gradient-1048k_NCT03929679_inc_5_shot.json' gespeichert.
File: NCT03929692_exc 

Das File: /work/eauten2s/ec_criteria_struct/lct/input/lct_txt_half/NCT03929692_exc.txt wurde erfolgreich geladen.
Die Daten wurden erfolgreich in '/work/eauten2s/ec_criteria_struct/lct/evaluate/eval_p3/model_output/Llama-3-8B-Instruct-Gradient-1048k_5_shot/output/Llama-3-8B-Instruct-Gradient-1048k_NCT03929692_exc_5_shot.json' gespeichert.
File: NCT03929692_inc 

Das File: /work/eauten2s/ec_criteria_struct/lct/input/lct_txt_half/NCT03929692_inc.txt wurde erfolgreich geladen.
Die Daten wurden erfolgreich in '/work/eauten2s/ec_criteria_struct/lct/evaluate/eval_p3/model_output/Llama-3-8B-Instruct-Gradient-1048k_5_shot/output/Llama-3-8B-Instruct-Gradient-1048k_NCT03929692_inc_5_shot.json' gespeichert.
File: NCT03929705_exc 

Das File: /work/eauten2s/ec_criteria_struct/lct/input/lct_txt_half/NCT03929705_exc.txt wurde erfolgreich geladen.
Die Daten wurden erfolgreich in '/work/eauten2s/ec_criteria_struct/lct/evaluate/eval_p3/model_output/Llama-3-8B-Instruct-Gradient-1048k_5_shot/output/Llama-3-8B-Instruct-Gradient-1048k_NCT03929705_exc_5_shot.json' gespeichert.
File: NCT03929705_inc 

Das File: /work/eauten2s/ec_criteria_struct/lct/input/lct_txt_half/NCT03929705_inc.txt wurde erfolgreich geladen.
Die Daten wurden erfolgreich in '/work/eauten2s/ec_criteria_struct/lct/evaluate/eval_p3/model_output/Llama-3-8B-Instruct-Gradient-1048k_5_shot/output/Llama-3-8B-Instruct-Gradient-1048k_NCT03929705_inc_5_shot.json' gespeichert.
File: NCT03929718_exc 

Das File: /work/eauten2s/ec_criteria_struct/lct/input/lct_txt_half/NCT03929718_exc.txt wurde erfolgreich geladen.
Die Daten wurden erfolgreich in '/work/eauten2s/ec_criteria_struct/lct/evaluate/eval_p3/model_output/Llama-3-8B-Instruct-Gradient-1048k_5_shot/output/Llama-3-8B-Instruct-Gradient-1048k_NCT03929718_exc_5_shot.json' gespeichert.
File: NCT03929718_inc 

Das File: /work/eauten2s/ec_criteria_struct/lct/input/lct_txt_half/NCT03929718_inc.txt wurde erfolgreich geladen.
Die Daten wurden erfolgreich in '/work/eauten2s/ec_criteria_struct/lct/evaluate/eval_p3/model_output/Llama-3-8B-Instruct-Gradient-1048k_5_shot/output/Llama-3-8B-Instruct-Gradient-1048k_NCT03929718_inc_5_shot.json' gespeichert.
File: NCT03929731_inc 

Das File: /work/eauten2s/ec_criteria_struct/lct/input/lct_txt_half/NCT03929731_inc.txt wurde erfolgreich geladen.
Die Daten wurden erfolgreich in '/work/eauten2s/ec_criteria_struct/lct/evaluate/eval_p3/model_output/Llama-3-8B-Instruct-Gradient-1048k_5_shot/output/Llama-3-8B-Instruct-Gradient-1048k_NCT03929731_inc_5_shot.json' gespeichert.
File: NCT03929744_exc 

Das File: /work/eauten2s/ec_criteria_struct/lct/input/lct_txt_half/NCT03929744_exc.txt wurde erfolgreich geladen.
Die Daten wurden erfolgreich in '/work/eauten2s/ec_criteria_struct/lct/evaluate/eval_p3/model_output/Llama-3-8B-Instruct-Gradient-1048k_5_shot/output/Llama-3-8B-Instruct-Gradient-1048k_NCT03929744_exc_5_shot.json' gespeichert.
File: NCT03929744_inc 

Das File: /work/eauten2s/ec_criteria_struct/lct/input/lct_txt_half/NCT03929744_inc.txt wurde erfolgreich geladen.
Die Daten wurden erfolgreich in '/work/eauten2s/ec_criteria_struct/lct/evaluate/eval_p3/model_output/Llama-3-8B-Instruct-Gradient-1048k_5_shot/output/Llama-3-8B-Instruct-Gradient-1048k_NCT03929744_inc_5_shot.json' gespeichert.
File: NCT03929770_exc 

Das File: /work/eauten2s/ec_criteria_struct/lct/input/lct_txt_half/NCT03929770_exc.txt wurde erfolgreich geladen.
Die Daten wurden erfolgreich in '/work/eauten2s/ec_criteria_struct/lct/evaluate/eval_p3/model_output/Llama-3-8B-Instruct-Gradient-1048k_5_shot/output/Llama-3-8B-Instruct-Gradient-1048k_NCT03929770_exc_5_shot.json' gespeichert.
File: NCT03929770_inc 

Das File: /work/eauten2s/ec_criteria_struct/lct/input/lct_txt_half/NCT03929770_inc.txt wurde erfolgreich geladen.
Die Daten wurden erfolgreich in '/work/eauten2s/ec_criteria_struct/lct/evaluate/eval_p3/model_output/Llama-3-8B-Instruct-Gradient-1048k_5_shot/output/Llama-3-8B-Instruct-Gradient-1048k_NCT03929770_inc_5_shot.json' gespeichert.
File: NCT03929809_exc 

Das File: /work/eauten2s/ec_criteria_struct/lct/input/lct_txt_half/NCT03929809_exc.txt wurde erfolgreich geladen.
Die Daten wurden erfolgreich in '/work/eauten2s/ec_criteria_struct/lct/evaluate/eval_p3/model_output/Llama-3-8B-Instruct-Gradient-1048k_5_shot/output/Llama-3-8B-Instruct-Gradient-1048k_NCT03929809_exc_5_shot.json' gespeichert.
File: NCT03929809_inc 

Das File: /work/eauten2s/ec_criteria_struct/lct/input/lct_txt_half/NCT03929809_inc.txt wurde erfolgreich geladen.
Die Daten wurden erfolgreich in '/work/eauten2s/ec_criteria_struct/lct/evaluate/eval_p3/model_output/Llama-3-8B-Instruct-Gradient-1048k_5_shot/output/Llama-3-8B-Instruct-Gradient-1048k_NCT03929809_inc_5_shot.json' gespeichert.
File: NCT03929822_exc 

Das File: /work/eauten2s/ec_criteria_struct/lct/input/lct_txt_half/NCT03929822_exc.txt wurde erfolgreich geladen.
Die Daten wurden erfolgreich in '/work/eauten2s/ec_criteria_struct/lct/evaluate/eval_p3/model_output/Llama-3-8B-Instruct-Gradient-1048k_5_shot/output/Llama-3-8B-Instruct-Gradient-1048k_NCT03929822_exc_5_shot.json' gespeichert.
File: NCT03929822_inc 

Das File: /work/eauten2s/ec_criteria_struct/lct/input/lct_txt_half/NCT03929822_inc.txt wurde erfolgreich geladen.
Die Daten wurden erfolgreich in '/work/eauten2s/ec_criteria_struct/lct/evaluate/eval_p3/model_output/Llama-3-8B-Instruct-Gradient-1048k_5_shot/output/Llama-3-8B-Instruct-Gradient-1048k_NCT03929822_inc_5_shot.json' gespeichert.
File: NCT03929848_exc 

Das File: /work/eauten2s/ec_criteria_struct/lct/input/lct_txt_half/NCT03929848_exc.txt wurde erfolgreich geladen.
Die Daten wurden erfolgreich in '/work/eauten2s/ec_criteria_struct/lct/evaluate/eval_p3/model_output/Llama-3-8B-Instruct-Gradient-1048k_5_shot/output/Llama-3-8B-Instruct-Gradient-1048k_NCT03929848_exc_5_shot.json' gespeichert.
File: NCT03929848_inc 

Das File: /work/eauten2s/ec_criteria_struct/lct/input/lct_txt_half/NCT03929848_inc.txt wurde erfolgreich geladen.
Die Daten wurden erfolgreich in '/work/eauten2s/ec_criteria_struct/lct/evaluate/eval_p3/model_output/Llama-3-8B-Instruct-Gradient-1048k_5_shot/output/Llama-3-8B-Instruct-Gradient-1048k_NCT03929848_inc_5_shot.json' gespeichert.
File: NCT03929874_exc 

Das File: /work/eauten2s/ec_criteria_struct/lct/input/lct_txt_half/NCT03929874_exc.txt wurde erfolgreich geladen.
Die Daten wurden erfolgreich in '/work/eauten2s/ec_criteria_struct/lct/evaluate/eval_p3/model_output/Llama-3-8B-Instruct-Gradient-1048k_5_shot/output/Llama-3-8B-Instruct-Gradient-1048k_NCT03929874_exc_5_shot.json' gespeichert.
File: NCT03929874_inc 

Das File: /work/eauten2s/ec_criteria_struct/lct/input/lct_txt_half/NCT03929874_inc.txt wurde erfolgreich geladen.
Die Daten wurden erfolgreich in '/work/eauten2s/ec_criteria_struct/lct/evaluate/eval_p3/model_output/Llama-3-8B-Instruct-Gradient-1048k_5_shot/output/Llama-3-8B-Instruct-Gradient-1048k_NCT03929874_inc_5_shot.json' gespeichert.
File: NCT03929887_exc 

Das File: /work/eauten2s/ec_criteria_struct/lct/input/lct_txt_half/NCT03929887_exc.txt wurde erfolgreich geladen.
Die Daten wurden erfolgreich in '/work/eauten2s/ec_criteria_struct/lct/evaluate/eval_p3/model_output/Llama-3-8B-Instruct-Gradient-1048k_5_shot/output/Llama-3-8B-Instruct-Gradient-1048k_NCT03929887_exc_5_shot.json' gespeichert.
File: NCT03929887_inc 

Das File: /work/eauten2s/ec_criteria_struct/lct/input/lct_txt_half/NCT03929887_inc.txt wurde erfolgreich geladen.
Die Daten wurden erfolgreich in '/work/eauten2s/ec_criteria_struct/lct/evaluate/eval_p3/model_output/Llama-3-8B-Instruct-Gradient-1048k_5_shot/output/Llama-3-8B-Instruct-Gradient-1048k_NCT03929887_inc_5_shot.json' gespeichert.
File: NCT03929900_exc 

Das File: /work/eauten2s/ec_criteria_struct/lct/input/lct_txt_half/NCT03929900_exc.txt wurde erfolgreich geladen.
Die Daten wurden erfolgreich in '/work/eauten2s/ec_criteria_struct/lct/evaluate/eval_p3/model_output/Llama-3-8B-Instruct-Gradient-1048k_5_shot/output/Llama-3-8B-Instruct-Gradient-1048k_NCT03929900_exc_5_shot.json' gespeichert.
File: NCT03929900_inc 

Das File: /work/eauten2s/ec_criteria_struct/lct/input/lct_txt_half/NCT03929900_inc.txt wurde erfolgreich geladen.
Die Daten wurden erfolgreich in '/work/eauten2s/ec_criteria_struct/lct/evaluate/eval_p3/model_output/Llama-3-8B-Instruct-Gradient-1048k_5_shot/output/Llama-3-8B-Instruct-Gradient-1048k_NCT03929900_inc_5_shot.json' gespeichert.
File: NCT03929926_exc 

Das File: /work/eauten2s/ec_criteria_struct/lct/input/lct_txt_half/NCT03929926_exc.txt wurde erfolgreich geladen.
Die Daten wurden erfolgreich in '/work/eauten2s/ec_criteria_struct/lct/evaluate/eval_p3/model_output/Llama-3-8B-Instruct-Gradient-1048k_5_shot/output/Llama-3-8B-Instruct-Gradient-1048k_NCT03929926_exc_5_shot.json' gespeichert.
File: NCT03929926_inc 

Das File: /work/eauten2s/ec_criteria_struct/lct/input/lct_txt_half/NCT03929926_inc.txt wurde erfolgreich geladen.
Die Daten wurden erfolgreich in '/work/eauten2s/ec_criteria_struct/lct/evaluate/eval_p3/model_output/Llama-3-8B-Instruct-Gradient-1048k_5_shot/output/Llama-3-8B-Instruct-Gradient-1048k_NCT03929926_inc_5_shot.json' gespeichert.
File: NCT03929939_exc 

Das File: /work/eauten2s/ec_criteria_struct/lct/input/lct_txt_half/NCT03929939_exc.txt wurde erfolgreich geladen.
Die Daten wurden erfolgreich in '/work/eauten2s/ec_criteria_struct/lct/evaluate/eval_p3/model_output/Llama-3-8B-Instruct-Gradient-1048k_5_shot/output/Llama-3-8B-Instruct-Gradient-1048k_NCT03929939_exc_5_shot.json' gespeichert.
File: NCT03929939_inc 

Das File: /work/eauten2s/ec_criteria_struct/lct/input/lct_txt_half/NCT03929939_inc.txt wurde erfolgreich geladen.
Die Daten wurden erfolgreich in '/work/eauten2s/ec_criteria_struct/lct/evaluate/eval_p3/model_output/Llama-3-8B-Instruct-Gradient-1048k_5_shot/output/Llama-3-8B-Instruct-Gradient-1048k_NCT03929939_inc_5_shot.json' gespeichert.
File: NCT03929952_exc 

Das File: /work/eauten2s/ec_criteria_struct/lct/input/lct_txt_half/NCT03929952_exc.txt wurde erfolgreich geladen.
Die Daten wurden erfolgreich in '/work/eauten2s/ec_criteria_struct/lct/evaluate/eval_p3/model_output/Llama-3-8B-Instruct-Gradient-1048k_5_shot/output/Llama-3-8B-Instruct-Gradient-1048k_NCT03929952_exc_5_shot.json' gespeichert.
File: NCT03929952_inc 

Das File: /work/eauten2s/ec_criteria_struct/lct/input/lct_txt_half/NCT03929952_inc.txt wurde erfolgreich geladen.
Die Daten wurden erfolgreich in '/work/eauten2s/ec_criteria_struct/lct/evaluate/eval_p3/model_output/Llama-3-8B-Instruct-Gradient-1048k_5_shot/output/Llama-3-8B-Instruct-Gradient-1048k_NCT03929952_inc_5_shot.json' gespeichert.
File: NCT03929978_exc 

Das File: /work/eauten2s/ec_criteria_struct/lct/input/lct_txt_half/NCT03929978_exc.txt wurde erfolgreich geladen.
Die Daten wurden erfolgreich in '/work/eauten2s/ec_criteria_struct/lct/evaluate/eval_p3/model_output/Llama-3-8B-Instruct-Gradient-1048k_5_shot/output/Llama-3-8B-Instruct-Gradient-1048k_NCT03929978_exc_5_shot.json' gespeichert.
File: NCT03929978_inc 

Das File: /work/eauten2s/ec_criteria_struct/lct/input/lct_txt_half/NCT03929978_inc.txt wurde erfolgreich geladen.
Die Daten wurden erfolgreich in '/work/eauten2s/ec_criteria_struct/lct/evaluate/eval_p3/model_output/Llama-3-8B-Instruct-Gradient-1048k_5_shot/output/Llama-3-8B-Instruct-Gradient-1048k_NCT03929978_inc_5_shot.json' gespeichert.
File: NCT03929991_exc 

Das File: /work/eauten2s/ec_criteria_struct/lct/input/lct_txt_half/NCT03929991_exc.txt wurde erfolgreich geladen.
Die Daten wurden erfolgreich in '/work/eauten2s/ec_criteria_struct/lct/evaluate/eval_p3/model_output/Llama-3-8B-Instruct-Gradient-1048k_5_shot/output/Llama-3-8B-Instruct-Gradient-1048k_NCT03929991_exc_5_shot.json' gespeichert.
File: NCT03929991_inc 

Das File: /work/eauten2s/ec_criteria_struct/lct/input/lct_txt_half/NCT03929991_inc.txt wurde erfolgreich geladen.
Die Daten wurden erfolgreich in '/work/eauten2s/ec_criteria_struct/lct/evaluate/eval_p3/model_output/Llama-3-8B-Instruct-Gradient-1048k_5_shot/output/Llama-3-8B-Instruct-Gradient-1048k_NCT03929991_inc_5_shot.json' gespeichert.
File: NCT03930108_exc 

Das File: /work/eauten2s/ec_criteria_struct/lct/input/lct_txt_half/NCT03930108_exc.txt wurde erfolgreich geladen.
Die Daten wurden erfolgreich in '/work/eauten2s/ec_criteria_struct/lct/evaluate/eval_p3/model_output/Llama-3-8B-Instruct-Gradient-1048k_5_shot/output/Llama-3-8B-Instruct-Gradient-1048k_NCT03930108_exc_5_shot.json' gespeichert.
File: NCT03930108_inc 

Das File: /work/eauten2s/ec_criteria_struct/lct/input/lct_txt_half/NCT03930108_inc.txt wurde erfolgreich geladen.
Die Daten wurden erfolgreich in '/work/eauten2s/ec_criteria_struct/lct/evaluate/eval_p3/model_output/Llama-3-8B-Instruct-Gradient-1048k_5_shot/output/Llama-3-8B-Instruct-Gradient-1048k_NCT03930108_inc_5_shot.json' gespeichert.
File: NCT03930121_exc 

Das File: /work/eauten2s/ec_criteria_struct/lct/input/lct_txt_half/NCT03930121_exc.txt wurde erfolgreich geladen.
Die Daten wurden erfolgreich in '/work/eauten2s/ec_criteria_struct/lct/evaluate/eval_p3/model_output/Llama-3-8B-Instruct-Gradient-1048k_5_shot/output/Llama-3-8B-Instruct-Gradient-1048k_NCT03930121_exc_5_shot.json' gespeichert.
File: NCT03930121_inc 

Das File: /work/eauten2s/ec_criteria_struct/lct/input/lct_txt_half/NCT03930121_inc.txt wurde erfolgreich geladen.
Die Daten wurden erfolgreich in '/work/eauten2s/ec_criteria_struct/lct/evaluate/eval_p3/model_output/Llama-3-8B-Instruct-Gradient-1048k_5_shot/output/Llama-3-8B-Instruct-Gradient-1048k_NCT03930121_inc_5_shot.json' gespeichert.
File: NCT03930134_exc 

Das File: /work/eauten2s/ec_criteria_struct/lct/input/lct_txt_half/NCT03930134_exc.txt wurde erfolgreich geladen.
Die Daten wurden erfolgreich in '/work/eauten2s/ec_criteria_struct/lct/evaluate/eval_p3/model_output/Llama-3-8B-Instruct-Gradient-1048k_5_shot/output/Llama-3-8B-Instruct-Gradient-1048k_NCT03930134_exc_5_shot.json' gespeichert.
File: NCT03930134_inc 

Das File: /work/eauten2s/ec_criteria_struct/lct/input/lct_txt_half/NCT03930134_inc.txt wurde erfolgreich geladen.
Die Daten wurden erfolgreich in '/work/eauten2s/ec_criteria_struct/lct/evaluate/eval_p3/model_output/Llama-3-8B-Instruct-Gradient-1048k_5_shot/output/Llama-3-8B-Instruct-Gradient-1048k_NCT03930134_inc_5_shot.json' gespeichert.
File: NCT03930524_exc 

Das File: /work/eauten2s/ec_criteria_struct/lct/input/lct_txt_half/NCT03930524_exc.txt wurde erfolgreich geladen.
Die Daten wurden erfolgreich in '/work/eauten2s/ec_criteria_struct/lct/evaluate/eval_p3/model_output/Llama-3-8B-Instruct-Gradient-1048k_5_shot/output/Llama-3-8B-Instruct-Gradient-1048k_NCT03930524_exc_5_shot.json' gespeichert.
File: NCT03930524_inc 

Das File: /work/eauten2s/ec_criteria_struct/lct/input/lct_txt_half/NCT03930524_inc.txt wurde erfolgreich geladen.
Die Daten wurden erfolgreich in '/work/eauten2s/ec_criteria_struct/lct/evaluate/eval_p3/model_output/Llama-3-8B-Instruct-Gradient-1048k_5_shot/output/Llama-3-8B-Instruct-Gradient-1048k_NCT03930524_inc_5_shot.json' gespeichert.
File: NCT03930849_exc 

Das File: /work/eauten2s/ec_criteria_struct/lct/input/lct_txt_half/NCT03930849_exc.txt wurde erfolgreich geladen.
Die Daten wurden erfolgreich in '/work/eauten2s/ec_criteria_struct/lct/evaluate/eval_p3/model_output/Llama-3-8B-Instruct-Gradient-1048k_5_shot/output/Llama-3-8B-Instruct-Gradient-1048k_NCT03930849_exc_5_shot.json' gespeichert.
File: NCT03930849_inc 

Das File: /work/eauten2s/ec_criteria_struct/lct/input/lct_txt_half/NCT03930849_inc.txt wurde erfolgreich geladen.
Die Daten wurden erfolgreich in '/work/eauten2s/ec_criteria_struct/lct/evaluate/eval_p3/model_output/Llama-3-8B-Instruct-Gradient-1048k_5_shot/output/Llama-3-8B-Instruct-Gradient-1048k_NCT03930849_inc_5_shot.json' gespeichert.
File: NCT03930901_exc 

Das File: /work/eauten2s/ec_criteria_struct/lct/input/lct_txt_half/NCT03930901_exc.txt wurde erfolgreich geladen.
Die Daten wurden erfolgreich in '/work/eauten2s/ec_criteria_struct/lct/evaluate/eval_p3/model_output/Llama-3-8B-Instruct-Gradient-1048k_5_shot/output/Llama-3-8B-Instruct-Gradient-1048k_NCT03930901_exc_5_shot.json' gespeichert.
File: NCT03930901_inc 

Das File: /work/eauten2s/ec_criteria_struct/lct/input/lct_txt_half/NCT03930901_inc.txt wurde erfolgreich geladen.
Die Daten wurden erfolgreich in '/work/eauten2s/ec_criteria_struct/lct/evaluate/eval_p3/model_output/Llama-3-8B-Instruct-Gradient-1048k_5_shot/output/Llama-3-8B-Instruct-Gradient-1048k_NCT03930901_inc_5_shot.json' gespeichert.
File: NCT03931148_exc 

Das File: /work/eauten2s/ec_criteria_struct/lct/input/lct_txt_half/NCT03931148_exc.txt wurde erfolgreich geladen.
Die Daten wurden erfolgreich in '/work/eauten2s/ec_criteria_struct/lct/evaluate/eval_p3/model_output/Llama-3-8B-Instruct-Gradient-1048k_5_shot/output/Llama-3-8B-Instruct-Gradient-1048k_NCT03931148_exc_5_shot.json' gespeichert.
File: NCT03931148_inc 

Das File: /work/eauten2s/ec_criteria_struct/lct/input/lct_txt_half/NCT03931148_inc.txt wurde erfolgreich geladen.
Die Daten wurden erfolgreich in '/work/eauten2s/ec_criteria_struct/lct/evaluate/eval_p3/model_output/Llama-3-8B-Instruct-Gradient-1048k_5_shot/output/Llama-3-8B-Instruct-Gradient-1048k_NCT03931148_inc_5_shot.json' gespeichert.
File: NCT03931616_exc 

Das File: /work/eauten2s/ec_criteria_struct/lct/input/lct_txt_half/NCT03931616_exc.txt wurde erfolgreich geladen.
Die Daten wurden erfolgreich in '/work/eauten2s/ec_criteria_struct/lct/evaluate/eval_p3/model_output/Llama-3-8B-Instruct-Gradient-1048k_5_shot/output/Llama-3-8B-Instruct-Gradient-1048k_NCT03931616_exc_5_shot.json' gespeichert.
File: NCT03931616_inc 

Das File: /work/eauten2s/ec_criteria_struct/lct/input/lct_txt_half/NCT03931616_inc.txt wurde erfolgreich geladen.
Die Daten wurden erfolgreich in '/work/eauten2s/ec_criteria_struct/lct/evaluate/eval_p3/model_output/Llama-3-8B-Instruct-Gradient-1048k_5_shot/output/Llama-3-8B-Instruct-Gradient-1048k_NCT03931616_inc_5_shot.json' gespeichert.
File: NCT03931772_exc 

Das File: /work/eauten2s/ec_criteria_struct/lct/input/lct_txt_half/NCT03931772_exc.txt wurde erfolgreich geladen.
Die Daten wurden erfolgreich in '/work/eauten2s/ec_criteria_struct/lct/evaluate/eval_p3/model_output/Llama-3-8B-Instruct-Gradient-1048k_5_shot/output/Llama-3-8B-Instruct-Gradient-1048k_NCT03931772_exc_5_shot.json' gespeichert.
File: NCT03931772_inc 

Das File: /work/eauten2s/ec_criteria_struct/lct/input/lct_txt_half/NCT03931772_inc.txt wurde erfolgreich geladen.
Die Daten wurden erfolgreich in '/work/eauten2s/ec_criteria_struct/lct/evaluate/eval_p3/model_output/Llama-3-8B-Instruct-Gradient-1048k_5_shot/output/Llama-3-8B-Instruct-Gradient-1048k_NCT03931772_inc_5_shot.json' gespeichert.
File: NCT03931941_exc 

Das File: /work/eauten2s/ec_criteria_struct/lct/input/lct_txt_half/NCT03931941_exc.txt wurde erfolgreich geladen.
Die Daten wurden erfolgreich in '/work/eauten2s/ec_criteria_struct/lct/evaluate/eval_p3/model_output/Llama-3-8B-Instruct-Gradient-1048k_5_shot/output/Llama-3-8B-Instruct-Gradient-1048k_NCT03931941_exc_5_shot.json' gespeichert.
File: NCT03931941_inc 

Das File: /work/eauten2s/ec_criteria_struct/lct/input/lct_txt_half/NCT03931941_inc.txt wurde erfolgreich geladen.
Die Daten wurden erfolgreich in '/work/eauten2s/ec_criteria_struct/lct/evaluate/eval_p3/model_output/Llama-3-8B-Instruct-Gradient-1048k_5_shot/output/Llama-3-8B-Instruct-Gradient-1048k_NCT03931941_inc_5_shot.json' gespeichert.
File: NCT03932045_exc 

Das File: /work/eauten2s/ec_criteria_struct/lct/input/lct_txt_half/NCT03932045_exc.txt wurde erfolgreich geladen.
Die Daten wurden erfolgreich in '/work/eauten2s/ec_criteria_struct/lct/evaluate/eval_p3/model_output/Llama-3-8B-Instruct-Gradient-1048k_5_shot/output/Llama-3-8B-Instruct-Gradient-1048k_NCT03932045_exc_5_shot.json' gespeichert.
File: NCT03932045_inc 

Das File: /work/eauten2s/ec_criteria_struct/lct/input/lct_txt_half/NCT03932045_inc.txt wurde erfolgreich geladen.
Die Daten wurden erfolgreich in '/work/eauten2s/ec_criteria_struct/lct/evaluate/eval_p3/model_output/Llama-3-8B-Instruct-Gradient-1048k_5_shot/output/Llama-3-8B-Instruct-Gradient-1048k_NCT03932045_inc_5_shot.json' gespeichert.
File: NCT03932929_exc 

Das File: /work/eauten2s/ec_criteria_struct/lct/input/lct_txt_half/NCT03932929_exc.txt wurde erfolgreich geladen.
Die Daten wurden erfolgreich in '/work/eauten2s/ec_criteria_struct/lct/evaluate/eval_p3/model_output/Llama-3-8B-Instruct-Gradient-1048k_5_shot/output/Llama-3-8B-Instruct-Gradient-1048k_NCT03932929_exc_5_shot.json' gespeichert.
File: NCT03932929_inc 

Das File: /work/eauten2s/ec_criteria_struct/lct/input/lct_txt_half/NCT03932929_inc.txt wurde erfolgreich geladen.
Die Daten wurden erfolgreich in '/work/eauten2s/ec_criteria_struct/lct/evaluate/eval_p3/model_output/Llama-3-8B-Instruct-Gradient-1048k_5_shot/output/Llama-3-8B-Instruct-Gradient-1048k_NCT03932929_inc_5_shot.json' gespeichert.
File: NCT03934008_inc 

Das File: /work/eauten2s/ec_criteria_struct/lct/input/lct_txt_half/NCT03934008_inc.txt wurde erfolgreich geladen.
Die Daten wurden erfolgreich in '/work/eauten2s/ec_criteria_struct/lct/evaluate/eval_p3/model_output/Llama-3-8B-Instruct-Gradient-1048k_5_shot/output/Llama-3-8B-Instruct-Gradient-1048k_NCT03934008_inc_5_shot.json' gespeichert.
File: NCT03934034_exc 

Das File: /work/eauten2s/ec_criteria_struct/lct/input/lct_txt_half/NCT03934034_exc.txt wurde erfolgreich geladen.
Die Daten wurden erfolgreich in '/work/eauten2s/ec_criteria_struct/lct/evaluate/eval_p3/model_output/Llama-3-8B-Instruct-Gradient-1048k_5_shot/output/Llama-3-8B-Instruct-Gradient-1048k_NCT03934034_exc_5_shot.json' gespeichert.
File: NCT03934034_inc 

Das File: /work/eauten2s/ec_criteria_struct/lct/input/lct_txt_half/NCT03934034_inc.txt wurde erfolgreich geladen.
Die Daten wurden erfolgreich in '/work/eauten2s/ec_criteria_struct/lct/evaluate/eval_p3/model_output/Llama-3-8B-Instruct-Gradient-1048k_5_shot/output/Llama-3-8B-Instruct-Gradient-1048k_NCT03934034_inc_5_shot.json' gespeichert.
File: NCT03934151_exc 

Das File: /work/eauten2s/ec_criteria_struct/lct/input/lct_txt_half/NCT03934151_exc.txt wurde erfolgreich geladen.
Die Daten wurden erfolgreich in '/work/eauten2s/ec_criteria_struct/lct/evaluate/eval_p3/model_output/Llama-3-8B-Instruct-Gradient-1048k_5_shot/output/Llama-3-8B-Instruct-Gradient-1048k_NCT03934151_exc_5_shot.json' gespeichert.
File: NCT03934151_inc 

Das File: /work/eauten2s/ec_criteria_struct/lct/input/lct_txt_half/NCT03934151_inc.txt wurde erfolgreich geladen.
Die Daten wurden erfolgreich in '/work/eauten2s/ec_criteria_struct/lct/evaluate/eval_p3/model_output/Llama-3-8B-Instruct-Gradient-1048k_5_shot/output/Llama-3-8B-Instruct-Gradient-1048k_NCT03934151_inc_5_shot.json' gespeichert.
File: NCT03934346_exc 

Das File: /work/eauten2s/ec_criteria_struct/lct/input/lct_txt_half/NCT03934346_exc.txt wurde erfolgreich geladen.
Die Daten wurden erfolgreich in '/work/eauten2s/ec_criteria_struct/lct/evaluate/eval_p3/model_output/Llama-3-8B-Instruct-Gradient-1048k_5_shot/output/Llama-3-8B-Instruct-Gradient-1048k_NCT03934346_exc_5_shot.json' gespeichert.
File: NCT03934346_inc 

Das File: /work/eauten2s/ec_criteria_struct/lct/input/lct_txt_half/NCT03934346_inc.txt wurde erfolgreich geladen.
Die Daten wurden erfolgreich in '/work/eauten2s/ec_criteria_struct/lct/evaluate/eval_p3/model_output/Llama-3-8B-Instruct-Gradient-1048k_5_shot/output/Llama-3-8B-Instruct-Gradient-1048k_NCT03934346_inc_5_shot.json' gespeichert.
File: NCT03934385_exc 

Das File: /work/eauten2s/ec_criteria_struct/lct/input/lct_txt_half/NCT03934385_exc.txt wurde erfolgreich geladen.
Die Daten wurden erfolgreich in '/work/eauten2s/ec_criteria_struct/lct/evaluate/eval_p3/model_output/Llama-3-8B-Instruct-Gradient-1048k_5_shot/output/Llama-3-8B-Instruct-Gradient-1048k_NCT03934385_exc_5_shot.json' gespeichert.
File: NCT03934385_inc 

Das File: /work/eauten2s/ec_criteria_struct/lct/input/lct_txt_half/NCT03934385_inc.txt wurde erfolgreich geladen.
Die Daten wurden erfolgreich in '/work/eauten2s/ec_criteria_struct/lct/evaluate/eval_p3/model_output/Llama-3-8B-Instruct-Gradient-1048k_5_shot/output/Llama-3-8B-Instruct-Gradient-1048k_NCT03934385_inc_5_shot.json' gespeichert.
File: NCT03934424_exc 

Das File: /work/eauten2s/ec_criteria_struct/lct/input/lct_txt_half/NCT03934424_exc.txt wurde erfolgreich geladen.
Die Daten wurden erfolgreich in '/work/eauten2s/ec_criteria_struct/lct/evaluate/eval_p3/model_output/Llama-3-8B-Instruct-Gradient-1048k_5_shot/output/Llama-3-8B-Instruct-Gradient-1048k_NCT03934424_exc_5_shot.json' gespeichert.
File: NCT03934424_inc 

Das File: /work/eauten2s/ec_criteria_struct/lct/input/lct_txt_half/NCT03934424_inc.txt wurde erfolgreich geladen.
Die Daten wurden erfolgreich in '/work/eauten2s/ec_criteria_struct/lct/evaluate/eval_p3/model_output/Llama-3-8B-Instruct-Gradient-1048k_5_shot/output/Llama-3-8B-Instruct-Gradient-1048k_NCT03934424_inc_5_shot.json' gespeichert.
File: NCT03934554_exc 

Das File: /work/eauten2s/ec_criteria_struct/lct/input/lct_txt_half/NCT03934554_exc.txt wurde erfolgreich geladen.
Die Daten wurden erfolgreich in '/work/eauten2s/ec_criteria_struct/lct/evaluate/eval_p3/model_output/Llama-3-8B-Instruct-Gradient-1048k_5_shot/output/Llama-3-8B-Instruct-Gradient-1048k_NCT03934554_exc_5_shot.json' gespeichert.
File: NCT03934554_inc 

Das File: /work/eauten2s/ec_criteria_struct/lct/input/lct_txt_half/NCT03934554_inc.txt wurde erfolgreich geladen.
Die Daten wurden erfolgreich in '/work/eauten2s/ec_criteria_struct/lct/evaluate/eval_p3/model_output/Llama-3-8B-Instruct-Gradient-1048k_5_shot/output/Llama-3-8B-Instruct-Gradient-1048k_NCT03934554_inc_5_shot.json' gespeichert.
File: NCT03934593_exc 

Das File: /work/eauten2s/ec_criteria_struct/lct/input/lct_txt_half/NCT03934593_exc.txt wurde erfolgreich geladen.
Die Daten wurden erfolgreich in '/work/eauten2s/ec_criteria_struct/lct/evaluate/eval_p3/model_output/Llama-3-8B-Instruct-Gradient-1048k_5_shot/output/Llama-3-8B-Instruct-Gradient-1048k_NCT03934593_exc_5_shot.json' gespeichert.
File: NCT03934593_inc 

Das File: /work/eauten2s/ec_criteria_struct/lct/input/lct_txt_half/NCT03934593_inc.txt wurde erfolgreich geladen.
Die Daten wurden erfolgreich in '/work/eauten2s/ec_criteria_struct/lct/evaluate/eval_p3/model_output/Llama-3-8B-Instruct-Gradient-1048k_5_shot/output/Llama-3-8B-Instruct-Gradient-1048k_NCT03934593_inc_5_shot.json' gespeichert.
