Das File: /work/eauten2s/ec_criteria_struct/lct/input/prompt/claude_prompt6.txt wurde erfolgreich geladen.
File: NCT03860194 

Das File: /work/eauten2s/ec_criteria_struct/lct/input/dataset/test/input/NCT03860194.txt wurde erfolgreich geladen.
Inclusion Criteria:
 - Older adults (≥ 65 years)
 - Subject [AND] has lower appendicular muscle mass index (AMMI) (<7 kg/m^2 in men; <5.7 kg/m^2 in women) using Bioelectrical impedance analysis (BIA, TANITA BC-418®, Tokyo, Japan)
 - Subject [AND] has lower handgrip strength (<26 kg in men; <18 kg in women) using dynamometer (CAMRY®, Zhongshan, Guangdong) [OR] slowly gait speed (<1 m/s)
Exclusion Criteria:
 - Subject's life expectancy [NOT] was shorter than 6 months
 - Nursing home resident
 - Subject [AND] has the history of kidney failure
 - Subject [AND] has the history of liver failure
 - Subject [AND] has the history of diabetes mellitus
 - Subject [AND] has resistance exercise habit.
Die Daten wurden erfolgreich in '/work/eauten2s/ec_criteria_struct/lct/evaluate_parse_1/eval_p1_models_prompt6_evaldata/model_output/Gemma-27b_5_shot/output/Gemma-27b_NCT03860194_5_shot.txt' gespeichert.
File: NCT03860415 

Das File: /work/eauten2s/ec_criteria_struct/lct/input/dataset/test/input/NCT03860415.txt wurde erfolgreich geladen.
Inclusion Criteria:
 - Chronic (more than three months) ESBL colonization of the same strain [AND] as determined by species, phenotype [AND] and antibiogram.
 - Patients must be able to swallow sachets.
 - Must be able to speak [AND] understand Swedish.
 - Must have a permanent residence in Sweden.
 - Must be able to sign informed consent in Swedish.
Exclusion Criteria:
 - Immunosuppression (i.e. chemotheraphy, treatment with TNF-alpha-inhibitors).
 - In patient care.
 - [NOT] Immunodeficiency
 - [NOT] Psychiatric disorder
 - [NOT] Alcohol [OR] substance abuse
 - [NOT] Dementia
 - Invasive catheters.
Die Daten wurden erfolgreich in '/work/eauten2s/ec_criteria_struct/lct/evaluate_parse_1/eval_p1_models_prompt6_evaldata/model_output/Gemma-27b_5_shot/output/Gemma-27b_NCT03860415_5_shot.txt' gespeichert.
File: NCT03860454 

Das File: /work/eauten2s/ec_criteria_struct/lct/input/dataset/test/input/NCT03860454.txt wurde erfolgreich geladen.
Inclusion Criteria:
 -  [AND] LMNA+ cases [AND] with pathogenic LMNA mutations [AND] for LMNA+ [AND] and heart myocardial samples from the explanted hearts of LMNA+ patients [AND] who are scheduled to undergo clinically indicated heart transplantation at the Papworth Hospital NHS Trust.
 -  [AND] DCMWT cases: patients with heart muscle failure [AND] but with wild-type lamin gene. [AND] Heart myocardial samples from the explanted hearts of DCMWT patients [AND] who are scheduled to undergo clinically indicated heart transplantation at the Papworth Hospital NHS Trust.
 -  [AND] HV (controls): matched to cases.
Exclusion Criteria:
 -  Needle-phobia [AND] that would preclude blood-letting
 -  [NOT] Participants unwilling to consent
 -  Patients that have a conventional contraindication for cardiac magnetic resonance imaging (MRI).
 -  Patients that have had a blood transfusion within the last month [OR] and patients having haemodialysis [AND] will be excluded.
Die Daten wurden erfolgreich in '/work/eauten2s/ec_criteria_struct/lct/evaluate_parse_1/eval_p1_models_prompt6_evaldata/model_output/Gemma-27b_5_shot/output/Gemma-27b_NCT03860454_5_shot.txt' gespeichert.
File: NCT03860584 

Das File: /work/eauten2s/ec_criteria_struct/lct/input/dataset/test/input/NCT03860584.txt wurde erfolgreich geladen.
Inclusion Criteria:
 -  Serum Glucose 100-126 mg/dl
 -  Waist C >89 [OR] 102 cm; F/M
 -  Serum HDL-C: <50 [OR] 40 mg/dl; F/M
 -  Serum TG: >150 mg/dl
 -  BP >130/85 mmHg
 -  Serum Endotoxin >25 EU/ml
Exclusion Criteria:
 -  Unstable body mass (±2 kg over prior 3-mo)
 -  Vegetarian
 -  Food allergies [OR] or lactose intolerance
 -  User [AND] of dietary supplements [OR] or probiotics (within past 1-mo)
 -  Pregnancy, lactation, changes in birth control (within 6-mo)
 -  [NOT] Any gastrointestinal disorders
 -  [NOT] Chronic diarrhea
 -  Smoker
 -  Excess alcohol (>2 drinks/d)
 -  Excess aerobic exercise (>5 h/wk)
 -  Recent antibiotic [OR] or anti-inflammatory agent use
 -  BP >140/90 mmHg
Die Daten wurden erfolgreich in '/work/eauten2s/ec_criteria_struct/lct/evaluate_parse_1/eval_p1_models_prompt6_evaldata/model_output/Gemma-27b_5_shot/output/Gemma-27b_NCT03860584_5_shot.txt' gespeichert.
File: NCT03860766 

Das File: /work/eauten2s/ec_criteria_struct/lct/input/dataset/test/input/NCT03860766.txt wurde erfolgreich geladen.
Inclusion Criteria:
 - Handball players [AND] who are healthy [AND] with participation of at least one official match in the last year [AND] and attend 70% of the team's activities during the current season.
Exclusion Criteria:
 - musculoskeletal injury in the last three months [OR] cardiovascular diseases [OR] use of anabolic, anti-inflammatory [OR] and analgesic drugs 72 hours before the evaluations [OR] use of alcohol [OR] and illicit drugs during the collection period.
Die Daten wurden erfolgreich in '/work/eauten2s/ec_criteria_struct/lct/evaluate_parse_1/eval_p1_models_prompt6_evaldata/model_output/Gemma-27b_5_shot/output/Gemma-27b_NCT03860766_5_shot.txt' gespeichert.
File: NCT03860896 

Das File: /work/eauten2s/ec_criteria_struct/lct/input/dataset/test/input/NCT03860896.txt wurde erfolgreich geladen.
Inclusion Criteria:
 - Patients aged 18-74 [AND] receiving therapy for active ulcerative colitis confirmed by Mayo Score assessment [AND] with evidence of colonic inflammation.
Exclusion Criteria:
 - Evidence of Crohn's disease [OR] indeterminate colitis [OR] presence of bacterial [OR] or parasitic infection.
 - Patients receiving biologic agents [AND] experimental agents are [NOT] excluded.
Die Daten wurden erfolgreich in '/work/eauten2s/ec_criteria_struct/lct/evaluate_parse_1/eval_p1_models_prompt6_evaldata/model_output/Gemma-27b_5_shot/output/Gemma-27b_NCT03860896_5_shot.txt' gespeichert.
File: NCT03861182 

Das File: /work/eauten2s/ec_criteria_struct/lct/input/dataset/test/input/NCT03861182.txt wurde erfolgreich geladen.
Inclusion Criteria:
Adult Healthy Volunteers :
- Over 18 years of age
Neonates:
  -  Aged between 1h of life [AND] 28 days of life
  -  Born beyond 33 Week of Amenorrhea + 1day [AND] 2kg of birth weight
  -  Hospitalized in the medical-surgical centre of Pediatrics of the hospital of Strasbourg
  -  For whom a blood sample was prescribed as part of their routine care
Exclusion Criteria:
Adult Healthy Volunteers :
  -  Systemic inflammatory disease
  -  Transient inflammatory state
  -  Any drug that modifies the coagulation cascade during the 48h preceding the sampling
Neonates:
  -  Risk of anemia < 7g/DL
  -  Current anticoagulant treatment
Die Daten wurden erfolgreich in '/work/eauten2s/ec_criteria_struct/lct/evaluate_parse_1/eval_p1_models_prompt6_evaldata/model_output/Gemma-27b_5_shot/output/Gemma-27b_NCT03861182_5_shot.txt' gespeichert.
File: NCT03861195 

Das File: /work/eauten2s/ec_criteria_struct/lct/input/dataset/test/input/NCT03861195.txt wurde erfolgreich geladen.
Inclusion Criteria:
 - [AND] age ≥18 years
 - [AND] BMI ≤40 kg/m2
 - [AND] indication for hysterectomy for benign disease [OR] prophylactic surgery due to hereditary cancer
 - [OR] indication for radical hysterectomy [AND] / [OR] pelvic-/para-aortic (sentinel-node) lymphadenectomy for cervical cancer
 - [OR] indication for modified radical hysterectomy [AND] / [OR] pelvic-/para-aortic (sentinel-node) lymphadenectomy for endometrial cancer
 - [AND] size of uterus [AND] vagina allows for retrieval by the vaginal route in cancer patients
 - [AND] written informed consent
Exclusion Criteria:
 - [NOT] known extensive intra-abdominal adhesions
 - [NOT] anaesthesiological contraindications to laparoscopy
 - [NOT] women with pacemaker [OR] other implants where electrosurgery is to be avoided
 - [NOT] women with known defects of the hemostasis
 - [NOT] pregnancy
 - [NOT] other internal [OR] anatomical criteria that preclude a minimal invasive approach
 - [NOT] inability to understand patient information
Die Daten wurden erfolgreich in '/work/eauten2s/ec_criteria_struct/lct/evaluate_parse_1/eval_p1_models_prompt6_evaldata/model_output/Gemma-27b_5_shot/output/Gemma-27b_NCT03861195_5_shot.txt' gespeichert.
File: NCT03861299 

Das File: /work/eauten2s/ec_criteria_struct/lct/input/dataset/test/input/NCT03861299.txt wurde erfolgreich geladen.
Inclusion Criteria:
 1. Age [AND] ≥18 years [AND] ≤ 90 years
 2. Tumor diagnosed [AND] as Glioblastoma Multiforme on MRI with distinct ring-like pattern of contrast enhancement with thick irregular walls [AND] a core area reduced signal suggestive of tumour necrosis as assessed by the surgeon
 3. Tumors situated in [OR] near eloquent areas; motor cortex, sensory cortex, subcortical pyramidal tract [OR] speech areas as indicated on MRI (Sawaya Grading II [AND] II)
 4. The tumor is suitable for resection (according to neurosurgeon)
 5. Karnofsky performance scale 80 [OR] more
 6. Written Informed consent
Exclusion Criteria:
 1. Tumors of the cerebellum, brain stem [OR] midline
 2. Multifocal contrast enhancing lesions
 3. Substantial [NOT] non-contrast enhancing tumor areas suggesting low grade gliomas with malignant transformation
 4. Medical reasons precluding MRI (eg, pacemaker)
 5. [NOT] Inability to give consent because of [OR] language barrier
 6. Psychiatric history
 7. Previous brain tumour surgery
 8. Previous low-grade glioma.
 9. Second primary malignancy within the past 5 years with the exception of adequately treated in situ carcinoma of any organ [OR] basal cell carcinoma of the skin.
 10. Severe aphasia [OR] dysphasia
Die Daten wurden erfolgreich in '/work/eauten2s/ec_criteria_struct/lct/evaluate_parse_1/eval_p1_models_prompt6_evaldata/model_output/Gemma-27b_5_shot/output/Gemma-27b_NCT03861299_5_shot.txt' gespeichert.
File: NCT03861312 

Das File: /work/eauten2s/ec_criteria_struct/lct/input/dataset/test/input/NCT03861312.txt wurde erfolgreich geladen.
Inclusion Criteria:
 -  [AND] men [AND] women aged between 18 [AND] 65 years [AND] b) medical diagnosis of Non-Specific Chronic Neck Pain with more than 6 months of evolution of neck pain.
Exclusion Criteria:
 -  [AND] a) patients with rheumatic diseases, cervical hernia, cervical whiplash syndrome, neck surgeries [OR] [NOT] history of arthrodesis, b) systemic diseases, c) vision, hearing [OR] [OR] vestibular problems, d) Severe trauma [OR] traffic accident which has had an impact on the cervical area.
Die Daten wurden erfolgreich in '/work/eauten2s/ec_criteria_struct/lct/evaluate_parse_1/eval_p1_models_prompt6_evaldata/model_output/Gemma-27b_5_shot/output/Gemma-27b_NCT03861312_5_shot.txt' gespeichert.
File: NCT03861429 

Das File: /work/eauten2s/ec_criteria_struct/lct/input/dataset/test/input/NCT03861429.txt wurde erfolgreich geladen.
Resident Inclusion Criteria:
 - Identified as having Alzheimer's [OR] related dementia
 - Mild to moderate cognitive impairment (BIMS = 8-15, (MDS C0500) [AND] nursing home residents only)
 - Makes Self Understood = <1 (MDS B0700) [OR] present in medical record
 - Understood By Others = <1 (MDS B0800) [OR] present in medical record
 - Reside at the facility at least 2 weeks [AND] identified as a long-term resident
 - Age >65 years
 - Speaks English
Family Inclusion Criteria:
 - Speaks English
 - Willing [AND] able to watch the videos
 - Willing to complete short surveys. [NOT] Being unable to attend care conference to view the video (e.g. due to distance) will [NOT] exclude family from participating.
Staff Inclusion Criteria:
 - Speaks English
 - Willing to watch the videos
 - Willing to complete short surveys
Resident Exclusion Criteria:
 - Limited communication capacity (e.g. aphasia)
 - Comatose
 - Cognitively intact
 - Severe cognitive impairment
Die Daten wurden erfolgreich in '/work/eauten2s/ec_criteria_struct/lct/evaluate_parse_1/eval_p1_models_prompt6_evaldata/model_output/Gemma-27b_5_shot/output/Gemma-27b_NCT03861429_5_shot.txt' gespeichert.
File: NCT03861494 

Das File: /work/eauten2s/ec_criteria_struct/lct/input/dataset/test/input/NCT03861494.txt wurde erfolgreich geladen.
Inclusion Criteria:
 -  patients hospitalized [AND] with primary diagnosis of acute [OR] subacute ischemic cerebral infarction
 -  18 years of age [OR] older
 -  English speaking
 -  admitted to hospital Sunday through Thursday
 -  patient [OR] responsible primary caregiver able to understand [AND] provide informed consent
 -  prognosis for survival greater than 6 months
 -  one [OR] more vascular risk factors (HTN, DLP, current smoker, DM, obesity)
 -  live in NWA area (Benton, Boone, Carroll, Madison, [AND] Washington counties),
 -  have a working phone.
Exclusion Criteria:
 -  admitted with transient ischemic attack
 -  admitted with an intracerebral hemorrhage
 -  experience an in-hospital ischemic cerebral infarction
 -  hospital to hospital transfer patients
 -  nursing home as primary residence before [OR] after discharge
 -  hospice
 -  [NOT] inability to comply with post discharge follow up
Die Daten wurden erfolgreich in '/work/eauten2s/ec_criteria_struct/lct/evaluate_parse_1/eval_p1_models_prompt6_evaldata/model_output/Gemma-27b_5_shot/output/Gemma-27b_NCT03861494_5_shot.txt' gespeichert.
File: NCT03861507 

Das File: /work/eauten2s/ec_criteria_struct/lct/input/dataset/test/input/NCT03861507.txt wurde erfolgreich geladen.
Inclusion Criteria:
 - Male [AND] aged 18 years [OR] older
 - Willing [AND] to provide written consent
 - Pathologically confirmed prostate cancer [AND] on previous biopsy
 - Suitable [AND] for [AND] consenting to high-dose-rate brachytherapy for treatment as standard of care.
Exclusion Criteria:
 - Previous radiotherapy [AND] to the prostate
Die Daten wurden erfolgreich in '/work/eauten2s/ec_criteria_struct/lct/evaluate_parse_1/eval_p1_models_prompt6_evaldata/model_output/Gemma-27b_5_shot/output/Gemma-27b_NCT03861507_5_shot.txt' gespeichert.
File: NCT03861546 

Das File: /work/eauten2s/ec_criteria_struct/lct/input/dataset/test/input/NCT03861546.txt wurde erfolgreich geladen.
Inclusion Criteria:
 1. age > 18 years [AND] confirmed diagnosis of prediabetes [OR] T2D (documented A1c of ≥ 5.7%, 2-hour post-load glucose of >140, [OR] FBG of >100) [AND] a family member [OR] peer willing to participate [AND] attend all sessions as a social influencer [AND] proficiency in English of at least one member of each dyad [AND] willingness to provide written consent.
Exclusion Criteria:
 1. type 1 diabetes [OR] diabetes secondary to other conditions (e.g. steroid-induced, pancreatic insufficiency, [OR] chemotherapy-induced) [OR] malignancy [OR] life-threatening illness with life expectancy of <5 years [OR] end-stage disease [OR] serious illness that prohibits participation (e.g. end-stage renal disease [OR] class IV congestive heart failure) [OR] inability to perform unsupervised physical activity [OR] pregnancy [OR] diagnosed cognitive deficits [OR] limited decision-making capacity [OR] alcohol [OR] substance abuse [OR] homelessness [OR] no fixed address.
Die Daten wurden erfolgreich in '/work/eauten2s/ec_criteria_struct/lct/evaluate_parse_1/eval_p1_models_prompt6_evaldata/model_output/Gemma-27b_5_shot/output/Gemma-27b_NCT03861546_5_shot.txt' gespeichert.
File: NCT03861572 

Das File: /work/eauten2s/ec_criteria_struct/lct/input/dataset/test/input/NCT03861572.txt wurde erfolgreich geladen.
Inclusion Criteria:
 - Participants [AND] who suffered total acute Achilles tendon rupture [AND] who underwent surgical repair. [AND] In addition, to participate in this study all volunteers [AND] will need to present medical [AND] or physiotherapeutic release for physical/sports activities practice.
Exclusion Criteria:
 - Volunteers [NOT] who did [NOT] have Achilles tendon surgical reconstruction [OR] who did [NOT] present medical [AND] or physiotherapeutic release for physical/sports activities [OR] who have participated in strength training program for the plantar flexors in the last 6 months [OR] patients with diabetic diseases [OR] as well as those with difficulty for understanding [AND] or executing the test [AND] or training protocols in the isokinetic dynamometer will be excluded.
Die Daten wurden erfolgreich in '/work/eauten2s/ec_criteria_struct/lct/evaluate_parse_1/eval_p1_models_prompt6_evaldata/model_output/Gemma-27b_5_shot/output/Gemma-27b_NCT03861572_5_shot.txt' gespeichert.
File: NCT03861624 

Das File: /work/eauten2s/ec_criteria_struct/lct/input/dataset/test/input/NCT03861624.txt wurde erfolgreich geladen.
Inclusion Criteria:
 1. Skeletal maturity [AND] AO/OTA 42 open tibia fractures [AND] Wound primarily closeable [NOT] no flap [OR] no delay in closure due to contamination needed [AND] Palpable pedal pulses [NOT] no vascular injury sustained [AND] Presentation within 24 hours from injury
Exclusion Criteria:
  1. Current injury is a pathologic fracture
  2. Sustained bilateral tibia fracture
  3. Sustained comminuted femur fracture
  4. Sustained severe Traumatic Brain Injury (GCS<12) ***
  5. Sustained severe spinal cord injury (lower extremity paresis/paralysis)
  6. Sustained severe burns (>10% total body surface area (TBSA) [OR] >5% TBSA with full thickness [OR] circumferential injury)
  7. Prior ipsilateral leg injury requiring surgery
  8. Prior [OR] current lower limb deformity [OR] abnormality
  9. [NOT] Unable to complete follow-up visits
Die Daten wurden erfolgreich in '/work/eauten2s/ec_criteria_struct/lct/evaluate_parse_1/eval_p1_models_prompt6_evaldata/model_output/Gemma-27b_5_shot/output/Gemma-27b_NCT03861624_5_shot.txt' gespeichert.
File: NCT03861650 

Das File: /work/eauten2s/ec_criteria_struct/lct/input/dataset/test/input/NCT03861650.txt wurde erfolgreich geladen.
Inclusion Criteria:
 1. [NOT] Patients [NOT] free from any disease affecting bone formation of both sexes [AND] was included in the study.
 2. Patients younger than 25 years old.
 3. Patients included in the study were post traumatic patients, hemifacial microsomia, Treacher Collins [AND] post ankylotic mandibular deformity.
 4. Distraction range was between 15-20 mm.
Exclusion Criteria:
  1. The presence of uncontrolled systemic disease.
  2. Previous radiotherapy on head [AND] neck region.
  3. Chemotherapy within the past 12-month period.
  4. An active infection at the distraction site.
Die Daten wurden erfolgreich in '/work/eauten2s/ec_criteria_struct/lct/evaluate_parse_1/eval_p1_models_prompt6_evaldata/model_output/Gemma-27b_5_shot/output/Gemma-27b_NCT03861650_5_shot.txt' gespeichert.
File: NCT03861845 

Das File: /work/eauten2s/ec_criteria_struct/lct/input/dataset/test/input/NCT03861845.txt wurde erfolgreich geladen.
Inclusion Criteria:
 -  18 years of age [OR] older
 -  speak English
 -  be prescribed to take two [OR] or more medications per day [AND] manage their own medications.
Exclusion Criteria:
 -  have a significant cognitive impairment
 -  [NOT] unwilling to use a novel pillbox
 -  [NOT] unable to meet with the research team
Die Daten wurden erfolgreich in '/work/eauten2s/ec_criteria_struct/lct/evaluate_parse_1/eval_p1_models_prompt6_evaldata/model_output/Gemma-27b_5_shot/output/Gemma-27b_NCT03861845_5_shot.txt' gespeichert.
File: NCT03861884 

Das File: /work/eauten2s/ec_criteria_struct/lct/input/dataset/test/input/NCT03861884.txt wurde erfolgreich geladen.
Inclusion Criteria:
 1. Ability [AND] to give informed consent.
 2. Either pathological, genetic [OR] or imaging biomarker evidence [OR] to suggest Fronto-temporal Lobar Degeneration, Alzheimer's Disease [OR] or Vascular Cognitive Impairment, [OR] defined clinical diagnoses.
Exclusion Criteria:
 1. [NOT] Lack [OR] of mental capacity [AND] to consent [AND] to study involvement.
 2. [NOT] Not speaking English before age 5 years.
 3. Learning disability.
 4. MRI contraindications
Die Daten wurden erfolgreich in '/work/eauten2s/ec_criteria_struct/lct/evaluate_parse_1/eval_p1_models_prompt6_evaldata/model_output/Gemma-27b_5_shot/output/Gemma-27b_NCT03861884_5_shot.txt' gespeichert.
File: NCT03862014 

Das File: /work/eauten2s/ec_criteria_struct/lct/input/dataset/test/input/NCT03862014.txt wurde erfolgreich geladen.
Inclusion Criteria:
 -  Patients [AND] parents of the patients [AND] who accept to participate [AND] sign the informed consent
 -  Patients whose molar teeth are diagnosed as molar incisor hypomineralization by EAPD
 -  Teeth that are fully erupted
 -  Patients who have at least two permanent first molars that need fissure sealant
 -  Teeth that have white-yellow-brown discoloration that indicate high-caries risk
Exclusion Criteria:
 -  Teeth that are previously restored [OR] have caries
 -  Patients who have orthodontic treatment
 -  Patients who are [NOT] unable to cooperate for the dental procedure
 -  Teeth that have dental flourosis [OR] enamel malformation according to the specific syndromes
Die Daten wurden erfolgreich in '/work/eauten2s/ec_criteria_struct/lct/evaluate_parse_1/eval_p1_models_prompt6_evaldata/model_output/Gemma-27b_5_shot/output/Gemma-27b_NCT03862014_5_shot.txt' gespeichert.
File: NCT03862105 

Das File: /work/eauten2s/ec_criteria_struct/lct/input/dataset/test/input/NCT03862105.txt wurde erfolgreich geladen.
Inclusion Criteria:
  - Male [OR] female patients with invasive bladder cancer scheduled for radical cystectomy at UNC within the next 30 days [AND] who are English-speaking [AND] who have the ability to access the Internet [OR] (either themselves [OR] with assistance from their caregiver) [AND] who have the ability to read [AND] who have the ability to provide informed consent.
Exclusion Criteria:
  - [NOT] Inability to read [OR] [NOT] inability to provide informed consent [OR] severe psychiatric illness [OR] cystectomy surgery without cancer diagnosis [OR] [NOT] Non-English speaking
Die Daten wurden erfolgreich in '/work/eauten2s/ec_criteria_struct/lct/evaluate_parse_1/eval_p1_models_prompt6_evaldata/model_output/Gemma-27b_5_shot/output/Gemma-27b_NCT03862105_5_shot.txt' gespeichert.
File: NCT03862248 

Das File: /work/eauten2s/ec_criteria_struct/lct/input/dataset/test/input/NCT03862248.txt wurde erfolgreich geladen.
Inclusion Criteria:
 - [AND] All newly registered patients with smear-positive recurrent pulmonary TB
 - [AND] Adults [OR] as well as children [NOT] with no age limit
 - [AND] Able [AND] willing to provide written informed consent
Exclusion Criteria:
 - [AND] Patients transferred to a health facility [NOT] not supported by Damien Foundation [AND] will be excluded. [AND] This includes patients diagnosed with HIV/TB-coinfection.
Die Daten wurden erfolgreich in '/work/eauten2s/ec_criteria_struct/lct/evaluate_parse_1/eval_p1_models_prompt6_evaldata/model_output/Gemma-27b_5_shot/output/Gemma-27b_NCT03862248_5_shot.txt' gespeichert.
File: NCT03862287 

Das File: /work/eauten2s/ec_criteria_struct/lct/input/dataset/test/input/NCT03862287.txt wurde erfolgreich geladen.
Inclusion Criteria:
 -  ASA I-III male [AND] female patients aged between 18 [AND] 80 years old [AND] who will receive spinal anesthesia for surgeries lasting less than one hour.
Exclusion Criteria:
 -  Patients younger than 18 years old.
 -  ASA physical status >3.
 -  Immunosuppression [OR] high risk of infection.
 -  Contraindications to receiving spinal anesthesia (e.g. coagulation impairment).
 -  Patients with psychosis
 -  Patients with preexisting back pain.
 -  Patients with cognitive impairment
 -  Allergies to local anesthetics [OR] analgesics [OR] or any medication used in the study.
 -  Patients with chronic regular opioid usage
 -  Presence of preexisting neurological symptoms.
Die Daten wurden erfolgreich in '/work/eauten2s/ec_criteria_struct/lct/evaluate_parse_1/eval_p1_models_prompt6_evaldata/model_output/Gemma-27b_5_shot/output/Gemma-27b_NCT03862287_5_shot.txt' gespeichert.
File: NCT03862482 

Das File: /work/eauten2s/ec_criteria_struct/lct/input/dataset/test/input/NCT03862482.txt wurde erfolgreich geladen.
Inclusion Criteria:
 - [NOT] smoker
 - [NOT] temporomandibular joint (TMJ) disorder [OR] [NOT] facial pain
 - [AND] having participated in the original study (1993 - 1996) at which time the minimum participate age was 25 years [AND] the maximum 56 years.
Exclusion Criteria:
 - [NOT] refusal to sign informed consent documents.
Die Daten wurden erfolgreich in '/work/eauten2s/ec_criteria_struct/lct/evaluate_parse_1/eval_p1_models_prompt6_evaldata/model_output/Gemma-27b_5_shot/output/Gemma-27b_NCT03862482_5_shot.txt' gespeichert.
File: NCT03862755 

Das File: /work/eauten2s/ec_criteria_struct/lct/input/dataset/test/input/NCT03862755.txt wurde erfolgreich geladen.
Inclusion Criteria:
 -  Lung surgical patients [AND] who were sent to thoracic postoperative intensive care unit (ICU) ward right after surgery [AND] who stayed in ICU for at least 24 hours.
Exclusion Criteria:
 -  Cases [AND] who received inferior vena filter [OR] anti-coagulation treatment history.
Die Daten wurden erfolgreich in '/work/eauten2s/ec_criteria_struct/lct/evaluate_parse_1/eval_p1_models_prompt6_evaldata/model_output/Gemma-27b_5_shot/output/Gemma-27b_NCT03862755_5_shot.txt' gespeichert.
File: NCT03862781 

Das File: /work/eauten2s/ec_criteria_struct/lct/input/dataset/test/input/NCT03862781.txt wurde erfolgreich geladen.
Inclusion Criteria:
 -  Eligible patients are those over 18 years of age [AND] who are regularly scheduled to undergo a right hemicolectomy via a minimally invasive approach (robotic [OR] laparoscopic) with the creation of an anastomosis. Right colectomy will be defined as removal of the ascending colon, ligation of the ileocolic artery [AND] vein, +/- removal of the terminal ileum, +/- removal of the proximal transverse colon, [AND] +/- removal of the right branch of the middle colic artery [AND] vein.
Exclusion Criteria:
 -  Pregnant women
 -  Additional colon resection is planned (i.e. left colectomy [OR] proctectomy)
 -  Vulnerable populations such as prisoners [OR] adults [NOT] unable to give consent
 -  [IF] the scheduled surgery is planned at Butterworth hospital (as to standardize the nursing care received postoperatively)
 -  Emergent cases
Patients will be excluded from the study intra-operatively [IF]:
 -  The procedure is converted to an open resection
 -  [IF] a loop ileostomy is performed in addition to the right colectomy
Die Daten wurden erfolgreich in '/work/eauten2s/ec_criteria_struct/lct/evaluate_parse_1/eval_p1_models_prompt6_evaldata/model_output/Gemma-27b_5_shot/output/Gemma-27b_NCT03862781_5_shot.txt' gespeichert.
File: NCT03862820 

Das File: /work/eauten2s/ec_criteria_struct/lct/input/dataset/test/input/NCT03862820.txt wurde erfolgreich geladen.
Inclusion Criteria:
Pregnant women in third trimester [AND] who are planned to undergo elective cesarean section
Exclusion Criteria:
Primary elective cesarean section.
Die Daten wurden erfolgreich in '/work/eauten2s/ec_criteria_struct/lct/evaluate_parse_1/eval_p1_models_prompt6_evaldata/model_output/Gemma-27b_5_shot/output/Gemma-27b_NCT03862820_5_shot.txt' gespeichert.
File: NCT03863275 

Das File: /work/eauten2s/ec_criteria_struct/lct/input/dataset/test/input/NCT03863275.txt wurde erfolgreich geladen.
Inclusion Criteria:
 - Boys [AND] girls from 7 to 12 years old [AND] with class II skeletal classification attending a consultation in the dental clinic of the UNICIEO foundation, [AND] to be fitted with myofunctional apparatus type Sn1
Exclusion Criteria:
 - Patients who have had previous orthopedic treatment
 - Patients with signs of condyle injuries
 - Patients of Pierre Robin [OR] or any form of cleft
 - Patients with syndromes that associate craniofacial anomalies [AND] muscle alterations.
Die Daten wurden erfolgreich in '/work/eauten2s/ec_criteria_struct/lct/evaluate_parse_1/eval_p1_models_prompt6_evaldata/model_output/Gemma-27b_5_shot/output/Gemma-27b_NCT03863275_5_shot.txt' gespeichert.
File: NCT03863444 

Das File: /work/eauten2s/ec_criteria_struct/lct/input/dataset/test/input/NCT03863444.txt wurde erfolgreich geladen.
Inclusion Criteria:
 -  (1) gestational age 35 [AND] to 39 weeks
 -  (2) adults
 -  (3) primipara [AND] and their spouses
 -  (4) having routine prenatal visits [AND] and plan to have the birth in the medical center
 -  (5) able to communicate with Mandarin [OR] or Taiwanese
 -  (6) willing to participate in this study [AND] give written inform-consent forms
Exclusion Criteria:
 -  (1) having fetus with abnormality
 -  (2) high-risk pregnancy
 -  (3) [NOT] cannot room-in due to newborn's medical conditions
Die Daten wurden erfolgreich in '/work/eauten2s/ec_criteria_struct/lct/evaluate_parse_1/eval_p1_models_prompt6_evaldata/model_output/Gemma-27b_5_shot/output/Gemma-27b_NCT03863444_5_shot.txt' gespeichert.
File: NCT03863535 

Das File: /work/eauten2s/ec_criteria_struct/lct/input/dataset/test/input/NCT03863535.txt wurde erfolgreich geladen.
Inclusion Criteria:
Type II diabetic patients, 18 years [AND] older, were included [IF] the participants had:
  1. severe non-PDR in either eyes [WITH] or [WITHOUT] diabetic macular edema;
  2. ETDRS letters-measured best-corrected visual acuity (BCVA) ranging from 20/40 to 20/320 Snellen equivalent;     
  3. [NOT] no previous treatment (of any type) in either eye.
Exclusion Criteria:
  1. history of prior laser treatment [OR] vitrectomy in the study eye;
  2. history of thromboembolic event - including myocardial infarction [OR] cerebral vascular accident;
  3. major surgery within the prior 6 months [OR] planned within the next 28 days;
  4. history of glaucoma [OR] ocular hypertension;
  5. loss of vision as a result of other causes;
  6. history of systemic corticosteroid therapy within the last 3 months;
  7. severe systemic disease other than diabetes mellitus;
  8. known coagulation abnormalities [OR] current use of anticoagulative medication other than aspirin
  9. any condition that could affect followup [OR] documentation (including preretinal [OR] vitreous hemorrhage).
Die Daten wurden erfolgreich in '/work/eauten2s/ec_criteria_struct/lct/evaluate_parse_1/eval_p1_models_prompt6_evaldata/model_output/Gemma-27b_5_shot/output/Gemma-27b_NCT03863535_5_shot.txt' gespeichert.
File: NCT03863717 

Das File: /work/eauten2s/ec_criteria_struct/lct/input/dataset/test/input/NCT03863717.txt wurde erfolgreich geladen.
Inclusion Criteria:
 -  Diagnosis of COPD confirmed by clinical examination [AND] a pulmonary function test
 -  Stable clinical condition [AND] without recent respiratory system infections [OR] any exacerbation of the disease
 -  Patients must be willing to re evaluate at the end of the study
 -  Patients must be willing to give written consent for their participation in the study
Exclusion Criteria:
 -  Age [NOT] not 18 years old
 -  Unstable cardiac disease
 -  Musculoskeletal [AND] neurological diseases that could affect exercise performance [OR] preclude exercise
 -  Patients of COPD final stage [OR] other serious disease final stage
 -  Significant cognitive [OR] psychiatric impairment that would lead to an inability to follow simple commands in a group setting
Die Daten wurden erfolgreich in '/work/eauten2s/ec_criteria_struct/lct/evaluate_parse_1/eval_p1_models_prompt6_evaldata/model_output/Gemma-27b_5_shot/output/Gemma-27b_NCT03863717_5_shot.txt' gespeichert.
File: NCT03863951 

Das File: /work/eauten2s/ec_criteria_struct/lct/input/dataset/test/input/NCT03863951.txt wurde erfolgreich geladen.
Inclusion Criteria:
 - [AND] diagnosed with the first ever acute ischemic stroke occurring within 2 weeks [AND] confirmed by CT [OR] MRI,
 - [AND] has [NOT] no history of depression [OR] use of antidepressants [OR] antipsychotics,
 - [AND] were competent to consent to take part in this research.
Exclusion Criteria:
 - [AND] significant acute [OR] severe illness such as infection,heart failure [AND] tumor,
 - [OR] previous diagnosis of depression [OR] other mental disorder [OR] who had recently accepted antidepressants [OR] antipsychotics,
 - [AND] antibiotics in the last two weeks,
 - [OR] severe aphasia [OR] dysarthria,irritable bowel syndrome,asthma,[AND] pregnant [OR] lactating women,
 - [AND] a previous history of neurological illness including AD [AND] PD，
 - [AND] Inflammatory bowel disease，
Die Daten wurden erfolgreich in '/work/eauten2s/ec_criteria_struct/lct/evaluate_parse_1/eval_p1_models_prompt6_evaldata/model_output/Gemma-27b_5_shot/output/Gemma-27b_NCT03863951_5_shot.txt' gespeichert.
File: NCT03863977 

Das File: /work/eauten2s/ec_criteria_struct/lct/input/dataset/test/input/NCT03863977.txt wurde erfolgreich geladen.
Inclusion Criteria:
 - Patients' age from 18 to 60 years old [AND]
 - physical status ASA I-II [AND] (by the American Society of Anesthesiologists)
 - Elective unilateral open inguinal hernia repair [AND]
 - Under spinal anesthesia
Exclusion Criteria:
 - age < 18 [OR] age > 60,
 - American society of anesthesiologist (ASA)class III-IV,
 - known allergy to amino amide local anesthetics,
 - skin infection [AND] diseases at site of injection.
 - coagulation disorders,
 - patients with body mass index (BMI) > 35 kg/m2,
 - scrotal hernias,
Die Daten wurden erfolgreich in '/work/eauten2s/ec_criteria_struct/lct/evaluate_parse_1/eval_p1_models_prompt6_evaldata/model_output/Gemma-27b_5_shot/output/Gemma-27b_NCT03863977_5_shot.txt' gespeichert.
File: NCT03864133 

Das File: /work/eauten2s/ec_criteria_struct/lct/input/dataset/test/input/NCT03864133.txt wurde erfolgreich geladen.
Inclusion Criteria:
 - Adults age 55-90 years [AND] with visual significant cataracts in one [OR] or both eyes.
 - Healthy individuals able to tolerate outpatient cataract surgery under local anesthesia via either phacoemulsification [AND] or femtosecond assisted cataract surgery. Well-controlled diabetes, hypertension will be included.
 - Females of childbearing potential must agree to use a reliable method of birth control while participating in this study. Reliable methods of birth control are: abstinence, oral contraceptives, intrauterine device (IUD), DepoProvera, tubal ligation [OR] or vasectomy of the partner (with confirmed negative sperm counts) in monogamous relationship (same partner). An acceptable, although less reliable, method involves the careful use of condoms [AND] spermicidal foam [OR] gel [AND] or cervical cap [OR] sponge. A pregnancy test is required at least 10 days from the last normal menstrual period, if the patient is a sexually active female of childbearing potential.
Exclusion Criteria:
 - Allergy to Phenylephrine [OR] NSAIDs.
 - [NOT] Inability to sit steady [AND] upright for the Optical Coherence Tomography (OCT).
 - Complications during surgery, including posterior capsular rupture, vitreous loss, zonular dialysis, [OR] or iris trauma.
 - Macular thickness above 300 microns at baseline
 - Currently taking a prostaglandin analogue
 - Presence of an epiretinal membrane on the preoperative OCT.
 - Retained lens fragment post-operatively.
 - [NOT] Inability to return for follow appointments
 - Female patients who are pregnant, lactating [OR] or planning to become pregnant during the course of treatment.
Die Daten wurden erfolgreich in '/work/eauten2s/ec_criteria_struct/lct/evaluate_parse_1/eval_p1_models_prompt6_evaldata/model_output/Gemma-27b_5_shot/output/Gemma-27b_NCT03864133_5_shot.txt' gespeichert.
File: NCT03864159 

Das File: /work/eauten2s/ec_criteria_struct/lct/input/dataset/test/input/NCT03864159.txt wurde erfolgreich geladen.
Inclusion Criteria:
 -  Age between 18 [AND] 25 years
 -  Amateur basketball players
 -  Belong to the Celeste club
 -  [NOT] Having any injury to the hamstring musculature at the time of the study
Exclusion Criteria:
 -  At the time of the study they are included in a program of individualized strength training in lower limbs
 -  Subjects with alterations in venous return [OR] congenital coagulopathies
 -  Subjects who present hypermobility
 -  [NOT] Signed the informed consent document
Die Daten wurden erfolgreich in '/work/eauten2s/ec_criteria_struct/lct/evaluate_parse_1/eval_p1_models_prompt6_evaldata/model_output/Gemma-27b_5_shot/output/Gemma-27b_NCT03864159_5_shot.txt' gespeichert.
File: NCT03864172 

Das File: /work/eauten2s/ec_criteria_struct/lct/input/dataset/test/input/NCT03864172.txt wurde erfolgreich geladen.
Inclusion Criteria
 -  Screened to be generally healthy [AND] as determined by standard medical assessment on physical [AND] mental health
 -  Tanner stage 2 based on breast development for girls, [AND] and pubic hair in boys. Girls will have to be premenarcheal
 -  Having obtained his/her informed consent [AND] and parents [OR] or legal guardians consent
Exclusion Criteria
 -  History of serious medical conditions such as intestinal [OR] or severe metabolic diseases, disorders such as diabetes, renal, hepatic [OR] or pancreatic diseases, disorders, ulcer, hyperthyroidism, malignance, chronic malnutrition, anaemia
 -  History [OR] or on therapy with medication known to interfere with bone metabolism such as steroids, hormones, diuretics, cortisone [OR] or anti-seizure medication
 -  Taking regularly any nutritional supplements [AND] and [NOT] unwilling to stop for the study
Die Daten wurden erfolgreich in '/work/eauten2s/ec_criteria_struct/lct/evaluate_parse_1/eval_p1_models_prompt6_evaldata/model_output/Gemma-27b_5_shot/output/Gemma-27b_NCT03864172_5_shot.txt' gespeichert.
File: NCT03864263 

Das File: /work/eauten2s/ec_criteria_struct/lct/input/dataset/test/input/NCT03864263.txt wurde erfolgreich geladen.
Inclusion Criteria:
 -  [AND] The father [OR] mother is HBV-infected (pre-pregnancy [OR] present);
 -  [AND] Children is vaccinated with hepatitis B vaccine after birth;
Exclusion Criteria:
 -  [NOT] Children with HBV infection;
 -  [AND] Participants agreed to undergo clinical follow-up studies.
Die Daten wurden erfolgreich in '/work/eauten2s/ec_criteria_struct/lct/evaluate_parse_1/eval_p1_models_prompt6_evaldata/model_output/Gemma-27b_5_shot/output/Gemma-27b_NCT03864263_5_shot.txt' gespeichert.
File: NCT03864289 

Das File: /work/eauten2s/ec_criteria_struct/lct/input/dataset/test/input/NCT03864289.txt wurde erfolgreich geladen.
Inclusion Criteria:
 - Children with ASD [OR] high risk for autism;
 - Han ethic;
 - Parents were at least middle school educated [AND] agreed to do at least 20 hours per week of planned practice activities with the child in daily life.
Exclusion Criteria:
 - Children with Syndromic ASD caused by known genetic defects [OR] inherited metabolic diseases, such as Rett Syndrome, Fragile X Syndrome, Angelman Syndrome, Prader-Willi Syndrome, tuberous sclerosis;
 - Visual [OR] auditory [OR] physical disabilities;
 - Complication with other serious chronic diseases, such as liver [AND] kidney failure, connective tissue diseases, tumors.
Die Daten wurden erfolgreich in '/work/eauten2s/ec_criteria_struct/lct/evaluate_parse_1/eval_p1_models_prompt6_evaldata/model_output/Gemma-27b_5_shot/output/Gemma-27b_NCT03864289_5_shot.txt' gespeichert.
File: NCT03864341 

Das File: /work/eauten2s/ec_criteria_struct/lct/input/dataset/test/input/NCT03864341.txt wurde erfolgreich geladen.
Inclusion Criteria:
 - [AND] Be a patient in the Bellevue Hospital Center ED.
 - [AND] Be ≥18 years old.
 - [AND] Screen positive for homelessness risk using a homelessness risk screening tool (HRST).
 - [AND] Screen positive for unhealthy alcohol [OR] or drug use.
 - [AND] Able to provide consent.
Exclusion Criteria:
 - [NOT] Medically (e.g., critically ill) [OR] or psychiatrically unstable.
 - [NOT] Unable to provide informed consent for other reason (e.g., cognitive deficit, profound intoxication).
 - [NOT] Incarcerated [OR] or in police custody.
 - [NOT] Unable to understand [AND] speak English.
 - [NOT] Lives outside NYC [AND] or cannot give a NYC ZIP code.
 - [NOT] Already homeless (residing in a shelter [OR] or on the streets).
 - [NOT] Does [NOT] have a telephone where can be reached for follow-up.
 - [NOT] Has already received specialized peer navigator/addiction social worker services during current ED visit.
 - [NOT] Has already participated in the study.
Die Daten wurden erfolgreich in '/work/eauten2s/ec_criteria_struct/lct/evaluate_parse_1/eval_p1_models_prompt6_evaldata/model_output/Gemma-27b_5_shot/output/Gemma-27b_NCT03864341_5_shot.txt' gespeichert.
File: NCT03864380 

Das File: /work/eauten2s/ec_criteria_struct/lct/input/dataset/test/input/NCT03864380.txt wurde erfolgreich geladen.
Inclusion Criteria:
 -  Person [AND] registered [AND] at the 2019 Paris Marathon
Exclusion Criteria:
 -  Ophthalmological disorders [AND] making access to the fundus [NOT] impossible [AND] for both eyes
Die Daten wurden erfolgreich in '/work/eauten2s/ec_criteria_struct/lct/evaluate_parse_1/eval_p1_models_prompt6_evaldata/model_output/Gemma-27b_5_shot/output/Gemma-27b_NCT03864380_5_shot.txt' gespeichert.
File: NCT03864705 

Das File: /work/eauten2s/ec_criteria_struct/lct/input/dataset/test/input/NCT03864705.txt wurde erfolgreich geladen.
Inclusion Criteria:
 -  Type 2 diabetes mellitus [AND] on metformin therapy [AND] for at least 3 months
Exclusion Criteria:
 -  [NOT] Pregnant [OR] breastfeeding women
 -  Age < 18 years [OR] > 75 years
 -  Estimated glomerular filtration rate (eGFR) < 30 mL/min/1.73 m2
 -  History of pancreatitis
 -  Active liver disease
 -  Current use of insulin [OR] other glucose-lowering medications [OR] except metformin
 -  [NOT] Willingness to discontinue other glucose-lowering medications [AND] for the duration of the study
 -  Known allergy [OR] or hypersensitivity to the study drug [OR] its excipients
 -  Participation in another clinical trial within the past 30 days
Die Daten wurden erfolgreich in '/work/eauten2s/ec_criteria_struct/lct/evaluate_parse_1/eval_p1_models_prompt6_evaldata/model_output/Gemma-27b_5_shot/output/Gemma-27b_NCT03864705_5_shot.txt' gespeichert.
File: NCT03864731 

Das File: /work/eauten2s/ec_criteria_struct/lct/input/dataset/test/input/NCT03864731.txt wurde erfolgreich geladen.
Inclusion Criteria:
 - Unilateral [AND] bilateral conductive hearing loss (CHL)
 - Conductive hearing loss >10 decibel on average
 - Subjective benefit from the device
 - Subjects aged 13 years [OR] older
 - Capable of the German language
 - Willingness [AND] ability to perform all tests required for the study
 - Signed [AND] dated informed consent before the start of any study specific procedure
Exclusion Criteria:
 - Pregnancy [OR] breastfeeding
 - Patient uses a hearing aid [OR] plans to acquire a hearing aid
 - Patient is intolerant of the materials as described by Manufacturer
 - Patient presents with a skin [OR] scalp condition that may preclude the attachment of the adhesive adapter.
 - Patient [NOT] cannot perform the audiological tests [OR] is unable to fill out the questionnaires.
 - Patient presents with retrocochlear [OR] central auditory disorder.
 - any physical [OR] psychological [OR] emotional disorder that would interfere with the ability to perform on test [AND] rehabilitation procedures
Die Daten wurden erfolgreich in '/work/eauten2s/ec_criteria_struct/lct/evaluate_parse_1/eval_p1_models_prompt6_evaldata/model_output/Gemma-27b_5_shot/output/Gemma-27b_NCT03864731_5_shot.txt' gespeichert.
File: NCT03864835 

Das File: /work/eauten2s/ec_criteria_struct/lct/input/dataset/test/input/NCT03864835.txt wurde erfolgreich geladen.
Inclusion Criteria
•[AND] Enrollment [AND] completion [AND] of IRB study # 00011797
Exclusion Criteria
  -  [NOT] Inability [AND] to provide informed consent
  -  Institutionalized/[OR] prisoner
  -  [NOT] Non-English-speaking patients due to unavailability [AND] of translators [AND] for all visits/[OR] sessions
Die Daten wurden erfolgreich in '/work/eauten2s/ec_criteria_struct/lct/evaluate_parse_1/eval_p1_models_prompt6_evaldata/model_output/Gemma-27b_5_shot/output/Gemma-27b_NCT03864835_5_shot.txt' gespeichert.
File: NCT03864887 

Das File: /work/eauten2s/ec_criteria_struct/lct/input/dataset/test/input/NCT03864887.txt wurde erfolgreich geladen.
Inclusion Criteria:
 -  Patients [AND] who have had brain death [OR] serious brain trauma.
 -  Healthy people [AND] who are interested in optical assessment of hemodynamic parameters
Exclusion Criteria:
 -  Patients who are in pregnancy [OR] have plan to conception.
 -  Patients who have vertebra surgery [OR] have plan of surgery.
 -  Patients [AND] who are inappropriate to join this trial judged by the radiologists [OR] specialists.
 -  AIDS [OR] Active Hepatitis [OR] Tuberculosis [OR] Syphilis
 -  Patients [AND] who regularly take anticoagulants [OR] antiplatelet drugs
Die Daten wurden erfolgreich in '/work/eauten2s/ec_criteria_struct/lct/evaluate_parse_1/eval_p1_models_prompt6_evaldata/model_output/Gemma-27b_5_shot/output/Gemma-27b_NCT03864887_5_shot.txt' gespeichert.
File: NCT03864913 

Das File: /work/eauten2s/ec_criteria_struct/lct/input/dataset/test/input/NCT03864913.txt wurde erfolgreich geladen.
Inclusion Criteria:
 - [NOT] Testosterone naive
 - [AND] Transgender male
 - [AND] 14-19 years old
Exclusion Criteria:
 - [AND] Transgender males [AND] who have received testosterone therapy in the past
Die Daten wurden erfolgreich in '/work/eauten2s/ec_criteria_struct/lct/evaluate_parse_1/eval_p1_models_prompt6_evaldata/model_output/Gemma-27b_5_shot/output/Gemma-27b_NCT03864913_5_shot.txt' gespeichert.
File: NCT03865043 

Das File: /work/eauten2s/ec_criteria_struct/lct/input/dataset/test/input/NCT03865043.txt wurde erfolgreich geladen.
Inclusion Criteria:
 - Patients undergoing a TAVI [AND] at Montpellier University Hospital [AND] since November 2017 [AND] with implantation of a COREVALVE [OR] EDWARDS [AND] by femoral approach
Exclusion Criteria:
 - [NOT] Minor patient [OR] patient [NOT] unable to give consent for reasons of understanding [OR] language barrier
Die Daten wurden erfolgreich in '/work/eauten2s/ec_criteria_struct/lct/evaluate_parse_1/eval_p1_models_prompt6_evaldata/model_output/Gemma-27b_5_shot/output/Gemma-27b_NCT03865043_5_shot.txt' gespeichert.
File: NCT03865108 

Das File: /work/eauten2s/ec_criteria_struct/lct/input/dataset/test/input/NCT03865108.txt wurde erfolgreich geladen.
Inclusion Criteria:
 - Singleton gestation [AND] twin gestation reduced to singleton either spontaneously [OR] therapeutically, [NOT] is [NOT] eligible unless the reduction occurred before 13 weeks 6 days project gestational age [AND] higher order multifetal gestations reduced to singletons [NOT] are [NOT] eligible.
 - Gestational age at randomization between 16 weeks 0 days [AND] 23 weeks 6 days based on clinical information [AND] evaluation of the earliest ultrasound as described in Gestational Age.
 - Cervical length on transvaginal examination of less than [OR] equal to 20 mm within 10 days prior to randomization by a study certified sonographer. There [NOT] is [NOT] lower cervical length threshold.
Exclusion Criteria:
 - Women who [NOT] are [NOT] ineligible for the TOPS trial.
Die Daten wurden erfolgreich in '/work/eauten2s/ec_criteria_struct/lct/evaluate_parse_1/eval_p1_models_prompt6_evaldata/model_output/Gemma-27b_5_shot/output/Gemma-27b_NCT03865108_5_shot.txt' gespeichert.
File: NCT03865121 

Das File: /work/eauten2s/ec_criteria_struct/lct/input/dataset/test/input/NCT03865121.txt wurde erfolgreich geladen.
Inclusion criteria:
  - Subjects over 60 years of age [AND] with a clinical diagnosis of Parkinson's disease
  - Stages of the disease 2-3 [OR] of Hoehn and Yahr
  - [NOT] Exposed to tobacco during any stage of their life
  - [NOT] History of lung diseases
  - [NOT] Laboratory abnormalities
  - [NOT] History of adverse reactions to nicotine
  - Able to use nicotine nasal spray
  - Residents of Mexico City [AND] able to attend for evaluations
  - Under current treatment with levodopa at a stable dose
  - [NOT] Currently receiving a monoamine oxidase inhibitor treatment
Exclusion Criteria
  - Unable to complete follow-up protocol
  - Drug adverse reaction
  - Death
Die Daten wurden erfolgreich in '/work/eauten2s/ec_criteria_struct/lct/evaluate_parse_1/eval_p1_models_prompt6_evaldata/model_output/Gemma-27b_5_shot/output/Gemma-27b_NCT03865121_5_shot.txt' gespeichert.
File: NCT03865134 

Das File: /work/eauten2s/ec_criteria_struct/lct/input/dataset/test/input/NCT03865134.txt wurde erfolgreich geladen.
Inclusion Criteria:
 -  Age range between 2 [AND] 6 years of age
 -  Gestational age range [AND] be between 26 [AND] 34 weeks
 -  [AND] To be diagnosed with retinopathy of prematurity
 -  [NOT] Neurological, [NOT] hereditary [AND] [NOT] having metabolic disease
 -  [AND] Compliance with visual examinations [AND] physiotherapy evaluations
 -  [AND] To be children [AND] parents who agree to participate in the study
Exclusion Criteria:
 -  [NOT] To be a child who does not comply with Optical Kohlerans Tomography (OCT)
 -  [NOT] Participating in one [OR] more of the eye examination [OR] physiotherapy assessments
 -  [NOT] Being children [AND] parents who do not agree to participate in the study
Die Daten wurden erfolgreich in '/work/eauten2s/ec_criteria_struct/lct/evaluate_parse_1/eval_p1_models_prompt6_evaldata/model_output/Gemma-27b_5_shot/output/Gemma-27b_NCT03865134_5_shot.txt' gespeichert.
File: NCT03865199 

Das File: /work/eauten2s/ec_criteria_struct/lct/input/dataset/test/input/NCT03865199.txt wurde erfolgreich geladen.
Inclusion Criteria:
 - Women aged 18 [OR] older undergoing medical [OR] surgical abortion at Planned Parenthood of Illinois (PPIL) [AND] will be eligible for inclusion. Inclusion criteria include having an intrauterine pregnancy, [AND] having a smart phone to be able to follow-up by text message 2-4 weeks after the clinic appointment, [AND] having [NOT] no contraindications to an outpatient medication [OR] surgical abortion that same day, [AND] [NOT] and [NOT] not meeting any exclusion criteria.
Exclusion Criteria:
 - Exclusion criteria will include [NOT] non-English speaking, [AND] [NOT] no working telephone, [AND] [AND] less than 5th grade education level.
Die Daten wurden erfolgreich in '/work/eauten2s/ec_criteria_struct/lct/evaluate_parse_1/eval_p1_models_prompt6_evaldata/model_output/Gemma-27b_5_shot/output/Gemma-27b_NCT03865199_5_shot.txt' gespeichert.
File: NCT03865420 

Das File: /work/eauten2s/ec_criteria_struct/lct/input/dataset/test/input/NCT03865420.txt wurde erfolgreich geladen.
Inclusion Criteria:
 - Men [OR] women of any race [OR] ethnicity aged 18 [OR] older
 - [NOT] No symptoms of ALS [OR] fronto-temporal dementia at enrollment
 - Have a first degree relative who had an ALS-spectrum diagnosis with a confirmed ALS-spectrum gene mutation; [OR] already have had genetic testing [AND] have tested positive for an ALS-spectrum gene mutation.
 - Willing to undergo genetic testing with option of whether [OR] [NOT] or [NOT] to learn results
 - Willing to travel to Columbia University Irving Medical Center (CUIMC) every 6-24 months for study procedures
 - Capable of providing informed consent [AND] following study procedures, [OR] has a legally authorized representative who is able to consent for the subject.
Exclusion Criteria:
 - Known HIV
 - Known hepatitis B
 - Known hepatitis C
Die Daten wurden erfolgreich in '/work/eauten2s/ec_criteria_struct/lct/evaluate_parse_1/eval_p1_models_prompt6_evaldata/model_output/Gemma-27b_5_shot/output/Gemma-27b_NCT03865420_5_shot.txt' gespeichert.
File: NCT03865524 

Das File: /work/eauten2s/ec_criteria_struct/lct/input/dataset/test/input/NCT03865524.txt wurde erfolgreich geladen.
Inclusion Criteria:
 - Men [OR] AND women over 18 years old.
 - Written informed consent according to ICH / GCP [AND] Spanish legislation, obtained before any study procedure.
 - Patient with a BMI equal to [OR] or greater than 30 Kg / m2
 - Patients with clinical [AND] radiological criteria of knee osteoarthritis.
 - Patients with indication for primary TKA according to medical criteria.
Exclusion Criteria:
 - Pregnancy [OR] lactation.
 - [NOT] Inability to give informed consent in the absence of a legal representative.
 - Subjects that are participating in a study with medicines [OR] or other medical devices.
 - Those who show [NOT] inability to follow the instructions [OR] collaborate during the development of the study.
 - If in the opinion of the researcher there are findings in the physical examination, abnormalities in the results of the clinical analyzes [OR] other medical, social [OR] or psychosocial factors that could have a negative influence
 - [NOT] Having had a previous surgical procedure on [OR] around the knee in the last 12 months (such as proximal tibial osteotomy, femoral osteotomy, open reduction [AND] internal fixation for a fracture, patellectomy [OR] patellar realignment).
 - [NOT] Need a simultaneous bilateral TKA.
 - Have a varus angle [OR] valgus ≥ 15 °.
 - Total revision knee arthroplasty.
Die Daten wurden erfolgreich in '/work/eauten2s/ec_criteria_struct/lct/evaluate_parse_1/eval_p1_models_prompt6_evaldata/model_output/Gemma-27b_5_shot/output/Gemma-27b_NCT03865524_5_shot.txt' gespeichert.
File: NCT03865602 

Das File: /work/eauten2s/ec_criteria_struct/lct/input/dataset/test/input/NCT03865602.txt wurde erfolgreich geladen.
Inclusion Criteria:
 1. Admitted from the emergency department to inpatient [OR] or observation status at one of:
     Carolinas Medical Center, Carolinas Medical Center - Mercy, [OR] Atrium Health Northeast;
 2. ≥18 years of age upon admission;
 3. oral/parenteral antibiotic [OR] or bacterial culture order within 24 hours of emergency department presentation [AND]
       1. culture drawn first, antibiotics ordered within 48 hours [OR]
       2. antibiotics ordered first, culture ordered within 48 hours (adapted from criteria applied in development of the Third International Consensus Definitions for Sepsis [AND] Septic Shock)
 4. deemed as high-risk for 30-day readmission (i.e., ≥ 20%) [OR] 30-day mortality (i.e., ≥ 10%) using risk-scoring models
 5. [NOT] not discharged at the time of patient list generation
Exclusion Criteria:
  1. prior randomization to either STAR [OR] or usual care study arms;
  2. [NOT] not a North Carolina resident [OR] residence >2.5-hour drive time from treating hospital;
  3. the only antibiotic associated with patient is administered in the operating room as this likely represents pre-operative infection prophylaxis [AND] [NOT] not presumed infection;
  4. patients transferred from other acute care hospitals;
  5. patients with a change in code status (i.e., do [NOT] not resuscitate, do [NOT] not intubate) within 24 hours after admission due to the general assumption of increased risk of exposure to less aggressive treatment;
  6. patients with infection ruled out during the index hospitalization.
Die Daten wurden erfolgreich in '/work/eauten2s/ec_criteria_struct/lct/evaluate_parse_1/eval_p1_models_prompt6_evaldata/model_output/Gemma-27b_5_shot/output/Gemma-27b_NCT03865602_5_shot.txt' gespeichert.
File: NCT03865693 

Das File: /work/eauten2s/ec_criteria_struct/lct/input/dataset/test/input/NCT03865693.txt wurde erfolgreich geladen.
Inclusion Criteria:
 -  Burn patients [AND] severe neuropatic pain rated at least 5 on the 10-point numerical rating scale (NRS)
Exclusion Criteria:
 -  cardiac arrest history
 -  history of neurologi disease [OR] brain surgery
 -  unstable heart disease [OR] presence of a cardiac pacemaker
 -  pain resulting from other causes like as neuromuscular diseases
 -  psychiatric disorder
 -  diabetes mellitus
 -  abnormal renal function
 -  contraindication for MRI [OR] pregnancy.
Die Daten wurden erfolgreich in '/work/eauten2s/ec_criteria_struct/lct/evaluate_parse_1/eval_p1_models_prompt6_evaldata/model_output/Gemma-27b_5_shot/output/Gemma-27b_NCT03865693_5_shot.txt' gespeichert.
File: NCT03865758 

Das File: /work/eauten2s/ec_criteria_struct/lct/input/dataset/test/input/NCT03865758.txt wurde erfolgreich geladen.
Inclusion Criteria:
 -  Probable dementia indicated by prior diagnosis [AND] a score of 23 [OR] less on the Brief Alzheimer Screen.
Exclusion Criteria:
 -  [NOT] No evidence of dementia
Die Daten wurden erfolgreich in '/work/eauten2s/ec_criteria_struct/lct/evaluate_parse_1/eval_p1_models_prompt6_evaldata/model_output/Gemma-27b_5_shot/output/Gemma-27b_NCT03865758_5_shot.txt' gespeichert.
File: NCT03865784 

Das File: /work/eauten2s/ec_criteria_struct/lct/input/dataset/test/input/NCT03865784.txt wurde erfolgreich geladen.
Inclusion Criteria:
 - Federated boxers [AND] with non-specific back pain that [NOT] does [NOT] incapacitate them for the realization of their sport [OR] work activity.
Exclusion Criteria:
 - Federated boxers [WITH] lumbar injury [WITH] medical diagnosis
 - [WHO] are [OR] have been treated by pharmacological [OR] physiotherapy in the last 6 months
 - Presenting allergies [OR] alterations of the skin
 - [NOT] Sign the informed consent document.
Die Daten wurden erfolgreich in '/work/eauten2s/ec_criteria_struct/lct/evaluate_parse_1/eval_p1_models_prompt6_evaldata/model_output/Gemma-27b_5_shot/output/Gemma-27b_NCT03865784_5_shot.txt' gespeichert.
File: NCT03865810 

Das File: /work/eauten2s/ec_criteria_struct/lct/input/dataset/test/input/NCT03865810.txt wurde erfolgreich geladen.
Inclusion Criteria:
 -  [AND] All patients over 18 years of age [AND] undergoing gastric resection surgery due to cancer [OR] within [OR] [NOT] not of an intensified recovery program (ERAS) [AND] with any level of compliance with the protocol (from 0-100%).
Exclusion Criteria:
 -  Patients undergoing emergency surgery
       -  [OR] Endoscopic procedures
       -  [OR] Non-oncological gastric surgery
       -  [OR] Patients who refuse to participate
Die Daten wurden erfolgreich in '/work/eauten2s/ec_criteria_struct/lct/evaluate_parse_1/eval_p1_models_prompt6_evaldata/model_output/Gemma-27b_5_shot/output/Gemma-27b_NCT03865810_5_shot.txt' gespeichert.
File: NCT03865823 

Das File: /work/eauten2s/ec_criteria_struct/lct/input/dataset/test/input/NCT03865823.txt wurde erfolgreich geladen.
Inclusion Criteria:
 -  Patient over the age of 18 [AND] patient with an anus fistula [AND] with indication for surgical treatment
Exclusion Criteria:
 -  Cutaneous Suppuration [OR] without fistula [OR] (e.g., Verneuil disease [OR] boil)
Die Daten wurden erfolgreich in '/work/eauten2s/ec_criteria_struct/lct/evaluate_parse_1/eval_p1_models_prompt6_evaldata/model_output/Gemma-27b_5_shot/output/Gemma-27b_NCT03865823_5_shot.txt' gespeichert.
File: NCT03865953 

Das File: /work/eauten2s/ec_criteria_struct/lct/input/dataset/test/input/NCT03865953.txt wurde erfolgreich geladen.
Inclusion Criteria:
 1. Clinical diagnosis of post herpetic neuralgia, with pain persisting for at least 3 months after the onset of herpes zoster rash [OR]
 2. Clinical diagnosis of distal painful polyneuropathy due to Type I [OR] Type II diabetes mellitus with:
       1. symmetrical, bilateral pain in the lower extremities for at least 3 months [AND]
       2. diabetes under control for at least 3 months prior to randomisation, as indicated by a glycated haemoglobin level (HbA1c) of ≤ 11% (97 mmol/mol) [AND] on a stable dose of insulin [OR] oral diabetic medication for 3 months prior to screening, [AND]
       3. [NOT] no change in diabetic medication planned for the duration of the study
  3. Positive sensory symptoms (mechanical [OR] thermal) associated with neuropathic pain, confirmed by:
       1. painDETECT questionnaire (PD-Q) [AND]
       2. Clinical assessment, showing signs of neuropathic pain in either a dermatomal (PHN) [OR] distal symmetrical distribution (DPN)
8. An average daily pain score on the NPRS of at least 4 [AND] no more than 8 in the last five diary entries before randomisation
Exclusion Criteria:
  1. Presence of moderate to severe pain from other causes that may confound assessment [OR] self-evaluation of NP.
  2. Subjects with both DPN [AND] PHN
Die Daten wurden erfolgreich in '/work/eauten2s/ec_criteria_struct/lct/evaluate_parse_1/eval_p1_models_prompt6_evaldata/model_output/Gemma-27b_5_shot/output/Gemma-27b_NCT03865953_5_shot.txt' gespeichert.
File: NCT03866018 

Das File: /work/eauten2s/ec_criteria_struct/lct/input/dataset/test/input/NCT03866018.txt wurde erfolgreich geladen.
Inclusion Criteria:
 - Male [OR] Female ≥ 60 years old
 - MMSE score between 4 [AND] 26 / 30
 - Diagnosis of minor [OR] major NeuroCognitive Disorder of the Alzheimer type [OR] multiple etiology;
 - Subject [NOT] without a major hearing [OR] visual impairment;
 - Subject [NOT] without any contraindications to the practice of adapted physical activity;
 - Subject affiliated to Social Security System;
 - Signing informed consent
Exclusion Criteria:
 - < 60 years
 - Medical indications: Recent [OR] unstable cardiovascular events: ECG changes, unstable angina, uncontrolled arrhythmia, 3rd degree BAV, acute heart failure.
 - MMSE score < 4
 - Subject already engaged in appropriate physical activity
 - Subject with a perceptual disorder (AMD, deafness...)
 - Subject with a motor disability
 - Subject under guardianship, curatorship [OR] safeguard of justice
 - Persons deprived of their liberty (administrative [OR] judicial)
Die Daten wurden erfolgreich in '/work/eauten2s/ec_criteria_struct/lct/evaluate_parse_1/eval_p1_models_prompt6_evaldata/model_output/Gemma-27b_5_shot/output/Gemma-27b_NCT03866018_5_shot.txt' gespeichert.
File: NCT03866031 

Das File: /work/eauten2s/ec_criteria_struct/lct/input/dataset/test/input/NCT03866031.txt wurde erfolgreich geladen.
Inclusion Criteria:
 1. [AND] the patient [AND] should be completely edentulous for at least 6 months.
 2. [AND] first class jaw relation.
 3. [AND] adequate bone for an implant length of at least 10 mm [AND] and diameter of at least 2.75 mm.
 4. [AND] the patients [AND] should be able to speak [AND] and write in arabic.
Exclusion Criteria:
1) patients who received radiotherapy to the head [OR] or neck region for tumors. [OR] (2) [AND] a history of chemotherapy. [OR] (3) [AND] patients on long-term steroids, [OR] or bisphosphonates. [OR] (4) [AND] heavy smokers.
(5) [AND] patients with physical [AND] and mental dis -abilities that interfere with the maintenance of implants.
(6) [AND] uncontrolled systematic disease that could compromise implant surgery. [OR] (7) [AND] extreme bruxism. [OR] (8) [AND] infectious disease. [OR] (9) [AND] temporomandibular joint dysfunction.
Die Daten wurden erfolgreich in '/work/eauten2s/ec_criteria_struct/lct/evaluate_parse_1/eval_p1_models_prompt6_evaldata/model_output/Gemma-27b_5_shot/output/Gemma-27b_NCT03866031_5_shot.txt' gespeichert.
File: NCT03866057 

Das File: /work/eauten2s/ec_criteria_struct/lct/input/dataset/test/input/NCT03866057.txt wurde erfolgreich geladen.
Inclusion criteria:
 - age 18-90
 - acute ischemic [OR] hemorrhagic stroke (within 30 days)
 - consent to participate [AND] to anonymous processing of data.
Additional inclusion criteria for Sub-project Neurophysiological Markers:
 - signing of informed consent for the participation in the sub-project.
Additional inclusion criteria for Epigenetic subproject:
 - signing of informed consent for participation in the subproject.
Exclusion Criteria:
 - Stroke occurred more than 30 days after the transfer to intensive rehabilitation
Additional exclusion criteria for Epigenetic subproject (for retrospective analysis):
 - history of major psychiatric disorder [OR] recent exacerbation
 - global aphasia
 - refusal of the patient to participate in the study.
Die Daten wurden erfolgreich in '/work/eauten2s/ec_criteria_struct/lct/evaluate_parse_1/eval_p1_models_prompt6_evaldata/model_output/Gemma-27b_5_shot/output/Gemma-27b_NCT03866057_5_shot.txt' gespeichert.
File: NCT03866083 

Das File: /work/eauten2s/ec_criteria_struct/lct/input/dataset/test/input/NCT03866083.txt wurde erfolgreich geladen.
Inclusion Criteria:
- Critically ill cirrhotics [AND] with early onset septic shock (<24 hours) [AND] with norepinephrine of more than 10 ug/min [AND] lactate >4 mmol/L.
Exclusion Criteria:
  -  Patients with age less than 18 years
  -  Severe known cardiopulmonary disease (structural [OR] or valvular heart disease, coronary artery disease, COPD)
  -  Severe coagulopathy platelets <20,000 [AND] INR >5
  -  Active Bleed (Mucosal [OR] or variceal)
  -  Pregnancy
  -  Chronic kidney disease
  -  Extremely moribund patients with an expected life expectancy of less than 24 hours
  -  Failure to give informed consent from family members.
  -  Hemodynamic instability requiring very high dose of vasopressors, late presentation [OR] or spontaneous reversal of shock
  -  Patient enrolled in other clinical trials
Die Daten wurden erfolgreich in '/work/eauten2s/ec_criteria_struct/lct/evaluate_parse_1/eval_p1_models_prompt6_evaldata/model_output/Gemma-27b_5_shot/output/Gemma-27b_NCT03866083_5_shot.txt' gespeichert.
File: NCT03866148 

Das File: /work/eauten2s/ec_criteria_struct/lct/input/dataset/test/input/NCT03866148.txt wurde erfolgreich geladen.
Inclusion Criteria:
 - Patients [AND] with moderate to severe sleep apnoea [AND] who require CPAP as standard care (AHI >15)
 - Patients [AND] between the age of 18 [AND] and 75
Exclusion Criteria:
 - Patients [AND] with a diagnosis of atrial fibrillation (AF), atrial flutter [OR] ventricular tachycardia (VT)
 - Patients [AND] with an ILR already in-situ [OR] an established indication for ILR
 - Patients [AND] with a palliative diagnosis i.e. life expectancy less than 3 years
 - Patients [AND] who lack capacity
Die Daten wurden erfolgreich in '/work/eauten2s/ec_criteria_struct/lct/evaluate_parse_1/eval_p1_models_prompt6_evaldata/model_output/Gemma-27b_5_shot/output/Gemma-27b_NCT03866148_5_shot.txt' gespeichert.
File: NCT03866213 

Das File: /work/eauten2s/ec_criteria_struct/lct/input/dataset/test/input/NCT03866213.txt wurde erfolgreich geladen.
Inclusion Criteria:
 - [AND] The patient is currently being treated at Queen Elizabeth Central Hospital [OR] Kamuzu Central Hospital in the neonatal ward.
 - [AND] The patient is less than 28 days old (neonate).
 - [AND] The patient is deemed to be at risk for jaundice [OR] the patient is undergoing blue light phototherapy for treatment of jaundice.
 - [AND] The patient's parent [OR] guardian has provided informed consent for their child to participate.
Exclusion Criteria:
 - [NOT] Parent [OR] guardian is unable [OR] unwilling to provide informed consent.
 - [NOT] The patient is unable to receive a blood draw/[OR] heel stick as determined by their clinician.
Die Daten wurden erfolgreich in '/work/eauten2s/ec_criteria_struct/lct/evaluate_parse_1/eval_p1_models_prompt6_evaldata/model_output/Gemma-27b_5_shot/output/Gemma-27b_NCT03866213_5_shot.txt' gespeichert.
File: NCT03866252 

Das File: /work/eauten2s/ec_criteria_struct/lct/input/dataset/test/input/NCT03866252.txt wurde erfolgreich geladen.
Inclusion Criteria:
 - Major Depressive Disorder according to Diagnostic and Statistical Manual of Mental Disorders (DSM-V)
 - > 25 years
 - Sufficient understanding of the German language
Exclusion Criteria:
 - < 25 years
 - Concomitant diagnosis of past [OR] or present psychotic disorder
 - Concomitant diagnosis of past [OR] or present bipolar disorder
 - First degree relative with a psychotic disorder
 - [NOT] Unable [OR] [NOT] unwilling to discontinue antidepressant medication
 - Pregnancy [OR] or breastfeeding
 - Known hypersensitivity to LSD
 - Somatic disorders including central nervous system (CNS) involvement
 - Known [OR] or suspected non-compliance, drug [OR] or alcohol abuse
 - Metal implants
 - Weight < 42 kg
 - Suicide risk [OR] very likely to require psychiatric hospitalisation
Die Daten wurden erfolgreich in '/work/eauten2s/ec_criteria_struct/lct/evaluate_parse_1/eval_p1_models_prompt6_evaldata/model_output/Gemma-27b_5_shot/output/Gemma-27b_NCT03866252_5_shot.txt' gespeichert.
File: NCT03866356 

Das File: /work/eauten2s/ec_criteria_struct/lct/input/dataset/test/input/NCT03866356.txt wurde erfolgreich geladen.
Inclusion Criteria:
 -  [AND] The inclusion criteria [AND] were being female, ≥ 18 years, having an initial diagnosis of SI, being literate, having [NOT] no sensory disorder affecting communication, [AND] agreeing to participate in the research
Exclusion Criteria:
 -  [AND] The exclusion criteria [AND] were pregnancy, [AND] presence of a urinary tract infection [AND] and previous treatment for SI. [AND] The removal criteria [AND] were patient non-compliance with the protocol, failure in contacting the patient [AND] and the patient's wish to withdraw from the study.
Die Daten wurden erfolgreich in '/work/eauten2s/ec_criteria_struct/lct/evaluate_parse_1/eval_p1_models_prompt6_evaldata/model_output/Gemma-27b_5_shot/output/Gemma-27b_NCT03866356_5_shot.txt' gespeichert.
File: NCT03866486 

Das File: /work/eauten2s/ec_criteria_struct/lct/input/dataset/test/input/NCT03866486.txt wurde erfolgreich geladen.
Inclusion Criteria:
 -  1. [AND] The patients [AND] who enrolled in the XPL-IVUS study.
 -  2. [AND] Provision of informed consent
Exclusion Criteria:
 -  1. [NOT] This observational study [NOT] does [NOT] have [OR] any specific exclusion criteria.
Die Daten wurden erfolgreich in '/work/eauten2s/ec_criteria_struct/lct/evaluate_parse_1/eval_p1_models_prompt6_evaldata/model_output/Gemma-27b_5_shot/output/Gemma-27b_NCT03866486_5_shot.txt' gespeichert.
File: NCT03866499 

Das File: /work/eauten2s/ec_criteria_struct/lct/input/dataset/test/input/NCT03866499.txt wurde erfolgreich geladen.
Inclusion Criteria:
 - Histologically [OR] cytologically confirmed non-small cell lung cancer.
 - The ECOG score of performance status is 0-1.
 - Locally advanced [OR] recurrent metastatic NSCLC that has [NOT] never received systemic treatment.
 - According to RECIST1.1 criteria, there is at least 1 measurable lesion that has [NOT] never been previously irradiated.
 - Prior to enrollment, a central laboratory testing report has confirmed that the tumor has one of two common EGFR mutations positive that are sensitive to EGFR-TKI therapy, accompanied with [OR] [NOT] accompanied with other EGFR mutation, with the exception of exon 20 insertion.
Exclusion Criteria:
 - Previously received systemic treatment for locally advanced [OR] recurrent metastatic cancer.
 - Primary T790M mutation-positive patient.
 - Previous interstitial lung disease, drug-induced interstitial lung disease, radiation pneumonia requiring hormonal therapy, [OR] any clinically proven active interstitial lung disease.
 - Known active infections such as hepatitis B, hepatitis C, [AND] human immunodeficiency virus.
 - Local radiation therapy is carried out within 1 week; [OR] more than 30% bone marrow radiation therapy [OR] extensive radiation therapy is performed within 4 weeks.
 - ≤ 4 weeks from major surgery [OR] ≤ 2 weeks from minor surgery.
Die Daten wurden erfolgreich in '/work/eauten2s/ec_criteria_struct/lct/evaluate_parse_1/eval_p1_models_prompt6_evaldata/model_output/Gemma-27b_5_shot/output/Gemma-27b_NCT03866499_5_shot.txt' gespeichert.
File: NCT03866538 

Das File: /work/eauten2s/ec_criteria_struct/lct/input/dataset/test/input/NCT03866538.txt wurde erfolgreich geladen.
Inclusion Criteria
 - Patients will be recruited from the Division of Gastroenterology [AND] Hepatology [AND] the Mayo Clinic in Rochester, MN.
 - Adult patients with immune mediated enteropathies [AND] who have had improvement in symptoms [AND] histology on oral budesonide therapy.
Exclusion Criteria
 - Age [NOT] < 18 years
 - Positive stool gluten testing in patients with refractory celiac disease
 - Small bowel malignancy [OR] history of small bowel malignancy
 - Refractory celiac disease type 2
 - Post-transplant lymphoproliferative disorder associated enteropathy
 - [NOT] No prior improvement in symptoms [AND] histology with budesonide therapy
 - Discontinuation of budesonide therapy prior to the trial
 - Other concurrent systemic corticosteroids
 - Other immune mediating medications, for example [OR] but [NOT] limited to azathioprine, 6-mercaptopurine, cyclosporine, methotrexate, anti-TNF monoclonal antibodies, alpha-4 beta-7 integrin inhibiting monoclonal antibody, interleukin 12/23 inhibiting monoclonal antibody, JAK inhibitors.
Die Daten wurden erfolgreich in '/work/eauten2s/ec_criteria_struct/lct/evaluate_parse_1/eval_p1_models_prompt6_evaldata/model_output/Gemma-27b_5_shot/output/Gemma-27b_NCT03866538_5_shot.txt' gespeichert.
File: NCT03866837 

Das File: /work/eauten2s/ec_criteria_struct/lct/input/dataset/test/input/NCT03866837.txt wurde erfolgreich geladen.
Inclusion Criteria:
 - vaginal delivery
 - an infant age of 6 months [AND] (±3 weeks)
 - mother ≥15 years of age
 - infant still breastfeeding
 - anticipated residence in the area for the study duration.
Exclusion Criteria:
 - [NOT] inability to provide informed consent
 - hemoglobin < 70 g/L
 - Z scores for weight-for-age (WAZ) [OR] weight-for-height (WHZ) <3
 - any maternal [OR] infant chronic illness
 - administration of any infant vitamin [OR] mineral supplements for the past 2 months
 - any history of infant antibiotic treatment.
Die Daten wurden erfolgreich in '/work/eauten2s/ec_criteria_struct/lct/evaluate_parse_1/eval_p1_models_prompt6_evaldata/model_output/Gemma-27b_5_shot/output/Gemma-27b_NCT03866837_5_shot.txt' gespeichert.
File: NCT03866850 

Das File: /work/eauten2s/ec_criteria_struct/lct/input/dataset/test/input/NCT03866850.txt wurde erfolgreich geladen.
Inclusion Criteria:
 -  Cochlear Nucleus cochlear implant users [OR] Advanced Bionics cochlear implant users
 -  Native speakers of English
 -  Early onset of deafness (< 3 years of age); [NOT] no requirement for age at implantation
 -  Late onset of deafness (> 3 years of age); [AND] matched in duration of deafness to the early onset group
 -  Has had device experience for at least one year
 -  Can be child [OR] adult at the time of enrollment
Exclusion Criteria:
 -  [NOT] None
Die Daten wurden erfolgreich in '/work/eauten2s/ec_criteria_struct/lct/evaluate_parse_1/eval_p1_models_prompt6_evaldata/model_output/Gemma-27b_5_shot/output/Gemma-27b_NCT03866850_5_shot.txt' gespeichert.
File: NCT03866902 

Das File: /work/eauten2s/ec_criteria_struct/lct/input/dataset/test/input/NCT03866902.txt wurde erfolgreich geladen.
Inclusion criteria for mothers will be:
 - age 18 years [OR] older
 - self-identification [AND] as Hispanic
 - limited English proficiency; little acculturation, as measured by the Short Acculturation Scale for Hispanics with a score from 1.00 to 2.99
 - ability to understand spoken Spanish
 - a BMI >25kg/m²
 - residence [AND] with the child
 - consent to join the study [AND] consent for their child to join the study.
Inclusion criteria for children will be:
 - age 3-5 years
 - ability to understand spoken Spanish
 - a BMI > 25th percentile for age [AND] gender
Exclusion criteria for mothers will be:
 - heart murmur
 - congenital heart disease
 - family history of sudden death
 - difficulty exercising
 - psychological problems
Die Daten wurden erfolgreich in '/work/eauten2s/ec_criteria_struct/lct/evaluate_parse_1/eval_p1_models_prompt6_evaldata/model_output/Gemma-27b_5_shot/output/Gemma-27b_NCT03866902_5_shot.txt' gespeichert.
File: NCT03866941 

Das File: /work/eauten2s/ec_criteria_struct/lct/input/dataset/test/input/NCT03866941.txt wurde erfolgreich geladen.
Inclusion Criteria:
 1. [AND] All the cases [WITH] the primary diagnosis of acute [OR] chronic synthetic cannabinoids toxicity [WILL] be included in the study.
 2. [AND] Willing [AND] able to comply [WITH] the study procedures [AND] provide written informed consent to participate in the study.
Exclusion Criteria:
  - 1-[NOT] Patients [WITH] a history of [ANY] chronic disease (renal [AND] hepatic). 2-[NOT] Patients refuse to participate in the study. 3-[NOT] Abuse to other drugs.
Die Daten wurden erfolgreich in '/work/eauten2s/ec_criteria_struct/lct/evaluate_parse_1/eval_p1_models_prompt6_evaldata/model_output/Gemma-27b_5_shot/output/Gemma-27b_NCT03866941_5_shot.txt' gespeichert.
File: NCT03867188 

Das File: /work/eauten2s/ec_criteria_struct/lct/input/dataset/test/input/NCT03867188.txt wurde erfolgreich geladen.
Inclusion Criteria:
 - Patients [AND] with a soft tissue sarcoma of the thigh
 - Must have sufficient health [AND] to withstand the physical demands of surgery
 - ≥ 18 years old
 - ECOG performance status of ≤ 2
 - Ability to understand [AND] the willingness to sign an IRB-approved informed consent document (either directly [OR] or via a legally authorized representative)
Exclusion Criteria:
 - History of clinically significant medical conditions including: Cardiovascular: Atrial Fibrillation, Ventricular Fibrillation, Significant Coronary Artery Disease. Hepatic: Viral [OR] or Autoimmune Hepatitis, Cirrhosis of the Liver, Liver Metabolism Disorders. Renal: Any form of renal impairment. EXPAREL® is cleared by the kidneys, thus any form of renal impairment could lead to an adverse reaction.
 - Medical condition(s) [OR] or concurrent surgery that may have required analgesic treatment in the postoperative period for pain that was [NOT] not strictly related to the study surgery.
 - Any clinically significant event [OR] or condition discovered during surgery that may have complicated the patient's post surgical course such as vascular [OR] or nerve involvement that was [NOT] unknown before surgery.
 - History of allergic reactions attributed to compounds of similar chemical [OR] or biologic composition to liposomal bupivacaine.
 - Pregnant women are excluded from this study because EXPAREL has the potential for teratogenic [OR] or abortifacient effects. Because there is an unknown but potential risk for adverse events in nursing infants secondary to treatment of the mother with EXPAREL, breastfeeding should be discontinued if the mother is treated with EXPAREL.
Die Daten wurden erfolgreich in '/work/eauten2s/ec_criteria_struct/lct/evaluate_parse_1/eval_p1_models_prompt6_evaldata/model_output/Gemma-27b_5_shot/output/Gemma-27b_NCT03867188_5_shot.txt' gespeichert.
File: NCT03867214 

Das File: /work/eauten2s/ec_criteria_struct/lct/input/dataset/test/input/NCT03867214.txt wurde erfolgreich geladen.
Inclusion Criteria:
 - Adult patients [AND] who plan to undergo simultaneous primary total knee arthroplasty on bilateral knee joint with a diagnosis of osteoarthritis [OR] aseptic bone necrosis, [BUT NOT] rheumatoid arthritis;
 - All patients [AND] who have normal preoperative platelet count, [AND] normal prothrombin time, [AND] normal partial thromboplastin time, [AND] normal international normalized ratio;
 - The use of only balanced electrolyte solutions [OR] albumin for plasma volume restitution.
Exclusion Criteria:
 - Allergy to tranexamic acid;
 - Receiving warfarin [OR] heparin; [OR] had a history of hemophilia, deep venous thrombosis, pulmonary embolism, [OR] renal impairment; [OR] were pregnant;
 - Patients with any cardiovascular problems (such as myocardiac infarction history, atrial fibrillation, angina);
 - Patients with thromboembolic disorders, [OR] those exhibiting a deteriorating general condition;
 - Preoperative anemia (a hemoglobin value of <11 g/dL in females [AND] <12 g/dL in males), [OR] refusal of blood products;
 - Preoperative use of anticoagulant therapy within five days before surgery, fibrinolytic disorders requiring intraoperative antifibrinolytic treatment, coagulopathy (as identified by a preoperative platelet count of <150,000/mm3, [OR] an international normalized ratio of >1.4, [OR] a prolonged partial thromboplastin time [>1.4 times normal]).
Die Daten wurden erfolgreich in '/work/eauten2s/ec_criteria_struct/lct/evaluate_parse_1/eval_p1_models_prompt6_evaldata/model_output/Gemma-27b_5_shot/output/Gemma-27b_NCT03867214_5_shot.txt' gespeichert.
File: NCT03867305 

Das File: /work/eauten2s/ec_criteria_struct/lct/input/dataset/test/input/NCT03867305.txt wurde erfolgreich geladen.
Inclusion Criteria:
 - Patient requiring a first total knee prosthesis [AND] scheduled between Tuesday [AND] Friday.
 - Patient [AND] that has given his/her free [AND] informed consent [AND] signed the consent form.
 - The patient must be a member [OR] beneficiary of a health insurance plan
 - The patient is at least 18 years old (≥) [AND] under 90 years old (<).
Exclusion Criteria:
 - The subject is in a period of exclusion determined by a previous study (therapeutic study)
 - The subject refuses to sign the consent
 - It is [NOT] impossible to give the subject informed information
 - The patient is under safeguard of justice [OR] state guardianship
 - The patient is pregnant [OR] breastfeeding
 - The patient is allergic to latex bandages.
 - The subject has contralateral amputation, pressure ulcers, severe Obstructive Arteriopathy of Lower Limbs, lymphoedema [OR] thromboembolic event of the lower limb (ipsilateral [AND] / [OR] contralateral / superficial [OR] deep [OR] detected by postoperative Doppler).
 - The subject has chronic [OR] active wounds [OR] any cause that hinders normal rehabilitation [OR] the application of a bandage.
 - patient with a stroke / Disabling Neurological Pathology, Chronic Immunological Pathology / Systemic Disease.
 - patient with Hepatic insufficiency.
 - patient with Venous insufficiency (stages 3 [AND] 4).
 - The patient is on dialysis.
 - The subject has cognitive [OR] behavioral disorders (Parkinson's disease, cerebellar syndrome, opposition, agitation, dementia).
 - The subject has a history of knee surgery.
Die Daten wurden erfolgreich in '/work/eauten2s/ec_criteria_struct/lct/evaluate_parse_1/eval_p1_models_prompt6_evaldata/model_output/Gemma-27b_5_shot/output/Gemma-27b_NCT03867305_5_shot.txt' gespeichert.
File: NCT03867461 

Das File: /work/eauten2s/ec_criteria_struct/lct/input/dataset/test/input/NCT03867461.txt wurde erfolgreich geladen.
Inclusion Criteria:
 - Adults [AND] determined to be candidates [AND] for venous sinus stenting
Exclusion Criteria:
 -
Die Daten wurden erfolgreich in '/work/eauten2s/ec_criteria_struct/lct/evaluate_parse_1/eval_p1_models_prompt6_evaldata/model_output/Gemma-27b_5_shot/output/Gemma-27b_NCT03867461_5_shot.txt' gespeichert.
File: NCT03867526 

Das File: /work/eauten2s/ec_criteria_struct/lct/input/dataset/test/input/NCT03867526.txt wurde erfolgreich geladen.
Inclusion Criteria:
 - [AND] Informed consent will be obtained from the patient [OR] the parents before any study related procedures.
 - [AND] Patients of both genders older than 6 months [AND] younger than 80 years
 - [AND] The patient has a diagnosis of Wilson dis-ease
Exclusion Criteria:
 - [NOT] No Informed consent from the patient [OR] the parents before any study related procedures
 - [NOT] Patients of both genders younger than 6 months [AND] older than 80 years
 - [NOT] No diagnosis of Wilson disease
Die Daten wurden erfolgreich in '/work/eauten2s/ec_criteria_struct/lct/evaluate_parse_1/eval_p1_models_prompt6_evaldata/model_output/Gemma-27b_5_shot/output/Gemma-27b_NCT03867526_5_shot.txt' gespeichert.
File: NCT03867539 

Das File: /work/eauten2s/ec_criteria_struct/lct/input/dataset/test/input/NCT03867539.txt wurde erfolgreich geladen.
Inclusion Criteria:
 -  carpal tunnel syndrome diagnosed [OR] either by physical exam [OR] EMG
 -  age >18.
Exclusion Criteria:
 -  allergy [AND] to bupivacaine
 -  pre-operative opioid usage within the last six months
 -  patients allergic [AND] to Percocet [OR] acetaminophen
 -  patients taking tricyclic antidepressants [AND] (interaction [AND] with bupivacaine)
 -  vulnerable populations [AND] (prisoners [OR] pregnant women)
Die Daten wurden erfolgreich in '/work/eauten2s/ec_criteria_struct/lct/evaluate_parse_1/eval_p1_models_prompt6_evaldata/model_output/Gemma-27b_5_shot/output/Gemma-27b_NCT03867539_5_shot.txt' gespeichert.
File: NCT03867643 

Das File: /work/eauten2s/ec_criteria_struct/lct/input/dataset/test/input/NCT03867643.txt wurde erfolgreich geladen.
Inclusion Criteria:
 - Children [AND] who are 6-12 years old [AND] in Chongqing
 - After birth, three injections of Hep B were inoculated in time according to the procedure of 0, 1 [AND] and 6 months [AND] (The vaccination certificate record)
 - [NOT] No HBV booster vaccine given since primary HBV immunization
 - Children [OR] guardian knew [AND] agreed to accept the study
 - Follow - up study [AND] blood collection after vaccination can be accepted
Exclusion Criteria:
 - [NOT] Unwilling [OR] [NOT] impossible to participate in this research project
 - Have a history of allergy [OR] have had a serious vaccine reaction
 - Have immune impairment diseases [AND] appear immune impairment
 - Immunosuppressive treatment, receive any injection [OR] oral administration of cortisone [OR] cancer chemotherapy
 - Any kind of vaccine [OR] any kind of observation drug has been vaccinated in the past four weeks
 - Any acute disease [OR] other infection requiring antibiotic [OR] antiviral treatment in the past four weeks
 - Fever symptoms occurred in the past week ( axillary temperature ≥ 38 ℃ )
 - Blood transfusion experience
 - Has a history of more serious infectious diseases ( five types of hepatitis, AIDS, syphilis, gonorrhea, etc. )
 - Hepatitis B infection [OR] carriers (lineal relationship)
 - Abnormal physical examination
Die Daten wurden erfolgreich in '/work/eauten2s/ec_criteria_struct/lct/evaluate_parse_1/eval_p1_models_prompt6_evaldata/model_output/Gemma-27b_5_shot/output/Gemma-27b_NCT03867643_5_shot.txt' gespeichert.
File: NCT03867734 

Das File: /work/eauten2s/ec_criteria_struct/lct/input/dataset/test/input/NCT03867734.txt wurde erfolgreich geladen.
Inclusion Criteria:
 -  Persons diagnosed with pharyngeal gonorrhea [OR] gonococcal urethritis [AND] who are undergoing pharyngeal gonorrhea testing [AND] who are [NOT] yet treated.
Exclusion Criteria:
 -  Age less than 16 years
 -  Receipt of antibiotics in ≤30 days
 -  Known allergy to aztreonam
 -  History of renal disease (including diagnosis of solitary kidney, chronic renal insufficiency, renal cell carcinoma etc.)
 -  Concurrent infection with syphilis [OR] chlamydia
 -  Pregnancy [AND] [OR] nursing
 -  [NOT] Unable to return for a follow-up visit 4-7 days (+/- 1 day).
 -  Study team's discretion
Die Daten wurden erfolgreich in '/work/eauten2s/ec_criteria_struct/lct/evaluate_parse_1/eval_p1_models_prompt6_evaldata/model_output/Gemma-27b_5_shot/output/Gemma-27b_NCT03867734_5_shot.txt' gespeichert.
File: NCT03867929 

Das File: /work/eauten2s/ec_criteria_struct/lct/input/dataset/test/input/NCT03867929.txt wurde erfolgreich geladen.
Inclusion Criteria:
 - presence of erectile dysfunction
Exclusion Criteria:
 - Presence [AND] of uncontrolled diabetes mellitus,
 - Presence [AND] of uncontrolled hypertension,
 - Presence [AND] of uncontrolled lipid metabolism disorders,
 - Presence [AND] of neurological diseases,
 - Presence [AND] of heamatological diseases,
 - Urinary tract infection,
 - Diagnosis [AND] of any malignencies,
 - Chronic kidney failure,
 - Presence [AND] of metabolic syndrome,
 - Presence [AND] of psychiatric diseases [AND] / [OR] medical treatment,
 - Smoking,
 - History [AND] of pelvic surgery, cardiac surgery [AND] / [OR] pelvic radiotherapy
Die Daten wurden erfolgreich in '/work/eauten2s/ec_criteria_struct/lct/evaluate_parse_1/eval_p1_models_prompt6_evaldata/model_output/Gemma-27b_5_shot/output/Gemma-27b_NCT03867929_5_shot.txt' gespeichert.
File: NCT03868189 

Das File: /work/eauten2s/ec_criteria_struct/lct/input/dataset/test/input/NCT03868189.txt wurde erfolgreich geladen.
Inclusion Criteria:
 - Patient requiring an electroneuromyogram [AND] whose indication allows the application of a standard protocol of examination.
 - Patient that has given his/her [NOT] free [AND] informed consent.
 - Patient that signed the consent form.
 - Patient with an health insurance plan.
 - The patient is at least 18 years old (≥).
 - The patient is under 80 years old (≤).
Exclusion Criteria:
 - Patient with symptoms of neuropathy during the screening.
 - Patient whose Neurological severity score (NSS) score is ≥ 3.
 - Patient whose neurological examination is abnormal [AND] suggestive of neuropathy.
 - Patient presenting a pathology that could cause neuropathy (e.g. diabetes, renal failure, etc.).
 - Patient already participating in a category 1 research study (Jardé law).
 - Patient in an exclusion period determined by another study.
 - Patient under the protection of justice, under guardianship [OR] under curatorship.
 - Patient refusing to sign the consent form.
 - Patient for which it is [NOT] impossible to provide information about the study.
 - Pregnant patient, parturient, [OR] or breastfeeding.
Die Daten wurden erfolgreich in '/work/eauten2s/ec_criteria_struct/lct/evaluate_parse_1/eval_p1_models_prompt6_evaldata/model_output/Gemma-27b_5_shot/output/Gemma-27b_NCT03868189_5_shot.txt' gespeichert.
File: NCT03868254 

Das File: /work/eauten2s/ec_criteria_struct/lct/input/dataset/test/input/NCT03868254.txt wurde erfolgreich geladen.
Inclusion Criteria:
 - Eye treated with XEN 45 Gel Stent for primary open angle glaucoma [AND] as a standalone procedure [OR] in combination with phacoemulsification
 - XEN 45 Gel Stent was implanted between 1 January 2014 [AND] 1 October 2015
Exclusion Criteria
 - [NOT] None
Die Daten wurden erfolgreich in '/work/eauten2s/ec_criteria_struct/lct/evaluate_parse_1/eval_p1_models_prompt6_evaldata/model_output/Gemma-27b_5_shot/output/Gemma-27b_NCT03868254_5_shot.txt' gespeichert.
File: NCT03868332 

Das File: /work/eauten2s/ec_criteria_struct/lct/input/dataset/test/input/NCT03868332.txt wurde erfolgreich geladen.
Inclusion Criteria:
Patients who are diagnosed [AND] as ulcerative colitis [OR] Crohn's disease however in activity [OR] in remission attending the the outpatient clinics [AND] inpatient of gastroenterology units [AND] of Internal medicine department
Exclusion Criteria:
 - Previous history of hypertension [OR] diabetes mellitus [OR] Dyslipidemia
 - Previous history of cardiovascular [OR] cerebrovascular events
 - Autoimmune [OR] Neoplastic diseases
 - Thromboembolic diseases
Die Daten wurden erfolgreich in '/work/eauten2s/ec_criteria_struct/lct/evaluate_parse_1/eval_p1_models_prompt6_evaldata/model_output/Gemma-27b_5_shot/output/Gemma-27b_NCT03868332_5_shot.txt' gespeichert.
File: NCT03868345 

Das File: /work/eauten2s/ec_criteria_struct/lct/input/dataset/test/input/NCT03868345.txt wurde erfolgreich geladen.
Inclusion Criteria:
 1. [AND] male [OR] female, [AND] age 21 [OR] older,
 2. [AND] diagnosed with definite, probable, [OR] possible ALS according to the modified El Escorial Criteria,
 3. [AND] a score of 2 [OR] greater on the speech question of the ALSFRS-R (i.e. speech is intelligible with occasional repetition),
 4. [AND] continuous internet access at home,
 5. [AND] willingness [AND] medical ability to comply with scheduled visits [AND] study procedures,
 6. [AND] ability to understand the purpose [AND] risks of the study [AND] provide signed [AND] dated informed consent [AND] authorization to use protected health information (PHI) in accordance with national [AND] local subject privacy regulations,
 7. [AND] geographic accessibility to study site,
 8. [AND] for the 25 participants in Group 1, [NOT] NO noted symptoms of frontotemporal cognitive dysfunction, [AND]
 9. [AND] for the 25 participants in Group 2, [AND] MUST have cognitive symptoms as noted either by themselves [OR] a caregiver.
Exclusion Criteria:
 1. [AND] [NOT] unwilling [OR] unable to comply with the requirements of this protocol, including the presence of any condition (physical, mental, [OR] social) that is likely to affect the participant's ability to comply with the protocol, [AND]
 2. [AND] any other reasons that, in the opinion of the PI, cause the candidate to be deemed unsuitable for entry into the study.
Die Daten wurden erfolgreich in '/work/eauten2s/ec_criteria_struct/lct/evaluate_parse_1/eval_p1_models_prompt6_evaldata/model_output/Gemma-27b_5_shot/output/Gemma-27b_NCT03868345_5_shot.txt' gespeichert.
File: NCT03868384 

Das File: /work/eauten2s/ec_criteria_struct/lct/input/dataset/test/input/NCT03868384.txt wurde erfolgreich geladen.
Inclusion Criteria:
 - Patients [AND] with hypertension [AND] who are taking antihypertensive drugs [AND] for more than 1 year
Exclusion Criteria:
 - Secondary hypertension
 - Hypertensive emergency [OR] urgency
 - Severe heart failure (NYHA III [OR] IV)
 - Angina [WITH]in 6 months
 - Myocardial infarction [WITH]in 6 months
 - Peripheral artery disease [WITH]in 6 months
 - Significant arrhythmia (i.e. ventricular tachycardia [AND] fibrillation, atrial fibrillation, atrial flutter)
 - Pregnancy
 - Night labor [OR] shift worker
 - Those who are currently participating in other clinical studies
 - Those who have taken other clinical trial drugs [WITH]in the past month
 - According to the opinion of the researcher, those who have [OR] may have a disease that may interfere with the completion of the study
 - History of drug [OR] alcohol dependence [WITH]in 6 months
Die Daten wurden erfolgreich in '/work/eauten2s/ec_criteria_struct/lct/evaluate_parse_1/eval_p1_models_prompt6_evaldata/model_output/Gemma-27b_5_shot/output/Gemma-27b_NCT03868384_5_shot.txt' gespeichert.
File: NCT03868579 

Das File: /work/eauten2s/ec_criteria_struct/lct/input/dataset/test/input/NCT03868579.txt wurde erfolgreich geladen.
Inclusion Criteria:
 - Patients [AND] who will undergo pleuroscopy [AND] with biopsy
Exclusion Criteria:
 - Patients [AND] with known malignant pleural effusion
 - [NOT] Inability [OR] [NOT] unwillingness to give informed consent
Die Daten wurden erfolgreich in '/work/eauten2s/ec_criteria_struct/lct/evaluate_parse_1/eval_p1_models_prompt6_evaldata/model_output/Gemma-27b_5_shot/output/Gemma-27b_NCT03868579_5_shot.txt' gespeichert.
File: NCT03868644 

Das File: /work/eauten2s/ec_criteria_struct/lct/input/dataset/test/input/NCT03868644.txt wurde erfolgreich geladen.
Inclusion Criteria:
- Youth [AND] who previously participated in an earlier study by Duflo, Dupas [AND] Kremer in 328 primary schools in the same study site in Western Province, Kenya [AND] who consent to participate.
Exclusion Criteria:
- Youth sampled for the study [AND] who [NOT] do not consent to participate.
Die Daten wurden erfolgreich in '/work/eauten2s/ec_criteria_struct/lct/evaluate_parse_1/eval_p1_models_prompt6_evaldata/model_output/Gemma-27b_5_shot/output/Gemma-27b_NCT03868644_5_shot.txt' gespeichert.
File: NCT03868670 

Das File: /work/eauten2s/ec_criteria_struct/lct/input/dataset/test/input/NCT03868670.txt wurde erfolgreich geladen.
Inclusion Criteria:
 - BMI [AND] 45-60 kg/m2
 - Failure [AND] of at least one weight loss medication
 - Previous Gastric Bypass Surgery [AND] lead to less than 50% of excess weight lost by 2 years after surgery
 - Significant Loss [AND] of Control over eating
 - Subject [AND] is able to attend all scheduled clinic appointments on their own [OR] with a caregiver.
 - Premenopausal women [AND] must agree to use acceptable methods of birth control.
 - Participants provide voluntary, decisionally capable, [AND] appropriately informed consent.
 - Subject [AND] is able to comply [AND] w/ all testing [AND] and follow-up requirements defined by the study protocol.
 - Participant [AND] has [NOT] no immediate plan for relocation beyond 6 hours of the study site.
 - Proficiency [AND] with the English language.
Exclusion Criteria:
 - Subject has an implanted medical device that delivers electrical energy to the brain.
 - Subject has an implantable cardiac pacemaker, defibrillator, [OR] neurostimulator.
 - Subject [AND] is likely to require repeat MR imaging after implant of the RNS Neurostimulator [AND] and Leads.
 - Subject [AND] is unable to fit into CT scanner (500lb upper weight limit for CT scanner).
 - [NOT] Inability to provide informed consent to treatment.
Die Daten wurden erfolgreich in '/work/eauten2s/ec_criteria_struct/lct/evaluate_parse_1/eval_p1_models_prompt6_evaldata/model_output/Gemma-27b_5_shot/output/Gemma-27b_NCT03868670_5_shot.txt' gespeichert.
File: NCT03868774 

Das File: /work/eauten2s/ec_criteria_struct/lct/input/dataset/test/input/NCT03868774.txt wurde erfolgreich geladen.
Inclusion Criteria:
 1. [AND] Moderate-severe uni- [OR] bipolar depression according to the International Classification of Diseases (ICD-10)
 2. [AND] A Hamilton scale score (HDS-17) of ≥ 18 [AND] [OR] a sub-scale (HDSS) score of ≥ 9 within 24-48 hours before the first treatment
Exclusion Criteria:
 1. [NOT] Organic brain disease.
 2. [NOT] Epileptic seizure < 2 years
 3. [NOT] Patients with implanted metal parts in the brain [OR] chest
 4. [NOT] Patients with pacemaker
 5. [NOT] Medical diseases with cerebral impact
 6. [NOT] Serious suicidal danger
Die Daten wurden erfolgreich in '/work/eauten2s/ec_criteria_struct/lct/evaluate_parse_1/eval_p1_models_prompt6_evaldata/model_output/Gemma-27b_5_shot/output/Gemma-27b_NCT03868774_5_shot.txt' gespeichert.
File: NCT03868813 

Das File: /work/eauten2s/ec_criteria_struct/lct/input/dataset/test/input/NCT03868813.txt wurde erfolgreich geladen.
Inclusion Criteria:
Health Coaches Group:
(i) age between 18 [AND] 80 years (ii) fluent in English (iii) work in [OR] carry expertise in physical activity, nutrition/diet [OR] health behavior.
People with Diabetes Group (Patient/Caregiver Dyads):
(i) age between 18 [AND] 80 years (ii) fluent in English (iii) have Type-II diabetes.
Exclusion Criteria:
None
Die Daten wurden erfolgreich in '/work/eauten2s/ec_criteria_struct/lct/evaluate_parse_1/eval_p1_models_prompt6_evaldata/model_output/Gemma-27b_5_shot/output/Gemma-27b_NCT03868813_5_shot.txt' gespeichert.
File: NCT03868956 

Das File: /work/eauten2s/ec_criteria_struct/lct/input/dataset/test/input/NCT03868956.txt wurde erfolgreich geladen.
Inclusion Criteria:
 -  Age >= 18 years [AND]
 -  Known history of objectively documented deep vein thrombosis of the lower limb [AND] (with [OR] without pulmonary embolism)
 -  Out-patients referred for clinically suspected acute recurrent ipsilateral DVT of the lower limb i.e. the occurrence of new symptoms [AND] signs of DVT [OR] the increase of symptoms [AND] signs in patients with post-thrombotic syndrome
 -  Patients covered by social security [OR] equivalent regimen
 -  Signed [AND] dated informed consent
Exclusion Criteria:
 -  Known current pregnancy
 -  Any condition, which, in the opinion of the investigator may prevent him from performing the colour doppler ultrasound test (plaster cast, inaccessible vein segment after abdominal [OR] pelvic surgery, [OR] other causes that may lead to a technically inadequate CDUS)
 -  Delay from onset of symptoms to inclusion of more than 10 days
 -  Therapeutic anticoagulation for more than 48 hours in the two days prior to consent
 -  Prophylactic anticoagulation for more than 48 hours in the two days prior to consent
 -  Clinical symptoms of pulmonary embolism
 -  Life expectancy less than 3 months
 -  Patient [NOT] unable to adhere to protocol [OR] follow-up visits [AND] contacts
 -  Participants under legal guardianship [OR] incapacitation
 -  Patient already enrolled in a deep vein thrombosis (DVT) diagnostic research
Die Daten wurden erfolgreich in '/work/eauten2s/ec_criteria_struct/lct/evaluate_parse_1/eval_p1_models_prompt6_evaldata/model_output/Gemma-27b_5_shot/output/Gemma-27b_NCT03868956_5_shot.txt' gespeichert.
File: NCT03868995 

Das File: /work/eauten2s/ec_criteria_struct/lct/input/dataset/test/input/NCT03868995.txt wurde erfolgreich geladen.
Inclusion Criteria:
 1. 20-70 age [AND]
 2. Chronic ankle sprain more than 3 months [AND] with chronic ankle pain [OR] instability sensation
 3. Ultrasound diagnosed anterior talofibular ligament sprain
Exclusion Criteria:
  1. Acute ankle sprain less than 3 months
  2. Lower limb fracture history
  3. Cognitive impairment
  4. Other neurological [OR] muscular disorders
  5. [NOT] Sever pain could [NOT] tolerate examination
Die Daten wurden erfolgreich in '/work/eauten2s/ec_criteria_struct/lct/evaluate_parse_1/eval_p1_models_prompt6_evaldata/model_output/Gemma-27b_5_shot/output/Gemma-27b_NCT03868995_5_shot.txt' gespeichert.
File: NCT03869281 

Das File: /work/eauten2s/ec_criteria_struct/lct/input/dataset/test/input/NCT03869281.txt wurde erfolgreich geladen.
Inclusion Criteria (PTA group)
  -  T1D patients [AND] who received their first PTA, [OR] second PTA only if their first graft was explanted within a week, between 2 January 2005 [AND] 31 December 2017
  -  age ≥18 [AND] < 65 years
  -  willingness to participate in this observational study
Inclusion Criteria (control group)
  -  Type 1 diabetes
  -  age ≥18 [AND] < 65 years
  -  willingness to participate in this observational study
  -  minimum disease duration of 5 years
  -  brittle diabetes, as defined by the occurrence of frequent acute complications (ketoacidosis [OR] severe hypoglycaemic episodes requiring third-part assistance [OR] unawareness despite well-conducted intensive insulin therapy)
  -  presence of at least one diabetes-related complication (either neuropathy, retinopathy, subclinical nephropathy).
Exclusion Criteria (both groups)
  -  conditions other than T1D [NOT] known to affect bone health (i.e., [NOT] compensated hypothyroidism, hyperthyroidism, hyperparathyroidism, inflammatory bowel disease, malignancy, rheumatoid arthritis, hypogonadism, severe chronic obstructive pulmonary disease, hepatic insufficiency, alcohol intake ≥ 3 units/day ),
  -  use of drugs that can affect bone metabolism (e.g., bisphosphonates, anticonvulsants, hormone replacement therapy) [OR] other than glucocorticoids [AND] immunosuppressants
  -  recipients of simultaneous pancreas kidney transplantation, pancreatic islet transplantation, multiple PTAs, [OR] other transplants
  -  BMI <18.5 [OR] ≥ 30 kg/m2
Die Daten wurden erfolgreich in '/work/eauten2s/ec_criteria_struct/lct/evaluate_parse_1/eval_p1_models_prompt6_evaldata/model_output/Gemma-27b_5_shot/output/Gemma-27b_NCT03869281_5_shot.txt' gespeichert.
File: NCT03869294 

Das File: /work/eauten2s/ec_criteria_struct/lct/input/dataset/test/input/NCT03869294.txt wurde erfolgreich geladen.
Inclusion Criteria:
 -  1.[AND] Histologically confirmed pancreatic adenocarcinoma [AND] 2.[AND] Locally advanced [OR] metastatic PC [AND] 3.[AND] Chemotherapy-naïve [AND] 4.[AND] ECOG performance status of 0 [OR] 1 [AND] 5.[AND] An adequate bone marrow, liver function [AND] and kidney function
Exclusion Criteria:
 -  1.[OR] Age ≥80 years [OR] 2.[OR] Brain metastasis [OR] 3.[OR] With other malignancies [OR] 4.[OR] Chronic diarrhea, cardiac disease, pregnancy [OR] or breast feeding
Die Daten wurden erfolgreich in '/work/eauten2s/ec_criteria_struct/lct/evaluate_parse_1/eval_p1_models_prompt6_evaldata/model_output/Gemma-27b_5_shot/output/Gemma-27b_NCT03869294_5_shot.txt' gespeichert.
File: NCT03869372 

Das File: /work/eauten2s/ec_criteria_struct/lct/input/dataset/test/input/NCT03869372.txt wurde erfolgreich geladen.
Inclusion Criteria:
 - Adults [AND] between age 18 [AND] and 75
 - Participants [NOT] without a history of gastrointestinal disorders (control group)
 - Participants [AND] with functional dyspepsia (FD group)
 - Participants [AND] with moderate-to-severe irritable bowel syndrome (defined by IBS symptom severity scores (IBS-SSS) greater than 250) (IBS group)
Exclusion Criteria:
 - history of myocardial infarction, [OR] supplemental oxygen requirement, [OR] or diabetes
 - history of chronic gastrointestinal symptoms (for healthy control population only)
 - history of gastric surgery
 - psychosis [OR] or altered cognitive status
 - history of head injury, [OR] metal in the skull, [OR] stroke, [OR] or a history of seizures
 - implantable devices, such as a pacemaker [OR] or nerve stimulator
 - current use of the following medications [OR] or use of substances which are known to lower the seizure threshold: amitriptyline (Elavil), [OR] nortriptyline (Pamelor), [OR] imipramine (Tofranil), [OR] doxepin (Sinequan), [OR] clozapine (Clozaril), [OR] chlorpromazine (Thorazine), [OR] amphetamines [OR] or methamphetamine, [OR] Ecstasy, [OR] Ketamine, [OR] Angel Dust/phencyclidine (PCP), [OR] cocaine, [OR] or 3 [OR] or more alcoholic drinks per day
 - pregnancy
Die Daten wurden erfolgreich in '/work/eauten2s/ec_criteria_struct/lct/evaluate_parse_1/eval_p1_models_prompt6_evaldata/model_output/Gemma-27b_5_shot/output/Gemma-27b_NCT03869372_5_shot.txt' gespeichert.
File: NCT03869502 

Das File: /work/eauten2s/ec_criteria_struct/lct/input/dataset/test/input/NCT03869502.txt wurde erfolgreich geladen.
Inclusion Criteria:
 -  Age >18 years
 -  Diagnosis of BCR‐ABL positive CML blast crisis according to the WHO criteria:
       -  Blasts 20% [OR] more of peripheral blood white cells [OR] bone marrow cells [OR]
       -  Extramedullary blast proliferation [OR]
       -  Large foci [OR] clusters of blasts in bone marrow biopsy
Exclusion Criteria:
 -  [NOT] Lack of informed consent
Die Daten wurden erfolgreich in '/work/eauten2s/ec_criteria_struct/lct/evaluate_parse_1/eval_p1_models_prompt6_evaldata/model_output/Gemma-27b_5_shot/output/Gemma-27b_NCT03869502_5_shot.txt' gespeichert.
File: NCT03869528 

Das File: /work/eauten2s/ec_criteria_struct/lct/input/dataset/test/input/NCT03869528.txt wurde erfolgreich geladen.
Inclusion Criteria:
 -  [AND] All adults ≥ 18 yrs of age [AND] undergoing flexible bronchoscopy
Exclusion Criteria:
 -  Uncontrolled hypertension [AND] Systolic Blood Pressure >180 mm Hg
 -  Symptomatic coronary artery disease
 -  Pregnancy
 -  [NOT] Not giving informed consent [AND] for the procedure
 -  Hypoxemia [AND] (oxygen saturation [by pulse oximetry] < 92% [AND] with Fio2 of ≥ 0.3)
 -  Bronchoscopy performed through an artificial airway
Die Daten wurden erfolgreich in '/work/eauten2s/ec_criteria_struct/lct/evaluate_parse_1/eval_p1_models_prompt6_evaldata/model_output/Gemma-27b_5_shot/output/Gemma-27b_NCT03869528_5_shot.txt' gespeichert.
File: NCT03869593 

Das File: /work/eauten2s/ec_criteria_struct/lct/input/dataset/test/input/NCT03869593.txt wurde erfolgreich geladen.
Inclusion Criteria:
 - Patient [AND] with S. aureus [OR] E. coli bacteriostatic bacteremia defined by at least one positive blood culture bottle
 - Patient requiring a blood test as part of his bacteremia
 - [NOT] Subject to a judicial protection measure
 - Signature of the non-opposition of consent [AND] for minor patients signed by one of the parents [OR] the representative of the parental authority
 - Affiliation to social security
Exclusion Criteria:
 - Immunocompromised patient defined by:
       - current immunosuppressive therapies: corticosteroids, chemotherapy, biotherapy
       - solid organ transplant patient [OR] hematopoietic stem cell transplant
       - chemotherapy-induced neutropenia
       - Congenital immune deficiency
 - Bacteremia related to a peripheral [OR] central catheter
 - Urinary obstruction [NOT] not lifted within the first 24 hours of management
 - Intra-abdominal infection collected undrained in the first 24 hours of management
 - Primary infectious focus represented by mechanically ventilated pneumonia
 - Pregnant [OR] lactating woman
Die Daten wurden erfolgreich in '/work/eauten2s/ec_criteria_struct/lct/evaluate_parse_1/eval_p1_models_prompt6_evaldata/model_output/Gemma-27b_5_shot/output/Gemma-27b_NCT03869593_5_shot.txt' gespeichert.
File: NCT03869606 

Das File: /work/eauten2s/ec_criteria_struct/lct/input/dataset/test/input/NCT03869606.txt wurde erfolgreich geladen.
Inclusion Criteria:
 -  Patients [AND] 11 to [NOT] no older than 17 years of age
Exclusion Criteria:
 -  severed developmental delay,
 -  orthopedic patients [WITH] leg injuries
 -  injury [THAT] would prevent passive leg elevation.
 -  severe aortic insufficiency,
 -  severe anatomic abnormalities [OF] the thoracic aorta
 -  patients [WITH] external cardiac pacemakers.
Die Daten wurden erfolgreich in '/work/eauten2s/ec_criteria_struct/lct/evaluate_parse_1/eval_p1_models_prompt6_evaldata/model_output/Gemma-27b_5_shot/output/Gemma-27b_NCT03869606_5_shot.txt' gespeichert.
File: NCT03869905 

Das File: /work/eauten2s/ec_criteria_struct/lct/input/dataset/test/input/NCT03869905.txt wurde erfolgreich geladen.
Inclusion Criteria:
 - Ulcerative colitis with confirmed diagnosis by histology [AND] endoscopy [AND] in stable remission for 3 months [OR] more without therapy [OR] with a maintenance therapy (except steroids [AND] antibiotics for 3 months)
 - A negative pregnancy test
Exclusion Criteria:
 - [NOT] No history [OR] diagnosis of any of the following conditions: Chron's disease, bleeding disorders, gastrointestinal [OR] colonic malignancy, Kidney disease, including kidney "stones" [OR] hypercalcemia, Coagulopathy/[OR] hereditary hemorrhagic disorders [OR] receiving therapeutic doses of Coumadin [OR] heparin.
 - Ingested certain medications (Calcium, Vitamin D, fiber supplements [AND] Non-steroidal anti-inflammatory drugs - NSAIDs) within 30 days of study start.
Die Daten wurden erfolgreich in '/work/eauten2s/ec_criteria_struct/lct/evaluate_parse_1/eval_p1_models_prompt6_evaldata/model_output/Gemma-27b_5_shot/output/Gemma-27b_NCT03869905_5_shot.txt' gespeichert.
File: NCT03869957 

Das File: /work/eauten2s/ec_criteria_struct/lct/input/dataset/test/input/NCT03869957.txt wurde erfolgreich geladen.
Inclusion Criteria:
 -  Patients admitted in the non-critical areas of the Instituto Nacional de Ciencias Médicas y Nutrición Salvador Zubirán (INCMNSZ) with a nutritional risk between January 2019 [AND] July 2020 will be considered eligible.
 -  Patients with recent diagnosis of IF type II (an evolution >28 days) originate from various gastrointestinal [OR] systemic diseases (short bowel, intestinal fistula, intestinal dysmotility, mechanical obstruction, [AND] extensive small bowel mucosal disease).     
Exclusion Criteria:
 -  Patients with contraindications for PN
 -  Patients with known allergies to the components of the PN formula
 -  Severe liver [OR] renal insufficiency
 -  Uncontrolled diabetes mellitus
 -  Certain acute [AND] life-threatening conditions
 -  Immunological diseases (such as autoimmune diseases, human immunodeficiency virus infection, cancer, etc.)
 -  Those that take immunosuppressant medications
 -  Severe hemorrhagic disorders
 -  Pregnant [OR] lactating
Die Daten wurden erfolgreich in '/work/eauten2s/ec_criteria_struct/lct/evaluate_parse_1/eval_p1_models_prompt6_evaldata/model_output/Gemma-27b_5_shot/output/Gemma-27b_NCT03869957_5_shot.txt' gespeichert.
File: NCT03920020 

Das File: /work/eauten2s/ec_criteria_struct/lct/input/dataset/test/input/NCT03920020.txt wurde erfolgreich geladen.
Inclusion Criteria:
 - Diagnosis of primary knee osteoarthritis according to American College of Radiology [AND] being radiographically K-L grade 2-3 [AND] presence of symptoms for at least 3 months [AND] patients who have been planned a conventional physiotherapy programme because of knee osteoarthritis [AND] presence of functional capacity for outpatient physical therapy
Exclusion Criteria:
 - Patients with seconder knee osteoarthritis [OR] history of lower extremity [OR] or spine surgery [OR] history of intraarticular injection in last 1 month [OR] patients with neurological disease that will affect muscle strength, balance [AND] and coordination
Die Daten wurden erfolgreich in '/work/eauten2s/ec_criteria_struct/lct/evaluate_parse_1/eval_p1_models_prompt6_evaldata/model_output/Gemma-27b_5_shot/output/Gemma-27b_NCT03920020_5_shot.txt' gespeichert.
File: NCT03920098 

Das File: /work/eauten2s/ec_criteria_struct/lct/input/dataset/test/input/NCT03920098.txt wurde erfolgreich geladen.
Inclusion Criteria:
 -  Primipara [AND] [AND] 18 to 25 years of age [AND] [AND] Gestation <15 weeks at first prenatal visit [AND] [AND] [NOT] No intention to move outside the city of Santiago in the next to years
Exclusion Criteria:
 -  Multipara [OR] Pre-existing cancer (except [NOT] non-melanoma skin cancer) [OR] Family history of breast cancer (one first-degree female relative diagnosed with breast cancer) [OR] High-risk pregnancy according to national guidelines [OR] During the follow-up, pregnant women under any treatment that may affect the levels of metabolic markers will be [NOT] excluded from the analysis [OR] Pregnant women with pre-eclampsia [OR] with preterm birth (less than 37 weeks of gestational age) will be also [NOT] excluded
Die Daten wurden erfolgreich in '/work/eauten2s/ec_criteria_struct/lct/evaluate_parse_1/eval_p1_models_prompt6_evaldata/model_output/Gemma-27b_5_shot/output/Gemma-27b_NCT03920098_5_shot.txt' gespeichert.
File: NCT03920241 

Das File: /work/eauten2s/ec_criteria_struct/lct/input/dataset/test/input/NCT03920241.txt wurde erfolgreich geladen.
Inclusion Criteria:
 -  18 years of age [OR] more
 -  Fluency [AND] in oral [AND] written Spanish
Exclusion Criteria:
 -  [NOT] Having [AND] any current [OR] serious psychological disorder [OR] substance abuse [OR] dependence.
 -  [NOT] Being currently enrolled [AND] in another standardized meditation program
Die Daten wurden erfolgreich in '/work/eauten2s/ec_criteria_struct/lct/evaluate_parse_1/eval_p1_models_prompt6_evaldata/model_output/Gemma-27b_5_shot/output/Gemma-27b_NCT03920241_5_shot.txt' gespeichert.
File: NCT03920267 

Das File: /work/eauten2s/ec_criteria_struct/lct/input/dataset/test/input/NCT03920267.txt wurde erfolgreich geladen.
Inclusion Criteria:
  - Completion of SLE Study (NCT03252587) through the protocol-required treatment period, [AND] and currently receiving blinded study drug
  - Women of childbearing potential (WOCBP) must have a negative urine pregnancy test [AND] must agree to use correctly a highly effective method(s) of contraception for the duration of treatment with study drug
Exclusion Criteria:
  - Any disease [OR] or medical condition that, in the opinion of the investigator, would make the subject unsuitable for this study, would interfere with the interpretation of subject safety [OR] or study results, [OR] considered unsuitable by the investigator for any other reason
  - Evidence of active tuberculosis (TB)
Other protocol defined inclusion/exclusion criteria could apply
Die Daten wurden erfolgreich in '/work/eauten2s/ec_criteria_struct/lct/evaluate_parse_1/eval_p1_models_prompt6_evaldata/model_output/Gemma-27b_5_shot/output/Gemma-27b_NCT03920267_5_shot.txt' gespeichert.
File: NCT03920293 

Das File: /work/eauten2s/ec_criteria_struct/lct/input/dataset/test/input/NCT03920293.txt wurde erfolgreich geladen.
Inclusion Criteria:
 1. [AND] Diagnosed with Myasthenia Gravis at least 6 months (180 days) prior to the date of the Screening Visit [AND] as confirmed by specific criteria.
 2. [AND] Myasthenia Gravis Foundation of America Clinical Classification Class II to IV at screening.
 3. [AND] MG-ADL profile must be ≥ 6 at screening [AND] and randomization (Day 1).
 4. [AND] Vaccinated against meningococcal infections within 3 years prior to, [OR] at the time of, initiating study drug to reduce the risk of meningococcal infection (N meningitidis).
Exclusion Criteria:
Medical Conditions
  1. [AND] Any active [OR] untreated thymoma. [AND] History of thymic carcinoma [OR] thymic malignancy unless deemed cured by adequate treatment with [NOT] no evidence of recurrence for ≥ 5 years before screening.
  2. [AND] History of thymectomy within the 12 months prior to screening.
  3. [AND] History of N meningitidis infection.
  4. [AND] Use of the following within the time period specified below:
       -  IV immunoglobulin within 4 weeks of randomization
       -  Use of plasma exchange within 4 weeks of randomization
       -  Use of rituximab within 6 months of screening
  5. [AND] Participants who have received previous treatment with complement inhibitors (for example, eculizumab).
Die Daten wurden erfolgreich in '/work/eauten2s/ec_criteria_struct/lct/evaluate_parse_1/eval_p1_models_prompt6_evaldata/model_output/Gemma-27b_5_shot/output/Gemma-27b_NCT03920293_5_shot.txt' gespeichert.
File: NCT03920306 

Das File: /work/eauten2s/ec_criteria_struct/lct/input/dataset/test/input/NCT03920306.txt wurde erfolgreich geladen.
Inclusion Criteria:
 -  [AND] Eligible [AND] for gastrostomy tube removal
Exclusion Criteria:
 -  Recurrent gastrocutaneous fistula
 -  [NOT] Non-consenting
 -  [NOT] Unable [AND] to comply [AND] with follow up assessments
 -  [NOT] Known allergic reaction [AND] to study products
Die Daten wurden erfolgreich in '/work/eauten2s/ec_criteria_struct/lct/evaluate_parse_1/eval_p1_models_prompt6_evaldata/model_output/Gemma-27b_5_shot/output/Gemma-27b_NCT03920306_5_shot.txt' gespeichert.
File: NCT03920319 

Das File: /work/eauten2s/ec_criteria_struct/lct/input/dataset/test/input/NCT03920319.txt wurde erfolgreich geladen.
Inclusion Criteria:
 -  [AND] Treatment-seeking cigarette smoker
 -  [AND] Meet DSM-IV criteria for nicotine dependence
 -  [AND] Negative result on urine test for drug use during screening
Exclusion Criteria:
 -  [AND] History of any Axis I psychiatric diagnosis [OR] other than nicotine dependence
 -  [AND] Medical conditions that might affect brain function
 -  [AND] Current use of medications that could alter brain function
 -  [AND] Pregnancy
 -  [AND] Current illicit drug use [OR] other than occasional use of marijuana
Die Daten wurden erfolgreich in '/work/eauten2s/ec_criteria_struct/lct/evaluate_parse_1/eval_p1_models_prompt6_evaldata/model_output/Gemma-27b_5_shot/output/Gemma-27b_NCT03920319_5_shot.txt' gespeichert.
File: NCT03920345 

Das File: /work/eauten2s/ec_criteria_struct/lct/input/dataset/test/input/NCT03920345.txt wurde erfolgreich geladen.
Inclusion Criteria:
 - Subject age 18 - 85 years;
  - SIJ arthropathy [AND] chronic lower back pain (CLBP);
  - Patient to undergo endoscopic electrothermic ablation of spinal levels S1-S3. [AND] The L4-L5 [AND] or L5-S1 facet joint can be included in the ablation per doctor discretion.
  - Correct spinal levels (ranging L4-S3) to be treated have been confirmed by 1) diagnostic SIJ injection, followed by 2) diagnostic Medial/Lateral Branch Block at the applicable levels.
  - The subject is likely to follow standard of care post-operative follow-up for at least 24 months.
Exclusion Criteria:
 - Patients receiving additional invasive back surgery after the study treatment.
  - [NOT] Inability to complete follow-up visits [OR] or required questionnaires.
  - [NOT] Non-compliant patients
  - [NOT] Difficult [OR] or [NOT] impossible communication with the patient
  - Breastfeeding, pregnant [OR] or patients who plan a pregnancy while participating in the study
  - Systemic neurological disorders with mobility limitations (e.g. advanced Parkinson's disease [OR] or multiple sclerosis)
  - Patients with incompatibilities [OR] or known limitations that make participation [NOT] impossible
  - Patients after stabilization with implants on thoracic [OR] or lumbar spine.
  - [NOT] Inability to provide informed consent without a legally authorized representative.
Die Daten wurden erfolgreich in '/work/eauten2s/ec_criteria_struct/lct/evaluate_parse_1/eval_p1_models_prompt6_evaldata/model_output/Gemma-27b_5_shot/output/Gemma-27b_NCT03920345_5_shot.txt' gespeichert.
File: NCT03920449 

Das File: /work/eauten2s/ec_criteria_struct/lct/input/dataset/test/input/NCT03920449.txt wurde erfolgreich geladen.
Inclusion Criteria:
 - Chronic anal fissure lasting more than 6 weeks
Exclusion Criteria:
 - [NOT] Pregnant
 - [AND] cardiovascular disease [OR] heart failure
 - [AND] on antihypertensive medications
 - [AND] recurrent anal fissure after previous sphincterotomy
 - [AND] prior history of anal surgery
 - [AND] other benign anorectal diseases
 - [AND] with inflammatory bowel diseases
Die Daten wurden erfolgreich in '/work/eauten2s/ec_criteria_struct/lct/evaluate_parse_1/eval_p1_models_prompt6_evaldata/model_output/Gemma-27b_5_shot/output/Gemma-27b_NCT03920449_5_shot.txt' gespeichert.
File: NCT03920527 

Das File: /work/eauten2s/ec_criteria_struct/lct/input/dataset/test/input/NCT03920527.txt wurde erfolgreich geladen.
Inclusion Criteria:
 -  [AND] one [OR] or more clinical symptoms (persistent cough, recurrent hemoptysis, weight loss, malaise, fever [AND] dyspnea) for ≥3 months
 -  [AND] slowly progressive [OR] persistent radiological findings (one [OR] or more cavities [AND] surrounding fibrosis, infiltrates, consolidation, with [OR] without fungal ball [OR] progressive pleural thickening) on computed tomography (CT) of the thorax
 -  [AND] immunological (A.fumigatus-specific IgG >27 mgA/L [OR] positive Aspergillus precipitins) [OR] microbiological evidence of Aspergillus infection (growth of Aspergillus in respiratory secretions [OR] serum galactomannan index >0.5 [OR] BALF galactomannan index >1) [AND]
 -  [AND] exclusion of other pulmonary disorders with similar presentation.
Exclusion Criteria:
 -  [NOT] failure to provide informed consent
 -  [AND] patients on immunosuppressive drugs, intake of prednisolone (or equivalent) >10 mg for at least 3 weeks [OR] a diagnosis of human immunodeficiency virus syndrome
 -  [AND] intake antifungal azoles for >3 weeks in the preceding six months
 -  [AND] subjects with active pulmonary infection due to mycobacterium tuberculosis [OR] mycobacteria other than tuberculosis (MOTT)
 -  [AND] subjects with others forms of pulmonary aspergillosis (allergic bronchopulmonary aspergillosis, chronic necrotizing aspergillosis [AND] angio-invasive aspergillosis)
 -  [AND] pregnancy
Die Daten wurden erfolgreich in '/work/eauten2s/ec_criteria_struct/lct/evaluate_parse_1/eval_p1_models_prompt6_evaldata/model_output/Gemma-27b_5_shot/output/Gemma-27b_NCT03920527_5_shot.txt' gespeichert.
File: NCT03920540 

Das File: /work/eauten2s/ec_criteria_struct/lct/input/dataset/test/input/NCT03920540.txt wurde erfolgreich geladen.
Inclusion Criteria:
 - Patients diagnosed with Hunter syndrome
 - Male [AND] at the age of ≥ 5
 - Adequate abilities [AND] including 6-MWT [AND] to participate in this study in the opinion of the investigator.
 - Voluntarily signed written informed consent to participation in this study
 - Consent to contraception
Exclusion Criteria:
 - Prior treatment with iduronate-2-sulfatase ERT
 - History of bronchotomy [OR] bone marrow trasplanation [OR] or cord blood transplanation.
 - Known hypersensitivity reactions to any of the components of the invetigational product
 - Prior [OR] planned administration of other investigational products within 30 days before treatment with the investigational product in this study [OR] duirng this study.
 - [NOT] Unable to perform 6-MWT.
 - Female
Die Daten wurden erfolgreich in '/work/eauten2s/ec_criteria_struct/lct/evaluate_parse_1/eval_p1_models_prompt6_evaldata/model_output/Gemma-27b_5_shot/output/Gemma-27b_NCT03920540_5_shot.txt' gespeichert.
File: NCT03920579 

Das File: /work/eauten2s/ec_criteria_struct/lct/input/dataset/test/input/NCT03920579.txt wurde erfolgreich geladen.
Inclusion Criteria:
 1. [AND] Healthy volunteers aged between ≥20 [AND] and ≤45 years old
 2. [AND] Weight ≥ 50 kg, [AND] with calculated body mass index(BMI) of ≥ 18.5 [AND] and ≤ 27.0 kg/m2
 3. [AND] Those who have [NOT] no congenital chronic disease [OR] [NOT] no chronic disease requiring treatment [AND] who have [NOT] no pathological symptoms [OR] [NOT] no findings
 4. [AND] Those who are judged to be eligible for clinical trials based on laboratory [AND] and ECG results during screening tests
 5. [AND] Those who voluntarily decide to participate [AND] and agree to comply with the cautions after hearing [AND] and fully understanding the detailed description of this clinical trial
Exclusion Criteria:
 1. [AND] History of presence of hepatobiliary, renal, cardiovascular, endocrine, respiratory, gastrointestinal, hematological, neurologic, psychiatric [OR] or musculoskeletal disorders affecting absorption, distribution, metabolism [AND] and excretion of the drug
 2. [AND] Genetic problems such as galactose intolerance, Lapp lactose deficiency [OR] or glucose-galactose malabsorption
 3. [AND] Those who are deemed unfit by the investigators to participate in the clinical trial for other reasons including the results of laboratory tests
Die Daten wurden erfolgreich in '/work/eauten2s/ec_criteria_struct/lct/evaluate_parse_1/eval_p1_models_prompt6_evaldata/model_output/Gemma-27b_5_shot/output/Gemma-27b_NCT03920579_5_shot.txt' gespeichert.
File: NCT03920683 

Das File: /work/eauten2s/ec_criteria_struct/lct/input/dataset/test/input/NCT03920683.txt wurde erfolgreich geladen.
Inclusion Criteria:
 - Age ≥ 18 [AND] ans
 - Diabetes mellitus (type 1 [OR] OR type 2)
 - Patients addressed to a one-day hospitalization to assess cardiovascular comorbidities, between January 2014 [AND] and May 2017, in the diabetes department, in the Pitié-Salpêtrière hospital
 - Coronary artery calcium score available
 - Toe-brachial index available
Exclusion Criteria:
 - History of coronary artery disease
 - History of Raynaud's syndrome
 - [NOT] Opposition of the patient
Die Daten wurden erfolgreich in '/work/eauten2s/ec_criteria_struct/lct/evaluate_parse_1/eval_p1_models_prompt6_evaldata/model_output/Gemma-27b_5_shot/output/Gemma-27b_NCT03920683_5_shot.txt' gespeichert.
File: NCT03920774 

Das File: /work/eauten2s/ec_criteria_struct/lct/input/dataset/test/input/NCT03920774.txt wurde erfolgreich geladen.
Inclusion Criteria:
 - Patients of any age [AND] with a diagnosis of familial dysautonomia (FD) [AND] with molecular confirmation of the IKBKAP mutation.
 - Ability to provide informed consent (or assent) [AND] comply with the study protocol
Exclusion Criteria:
 - Subjects that [NOT] do [NOT] wish to be a part of the study.
Die Daten wurden erfolgreich in '/work/eauten2s/ec_criteria_struct/lct/evaluate_parse_1/eval_p1_models_prompt6_evaldata/model_output/Gemma-27b_5_shot/output/Gemma-27b_NCT03920774_5_shot.txt' gespeichert.
File: NCT03920904 

Das File: /work/eauten2s/ec_criteria_struct/lct/input/dataset/test/input/NCT03920904.txt wurde erfolgreich geladen.
Inclusion Criteria:
 -  [AND] ASA l-lll
 -  [AND] Undergoing sternotomy for cardiac surgery under a PIFB [AND] general anesthesia
Exclusion Criteria:
 -  [NOT] Patient's refusal [OR] [NOT] inability to consent
 -  [NOT] Allergy, hypersensibility [OR] [NOT] resistance to local anesthetic
 -  [NOT] Contraindication to regional anesthesia: infection in the designated area, severe congenital coagulopathy [OR] [NOT] inadequate hemostasis before PIFB
 -  [NOT] Severe hepatic (Child B [AND] C) [OR] [NOT] renal insufficiency (GFR<30 mL/min)
Die Daten wurden erfolgreich in '/work/eauten2s/ec_criteria_struct/lct/evaluate_parse_1/eval_p1_models_prompt6_evaldata/model_output/Gemma-27b_5_shot/output/Gemma-27b_NCT03920904_5_shot.txt' gespeichert.
File: NCT03920917 

Das File: /work/eauten2s/ec_criteria_struct/lct/input/dataset/test/input/NCT03920917.txt wurde erfolgreich geladen.
Inclusion Criteria:
 -  1. Patient with paroxysmal atrial fibrillation [AND] who is scheduled for ablation procedure [AND] and ≥20 [AND] ≤80 years of age
 -  2. Left atrium size < 45mm
 -  3. paroxysmal atrial fibrillation that is recurrence during antiarrhythmic drug treatment [OR] [NOT] is able to use an antiarrhythmic drug.
 -  4. Patient who is indicated for anticoagulation therapy (for prevention of cerebral infarction)
Exclusion Criteria:
 -  1. Patients with persistent [OR] permanent atrial fibrillation
 -  2. Atrial fibrillation associated with severe cardiac malformation [OR] a structural heart disease that is hemodynamically affected
 -  3. Patients with severe renal impairment [OR] CT imaging difficulty using contrast media
 -  4. Patients with a past history of radiofrequency ablation for atrial fibrillation [OR] other cardiac surgery
 -  5. Patients with active internal bleeding
 -  6. Patients with contraindications for anticoagulation therapy(for prevention of cerebral infarction) [AND] antiarrhythmic drugs
 -  7. Patients with valvular atrial fibrillation (mitral stenosis >grade 2, mechanical valve, mitral valvuloplasty)
 -  8. Patients with a severe comorbid disease
 -  9. Expected survival < 1 year
 -  10. Drug addicts [OR] alcoholics
 -  11. Patients who [NOT] can read the consent form (illiterates, foreigners, etc.)
 -  12. Other patients who are judged by the principal [OR] sub-investigator to be ineligible for participation in this clinical study
Die Daten wurden erfolgreich in '/work/eauten2s/ec_criteria_struct/lct/evaluate_parse_1/eval_p1_models_prompt6_evaldata/model_output/Gemma-27b_5_shot/output/Gemma-27b_NCT03920917_5_shot.txt' gespeichert.
File: NCT03921437 

Das File: /work/eauten2s/ec_criteria_struct/lct/input/dataset/test/input/NCT03921437.txt wurde erfolgreich geladen.
Inclusion Criteria:
 1. [AND] The fifth stage of chronic renal failure diagnosed by a physician.
 2. [AND] The physician advises [AND] informs the patient who has to undergo renal replacement therapy but has [NOT] not yet decided what treatment to take.
 3. [AND] Being able to communicate in Mandarin [AND] Taiwan.
 4. [AND] Ages over 20 years old.
Exclusion Criteria:
 1. [AND] Cognitive impairment: The MMSE of the above-mentioned educators was 26 points, [AND] the national minimum was < 21 points, those who are [NOT] not educated are <16 points, [AND] the case is excluded.
 2. Patients who have received [NOT] non-emergency dialysis treatment.
 3. Patients with severe cardiopulmonary dysfunction, severe shock, low blood pressure, [OR] large bleeding are [NOT] not controlled.
 4. Patients with chronic active hepatitis, cirrhosis [OR] liver failure.
 5. A history of cancer that may be transferred.
 6. Severe bleeding tendency.
 7. Loss of peritoneal function [OR] extensive peritoneal adhesion, [NOT] unable to use peritoneal dialysis.
 8. [NOT] Unable to correct physiological defects, may interfere with peritoneal dialysis, [OR] increase the chance of infection, such as umbilical hernia.
 9. The patient is [NOT] unable to operate the fluid change, hand shake, [AND] no family members can assist.
 10. Patients who are blind, have poor eyesight, [AND] have difficulty operating.
Die Daten wurden erfolgreich in '/work/eauten2s/ec_criteria_struct/lct/evaluate_parse_1/eval_p1_models_prompt6_evaldata/model_output/Gemma-27b_5_shot/output/Gemma-27b_NCT03921437_5_shot.txt' gespeichert.
File: NCT03921476 

Das File: /work/eauten2s/ec_criteria_struct/lct/input/dataset/test/input/NCT03921476.txt wurde erfolgreich geladen.
Inclusion Criteria:
[OR] Female subjects between 18 [AND] and 65 years of age currently taking spironolactone for a diagnosis of acne vulgaris
[OR] Female subjects between 18 [AND] and 65 years of age currently taking oral antibiotics for a diagnosis of acne vulgaris
[AND] Subjects able to complete an online survey in English
Exclusion Criteria:
[NOT] Subjects less than 18 years of age [OR] older than 65 years of age
[NOT] Subjects that have ever been diagnosed with any mood disorder by a clinician prior to starting spironolactone (history of mood disorder [OR] current mood disorder)
[NOT] Subjects taking hormonal contraception (including but not limited to oral contraceptive pills) for a duration of less than 6 months
[NOT] Subjects that have ever been diagnosed with any type of sexual dysfunction prior to starting spironolactone
[NOT] Subjects not able to complete an online survey in English
[NOT] Subjects taking oral isotretinoin for a diagnosis of acne
[NOT] Subjects that are currently pregnant
Die Daten wurden erfolgreich in '/work/eauten2s/ec_criteria_struct/lct/evaluate_parse_1/eval_p1_models_prompt6_evaldata/model_output/Gemma-27b_5_shot/output/Gemma-27b_NCT03921476_5_shot.txt' gespeichert.
File: NCT03921762 

Das File: /work/eauten2s/ec_criteria_struct/lct/input/dataset/test/input/NCT03921762.txt wurde erfolgreich geladen.
Inclusion Criteria:
 -  > 50 years old [AND]
 -  Bilateral age-related cataract [AND]
 -  Qualify for bilateral implantation within 1 month [AND]
 -  [NOT] No previous refractive [OR] ocular surgery [AND]
 -  Available IOL dioptre range: 18 to 27D [AND]
 -  Expected postoperative astigmatism ≤ 0.75D
Exclusion Criteria:
 -  Pupil > 4 mm [OR]
 -  Occupation requiring night-time driving [OR] any occupation incompatible with multifocality [OR]
 -  Acute [OR] chronic disease [OR] illness that would increase risk [OR] confound study results [e.g. diabetes mellitus (with retinopathy), immunocompromised, glaucoma, epiretinal membrane, cornea guttata, etc….] found to be relevant by the investigators [OR]
 -  Amblyopia, strabismus [OR]
 -  Extremely shallow anterior chamber [OR]
 -  Capsule [OR] zonular abnormalities that may affect postoperative centration [OR] tilt of the lens (e.g. pseudoexfoliation syndrome, uveitis, Marfan's syndrome) [OR]
 -  Pupil abnormalities (non-reactive, tonic pupils, abnormally shaped pupils [OR] pupils that [NOT] do [NOT] dilate under mesopic/ scotopic conditions) [OR]
 -  Instability to place the intraocular lens safely at the location planned [OR]
 -  Pregnancy (pregnancy test will be taken pre-operatively in women of reproductive age)
Die Daten wurden erfolgreich in '/work/eauten2s/ec_criteria_struct/lct/evaluate_parse_1/eval_p1_models_prompt6_evaldata/model_output/Gemma-27b_5_shot/output/Gemma-27b_NCT03921762_5_shot.txt' gespeichert.
File: NCT03921775 

Das File: /work/eauten2s/ec_criteria_struct/lct/input/dataset/test/input/NCT03921775.txt wurde erfolgreich geladen.
Inclution Criteria:
 1. 18 [AND] 60 years, female [OR] male
 2. Patients scheduled for an elective surgical procedure [AND] mechanical ventilation via endotracheal tube
 3. BMI: 18 [AND] 30 kg/m2
 4. Patients understand clearly [AND] participate in the study voluntarily [AND] sign the informed consent
Exclusion criteria:
 1. Patients scheduled for emergency surgery
 2. Patients with a history of drug abuse [AND] / [OR] alcohol abuse 2 years prior to the screening period
 3. One [OR] more of the laboratory findings fall out of the limitations for this study [AND] platelet,hemoglobin,aspartate aminotransferase,etc.
 4. Pregnant women [OR] those in lactation period
 5. Allergic to drugs used in the study
 6. Patients with respiratory management difficulties [AND] Modified Mallampati grade IV
 7. Patients have participated in other clinical trial within the 3 months prior to randomization
 8. Any patient judged by the Principal Investigator [OR] PI [OR] Sub-Investigator to be inappropriate for the subject for any other reason
Die Daten wurden erfolgreich in '/work/eauten2s/ec_criteria_struct/lct/evaluate_parse_1/eval_p1_models_prompt6_evaldata/model_output/Gemma-27b_5_shot/output/Gemma-27b_NCT03921775_5_shot.txt' gespeichert.
File: NCT03921827 

Das File: /work/eauten2s/ec_criteria_struct/lct/input/dataset/test/input/NCT03921827.txt wurde erfolgreich geladen.
Inclusion Criteria:
 1. Patients [AND] with recent stroke/TIA [AND] and severe stenosis of intracranial ICA [OR] MCA [AND] impaired CVR within previous three months [BUT] [NOT] before 3 weeks after acute stroke. This is to differentiate between patients with a long-standing fixed-stenosis from patients with partially recanalized intracranial artery (masquerading as severe stenosis).
 2. Age >21 years
Exclusion Criteria:
 1. Patients with atrial fibrillation/ arrhythmias.
 2. Within 2 weeks [OR] of cardiac catheterization [OR] arterial puncture at femoral puncture site.
 3. Decompensated heart failure , usually class 3 [OR] 4
 4. LV EF <30%
 5. Moderate [OR] or severe AR
 6. Persistent [AND] uncontrolled hypertension (BP persistently >160/100 mmHg)
 7. Bleeding diathesis
 8. Active thrombophlebitis/ venous disease of lower limbs
 9. Severe lower extremity vaso-occlusive disease
 10. Presence of a documented aortic aneurysm/ dissection requiring surgical repair
 11. Pregnancy
Die Daten wurden erfolgreich in '/work/eauten2s/ec_criteria_struct/lct/evaluate_parse_1/eval_p1_models_prompt6_evaldata/model_output/Gemma-27b_5_shot/output/Gemma-27b_NCT03921827_5_shot.txt' gespeichert.
File: NCT03921853 

Das File: /work/eauten2s/ec_criteria_struct/lct/input/dataset/test/input/NCT03921853.txt wurde erfolgreich geladen.
Inclusion Criteria:
  -  Older than 18 [AND] younger and ≤65 years of age.
  -  [AND] With risk factors to Metabolic syndrome
  -  [AND] With obesity [OR] morbid obesity condition
  -  [AND] Medical authorization by a physician.
Exclusion Criteria:
  -  Physical limitations (e.g., restricting injuries of the musculoskeletal system, [OR] dependent of a third person).
  -  Exercise-related dyspnoea [OR] respiratory alterations.
  -  Chronic heart disease [AND] with any worsening in the last month.
  -  Adherence rate of less than 80% [AND] of the total interventions.
Die Daten wurden erfolgreich in '/work/eauten2s/ec_criteria_struct/lct/evaluate_parse_1/eval_p1_models_prompt6_evaldata/model_output/Gemma-27b_5_shot/output/Gemma-27b_NCT03921853_5_shot.txt' gespeichert.
File: NCT03921892 

Das File: /work/eauten2s/ec_criteria_struct/lct/input/dataset/test/input/NCT03921892.txt wurde erfolgreich geladen.
Inclusion Criteria:
 - age 15 [AND] to 21,
 - [AND] be able to read [AND] understand English (as determined by having the individual read a brief, eighth grade reading level paragraph),
 - [AND] able to begin the intervention within six weeks of their infant's birth,
 - [AND] be able to participate in an intervention over two weeks, requiring approximately a 12-hour time commitment: either in-person on two Saturdays for six hours each, [OR] a self-paced content of videos [AND] resource materials over two weeks,
 - [AND] own [OR] have access to a device with internet access [AND]
 - [AND] have a working e-mail address.
Exclusion Criteria:
 - Any condition that might prevent the father's infant from reaching normal developmental milestones [AND] participation, including congenital malformations [OR] prematurity requiring prolonged/ ongoing infant hospitalization.
Die Daten wurden erfolgreich in '/work/eauten2s/ec_criteria_struct/lct/evaluate_parse_1/eval_p1_models_prompt6_evaldata/model_output/Gemma-27b_5_shot/output/Gemma-27b_NCT03921892_5_shot.txt' gespeichert.
File: NCT03921970 

Das File: /work/eauten2s/ec_criteria_struct/lct/input/dataset/test/input/NCT03921970.txt wurde erfolgreich geladen.
Inclusion Criteria:
 -  American Society of Anesthesiologists (ASA) classification I [AND] II
 -  Scheduled for laparoscopic sleeve gastrectomy [AND] under general anesthesia
Exclusion Criteria:
 -  Bleeding diathesis
 -  Receiving anticoagulant treatment
 -  Known local anesthetics [AND] opioid allergy
 -  Infection of the skin at the site of the needle puncture
 -  Pregnancy [OR] lactation
 -  Patients [NOT] who do [NOT] accept the procedure
Die Daten wurden erfolgreich in '/work/eauten2s/ec_criteria_struct/lct/evaluate_parse_1/eval_p1_models_prompt6_evaldata/model_output/Gemma-27b_5_shot/output/Gemma-27b_NCT03921970_5_shot.txt' gespeichert.
File: NCT03921983 

Das File: /work/eauten2s/ec_criteria_struct/lct/input/dataset/test/input/NCT03921983.txt wurde erfolgreich geladen.
Inclusion Criteria:
 - [AND] COPD diagnostic
 - [AND] Both sex
 - [AND] 18 <Age <80 years old
 - [AND] LTOT- group : PaO2 ≥ 65 mmHg [AND] SaO2≥ 92%
 - [AND] LTOT+ group: long term oxygenotherapy prescribed for more than 3 months, [AND] with daily use between 12 [AND] and 15 hours.
Patients in both groups will be matched for age (± 5 years), sex [AND] and physical activity
estimated by GPAQ questionnaire (± 15% Mets.min/week).
Exclusion Criteria:
 - [AND] Recent cardiorespiratory exacerbation (<6 weeks).
 - [AND] Pulmonary rehabilitation program during the last 2 months
 - [AND] Continuous LTOT (24 hours) [OR] deambulation O2 therapy alone
 - [AND] Anticoagulant drugs
 - [AND] Hematocrit outside the normal range (35-50%)
Die Daten wurden erfolgreich in '/work/eauten2s/ec_criteria_struct/lct/evaluate_parse_1/eval_p1_models_prompt6_evaldata/model_output/Gemma-27b_5_shot/output/Gemma-27b_NCT03921983_5_shot.txt' gespeichert.
File: NCT03922152 

Das File: /work/eauten2s/ec_criteria_struct/lct/input/dataset/test/input/NCT03922152.txt wurde erfolgreich geladen.
Inclusion Criteria:
 -  histologically proven advanced esophageal cancer
 -  [NOT] excluded from curative therapy because of disease stage [AND] or presence of multiple comorbidities [AND] or poor performance status
 -  age > 18 years
 -  Eastern Cooperative Oncology Group (ECOG) <3
Exclusion Criteria:
 -  prior radiotherapy to the same region
Die Daten wurden erfolgreich in '/work/eauten2s/ec_criteria_struct/lct/evaluate_parse_1/eval_p1_models_prompt6_evaldata/model_output/Gemma-27b_5_shot/output/Gemma-27b_NCT03922152_5_shot.txt' gespeichert.
File: NCT03922282 

Das File: /work/eauten2s/ec_criteria_struct/lct/input/dataset/test/input/NCT03922282.txt wurde erfolgreich geladen.
Inclusion Criteria:
 - [AND] Subject who will have thyroid surgery
Exclusion Criteria:
 - [AND] Subject who underwent thyroid surgery
 - [AND] Subject who underwent any radiotherapy on neck
 - [AND] Subject who need to neck dissection
 - [AND] Subject under 18 years [OR] over 70 years
 - [AND] Bad general condition
 - [AND] High American Society of Anesthesiologists(ASA) score (over 3)
 - [AND] Breast feeder [OR] pregnancy
 - [AND] Subject who disagree to do this trial
Die Daten wurden erfolgreich in '/work/eauten2s/ec_criteria_struct/lct/evaluate_parse_1/eval_p1_models_prompt6_evaldata/model_output/Gemma-27b_5_shot/output/Gemma-27b_NCT03922282_5_shot.txt' gespeichert.
File: NCT03922334 

Das File: /work/eauten2s/ec_criteria_struct/lct/input/dataset/test/input/NCT03922334.txt wurde erfolgreich geladen.
Inclusion Criteria:
 - Pregnant (any plurality) delivering at or after 20 weeks of gestation [OR] postpartum (during hospitalization), regardless of perinatal outcome
 - 16 years [OR] older
 - Low-income socioeconomic status (publicly funded prenatal care)
 - Ability to speak [AND] read English [OR] Spanish
 - Established patient at the Northwestern Medicine Prentice Ambulatory Care clinical site (at least one antenatal clinical visit).
Exclusion Criteria:
 - Intent to transfer care to an outside institution
 - HIV (as these patients already receive intensive social support [AND] navigation-like services at this institution)
Die Daten wurden erfolgreich in '/work/eauten2s/ec_criteria_struct/lct/evaluate_parse_1/eval_p1_models_prompt6_evaldata/model_output/Gemma-27b_5_shot/output/Gemma-27b_NCT03922334_5_shot.txt' gespeichert.
File: NCT03922438 

Das File: /work/eauten2s/ec_criteria_struct/lct/input/dataset/test/input/NCT03922438.txt wurde erfolgreich geladen.
Inclusion Criteria:
 - [NOT] Syndromic patients
 - Medically fit for Surgery
 - Patient with Primary, complete cleft lip
 - Patient's age younger than six months
Exclusion Criteria:
 - Patient with syndromic cleft lip
 - Previous operated cases
 - Incomplete cleft lip
 - Patient older than six months
 - Patients with any systemic condition
Die Daten wurden erfolgreich in '/work/eauten2s/ec_criteria_struct/lct/evaluate_parse_1/eval_p1_models_prompt6_evaldata/model_output/Gemma-27b_5_shot/output/Gemma-27b_NCT03922438_5_shot.txt' gespeichert.
File: NCT03922516 

Das File: /work/eauten2s/ec_criteria_struct/lct/input/dataset/test/input/NCT03922516.txt wurde erfolgreich geladen.
Inclusion Criteria:
 -  [AND] all patients [AND] who are assigned to a clinically indicated chest X-ray by the emergency department of Vienna General Hospital
 -  [AND] ability to provide informed consent
 -  [AND] informed consent after detailed patient briefing
Exclusion Criteria:
 -  [AND] the emergency departments assessment of a critical clinical condition [NOT] oppose an examination with both modalities (ULDCT of the chest, chest X-ray)
 -  [OR] assigned to chest X-ray as follow-up
 -  [OR] women with positive ß-HCG-test
Die Daten wurden erfolgreich in '/work/eauten2s/ec_criteria_struct/lct/evaluate_parse_1/eval_p1_models_prompt6_evaldata/model_output/Gemma-27b_5_shot/output/Gemma-27b_NCT03922516_5_shot.txt' gespeichert.
File: NCT03922542 

Das File: /work/eauten2s/ec_criteria_struct/lct/input/dataset/test/input/NCT03922542.txt wurde erfolgreich geladen.
Inclusion Criteria:
 - Documented keratoconus [OR] ectasia after refractive surgery
Exclusion Criteria:
 - Insufficient corneal thickness
 - Ocular condition that may predispose the eye to complications
 - History of chemical injury [OR] delayed epithelial healing
 - Condition that would interfere with [OR] prolong epithelial healing
 - Known sensitivity to treatment medications
 - Pregnancy
Die Daten wurden erfolgreich in '/work/eauten2s/ec_criteria_struct/lct/evaluate_parse_1/eval_p1_models_prompt6_evaldata/model_output/Gemma-27b_5_shot/output/Gemma-27b_NCT03922542_5_shot.txt' gespeichert.
File: NCT03922958 

Das File: /work/eauten2s/ec_criteria_struct/lct/input/dataset/test/input/NCT03922958.txt wurde erfolgreich geladen.
Inclusion Criteria:
 -  [AND] All adults undergoing cardiac surgery with CPB will be considered for enrollment.
Exclusion Criteria:
 -  Factors that affect immune function [OR] or AKI assessment are the basis for exclusion criteria:
       -  Concurrent disease associated with immunosuppression including malignancy, chronic infection (e.g., HIV, Hepatitis C), organ transplant [AND] immunosuppressant medications
       -  Documented acute infection with the past 1 month (e.g., pneumonia, urinary tract infection)
       -  Prednisone [OR] other steroid use currently [OR] within the past one month
       -  AKI at the time of surgery
       -  ESRD requiring renal replacement therapy
       -  Estimated GFR <45 mL/min (as judged by the Chronic Kidney Disease Epidemiology Collaboration (CKD-EPI) equation)
Die Daten wurden erfolgreich in '/work/eauten2s/ec_criteria_struct/lct/evaluate_parse_1/eval_p1_models_prompt6_evaldata/model_output/Gemma-27b_5_shot/output/Gemma-27b_NCT03922958_5_shot.txt' gespeichert.
File: NCT03923088 

Das File: /work/eauten2s/ec_criteria_struct/lct/input/dataset/test/input/NCT03923088.txt wurde erfolgreich geladen.
Inclusion Criteria:
 - Children: 6 to 9 years old children [AND] Teeth: tooth requiring dental treatment
Exclusion Criteria:
 - Children [AND] having allergy to local anaesthesia [OR] systemic problem [OR] Refusal of participation [OR] Mentally ill [OR] mentally retarded children
Die Daten wurden erfolgreich in '/work/eauten2s/ec_criteria_struct/lct/evaluate_parse_1/eval_p1_models_prompt6_evaldata/model_output/Gemma-27b_5_shot/output/Gemma-27b_NCT03923088_5_shot.txt' gespeichert.
File: NCT03923101 

Das File: /work/eauten2s/ec_criteria_struct/lct/input/dataset/test/input/NCT03923101.txt wurde erfolgreich geladen.
Inclusion Criteria:
 -  [AND] All Keratoconus patients presenting in the department of ophthalmology, Saarland University Medical Center, Homburg, Saarland, Germany.
Exclusion Criteria:
 -  [NOT] Patients without Keratoconus.
Die Daten wurden erfolgreich in '/work/eauten2s/ec_criteria_struct/lct/evaluate_parse_1/eval_p1_models_prompt6_evaldata/model_output/Gemma-27b_5_shot/output/Gemma-27b_NCT03923101_5_shot.txt' gespeichert.
File: NCT03923309 

Das File: /work/eauten2s/ec_criteria_struct/lct/input/dataset/test/input/NCT03923309.txt wurde erfolgreich geladen.
Inclusion Criteria:
 -  biopsy proven rectal cancer (anal verge ≤ 10cm)
 -  neoadjuvant radiotherapy [OR] chemoradiotherapy
 -  [NOT] radical surgery after neoadjuvant therapy
Exclusion Criteria:
 -  other malignant disease
 -  other [NOT] fatal disease
 -  incompletion of half [OR] radiotherapy course
 -  metastasis on initial presentation
Die Daten wurden erfolgreich in '/work/eauten2s/ec_criteria_struct/lct/evaluate_parse_1/eval_p1_models_prompt6_evaldata/model_output/Gemma-27b_5_shot/output/Gemma-27b_NCT03923309_5_shot.txt' gespeichert.
File: NCT03923660 

Das File: /work/eauten2s/ec_criteria_struct/lct/input/dataset/test/input/NCT03923660.txt wurde erfolgreich geladen.
Inclusion Criteria:
 -  Severe COPD [AND] (FEV1 [forced expiratory volume in 1 second] / FVC [forced vital capacity] < 70% [AND] FEV1 < 50%)
 -  Informed consent
 -  Affiliation [AND] to a social security scheme
Exclusion Criteria:
 -  Effort oxygen therapy
 -  Cardiovascular, neuromuscular [OR] or musculoskeletal disorders that can provide significant dyspnea [OR] or limit exercise
 -  Legal incapacity
 -  Low [OR] [NOT] no cooperation anticipated
Die Daten wurden erfolgreich in '/work/eauten2s/ec_criteria_struct/lct/evaluate_parse_1/eval_p1_models_prompt6_evaldata/model_output/Gemma-27b_5_shot/output/Gemma-27b_NCT03923660_5_shot.txt' gespeichert.
File: NCT03923933 

Das File: /work/eauten2s/ec_criteria_struct/lct/input/dataset/test/input/NCT03923933.txt wurde erfolgreich geladen.
Inclusion Criteria:
 -  glomerular filtration rate less than 30 ml / min / 1.73m [AND] without replacement therapy [AND] dialysis [OR] hemodialysis [AND] volume overload [AND] at least 100 ml per day of residual diuresis [AND] use of a loop diuretic for at least one month
Exclusion Criteria:
 -  Allergies [NOT] not known to diuretics [OR] patients with severe infections [OR] patients with hemodynamic instability [OR] amputees [OR] patients with cognitive impairment [OR] patients with acute renal failure [OR] patients with graft loss
Die Daten wurden erfolgreich in '/work/eauten2s/ec_criteria_struct/lct/evaluate_parse_1/eval_p1_models_prompt6_evaldata/model_output/Gemma-27b_5_shot/output/Gemma-27b_NCT03923933_5_shot.txt' gespeichert.
File: NCT03924115 

Das File: /work/eauten2s/ec_criteria_struct/lct/input/dataset/test/input/NCT03924115.txt wurde erfolgreich geladen.
Inclusion Criteria:
 - People [AND] who are under treatment for hypertension
 - [OR] Both sexes
 - [AND] Older than 60 years
 - [AND] Autovalent
 - [AND] read [AND] write
Exclusion Criteria:
 - [NOT] Under treatment for severe psychiatric pathology
 - [NOT] Mental retardation.
Die Daten wurden erfolgreich in '/work/eauten2s/ec_criteria_struct/lct/evaluate_parse_1/eval_p1_models_prompt6_evaldata/model_output/Gemma-27b_5_shot/output/Gemma-27b_NCT03924115_5_shot.txt' gespeichert.
File: NCT03924375 

Das File: /work/eauten2s/ec_criteria_struct/lct/input/dataset/test/input/NCT03924375.txt wurde erfolgreich geladen.
Inclusion Criteria:
 - [AND] Gastroscopy can be performed
 - [AND] Serologic markers including serum pepsinogen can be measured
Exclusion Criteria:
 - [OR] Age < 20 [OR] Age > 70 years
 - [AND] Anemia (serum hemoglobin level < 10 g/dL)
 - [OR] Severe systemic disease
 - [OR] Advanced chronic liver disease
 - [OR] Use of certain medications, including proton pump inhibitors, H2- receptor antagonists, [OR] or antibiotics
 - [OR] History of H. pylori eradication
 - [OR] History of gastric surgery
 - [OR] Recent history of upper gastrointestinal bleeding
Die Daten wurden erfolgreich in '/work/eauten2s/ec_criteria_struct/lct/evaluate_parse_1/eval_p1_models_prompt6_evaldata/model_output/Gemma-27b_5_shot/output/Gemma-27b_NCT03924375_5_shot.txt' gespeichert.
File: NCT03924414 

Das File: /work/eauten2s/ec_criteria_struct/lct/input/dataset/test/input/NCT03924414.txt wurde erfolgreich geladen.
Inclusion Criteria:
 - Men [OR] women age 65 years [OR] older
 - Current PD diagnosis with symptoms severity at Hoehn [AND] Yahr (H&Y) stage 1-4 based on an expert assessment (movement disorders neurologist report [OR] telemedicine evaluation)
 - Willing [AND] able to continue in follow-up for at least 2 years
 - Willing [AND] able to provide informed consent
Exclusion Criteria:
 - History of hip fracture
 - Any use of a bisphosphonate drug within the last 12 months
 - Use of any other osteoporosis treatment (such as SERMs [AND] denosumab) within the last 6 months     
 - Tooth extraction [OR] invasive dental procedures within the past 30 days [OR] planned/[OR] scheduled extraction/[OR] procedure in the next 12 months
 - [NOT] Non-ambulatory, i.e., unable to walk without assistance of another person.
 - Undergoing kidney dialysis
 - A diagnosis of multiple myeloma [OR] Paget's disease
 - [NOT] Unable to speak [OR] read English sufficiently to complete informed consent
 - Any other criteria, which would make the patient unsuitable to participate in this study as determined by the study staff (e.g., an uncontrolled drug [AND]/[OR] alcohol addiction)
Die Daten wurden erfolgreich in '/work/eauten2s/ec_criteria_struct/lct/evaluate_parse_1/eval_p1_models_prompt6_evaldata/model_output/Gemma-27b_5_shot/output/Gemma-27b_NCT03924414_5_shot.txt' gespeichert.
File: NCT03924440 

Das File: /work/eauten2s/ec_criteria_struct/lct/input/dataset/test/input/NCT03924440.txt wurde erfolgreich geladen.
Inclusion Criteria:
 1. [AND] Female [AND] [NOT] pregnant [AND] [NOT] nursing
 2. Aged 18-34
 3. Cycle length of 26-39 days
 4. Currently use other fertility monitoring tools
Exclusion Criteria:
 1. [NOT] Female
 2. [NOT] Pregnant
 3. [NOT] Nursing
Die Daten wurden erfolgreich in '/work/eauten2s/ec_criteria_struct/lct/evaluate_parse_1/eval_p1_models_prompt6_evaldata/model_output/Gemma-27b_5_shot/output/Gemma-27b_NCT03924440_5_shot.txt' gespeichert.
File: NCT03924544 

Das File: /work/eauten2s/ec_criteria_struct/lct/input/dataset/test/input/NCT03924544.txt wurde erfolgreich geladen.
Inclusion Criteria:
 -  Primary Open Angle Glaucoma
Exclusion Criteria:
 -  [NOT] Secondary Glaucoma [OR] [NOT] Closed angle glaucoma
Die Daten wurden erfolgreich in '/work/eauten2s/ec_criteria_struct/lct/evaluate_parse_1/eval_p1_models_prompt6_evaldata/model_output/Gemma-27b_5_shot/output/Gemma-27b_NCT03924544_5_shot.txt' gespeichert.
File: NCT03924596 

Das File: /work/eauten2s/ec_criteria_struct/lct/input/dataset/test/input/NCT03924596.txt wurde erfolgreich geladen.
Inclusion Criteria:
 - Participants [AND] with renal stones equal [OR] or less than 10mm in size
Exclusion Criteria:
 - Participants [AND] with renal pathology [OR] (Renal anomalies, [OR] multiple renal cysts, [OR] renal tumors)
 - Participants [AND] with comorbidities [OR] (DM, [OR] CKD)
Die Daten wurden erfolgreich in '/work/eauten2s/ec_criteria_struct/lct/evaluate_parse_1/eval_p1_models_prompt6_evaldata/model_output/Gemma-27b_5_shot/output/Gemma-27b_NCT03924596_5_shot.txt' gespeichert.
File: NCT03924726 

Das File: /work/eauten2s/ec_criteria_struct/lct/input/dataset/test/input/NCT03924726.txt wurde erfolgreich geladen.
Inclusion Criteria:
 -  Aged 18 years [AND] above at the start of the treatment.
 -  Molar relationship either Class I, [OR] < ½ unit Class II [OR] Class III.
 -  Extraction of all four first premolar teeth [AND] as part of orthodontic treatment.
 -  Maximum anchorage required using mini-implant.
 -  [NOT] No systemic disease.
 -  Good oral hygiene.
 -  [NOT] No periodontal disease.
Exclusion Criteria:
 -  Significant vertical skeletal discrepancies.
 -  Systemic diseases requiring long-term antibiotic use, [OR] phenytoin, [OR] cyclosporin, [OR] anti-inflammatory drugs, [OR] bisphosphonates, [OR] systemic corticosteroids [OR] calcium channel blockers.
 -  [NOT] Poor oral hygiene.
 -  Active periodontal disease.
Die Daten wurden erfolgreich in '/work/eauten2s/ec_criteria_struct/lct/evaluate_parse_1/eval_p1_models_prompt6_evaldata/model_output/Gemma-27b_5_shot/output/Gemma-27b_NCT03924726_5_shot.txt' gespeichert.
File: NCT03924791 

Das File: /work/eauten2s/ec_criteria_struct/lct/input/dataset/test/input/NCT03924791.txt wurde erfolgreich geladen.
Inclusion Criteria:
 - Diagnosed with sciatica by GP [AND] NRS leg pain of 6 [OR] more on a 10-point NRS scale [AND] minimum duration of symptoms of 3 weeks [AND] maximum duration of 8 weeks
Exclusion Criteria:
 - Age under 18 years [OR] condition preventing to receive transforaminal epidural injection [OR] severe scoliosis [OR] transforaminal epidural injection received in 6 months before randomization date [OR] surgery for sciatica at the same level [OR] surgery for sciatica at another level within one year before inclusion [OR] pregnancy
Die Daten wurden erfolgreich in '/work/eauten2s/ec_criteria_struct/lct/evaluate_parse_1/eval_p1_models_prompt6_evaldata/model_output/Gemma-27b_5_shot/output/Gemma-27b_NCT03924791_5_shot.txt' gespeichert.
File: NCT03924817 

Das File: /work/eauten2s/ec_criteria_struct/lct/input/dataset/test/input/NCT03924817.txt wurde erfolgreich geladen.
Inclusion Criteria:
 - Prescription [AND] of a Narval CC mandibular advancement device
 - Age ≥ 18 years
 - Ability to understand the study information [AND] information on usage of personal data
 - Signed [AND] dated informed consent
Exclusion Criteria:
 - Patients with central sleep apnea (central AI > 5/hour)
 - Patients with loose teeth [AND] severe parodontitis
 - Patients with completely missing teeth [OR] removable tooth replacement, [OR] with a teeth health insufficient to retain an MAD [OR] Patients with missing molars [OR] Patients with maximum protrusion of less than 5mm
Die Daten wurden erfolgreich in '/work/eauten2s/ec_criteria_struct/lct/evaluate_parse_1/eval_p1_models_prompt6_evaldata/model_output/Gemma-27b_5_shot/output/Gemma-27b_NCT03924817_5_shot.txt' gespeichert.
File: NCT03924908 

Das File: /work/eauten2s/ec_criteria_struct/lct/input/dataset/test/input/NCT03924908.txt wurde erfolgreich geladen.
Inclusion Criteria:
 -  Burn patient treated as outpatient [AND] burn surface area > or = 5% of the total body surface area [AND] mainly 2nd degree burn
Exclusion Criteria:
 -  Psychiatric antecedents [OR] Claustrophobia [OR] Heavy hearing [OR] Visual impairment [OR] Face burn [OR] Conjunctivitis [OR] [NOT] Consent not obtained
Die Daten wurden erfolgreich in '/work/eauten2s/ec_criteria_struct/lct/evaluate_parse_1/eval_p1_models_prompt6_evaldata/model_output/Gemma-27b_5_shot/output/Gemma-27b_NCT03924908_5_shot.txt' gespeichert.
File: NCT03924921 

Das File: /work/eauten2s/ec_criteria_struct/lct/input/dataset/test/input/NCT03924921.txt wurde erfolgreich geladen.
Inclusion Criteria:
 - [AND] Being older than 18 ;
 - [AND] have a diagnosis of HIV;
 - [AND] present at least one of the following symptoms during the preceding two weeks: sleep problems, fatigue, pain, anxiety [OR] symptoms of depression;
 - [AND] understand [AND] speak French [AND]
 - [AND] be able to follow the instructions to learn the relaxation technique.
Exclusion Criteria:
 -
Die Daten wurden erfolgreich in '/work/eauten2s/ec_criteria_struct/lct/evaluate_parse_1/eval_p1_models_prompt6_evaldata/model_output/Gemma-27b_5_shot/output/Gemma-27b_NCT03924921_5_shot.txt' gespeichert.
File: NCT03925077 

Das File: /work/eauten2s/ec_criteria_struct/lct/input/dataset/test/input/NCT03925077.txt wurde erfolgreich geladen.
Inclusion Criteria:
 1. demonstrate readiness to physical activity [AND] by completing the online Physical Activity Readiness Questionnaire (PAR-Q);
 2. have a SCI resulting in incomplete [OR] or complete (C5 [AND] below) paraplegia [OR] tetraplegia;
 3. have broadband internet access;
 4. [AND] are between the ages of 18 [AND] to 65 years;
 5. have the ability to converse [AND] read English.
Exclusion Criteria:
 1. significant visual impairment that prevents seeing a computer screen to follow a home exercise program;
 2. active pressure ulcer;
 3. any contraindications to exercise based on the American College of Sports Medicine guidelines;
 4. significant hearing impairment impeding ability to hear music to engage in exercise.
Die Daten wurden erfolgreich in '/work/eauten2s/ec_criteria_struct/lct/evaluate_parse_1/eval_p1_models_prompt6_evaldata/model_output/Gemma-27b_5_shot/output/Gemma-27b_NCT03925077_5_shot.txt' gespeichert.
File: NCT03925142 

Das File: /work/eauten2s/ec_criteria_struct/lct/input/dataset/test/input/NCT03925142.txt wurde erfolgreich geladen.
Inclusion Criteria:
 - Male [OR] female
 - 30-69 years old
 - BMI 25-37 kg/m2
 - Total cholesterol <260 mg/dL
 - Low-density lipoprotein cholesterol <190 mg/dL
 - Glucose <110 mg/dL
 - Systolic/diastolic blood pressure < 140/90
 - Body weight stable for 3 months prior (±3 kg)
 - Stable physical activity regimen 3 months prior
 - Medication use stable for 6 months prior
 - [NOT] Smoking
 - [NOT] Drinking more than 2 alcoholic drinks per day
 - [NOT] Diabetic
 - [NOT] Lactose-intolerant
 - [NOT] Acutely ill
 - [NOT] Pregnant [AND] [NOT] lactating.
 - Participants [AND] must be willing [AND] able to consume the prescribed diets (lacto-ovo vegetarian [AND] omnivorous).
Exclusion Criteria:
 - <30 [OR] >69 years old
 - BMI <25.0 [OR] >37 kg/m2
 - Fasting serum total cholesterol > 260 mg/dL
 - Low-density lipoprotein cholesterol >189 mg/dL
 - Glucose >110 mg/dL
 - Systolic/diastolic blood pressure > 140/90
 - Body weight stable for <3 months prior (±3 kg)
 - Stable physical activity regimen < 3 months prior
 - Medication use unstable for 6 months prior [AND] using medications
 - Smoking
 - Drinking more than 2 alcoholic drinks per day
 - Diabetic
 - Have renal failure
 - Have liver failure
 - Have cardiovascular events (myocardial infarction [OR] stroke) during the 6 months prior to the study
 - Pregnant [OR] lactating
Die Daten wurden erfolgreich in '/work/eauten2s/ec_criteria_struct/lct/evaluate_parse_1/eval_p1_models_prompt6_evaldata/model_output/Gemma-27b_5_shot/output/Gemma-27b_NCT03925142_5_shot.txt' gespeichert.
File: NCT03925337 

Das File: /work/eauten2s/ec_criteria_struct/lct/input/dataset/test/input/NCT03925337.txt wurde erfolgreich geladen.
Inclusion Criteria:
 - Patients age: ≥ 22 years [AND] who are presenting for routine colonoscopy for screening [AND] or surveillance purposes [AND] and are willing to undergo two withdrawals with [AND] without the use of computer-aided software while undergoing conventional colonoscopy with sedation [AND] and are able to provide written, informed consent [AND] understand the responsibilities of trial participation.
Exclusion Criteria:
 - Minors aged < 22 years.
 - People with diminished cognitive capacity
 - Patients undergoing diagnostic colonoscopy [OR] (e.g. as an evaluation for active gastrointestinal bleed, referring collectively to the stomach [AND] the small [AND] large intestine).
 - Patients with incomplete colonoscopies (those where endoscopists did [NOT] successfully intubate the cecum due to technical difficulties [OR] poor bowel preparation)
 - Patients that have standard contraindications to colonoscopy in general (e.g. documented acute diverticulitis, fulminant colitis [AND] known [OR] suspected perforation).
 - Patients with inflammatory bowel disease
 - Patients with any polypoid/ulcerated lesion > 2 cm concerning for invasive cancer on endoscopy
 - Patients referred for endoscopic mucosal resection (EMR), which is a procedure to remove early-stage cancer [AND] precancerous growths from the lining of the digestive tract.
Die Daten wurden erfolgreich in '/work/eauten2s/ec_criteria_struct/lct/evaluate_parse_1/eval_p1_models_prompt6_evaldata/model_output/Gemma-27b_5_shot/output/Gemma-27b_NCT03925337_5_shot.txt' gespeichert.
File: NCT03925389 

Das File: /work/eauten2s/ec_criteria_struct/lct/input/dataset/test/input/NCT03925389.txt wurde erfolgreich geladen.
Inclusion Criteria:
 -  at least 18 years old [AND]
 -  Patients eligible for external septorhinoplasty: patients seen in consultation because of nasal obstruction were evaluated. Patients who had symptoms of nasal obstruction for at least 1 year [AND] that were the result of an identifiable anatomical cause such as septal deviation, turbinate hypertrophy, internal valve collapse, [OR] external valve collapse were included in the study.
Exclusion Criteria:
 -  < 18 years
 -  mental [OR] physical incapacity to answer the questionnaires
 -  nasal fracture [OR] surgery in the past year
 -  nasal cocaine use in the past year
Die Daten wurden erfolgreich in '/work/eauten2s/ec_criteria_struct/lct/evaluate_parse_1/eval_p1_models_prompt6_evaldata/model_output/Gemma-27b_5_shot/output/Gemma-27b_NCT03925389_5_shot.txt' gespeichert.
File: NCT03925454 

Das File: /work/eauten2s/ec_criteria_struct/lct/input/dataset/test/input/NCT03925454.txt wurde erfolgreich geladen.
Inclusion Criteria:
 - Receiving HHD [OR] ICHDF for more than 3 months [AND] less than 36 months.
 - Haemoglobin equal to [OR] greater than 100 g/L at enrolment.
 - Willing [AND] physically able to undertake the study assessments/[OR] tests
 - Willing to provide blood for storage [AND] future analysis
 - Able to give informed consent
Exclusion Criteria:
 - Living donor transplant [OR] change to peritoneal dialysis planned
 - Physical assessments contraindicated for the following clinical reasons:
    - Acute Coronary Syndrome (ACS) within the last 3 months (chest pain, ECG changes [OR] typical biomarker elevation).
    - Any current uncontrolled cardiac dysrhythmias causing symptoms (chest pain, palpitations, syncope [OR] dizziness)
    - Symptomatic aortic stenosis
    - New York Heart Association grade IV Heart failure
    - Severe chronic obstructive pulmonary disease
    - Acute pulmonary embolus [OR] pulmonary infarction in the last 3 months
    - Current acute myocarditis [OR] pericarditis
    - Suspected [OR] known dissecting aneurysm
    - Acute systemic infection, accompanied by fever, body aches [OR] swollen lymph glands
 - [NOT] Pregnancy
 - Life expectancy of less than twelve months
Die Daten wurden erfolgreich in '/work/eauten2s/ec_criteria_struct/lct/evaluate_parse_1/eval_p1_models_prompt6_evaldata/model_output/Gemma-27b_5_shot/output/Gemma-27b_NCT03925454_5_shot.txt' gespeichert.
File: NCT03925571 

Das File: /work/eauten2s/ec_criteria_struct/lct/input/dataset/test/input/NCT03925571.txt wurde erfolgreich geladen.
Inclusion Criteria:
 - Majors aged between 18 [AND] and 55 years, [AND] with an appropriate hearing [AND] able to use Music-Care© (selection of the playlist via internet access),
 - Needing treatment in odontology - periodontal surgery (coronary elongation [OR] or sanitation surgery [OR] or muco-gingival surgery) [OR] implantary surgery (placement of an unit implant [OR] two implant in the same localization),
 - Oral [AND] dated consent,
 - Agreeing to be contacted via phone at J+1 [AND] to fill follow-up study documents,
 - Profiting of social security [OR] CMU.
Exclusion Criteria:
 - Patients with a long-term taking of anxiolytic [OR] analgesic,
 - Regular consumer of soft drug (cannabis) [OR] hard drug (opioid),
 - Patient with medical history of psychiatry (mental harm), hearing problem, cognitive [AND] behavioural impairment (claustrophobia), sensory disabilities,
 - Patient with problems of hemostasis,
 - Majors under trusteeship [OR] guardianship,
 - Pregnant women [OR] lactating,
 - Minors,
 - Protected person, deprived of freedom [OR] under justice safeguard,
 - Profiting of a medical help from government (AME),
 - [NOT] Not contactable after care,
 - Patient with hepatic impairment,
 - Patient with dry mouth,
 - Patient relevant a suboptimal hearing incompatible with musicotherapy [OR] inability to use Music-care®.
Die Daten wurden erfolgreich in '/work/eauten2s/ec_criteria_struct/lct/evaluate_parse_1/eval_p1_models_prompt6_evaldata/model_output/Gemma-27b_5_shot/output/Gemma-27b_NCT03925571_5_shot.txt' gespeichert.
File: NCT03925649 

Das File: /work/eauten2s/ec_criteria_struct/lct/input/dataset/test/input/NCT03925649.txt wurde erfolgreich geladen.
Inclusion Criteria:
 - [AND] Cognitively intact, [AND] capable of giving informed consent
 - [AND] Clinical diagnosis of a non-penetrating traumatic SCI
 - [AND] Asia Impairment Scale grade of A, [OR] B, [OR] C
Exclusion Criteria:
  1. Prior history of:
       - Brain injury
       - Recent [OR] ongoing infection
       - Clinically significant cardiovascular, lung, renal, hepatic [OR] or endocrine disease,
       - Neurodegenerative disorders
       - Cancer
       - Immunosuppression as defined by WBC<3,000 cells/ml at baseline screening,
       - [NOT] HIV+
       - Chemical [OR] ETOH dependency
  2. [NOT] Having a contraindication to MRI scans
  3. Other acute [OR] chronic medical conditions that, in the opinion of the investigator, may increase the risks associated with study participation [OR] HB-adMSC administration
  4. [NOT] Participation in other interventional research studies
  5. [NOT] Unwillingness to return for follow-up visits
Die Daten wurden erfolgreich in '/work/eauten2s/ec_criteria_struct/lct/evaluate_parse_1/eval_p1_models_prompt6_evaldata/model_output/Gemma-27b_5_shot/output/Gemma-27b_NCT03925649_5_shot.txt' gespeichert.
File: NCT03925675 

Das File: /work/eauten2s/ec_criteria_struct/lct/input/dataset/test/input/NCT03925675.txt wurde erfolgreich geladen.
Inclusion Criteria:
 1. Patients evaluated for residual [OR] recurrent gliomas [AND] after initial tumor surgery, external beam radiation [AND] / [OR] chemotherapy with temozolamide.
 2. Male [AND] female
 3. Ages 18 [AND] to 70
Exclusion Criteria:
  1. Patient diagnosis with glioma [BUT] before surgery, external beam radiation [AND] / [OR] chemotherapy with temozolamide.
  2. Women who were pregnant, [OR] breast feeding, [OR] [NOT] possibly pregnant.
  3. Patients with hepatic [OR] renal dysfunction.
  4. Patients with MRI contraindications (i.e., pacemakers, [NOT] MR compatible devices).
  5. Patients with a history of drug hypersensitivity to 18F-Fluciclovine.
Die Daten wurden erfolgreich in '/work/eauten2s/ec_criteria_struct/lct/evaluate_parse_1/eval_p1_models_prompt6_evaldata/model_output/Gemma-27b_5_shot/output/Gemma-27b_NCT03925675_5_shot.txt' gespeichert.
File: NCT03925727 

Das File: /work/eauten2s/ec_criteria_struct/lct/input/dataset/test/input/NCT03925727.txt wurde erfolgreich geladen.
Inclusion Criteria:
 - Subject-reported history of dry eye disease in both eyes for at least 6 months [AND] history of use of artificial tear eye drops for dry eye symptoms [AND] total score of ≥40 on SANDE [AND] TFBUT [AND] corneal fluorescein staining [AND] lissamine green conjunctival staining [AND] Schirmer's test score.
Exclusion Criteria:
 - Have participated in a previous tavilermide (MIM-D3) study [OR] have clinically significant slit lamp findings at Visit 1 [OR] have a history of lacrimal duct obstruction within 12 months of Visit 1 [OR] have an uncontrolled systemic disease [OR] be a woman who is pregnant [OR] nursing [OR] planning a pregnancy [OR] be a woman of childbearing potential who is [NOT] not using an acceptable means of birth control [OR] have a condition [OR] be in a situation which the investigator feels may put the subject at significant risk [OR] may confound the study results [OR] may interfere significantly with the subject's participation in the study [OR] be currently enrolled in an investigational drug or device study [OR] have used an investigational drug or device within 45 days prior to Visit 1.
Die Daten wurden erfolgreich in '/work/eauten2s/ec_criteria_struct/lct/evaluate_parse_1/eval_p1_models_prompt6_evaldata/model_output/Gemma-27b_5_shot/output/Gemma-27b_NCT03925727_5_shot.txt' gespeichert.
File: NCT03925844 

Das File: /work/eauten2s/ec_criteria_struct/lct/input/dataset/test/input/NCT03925844.txt wurde erfolgreich geladen.
Inclusion Criteria:
 -  population aged 55 [AND] to 74 years from NEDICES 2 study
 -  [AND] to have signed informed consent
 -  [AND] to have done the neuropsicological assessment
Exclusion Criteria:
 -  [NOT] to have a dementia diagnosis at baseline.
Die Daten wurden erfolgreich in '/work/eauten2s/ec_criteria_struct/lct/evaluate_parse_1/eval_p1_models_prompt6_evaldata/model_output/Gemma-27b_5_shot/output/Gemma-27b_NCT03925844_5_shot.txt' gespeichert.
File: NCT03926130 

Das File: /work/eauten2s/ec_criteria_struct/lct/input/dataset/test/input/NCT03926130.txt wurde erfolgreich geladen.
Inclusion Criteria:
 - [AND] Diagnosis of CD for at least 3 months prior to baseline
 - [AND] Confirmed diagnosis of moderate to severe CD as assessed by SF, AP score, [AND] SES-CD
 - [AND] Demonstrated intolerance, loss of response [OR] inadequate response to conventional [OR] to biologic therapy for CD
 - [AND] If female, subject must meet the contraception recommendations
Exclusion Criteria:
 - [OR] Have a current diagnosis of ulcerative colitis, inflammatory bowel disease-unclassified (IBD-U) (formerly known as indeterminate colitis), abdominal [OR] perianal abscess [OR] short bowel syndrome
 - [NOT] Have a stoma [OR] ostomy
 - [NOT] Have had a bowel resection within 6 months, [OR] any kind of intra-abdominal [OR] extra abdominal surgery within 3 months of baseline
 - [NOT] Have ever received any monoclonal antibodies binding IL-23
Die Daten wurden erfolgreich in '/work/eauten2s/ec_criteria_struct/lct/evaluate_parse_1/eval_p1_models_prompt6_evaldata/model_output/Gemma-27b_5_shot/output/Gemma-27b_NCT03926130_5_shot.txt' gespeichert.
File: NCT03926195 

Das File: /work/eauten2s/ec_criteria_struct/lct/input/dataset/test/input/NCT03926195.txt wurde erfolgreich geladen.
Key Inclusion Criteria:
 - Male participants [AND] who are between the ages of 21 [AND] and 65 years (inclusive) on the day of signing informed consent
 - Diagnosis of active rheumatoid arthritis, psoriatic arthritis, ankylosing spondylitis [OR] ankylosing spondylitis [OR] non-radiographic axial spondyloarthritis for at least 12 weeks prior to screening, meeting the corresponding specific disease classification criteria as specified in the protocol
Key Exclusion Criteria:
 - Previously documented problems with male reproductive health
 - Prior diagnosis of male infertility
 - Use of any prohibited concomitant medication as outlined by protocol
Note: Other protocol-defined Inclusion/Exclusion criteria may apply.
Die Daten wurden erfolgreich in '/work/eauten2s/ec_criteria_struct/lct/evaluate_parse_1/eval_p1_models_prompt6_evaldata/model_output/Gemma-27b_5_shot/output/Gemma-27b_NCT03926195_5_shot.txt' gespeichert.
File: NCT03926299 

Das File: /work/eauten2s/ec_criteria_struct/lct/input/dataset/test/input/NCT03926299.txt wurde erfolgreich geladen.
Inclusion criteria:
 - Diagnosis of vulvar lichen sclerosus [AND] clinical LS score ≥ 4
Exclusion criteria:
 - Concomitant steroid, calcineurin inhibitor [OR] or any other topical [OR] or systemic treatment for LS
 - [NOT] < 3 months since start of vaginal estrogen treatment
 - Malignant disease [AND] as the cause of the vulval symptoms
 - BMI > 35 kg/m²
 - Acute infection (fungal, bacterial, viral) of the vulva, vagina [OR] or bladder
 - Presence of contraindications for the laser treatment [OR] or topical steroid treatment
Die Daten wurden erfolgreich in '/work/eauten2s/ec_criteria_struct/lct/evaluate_parse_1/eval_p1_models_prompt6_evaldata/model_output/Gemma-27b_5_shot/output/Gemma-27b_NCT03926299_5_shot.txt' gespeichert.
File: NCT03926312 

Das File: /work/eauten2s/ec_criteria_struct/lct/input/dataset/test/input/NCT03926312.txt wurde erfolgreich geladen.
Inclusion Criteria:
 1. [AND] Signed informed consent [AND] with the study
 2. [AND] Men [OR] women [AND] >18 years of age
 3. [AND] Patients ≥1 [AND] ≤6 months after type I myocardial infarction
 4. [AND] Physical inactivity before MI defined as the absence of moderate to vigorous exercise for at least 30 minutes 5 [OR] or more days a week
Exclusion Criteria:
 1. [NOT] Heart failure NYHA IIIB-IV
 2. Planned coronary revascularization
 3. Planned major surgery within the next 12 months
 4. [NOT] Inability to walk for any reason
 5. Comorbidities that would preclude adherence to the rehabilitation program (e.g. arthrosis, active malignancy, major depression [OR] or other significant psychiatric disorder, cognitive impairment) - at the discretion of the physician
 6. [NOT] Life expectancy less than 12 months
 7. [NOT] Pregnancy
 8. [NOT] Inability to operate the smart-watch
Die Daten wurden erfolgreich in '/work/eauten2s/ec_criteria_struct/lct/evaluate_parse_1/eval_p1_models_prompt6_evaldata/model_output/Gemma-27b_5_shot/output/Gemma-27b_NCT03926312_5_shot.txt' gespeichert.
File: NCT03926377 

Das File: /work/eauten2s/ec_criteria_struct/lct/input/dataset/test/input/NCT03926377.txt wurde erfolgreich geladen.
Inclusion Criteria:
 -  [AND] patients presenting a multi-bullous pemphigoid newly diagnosed [OR] relapsed more than 3 months after stopping corticosteroids [AND] treated according to the national protocol for diagnosis [AND] care issued by the reference center for autoimmune bullous diseases of April 2016
 -  [AND] patients having received written [AND] oral information [AND] signed informed consent
 -  [AND] patients covered by national health insurance
Exclusion Criteria:
 -  [NOT] Patients under tutorship [OR] curatorship [OR] inability to give informed consent
 -  [NOT] Patients receiving an anti-osteoporotic treatment
 -  [NOT] Patients requiring an anti-osteoporotic baseline treatment (T-score ⩽ -3DS on at least 1 site [OR] FRAX score above the therapeutic intervention threshold)     
 -  [NOT] Patients with one [OR] more major risk factors for osteoporosis
 -  [NOT] Patients who have received topical corticosteroids in less than 3 months
Die Daten wurden erfolgreich in '/work/eauten2s/ec_criteria_struct/lct/evaluate_parse_1/eval_p1_models_prompt6_evaldata/model_output/Gemma-27b_5_shot/output/Gemma-27b_NCT03926377_5_shot.txt' gespeichert.
File: NCT03926429 

Das File: /work/eauten2s/ec_criteria_struct/lct/input/dataset/test/input/NCT03926429.txt wurde erfolgreich geladen.
Inclusion Criteria:
 - reactive arthritis diagnosed in one of the two rheumatology departments from Centre Hospitalier Lyon Sud [OR] or Besançon
Exclusion Criteria:
 - presence [AND] of other known causes [OR] of arthritis, such as other defined spondyloarthritides, septic arthritis, Lyme disease, microcrystalline arthritis [OR] or rheumatoid arthritis
Die Daten wurden erfolgreich in '/work/eauten2s/ec_criteria_struct/lct/evaluate_parse_1/eval_p1_models_prompt6_evaldata/model_output/Gemma-27b_5_shot/output/Gemma-27b_NCT03926429_5_shot.txt' gespeichert.
File: NCT03926494 

Das File: /work/eauten2s/ec_criteria_struct/lct/input/dataset/test/input/NCT03926494.txt wurde erfolgreich geladen.
Inclusion Criteria:
 -  [AND] All comatose patients [AND] (Glasgow coma score <8) [AND] due to carbon monoxide poisoning, [AND] treated by hyperbaric oxygen therapy [AND] in a tertiary hospital [AND] in Île de France area;
 -  [AND] Aged ≥ 18 years;
 -  [AND] Hospitalized in hyperbaric medicine unity [AND] of Raymond Poincaré hospital [AND] in Garches.
Exclusion Criteria:
 -  [NOT] Pregnant woman;
 -  [AND] Patient present clinical signes of stroke [AND] [NOT] and [NOT] without CO detection.
 -  In case of unusable data, patient will be [NOT] excluded from study.
Die Daten wurden erfolgreich in '/work/eauten2s/ec_criteria_struct/lct/evaluate_parse_1/eval_p1_models_prompt6_evaldata/model_output/Gemma-27b_5_shot/output/Gemma-27b_NCT03926494_5_shot.txt' gespeichert.
File: NCT03926546 

Das File: /work/eauten2s/ec_criteria_struct/lct/input/dataset/test/input/NCT03926546.txt wurde erfolgreich geladen.
Inclusion Criteria:
 - Participants [AND] must be adults 18 years [OR] older.
 - Participants [AND] must have the capacity [AND] ability to give informed consent.
 - Participants have been given an assessment [AND] received a diagnosis of OCD.
 - Participants must speak English.
 - Participants must be able to physically attend treatment.
Exclusion Criteria:
 - Prisoners [OR] any other high-risk population group.
 - [NOT] experiencing active psychosis
 - [NOT] experiencing active substance abuse disorder
 - [NOT] experiencing active suicidality
Die Daten wurden erfolgreich in '/work/eauten2s/ec_criteria_struct/lct/evaluate_parse_1/eval_p1_models_prompt6_evaldata/model_output/Gemma-27b_5_shot/output/Gemma-27b_NCT03926546_5_shot.txt' gespeichert.
File: NCT03926780 

Das File: /work/eauten2s/ec_criteria_struct/lct/input/dataset/test/input/NCT03926780.txt wurde erfolgreich geladen.
Inclusion Criteria:
 -  Evidence of LV thrombus [AND] as assessed by trans-thoracic echocardiography (TTE).
Exclusion Criteria:
 -  Creatinine clearance [NOT] not less than 50 ml/min.
Die Daten wurden erfolgreich in '/work/eauten2s/ec_criteria_struct/lct/evaluate_parse_1/eval_p1_models_prompt6_evaldata/model_output/Gemma-27b_5_shot/output/Gemma-27b_NCT03926780_5_shot.txt' gespeichert.
File: NCT03926871 

Das File: /work/eauten2s/ec_criteria_struct/lct/input/dataset/test/input/NCT03926871.txt wurde erfolgreich geladen.
Inclusion Criteria:
 -  [AND] 1 to 2 days in the company
 -  [NOT] Have previous experience in a frigorifico, [OR] butcher's shop
 -  [NOT] Have prior knowledge of the activity.
 -  [AND] Work on the task for more than six months
 -  [AND] Be present in company during the study period
Exclusion Criteria:
 -  [AND] Had already received ergonomic training (general guidelines [AND] postural adjustments)
 -  [AND] Pregnant women
 -  [AND] People with disabilities.
Die Daten wurden erfolgreich in '/work/eauten2s/ec_criteria_struct/lct/evaluate_parse_1/eval_p1_models_prompt6_evaldata/model_output/Gemma-27b_5_shot/output/Gemma-27b_NCT03926871_5_shot.txt' gespeichert.
File: NCT03926962 

Das File: /work/eauten2s/ec_criteria_struct/lct/input/dataset/test/input/NCT03926962.txt wurde erfolgreich geladen.
Inclusion Criteria:
 -  BMI : 18-30 kg/m2 [AND] (Body Mass Index [BMI] [kg/m2] = Body weight [kg] Height2 [m2])
 -  Ability [AND] willingness to abstain from alcohol, methylxanthine-containing beverages [OR] or food (coffee, tea, cola, chocolate, "powerdrinks"), grapefruit (juice) from 48 h prior to entry in the clinical research center until discharge
 -  Medical history [NOT] without major pathology
Exclusion Criteria:
 -  Evidence of clinically relevant pathology
 -  Mental handicap
 -  History of relevant drug [AND] or food allergies
 -  Regular/routine treatment with non-topical medications within 30 days prior to entry into the clinical research center
 -  Smoking within 60 days prior to drug administration [AND] through the follow-up visit
 -  History of alcohol abuse [OR] or drug addiction (including soft drugs like cannabis products)
Die Daten wurden erfolgreich in '/work/eauten2s/ec_criteria_struct/lct/evaluate_parse_1/eval_p1_models_prompt6_evaldata/model_output/Gemma-27b_5_shot/output/Gemma-27b_NCT03926962_5_shot.txt' gespeichert.
File: NCT03927092 

Das File: /work/eauten2s/ec_criteria_struct/lct/input/dataset/test/input/NCT03927092.txt wurde erfolgreich geladen.
Inclusion Criteria:
 - [AND] Diagnosed as having Multiple Sclerosis
 - [AND] Attends the annual patient education seminar at the investigators' university hospital
 - [AND] Older than 18 years of age
 - [AND] Can read and write
Exclusion Criteria:
 - [NOT] Does [NOT] accept to answer the questionnaire
 - [OR] Unable to answer the questions due to a cognitive impairment
Die Daten wurden erfolgreich in '/work/eauten2s/ec_criteria_struct/lct/evaluate_parse_1/eval_p1_models_prompt6_evaldata/model_output/Gemma-27b_5_shot/output/Gemma-27b_NCT03927092_5_shot.txt' gespeichert.
File: NCT03927664 

Das File: /work/eauten2s/ec_criteria_struct/lct/input/dataset/test/input/NCT03927664.txt wurde erfolgreich geladen.
Inclusion Criteria
 - Patients diagnosed with peritoneal tuberculosis [AND] who have undergone a computed tomographic examination
Exclusion Criteria
 - Age < 12 [OR] unclear diagnosis [OR] more than one etiology for ascites [OR] [NOT] willing for consent
Die Daten wurden erfolgreich in '/work/eauten2s/ec_criteria_struct/lct/evaluate_parse_1/eval_p1_models_prompt6_evaldata/model_output/Gemma-27b_5_shot/output/Gemma-27b_NCT03927664_5_shot.txt' gespeichert.
File: NCT03927755 

Das File: /work/eauten2s/ec_criteria_struct/lct/input/dataset/test/input/NCT03927755.txt wurde erfolgreich geladen.
Inclusion Criteria:
 - Physicians [AND] with experience in bedside cardiac ultrasound
Exclusion Criteria:
 - [NOT] Unwilling [AND] to consent [AND] to study
 - [NOT] Appropriate ultrasound equipment [AND] available
Die Daten wurden erfolgreich in '/work/eauten2s/ec_criteria_struct/lct/evaluate_parse_1/eval_p1_models_prompt6_evaldata/model_output/Gemma-27b_5_shot/output/Gemma-27b_NCT03927755_5_shot.txt' gespeichert.
File: NCT03927781 

Das File: /work/eauten2s/ec_criteria_struct/lct/input/dataset/test/input/NCT03927781.txt wurde erfolgreich geladen.
Subject Inclusion
Age >= 18 years [AND]
Subject Exclusion
 - Renal insufficiency (eGFR < 30 mL/minute/1.73 m2)
 - Chronic indwelling ureteral stent
 - Chronic opioid use
 - History [OR] of opioid abuse
 - Chronic gabapentinoid use
 - Plan for inpatient hospitalization
 - Pregnancy
 - [NOT] Inability of the patient to consent for themselves in English
 - Allergy to gabapentinoid
 - Liver failure [OR] or hepatic dysfunction
Die Daten wurden erfolgreich in '/work/eauten2s/ec_criteria_struct/lct/evaluate_parse_1/eval_p1_models_prompt6_evaldata/model_output/Gemma-27b_5_shot/output/Gemma-27b_NCT03927781_5_shot.txt' gespeichert.
File: NCT03927885 

Das File: /work/eauten2s/ec_criteria_struct/lct/input/dataset/test/input/NCT03927885.txt wurde erfolgreich geladen.
Inclusion Criteria:
 - Patient [AND] with a diagnosis of advanced cancer (metastatic [OR] recurrent incurable solid tumors)
 - Presence of fatigue of >= 4/10 on Edmonton Symptom Assessment System (ESAS) Fatigue item (0-10 severity scale)
 - Patient [AND] should describe fatigue as being present for a minimum of 2 weeks prior to screening
 - Uncontrolled pain; patient is on opioids for the treatment of cancer pain, he/she must have had [NOT] no major dose change (> 25%) for at least 48 hours prior to study entry. Change in opioid dose after study entry is allowed
 - Patient [AND] must be willing to engage in telephone follow up with research staff
 - Patient [AND] must have telephone access to be contacted by the research staff
 - Hemoglobin level of >= 9 g/dL. Patient may receive packed red blood cell (PRBC) transfusion so as to have hemoglobin level of >= 9 g/dL so as to participate in the study
Exclusion Criteria:
 - Surgery, [OR] pain relieving procedures within 2 weeks of entry into the study [OR] during the study period
 - Patients with history of substance abuse (Cut down, Annoyed, Guilty, Eye opener [CAGE] >= 2+), cognitively impaired (MD Anderson Symptom [MDAS] > 7)
Die Daten wurden erfolgreich in '/work/eauten2s/ec_criteria_struct/lct/evaluate_parse_1/eval_p1_models_prompt6_evaldata/model_output/Gemma-27b_5_shot/output/Gemma-27b_NCT03927885_5_shot.txt' gespeichert.
File: NCT03928015 

Das File: /work/eauten2s/ec_criteria_struct/lct/input/dataset/test/input/NCT03928015.txt wurde erfolgreich geladen.
Inclusion Criteria:
 1. [AND] Male [OR] female, 18 years [AND] to 65 years old (inclusive)
 2. [AND] Index admission for traumatic injury
 3. [AND] High initial morphine equivalent use ≥ 90 mg in the first 24 hours from admission
 4. [AND] Baseline pain assessed at screening of ≥ 5 on the pain numeric rating score (NRS)
 5. [AND] Willing to divulge habitual marijuana usage (yes [OR] no. Yes, habitual/chronic usage; no, recreational, former, [OR] never usage)     
Exclusion Criteria:
  1. [AND] Patients on a pain management agreement
  2. [AND] Patients who are nil per os (NPO) at the time of randomization [OR] are expected to be NPO within the next 48 hours
  3. [AND] Patients who have received [OR] are expected to receive neuraxial/locoregional blocks for pain within the next 48 hours
  4. [AND] Known allergy [OR] previous hypersensitivity reaction to dronabinol [OR] sesame oil
  5. [AND] Patients prescribed dronabinol between arrival [AND] prior to screening/randomization
  6. [AND] Pregnancy [OR] breast feeding
  7. [AND] Incarceration
Die Daten wurden erfolgreich in '/work/eauten2s/ec_criteria_struct/lct/evaluate_parse_1/eval_p1_models_prompt6_evaldata/model_output/Gemma-27b_5_shot/output/Gemma-27b_NCT03928015_5_shot.txt' gespeichert.
File: NCT03928080 

Das File: /work/eauten2s/ec_criteria_struct/lct/input/dataset/test/input/NCT03928080.txt wurde erfolgreich geladen.
Inclusion Criteria:
 - Aged 18 [AND] above.
 - Having the ability to learn the standard toothbrushing method [WITH] artificial intelligence powered toothbrush.
 - Ability [AND] willingness to give written informed consent.
Exclusion Criteria:
 - Edentulous mouth.
 - Pregnant females.
 - Having received professional periodontal treatment [OR] other than supragingival cleaning [OR] within the previous 12 months.
 - Having received antibiotic medication within the previous 3 months.
Die Daten wurden erfolgreich in '/work/eauten2s/ec_criteria_struct/lct/evaluate_parse_1/eval_p1_models_prompt6_evaldata/model_output/Gemma-27b_5_shot/output/Gemma-27b_NCT03928080_5_shot.txt' gespeichert.
File: NCT03928197 

Das File: /work/eauten2s/ec_criteria_struct/lct/input/dataset/test/input/NCT03928197.txt wurde erfolgreich geladen.
Inclusion Criteria:
 -  Age between 25 years [AND] and 60 years
 -  For the volunteers with venous insuffiency: clearly visual venous insufficiency (CEAP 1 [AND] and 2)
 -  BMI between 24 [AND] and 30
Exclusion Criteria:
 -  Volunteers using medication [OR] (exception for contraception)
 -  Volunteers having comorbidities
 -  Pregnant women
 -  Women who menstruate on the test date
 -  Volunteers with an implanted elektronical device (IPG, Pacemaker)
Die Daten wurden erfolgreich in '/work/eauten2s/ec_criteria_struct/lct/evaluate_parse_1/eval_p1_models_prompt6_evaldata/model_output/Gemma-27b_5_shot/output/Gemma-27b_NCT03928197_5_shot.txt' gespeichert.
File: NCT03928223 

Das File: /work/eauten2s/ec_criteria_struct/lct/input/dataset/test/input/NCT03928223.txt wurde erfolgreich geladen.
Inclusion Criteria:
 -  Dermatology in- [AND] outpatients [AND] with itch
Exclusion Criteria:
 -  color blindness
 -  [NOT] lack [AND] of time
 -  [NOT] lack [AND] of German language.
Die Daten wurden erfolgreich in '/work/eauten2s/ec_criteria_struct/lct/evaluate_parse_1/eval_p1_models_prompt6_evaldata/model_output/Gemma-27b_5_shot/output/Gemma-27b_NCT03928223_5_shot.txt' gespeichert.
File: NCT03928392 

Das File: /work/eauten2s/ec_criteria_struct/lct/input/dataset/test/input/NCT03928392.txt wurde erfolgreich geladen.
Inclusion Criteria:
 - [AND] 18 [AND] to 95 years of age
 - [AND] Participation in WAVES Project for at least 3 months
 - [AND] Completion of 3 open water dives
 - [AND] Proficient in written [AND] and verbal English
Exclusion Criteria:
 - [OR] Younger than 18 years of age [OR] older than 95 years of age
 - [OR] [NOT] A member of WAVES Project within 3 months of study recruitment
 - [OR] [NOT] Has not completed 3 open water dives
 - [OR] [NOT] Proficient in written [AND] and verbal English
Die Daten wurden erfolgreich in '/work/eauten2s/ec_criteria_struct/lct/evaluate_parse_1/eval_p1_models_prompt6_evaldata/model_output/Gemma-27b_5_shot/output/Gemma-27b_NCT03928392_5_shot.txt' gespeichert.
File: NCT03928405 

Das File: /work/eauten2s/ec_criteria_struct/lct/input/dataset/test/input/NCT03928405.txt wurde erfolgreich geladen.
Inclusion Criteria:
 - [AND] Having mild [OR] moderate severity of AD
 - [AND] [NOT] Lack of communication difficulties [OR] problems
 - [AND] Volunteering to participate in the study
 - [OR] Cerebrovascular event,
 - [OR] Having disturbing the balance [AND] coordination of neurological disease such as Parkinson, [OR] MS,
 - [AND] Mini Mental Test Score, 18 to 24 points from being scored
 - [AND] being 65-80 aged.
Exclusion Criteria:
 - [OR] Patients diagnosed with dementia (infection, vascular, hematological diseases), [OR] patients who could [NOT] be contacted during the follow-up period [OR] who did [NOT] come to control, [OR] cardiac [AND] cerebrovascular event,
 - [OR] Endocrine disorder, [OR] fluid-electrolyte imbalance [AND] infection
 - [OR] Patients with malignancy [AND] malignancy, [OR] chemotherapy [AND] radiotherapy,
 - [OR] Patients with delirium [OR] depression
 - [OR] Those with protective sensation loss (those with Semmes-Weinstein Monofilament Thickness 4.56 [AND] above)
 - [OR] patients with lower [OR] upper extremity amputations at any level
Die Daten wurden erfolgreich in '/work/eauten2s/ec_criteria_struct/lct/evaluate_parse_1/eval_p1_models_prompt6_evaldata/model_output/Gemma-27b_5_shot/output/Gemma-27b_NCT03928405_5_shot.txt' gespeichert.
File: NCT03928431 

Das File: /work/eauten2s/ec_criteria_struct/lct/input/dataset/test/input/NCT03928431.txt wurde erfolgreich geladen.
Inclusion Criteria:
 - Infants [AND] of healthy mothers [AND] with uncomplicated pregnancies at term, mothers [AND] of any ethnic [OR] or social background [AND] that can speak, read, [AND] and understand Swedish to the extent that they can consent in Swedish. [AND] An additional inclusion criterion for mothers in the CS groups is vaginal pH ≤ 4 at the time of birth.
Exclusion Criteria:
 - Infants [AND] of mothers with pre-eclampsia [OR] or complicated pregnancies, mothers <18 years [OR] or >40 years of age, genital herpes simplex, genital warts, HIV, Hepatitis B [OR] or complications during delivery, infants delivered prior to 37 weeks of gestation. [AND] Additional exclusion criteria for mothers in the CS group: Mothers positive to Group B Streptococcus, Group A Streptococcus, bacterial vaginosis, vaginal pH > 4 at the time of birth. [AND] Mothers with fecal samples positive for Salmonella, Shigella, Campylobacter [OR] or Yersinia.
Die Daten wurden erfolgreich in '/work/eauten2s/ec_criteria_struct/lct/evaluate_parse_1/eval_p1_models_prompt6_evaldata/model_output/Gemma-27b_5_shot/output/Gemma-27b_NCT03928431_5_shot.txt' gespeichert.
File: NCT03928522 

Das File: /work/eauten2s/ec_criteria_struct/lct/input/dataset/test/input/NCT03928522.txt wurde erfolgreich geladen.
Inclusion Criteria:
 -  Age over 18 [AND] Total knee arthroplasty for primary osteoarthritis performed by Dr. Rick Wright. [AND] Primary diagnosis of knee osteoarthritis
       -  Exclusion Criteria:
  -  Diminished mental capacity
  -  Vancomycin allergy
  -  Tobramycin allergy
  -  Patient history requiring IV administration of vancomycin [OR] tobramycin perioperatively
  -  Chronic kidney disease stage III [OR] stage IV
Die Daten wurden erfolgreich in '/work/eauten2s/ec_criteria_struct/lct/evaluate_parse_1/eval_p1_models_prompt6_evaldata/model_output/Gemma-27b_5_shot/output/Gemma-27b_NCT03928522_5_shot.txt' gespeichert.
File: NCT03928639 

Das File: /work/eauten2s/ec_criteria_struct/lct/input/dataset/test/input/NCT03928639.txt wurde erfolgreich geladen.
INCLUSION CRITERIA:
 - Adults age [AND] greater than [OR] or equal to 18 years.
 - Receiving care from the structural heart [AND] valve program at the participating NHLBI structural heart disease network site.
 - Consent [AND] to participate in the protocol, directly, [OR] or through legally authorized representatives (LAR).
EXCLUSION CRITERIA:
- [NOT] Does [NOT] consent to participate in this protocol.
Die Daten wurden erfolgreich in '/work/eauten2s/ec_criteria_struct/lct/evaluate_parse_1/eval_p1_models_prompt6_evaldata/model_output/Gemma-27b_5_shot/output/Gemma-27b_NCT03928639_5_shot.txt' gespeichert.
File: NCT03928769 

Das File: /work/eauten2s/ec_criteria_struct/lct/input/dataset/test/input/NCT03928769.txt wurde erfolgreich geladen.
Inclusion Criteria:
 - Male [OR] female ≥ 18 years
 - Patient [AND] for whom a vascular surgery is programmed, [AND] whose nature allows obtaining of arterial segment [NOT] without any harm for the health of the patient
 - Patient [AND] for whom a blood sample is planned on the day of the procedure
 - Person who has received complete information on the organization of the research [AND] who has [NOT] not objected to his participation [AND] the exploitation of his data
 - Compulsory affiliation to social security
Exclusion Criteria:
 - Patient who has previously undergone radiotherapy at the sampling site
 - Patient [AND] with cancer at the sampling site
Die Daten wurden erfolgreich in '/work/eauten2s/ec_criteria_struct/lct/evaluate_parse_1/eval_p1_models_prompt6_evaldata/model_output/Gemma-27b_5_shot/output/Gemma-27b_NCT03928769_5_shot.txt' gespeichert.
File: NCT03928795 

Das File: /work/eauten2s/ec_criteria_struct/lct/input/dataset/test/input/NCT03928795.txt wurde erfolgreich geladen.
Inclusion Criteria:
 -  Monofetal pregnancy [AND] Age over 18 years old [AND] Term Pregnancy ≥ 37SA [AND] Indication for Elective caesarean section
Exclusion Criteria:
 -  Fetal pathology known prenatally like intrauterine severe growth retardation with Doppler abnormalities, fetal malformation [OR] or a known fetal genetic defect.
 -  Anomaly of placental adhesion.
 -  Caesarean in a context of medical [OR] or obstetric emergency.
 -  Caesarean section performed under general anesthesia following failure of locoregional anesthesia.
 -  Refusal of the woman to participate in the study.
 -  Impossibility [OR] or failure to study the neonatal acid-base balance on the umbilical cord.
Die Daten wurden erfolgreich in '/work/eauten2s/ec_criteria_struct/lct/evaluate_parse_1/eval_p1_models_prompt6_evaldata/model_output/Gemma-27b_5_shot/output/Gemma-27b_NCT03928795_5_shot.txt' gespeichert.
File: NCT03928834 

Das File: /work/eauten2s/ec_criteria_struct/lct/input/dataset/test/input/NCT03928834.txt wurde erfolgreich geladen.
Inclusion Criteria:
 1. HIV-positive adolescents aged 10-19 years [AND] who know their status
 2. On ART for at least 6 months as per clinic records: the patient will have attended the clinic as shown in clinic records at least once since initiation [AND] will have re-filled their ART at least once since initiation as shown in clinic records.
 3. Planning to stay in care at that facility for at least 12 months
Exclusion Criteria:
 1. Participant [AND] or caregiver [NOT] unable to give consent [AND] assent
 2. Those participants who the healthcare worker considers to be too ill to participate
Die Daten wurden erfolgreich in '/work/eauten2s/ec_criteria_struct/lct/evaluate_parse_1/eval_p1_models_prompt6_evaldata/model_output/Gemma-27b_5_shot/output/Gemma-27b_NCT03928834_5_shot.txt' gespeichert.
File: NCT03929055 

Das File: /work/eauten2s/ec_criteria_struct/lct/input/dataset/test/input/NCT03929055.txt wurde erfolgreich geladen.
Inclusion Criteria:
 -  patient [AND] with acute respiratory failure [AND] [NOT] intubated [AND] who require non invasive mechanical ventilation
Exclusion Criteria:
 -  patients [AND] in which it is [NOT] possible to place the esophageal catheter [OR] it is [NOT] possible to detect the diaphragm by ultrasound [OR] it is [NOT] possible to apply the nasal cannula device
Die Daten wurden erfolgreich in '/work/eauten2s/ec_criteria_struct/lct/evaluate_parse_1/eval_p1_models_prompt6_evaldata/model_output/Gemma-27b_5_shot/output/Gemma-27b_NCT03929055_5_shot.txt' gespeichert.
File: NCT03929198 

Das File: /work/eauten2s/ec_criteria_struct/lct/input/dataset/test/input/NCT03929198.txt wurde erfolgreich geladen.
Inclusion Criteria:
 - Dysfunctional lipids, blood pressure [AND] glycemic control determined at a screening visit:
       - Triglycerides > 150 mg/dL [OR] HDL < 50 in females, < 40 mg/dL in males
       - Systolic blood pressure ≥ 130 mmHg [OR] diastolic blood pressure ≥ 80 mmHg (or on hypertension medication)
       - HbA1c ≥ 5.7% [OR] higher
 - [NOT] No diagnosis [OR] treatment for cancer in the past year
 - [NOT] No diagnosis [OR] mild cognitive impairment [OR] dementia in the past year
 - Ability to perform daily exercise, including aerobic activity [AND] resistance exercise
 - [NOT] Non-smoker in the past year
Exclusion Criteria:
 - Positive exercise stress test
Die Daten wurden erfolgreich in '/work/eauten2s/ec_criteria_struct/lct/evaluate_parse_1/eval_p1_models_prompt6_evaldata/model_output/Gemma-27b_5_shot/output/Gemma-27b_NCT03929198_5_shot.txt' gespeichert.
File: NCT03929276 

Das File: /work/eauten2s/ec_criteria_struct/lct/input/dataset/test/input/NCT03929276.txt wurde erfolgreich geladen.
Inclusion Criteria:
 - Subjects [AND] with adhesive capsulitis diagnosis by physical examination [AND] (Compared with intact side, there is more than 25% limitation in at least two directions of shoulder range of motion)
 - Subjects [AND] have complaints for at least 1 month
 - [NOT] No pregnancy [OR] breastfeeding
Exclusion Criteria:
 - History of bilateral adhesive capsulitis
 - History of shoulder trauma, fracture, [OR] shoulder shoulder surgery, calcific tendinopathy, glenohumeral osteoarthritis, inflammatory rheumatic diseases, tumor, [OR] infection
 - History of corticosteroid injection in the shoulder during the last 3 months
 - History of recent lung, breast [OR] or bypass surgery
 - History of cervical radiculopathy [OR] brachial plexus lesion
 - History of neuromuscular disease
 - History of physical therapy program for the same shoulder in the last 6 months
Die Daten wurden erfolgreich in '/work/eauten2s/ec_criteria_struct/lct/evaluate_parse_1/eval_p1_models_prompt6_evaldata/model_output/Gemma-27b_5_shot/output/Gemma-27b_NCT03929276_5_shot.txt' gespeichert.
File: NCT03929380 

Das File: /work/eauten2s/ec_criteria_struct/lct/input/dataset/test/input/NCT03929380.txt wurde erfolgreich geladen.
Inclusion Criteria:
 - Males [AND] with at least a year of experience in heavylift exercises [AND] age between 20 [AND] 35 years.
Exclusion Criteria:
 -
Die Daten wurden erfolgreich in '/work/eauten2s/ec_criteria_struct/lct/evaluate_parse_1/eval_p1_models_prompt6_evaldata/model_output/Gemma-27b_5_shot/output/Gemma-27b_NCT03929380_5_shot.txt' gespeichert.
File: NCT03929406 

Das File: /work/eauten2s/ec_criteria_struct/lct/input/dataset/test/input/NCT03929406.txt wurde erfolgreich geladen.
Inclusion Criteria:
 -  Eligible patients [AND] for deep brain stimulation surgery
 -  Patients affiliated to social security [OR] or benefiting of a similar insurance scheme
 -  Patients [AND] having signed a consent to participate to the study
Exclusion Criteria:
 -  Patient [NOT] not eligible for deep brain stimulation surgery
 -  Pregnant women [OR] or nursing mothers
 -  Persons deprived of liberty by judicial [OR] or administrative decision
 -  Persons [NOT] unable to express their consent [OR] legally protected
 -  Persons in period of disqualification for another interventional research
Die Daten wurden erfolgreich in '/work/eauten2s/ec_criteria_struct/lct/evaluate_parse_1/eval_p1_models_prompt6_evaldata/model_output/Gemma-27b_5_shot/output/Gemma-27b_NCT03929406_5_shot.txt' gespeichert.
File: NCT03929536 

Das File: /work/eauten2s/ec_criteria_struct/lct/input/dataset/test/input/NCT03929536.txt wurde erfolgreich geladen.
Inclusion Criteria:
 -  surgical treatment of acetabular fracture [AND] between 2009 [AND] 2018
Exclusion Criteria:
 -  pathological fractures [AND] due to neoplasm [OR] metastasis
Die Daten wurden erfolgreich in '/work/eauten2s/ec_criteria_struct/lct/evaluate_parse_1/eval_p1_models_prompt6_evaldata/model_output/Gemma-27b_5_shot/output/Gemma-27b_NCT03929536_5_shot.txt' gespeichert.
File: NCT03929614 

Das File: /work/eauten2s/ec_criteria_struct/lct/input/dataset/test/input/NCT03929614.txt wurde erfolgreich geladen.
Inclusion Criteria:
 - AIS.
 - 10-16 years old [AND] with brace treatment.
 - Ability to read [AND] understand English [OR] French.
 - Physical [AND] mental ability to adhere to bracing protocol.
Exclusion Criteria:
 - Diagnosis of other musculoskeletal [OR] developmental illness that might be responsible for the spinal curvature.
 - Patients with symptom [AND] of a neurological disorder.
 - Patients with any other disorder of the musculoskeletal system affecting the lower limbs.
Die Daten wurden erfolgreich in '/work/eauten2s/ec_criteria_struct/lct/evaluate_parse_1/eval_p1_models_prompt6_evaldata/model_output/Gemma-27b_5_shot/output/Gemma-27b_NCT03929614_5_shot.txt' gespeichert.
File: NCT03929822 

Das File: /work/eauten2s/ec_criteria_struct/lct/input/dataset/test/input/NCT03929822.txt wurde erfolgreich geladen.
Inclusion Criteria:
 - Women called back from a screening mammography by either FFDM [OR] or tomosynthesis with soft tissue abnormalities including masses, asymmetries, focal asymmetries [OR] or architectural distortion with [OR] without calcifications. [AND] Patients will be questioned regarding the possibility of pregnancy [AND] will need a negative pregnancy test prior the study intervention.
Exclusion Criteria:
 - Age <30 years old
 - Screening mammography with only calcifications abnormalities
 - Male patients
 - [NOT] Pregnant [OR] lactating patients
 - Patients with any allergy to iodinated contrast
 - Patients with eGFR < 45
 - Patients that may be treated with radioactive iodine
Die Daten wurden erfolgreich in '/work/eauten2s/ec_criteria_struct/lct/evaluate_parse_1/eval_p1_models_prompt6_evaldata/model_output/Gemma-27b_5_shot/output/Gemma-27b_NCT03929822_5_shot.txt' gespeichert.
File: NCT03929887 

Das File: /work/eauten2s/ec_criteria_struct/lct/input/dataset/test/input/NCT03929887.txt wurde erfolgreich geladen.
Inclusion Criteria:
 -  Diagnosis of glomerulonephritis (MCD, FSGS, MN, IgAN, RPGN, lupus nephritis [AND] etc.) on first diagnostic kidney biopsy, as per specified pathology definitions
 -  First diagnostic kidney biopsy since 2010
 -  Willingness to comply with study requirements, including intention to fully participate in protocol-specified follow-up at a clinical study site
 -  Informed consent [AND] where age appropriate, informed assent (clinical data, human derived materials including genomic data)
Exclusion Criteria:
 -  Unwillingness to give informed consent
 -  [NOT] Not enough kidney tissue to confirm a diagnosis (adequate tissue: more than 2 cores of kidney tissues (10 x 1.2 mm) including over 10-15 glomerulus each)
Die Daten wurden erfolgreich in '/work/eauten2s/ec_criteria_struct/lct/evaluate_parse_1/eval_p1_models_prompt6_evaldata/model_output/Gemma-27b_5_shot/output/Gemma-27b_NCT03929887_5_shot.txt' gespeichert.
File: NCT03929900 

Das File: /work/eauten2s/ec_criteria_struct/lct/input/dataset/test/input/NCT03929900.txt wurde erfolgreich geladen.
Inclusion Criteria:
 -  Age [AND] 45-79 years
 -  Estimated glomerular filtration rate [AND] 20-60mL/min/1.73m2 [AND] based on CKD-EPI(Cr) equation
 -  [NOT] Non-dialysis dependent (NDD)
Exclusion Criteria:
 -  Autosomal dominant polycystic kidney disease
 -  [NOT] Unable [OR] [NOT] unwilling to give consent
 -  Previously received chronic dialysis
 -  Previous [OR] any organ transplant
 -  Patients who diagnosed heart failure with NYHA class 3 [OR] 4
 -  Known liver cirrhosis (Child-pugh class 2 [OR] 3)
 -  Pregnant women
 -  Single kidney due to trauma [OR] donation
 -  Patients who received immunosuppressive agent within the past 1 year
 -  Patients who diagnosed with glomerulonephritis through kidney biopsy
Die Daten wurden erfolgreich in '/work/eauten2s/ec_criteria_struct/lct/evaluate_parse_1/eval_p1_models_prompt6_evaldata/model_output/Gemma-27b_5_shot/output/Gemma-27b_NCT03929900_5_shot.txt' gespeichert.
File: NCT03930901 

Das File: /work/eauten2s/ec_criteria_struct/lct/input/dataset/test/input/NCT03930901.txt wurde erfolgreich geladen.
Inclusion Criteria:
 -  Grade 2 [AND] 6
 -  Orang Asli ethnicity
 -  Schools [AND] exclusively for Orang Asli
Exclusion Criteria:
 -  Grade 1
 -  Chronic [AND] sever diseases
 -  [NOT] no consent
 -  schools [AND] for [NOT] mixed population groups
Die Daten wurden erfolgreich in '/work/eauten2s/ec_criteria_struct/lct/evaluate_parse_1/eval_p1_models_prompt6_evaldata/model_output/Gemma-27b_5_shot/output/Gemma-27b_NCT03930901_5_shot.txt' gespeichert.
File: NCT03934346 

Das File: /work/eauten2s/ec_criteria_struct/lct/input/dataset/test/input/NCT03934346.txt wurde erfolgreich geladen.
Inclusion Criteria:
 - Apparently healthy men [AND] with a body mass index between 18 [AND] 30 kg/m2 [AND] who are willing to eat only the foods provided by the study for a 2 week period.
Exclusion Criteria:
 - Those reporting any chronic [OR] acute diseases, food allergies, smoking [OR] alcohol abuse
 - Use of illicit drugs [OR] regular consumption of medications, micronutrient supplements, [OR] both
 - Vegetarians, [OR] those unable to eat meat, are also excluded since the foods for the study contain meat
 - [NOT] Unable to refrain from taking medications during the study period
Die Daten wurden erfolgreich in '/work/eauten2s/ec_criteria_struct/lct/evaluate_parse_1/eval_p1_models_prompt6_evaldata/model_output/Gemma-27b_5_shot/output/Gemma-27b_NCT03934346_5_shot.txt' gespeichert.
