Das File: /work/eauten2s/ec_criteria_struct/lct/input/prompt/p6.txt wurde erfolgreich geladen.
NCT Number: NCT03922126
File: NCT03860194 

Das File: /work/eauten2s/ec_criteria_struct/lct/input/dataset/test/input/NCT03860194.txt wurde erfolgreich geladen.
Die Daten wurden erfolgreich in '/work/eauten2s/ec_criteria_struct/lct/evaluate_parse_1/eval_n_shot/eval_1_shot/model_output/1_shot_v_16/output/Llama-3-70B-Instruct_NCT03860194_1_shot.txt' gespeichert.
File: NCT03860415 

Das File: /work/eauten2s/ec_criteria_struct/lct/input/dataset/test/input/NCT03860415.txt wurde erfolgreich geladen.
Die Daten wurden erfolgreich in '/work/eauten2s/ec_criteria_struct/lct/evaluate_parse_1/eval_n_shot/eval_1_shot/model_output/1_shot_v_16/output/Llama-3-70B-Instruct_NCT03860415_1_shot.txt' gespeichert.
File: NCT03860454 

Das File: /work/eauten2s/ec_criteria_struct/lct/input/dataset/test/input/NCT03860454.txt wurde erfolgreich geladen.
Die Daten wurden erfolgreich in '/work/eauten2s/ec_criteria_struct/lct/evaluate_parse_1/eval_n_shot/eval_1_shot/model_output/1_shot_v_16/output/Llama-3-70B-Instruct_NCT03860454_1_shot.txt' gespeichert.
File: NCT03860584 

Das File: /work/eauten2s/ec_criteria_struct/lct/input/dataset/test/input/NCT03860584.txt wurde erfolgreich geladen.
Die Daten wurden erfolgreich in '/work/eauten2s/ec_criteria_struct/lct/evaluate_parse_1/eval_n_shot/eval_1_shot/model_output/1_shot_v_16/output/Llama-3-70B-Instruct_NCT03860584_1_shot.txt' gespeichert.
File: NCT03860766 

Das File: /work/eauten2s/ec_criteria_struct/lct/input/dataset/test/input/NCT03860766.txt wurde erfolgreich geladen.
Die Daten wurden erfolgreich in '/work/eauten2s/ec_criteria_struct/lct/evaluate_parse_1/eval_n_shot/eval_1_shot/model_output/1_shot_v_16/output/Llama-3-70B-Instruct_NCT03860766_1_shot.txt' gespeichert.
File: NCT03860896 

Das File: /work/eauten2s/ec_criteria_struct/lct/input/dataset/test/input/NCT03860896.txt wurde erfolgreich geladen.
Die Daten wurden erfolgreich in '/work/eauten2s/ec_criteria_struct/lct/evaluate_parse_1/eval_n_shot/eval_1_shot/model_output/1_shot_v_16/output/Llama-3-70B-Instruct_NCT03860896_1_shot.txt' gespeichert.
File: NCT03861182 

Das File: /work/eauten2s/ec_criteria_struct/lct/input/dataset/test/input/NCT03861182.txt wurde erfolgreich geladen.
Die Daten wurden erfolgreich in '/work/eauten2s/ec_criteria_struct/lct/evaluate_parse_1/eval_n_shot/eval_1_shot/model_output/1_shot_v_16/output/Llama-3-70B-Instruct_NCT03861182_1_shot.txt' gespeichert.
File: NCT03861195 

Das File: /work/eauten2s/ec_criteria_struct/lct/input/dataset/test/input/NCT03861195.txt wurde erfolgreich geladen.
Die Daten wurden erfolgreich in '/work/eauten2s/ec_criteria_struct/lct/evaluate_parse_1/eval_n_shot/eval_1_shot/model_output/1_shot_v_16/output/Llama-3-70B-Instruct_NCT03861195_1_shot.txt' gespeichert.
File: NCT03861299 

Das File: /work/eauten2s/ec_criteria_struct/lct/input/dataset/test/input/NCT03861299.txt wurde erfolgreich geladen.
Die Daten wurden erfolgreich in '/work/eauten2s/ec_criteria_struct/lct/evaluate_parse_1/eval_n_shot/eval_1_shot/model_output/1_shot_v_16/output/Llama-3-70B-Instruct_NCT03861299_1_shot.txt' gespeichert.
File: NCT03861312 

Das File: /work/eauten2s/ec_criteria_struct/lct/input/dataset/test/input/NCT03861312.txt wurde erfolgreich geladen.
Die Daten wurden erfolgreich in '/work/eauten2s/ec_criteria_struct/lct/evaluate_parse_1/eval_n_shot/eval_1_shot/model_output/1_shot_v_16/output/Llama-3-70B-Instruct_NCT03861312_1_shot.txt' gespeichert.
File: NCT03861429 

Das File: /work/eauten2s/ec_criteria_struct/lct/input/dataset/test/input/NCT03861429.txt wurde erfolgreich geladen.
Die Daten wurden erfolgreich in '/work/eauten2s/ec_criteria_struct/lct/evaluate_parse_1/eval_n_shot/eval_1_shot/model_output/1_shot_v_16/output/Llama-3-70B-Instruct_NCT03861429_1_shot.txt' gespeichert.
File: NCT03861494 

Das File: /work/eauten2s/ec_criteria_struct/lct/input/dataset/test/input/NCT03861494.txt wurde erfolgreich geladen.
Die Daten wurden erfolgreich in '/work/eauten2s/ec_criteria_struct/lct/evaluate_parse_1/eval_n_shot/eval_1_shot/model_output/1_shot_v_16/output/Llama-3-70B-Instruct_NCT03861494_1_shot.txt' gespeichert.
File: NCT03861507 

Das File: /work/eauten2s/ec_criteria_struct/lct/input/dataset/test/input/NCT03861507.txt wurde erfolgreich geladen.
Die Daten wurden erfolgreich in '/work/eauten2s/ec_criteria_struct/lct/evaluate_parse_1/eval_n_shot/eval_1_shot/model_output/1_shot_v_16/output/Llama-3-70B-Instruct_NCT03861507_1_shot.txt' gespeichert.
File: NCT03861546 

Das File: /work/eauten2s/ec_criteria_struct/lct/input/dataset/test/input/NCT03861546.txt wurde erfolgreich geladen.
Die Daten wurden erfolgreich in '/work/eauten2s/ec_criteria_struct/lct/evaluate_parse_1/eval_n_shot/eval_1_shot/model_output/1_shot_v_16/output/Llama-3-70B-Instruct_NCT03861546_1_shot.txt' gespeichert.
File: NCT03861572 

Das File: /work/eauten2s/ec_criteria_struct/lct/input/dataset/test/input/NCT03861572.txt wurde erfolgreich geladen.
Die Daten wurden erfolgreich in '/work/eauten2s/ec_criteria_struct/lct/evaluate_parse_1/eval_n_shot/eval_1_shot/model_output/1_shot_v_16/output/Llama-3-70B-Instruct_NCT03861572_1_shot.txt' gespeichert.
File: NCT03861624 

Das File: /work/eauten2s/ec_criteria_struct/lct/input/dataset/test/input/NCT03861624.txt wurde erfolgreich geladen.
Die Daten wurden erfolgreich in '/work/eauten2s/ec_criteria_struct/lct/evaluate_parse_1/eval_n_shot/eval_1_shot/model_output/1_shot_v_16/output/Llama-3-70B-Instruct_NCT03861624_1_shot.txt' gespeichert.
File: NCT03861650 

Das File: /work/eauten2s/ec_criteria_struct/lct/input/dataset/test/input/NCT03861650.txt wurde erfolgreich geladen.
Die Daten wurden erfolgreich in '/work/eauten2s/ec_criteria_struct/lct/evaluate_parse_1/eval_n_shot/eval_1_shot/model_output/1_shot_v_16/output/Llama-3-70B-Instruct_NCT03861650_1_shot.txt' gespeichert.
File: NCT03861845 

Das File: /work/eauten2s/ec_criteria_struct/lct/input/dataset/test/input/NCT03861845.txt wurde erfolgreich geladen.
Die Daten wurden erfolgreich in '/work/eauten2s/ec_criteria_struct/lct/evaluate_parse_1/eval_n_shot/eval_1_shot/model_output/1_shot_v_16/output/Llama-3-70B-Instruct_NCT03861845_1_shot.txt' gespeichert.
File: NCT03861884 

Das File: /work/eauten2s/ec_criteria_struct/lct/input/dataset/test/input/NCT03861884.txt wurde erfolgreich geladen.
Die Daten wurden erfolgreich in '/work/eauten2s/ec_criteria_struct/lct/evaluate_parse_1/eval_n_shot/eval_1_shot/model_output/1_shot_v_16/output/Llama-3-70B-Instruct_NCT03861884_1_shot.txt' gespeichert.
File: NCT03862014 

Das File: /work/eauten2s/ec_criteria_struct/lct/input/dataset/test/input/NCT03862014.txt wurde erfolgreich geladen.
Die Daten wurden erfolgreich in '/work/eauten2s/ec_criteria_struct/lct/evaluate_parse_1/eval_n_shot/eval_1_shot/model_output/1_shot_v_16/output/Llama-3-70B-Instruct_NCT03862014_1_shot.txt' gespeichert.
File: NCT03862105 

Das File: /work/eauten2s/ec_criteria_struct/lct/input/dataset/test/input/NCT03862105.txt wurde erfolgreich geladen.
Die Daten wurden erfolgreich in '/work/eauten2s/ec_criteria_struct/lct/evaluate_parse_1/eval_n_shot/eval_1_shot/model_output/1_shot_v_16/output/Llama-3-70B-Instruct_NCT03862105_1_shot.txt' gespeichert.
File: NCT03862248 

Das File: /work/eauten2s/ec_criteria_struct/lct/input/dataset/test/input/NCT03862248.txt wurde erfolgreich geladen.
Die Daten wurden erfolgreich in '/work/eauten2s/ec_criteria_struct/lct/evaluate_parse_1/eval_n_shot/eval_1_shot/model_output/1_shot_v_16/output/Llama-3-70B-Instruct_NCT03862248_1_shot.txt' gespeichert.
File: NCT03862287 

Das File: /work/eauten2s/ec_criteria_struct/lct/input/dataset/test/input/NCT03862287.txt wurde erfolgreich geladen.
Die Daten wurden erfolgreich in '/work/eauten2s/ec_criteria_struct/lct/evaluate_parse_1/eval_n_shot/eval_1_shot/model_output/1_shot_v_16/output/Llama-3-70B-Instruct_NCT03862287_1_shot.txt' gespeichert.
File: NCT03862482 

Das File: /work/eauten2s/ec_criteria_struct/lct/input/dataset/test/input/NCT03862482.txt wurde erfolgreich geladen.
Die Daten wurden erfolgreich in '/work/eauten2s/ec_criteria_struct/lct/evaluate_parse_1/eval_n_shot/eval_1_shot/model_output/1_shot_v_16/output/Llama-3-70B-Instruct_NCT03862482_1_shot.txt' gespeichert.
File: NCT03862755 

Das File: /work/eauten2s/ec_criteria_struct/lct/input/dataset/test/input/NCT03862755.txt wurde erfolgreich geladen.
Die Daten wurden erfolgreich in '/work/eauten2s/ec_criteria_struct/lct/evaluate_parse_1/eval_n_shot/eval_1_shot/model_output/1_shot_v_16/output/Llama-3-70B-Instruct_NCT03862755_1_shot.txt' gespeichert.
File: NCT03862781 

Das File: /work/eauten2s/ec_criteria_struct/lct/input/dataset/test/input/NCT03862781.txt wurde erfolgreich geladen.
Die Daten wurden erfolgreich in '/work/eauten2s/ec_criteria_struct/lct/evaluate_parse_1/eval_n_shot/eval_1_shot/model_output/1_shot_v_16/output/Llama-3-70B-Instruct_NCT03862781_1_shot.txt' gespeichert.
File: NCT03862820 

Das File: /work/eauten2s/ec_criteria_struct/lct/input/dataset/test/input/NCT03862820.txt wurde erfolgreich geladen.
Die Daten wurden erfolgreich in '/work/eauten2s/ec_criteria_struct/lct/evaluate_parse_1/eval_n_shot/eval_1_shot/model_output/1_shot_v_16/output/Llama-3-70B-Instruct_NCT03862820_1_shot.txt' gespeichert.
File: NCT03863275 

Das File: /work/eauten2s/ec_criteria_struct/lct/input/dataset/test/input/NCT03863275.txt wurde erfolgreich geladen.
Die Daten wurden erfolgreich in '/work/eauten2s/ec_criteria_struct/lct/evaluate_parse_1/eval_n_shot/eval_1_shot/model_output/1_shot_v_16/output/Llama-3-70B-Instruct_NCT03863275_1_shot.txt' gespeichert.
File: NCT03863444 

Das File: /work/eauten2s/ec_criteria_struct/lct/input/dataset/test/input/NCT03863444.txt wurde erfolgreich geladen.
Die Daten wurden erfolgreich in '/work/eauten2s/ec_criteria_struct/lct/evaluate_parse_1/eval_n_shot/eval_1_shot/model_output/1_shot_v_16/output/Llama-3-70B-Instruct_NCT03863444_1_shot.txt' gespeichert.
File: NCT03863535 

Das File: /work/eauten2s/ec_criteria_struct/lct/input/dataset/test/input/NCT03863535.txt wurde erfolgreich geladen.
Die Daten wurden erfolgreich in '/work/eauten2s/ec_criteria_struct/lct/evaluate_parse_1/eval_n_shot/eval_1_shot/model_output/1_shot_v_16/output/Llama-3-70B-Instruct_NCT03863535_1_shot.txt' gespeichert.
File: NCT03863717 

Das File: /work/eauten2s/ec_criteria_struct/lct/input/dataset/test/input/NCT03863717.txt wurde erfolgreich geladen.
Die Daten wurden erfolgreich in '/work/eauten2s/ec_criteria_struct/lct/evaluate_parse_1/eval_n_shot/eval_1_shot/model_output/1_shot_v_16/output/Llama-3-70B-Instruct_NCT03863717_1_shot.txt' gespeichert.
File: NCT03863951 

Das File: /work/eauten2s/ec_criteria_struct/lct/input/dataset/test/input/NCT03863951.txt wurde erfolgreich geladen.
Die Daten wurden erfolgreich in '/work/eauten2s/ec_criteria_struct/lct/evaluate_parse_1/eval_n_shot/eval_1_shot/model_output/1_shot_v_16/output/Llama-3-70B-Instruct_NCT03863951_1_shot.txt' gespeichert.
File: NCT03863977 

Das File: /work/eauten2s/ec_criteria_struct/lct/input/dataset/test/input/NCT03863977.txt wurde erfolgreich geladen.
Die Daten wurden erfolgreich in '/work/eauten2s/ec_criteria_struct/lct/evaluate_parse_1/eval_n_shot/eval_1_shot/model_output/1_shot_v_16/output/Llama-3-70B-Instruct_NCT03863977_1_shot.txt' gespeichert.
File: NCT03864133 

Das File: /work/eauten2s/ec_criteria_struct/lct/input/dataset/test/input/NCT03864133.txt wurde erfolgreich geladen.
Die Daten wurden erfolgreich in '/work/eauten2s/ec_criteria_struct/lct/evaluate_parse_1/eval_n_shot/eval_1_shot/model_output/1_shot_v_16/output/Llama-3-70B-Instruct_NCT03864133_1_shot.txt' gespeichert.
File: NCT03864159 

Das File: /work/eauten2s/ec_criteria_struct/lct/input/dataset/test/input/NCT03864159.txt wurde erfolgreich geladen.
Die Daten wurden erfolgreich in '/work/eauten2s/ec_criteria_struct/lct/evaluate_parse_1/eval_n_shot/eval_1_shot/model_output/1_shot_v_16/output/Llama-3-70B-Instruct_NCT03864159_1_shot.txt' gespeichert.
File: NCT03864172 

Das File: /work/eauten2s/ec_criteria_struct/lct/input/dataset/test/input/NCT03864172.txt wurde erfolgreich geladen.
Die Daten wurden erfolgreich in '/work/eauten2s/ec_criteria_struct/lct/evaluate_parse_1/eval_n_shot/eval_1_shot/model_output/1_shot_v_16/output/Llama-3-70B-Instruct_NCT03864172_1_shot.txt' gespeichert.
File: NCT03864263 

Das File: /work/eauten2s/ec_criteria_struct/lct/input/dataset/test/input/NCT03864263.txt wurde erfolgreich geladen.
Die Daten wurden erfolgreich in '/work/eauten2s/ec_criteria_struct/lct/evaluate_parse_1/eval_n_shot/eval_1_shot/model_output/1_shot_v_16/output/Llama-3-70B-Instruct_NCT03864263_1_shot.txt' gespeichert.
File: NCT03864289 

Das File: /work/eauten2s/ec_criteria_struct/lct/input/dataset/test/input/NCT03864289.txt wurde erfolgreich geladen.
Die Daten wurden erfolgreich in '/work/eauten2s/ec_criteria_struct/lct/evaluate_parse_1/eval_n_shot/eval_1_shot/model_output/1_shot_v_16/output/Llama-3-70B-Instruct_NCT03864289_1_shot.txt' gespeichert.
File: NCT03864341 

Das File: /work/eauten2s/ec_criteria_struct/lct/input/dataset/test/input/NCT03864341.txt wurde erfolgreich geladen.
Die Daten wurden erfolgreich in '/work/eauten2s/ec_criteria_struct/lct/evaluate_parse_1/eval_n_shot/eval_1_shot/model_output/1_shot_v_16/output/Llama-3-70B-Instruct_NCT03864341_1_shot.txt' gespeichert.
File: NCT03864380 

Das File: /work/eauten2s/ec_criteria_struct/lct/input/dataset/test/input/NCT03864380.txt wurde erfolgreich geladen.
Die Daten wurden erfolgreich in '/work/eauten2s/ec_criteria_struct/lct/evaluate_parse_1/eval_n_shot/eval_1_shot/model_output/1_shot_v_16/output/Llama-3-70B-Instruct_NCT03864380_1_shot.txt' gespeichert.
File: NCT03864705 

Das File: /work/eauten2s/ec_criteria_struct/lct/input/dataset/test/input/NCT03864705.txt wurde erfolgreich geladen.
Die Daten wurden erfolgreich in '/work/eauten2s/ec_criteria_struct/lct/evaluate_parse_1/eval_n_shot/eval_1_shot/model_output/1_shot_v_16/output/Llama-3-70B-Instruct_NCT03864705_1_shot.txt' gespeichert.
File: NCT03864731 

Das File: /work/eauten2s/ec_criteria_struct/lct/input/dataset/test/input/NCT03864731.txt wurde erfolgreich geladen.
Die Daten wurden erfolgreich in '/work/eauten2s/ec_criteria_struct/lct/evaluate_parse_1/eval_n_shot/eval_1_shot/model_output/1_shot_v_16/output/Llama-3-70B-Instruct_NCT03864731_1_shot.txt' gespeichert.
File: NCT03864835 

Das File: /work/eauten2s/ec_criteria_struct/lct/input/dataset/test/input/NCT03864835.txt wurde erfolgreich geladen.
Die Daten wurden erfolgreich in '/work/eauten2s/ec_criteria_struct/lct/evaluate_parse_1/eval_n_shot/eval_1_shot/model_output/1_shot_v_16/output/Llama-3-70B-Instruct_NCT03864835_1_shot.txt' gespeichert.
File: NCT03864887 

Das File: /work/eauten2s/ec_criteria_struct/lct/input/dataset/test/input/NCT03864887.txt wurde erfolgreich geladen.
Die Daten wurden erfolgreich in '/work/eauten2s/ec_criteria_struct/lct/evaluate_parse_1/eval_n_shot/eval_1_shot/model_output/1_shot_v_16/output/Llama-3-70B-Instruct_NCT03864887_1_shot.txt' gespeichert.
File: NCT03864913 

Das File: /work/eauten2s/ec_criteria_struct/lct/input/dataset/test/input/NCT03864913.txt wurde erfolgreich geladen.
Die Daten wurden erfolgreich in '/work/eauten2s/ec_criteria_struct/lct/evaluate_parse_1/eval_n_shot/eval_1_shot/model_output/1_shot_v_16/output/Llama-3-70B-Instruct_NCT03864913_1_shot.txt' gespeichert.
File: NCT03865043 

Das File: /work/eauten2s/ec_criteria_struct/lct/input/dataset/test/input/NCT03865043.txt wurde erfolgreich geladen.
Die Daten wurden erfolgreich in '/work/eauten2s/ec_criteria_struct/lct/evaluate_parse_1/eval_n_shot/eval_1_shot/model_output/1_shot_v_16/output/Llama-3-70B-Instruct_NCT03865043_1_shot.txt' gespeichert.
File: NCT03865108 

Das File: /work/eauten2s/ec_criteria_struct/lct/input/dataset/test/input/NCT03865108.txt wurde erfolgreich geladen.
Die Daten wurden erfolgreich in '/work/eauten2s/ec_criteria_struct/lct/evaluate_parse_1/eval_n_shot/eval_1_shot/model_output/1_shot_v_16/output/Llama-3-70B-Instruct_NCT03865108_1_shot.txt' gespeichert.
File: NCT03865121 

Das File: /work/eauten2s/ec_criteria_struct/lct/input/dataset/test/input/NCT03865121.txt wurde erfolgreich geladen.
Die Daten wurden erfolgreich in '/work/eauten2s/ec_criteria_struct/lct/evaluate_parse_1/eval_n_shot/eval_1_shot/model_output/1_shot_v_16/output/Llama-3-70B-Instruct_NCT03865121_1_shot.txt' gespeichert.
File: NCT03865134 

Das File: /work/eauten2s/ec_criteria_struct/lct/input/dataset/test/input/NCT03865134.txt wurde erfolgreich geladen.
Die Daten wurden erfolgreich in '/work/eauten2s/ec_criteria_struct/lct/evaluate_parse_1/eval_n_shot/eval_1_shot/model_output/1_shot_v_16/output/Llama-3-70B-Instruct_NCT03865134_1_shot.txt' gespeichert.
File: NCT03865199 

Das File: /work/eauten2s/ec_criteria_struct/lct/input/dataset/test/input/NCT03865199.txt wurde erfolgreich geladen.
Die Daten wurden erfolgreich in '/work/eauten2s/ec_criteria_struct/lct/evaluate_parse_1/eval_n_shot/eval_1_shot/model_output/1_shot_v_16/output/Llama-3-70B-Instruct_NCT03865199_1_shot.txt' gespeichert.
File: NCT03865420 

Das File: /work/eauten2s/ec_criteria_struct/lct/input/dataset/test/input/NCT03865420.txt wurde erfolgreich geladen.
Die Daten wurden erfolgreich in '/work/eauten2s/ec_criteria_struct/lct/evaluate_parse_1/eval_n_shot/eval_1_shot/model_output/1_shot_v_16/output/Llama-3-70B-Instruct_NCT03865420_1_shot.txt' gespeichert.
File: NCT03865524 

Das File: /work/eauten2s/ec_criteria_struct/lct/input/dataset/test/input/NCT03865524.txt wurde erfolgreich geladen.
Die Daten wurden erfolgreich in '/work/eauten2s/ec_criteria_struct/lct/evaluate_parse_1/eval_n_shot/eval_1_shot/model_output/1_shot_v_16/output/Llama-3-70B-Instruct_NCT03865524_1_shot.txt' gespeichert.
File: NCT03865602 

Das File: /work/eauten2s/ec_criteria_struct/lct/input/dataset/test/input/NCT03865602.txt wurde erfolgreich geladen.
Die Daten wurden erfolgreich in '/work/eauten2s/ec_criteria_struct/lct/evaluate_parse_1/eval_n_shot/eval_1_shot/model_output/1_shot_v_16/output/Llama-3-70B-Instruct_NCT03865602_1_shot.txt' gespeichert.
File: NCT03865693 

Das File: /work/eauten2s/ec_criteria_struct/lct/input/dataset/test/input/NCT03865693.txt wurde erfolgreich geladen.
Die Daten wurden erfolgreich in '/work/eauten2s/ec_criteria_struct/lct/evaluate_parse_1/eval_n_shot/eval_1_shot/model_output/1_shot_v_16/output/Llama-3-70B-Instruct_NCT03865693_1_shot.txt' gespeichert.
File: NCT03865758 

Das File: /work/eauten2s/ec_criteria_struct/lct/input/dataset/test/input/NCT03865758.txt wurde erfolgreich geladen.
Die Daten wurden erfolgreich in '/work/eauten2s/ec_criteria_struct/lct/evaluate_parse_1/eval_n_shot/eval_1_shot/model_output/1_shot_v_16/output/Llama-3-70B-Instruct_NCT03865758_1_shot.txt' gespeichert.
File: NCT03865784 

Das File: /work/eauten2s/ec_criteria_struct/lct/input/dataset/test/input/NCT03865784.txt wurde erfolgreich geladen.
Die Daten wurden erfolgreich in '/work/eauten2s/ec_criteria_struct/lct/evaluate_parse_1/eval_n_shot/eval_1_shot/model_output/1_shot_v_16/output/Llama-3-70B-Instruct_NCT03865784_1_shot.txt' gespeichert.
File: NCT03865810 

Das File: /work/eauten2s/ec_criteria_struct/lct/input/dataset/test/input/NCT03865810.txt wurde erfolgreich geladen.
Die Daten wurden erfolgreich in '/work/eauten2s/ec_criteria_struct/lct/evaluate_parse_1/eval_n_shot/eval_1_shot/model_output/1_shot_v_16/output/Llama-3-70B-Instruct_NCT03865810_1_shot.txt' gespeichert.
File: NCT03865823 

Das File: /work/eauten2s/ec_criteria_struct/lct/input/dataset/test/input/NCT03865823.txt wurde erfolgreich geladen.
Die Daten wurden erfolgreich in '/work/eauten2s/ec_criteria_struct/lct/evaluate_parse_1/eval_n_shot/eval_1_shot/model_output/1_shot_v_16/output/Llama-3-70B-Instruct_NCT03865823_1_shot.txt' gespeichert.
File: NCT03865953 

Das File: /work/eauten2s/ec_criteria_struct/lct/input/dataset/test/input/NCT03865953.txt wurde erfolgreich geladen.
Die Daten wurden erfolgreich in '/work/eauten2s/ec_criteria_struct/lct/evaluate_parse_1/eval_n_shot/eval_1_shot/model_output/1_shot_v_16/output/Llama-3-70B-Instruct_NCT03865953_1_shot.txt' gespeichert.
File: NCT03866018 

Das File: /work/eauten2s/ec_criteria_struct/lct/input/dataset/test/input/NCT03866018.txt wurde erfolgreich geladen.
Die Daten wurden erfolgreich in '/work/eauten2s/ec_criteria_struct/lct/evaluate_parse_1/eval_n_shot/eval_1_shot/model_output/1_shot_v_16/output/Llama-3-70B-Instruct_NCT03866018_1_shot.txt' gespeichert.
File: NCT03866031 

Das File: /work/eauten2s/ec_criteria_struct/lct/input/dataset/test/input/NCT03866031.txt wurde erfolgreich geladen.
Die Daten wurden erfolgreich in '/work/eauten2s/ec_criteria_struct/lct/evaluate_parse_1/eval_n_shot/eval_1_shot/model_output/1_shot_v_16/output/Llama-3-70B-Instruct_NCT03866031_1_shot.txt' gespeichert.
File: NCT03866057 

Das File: /work/eauten2s/ec_criteria_struct/lct/input/dataset/test/input/NCT03866057.txt wurde erfolgreich geladen.
Die Daten wurden erfolgreich in '/work/eauten2s/ec_criteria_struct/lct/evaluate_parse_1/eval_n_shot/eval_1_shot/model_output/1_shot_v_16/output/Llama-3-70B-Instruct_NCT03866057_1_shot.txt' gespeichert.
File: NCT03866083 

Das File: /work/eauten2s/ec_criteria_struct/lct/input/dataset/test/input/NCT03866083.txt wurde erfolgreich geladen.
Die Daten wurden erfolgreich in '/work/eauten2s/ec_criteria_struct/lct/evaluate_parse_1/eval_n_shot/eval_1_shot/model_output/1_shot_v_16/output/Llama-3-70B-Instruct_NCT03866083_1_shot.txt' gespeichert.
File: NCT03866148 

Das File: /work/eauten2s/ec_criteria_struct/lct/input/dataset/test/input/NCT03866148.txt wurde erfolgreich geladen.
Die Daten wurden erfolgreich in '/work/eauten2s/ec_criteria_struct/lct/evaluate_parse_1/eval_n_shot/eval_1_shot/model_output/1_shot_v_16/output/Llama-3-70B-Instruct_NCT03866148_1_shot.txt' gespeichert.
File: NCT03866213 

Das File: /work/eauten2s/ec_criteria_struct/lct/input/dataset/test/input/NCT03866213.txt wurde erfolgreich geladen.
Die Daten wurden erfolgreich in '/work/eauten2s/ec_criteria_struct/lct/evaluate_parse_1/eval_n_shot/eval_1_shot/model_output/1_shot_v_16/output/Llama-3-70B-Instruct_NCT03866213_1_shot.txt' gespeichert.
File: NCT03866252 

Das File: /work/eauten2s/ec_criteria_struct/lct/input/dataset/test/input/NCT03866252.txt wurde erfolgreich geladen.
Die Daten wurden erfolgreich in '/work/eauten2s/ec_criteria_struct/lct/evaluate_parse_1/eval_n_shot/eval_1_shot/model_output/1_shot_v_16/output/Llama-3-70B-Instruct_NCT03866252_1_shot.txt' gespeichert.
File: NCT03866356 

Das File: /work/eauten2s/ec_criteria_struct/lct/input/dataset/test/input/NCT03866356.txt wurde erfolgreich geladen.
Die Daten wurden erfolgreich in '/work/eauten2s/ec_criteria_struct/lct/evaluate_parse_1/eval_n_shot/eval_1_shot/model_output/1_shot_v_16/output/Llama-3-70B-Instruct_NCT03866356_1_shot.txt' gespeichert.
File: NCT03866486 

Das File: /work/eauten2s/ec_criteria_struct/lct/input/dataset/test/input/NCT03866486.txt wurde erfolgreich geladen.
Die Daten wurden erfolgreich in '/work/eauten2s/ec_criteria_struct/lct/evaluate_parse_1/eval_n_shot/eval_1_shot/model_output/1_shot_v_16/output/Llama-3-70B-Instruct_NCT03866486_1_shot.txt' gespeichert.
File: NCT03866499 

Das File: /work/eauten2s/ec_criteria_struct/lct/input/dataset/test/input/NCT03866499.txt wurde erfolgreich geladen.
Die Daten wurden erfolgreich in '/work/eauten2s/ec_criteria_struct/lct/evaluate_parse_1/eval_n_shot/eval_1_shot/model_output/1_shot_v_16/output/Llama-3-70B-Instruct_NCT03866499_1_shot.txt' gespeichert.
File: NCT03866538 

Das File: /work/eauten2s/ec_criteria_struct/lct/input/dataset/test/input/NCT03866538.txt wurde erfolgreich geladen.
Die Daten wurden erfolgreich in '/work/eauten2s/ec_criteria_struct/lct/evaluate_parse_1/eval_n_shot/eval_1_shot/model_output/1_shot_v_16/output/Llama-3-70B-Instruct_NCT03866538_1_shot.txt' gespeichert.
File: NCT03866837 

Das File: /work/eauten2s/ec_criteria_struct/lct/input/dataset/test/input/NCT03866837.txt wurde erfolgreich geladen.
Die Daten wurden erfolgreich in '/work/eauten2s/ec_criteria_struct/lct/evaluate_parse_1/eval_n_shot/eval_1_shot/model_output/1_shot_v_16/output/Llama-3-70B-Instruct_NCT03866837_1_shot.txt' gespeichert.
File: NCT03866850 

Das File: /work/eauten2s/ec_criteria_struct/lct/input/dataset/test/input/NCT03866850.txt wurde erfolgreich geladen.
Die Daten wurden erfolgreich in '/work/eauten2s/ec_criteria_struct/lct/evaluate_parse_1/eval_n_shot/eval_1_shot/model_output/1_shot_v_16/output/Llama-3-70B-Instruct_NCT03866850_1_shot.txt' gespeichert.
File: NCT03866902 

Das File: /work/eauten2s/ec_criteria_struct/lct/input/dataset/test/input/NCT03866902.txt wurde erfolgreich geladen.
Die Daten wurden erfolgreich in '/work/eauten2s/ec_criteria_struct/lct/evaluate_parse_1/eval_n_shot/eval_1_shot/model_output/1_shot_v_16/output/Llama-3-70B-Instruct_NCT03866902_1_shot.txt' gespeichert.
File: NCT03866941 

Das File: /work/eauten2s/ec_criteria_struct/lct/input/dataset/test/input/NCT03866941.txt wurde erfolgreich geladen.
Die Daten wurden erfolgreich in '/work/eauten2s/ec_criteria_struct/lct/evaluate_parse_1/eval_n_shot/eval_1_shot/model_output/1_shot_v_16/output/Llama-3-70B-Instruct_NCT03866941_1_shot.txt' gespeichert.
File: NCT03867188 

Das File: /work/eauten2s/ec_criteria_struct/lct/input/dataset/test/input/NCT03867188.txt wurde erfolgreich geladen.
Die Daten wurden erfolgreich in '/work/eauten2s/ec_criteria_struct/lct/evaluate_parse_1/eval_n_shot/eval_1_shot/model_output/1_shot_v_16/output/Llama-3-70B-Instruct_NCT03867188_1_shot.txt' gespeichert.
File: NCT03867214 

Das File: /work/eauten2s/ec_criteria_struct/lct/input/dataset/test/input/NCT03867214.txt wurde erfolgreich geladen.
Die Daten wurden erfolgreich in '/work/eauten2s/ec_criteria_struct/lct/evaluate_parse_1/eval_n_shot/eval_1_shot/model_output/1_shot_v_16/output/Llama-3-70B-Instruct_NCT03867214_1_shot.txt' gespeichert.
File: NCT03867305 

Das File: /work/eauten2s/ec_criteria_struct/lct/input/dataset/test/input/NCT03867305.txt wurde erfolgreich geladen.
Die Daten wurden erfolgreich in '/work/eauten2s/ec_criteria_struct/lct/evaluate_parse_1/eval_n_shot/eval_1_shot/model_output/1_shot_v_16/output/Llama-3-70B-Instruct_NCT03867305_1_shot.txt' gespeichert.
File: NCT03867461 

Das File: /work/eauten2s/ec_criteria_struct/lct/input/dataset/test/input/NCT03867461.txt wurde erfolgreich geladen.
Die Daten wurden erfolgreich in '/work/eauten2s/ec_criteria_struct/lct/evaluate_parse_1/eval_n_shot/eval_1_shot/model_output/1_shot_v_16/output/Llama-3-70B-Instruct_NCT03867461_1_shot.txt' gespeichert.
File: NCT03867526 

Das File: /work/eauten2s/ec_criteria_struct/lct/input/dataset/test/input/NCT03867526.txt wurde erfolgreich geladen.
Die Daten wurden erfolgreich in '/work/eauten2s/ec_criteria_struct/lct/evaluate_parse_1/eval_n_shot/eval_1_shot/model_output/1_shot_v_16/output/Llama-3-70B-Instruct_NCT03867526_1_shot.txt' gespeichert.
File: NCT03867539 

Das File: /work/eauten2s/ec_criteria_struct/lct/input/dataset/test/input/NCT03867539.txt wurde erfolgreich geladen.
Die Daten wurden erfolgreich in '/work/eauten2s/ec_criteria_struct/lct/evaluate_parse_1/eval_n_shot/eval_1_shot/model_output/1_shot_v_16/output/Llama-3-70B-Instruct_NCT03867539_1_shot.txt' gespeichert.
File: NCT03867643 

Das File: /work/eauten2s/ec_criteria_struct/lct/input/dataset/test/input/NCT03867643.txt wurde erfolgreich geladen.
Die Daten wurden erfolgreich in '/work/eauten2s/ec_criteria_struct/lct/evaluate_parse_1/eval_n_shot/eval_1_shot/model_output/1_shot_v_16/output/Llama-3-70B-Instruct_NCT03867643_1_shot.txt' gespeichert.
File: NCT03867734 

Das File: /work/eauten2s/ec_criteria_struct/lct/input/dataset/test/input/NCT03867734.txt wurde erfolgreich geladen.
Die Daten wurden erfolgreich in '/work/eauten2s/ec_criteria_struct/lct/evaluate_parse_1/eval_n_shot/eval_1_shot/model_output/1_shot_v_16/output/Llama-3-70B-Instruct_NCT03867734_1_shot.txt' gespeichert.
File: NCT03867929 

Das File: /work/eauten2s/ec_criteria_struct/lct/input/dataset/test/input/NCT03867929.txt wurde erfolgreich geladen.
Die Daten wurden erfolgreich in '/work/eauten2s/ec_criteria_struct/lct/evaluate_parse_1/eval_n_shot/eval_1_shot/model_output/1_shot_v_16/output/Llama-3-70B-Instruct_NCT03867929_1_shot.txt' gespeichert.
File: NCT03868189 

Das File: /work/eauten2s/ec_criteria_struct/lct/input/dataset/test/input/NCT03868189.txt wurde erfolgreich geladen.
Die Daten wurden erfolgreich in '/work/eauten2s/ec_criteria_struct/lct/evaluate_parse_1/eval_n_shot/eval_1_shot/model_output/1_shot_v_16/output/Llama-3-70B-Instruct_NCT03868189_1_shot.txt' gespeichert.
File: NCT03868254 

Das File: /work/eauten2s/ec_criteria_struct/lct/input/dataset/test/input/NCT03868254.txt wurde erfolgreich geladen.
Die Daten wurden erfolgreich in '/work/eauten2s/ec_criteria_struct/lct/evaluate_parse_1/eval_n_shot/eval_1_shot/model_output/1_shot_v_16/output/Llama-3-70B-Instruct_NCT03868254_1_shot.txt' gespeichert.
File: NCT03868332 

Das File: /work/eauten2s/ec_criteria_struct/lct/input/dataset/test/input/NCT03868332.txt wurde erfolgreich geladen.
Die Daten wurden erfolgreich in '/work/eauten2s/ec_criteria_struct/lct/evaluate_parse_1/eval_n_shot/eval_1_shot/model_output/1_shot_v_16/output/Llama-3-70B-Instruct_NCT03868332_1_shot.txt' gespeichert.
File: NCT03868345 

Das File: /work/eauten2s/ec_criteria_struct/lct/input/dataset/test/input/NCT03868345.txt wurde erfolgreich geladen.
Die Daten wurden erfolgreich in '/work/eauten2s/ec_criteria_struct/lct/evaluate_parse_1/eval_n_shot/eval_1_shot/model_output/1_shot_v_16/output/Llama-3-70B-Instruct_NCT03868345_1_shot.txt' gespeichert.
File: NCT03868384 

Das File: /work/eauten2s/ec_criteria_struct/lct/input/dataset/test/input/NCT03868384.txt wurde erfolgreich geladen.
Die Daten wurden erfolgreich in '/work/eauten2s/ec_criteria_struct/lct/evaluate_parse_1/eval_n_shot/eval_1_shot/model_output/1_shot_v_16/output/Llama-3-70B-Instruct_NCT03868384_1_shot.txt' gespeichert.
File: NCT03868579 

Das File: /work/eauten2s/ec_criteria_struct/lct/input/dataset/test/input/NCT03868579.txt wurde erfolgreich geladen.
Die Daten wurden erfolgreich in '/work/eauten2s/ec_criteria_struct/lct/evaluate_parse_1/eval_n_shot/eval_1_shot/model_output/1_shot_v_16/output/Llama-3-70B-Instruct_NCT03868579_1_shot.txt' gespeichert.
File: NCT03868644 

Das File: /work/eauten2s/ec_criteria_struct/lct/input/dataset/test/input/NCT03868644.txt wurde erfolgreich geladen.
Die Daten wurden erfolgreich in '/work/eauten2s/ec_criteria_struct/lct/evaluate_parse_1/eval_n_shot/eval_1_shot/model_output/1_shot_v_16/output/Llama-3-70B-Instruct_NCT03868644_1_shot.txt' gespeichert.
File: NCT03868670 

Das File: /work/eauten2s/ec_criteria_struct/lct/input/dataset/test/input/NCT03868670.txt wurde erfolgreich geladen.
Die Daten wurden erfolgreich in '/work/eauten2s/ec_criteria_struct/lct/evaluate_parse_1/eval_n_shot/eval_1_shot/model_output/1_shot_v_16/output/Llama-3-70B-Instruct_NCT03868670_1_shot.txt' gespeichert.
File: NCT03868774 

Das File: /work/eauten2s/ec_criteria_struct/lct/input/dataset/test/input/NCT03868774.txt wurde erfolgreich geladen.
Die Daten wurden erfolgreich in '/work/eauten2s/ec_criteria_struct/lct/evaluate_parse_1/eval_n_shot/eval_1_shot/model_output/1_shot_v_16/output/Llama-3-70B-Instruct_NCT03868774_1_shot.txt' gespeichert.
File: NCT03868813 

Das File: /work/eauten2s/ec_criteria_struct/lct/input/dataset/test/input/NCT03868813.txt wurde erfolgreich geladen.
Die Daten wurden erfolgreich in '/work/eauten2s/ec_criteria_struct/lct/evaluate_parse_1/eval_n_shot/eval_1_shot/model_output/1_shot_v_16/output/Llama-3-70B-Instruct_NCT03868813_1_shot.txt' gespeichert.
File: NCT03868956 

Das File: /work/eauten2s/ec_criteria_struct/lct/input/dataset/test/input/NCT03868956.txt wurde erfolgreich geladen.
Die Daten wurden erfolgreich in '/work/eauten2s/ec_criteria_struct/lct/evaluate_parse_1/eval_n_shot/eval_1_shot/model_output/1_shot_v_16/output/Llama-3-70B-Instruct_NCT03868956_1_shot.txt' gespeichert.
File: NCT03868995 

Das File: /work/eauten2s/ec_criteria_struct/lct/input/dataset/test/input/NCT03868995.txt wurde erfolgreich geladen.
Die Daten wurden erfolgreich in '/work/eauten2s/ec_criteria_struct/lct/evaluate_parse_1/eval_n_shot/eval_1_shot/model_output/1_shot_v_16/output/Llama-3-70B-Instruct_NCT03868995_1_shot.txt' gespeichert.
File: NCT03869281 

Das File: /work/eauten2s/ec_criteria_struct/lct/input/dataset/test/input/NCT03869281.txt wurde erfolgreich geladen.
Die Daten wurden erfolgreich in '/work/eauten2s/ec_criteria_struct/lct/evaluate_parse_1/eval_n_shot/eval_1_shot/model_output/1_shot_v_16/output/Llama-3-70B-Instruct_NCT03869281_1_shot.txt' gespeichert.
File: NCT03869294 

Das File: /work/eauten2s/ec_criteria_struct/lct/input/dataset/test/input/NCT03869294.txt wurde erfolgreich geladen.
Die Daten wurden erfolgreich in '/work/eauten2s/ec_criteria_struct/lct/evaluate_parse_1/eval_n_shot/eval_1_shot/model_output/1_shot_v_16/output/Llama-3-70B-Instruct_NCT03869294_1_shot.txt' gespeichert.
File: NCT03869372 

Das File: /work/eauten2s/ec_criteria_struct/lct/input/dataset/test/input/NCT03869372.txt wurde erfolgreich geladen.
Die Daten wurden erfolgreich in '/work/eauten2s/ec_criteria_struct/lct/evaluate_parse_1/eval_n_shot/eval_1_shot/model_output/1_shot_v_16/output/Llama-3-70B-Instruct_NCT03869372_1_shot.txt' gespeichert.
File: NCT03869502 

Das File: /work/eauten2s/ec_criteria_struct/lct/input/dataset/test/input/NCT03869502.txt wurde erfolgreich geladen.
Die Daten wurden erfolgreich in '/work/eauten2s/ec_criteria_struct/lct/evaluate_parse_1/eval_n_shot/eval_1_shot/model_output/1_shot_v_16/output/Llama-3-70B-Instruct_NCT03869502_1_shot.txt' gespeichert.
File: NCT03869528 

Das File: /work/eauten2s/ec_criteria_struct/lct/input/dataset/test/input/NCT03869528.txt wurde erfolgreich geladen.
Die Daten wurden erfolgreich in '/work/eauten2s/ec_criteria_struct/lct/evaluate_parse_1/eval_n_shot/eval_1_shot/model_output/1_shot_v_16/output/Llama-3-70B-Instruct_NCT03869528_1_shot.txt' gespeichert.
File: NCT03869593 

Das File: /work/eauten2s/ec_criteria_struct/lct/input/dataset/test/input/NCT03869593.txt wurde erfolgreich geladen.
Die Daten wurden erfolgreich in '/work/eauten2s/ec_criteria_struct/lct/evaluate_parse_1/eval_n_shot/eval_1_shot/model_output/1_shot_v_16/output/Llama-3-70B-Instruct_NCT03869593_1_shot.txt' gespeichert.
File: NCT03869606 

Das File: /work/eauten2s/ec_criteria_struct/lct/input/dataset/test/input/NCT03869606.txt wurde erfolgreich geladen.
Die Daten wurden erfolgreich in '/work/eauten2s/ec_criteria_struct/lct/evaluate_parse_1/eval_n_shot/eval_1_shot/model_output/1_shot_v_16/output/Llama-3-70B-Instruct_NCT03869606_1_shot.txt' gespeichert.
File: NCT03869905 

Das File: /work/eauten2s/ec_criteria_struct/lct/input/dataset/test/input/NCT03869905.txt wurde erfolgreich geladen.
Die Daten wurden erfolgreich in '/work/eauten2s/ec_criteria_struct/lct/evaluate_parse_1/eval_n_shot/eval_1_shot/model_output/1_shot_v_16/output/Llama-3-70B-Instruct_NCT03869905_1_shot.txt' gespeichert.
File: NCT03869957 

Das File: /work/eauten2s/ec_criteria_struct/lct/input/dataset/test/input/NCT03869957.txt wurde erfolgreich geladen.
Die Daten wurden erfolgreich in '/work/eauten2s/ec_criteria_struct/lct/evaluate_parse_1/eval_n_shot/eval_1_shot/model_output/1_shot_v_16/output/Llama-3-70B-Instruct_NCT03869957_1_shot.txt' gespeichert.
File: NCT03920020 

Das File: /work/eauten2s/ec_criteria_struct/lct/input/dataset/test/input/NCT03920020.txt wurde erfolgreich geladen.
Die Daten wurden erfolgreich in '/work/eauten2s/ec_criteria_struct/lct/evaluate_parse_1/eval_n_shot/eval_1_shot/model_output/1_shot_v_16/output/Llama-3-70B-Instruct_NCT03920020_1_shot.txt' gespeichert.
File: NCT03920098 

Das File: /work/eauten2s/ec_criteria_struct/lct/input/dataset/test/input/NCT03920098.txt wurde erfolgreich geladen.
Die Daten wurden erfolgreich in '/work/eauten2s/ec_criteria_struct/lct/evaluate_parse_1/eval_n_shot/eval_1_shot/model_output/1_shot_v_16/output/Llama-3-70B-Instruct_NCT03920098_1_shot.txt' gespeichert.
File: NCT03920241 

Das File: /work/eauten2s/ec_criteria_struct/lct/input/dataset/test/input/NCT03920241.txt wurde erfolgreich geladen.
Die Daten wurden erfolgreich in '/work/eauten2s/ec_criteria_struct/lct/evaluate_parse_1/eval_n_shot/eval_1_shot/model_output/1_shot_v_16/output/Llama-3-70B-Instruct_NCT03920241_1_shot.txt' gespeichert.
File: NCT03920267 

Das File: /work/eauten2s/ec_criteria_struct/lct/input/dataset/test/input/NCT03920267.txt wurde erfolgreich geladen.
Die Daten wurden erfolgreich in '/work/eauten2s/ec_criteria_struct/lct/evaluate_parse_1/eval_n_shot/eval_1_shot/model_output/1_shot_v_16/output/Llama-3-70B-Instruct_NCT03920267_1_shot.txt' gespeichert.
File: NCT03920293 

Das File: /work/eauten2s/ec_criteria_struct/lct/input/dataset/test/input/NCT03920293.txt wurde erfolgreich geladen.
Die Daten wurden erfolgreich in '/work/eauten2s/ec_criteria_struct/lct/evaluate_parse_1/eval_n_shot/eval_1_shot/model_output/1_shot_v_16/output/Llama-3-70B-Instruct_NCT03920293_1_shot.txt' gespeichert.
File: NCT03920306 

Das File: /work/eauten2s/ec_criteria_struct/lct/input/dataset/test/input/NCT03920306.txt wurde erfolgreich geladen.
Die Daten wurden erfolgreich in '/work/eauten2s/ec_criteria_struct/lct/evaluate_parse_1/eval_n_shot/eval_1_shot/model_output/1_shot_v_16/output/Llama-3-70B-Instruct_NCT03920306_1_shot.txt' gespeichert.
File: NCT03920319 

Das File: /work/eauten2s/ec_criteria_struct/lct/input/dataset/test/input/NCT03920319.txt wurde erfolgreich geladen.
Die Daten wurden erfolgreich in '/work/eauten2s/ec_criteria_struct/lct/evaluate_parse_1/eval_n_shot/eval_1_shot/model_output/1_shot_v_16/output/Llama-3-70B-Instruct_NCT03920319_1_shot.txt' gespeichert.
File: NCT03920345 

Das File: /work/eauten2s/ec_criteria_struct/lct/input/dataset/test/input/NCT03920345.txt wurde erfolgreich geladen.
Die Daten wurden erfolgreich in '/work/eauten2s/ec_criteria_struct/lct/evaluate_parse_1/eval_n_shot/eval_1_shot/model_output/1_shot_v_16/output/Llama-3-70B-Instruct_NCT03920345_1_shot.txt' gespeichert.
File: NCT03920449 

Das File: /work/eauten2s/ec_criteria_struct/lct/input/dataset/test/input/NCT03920449.txt wurde erfolgreich geladen.
Die Daten wurden erfolgreich in '/work/eauten2s/ec_criteria_struct/lct/evaluate_parse_1/eval_n_shot/eval_1_shot/model_output/1_shot_v_16/output/Llama-3-70B-Instruct_NCT03920449_1_shot.txt' gespeichert.
File: NCT03920527 

Das File: /work/eauten2s/ec_criteria_struct/lct/input/dataset/test/input/NCT03920527.txt wurde erfolgreich geladen.
Die Daten wurden erfolgreich in '/work/eauten2s/ec_criteria_struct/lct/evaluate_parse_1/eval_n_shot/eval_1_shot/model_output/1_shot_v_16/output/Llama-3-70B-Instruct_NCT03920527_1_shot.txt' gespeichert.
File: NCT03920540 

Das File: /work/eauten2s/ec_criteria_struct/lct/input/dataset/test/input/NCT03920540.txt wurde erfolgreich geladen.
Die Daten wurden erfolgreich in '/work/eauten2s/ec_criteria_struct/lct/evaluate_parse_1/eval_n_shot/eval_1_shot/model_output/1_shot_v_16/output/Llama-3-70B-Instruct_NCT03920540_1_shot.txt' gespeichert.
File: NCT03920579 

Das File: /work/eauten2s/ec_criteria_struct/lct/input/dataset/test/input/NCT03920579.txt wurde erfolgreich geladen.
Die Daten wurden erfolgreich in '/work/eauten2s/ec_criteria_struct/lct/evaluate_parse_1/eval_n_shot/eval_1_shot/model_output/1_shot_v_16/output/Llama-3-70B-Instruct_NCT03920579_1_shot.txt' gespeichert.
File: NCT03920683 

Das File: /work/eauten2s/ec_criteria_struct/lct/input/dataset/test/input/NCT03920683.txt wurde erfolgreich geladen.
Die Daten wurden erfolgreich in '/work/eauten2s/ec_criteria_struct/lct/evaluate_parse_1/eval_n_shot/eval_1_shot/model_output/1_shot_v_16/output/Llama-3-70B-Instruct_NCT03920683_1_shot.txt' gespeichert.
File: NCT03920774 

Das File: /work/eauten2s/ec_criteria_struct/lct/input/dataset/test/input/NCT03920774.txt wurde erfolgreich geladen.
Die Daten wurden erfolgreich in '/work/eauten2s/ec_criteria_struct/lct/evaluate_parse_1/eval_n_shot/eval_1_shot/model_output/1_shot_v_16/output/Llama-3-70B-Instruct_NCT03920774_1_shot.txt' gespeichert.
File: NCT03920904 

Das File: /work/eauten2s/ec_criteria_struct/lct/input/dataset/test/input/NCT03920904.txt wurde erfolgreich geladen.
Die Daten wurden erfolgreich in '/work/eauten2s/ec_criteria_struct/lct/evaluate_parse_1/eval_n_shot/eval_1_shot/model_output/1_shot_v_16/output/Llama-3-70B-Instruct_NCT03920904_1_shot.txt' gespeichert.
File: NCT03920917 

Das File: /work/eauten2s/ec_criteria_struct/lct/input/dataset/test/input/NCT03920917.txt wurde erfolgreich geladen.
Die Daten wurden erfolgreich in '/work/eauten2s/ec_criteria_struct/lct/evaluate_parse_1/eval_n_shot/eval_1_shot/model_output/1_shot_v_16/output/Llama-3-70B-Instruct_NCT03920917_1_shot.txt' gespeichert.
File: NCT03921437 

Das File: /work/eauten2s/ec_criteria_struct/lct/input/dataset/test/input/NCT03921437.txt wurde erfolgreich geladen.
Die Daten wurden erfolgreich in '/work/eauten2s/ec_criteria_struct/lct/evaluate_parse_1/eval_n_shot/eval_1_shot/model_output/1_shot_v_16/output/Llama-3-70B-Instruct_NCT03921437_1_shot.txt' gespeichert.
File: NCT03921476 

Das File: /work/eauten2s/ec_criteria_struct/lct/input/dataset/test/input/NCT03921476.txt wurde erfolgreich geladen.
Die Daten wurden erfolgreich in '/work/eauten2s/ec_criteria_struct/lct/evaluate_parse_1/eval_n_shot/eval_1_shot/model_output/1_shot_v_16/output/Llama-3-70B-Instruct_NCT03921476_1_shot.txt' gespeichert.
File: NCT03921762 

Das File: /work/eauten2s/ec_criteria_struct/lct/input/dataset/test/input/NCT03921762.txt wurde erfolgreich geladen.
Die Daten wurden erfolgreich in '/work/eauten2s/ec_criteria_struct/lct/evaluate_parse_1/eval_n_shot/eval_1_shot/model_output/1_shot_v_16/output/Llama-3-70B-Instruct_NCT03921762_1_shot.txt' gespeichert.
File: NCT03921775 

Das File: /work/eauten2s/ec_criteria_struct/lct/input/dataset/test/input/NCT03921775.txt wurde erfolgreich geladen.
Die Daten wurden erfolgreich in '/work/eauten2s/ec_criteria_struct/lct/evaluate_parse_1/eval_n_shot/eval_1_shot/model_output/1_shot_v_16/output/Llama-3-70B-Instruct_NCT03921775_1_shot.txt' gespeichert.
File: NCT03921827 

Das File: /work/eauten2s/ec_criteria_struct/lct/input/dataset/test/input/NCT03921827.txt wurde erfolgreich geladen.
Die Daten wurden erfolgreich in '/work/eauten2s/ec_criteria_struct/lct/evaluate_parse_1/eval_n_shot/eval_1_shot/model_output/1_shot_v_16/output/Llama-3-70B-Instruct_NCT03921827_1_shot.txt' gespeichert.
File: NCT03921853 

Das File: /work/eauten2s/ec_criteria_struct/lct/input/dataset/test/input/NCT03921853.txt wurde erfolgreich geladen.
Die Daten wurden erfolgreich in '/work/eauten2s/ec_criteria_struct/lct/evaluate_parse_1/eval_n_shot/eval_1_shot/model_output/1_shot_v_16/output/Llama-3-70B-Instruct_NCT03921853_1_shot.txt' gespeichert.
File: NCT03921892 

Das File: /work/eauten2s/ec_criteria_struct/lct/input/dataset/test/input/NCT03921892.txt wurde erfolgreich geladen.
Die Daten wurden erfolgreich in '/work/eauten2s/ec_criteria_struct/lct/evaluate_parse_1/eval_n_shot/eval_1_shot/model_output/1_shot_v_16/output/Llama-3-70B-Instruct_NCT03921892_1_shot.txt' gespeichert.
File: NCT03921970 

Das File: /work/eauten2s/ec_criteria_struct/lct/input/dataset/test/input/NCT03921970.txt wurde erfolgreich geladen.
Die Daten wurden erfolgreich in '/work/eauten2s/ec_criteria_struct/lct/evaluate_parse_1/eval_n_shot/eval_1_shot/model_output/1_shot_v_16/output/Llama-3-70B-Instruct_NCT03921970_1_shot.txt' gespeichert.
File: NCT03921983 

Das File: /work/eauten2s/ec_criteria_struct/lct/input/dataset/test/input/NCT03921983.txt wurde erfolgreich geladen.
Die Daten wurden erfolgreich in '/work/eauten2s/ec_criteria_struct/lct/evaluate_parse_1/eval_n_shot/eval_1_shot/model_output/1_shot_v_16/output/Llama-3-70B-Instruct_NCT03921983_1_shot.txt' gespeichert.
File: NCT03922152 

Das File: /work/eauten2s/ec_criteria_struct/lct/input/dataset/test/input/NCT03922152.txt wurde erfolgreich geladen.
Die Daten wurden erfolgreich in '/work/eauten2s/ec_criteria_struct/lct/evaluate_parse_1/eval_n_shot/eval_1_shot/model_output/1_shot_v_16/output/Llama-3-70B-Instruct_NCT03922152_1_shot.txt' gespeichert.
File: NCT03922282 

Das File: /work/eauten2s/ec_criteria_struct/lct/input/dataset/test/input/NCT03922282.txt wurde erfolgreich geladen.
Die Daten wurden erfolgreich in '/work/eauten2s/ec_criteria_struct/lct/evaluate_parse_1/eval_n_shot/eval_1_shot/model_output/1_shot_v_16/output/Llama-3-70B-Instruct_NCT03922282_1_shot.txt' gespeichert.
File: NCT03922334 

Das File: /work/eauten2s/ec_criteria_struct/lct/input/dataset/test/input/NCT03922334.txt wurde erfolgreich geladen.
Die Daten wurden erfolgreich in '/work/eauten2s/ec_criteria_struct/lct/evaluate_parse_1/eval_n_shot/eval_1_shot/model_output/1_shot_v_16/output/Llama-3-70B-Instruct_NCT03922334_1_shot.txt' gespeichert.
File: NCT03922438 

Das File: /work/eauten2s/ec_criteria_struct/lct/input/dataset/test/input/NCT03922438.txt wurde erfolgreich geladen.
Die Daten wurden erfolgreich in '/work/eauten2s/ec_criteria_struct/lct/evaluate_parse_1/eval_n_shot/eval_1_shot/model_output/1_shot_v_16/output/Llama-3-70B-Instruct_NCT03922438_1_shot.txt' gespeichert.
File: NCT03922516 

Das File: /work/eauten2s/ec_criteria_struct/lct/input/dataset/test/input/NCT03922516.txt wurde erfolgreich geladen.
Die Daten wurden erfolgreich in '/work/eauten2s/ec_criteria_struct/lct/evaluate_parse_1/eval_n_shot/eval_1_shot/model_output/1_shot_v_16/output/Llama-3-70B-Instruct_NCT03922516_1_shot.txt' gespeichert.
File: NCT03922542 

Das File: /work/eauten2s/ec_criteria_struct/lct/input/dataset/test/input/NCT03922542.txt wurde erfolgreich geladen.
Die Daten wurden erfolgreich in '/work/eauten2s/ec_criteria_struct/lct/evaluate_parse_1/eval_n_shot/eval_1_shot/model_output/1_shot_v_16/output/Llama-3-70B-Instruct_NCT03922542_1_shot.txt' gespeichert.
File: NCT03922958 

Das File: /work/eauten2s/ec_criteria_struct/lct/input/dataset/test/input/NCT03922958.txt wurde erfolgreich geladen.
Die Daten wurden erfolgreich in '/work/eauten2s/ec_criteria_struct/lct/evaluate_parse_1/eval_n_shot/eval_1_shot/model_output/1_shot_v_16/output/Llama-3-70B-Instruct_NCT03922958_1_shot.txt' gespeichert.
File: NCT03923088 

Das File: /work/eauten2s/ec_criteria_struct/lct/input/dataset/test/input/NCT03923088.txt wurde erfolgreich geladen.
Die Daten wurden erfolgreich in '/work/eauten2s/ec_criteria_struct/lct/evaluate_parse_1/eval_n_shot/eval_1_shot/model_output/1_shot_v_16/output/Llama-3-70B-Instruct_NCT03923088_1_shot.txt' gespeichert.
File: NCT03923101 

Das File: /work/eauten2s/ec_criteria_struct/lct/input/dataset/test/input/NCT03923101.txt wurde erfolgreich geladen.
Die Daten wurden erfolgreich in '/work/eauten2s/ec_criteria_struct/lct/evaluate_parse_1/eval_n_shot/eval_1_shot/model_output/1_shot_v_16/output/Llama-3-70B-Instruct_NCT03923101_1_shot.txt' gespeichert.
File: NCT03923309 

Das File: /work/eauten2s/ec_criteria_struct/lct/input/dataset/test/input/NCT03923309.txt wurde erfolgreich geladen.
Die Daten wurden erfolgreich in '/work/eauten2s/ec_criteria_struct/lct/evaluate_parse_1/eval_n_shot/eval_1_shot/model_output/1_shot_v_16/output/Llama-3-70B-Instruct_NCT03923309_1_shot.txt' gespeichert.
File: NCT03923660 

Das File: /work/eauten2s/ec_criteria_struct/lct/input/dataset/test/input/NCT03923660.txt wurde erfolgreich geladen.
Die Daten wurden erfolgreich in '/work/eauten2s/ec_criteria_struct/lct/evaluate_parse_1/eval_n_shot/eval_1_shot/model_output/1_shot_v_16/output/Llama-3-70B-Instruct_NCT03923660_1_shot.txt' gespeichert.
File: NCT03923933 

Das File: /work/eauten2s/ec_criteria_struct/lct/input/dataset/test/input/NCT03923933.txt wurde erfolgreich geladen.
Die Daten wurden erfolgreich in '/work/eauten2s/ec_criteria_struct/lct/evaluate_parse_1/eval_n_shot/eval_1_shot/model_output/1_shot_v_16/output/Llama-3-70B-Instruct_NCT03923933_1_shot.txt' gespeichert.
File: NCT03924115 

Das File: /work/eauten2s/ec_criteria_struct/lct/input/dataset/test/input/NCT03924115.txt wurde erfolgreich geladen.
Die Daten wurden erfolgreich in '/work/eauten2s/ec_criteria_struct/lct/evaluate_parse_1/eval_n_shot/eval_1_shot/model_output/1_shot_v_16/output/Llama-3-70B-Instruct_NCT03924115_1_shot.txt' gespeichert.
File: NCT03924375 

Das File: /work/eauten2s/ec_criteria_struct/lct/input/dataset/test/input/NCT03924375.txt wurde erfolgreich geladen.
Die Daten wurden erfolgreich in '/work/eauten2s/ec_criteria_struct/lct/evaluate_parse_1/eval_n_shot/eval_1_shot/model_output/1_shot_v_16/output/Llama-3-70B-Instruct_NCT03924375_1_shot.txt' gespeichert.
File: NCT03924414 

Das File: /work/eauten2s/ec_criteria_struct/lct/input/dataset/test/input/NCT03924414.txt wurde erfolgreich geladen.
Die Daten wurden erfolgreich in '/work/eauten2s/ec_criteria_struct/lct/evaluate_parse_1/eval_n_shot/eval_1_shot/model_output/1_shot_v_16/output/Llama-3-70B-Instruct_NCT03924414_1_shot.txt' gespeichert.
File: NCT03924440 

Das File: /work/eauten2s/ec_criteria_struct/lct/input/dataset/test/input/NCT03924440.txt wurde erfolgreich geladen.
Die Daten wurden erfolgreich in '/work/eauten2s/ec_criteria_struct/lct/evaluate_parse_1/eval_n_shot/eval_1_shot/model_output/1_shot_v_16/output/Llama-3-70B-Instruct_NCT03924440_1_shot.txt' gespeichert.
File: NCT03924544 

Das File: /work/eauten2s/ec_criteria_struct/lct/input/dataset/test/input/NCT03924544.txt wurde erfolgreich geladen.
Die Daten wurden erfolgreich in '/work/eauten2s/ec_criteria_struct/lct/evaluate_parse_1/eval_n_shot/eval_1_shot/model_output/1_shot_v_16/output/Llama-3-70B-Instruct_NCT03924544_1_shot.txt' gespeichert.
File: NCT03924596 

Das File: /work/eauten2s/ec_criteria_struct/lct/input/dataset/test/input/NCT03924596.txt wurde erfolgreich geladen.
Die Daten wurden erfolgreich in '/work/eauten2s/ec_criteria_struct/lct/evaluate_parse_1/eval_n_shot/eval_1_shot/model_output/1_shot_v_16/output/Llama-3-70B-Instruct_NCT03924596_1_shot.txt' gespeichert.
File: NCT03924726 

Das File: /work/eauten2s/ec_criteria_struct/lct/input/dataset/test/input/NCT03924726.txt wurde erfolgreich geladen.
Die Daten wurden erfolgreich in '/work/eauten2s/ec_criteria_struct/lct/evaluate_parse_1/eval_n_shot/eval_1_shot/model_output/1_shot_v_16/output/Llama-3-70B-Instruct_NCT03924726_1_shot.txt' gespeichert.
File: NCT03924791 

Das File: /work/eauten2s/ec_criteria_struct/lct/input/dataset/test/input/NCT03924791.txt wurde erfolgreich geladen.
Die Daten wurden erfolgreich in '/work/eauten2s/ec_criteria_struct/lct/evaluate_parse_1/eval_n_shot/eval_1_shot/model_output/1_shot_v_16/output/Llama-3-70B-Instruct_NCT03924791_1_shot.txt' gespeichert.
File: NCT03924817 

Das File: /work/eauten2s/ec_criteria_struct/lct/input/dataset/test/input/NCT03924817.txt wurde erfolgreich geladen.
Die Daten wurden erfolgreich in '/work/eauten2s/ec_criteria_struct/lct/evaluate_parse_1/eval_n_shot/eval_1_shot/model_output/1_shot_v_16/output/Llama-3-70B-Instruct_NCT03924817_1_shot.txt' gespeichert.
File: NCT03924908 

Das File: /work/eauten2s/ec_criteria_struct/lct/input/dataset/test/input/NCT03924908.txt wurde erfolgreich geladen.
Die Daten wurden erfolgreich in '/work/eauten2s/ec_criteria_struct/lct/evaluate_parse_1/eval_n_shot/eval_1_shot/model_output/1_shot_v_16/output/Llama-3-70B-Instruct_NCT03924908_1_shot.txt' gespeichert.
File: NCT03924921 

Das File: /work/eauten2s/ec_criteria_struct/lct/input/dataset/test/input/NCT03924921.txt wurde erfolgreich geladen.
Die Daten wurden erfolgreich in '/work/eauten2s/ec_criteria_struct/lct/evaluate_parse_1/eval_n_shot/eval_1_shot/model_output/1_shot_v_16/output/Llama-3-70B-Instruct_NCT03924921_1_shot.txt' gespeichert.
File: NCT03925077 

Das File: /work/eauten2s/ec_criteria_struct/lct/input/dataset/test/input/NCT03925077.txt wurde erfolgreich geladen.
Die Daten wurden erfolgreich in '/work/eauten2s/ec_criteria_struct/lct/evaluate_parse_1/eval_n_shot/eval_1_shot/model_output/1_shot_v_16/output/Llama-3-70B-Instruct_NCT03925077_1_shot.txt' gespeichert.
File: NCT03925142 

Das File: /work/eauten2s/ec_criteria_struct/lct/input/dataset/test/input/NCT03925142.txt wurde erfolgreich geladen.
Die Daten wurden erfolgreich in '/work/eauten2s/ec_criteria_struct/lct/evaluate_parse_1/eval_n_shot/eval_1_shot/model_output/1_shot_v_16/output/Llama-3-70B-Instruct_NCT03925142_1_shot.txt' gespeichert.
File: NCT03925337 

Das File: /work/eauten2s/ec_criteria_struct/lct/input/dataset/test/input/NCT03925337.txt wurde erfolgreich geladen.
Die Daten wurden erfolgreich in '/work/eauten2s/ec_criteria_struct/lct/evaluate_parse_1/eval_n_shot/eval_1_shot/model_output/1_shot_v_16/output/Llama-3-70B-Instruct_NCT03925337_1_shot.txt' gespeichert.
File: NCT03925389 

Das File: /work/eauten2s/ec_criteria_struct/lct/input/dataset/test/input/NCT03925389.txt wurde erfolgreich geladen.
Die Daten wurden erfolgreich in '/work/eauten2s/ec_criteria_struct/lct/evaluate_parse_1/eval_n_shot/eval_1_shot/model_output/1_shot_v_16/output/Llama-3-70B-Instruct_NCT03925389_1_shot.txt' gespeichert.
File: NCT03925454 

Das File: /work/eauten2s/ec_criteria_struct/lct/input/dataset/test/input/NCT03925454.txt wurde erfolgreich geladen.
Die Daten wurden erfolgreich in '/work/eauten2s/ec_criteria_struct/lct/evaluate_parse_1/eval_n_shot/eval_1_shot/model_output/1_shot_v_16/output/Llama-3-70B-Instruct_NCT03925454_1_shot.txt' gespeichert.
File: NCT03925571 

Das File: /work/eauten2s/ec_criteria_struct/lct/input/dataset/test/input/NCT03925571.txt wurde erfolgreich geladen.
Die Daten wurden erfolgreich in '/work/eauten2s/ec_criteria_struct/lct/evaluate_parse_1/eval_n_shot/eval_1_shot/model_output/1_shot_v_16/output/Llama-3-70B-Instruct_NCT03925571_1_shot.txt' gespeichert.
File: NCT03925649 

Das File: /work/eauten2s/ec_criteria_struct/lct/input/dataset/test/input/NCT03925649.txt wurde erfolgreich geladen.
Die Daten wurden erfolgreich in '/work/eauten2s/ec_criteria_struct/lct/evaluate_parse_1/eval_n_shot/eval_1_shot/model_output/1_shot_v_16/output/Llama-3-70B-Instruct_NCT03925649_1_shot.txt' gespeichert.
File: NCT03925675 

Das File: /work/eauten2s/ec_criteria_struct/lct/input/dataset/test/input/NCT03925675.txt wurde erfolgreich geladen.
Die Daten wurden erfolgreich in '/work/eauten2s/ec_criteria_struct/lct/evaluate_parse_1/eval_n_shot/eval_1_shot/model_output/1_shot_v_16/output/Llama-3-70B-Instruct_NCT03925675_1_shot.txt' gespeichert.
File: NCT03925727 

Das File: /work/eauten2s/ec_criteria_struct/lct/input/dataset/test/input/NCT03925727.txt wurde erfolgreich geladen.
Die Daten wurden erfolgreich in '/work/eauten2s/ec_criteria_struct/lct/evaluate_parse_1/eval_n_shot/eval_1_shot/model_output/1_shot_v_16/output/Llama-3-70B-Instruct_NCT03925727_1_shot.txt' gespeichert.
File: NCT03925844 

Das File: /work/eauten2s/ec_criteria_struct/lct/input/dataset/test/input/NCT03925844.txt wurde erfolgreich geladen.
Die Daten wurden erfolgreich in '/work/eauten2s/ec_criteria_struct/lct/evaluate_parse_1/eval_n_shot/eval_1_shot/model_output/1_shot_v_16/output/Llama-3-70B-Instruct_NCT03925844_1_shot.txt' gespeichert.
File: NCT03926130 

Das File: /work/eauten2s/ec_criteria_struct/lct/input/dataset/test/input/NCT03926130.txt wurde erfolgreich geladen.
Die Daten wurden erfolgreich in '/work/eauten2s/ec_criteria_struct/lct/evaluate_parse_1/eval_n_shot/eval_1_shot/model_output/1_shot_v_16/output/Llama-3-70B-Instruct_NCT03926130_1_shot.txt' gespeichert.
File: NCT03926195 

Das File: /work/eauten2s/ec_criteria_struct/lct/input/dataset/test/input/NCT03926195.txt wurde erfolgreich geladen.
Die Daten wurden erfolgreich in '/work/eauten2s/ec_criteria_struct/lct/evaluate_parse_1/eval_n_shot/eval_1_shot/model_output/1_shot_v_16/output/Llama-3-70B-Instruct_NCT03926195_1_shot.txt' gespeichert.
File: NCT03926299 

Das File: /work/eauten2s/ec_criteria_struct/lct/input/dataset/test/input/NCT03926299.txt wurde erfolgreich geladen.
Die Daten wurden erfolgreich in '/work/eauten2s/ec_criteria_struct/lct/evaluate_parse_1/eval_n_shot/eval_1_shot/model_output/1_shot_v_16/output/Llama-3-70B-Instruct_NCT03926299_1_shot.txt' gespeichert.
File: NCT03926312 

Das File: /work/eauten2s/ec_criteria_struct/lct/input/dataset/test/input/NCT03926312.txt wurde erfolgreich geladen.
Die Daten wurden erfolgreich in '/work/eauten2s/ec_criteria_struct/lct/evaluate_parse_1/eval_n_shot/eval_1_shot/model_output/1_shot_v_16/output/Llama-3-70B-Instruct_NCT03926312_1_shot.txt' gespeichert.
File: NCT03926377 

Das File: /work/eauten2s/ec_criteria_struct/lct/input/dataset/test/input/NCT03926377.txt wurde erfolgreich geladen.
Die Daten wurden erfolgreich in '/work/eauten2s/ec_criteria_struct/lct/evaluate_parse_1/eval_n_shot/eval_1_shot/model_output/1_shot_v_16/output/Llama-3-70B-Instruct_NCT03926377_1_shot.txt' gespeichert.
File: NCT03926429 

Das File: /work/eauten2s/ec_criteria_struct/lct/input/dataset/test/input/NCT03926429.txt wurde erfolgreich geladen.
Die Daten wurden erfolgreich in '/work/eauten2s/ec_criteria_struct/lct/evaluate_parse_1/eval_n_shot/eval_1_shot/model_output/1_shot_v_16/output/Llama-3-70B-Instruct_NCT03926429_1_shot.txt' gespeichert.
File: NCT03926494 

Das File: /work/eauten2s/ec_criteria_struct/lct/input/dataset/test/input/NCT03926494.txt wurde erfolgreich geladen.
Die Daten wurden erfolgreich in '/work/eauten2s/ec_criteria_struct/lct/evaluate_parse_1/eval_n_shot/eval_1_shot/model_output/1_shot_v_16/output/Llama-3-70B-Instruct_NCT03926494_1_shot.txt' gespeichert.
File: NCT03926546 

Das File: /work/eauten2s/ec_criteria_struct/lct/input/dataset/test/input/NCT03926546.txt wurde erfolgreich geladen.
Die Daten wurden erfolgreich in '/work/eauten2s/ec_criteria_struct/lct/evaluate_parse_1/eval_n_shot/eval_1_shot/model_output/1_shot_v_16/output/Llama-3-70B-Instruct_NCT03926546_1_shot.txt' gespeichert.
File: NCT03926780 

Das File: /work/eauten2s/ec_criteria_struct/lct/input/dataset/test/input/NCT03926780.txt wurde erfolgreich geladen.
Die Daten wurden erfolgreich in '/work/eauten2s/ec_criteria_struct/lct/evaluate_parse_1/eval_n_shot/eval_1_shot/model_output/1_shot_v_16/output/Llama-3-70B-Instruct_NCT03926780_1_shot.txt' gespeichert.
File: NCT03926871 

Das File: /work/eauten2s/ec_criteria_struct/lct/input/dataset/test/input/NCT03926871.txt wurde erfolgreich geladen.
Die Daten wurden erfolgreich in '/work/eauten2s/ec_criteria_struct/lct/evaluate_parse_1/eval_n_shot/eval_1_shot/model_output/1_shot_v_16/output/Llama-3-70B-Instruct_NCT03926871_1_shot.txt' gespeichert.
File: NCT03926962 

Das File: /work/eauten2s/ec_criteria_struct/lct/input/dataset/test/input/NCT03926962.txt wurde erfolgreich geladen.
Die Daten wurden erfolgreich in '/work/eauten2s/ec_criteria_struct/lct/evaluate_parse_1/eval_n_shot/eval_1_shot/model_output/1_shot_v_16/output/Llama-3-70B-Instruct_NCT03926962_1_shot.txt' gespeichert.
File: NCT03927092 

Das File: /work/eauten2s/ec_criteria_struct/lct/input/dataset/test/input/NCT03927092.txt wurde erfolgreich geladen.
Die Daten wurden erfolgreich in '/work/eauten2s/ec_criteria_struct/lct/evaluate_parse_1/eval_n_shot/eval_1_shot/model_output/1_shot_v_16/output/Llama-3-70B-Instruct_NCT03927092_1_shot.txt' gespeichert.
File: NCT03927664 

Das File: /work/eauten2s/ec_criteria_struct/lct/input/dataset/test/input/NCT03927664.txt wurde erfolgreich geladen.
Die Daten wurden erfolgreich in '/work/eauten2s/ec_criteria_struct/lct/evaluate_parse_1/eval_n_shot/eval_1_shot/model_output/1_shot_v_16/output/Llama-3-70B-Instruct_NCT03927664_1_shot.txt' gespeichert.
File: NCT03927755 

Das File: /work/eauten2s/ec_criteria_struct/lct/input/dataset/test/input/NCT03927755.txt wurde erfolgreich geladen.
Die Daten wurden erfolgreich in '/work/eauten2s/ec_criteria_struct/lct/evaluate_parse_1/eval_n_shot/eval_1_shot/model_output/1_shot_v_16/output/Llama-3-70B-Instruct_NCT03927755_1_shot.txt' gespeichert.
File: NCT03927781 

Das File: /work/eauten2s/ec_criteria_struct/lct/input/dataset/test/input/NCT03927781.txt wurde erfolgreich geladen.
Die Daten wurden erfolgreich in '/work/eauten2s/ec_criteria_struct/lct/evaluate_parse_1/eval_n_shot/eval_1_shot/model_output/1_shot_v_16/output/Llama-3-70B-Instruct_NCT03927781_1_shot.txt' gespeichert.
File: NCT03927885 

Das File: /work/eauten2s/ec_criteria_struct/lct/input/dataset/test/input/NCT03927885.txt wurde erfolgreich geladen.
Die Daten wurden erfolgreich in '/work/eauten2s/ec_criteria_struct/lct/evaluate_parse_1/eval_n_shot/eval_1_shot/model_output/1_shot_v_16/output/Llama-3-70B-Instruct_NCT03927885_1_shot.txt' gespeichert.
File: NCT03928015 

Das File: /work/eauten2s/ec_criteria_struct/lct/input/dataset/test/input/NCT03928015.txt wurde erfolgreich geladen.
Die Daten wurden erfolgreich in '/work/eauten2s/ec_criteria_struct/lct/evaluate_parse_1/eval_n_shot/eval_1_shot/model_output/1_shot_v_16/output/Llama-3-70B-Instruct_NCT03928015_1_shot.txt' gespeichert.
File: NCT03928080 

Das File: /work/eauten2s/ec_criteria_struct/lct/input/dataset/test/input/NCT03928080.txt wurde erfolgreich geladen.
Die Daten wurden erfolgreich in '/work/eauten2s/ec_criteria_struct/lct/evaluate_parse_1/eval_n_shot/eval_1_shot/model_output/1_shot_v_16/output/Llama-3-70B-Instruct_NCT03928080_1_shot.txt' gespeichert.
File: NCT03928197 

Das File: /work/eauten2s/ec_criteria_struct/lct/input/dataset/test/input/NCT03928197.txt wurde erfolgreich geladen.
Die Daten wurden erfolgreich in '/work/eauten2s/ec_criteria_struct/lct/evaluate_parse_1/eval_n_shot/eval_1_shot/model_output/1_shot_v_16/output/Llama-3-70B-Instruct_NCT03928197_1_shot.txt' gespeichert.
File: NCT03928223 

Das File: /work/eauten2s/ec_criteria_struct/lct/input/dataset/test/input/NCT03928223.txt wurde erfolgreich geladen.
Die Daten wurden erfolgreich in '/work/eauten2s/ec_criteria_struct/lct/evaluate_parse_1/eval_n_shot/eval_1_shot/model_output/1_shot_v_16/output/Llama-3-70B-Instruct_NCT03928223_1_shot.txt' gespeichert.
File: NCT03928392 

Das File: /work/eauten2s/ec_criteria_struct/lct/input/dataset/test/input/NCT03928392.txt wurde erfolgreich geladen.
Die Daten wurden erfolgreich in '/work/eauten2s/ec_criteria_struct/lct/evaluate_parse_1/eval_n_shot/eval_1_shot/model_output/1_shot_v_16/output/Llama-3-70B-Instruct_NCT03928392_1_shot.txt' gespeichert.
File: NCT03928405 

Das File: /work/eauten2s/ec_criteria_struct/lct/input/dataset/test/input/NCT03928405.txt wurde erfolgreich geladen.
Die Daten wurden erfolgreich in '/work/eauten2s/ec_criteria_struct/lct/evaluate_parse_1/eval_n_shot/eval_1_shot/model_output/1_shot_v_16/output/Llama-3-70B-Instruct_NCT03928405_1_shot.txt' gespeichert.
File: NCT03928431 

Das File: /work/eauten2s/ec_criteria_struct/lct/input/dataset/test/input/NCT03928431.txt wurde erfolgreich geladen.
Die Daten wurden erfolgreich in '/work/eauten2s/ec_criteria_struct/lct/evaluate_parse_1/eval_n_shot/eval_1_shot/model_output/1_shot_v_16/output/Llama-3-70B-Instruct_NCT03928431_1_shot.txt' gespeichert.
File: NCT03928522 

Das File: /work/eauten2s/ec_criteria_struct/lct/input/dataset/test/input/NCT03928522.txt wurde erfolgreich geladen.
Die Daten wurden erfolgreich in '/work/eauten2s/ec_criteria_struct/lct/evaluate_parse_1/eval_n_shot/eval_1_shot/model_output/1_shot_v_16/output/Llama-3-70B-Instruct_NCT03928522_1_shot.txt' gespeichert.
File: NCT03928639 

Das File: /work/eauten2s/ec_criteria_struct/lct/input/dataset/test/input/NCT03928639.txt wurde erfolgreich geladen.
Die Daten wurden erfolgreich in '/work/eauten2s/ec_criteria_struct/lct/evaluate_parse_1/eval_n_shot/eval_1_shot/model_output/1_shot_v_16/output/Llama-3-70B-Instruct_NCT03928639_1_shot.txt' gespeichert.
File: NCT03928769 

Das File: /work/eauten2s/ec_criteria_struct/lct/input/dataset/test/input/NCT03928769.txt wurde erfolgreich geladen.
Die Daten wurden erfolgreich in '/work/eauten2s/ec_criteria_struct/lct/evaluate_parse_1/eval_n_shot/eval_1_shot/model_output/1_shot_v_16/output/Llama-3-70B-Instruct_NCT03928769_1_shot.txt' gespeichert.
File: NCT03928795 

Das File: /work/eauten2s/ec_criteria_struct/lct/input/dataset/test/input/NCT03928795.txt wurde erfolgreich geladen.
Die Daten wurden erfolgreich in '/work/eauten2s/ec_criteria_struct/lct/evaluate_parse_1/eval_n_shot/eval_1_shot/model_output/1_shot_v_16/output/Llama-3-70B-Instruct_NCT03928795_1_shot.txt' gespeichert.
File: NCT03928834 

Das File: /work/eauten2s/ec_criteria_struct/lct/input/dataset/test/input/NCT03928834.txt wurde erfolgreich geladen.
Die Daten wurden erfolgreich in '/work/eauten2s/ec_criteria_struct/lct/evaluate_parse_1/eval_n_shot/eval_1_shot/model_output/1_shot_v_16/output/Llama-3-70B-Instruct_NCT03928834_1_shot.txt' gespeichert.
File: NCT03929055 

Das File: /work/eauten2s/ec_criteria_struct/lct/input/dataset/test/input/NCT03929055.txt wurde erfolgreich geladen.
Die Daten wurden erfolgreich in '/work/eauten2s/ec_criteria_struct/lct/evaluate_parse_1/eval_n_shot/eval_1_shot/model_output/1_shot_v_16/output/Llama-3-70B-Instruct_NCT03929055_1_shot.txt' gespeichert.
File: NCT03929198 

Das File: /work/eauten2s/ec_criteria_struct/lct/input/dataset/test/input/NCT03929198.txt wurde erfolgreich geladen.
Die Daten wurden erfolgreich in '/work/eauten2s/ec_criteria_struct/lct/evaluate_parse_1/eval_n_shot/eval_1_shot/model_output/1_shot_v_16/output/Llama-3-70B-Instruct_NCT03929198_1_shot.txt' gespeichert.
File: NCT03929276 

Das File: /work/eauten2s/ec_criteria_struct/lct/input/dataset/test/input/NCT03929276.txt wurde erfolgreich geladen.
Die Daten wurden erfolgreich in '/work/eauten2s/ec_criteria_struct/lct/evaluate_parse_1/eval_n_shot/eval_1_shot/model_output/1_shot_v_16/output/Llama-3-70B-Instruct_NCT03929276_1_shot.txt' gespeichert.
File: NCT03929380 

Das File: /work/eauten2s/ec_criteria_struct/lct/input/dataset/test/input/NCT03929380.txt wurde erfolgreich geladen.
Die Daten wurden erfolgreich in '/work/eauten2s/ec_criteria_struct/lct/evaluate_parse_1/eval_n_shot/eval_1_shot/model_output/1_shot_v_16/output/Llama-3-70B-Instruct_NCT03929380_1_shot.txt' gespeichert.
File: NCT03929406 

Das File: /work/eauten2s/ec_criteria_struct/lct/input/dataset/test/input/NCT03929406.txt wurde erfolgreich geladen.
Die Daten wurden erfolgreich in '/work/eauten2s/ec_criteria_struct/lct/evaluate_parse_1/eval_n_shot/eval_1_shot/model_output/1_shot_v_16/output/Llama-3-70B-Instruct_NCT03929406_1_shot.txt' gespeichert.
File: NCT03929536 

Das File: /work/eauten2s/ec_criteria_struct/lct/input/dataset/test/input/NCT03929536.txt wurde erfolgreich geladen.
Die Daten wurden erfolgreich in '/work/eauten2s/ec_criteria_struct/lct/evaluate_parse_1/eval_n_shot/eval_1_shot/model_output/1_shot_v_16/output/Llama-3-70B-Instruct_NCT03929536_1_shot.txt' gespeichert.
File: NCT03929614 

Das File: /work/eauten2s/ec_criteria_struct/lct/input/dataset/test/input/NCT03929614.txt wurde erfolgreich geladen.
Die Daten wurden erfolgreich in '/work/eauten2s/ec_criteria_struct/lct/evaluate_parse_1/eval_n_shot/eval_1_shot/model_output/1_shot_v_16/output/Llama-3-70B-Instruct_NCT03929614_1_shot.txt' gespeichert.
File: NCT03929822 

Das File: /work/eauten2s/ec_criteria_struct/lct/input/dataset/test/input/NCT03929822.txt wurde erfolgreich geladen.
Die Daten wurden erfolgreich in '/work/eauten2s/ec_criteria_struct/lct/evaluate_parse_1/eval_n_shot/eval_1_shot/model_output/1_shot_v_16/output/Llama-3-70B-Instruct_NCT03929822_1_shot.txt' gespeichert.
File: NCT03929887 

Das File: /work/eauten2s/ec_criteria_struct/lct/input/dataset/test/input/NCT03929887.txt wurde erfolgreich geladen.
Die Daten wurden erfolgreich in '/work/eauten2s/ec_criteria_struct/lct/evaluate_parse_1/eval_n_shot/eval_1_shot/model_output/1_shot_v_16/output/Llama-3-70B-Instruct_NCT03929887_1_shot.txt' gespeichert.
File: NCT03929900 

Das File: /work/eauten2s/ec_criteria_struct/lct/input/dataset/test/input/NCT03929900.txt wurde erfolgreich geladen.
Die Daten wurden erfolgreich in '/work/eauten2s/ec_criteria_struct/lct/evaluate_parse_1/eval_n_shot/eval_1_shot/model_output/1_shot_v_16/output/Llama-3-70B-Instruct_NCT03929900_1_shot.txt' gespeichert.
File: NCT03930901 

Das File: /work/eauten2s/ec_criteria_struct/lct/input/dataset/test/input/NCT03930901.txt wurde erfolgreich geladen.
Die Daten wurden erfolgreich in '/work/eauten2s/ec_criteria_struct/lct/evaluate_parse_1/eval_n_shot/eval_1_shot/model_output/1_shot_v_16/output/Llama-3-70B-Instruct_NCT03930901_1_shot.txt' gespeichert.
File: NCT03934346 

Das File: /work/eauten2s/ec_criteria_struct/lct/input/dataset/test/input/NCT03934346.txt wurde erfolgreich geladen.
Die Daten wurden erfolgreich in '/work/eauten2s/ec_criteria_struct/lct/evaluate_parse_1/eval_n_shot/eval_1_shot/model_output/1_shot_v_16/output/Llama-3-70B-Instruct_NCT03934346_1_shot.txt' gespeichert.
NCT Number: NCT03861130
File: NCT03860194 

Das File: /work/eauten2s/ec_criteria_struct/lct/input/dataset/test/input/NCT03860194.txt wurde erfolgreich geladen.
Die Daten wurden erfolgreich in '/work/eauten2s/ec_criteria_struct/lct/evaluate_parse_1/eval_n_shot/eval_1_shot/model_output/1_shot_v_17/output/Llama-3-70B-Instruct_NCT03860194_1_shot.txt' gespeichert.
File: NCT03860415 

Das File: /work/eauten2s/ec_criteria_struct/lct/input/dataset/test/input/NCT03860415.txt wurde erfolgreich geladen.
Die Daten wurden erfolgreich in '/work/eauten2s/ec_criteria_struct/lct/evaluate_parse_1/eval_n_shot/eval_1_shot/model_output/1_shot_v_17/output/Llama-3-70B-Instruct_NCT03860415_1_shot.txt' gespeichert.
File: NCT03860454 

Das File: /work/eauten2s/ec_criteria_struct/lct/input/dataset/test/input/NCT03860454.txt wurde erfolgreich geladen.
Die Daten wurden erfolgreich in '/work/eauten2s/ec_criteria_struct/lct/evaluate_parse_1/eval_n_shot/eval_1_shot/model_output/1_shot_v_17/output/Llama-3-70B-Instruct_NCT03860454_1_shot.txt' gespeichert.
File: NCT03860584 

Das File: /work/eauten2s/ec_criteria_struct/lct/input/dataset/test/input/NCT03860584.txt wurde erfolgreich geladen.
Die Daten wurden erfolgreich in '/work/eauten2s/ec_criteria_struct/lct/evaluate_parse_1/eval_n_shot/eval_1_shot/model_output/1_shot_v_17/output/Llama-3-70B-Instruct_NCT03860584_1_shot.txt' gespeichert.
File: NCT03860766 

Das File: /work/eauten2s/ec_criteria_struct/lct/input/dataset/test/input/NCT03860766.txt wurde erfolgreich geladen.
Die Daten wurden erfolgreich in '/work/eauten2s/ec_criteria_struct/lct/evaluate_parse_1/eval_n_shot/eval_1_shot/model_output/1_shot_v_17/output/Llama-3-70B-Instruct_NCT03860766_1_shot.txt' gespeichert.
File: NCT03860896 

Das File: /work/eauten2s/ec_criteria_struct/lct/input/dataset/test/input/NCT03860896.txt wurde erfolgreich geladen.
Die Daten wurden erfolgreich in '/work/eauten2s/ec_criteria_struct/lct/evaluate_parse_1/eval_n_shot/eval_1_shot/model_output/1_shot_v_17/output/Llama-3-70B-Instruct_NCT03860896_1_shot.txt' gespeichert.
File: NCT03861182 

Das File: /work/eauten2s/ec_criteria_struct/lct/input/dataset/test/input/NCT03861182.txt wurde erfolgreich geladen.
Die Daten wurden erfolgreich in '/work/eauten2s/ec_criteria_struct/lct/evaluate_parse_1/eval_n_shot/eval_1_shot/model_output/1_shot_v_17/output/Llama-3-70B-Instruct_NCT03861182_1_shot.txt' gespeichert.
File: NCT03861195 

Das File: /work/eauten2s/ec_criteria_struct/lct/input/dataset/test/input/NCT03861195.txt wurde erfolgreich geladen.
Die Daten wurden erfolgreich in '/work/eauten2s/ec_criteria_struct/lct/evaluate_parse_1/eval_n_shot/eval_1_shot/model_output/1_shot_v_17/output/Llama-3-70B-Instruct_NCT03861195_1_shot.txt' gespeichert.
File: NCT03861299 

Das File: /work/eauten2s/ec_criteria_struct/lct/input/dataset/test/input/NCT03861299.txt wurde erfolgreich geladen.
Die Daten wurden erfolgreich in '/work/eauten2s/ec_criteria_struct/lct/evaluate_parse_1/eval_n_shot/eval_1_shot/model_output/1_shot_v_17/output/Llama-3-70B-Instruct_NCT03861299_1_shot.txt' gespeichert.
File: NCT03861312 

Das File: /work/eauten2s/ec_criteria_struct/lct/input/dataset/test/input/NCT03861312.txt wurde erfolgreich geladen.
Die Daten wurden erfolgreich in '/work/eauten2s/ec_criteria_struct/lct/evaluate_parse_1/eval_n_shot/eval_1_shot/model_output/1_shot_v_17/output/Llama-3-70B-Instruct_NCT03861312_1_shot.txt' gespeichert.
File: NCT03861429 

Das File: /work/eauten2s/ec_criteria_struct/lct/input/dataset/test/input/NCT03861429.txt wurde erfolgreich geladen.
Die Daten wurden erfolgreich in '/work/eauten2s/ec_criteria_struct/lct/evaluate_parse_1/eval_n_shot/eval_1_shot/model_output/1_shot_v_17/output/Llama-3-70B-Instruct_NCT03861429_1_shot.txt' gespeichert.
File: NCT03861494 

Das File: /work/eauten2s/ec_criteria_struct/lct/input/dataset/test/input/NCT03861494.txt wurde erfolgreich geladen.
Die Daten wurden erfolgreich in '/work/eauten2s/ec_criteria_struct/lct/evaluate_parse_1/eval_n_shot/eval_1_shot/model_output/1_shot_v_17/output/Llama-3-70B-Instruct_NCT03861494_1_shot.txt' gespeichert.
File: NCT03861507 

Das File: /work/eauten2s/ec_criteria_struct/lct/input/dataset/test/input/NCT03861507.txt wurde erfolgreich geladen.
Die Daten wurden erfolgreich in '/work/eauten2s/ec_criteria_struct/lct/evaluate_parse_1/eval_n_shot/eval_1_shot/model_output/1_shot_v_17/output/Llama-3-70B-Instruct_NCT03861507_1_shot.txt' gespeichert.
File: NCT03861546 

Das File: /work/eauten2s/ec_criteria_struct/lct/input/dataset/test/input/NCT03861546.txt wurde erfolgreich geladen.
Die Daten wurden erfolgreich in '/work/eauten2s/ec_criteria_struct/lct/evaluate_parse_1/eval_n_shot/eval_1_shot/model_output/1_shot_v_17/output/Llama-3-70B-Instruct_NCT03861546_1_shot.txt' gespeichert.
File: NCT03861572 

Das File: /work/eauten2s/ec_criteria_struct/lct/input/dataset/test/input/NCT03861572.txt wurde erfolgreich geladen.
Die Daten wurden erfolgreich in '/work/eauten2s/ec_criteria_struct/lct/evaluate_parse_1/eval_n_shot/eval_1_shot/model_output/1_shot_v_17/output/Llama-3-70B-Instruct_NCT03861572_1_shot.txt' gespeichert.
File: NCT03861624 

Das File: /work/eauten2s/ec_criteria_struct/lct/input/dataset/test/input/NCT03861624.txt wurde erfolgreich geladen.
Die Daten wurden erfolgreich in '/work/eauten2s/ec_criteria_struct/lct/evaluate_parse_1/eval_n_shot/eval_1_shot/model_output/1_shot_v_17/output/Llama-3-70B-Instruct_NCT03861624_1_shot.txt' gespeichert.
File: NCT03861650 

Das File: /work/eauten2s/ec_criteria_struct/lct/input/dataset/test/input/NCT03861650.txt wurde erfolgreich geladen.
Die Daten wurden erfolgreich in '/work/eauten2s/ec_criteria_struct/lct/evaluate_parse_1/eval_n_shot/eval_1_shot/model_output/1_shot_v_17/output/Llama-3-70B-Instruct_NCT03861650_1_shot.txt' gespeichert.
File: NCT03861845 

Das File: /work/eauten2s/ec_criteria_struct/lct/input/dataset/test/input/NCT03861845.txt wurde erfolgreich geladen.
Die Daten wurden erfolgreich in '/work/eauten2s/ec_criteria_struct/lct/evaluate_parse_1/eval_n_shot/eval_1_shot/model_output/1_shot_v_17/output/Llama-3-70B-Instruct_NCT03861845_1_shot.txt' gespeichert.
File: NCT03861884 

Das File: /work/eauten2s/ec_criteria_struct/lct/input/dataset/test/input/NCT03861884.txt wurde erfolgreich geladen.
Die Daten wurden erfolgreich in '/work/eauten2s/ec_criteria_struct/lct/evaluate_parse_1/eval_n_shot/eval_1_shot/model_output/1_shot_v_17/output/Llama-3-70B-Instruct_NCT03861884_1_shot.txt' gespeichert.
File: NCT03862014 

Das File: /work/eauten2s/ec_criteria_struct/lct/input/dataset/test/input/NCT03862014.txt wurde erfolgreich geladen.
Die Daten wurden erfolgreich in '/work/eauten2s/ec_criteria_struct/lct/evaluate_parse_1/eval_n_shot/eval_1_shot/model_output/1_shot_v_17/output/Llama-3-70B-Instruct_NCT03862014_1_shot.txt' gespeichert.
File: NCT03862105 

Das File: /work/eauten2s/ec_criteria_struct/lct/input/dataset/test/input/NCT03862105.txt wurde erfolgreich geladen.
Die Daten wurden erfolgreich in '/work/eauten2s/ec_criteria_struct/lct/evaluate_parse_1/eval_n_shot/eval_1_shot/model_output/1_shot_v_17/output/Llama-3-70B-Instruct_NCT03862105_1_shot.txt' gespeichert.
File: NCT03862248 

Das File: /work/eauten2s/ec_criteria_struct/lct/input/dataset/test/input/NCT03862248.txt wurde erfolgreich geladen.
Die Daten wurden erfolgreich in '/work/eauten2s/ec_criteria_struct/lct/evaluate_parse_1/eval_n_shot/eval_1_shot/model_output/1_shot_v_17/output/Llama-3-70B-Instruct_NCT03862248_1_shot.txt' gespeichert.
File: NCT03862287 

Das File: /work/eauten2s/ec_criteria_struct/lct/input/dataset/test/input/NCT03862287.txt wurde erfolgreich geladen.
Die Daten wurden erfolgreich in '/work/eauten2s/ec_criteria_struct/lct/evaluate_parse_1/eval_n_shot/eval_1_shot/model_output/1_shot_v_17/output/Llama-3-70B-Instruct_NCT03862287_1_shot.txt' gespeichert.
File: NCT03862482 

Das File: /work/eauten2s/ec_criteria_struct/lct/input/dataset/test/input/NCT03862482.txt wurde erfolgreich geladen.
Die Daten wurden erfolgreich in '/work/eauten2s/ec_criteria_struct/lct/evaluate_parse_1/eval_n_shot/eval_1_shot/model_output/1_shot_v_17/output/Llama-3-70B-Instruct_NCT03862482_1_shot.txt' gespeichert.
File: NCT03862755 

Das File: /work/eauten2s/ec_criteria_struct/lct/input/dataset/test/input/NCT03862755.txt wurde erfolgreich geladen.
Die Daten wurden erfolgreich in '/work/eauten2s/ec_criteria_struct/lct/evaluate_parse_1/eval_n_shot/eval_1_shot/model_output/1_shot_v_17/output/Llama-3-70B-Instruct_NCT03862755_1_shot.txt' gespeichert.
File: NCT03862781 

Das File: /work/eauten2s/ec_criteria_struct/lct/input/dataset/test/input/NCT03862781.txt wurde erfolgreich geladen.
Die Daten wurden erfolgreich in '/work/eauten2s/ec_criteria_struct/lct/evaluate_parse_1/eval_n_shot/eval_1_shot/model_output/1_shot_v_17/output/Llama-3-70B-Instruct_NCT03862781_1_shot.txt' gespeichert.
File: NCT03862820 

Das File: /work/eauten2s/ec_criteria_struct/lct/input/dataset/test/input/NCT03862820.txt wurde erfolgreich geladen.
Die Daten wurden erfolgreich in '/work/eauten2s/ec_criteria_struct/lct/evaluate_parse_1/eval_n_shot/eval_1_shot/model_output/1_shot_v_17/output/Llama-3-70B-Instruct_NCT03862820_1_shot.txt' gespeichert.
File: NCT03863275 

Das File: /work/eauten2s/ec_criteria_struct/lct/input/dataset/test/input/NCT03863275.txt wurde erfolgreich geladen.
Die Daten wurden erfolgreich in '/work/eauten2s/ec_criteria_struct/lct/evaluate_parse_1/eval_n_shot/eval_1_shot/model_output/1_shot_v_17/output/Llama-3-70B-Instruct_NCT03863275_1_shot.txt' gespeichert.
File: NCT03863444 

Das File: /work/eauten2s/ec_criteria_struct/lct/input/dataset/test/input/NCT03863444.txt wurde erfolgreich geladen.
Die Daten wurden erfolgreich in '/work/eauten2s/ec_criteria_struct/lct/evaluate_parse_1/eval_n_shot/eval_1_shot/model_output/1_shot_v_17/output/Llama-3-70B-Instruct_NCT03863444_1_shot.txt' gespeichert.
File: NCT03863535 

Das File: /work/eauten2s/ec_criteria_struct/lct/input/dataset/test/input/NCT03863535.txt wurde erfolgreich geladen.
Die Daten wurden erfolgreich in '/work/eauten2s/ec_criteria_struct/lct/evaluate_parse_1/eval_n_shot/eval_1_shot/model_output/1_shot_v_17/output/Llama-3-70B-Instruct_NCT03863535_1_shot.txt' gespeichert.
File: NCT03863717 

Das File: /work/eauten2s/ec_criteria_struct/lct/input/dataset/test/input/NCT03863717.txt wurde erfolgreich geladen.
Die Daten wurden erfolgreich in '/work/eauten2s/ec_criteria_struct/lct/evaluate_parse_1/eval_n_shot/eval_1_shot/model_output/1_shot_v_17/output/Llama-3-70B-Instruct_NCT03863717_1_shot.txt' gespeichert.
File: NCT03863951 

Das File: /work/eauten2s/ec_criteria_struct/lct/input/dataset/test/input/NCT03863951.txt wurde erfolgreich geladen.
Die Daten wurden erfolgreich in '/work/eauten2s/ec_criteria_struct/lct/evaluate_parse_1/eval_n_shot/eval_1_shot/model_output/1_shot_v_17/output/Llama-3-70B-Instruct_NCT03863951_1_shot.txt' gespeichert.
File: NCT03863977 

Das File: /work/eauten2s/ec_criteria_struct/lct/input/dataset/test/input/NCT03863977.txt wurde erfolgreich geladen.
Die Daten wurden erfolgreich in '/work/eauten2s/ec_criteria_struct/lct/evaluate_parse_1/eval_n_shot/eval_1_shot/model_output/1_shot_v_17/output/Llama-3-70B-Instruct_NCT03863977_1_shot.txt' gespeichert.
File: NCT03864133 

Das File: /work/eauten2s/ec_criteria_struct/lct/input/dataset/test/input/NCT03864133.txt wurde erfolgreich geladen.
Die Daten wurden erfolgreich in '/work/eauten2s/ec_criteria_struct/lct/evaluate_parse_1/eval_n_shot/eval_1_shot/model_output/1_shot_v_17/output/Llama-3-70B-Instruct_NCT03864133_1_shot.txt' gespeichert.
File: NCT03864159 

Das File: /work/eauten2s/ec_criteria_struct/lct/input/dataset/test/input/NCT03864159.txt wurde erfolgreich geladen.
Die Daten wurden erfolgreich in '/work/eauten2s/ec_criteria_struct/lct/evaluate_parse_1/eval_n_shot/eval_1_shot/model_output/1_shot_v_17/output/Llama-3-70B-Instruct_NCT03864159_1_shot.txt' gespeichert.
File: NCT03864172 

Das File: /work/eauten2s/ec_criteria_struct/lct/input/dataset/test/input/NCT03864172.txt wurde erfolgreich geladen.
Die Daten wurden erfolgreich in '/work/eauten2s/ec_criteria_struct/lct/evaluate_parse_1/eval_n_shot/eval_1_shot/model_output/1_shot_v_17/output/Llama-3-70B-Instruct_NCT03864172_1_shot.txt' gespeichert.
File: NCT03864263 

Das File: /work/eauten2s/ec_criteria_struct/lct/input/dataset/test/input/NCT03864263.txt wurde erfolgreich geladen.
Die Daten wurden erfolgreich in '/work/eauten2s/ec_criteria_struct/lct/evaluate_parse_1/eval_n_shot/eval_1_shot/model_output/1_shot_v_17/output/Llama-3-70B-Instruct_NCT03864263_1_shot.txt' gespeichert.
File: NCT03864289 

Das File: /work/eauten2s/ec_criteria_struct/lct/input/dataset/test/input/NCT03864289.txt wurde erfolgreich geladen.
Die Daten wurden erfolgreich in '/work/eauten2s/ec_criteria_struct/lct/evaluate_parse_1/eval_n_shot/eval_1_shot/model_output/1_shot_v_17/output/Llama-3-70B-Instruct_NCT03864289_1_shot.txt' gespeichert.
File: NCT03864341 

Das File: /work/eauten2s/ec_criteria_struct/lct/input/dataset/test/input/NCT03864341.txt wurde erfolgreich geladen.
Die Daten wurden erfolgreich in '/work/eauten2s/ec_criteria_struct/lct/evaluate_parse_1/eval_n_shot/eval_1_shot/model_output/1_shot_v_17/output/Llama-3-70B-Instruct_NCT03864341_1_shot.txt' gespeichert.
File: NCT03864380 

Das File: /work/eauten2s/ec_criteria_struct/lct/input/dataset/test/input/NCT03864380.txt wurde erfolgreich geladen.
Die Daten wurden erfolgreich in '/work/eauten2s/ec_criteria_struct/lct/evaluate_parse_1/eval_n_shot/eval_1_shot/model_output/1_shot_v_17/output/Llama-3-70B-Instruct_NCT03864380_1_shot.txt' gespeichert.
File: NCT03864705 

Das File: /work/eauten2s/ec_criteria_struct/lct/input/dataset/test/input/NCT03864705.txt wurde erfolgreich geladen.
Die Daten wurden erfolgreich in '/work/eauten2s/ec_criteria_struct/lct/evaluate_parse_1/eval_n_shot/eval_1_shot/model_output/1_shot_v_17/output/Llama-3-70B-Instruct_NCT03864705_1_shot.txt' gespeichert.
File: NCT03864731 

Das File: /work/eauten2s/ec_criteria_struct/lct/input/dataset/test/input/NCT03864731.txt wurde erfolgreich geladen.
Die Daten wurden erfolgreich in '/work/eauten2s/ec_criteria_struct/lct/evaluate_parse_1/eval_n_shot/eval_1_shot/model_output/1_shot_v_17/output/Llama-3-70B-Instruct_NCT03864731_1_shot.txt' gespeichert.
File: NCT03864835 

Das File: /work/eauten2s/ec_criteria_struct/lct/input/dataset/test/input/NCT03864835.txt wurde erfolgreich geladen.
Die Daten wurden erfolgreich in '/work/eauten2s/ec_criteria_struct/lct/evaluate_parse_1/eval_n_shot/eval_1_shot/model_output/1_shot_v_17/output/Llama-3-70B-Instruct_NCT03864835_1_shot.txt' gespeichert.
File: NCT03864887 

Das File: /work/eauten2s/ec_criteria_struct/lct/input/dataset/test/input/NCT03864887.txt wurde erfolgreich geladen.
Die Daten wurden erfolgreich in '/work/eauten2s/ec_criteria_struct/lct/evaluate_parse_1/eval_n_shot/eval_1_shot/model_output/1_shot_v_17/output/Llama-3-70B-Instruct_NCT03864887_1_shot.txt' gespeichert.
File: NCT03864913 

Das File: /work/eauten2s/ec_criteria_struct/lct/input/dataset/test/input/NCT03864913.txt wurde erfolgreich geladen.
Die Daten wurden erfolgreich in '/work/eauten2s/ec_criteria_struct/lct/evaluate_parse_1/eval_n_shot/eval_1_shot/model_output/1_shot_v_17/output/Llama-3-70B-Instruct_NCT03864913_1_shot.txt' gespeichert.
File: NCT03865043 

Das File: /work/eauten2s/ec_criteria_struct/lct/input/dataset/test/input/NCT03865043.txt wurde erfolgreich geladen.
Die Daten wurden erfolgreich in '/work/eauten2s/ec_criteria_struct/lct/evaluate_parse_1/eval_n_shot/eval_1_shot/model_output/1_shot_v_17/output/Llama-3-70B-Instruct_NCT03865043_1_shot.txt' gespeichert.
File: NCT03865108 

Das File: /work/eauten2s/ec_criteria_struct/lct/input/dataset/test/input/NCT03865108.txt wurde erfolgreich geladen.
Die Daten wurden erfolgreich in '/work/eauten2s/ec_criteria_struct/lct/evaluate_parse_1/eval_n_shot/eval_1_shot/model_output/1_shot_v_17/output/Llama-3-70B-Instruct_NCT03865108_1_shot.txt' gespeichert.
File: NCT03865121 

Das File: /work/eauten2s/ec_criteria_struct/lct/input/dataset/test/input/NCT03865121.txt wurde erfolgreich geladen.
Die Daten wurden erfolgreich in '/work/eauten2s/ec_criteria_struct/lct/evaluate_parse_1/eval_n_shot/eval_1_shot/model_output/1_shot_v_17/output/Llama-3-70B-Instruct_NCT03865121_1_shot.txt' gespeichert.
File: NCT03865134 

Das File: /work/eauten2s/ec_criteria_struct/lct/input/dataset/test/input/NCT03865134.txt wurde erfolgreich geladen.
Die Daten wurden erfolgreich in '/work/eauten2s/ec_criteria_struct/lct/evaluate_parse_1/eval_n_shot/eval_1_shot/model_output/1_shot_v_17/output/Llama-3-70B-Instruct_NCT03865134_1_shot.txt' gespeichert.
File: NCT03865199 

Das File: /work/eauten2s/ec_criteria_struct/lct/input/dataset/test/input/NCT03865199.txt wurde erfolgreich geladen.
Die Daten wurden erfolgreich in '/work/eauten2s/ec_criteria_struct/lct/evaluate_parse_1/eval_n_shot/eval_1_shot/model_output/1_shot_v_17/output/Llama-3-70B-Instruct_NCT03865199_1_shot.txt' gespeichert.
File: NCT03865420 

Das File: /work/eauten2s/ec_criteria_struct/lct/input/dataset/test/input/NCT03865420.txt wurde erfolgreich geladen.
Die Daten wurden erfolgreich in '/work/eauten2s/ec_criteria_struct/lct/evaluate_parse_1/eval_n_shot/eval_1_shot/model_output/1_shot_v_17/output/Llama-3-70B-Instruct_NCT03865420_1_shot.txt' gespeichert.
File: NCT03865524 

Das File: /work/eauten2s/ec_criteria_struct/lct/input/dataset/test/input/NCT03865524.txt wurde erfolgreich geladen.
Die Daten wurden erfolgreich in '/work/eauten2s/ec_criteria_struct/lct/evaluate_parse_1/eval_n_shot/eval_1_shot/model_output/1_shot_v_17/output/Llama-3-70B-Instruct_NCT03865524_1_shot.txt' gespeichert.
File: NCT03865602 

Das File: /work/eauten2s/ec_criteria_struct/lct/input/dataset/test/input/NCT03865602.txt wurde erfolgreich geladen.
Die Daten wurden erfolgreich in '/work/eauten2s/ec_criteria_struct/lct/evaluate_parse_1/eval_n_shot/eval_1_shot/model_output/1_shot_v_17/output/Llama-3-70B-Instruct_NCT03865602_1_shot.txt' gespeichert.
File: NCT03865693 

Das File: /work/eauten2s/ec_criteria_struct/lct/input/dataset/test/input/NCT03865693.txt wurde erfolgreich geladen.
Die Daten wurden erfolgreich in '/work/eauten2s/ec_criteria_struct/lct/evaluate_parse_1/eval_n_shot/eval_1_shot/model_output/1_shot_v_17/output/Llama-3-70B-Instruct_NCT03865693_1_shot.txt' gespeichert.
File: NCT03865758 

Das File: /work/eauten2s/ec_criteria_struct/lct/input/dataset/test/input/NCT03865758.txt wurde erfolgreich geladen.
Die Daten wurden erfolgreich in '/work/eauten2s/ec_criteria_struct/lct/evaluate_parse_1/eval_n_shot/eval_1_shot/model_output/1_shot_v_17/output/Llama-3-70B-Instruct_NCT03865758_1_shot.txt' gespeichert.
File: NCT03865784 

Das File: /work/eauten2s/ec_criteria_struct/lct/input/dataset/test/input/NCT03865784.txt wurde erfolgreich geladen.
Die Daten wurden erfolgreich in '/work/eauten2s/ec_criteria_struct/lct/evaluate_parse_1/eval_n_shot/eval_1_shot/model_output/1_shot_v_17/output/Llama-3-70B-Instruct_NCT03865784_1_shot.txt' gespeichert.
File: NCT03865810 

Das File: /work/eauten2s/ec_criteria_struct/lct/input/dataset/test/input/NCT03865810.txt wurde erfolgreich geladen.
Die Daten wurden erfolgreich in '/work/eauten2s/ec_criteria_struct/lct/evaluate_parse_1/eval_n_shot/eval_1_shot/model_output/1_shot_v_17/output/Llama-3-70B-Instruct_NCT03865810_1_shot.txt' gespeichert.
File: NCT03865823 

Das File: /work/eauten2s/ec_criteria_struct/lct/input/dataset/test/input/NCT03865823.txt wurde erfolgreich geladen.
Die Daten wurden erfolgreich in '/work/eauten2s/ec_criteria_struct/lct/evaluate_parse_1/eval_n_shot/eval_1_shot/model_output/1_shot_v_17/output/Llama-3-70B-Instruct_NCT03865823_1_shot.txt' gespeichert.
File: NCT03865953 

Das File: /work/eauten2s/ec_criteria_struct/lct/input/dataset/test/input/NCT03865953.txt wurde erfolgreich geladen.
Die Daten wurden erfolgreich in '/work/eauten2s/ec_criteria_struct/lct/evaluate_parse_1/eval_n_shot/eval_1_shot/model_output/1_shot_v_17/output/Llama-3-70B-Instruct_NCT03865953_1_shot.txt' gespeichert.
File: NCT03866018 

Das File: /work/eauten2s/ec_criteria_struct/lct/input/dataset/test/input/NCT03866018.txt wurde erfolgreich geladen.
Die Daten wurden erfolgreich in '/work/eauten2s/ec_criteria_struct/lct/evaluate_parse_1/eval_n_shot/eval_1_shot/model_output/1_shot_v_17/output/Llama-3-70B-Instruct_NCT03866018_1_shot.txt' gespeichert.
File: NCT03866031 

Das File: /work/eauten2s/ec_criteria_struct/lct/input/dataset/test/input/NCT03866031.txt wurde erfolgreich geladen.
Die Daten wurden erfolgreich in '/work/eauten2s/ec_criteria_struct/lct/evaluate_parse_1/eval_n_shot/eval_1_shot/model_output/1_shot_v_17/output/Llama-3-70B-Instruct_NCT03866031_1_shot.txt' gespeichert.
File: NCT03866057 

Das File: /work/eauten2s/ec_criteria_struct/lct/input/dataset/test/input/NCT03866057.txt wurde erfolgreich geladen.
Die Daten wurden erfolgreich in '/work/eauten2s/ec_criteria_struct/lct/evaluate_parse_1/eval_n_shot/eval_1_shot/model_output/1_shot_v_17/output/Llama-3-70B-Instruct_NCT03866057_1_shot.txt' gespeichert.
File: NCT03866083 

Das File: /work/eauten2s/ec_criteria_struct/lct/input/dataset/test/input/NCT03866083.txt wurde erfolgreich geladen.
Die Daten wurden erfolgreich in '/work/eauten2s/ec_criteria_struct/lct/evaluate_parse_1/eval_n_shot/eval_1_shot/model_output/1_shot_v_17/output/Llama-3-70B-Instruct_NCT03866083_1_shot.txt' gespeichert.
File: NCT03866148 

Das File: /work/eauten2s/ec_criteria_struct/lct/input/dataset/test/input/NCT03866148.txt wurde erfolgreich geladen.
Die Daten wurden erfolgreich in '/work/eauten2s/ec_criteria_struct/lct/evaluate_parse_1/eval_n_shot/eval_1_shot/model_output/1_shot_v_17/output/Llama-3-70B-Instruct_NCT03866148_1_shot.txt' gespeichert.
File: NCT03866213 

Das File: /work/eauten2s/ec_criteria_struct/lct/input/dataset/test/input/NCT03866213.txt wurde erfolgreich geladen.
Die Daten wurden erfolgreich in '/work/eauten2s/ec_criteria_struct/lct/evaluate_parse_1/eval_n_shot/eval_1_shot/model_output/1_shot_v_17/output/Llama-3-70B-Instruct_NCT03866213_1_shot.txt' gespeichert.
File: NCT03866252 

Das File: /work/eauten2s/ec_criteria_struct/lct/input/dataset/test/input/NCT03866252.txt wurde erfolgreich geladen.
Die Daten wurden erfolgreich in '/work/eauten2s/ec_criteria_struct/lct/evaluate_parse_1/eval_n_shot/eval_1_shot/model_output/1_shot_v_17/output/Llama-3-70B-Instruct_NCT03866252_1_shot.txt' gespeichert.
File: NCT03866356 

Das File: /work/eauten2s/ec_criteria_struct/lct/input/dataset/test/input/NCT03866356.txt wurde erfolgreich geladen.
Die Daten wurden erfolgreich in '/work/eauten2s/ec_criteria_struct/lct/evaluate_parse_1/eval_n_shot/eval_1_shot/model_output/1_shot_v_17/output/Llama-3-70B-Instruct_NCT03866356_1_shot.txt' gespeichert.
File: NCT03866486 

Das File: /work/eauten2s/ec_criteria_struct/lct/input/dataset/test/input/NCT03866486.txt wurde erfolgreich geladen.
Die Daten wurden erfolgreich in '/work/eauten2s/ec_criteria_struct/lct/evaluate_parse_1/eval_n_shot/eval_1_shot/model_output/1_shot_v_17/output/Llama-3-70B-Instruct_NCT03866486_1_shot.txt' gespeichert.
File: NCT03866499 

Das File: /work/eauten2s/ec_criteria_struct/lct/input/dataset/test/input/NCT03866499.txt wurde erfolgreich geladen.
Die Daten wurden erfolgreich in '/work/eauten2s/ec_criteria_struct/lct/evaluate_parse_1/eval_n_shot/eval_1_shot/model_output/1_shot_v_17/output/Llama-3-70B-Instruct_NCT03866499_1_shot.txt' gespeichert.
File: NCT03866538 

Das File: /work/eauten2s/ec_criteria_struct/lct/input/dataset/test/input/NCT03866538.txt wurde erfolgreich geladen.
Die Daten wurden erfolgreich in '/work/eauten2s/ec_criteria_struct/lct/evaluate_parse_1/eval_n_shot/eval_1_shot/model_output/1_shot_v_17/output/Llama-3-70B-Instruct_NCT03866538_1_shot.txt' gespeichert.
File: NCT03866837 

Das File: /work/eauten2s/ec_criteria_struct/lct/input/dataset/test/input/NCT03866837.txt wurde erfolgreich geladen.
Die Daten wurden erfolgreich in '/work/eauten2s/ec_criteria_struct/lct/evaluate_parse_1/eval_n_shot/eval_1_shot/model_output/1_shot_v_17/output/Llama-3-70B-Instruct_NCT03866837_1_shot.txt' gespeichert.
File: NCT03866850 

Das File: /work/eauten2s/ec_criteria_struct/lct/input/dataset/test/input/NCT03866850.txt wurde erfolgreich geladen.
Die Daten wurden erfolgreich in '/work/eauten2s/ec_criteria_struct/lct/evaluate_parse_1/eval_n_shot/eval_1_shot/model_output/1_shot_v_17/output/Llama-3-70B-Instruct_NCT03866850_1_shot.txt' gespeichert.
File: NCT03866902 

Das File: /work/eauten2s/ec_criteria_struct/lct/input/dataset/test/input/NCT03866902.txt wurde erfolgreich geladen.
Die Daten wurden erfolgreich in '/work/eauten2s/ec_criteria_struct/lct/evaluate_parse_1/eval_n_shot/eval_1_shot/model_output/1_shot_v_17/output/Llama-3-70B-Instruct_NCT03866902_1_shot.txt' gespeichert.
File: NCT03866941 

Das File: /work/eauten2s/ec_criteria_struct/lct/input/dataset/test/input/NCT03866941.txt wurde erfolgreich geladen.
Die Daten wurden erfolgreich in '/work/eauten2s/ec_criteria_struct/lct/evaluate_parse_1/eval_n_shot/eval_1_shot/model_output/1_shot_v_17/output/Llama-3-70B-Instruct_NCT03866941_1_shot.txt' gespeichert.
File: NCT03867188 

Das File: /work/eauten2s/ec_criteria_struct/lct/input/dataset/test/input/NCT03867188.txt wurde erfolgreich geladen.
Die Daten wurden erfolgreich in '/work/eauten2s/ec_criteria_struct/lct/evaluate_parse_1/eval_n_shot/eval_1_shot/model_output/1_shot_v_17/output/Llama-3-70B-Instruct_NCT03867188_1_shot.txt' gespeichert.
File: NCT03867214 

Das File: /work/eauten2s/ec_criteria_struct/lct/input/dataset/test/input/NCT03867214.txt wurde erfolgreich geladen.
Die Daten wurden erfolgreich in '/work/eauten2s/ec_criteria_struct/lct/evaluate_parse_1/eval_n_shot/eval_1_shot/model_output/1_shot_v_17/output/Llama-3-70B-Instruct_NCT03867214_1_shot.txt' gespeichert.
File: NCT03867305 

Das File: /work/eauten2s/ec_criteria_struct/lct/input/dataset/test/input/NCT03867305.txt wurde erfolgreich geladen.
Die Daten wurden erfolgreich in '/work/eauten2s/ec_criteria_struct/lct/evaluate_parse_1/eval_n_shot/eval_1_shot/model_output/1_shot_v_17/output/Llama-3-70B-Instruct_NCT03867305_1_shot.txt' gespeichert.
File: NCT03867461 

Das File: /work/eauten2s/ec_criteria_struct/lct/input/dataset/test/input/NCT03867461.txt wurde erfolgreich geladen.
Die Daten wurden erfolgreich in '/work/eauten2s/ec_criteria_struct/lct/evaluate_parse_1/eval_n_shot/eval_1_shot/model_output/1_shot_v_17/output/Llama-3-70B-Instruct_NCT03867461_1_shot.txt' gespeichert.
File: NCT03867526 

Das File: /work/eauten2s/ec_criteria_struct/lct/input/dataset/test/input/NCT03867526.txt wurde erfolgreich geladen.
Die Daten wurden erfolgreich in '/work/eauten2s/ec_criteria_struct/lct/evaluate_parse_1/eval_n_shot/eval_1_shot/model_output/1_shot_v_17/output/Llama-3-70B-Instruct_NCT03867526_1_shot.txt' gespeichert.
File: NCT03867539 

Das File: /work/eauten2s/ec_criteria_struct/lct/input/dataset/test/input/NCT03867539.txt wurde erfolgreich geladen.
Die Daten wurden erfolgreich in '/work/eauten2s/ec_criteria_struct/lct/evaluate_parse_1/eval_n_shot/eval_1_shot/model_output/1_shot_v_17/output/Llama-3-70B-Instruct_NCT03867539_1_shot.txt' gespeichert.
File: NCT03867643 

Das File: /work/eauten2s/ec_criteria_struct/lct/input/dataset/test/input/NCT03867643.txt wurde erfolgreich geladen.
Die Daten wurden erfolgreich in '/work/eauten2s/ec_criteria_struct/lct/evaluate_parse_1/eval_n_shot/eval_1_shot/model_output/1_shot_v_17/output/Llama-3-70B-Instruct_NCT03867643_1_shot.txt' gespeichert.
File: NCT03867734 

Das File: /work/eauten2s/ec_criteria_struct/lct/input/dataset/test/input/NCT03867734.txt wurde erfolgreich geladen.
Die Daten wurden erfolgreich in '/work/eauten2s/ec_criteria_struct/lct/evaluate_parse_1/eval_n_shot/eval_1_shot/model_output/1_shot_v_17/output/Llama-3-70B-Instruct_NCT03867734_1_shot.txt' gespeichert.
File: NCT03867929 

Das File: /work/eauten2s/ec_criteria_struct/lct/input/dataset/test/input/NCT03867929.txt wurde erfolgreich geladen.
Die Daten wurden erfolgreich in '/work/eauten2s/ec_criteria_struct/lct/evaluate_parse_1/eval_n_shot/eval_1_shot/model_output/1_shot_v_17/output/Llama-3-70B-Instruct_NCT03867929_1_shot.txt' gespeichert.
File: NCT03868189 

Das File: /work/eauten2s/ec_criteria_struct/lct/input/dataset/test/input/NCT03868189.txt wurde erfolgreich geladen.
Die Daten wurden erfolgreich in '/work/eauten2s/ec_criteria_struct/lct/evaluate_parse_1/eval_n_shot/eval_1_shot/model_output/1_shot_v_17/output/Llama-3-70B-Instruct_NCT03868189_1_shot.txt' gespeichert.
File: NCT03868254 

Das File: /work/eauten2s/ec_criteria_struct/lct/input/dataset/test/input/NCT03868254.txt wurde erfolgreich geladen.
Die Daten wurden erfolgreich in '/work/eauten2s/ec_criteria_struct/lct/evaluate_parse_1/eval_n_shot/eval_1_shot/model_output/1_shot_v_17/output/Llama-3-70B-Instruct_NCT03868254_1_shot.txt' gespeichert.
File: NCT03868332 

Das File: /work/eauten2s/ec_criteria_struct/lct/input/dataset/test/input/NCT03868332.txt wurde erfolgreich geladen.
Die Daten wurden erfolgreich in '/work/eauten2s/ec_criteria_struct/lct/evaluate_parse_1/eval_n_shot/eval_1_shot/model_output/1_shot_v_17/output/Llama-3-70B-Instruct_NCT03868332_1_shot.txt' gespeichert.
File: NCT03868345 

Das File: /work/eauten2s/ec_criteria_struct/lct/input/dataset/test/input/NCT03868345.txt wurde erfolgreich geladen.
Die Daten wurden erfolgreich in '/work/eauten2s/ec_criteria_struct/lct/evaluate_parse_1/eval_n_shot/eval_1_shot/model_output/1_shot_v_17/output/Llama-3-70B-Instruct_NCT03868345_1_shot.txt' gespeichert.
File: NCT03868384 

Das File: /work/eauten2s/ec_criteria_struct/lct/input/dataset/test/input/NCT03868384.txt wurde erfolgreich geladen.
Die Daten wurden erfolgreich in '/work/eauten2s/ec_criteria_struct/lct/evaluate_parse_1/eval_n_shot/eval_1_shot/model_output/1_shot_v_17/output/Llama-3-70B-Instruct_NCT03868384_1_shot.txt' gespeichert.
File: NCT03868579 

Das File: /work/eauten2s/ec_criteria_struct/lct/input/dataset/test/input/NCT03868579.txt wurde erfolgreich geladen.
Die Daten wurden erfolgreich in '/work/eauten2s/ec_criteria_struct/lct/evaluate_parse_1/eval_n_shot/eval_1_shot/model_output/1_shot_v_17/output/Llama-3-70B-Instruct_NCT03868579_1_shot.txt' gespeichert.
File: NCT03868644 

Das File: /work/eauten2s/ec_criteria_struct/lct/input/dataset/test/input/NCT03868644.txt wurde erfolgreich geladen.
Die Daten wurden erfolgreich in '/work/eauten2s/ec_criteria_struct/lct/evaluate_parse_1/eval_n_shot/eval_1_shot/model_output/1_shot_v_17/output/Llama-3-70B-Instruct_NCT03868644_1_shot.txt' gespeichert.
File: NCT03868670 

Das File: /work/eauten2s/ec_criteria_struct/lct/input/dataset/test/input/NCT03868670.txt wurde erfolgreich geladen.
Die Daten wurden erfolgreich in '/work/eauten2s/ec_criteria_struct/lct/evaluate_parse_1/eval_n_shot/eval_1_shot/model_output/1_shot_v_17/output/Llama-3-70B-Instruct_NCT03868670_1_shot.txt' gespeichert.
File: NCT03868774 

Das File: /work/eauten2s/ec_criteria_struct/lct/input/dataset/test/input/NCT03868774.txt wurde erfolgreich geladen.
Die Daten wurden erfolgreich in '/work/eauten2s/ec_criteria_struct/lct/evaluate_parse_1/eval_n_shot/eval_1_shot/model_output/1_shot_v_17/output/Llama-3-70B-Instruct_NCT03868774_1_shot.txt' gespeichert.
File: NCT03868813 

Das File: /work/eauten2s/ec_criteria_struct/lct/input/dataset/test/input/NCT03868813.txt wurde erfolgreich geladen.
Die Daten wurden erfolgreich in '/work/eauten2s/ec_criteria_struct/lct/evaluate_parse_1/eval_n_shot/eval_1_shot/model_output/1_shot_v_17/output/Llama-3-70B-Instruct_NCT03868813_1_shot.txt' gespeichert.
File: NCT03868956 

Das File: /work/eauten2s/ec_criteria_struct/lct/input/dataset/test/input/NCT03868956.txt wurde erfolgreich geladen.
Die Daten wurden erfolgreich in '/work/eauten2s/ec_criteria_struct/lct/evaluate_parse_1/eval_n_shot/eval_1_shot/model_output/1_shot_v_17/output/Llama-3-70B-Instruct_NCT03868956_1_shot.txt' gespeichert.
File: NCT03868995 

Das File: /work/eauten2s/ec_criteria_struct/lct/input/dataset/test/input/NCT03868995.txt wurde erfolgreich geladen.
Die Daten wurden erfolgreich in '/work/eauten2s/ec_criteria_struct/lct/evaluate_parse_1/eval_n_shot/eval_1_shot/model_output/1_shot_v_17/output/Llama-3-70B-Instruct_NCT03868995_1_shot.txt' gespeichert.
File: NCT03869281 

Das File: /work/eauten2s/ec_criteria_struct/lct/input/dataset/test/input/NCT03869281.txt wurde erfolgreich geladen.
Die Daten wurden erfolgreich in '/work/eauten2s/ec_criteria_struct/lct/evaluate_parse_1/eval_n_shot/eval_1_shot/model_output/1_shot_v_17/output/Llama-3-70B-Instruct_NCT03869281_1_shot.txt' gespeichert.
File: NCT03869294 

Das File: /work/eauten2s/ec_criteria_struct/lct/input/dataset/test/input/NCT03869294.txt wurde erfolgreich geladen.
Die Daten wurden erfolgreich in '/work/eauten2s/ec_criteria_struct/lct/evaluate_parse_1/eval_n_shot/eval_1_shot/model_output/1_shot_v_17/output/Llama-3-70B-Instruct_NCT03869294_1_shot.txt' gespeichert.
File: NCT03869372 

Das File: /work/eauten2s/ec_criteria_struct/lct/input/dataset/test/input/NCT03869372.txt wurde erfolgreich geladen.
Die Daten wurden erfolgreich in '/work/eauten2s/ec_criteria_struct/lct/evaluate_parse_1/eval_n_shot/eval_1_shot/model_output/1_shot_v_17/output/Llama-3-70B-Instruct_NCT03869372_1_shot.txt' gespeichert.
File: NCT03869502 

Das File: /work/eauten2s/ec_criteria_struct/lct/input/dataset/test/input/NCT03869502.txt wurde erfolgreich geladen.
Die Daten wurden erfolgreich in '/work/eauten2s/ec_criteria_struct/lct/evaluate_parse_1/eval_n_shot/eval_1_shot/model_output/1_shot_v_17/output/Llama-3-70B-Instruct_NCT03869502_1_shot.txt' gespeichert.
File: NCT03869528 

Das File: /work/eauten2s/ec_criteria_struct/lct/input/dataset/test/input/NCT03869528.txt wurde erfolgreich geladen.
Die Daten wurden erfolgreich in '/work/eauten2s/ec_criteria_struct/lct/evaluate_parse_1/eval_n_shot/eval_1_shot/model_output/1_shot_v_17/output/Llama-3-70B-Instruct_NCT03869528_1_shot.txt' gespeichert.
File: NCT03869593 

Das File: /work/eauten2s/ec_criteria_struct/lct/input/dataset/test/input/NCT03869593.txt wurde erfolgreich geladen.
Die Daten wurden erfolgreich in '/work/eauten2s/ec_criteria_struct/lct/evaluate_parse_1/eval_n_shot/eval_1_shot/model_output/1_shot_v_17/output/Llama-3-70B-Instruct_NCT03869593_1_shot.txt' gespeichert.
File: NCT03869606 

Das File: /work/eauten2s/ec_criteria_struct/lct/input/dataset/test/input/NCT03869606.txt wurde erfolgreich geladen.
Die Daten wurden erfolgreich in '/work/eauten2s/ec_criteria_struct/lct/evaluate_parse_1/eval_n_shot/eval_1_shot/model_output/1_shot_v_17/output/Llama-3-70B-Instruct_NCT03869606_1_shot.txt' gespeichert.
File: NCT03869905 

Das File: /work/eauten2s/ec_criteria_struct/lct/input/dataset/test/input/NCT03869905.txt wurde erfolgreich geladen.
Die Daten wurden erfolgreich in '/work/eauten2s/ec_criteria_struct/lct/evaluate_parse_1/eval_n_shot/eval_1_shot/model_output/1_shot_v_17/output/Llama-3-70B-Instruct_NCT03869905_1_shot.txt' gespeichert.
File: NCT03869957 

Das File: /work/eauten2s/ec_criteria_struct/lct/input/dataset/test/input/NCT03869957.txt wurde erfolgreich geladen.
Die Daten wurden erfolgreich in '/work/eauten2s/ec_criteria_struct/lct/evaluate_parse_1/eval_n_shot/eval_1_shot/model_output/1_shot_v_17/output/Llama-3-70B-Instruct_NCT03869957_1_shot.txt' gespeichert.
File: NCT03920020 

Das File: /work/eauten2s/ec_criteria_struct/lct/input/dataset/test/input/NCT03920020.txt wurde erfolgreich geladen.
Die Daten wurden erfolgreich in '/work/eauten2s/ec_criteria_struct/lct/evaluate_parse_1/eval_n_shot/eval_1_shot/model_output/1_shot_v_17/output/Llama-3-70B-Instruct_NCT03920020_1_shot.txt' gespeichert.
File: NCT03920098 

Das File: /work/eauten2s/ec_criteria_struct/lct/input/dataset/test/input/NCT03920098.txt wurde erfolgreich geladen.
Die Daten wurden erfolgreich in '/work/eauten2s/ec_criteria_struct/lct/evaluate_parse_1/eval_n_shot/eval_1_shot/model_output/1_shot_v_17/output/Llama-3-70B-Instruct_NCT03920098_1_shot.txt' gespeichert.
File: NCT03920241 

Das File: /work/eauten2s/ec_criteria_struct/lct/input/dataset/test/input/NCT03920241.txt wurde erfolgreich geladen.
Die Daten wurden erfolgreich in '/work/eauten2s/ec_criteria_struct/lct/evaluate_parse_1/eval_n_shot/eval_1_shot/model_output/1_shot_v_17/output/Llama-3-70B-Instruct_NCT03920241_1_shot.txt' gespeichert.
File: NCT03920267 

Das File: /work/eauten2s/ec_criteria_struct/lct/input/dataset/test/input/NCT03920267.txt wurde erfolgreich geladen.
Die Daten wurden erfolgreich in '/work/eauten2s/ec_criteria_struct/lct/evaluate_parse_1/eval_n_shot/eval_1_shot/model_output/1_shot_v_17/output/Llama-3-70B-Instruct_NCT03920267_1_shot.txt' gespeichert.
File: NCT03920293 

Das File: /work/eauten2s/ec_criteria_struct/lct/input/dataset/test/input/NCT03920293.txt wurde erfolgreich geladen.
Die Daten wurden erfolgreich in '/work/eauten2s/ec_criteria_struct/lct/evaluate_parse_1/eval_n_shot/eval_1_shot/model_output/1_shot_v_17/output/Llama-3-70B-Instruct_NCT03920293_1_shot.txt' gespeichert.
File: NCT03920306 

Das File: /work/eauten2s/ec_criteria_struct/lct/input/dataset/test/input/NCT03920306.txt wurde erfolgreich geladen.
Die Daten wurden erfolgreich in '/work/eauten2s/ec_criteria_struct/lct/evaluate_parse_1/eval_n_shot/eval_1_shot/model_output/1_shot_v_17/output/Llama-3-70B-Instruct_NCT03920306_1_shot.txt' gespeichert.
File: NCT03920319 

Das File: /work/eauten2s/ec_criteria_struct/lct/input/dataset/test/input/NCT03920319.txt wurde erfolgreich geladen.
Die Daten wurden erfolgreich in '/work/eauten2s/ec_criteria_struct/lct/evaluate_parse_1/eval_n_shot/eval_1_shot/model_output/1_shot_v_17/output/Llama-3-70B-Instruct_NCT03920319_1_shot.txt' gespeichert.
File: NCT03920345 

Das File: /work/eauten2s/ec_criteria_struct/lct/input/dataset/test/input/NCT03920345.txt wurde erfolgreich geladen.
Die Daten wurden erfolgreich in '/work/eauten2s/ec_criteria_struct/lct/evaluate_parse_1/eval_n_shot/eval_1_shot/model_output/1_shot_v_17/output/Llama-3-70B-Instruct_NCT03920345_1_shot.txt' gespeichert.
File: NCT03920449 

Das File: /work/eauten2s/ec_criteria_struct/lct/input/dataset/test/input/NCT03920449.txt wurde erfolgreich geladen.
Die Daten wurden erfolgreich in '/work/eauten2s/ec_criteria_struct/lct/evaluate_parse_1/eval_n_shot/eval_1_shot/model_output/1_shot_v_17/output/Llama-3-70B-Instruct_NCT03920449_1_shot.txt' gespeichert.
File: NCT03920527 

Das File: /work/eauten2s/ec_criteria_struct/lct/input/dataset/test/input/NCT03920527.txt wurde erfolgreich geladen.
Die Daten wurden erfolgreich in '/work/eauten2s/ec_criteria_struct/lct/evaluate_parse_1/eval_n_shot/eval_1_shot/model_output/1_shot_v_17/output/Llama-3-70B-Instruct_NCT03920527_1_shot.txt' gespeichert.
File: NCT03920540 

Das File: /work/eauten2s/ec_criteria_struct/lct/input/dataset/test/input/NCT03920540.txt wurde erfolgreich geladen.
Die Daten wurden erfolgreich in '/work/eauten2s/ec_criteria_struct/lct/evaluate_parse_1/eval_n_shot/eval_1_shot/model_output/1_shot_v_17/output/Llama-3-70B-Instruct_NCT03920540_1_shot.txt' gespeichert.
File: NCT03920579 

Das File: /work/eauten2s/ec_criteria_struct/lct/input/dataset/test/input/NCT03920579.txt wurde erfolgreich geladen.
Die Daten wurden erfolgreich in '/work/eauten2s/ec_criteria_struct/lct/evaluate_parse_1/eval_n_shot/eval_1_shot/model_output/1_shot_v_17/output/Llama-3-70B-Instruct_NCT03920579_1_shot.txt' gespeichert.
File: NCT03920683 

Das File: /work/eauten2s/ec_criteria_struct/lct/input/dataset/test/input/NCT03920683.txt wurde erfolgreich geladen.
Die Daten wurden erfolgreich in '/work/eauten2s/ec_criteria_struct/lct/evaluate_parse_1/eval_n_shot/eval_1_shot/model_output/1_shot_v_17/output/Llama-3-70B-Instruct_NCT03920683_1_shot.txt' gespeichert.
File: NCT03920774 

Das File: /work/eauten2s/ec_criteria_struct/lct/input/dataset/test/input/NCT03920774.txt wurde erfolgreich geladen.
Die Daten wurden erfolgreich in '/work/eauten2s/ec_criteria_struct/lct/evaluate_parse_1/eval_n_shot/eval_1_shot/model_output/1_shot_v_17/output/Llama-3-70B-Instruct_NCT03920774_1_shot.txt' gespeichert.
File: NCT03920904 

Das File: /work/eauten2s/ec_criteria_struct/lct/input/dataset/test/input/NCT03920904.txt wurde erfolgreich geladen.
Die Daten wurden erfolgreich in '/work/eauten2s/ec_criteria_struct/lct/evaluate_parse_1/eval_n_shot/eval_1_shot/model_output/1_shot_v_17/output/Llama-3-70B-Instruct_NCT03920904_1_shot.txt' gespeichert.
File: NCT03920917 

Das File: /work/eauten2s/ec_criteria_struct/lct/input/dataset/test/input/NCT03920917.txt wurde erfolgreich geladen.
Die Daten wurden erfolgreich in '/work/eauten2s/ec_criteria_struct/lct/evaluate_parse_1/eval_n_shot/eval_1_shot/model_output/1_shot_v_17/output/Llama-3-70B-Instruct_NCT03920917_1_shot.txt' gespeichert.
File: NCT03921437 

Das File: /work/eauten2s/ec_criteria_struct/lct/input/dataset/test/input/NCT03921437.txt wurde erfolgreich geladen.
Die Daten wurden erfolgreich in '/work/eauten2s/ec_criteria_struct/lct/evaluate_parse_1/eval_n_shot/eval_1_shot/model_output/1_shot_v_17/output/Llama-3-70B-Instruct_NCT03921437_1_shot.txt' gespeichert.
File: NCT03921476 

Das File: /work/eauten2s/ec_criteria_struct/lct/input/dataset/test/input/NCT03921476.txt wurde erfolgreich geladen.
Die Daten wurden erfolgreich in '/work/eauten2s/ec_criteria_struct/lct/evaluate_parse_1/eval_n_shot/eval_1_shot/model_output/1_shot_v_17/output/Llama-3-70B-Instruct_NCT03921476_1_shot.txt' gespeichert.
File: NCT03921762 

Das File: /work/eauten2s/ec_criteria_struct/lct/input/dataset/test/input/NCT03921762.txt wurde erfolgreich geladen.
Die Daten wurden erfolgreich in '/work/eauten2s/ec_criteria_struct/lct/evaluate_parse_1/eval_n_shot/eval_1_shot/model_output/1_shot_v_17/output/Llama-3-70B-Instruct_NCT03921762_1_shot.txt' gespeichert.
File: NCT03921775 

Das File: /work/eauten2s/ec_criteria_struct/lct/input/dataset/test/input/NCT03921775.txt wurde erfolgreich geladen.
Die Daten wurden erfolgreich in '/work/eauten2s/ec_criteria_struct/lct/evaluate_parse_1/eval_n_shot/eval_1_shot/model_output/1_shot_v_17/output/Llama-3-70B-Instruct_NCT03921775_1_shot.txt' gespeichert.
File: NCT03921827 

Das File: /work/eauten2s/ec_criteria_struct/lct/input/dataset/test/input/NCT03921827.txt wurde erfolgreich geladen.
Die Daten wurden erfolgreich in '/work/eauten2s/ec_criteria_struct/lct/evaluate_parse_1/eval_n_shot/eval_1_shot/model_output/1_shot_v_17/output/Llama-3-70B-Instruct_NCT03921827_1_shot.txt' gespeichert.
File: NCT03921853 

Das File: /work/eauten2s/ec_criteria_struct/lct/input/dataset/test/input/NCT03921853.txt wurde erfolgreich geladen.
Die Daten wurden erfolgreich in '/work/eauten2s/ec_criteria_struct/lct/evaluate_parse_1/eval_n_shot/eval_1_shot/model_output/1_shot_v_17/output/Llama-3-70B-Instruct_NCT03921853_1_shot.txt' gespeichert.
File: NCT03921892 

Das File: /work/eauten2s/ec_criteria_struct/lct/input/dataset/test/input/NCT03921892.txt wurde erfolgreich geladen.
Die Daten wurden erfolgreich in '/work/eauten2s/ec_criteria_struct/lct/evaluate_parse_1/eval_n_shot/eval_1_shot/model_output/1_shot_v_17/output/Llama-3-70B-Instruct_NCT03921892_1_shot.txt' gespeichert.
File: NCT03921970 

Das File: /work/eauten2s/ec_criteria_struct/lct/input/dataset/test/input/NCT03921970.txt wurde erfolgreich geladen.
Die Daten wurden erfolgreich in '/work/eauten2s/ec_criteria_struct/lct/evaluate_parse_1/eval_n_shot/eval_1_shot/model_output/1_shot_v_17/output/Llama-3-70B-Instruct_NCT03921970_1_shot.txt' gespeichert.
File: NCT03921983 

Das File: /work/eauten2s/ec_criteria_struct/lct/input/dataset/test/input/NCT03921983.txt wurde erfolgreich geladen.
Die Daten wurden erfolgreich in '/work/eauten2s/ec_criteria_struct/lct/evaluate_parse_1/eval_n_shot/eval_1_shot/model_output/1_shot_v_17/output/Llama-3-70B-Instruct_NCT03921983_1_shot.txt' gespeichert.
File: NCT03922152 

Das File: /work/eauten2s/ec_criteria_struct/lct/input/dataset/test/input/NCT03922152.txt wurde erfolgreich geladen.
Die Daten wurden erfolgreich in '/work/eauten2s/ec_criteria_struct/lct/evaluate_parse_1/eval_n_shot/eval_1_shot/model_output/1_shot_v_17/output/Llama-3-70B-Instruct_NCT03922152_1_shot.txt' gespeichert.
File: NCT03922282 

Das File: /work/eauten2s/ec_criteria_struct/lct/input/dataset/test/input/NCT03922282.txt wurde erfolgreich geladen.
Die Daten wurden erfolgreich in '/work/eauten2s/ec_criteria_struct/lct/evaluate_parse_1/eval_n_shot/eval_1_shot/model_output/1_shot_v_17/output/Llama-3-70B-Instruct_NCT03922282_1_shot.txt' gespeichert.
File: NCT03922334 

Das File: /work/eauten2s/ec_criteria_struct/lct/input/dataset/test/input/NCT03922334.txt wurde erfolgreich geladen.
Die Daten wurden erfolgreich in '/work/eauten2s/ec_criteria_struct/lct/evaluate_parse_1/eval_n_shot/eval_1_shot/model_output/1_shot_v_17/output/Llama-3-70B-Instruct_NCT03922334_1_shot.txt' gespeichert.
File: NCT03922438 

Das File: /work/eauten2s/ec_criteria_struct/lct/input/dataset/test/input/NCT03922438.txt wurde erfolgreich geladen.
Die Daten wurden erfolgreich in '/work/eauten2s/ec_criteria_struct/lct/evaluate_parse_1/eval_n_shot/eval_1_shot/model_output/1_shot_v_17/output/Llama-3-70B-Instruct_NCT03922438_1_shot.txt' gespeichert.
File: NCT03922516 

Das File: /work/eauten2s/ec_criteria_struct/lct/input/dataset/test/input/NCT03922516.txt wurde erfolgreich geladen.
Die Daten wurden erfolgreich in '/work/eauten2s/ec_criteria_struct/lct/evaluate_parse_1/eval_n_shot/eval_1_shot/model_output/1_shot_v_17/output/Llama-3-70B-Instruct_NCT03922516_1_shot.txt' gespeichert.
File: NCT03922542 

Das File: /work/eauten2s/ec_criteria_struct/lct/input/dataset/test/input/NCT03922542.txt wurde erfolgreich geladen.
Die Daten wurden erfolgreich in '/work/eauten2s/ec_criteria_struct/lct/evaluate_parse_1/eval_n_shot/eval_1_shot/model_output/1_shot_v_17/output/Llama-3-70B-Instruct_NCT03922542_1_shot.txt' gespeichert.
File: NCT03922958 

Das File: /work/eauten2s/ec_criteria_struct/lct/input/dataset/test/input/NCT03922958.txt wurde erfolgreich geladen.
Die Daten wurden erfolgreich in '/work/eauten2s/ec_criteria_struct/lct/evaluate_parse_1/eval_n_shot/eval_1_shot/model_output/1_shot_v_17/output/Llama-3-70B-Instruct_NCT03922958_1_shot.txt' gespeichert.
File: NCT03923088 

Das File: /work/eauten2s/ec_criteria_struct/lct/input/dataset/test/input/NCT03923088.txt wurde erfolgreich geladen.
Die Daten wurden erfolgreich in '/work/eauten2s/ec_criteria_struct/lct/evaluate_parse_1/eval_n_shot/eval_1_shot/model_output/1_shot_v_17/output/Llama-3-70B-Instruct_NCT03923088_1_shot.txt' gespeichert.
File: NCT03923101 

Das File: /work/eauten2s/ec_criteria_struct/lct/input/dataset/test/input/NCT03923101.txt wurde erfolgreich geladen.
Die Daten wurden erfolgreich in '/work/eauten2s/ec_criteria_struct/lct/evaluate_parse_1/eval_n_shot/eval_1_shot/model_output/1_shot_v_17/output/Llama-3-70B-Instruct_NCT03923101_1_shot.txt' gespeichert.
File: NCT03923309 

Das File: /work/eauten2s/ec_criteria_struct/lct/input/dataset/test/input/NCT03923309.txt wurde erfolgreich geladen.
Die Daten wurden erfolgreich in '/work/eauten2s/ec_criteria_struct/lct/evaluate_parse_1/eval_n_shot/eval_1_shot/model_output/1_shot_v_17/output/Llama-3-70B-Instruct_NCT03923309_1_shot.txt' gespeichert.
File: NCT03923660 

Das File: /work/eauten2s/ec_criteria_struct/lct/input/dataset/test/input/NCT03923660.txt wurde erfolgreich geladen.
Die Daten wurden erfolgreich in '/work/eauten2s/ec_criteria_struct/lct/evaluate_parse_1/eval_n_shot/eval_1_shot/model_output/1_shot_v_17/output/Llama-3-70B-Instruct_NCT03923660_1_shot.txt' gespeichert.
File: NCT03923933 

Das File: /work/eauten2s/ec_criteria_struct/lct/input/dataset/test/input/NCT03923933.txt wurde erfolgreich geladen.
Die Daten wurden erfolgreich in '/work/eauten2s/ec_criteria_struct/lct/evaluate_parse_1/eval_n_shot/eval_1_shot/model_output/1_shot_v_17/output/Llama-3-70B-Instruct_NCT03923933_1_shot.txt' gespeichert.
File: NCT03924115 

Das File: /work/eauten2s/ec_criteria_struct/lct/input/dataset/test/input/NCT03924115.txt wurde erfolgreich geladen.
Die Daten wurden erfolgreich in '/work/eauten2s/ec_criteria_struct/lct/evaluate_parse_1/eval_n_shot/eval_1_shot/model_output/1_shot_v_17/output/Llama-3-70B-Instruct_NCT03924115_1_shot.txt' gespeichert.
File: NCT03924375 

Das File: /work/eauten2s/ec_criteria_struct/lct/input/dataset/test/input/NCT03924375.txt wurde erfolgreich geladen.
Die Daten wurden erfolgreich in '/work/eauten2s/ec_criteria_struct/lct/evaluate_parse_1/eval_n_shot/eval_1_shot/model_output/1_shot_v_17/output/Llama-3-70B-Instruct_NCT03924375_1_shot.txt' gespeichert.
File: NCT03924414 

Das File: /work/eauten2s/ec_criteria_struct/lct/input/dataset/test/input/NCT03924414.txt wurde erfolgreich geladen.
Die Daten wurden erfolgreich in '/work/eauten2s/ec_criteria_struct/lct/evaluate_parse_1/eval_n_shot/eval_1_shot/model_output/1_shot_v_17/output/Llama-3-70B-Instruct_NCT03924414_1_shot.txt' gespeichert.
File: NCT03924440 

Das File: /work/eauten2s/ec_criteria_struct/lct/input/dataset/test/input/NCT03924440.txt wurde erfolgreich geladen.
Die Daten wurden erfolgreich in '/work/eauten2s/ec_criteria_struct/lct/evaluate_parse_1/eval_n_shot/eval_1_shot/model_output/1_shot_v_17/output/Llama-3-70B-Instruct_NCT03924440_1_shot.txt' gespeichert.
File: NCT03924544 

Das File: /work/eauten2s/ec_criteria_struct/lct/input/dataset/test/input/NCT03924544.txt wurde erfolgreich geladen.
Die Daten wurden erfolgreich in '/work/eauten2s/ec_criteria_struct/lct/evaluate_parse_1/eval_n_shot/eval_1_shot/model_output/1_shot_v_17/output/Llama-3-70B-Instruct_NCT03924544_1_shot.txt' gespeichert.
File: NCT03924596 

Das File: /work/eauten2s/ec_criteria_struct/lct/input/dataset/test/input/NCT03924596.txt wurde erfolgreich geladen.
Die Daten wurden erfolgreich in '/work/eauten2s/ec_criteria_struct/lct/evaluate_parse_1/eval_n_shot/eval_1_shot/model_output/1_shot_v_17/output/Llama-3-70B-Instruct_NCT03924596_1_shot.txt' gespeichert.
File: NCT03924726 

Das File: /work/eauten2s/ec_criteria_struct/lct/input/dataset/test/input/NCT03924726.txt wurde erfolgreich geladen.
Die Daten wurden erfolgreich in '/work/eauten2s/ec_criteria_struct/lct/evaluate_parse_1/eval_n_shot/eval_1_shot/model_output/1_shot_v_17/output/Llama-3-70B-Instruct_NCT03924726_1_shot.txt' gespeichert.
File: NCT03924791 

Das File: /work/eauten2s/ec_criteria_struct/lct/input/dataset/test/input/NCT03924791.txt wurde erfolgreich geladen.
Die Daten wurden erfolgreich in '/work/eauten2s/ec_criteria_struct/lct/evaluate_parse_1/eval_n_shot/eval_1_shot/model_output/1_shot_v_17/output/Llama-3-70B-Instruct_NCT03924791_1_shot.txt' gespeichert.
File: NCT03924817 

Das File: /work/eauten2s/ec_criteria_struct/lct/input/dataset/test/input/NCT03924817.txt wurde erfolgreich geladen.
Die Daten wurden erfolgreich in '/work/eauten2s/ec_criteria_struct/lct/evaluate_parse_1/eval_n_shot/eval_1_shot/model_output/1_shot_v_17/output/Llama-3-70B-Instruct_NCT03924817_1_shot.txt' gespeichert.
File: NCT03924908 

Das File: /work/eauten2s/ec_criteria_struct/lct/input/dataset/test/input/NCT03924908.txt wurde erfolgreich geladen.
Die Daten wurden erfolgreich in '/work/eauten2s/ec_criteria_struct/lct/evaluate_parse_1/eval_n_shot/eval_1_shot/model_output/1_shot_v_17/output/Llama-3-70B-Instruct_NCT03924908_1_shot.txt' gespeichert.
File: NCT03924921 

Das File: /work/eauten2s/ec_criteria_struct/lct/input/dataset/test/input/NCT03924921.txt wurde erfolgreich geladen.
Die Daten wurden erfolgreich in '/work/eauten2s/ec_criteria_struct/lct/evaluate_parse_1/eval_n_shot/eval_1_shot/model_output/1_shot_v_17/output/Llama-3-70B-Instruct_NCT03924921_1_shot.txt' gespeichert.
File: NCT03925077 

Das File: /work/eauten2s/ec_criteria_struct/lct/input/dataset/test/input/NCT03925077.txt wurde erfolgreich geladen.
Die Daten wurden erfolgreich in '/work/eauten2s/ec_criteria_struct/lct/evaluate_parse_1/eval_n_shot/eval_1_shot/model_output/1_shot_v_17/output/Llama-3-70B-Instruct_NCT03925077_1_shot.txt' gespeichert.
File: NCT03925142 

Das File: /work/eauten2s/ec_criteria_struct/lct/input/dataset/test/input/NCT03925142.txt wurde erfolgreich geladen.
Die Daten wurden erfolgreich in '/work/eauten2s/ec_criteria_struct/lct/evaluate_parse_1/eval_n_shot/eval_1_shot/model_output/1_shot_v_17/output/Llama-3-70B-Instruct_NCT03925142_1_shot.txt' gespeichert.
File: NCT03925337 

Das File: /work/eauten2s/ec_criteria_struct/lct/input/dataset/test/input/NCT03925337.txt wurde erfolgreich geladen.
Die Daten wurden erfolgreich in '/work/eauten2s/ec_criteria_struct/lct/evaluate_parse_1/eval_n_shot/eval_1_shot/model_output/1_shot_v_17/output/Llama-3-70B-Instruct_NCT03925337_1_shot.txt' gespeichert.
File: NCT03925389 

Das File: /work/eauten2s/ec_criteria_struct/lct/input/dataset/test/input/NCT03925389.txt wurde erfolgreich geladen.
Die Daten wurden erfolgreich in '/work/eauten2s/ec_criteria_struct/lct/evaluate_parse_1/eval_n_shot/eval_1_shot/model_output/1_shot_v_17/output/Llama-3-70B-Instruct_NCT03925389_1_shot.txt' gespeichert.
File: NCT03925454 

Das File: /work/eauten2s/ec_criteria_struct/lct/input/dataset/test/input/NCT03925454.txt wurde erfolgreich geladen.
Die Daten wurden erfolgreich in '/work/eauten2s/ec_criteria_struct/lct/evaluate_parse_1/eval_n_shot/eval_1_shot/model_output/1_shot_v_17/output/Llama-3-70B-Instruct_NCT03925454_1_shot.txt' gespeichert.
File: NCT03925571 

Das File: /work/eauten2s/ec_criteria_struct/lct/input/dataset/test/input/NCT03925571.txt wurde erfolgreich geladen.
Die Daten wurden erfolgreich in '/work/eauten2s/ec_criteria_struct/lct/evaluate_parse_1/eval_n_shot/eval_1_shot/model_output/1_shot_v_17/output/Llama-3-70B-Instruct_NCT03925571_1_shot.txt' gespeichert.
File: NCT03925649 

Das File: /work/eauten2s/ec_criteria_struct/lct/input/dataset/test/input/NCT03925649.txt wurde erfolgreich geladen.
Die Daten wurden erfolgreich in '/work/eauten2s/ec_criteria_struct/lct/evaluate_parse_1/eval_n_shot/eval_1_shot/model_output/1_shot_v_17/output/Llama-3-70B-Instruct_NCT03925649_1_shot.txt' gespeichert.
File: NCT03925675 

Das File: /work/eauten2s/ec_criteria_struct/lct/input/dataset/test/input/NCT03925675.txt wurde erfolgreich geladen.
Die Daten wurden erfolgreich in '/work/eauten2s/ec_criteria_struct/lct/evaluate_parse_1/eval_n_shot/eval_1_shot/model_output/1_shot_v_17/output/Llama-3-70B-Instruct_NCT03925675_1_shot.txt' gespeichert.
File: NCT03925727 

Das File: /work/eauten2s/ec_criteria_struct/lct/input/dataset/test/input/NCT03925727.txt wurde erfolgreich geladen.
Die Daten wurden erfolgreich in '/work/eauten2s/ec_criteria_struct/lct/evaluate_parse_1/eval_n_shot/eval_1_shot/model_output/1_shot_v_17/output/Llama-3-70B-Instruct_NCT03925727_1_shot.txt' gespeichert.
File: NCT03925844 

Das File: /work/eauten2s/ec_criteria_struct/lct/input/dataset/test/input/NCT03925844.txt wurde erfolgreich geladen.
Die Daten wurden erfolgreich in '/work/eauten2s/ec_criteria_struct/lct/evaluate_parse_1/eval_n_shot/eval_1_shot/model_output/1_shot_v_17/output/Llama-3-70B-Instruct_NCT03925844_1_shot.txt' gespeichert.
File: NCT03926130 

Das File: /work/eauten2s/ec_criteria_struct/lct/input/dataset/test/input/NCT03926130.txt wurde erfolgreich geladen.
Die Daten wurden erfolgreich in '/work/eauten2s/ec_criteria_struct/lct/evaluate_parse_1/eval_n_shot/eval_1_shot/model_output/1_shot_v_17/output/Llama-3-70B-Instruct_NCT03926130_1_shot.txt' gespeichert.
File: NCT03926195 

Das File: /work/eauten2s/ec_criteria_struct/lct/input/dataset/test/input/NCT03926195.txt wurde erfolgreich geladen.
Die Daten wurden erfolgreich in '/work/eauten2s/ec_criteria_struct/lct/evaluate_parse_1/eval_n_shot/eval_1_shot/model_output/1_shot_v_17/output/Llama-3-70B-Instruct_NCT03926195_1_shot.txt' gespeichert.
File: NCT03926299 

Das File: /work/eauten2s/ec_criteria_struct/lct/input/dataset/test/input/NCT03926299.txt wurde erfolgreich geladen.
Die Daten wurden erfolgreich in '/work/eauten2s/ec_criteria_struct/lct/evaluate_parse_1/eval_n_shot/eval_1_shot/model_output/1_shot_v_17/output/Llama-3-70B-Instruct_NCT03926299_1_shot.txt' gespeichert.
File: NCT03926312 

Das File: /work/eauten2s/ec_criteria_struct/lct/input/dataset/test/input/NCT03926312.txt wurde erfolgreich geladen.
Die Daten wurden erfolgreich in '/work/eauten2s/ec_criteria_struct/lct/evaluate_parse_1/eval_n_shot/eval_1_shot/model_output/1_shot_v_17/output/Llama-3-70B-Instruct_NCT03926312_1_shot.txt' gespeichert.
File: NCT03926377 

Das File: /work/eauten2s/ec_criteria_struct/lct/input/dataset/test/input/NCT03926377.txt wurde erfolgreich geladen.
Die Daten wurden erfolgreich in '/work/eauten2s/ec_criteria_struct/lct/evaluate_parse_1/eval_n_shot/eval_1_shot/model_output/1_shot_v_17/output/Llama-3-70B-Instruct_NCT03926377_1_shot.txt' gespeichert.
File: NCT03926429 

Das File: /work/eauten2s/ec_criteria_struct/lct/input/dataset/test/input/NCT03926429.txt wurde erfolgreich geladen.
Die Daten wurden erfolgreich in '/work/eauten2s/ec_criteria_struct/lct/evaluate_parse_1/eval_n_shot/eval_1_shot/model_output/1_shot_v_17/output/Llama-3-70B-Instruct_NCT03926429_1_shot.txt' gespeichert.
File: NCT03926494 

Das File: /work/eauten2s/ec_criteria_struct/lct/input/dataset/test/input/NCT03926494.txt wurde erfolgreich geladen.
Die Daten wurden erfolgreich in '/work/eauten2s/ec_criteria_struct/lct/evaluate_parse_1/eval_n_shot/eval_1_shot/model_output/1_shot_v_17/output/Llama-3-70B-Instruct_NCT03926494_1_shot.txt' gespeichert.
File: NCT03926546 

Das File: /work/eauten2s/ec_criteria_struct/lct/input/dataset/test/input/NCT03926546.txt wurde erfolgreich geladen.
Die Daten wurden erfolgreich in '/work/eauten2s/ec_criteria_struct/lct/evaluate_parse_1/eval_n_shot/eval_1_shot/model_output/1_shot_v_17/output/Llama-3-70B-Instruct_NCT03926546_1_shot.txt' gespeichert.
File: NCT03926780 

Das File: /work/eauten2s/ec_criteria_struct/lct/input/dataset/test/input/NCT03926780.txt wurde erfolgreich geladen.
Die Daten wurden erfolgreich in '/work/eauten2s/ec_criteria_struct/lct/evaluate_parse_1/eval_n_shot/eval_1_shot/model_output/1_shot_v_17/output/Llama-3-70B-Instruct_NCT03926780_1_shot.txt' gespeichert.
File: NCT03926871 

Das File: /work/eauten2s/ec_criteria_struct/lct/input/dataset/test/input/NCT03926871.txt wurde erfolgreich geladen.
Die Daten wurden erfolgreich in '/work/eauten2s/ec_criteria_struct/lct/evaluate_parse_1/eval_n_shot/eval_1_shot/model_output/1_shot_v_17/output/Llama-3-70B-Instruct_NCT03926871_1_shot.txt' gespeichert.
File: NCT03926962 

Das File: /work/eauten2s/ec_criteria_struct/lct/input/dataset/test/input/NCT03926962.txt wurde erfolgreich geladen.
Die Daten wurden erfolgreich in '/work/eauten2s/ec_criteria_struct/lct/evaluate_parse_1/eval_n_shot/eval_1_shot/model_output/1_shot_v_17/output/Llama-3-70B-Instruct_NCT03926962_1_shot.txt' gespeichert.
File: NCT03927092 

Das File: /work/eauten2s/ec_criteria_struct/lct/input/dataset/test/input/NCT03927092.txt wurde erfolgreich geladen.
Die Daten wurden erfolgreich in '/work/eauten2s/ec_criteria_struct/lct/evaluate_parse_1/eval_n_shot/eval_1_shot/model_output/1_shot_v_17/output/Llama-3-70B-Instruct_NCT03927092_1_shot.txt' gespeichert.
File: NCT03927664 

Das File: /work/eauten2s/ec_criteria_struct/lct/input/dataset/test/input/NCT03927664.txt wurde erfolgreich geladen.
Die Daten wurden erfolgreich in '/work/eauten2s/ec_criteria_struct/lct/evaluate_parse_1/eval_n_shot/eval_1_shot/model_output/1_shot_v_17/output/Llama-3-70B-Instruct_NCT03927664_1_shot.txt' gespeichert.
File: NCT03927755 

Das File: /work/eauten2s/ec_criteria_struct/lct/input/dataset/test/input/NCT03927755.txt wurde erfolgreich geladen.
Die Daten wurden erfolgreich in '/work/eauten2s/ec_criteria_struct/lct/evaluate_parse_1/eval_n_shot/eval_1_shot/model_output/1_shot_v_17/output/Llama-3-70B-Instruct_NCT03927755_1_shot.txt' gespeichert.
File: NCT03927781 

Das File: /work/eauten2s/ec_criteria_struct/lct/input/dataset/test/input/NCT03927781.txt wurde erfolgreich geladen.
Die Daten wurden erfolgreich in '/work/eauten2s/ec_criteria_struct/lct/evaluate_parse_1/eval_n_shot/eval_1_shot/model_output/1_shot_v_17/output/Llama-3-70B-Instruct_NCT03927781_1_shot.txt' gespeichert.
File: NCT03927885 

Das File: /work/eauten2s/ec_criteria_struct/lct/input/dataset/test/input/NCT03927885.txt wurde erfolgreich geladen.
Die Daten wurden erfolgreich in '/work/eauten2s/ec_criteria_struct/lct/evaluate_parse_1/eval_n_shot/eval_1_shot/model_output/1_shot_v_17/output/Llama-3-70B-Instruct_NCT03927885_1_shot.txt' gespeichert.
File: NCT03928015 

Das File: /work/eauten2s/ec_criteria_struct/lct/input/dataset/test/input/NCT03928015.txt wurde erfolgreich geladen.
Die Daten wurden erfolgreich in '/work/eauten2s/ec_criteria_struct/lct/evaluate_parse_1/eval_n_shot/eval_1_shot/model_output/1_shot_v_17/output/Llama-3-70B-Instruct_NCT03928015_1_shot.txt' gespeichert.
File: NCT03928080 

Das File: /work/eauten2s/ec_criteria_struct/lct/input/dataset/test/input/NCT03928080.txt wurde erfolgreich geladen.
Die Daten wurden erfolgreich in '/work/eauten2s/ec_criteria_struct/lct/evaluate_parse_1/eval_n_shot/eval_1_shot/model_output/1_shot_v_17/output/Llama-3-70B-Instruct_NCT03928080_1_shot.txt' gespeichert.
File: NCT03928197 

Das File: /work/eauten2s/ec_criteria_struct/lct/input/dataset/test/input/NCT03928197.txt wurde erfolgreich geladen.
Die Daten wurden erfolgreich in '/work/eauten2s/ec_criteria_struct/lct/evaluate_parse_1/eval_n_shot/eval_1_shot/model_output/1_shot_v_17/output/Llama-3-70B-Instruct_NCT03928197_1_shot.txt' gespeichert.
File: NCT03928223 

Das File: /work/eauten2s/ec_criteria_struct/lct/input/dataset/test/input/NCT03928223.txt wurde erfolgreich geladen.
Die Daten wurden erfolgreich in '/work/eauten2s/ec_criteria_struct/lct/evaluate_parse_1/eval_n_shot/eval_1_shot/model_output/1_shot_v_17/output/Llama-3-70B-Instruct_NCT03928223_1_shot.txt' gespeichert.
File: NCT03928392 

Das File: /work/eauten2s/ec_criteria_struct/lct/input/dataset/test/input/NCT03928392.txt wurde erfolgreich geladen.
Die Daten wurden erfolgreich in '/work/eauten2s/ec_criteria_struct/lct/evaluate_parse_1/eval_n_shot/eval_1_shot/model_output/1_shot_v_17/output/Llama-3-70B-Instruct_NCT03928392_1_shot.txt' gespeichert.
File: NCT03928405 

Das File: /work/eauten2s/ec_criteria_struct/lct/input/dataset/test/input/NCT03928405.txt wurde erfolgreich geladen.
Die Daten wurden erfolgreich in '/work/eauten2s/ec_criteria_struct/lct/evaluate_parse_1/eval_n_shot/eval_1_shot/model_output/1_shot_v_17/output/Llama-3-70B-Instruct_NCT03928405_1_shot.txt' gespeichert.
File: NCT03928431 

Das File: /work/eauten2s/ec_criteria_struct/lct/input/dataset/test/input/NCT03928431.txt wurde erfolgreich geladen.
Die Daten wurden erfolgreich in '/work/eauten2s/ec_criteria_struct/lct/evaluate_parse_1/eval_n_shot/eval_1_shot/model_output/1_shot_v_17/output/Llama-3-70B-Instruct_NCT03928431_1_shot.txt' gespeichert.
File: NCT03928522 

Das File: /work/eauten2s/ec_criteria_struct/lct/input/dataset/test/input/NCT03928522.txt wurde erfolgreich geladen.
Die Daten wurden erfolgreich in '/work/eauten2s/ec_criteria_struct/lct/evaluate_parse_1/eval_n_shot/eval_1_shot/model_output/1_shot_v_17/output/Llama-3-70B-Instruct_NCT03928522_1_shot.txt' gespeichert.
File: NCT03928639 

Das File: /work/eauten2s/ec_criteria_struct/lct/input/dataset/test/input/NCT03928639.txt wurde erfolgreich geladen.
Die Daten wurden erfolgreich in '/work/eauten2s/ec_criteria_struct/lct/evaluate_parse_1/eval_n_shot/eval_1_shot/model_output/1_shot_v_17/output/Llama-3-70B-Instruct_NCT03928639_1_shot.txt' gespeichert.
File: NCT03928769 

Das File: /work/eauten2s/ec_criteria_struct/lct/input/dataset/test/input/NCT03928769.txt wurde erfolgreich geladen.
Die Daten wurden erfolgreich in '/work/eauten2s/ec_criteria_struct/lct/evaluate_parse_1/eval_n_shot/eval_1_shot/model_output/1_shot_v_17/output/Llama-3-70B-Instruct_NCT03928769_1_shot.txt' gespeichert.
File: NCT03928795 

Das File: /work/eauten2s/ec_criteria_struct/lct/input/dataset/test/input/NCT03928795.txt wurde erfolgreich geladen.
Die Daten wurden erfolgreich in '/work/eauten2s/ec_criteria_struct/lct/evaluate_parse_1/eval_n_shot/eval_1_shot/model_output/1_shot_v_17/output/Llama-3-70B-Instruct_NCT03928795_1_shot.txt' gespeichert.
File: NCT03928834 

Das File: /work/eauten2s/ec_criteria_struct/lct/input/dataset/test/input/NCT03928834.txt wurde erfolgreich geladen.
Die Daten wurden erfolgreich in '/work/eauten2s/ec_criteria_struct/lct/evaluate_parse_1/eval_n_shot/eval_1_shot/model_output/1_shot_v_17/output/Llama-3-70B-Instruct_NCT03928834_1_shot.txt' gespeichert.
File: NCT03929055 

Das File: /work/eauten2s/ec_criteria_struct/lct/input/dataset/test/input/NCT03929055.txt wurde erfolgreich geladen.
Die Daten wurden erfolgreich in '/work/eauten2s/ec_criteria_struct/lct/evaluate_parse_1/eval_n_shot/eval_1_shot/model_output/1_shot_v_17/output/Llama-3-70B-Instruct_NCT03929055_1_shot.txt' gespeichert.
File: NCT03929198 

Das File: /work/eauten2s/ec_criteria_struct/lct/input/dataset/test/input/NCT03929198.txt wurde erfolgreich geladen.
Die Daten wurden erfolgreich in '/work/eauten2s/ec_criteria_struct/lct/evaluate_parse_1/eval_n_shot/eval_1_shot/model_output/1_shot_v_17/output/Llama-3-70B-Instruct_NCT03929198_1_shot.txt' gespeichert.
File: NCT03929276 

Das File: /work/eauten2s/ec_criteria_struct/lct/input/dataset/test/input/NCT03929276.txt wurde erfolgreich geladen.
Die Daten wurden erfolgreich in '/work/eauten2s/ec_criteria_struct/lct/evaluate_parse_1/eval_n_shot/eval_1_shot/model_output/1_shot_v_17/output/Llama-3-70B-Instruct_NCT03929276_1_shot.txt' gespeichert.
File: NCT03929380 

Das File: /work/eauten2s/ec_criteria_struct/lct/input/dataset/test/input/NCT03929380.txt wurde erfolgreich geladen.
Die Daten wurden erfolgreich in '/work/eauten2s/ec_criteria_struct/lct/evaluate_parse_1/eval_n_shot/eval_1_shot/model_output/1_shot_v_17/output/Llama-3-70B-Instruct_NCT03929380_1_shot.txt' gespeichert.
File: NCT03929406 

Das File: /work/eauten2s/ec_criteria_struct/lct/input/dataset/test/input/NCT03929406.txt wurde erfolgreich geladen.
Die Daten wurden erfolgreich in '/work/eauten2s/ec_criteria_struct/lct/evaluate_parse_1/eval_n_shot/eval_1_shot/model_output/1_shot_v_17/output/Llama-3-70B-Instruct_NCT03929406_1_shot.txt' gespeichert.
File: NCT03929536 

Das File: /work/eauten2s/ec_criteria_struct/lct/input/dataset/test/input/NCT03929536.txt wurde erfolgreich geladen.
Die Daten wurden erfolgreich in '/work/eauten2s/ec_criteria_struct/lct/evaluate_parse_1/eval_n_shot/eval_1_shot/model_output/1_shot_v_17/output/Llama-3-70B-Instruct_NCT03929536_1_shot.txt' gespeichert.
File: NCT03929614 

Das File: /work/eauten2s/ec_criteria_struct/lct/input/dataset/test/input/NCT03929614.txt wurde erfolgreich geladen.
Die Daten wurden erfolgreich in '/work/eauten2s/ec_criteria_struct/lct/evaluate_parse_1/eval_n_shot/eval_1_shot/model_output/1_shot_v_17/output/Llama-3-70B-Instruct_NCT03929614_1_shot.txt' gespeichert.
File: NCT03929822 

Das File: /work/eauten2s/ec_criteria_struct/lct/input/dataset/test/input/NCT03929822.txt wurde erfolgreich geladen.
Die Daten wurden erfolgreich in '/work/eauten2s/ec_criteria_struct/lct/evaluate_parse_1/eval_n_shot/eval_1_shot/model_output/1_shot_v_17/output/Llama-3-70B-Instruct_NCT03929822_1_shot.txt' gespeichert.
File: NCT03929887 

Das File: /work/eauten2s/ec_criteria_struct/lct/input/dataset/test/input/NCT03929887.txt wurde erfolgreich geladen.
Die Daten wurden erfolgreich in '/work/eauten2s/ec_criteria_struct/lct/evaluate_parse_1/eval_n_shot/eval_1_shot/model_output/1_shot_v_17/output/Llama-3-70B-Instruct_NCT03929887_1_shot.txt' gespeichert.
File: NCT03929900 

Das File: /work/eauten2s/ec_criteria_struct/lct/input/dataset/test/input/NCT03929900.txt wurde erfolgreich geladen.
Die Daten wurden erfolgreich in '/work/eauten2s/ec_criteria_struct/lct/evaluate_parse_1/eval_n_shot/eval_1_shot/model_output/1_shot_v_17/output/Llama-3-70B-Instruct_NCT03929900_1_shot.txt' gespeichert.
File: NCT03930901 

Das File: /work/eauten2s/ec_criteria_struct/lct/input/dataset/test/input/NCT03930901.txt wurde erfolgreich geladen.
Die Daten wurden erfolgreich in '/work/eauten2s/ec_criteria_struct/lct/evaluate_parse_1/eval_n_shot/eval_1_shot/model_output/1_shot_v_17/output/Llama-3-70B-Instruct_NCT03930901_1_shot.txt' gespeichert.
File: NCT03934346 

Das File: /work/eauten2s/ec_criteria_struct/lct/input/dataset/test/input/NCT03934346.txt wurde erfolgreich geladen.
Die Daten wurden erfolgreich in '/work/eauten2s/ec_criteria_struct/lct/evaluate_parse_1/eval_n_shot/eval_1_shot/model_output/1_shot_v_17/output/Llama-3-70B-Instruct_NCT03934346_1_shot.txt' gespeichert.
NCT Number: NCT03861598
File: NCT03860194 

Das File: /work/eauten2s/ec_criteria_struct/lct/input/dataset/test/input/NCT03860194.txt wurde erfolgreich geladen.
Die Daten wurden erfolgreich in '/work/eauten2s/ec_criteria_struct/lct/evaluate_parse_1/eval_n_shot/eval_1_shot/model_output/1_shot_v_18/output/Llama-3-70B-Instruct_NCT03860194_1_shot.txt' gespeichert.
File: NCT03860415 

Das File: /work/eauten2s/ec_criteria_struct/lct/input/dataset/test/input/NCT03860415.txt wurde erfolgreich geladen.
Die Daten wurden erfolgreich in '/work/eauten2s/ec_criteria_struct/lct/evaluate_parse_1/eval_n_shot/eval_1_shot/model_output/1_shot_v_18/output/Llama-3-70B-Instruct_NCT03860415_1_shot.txt' gespeichert.
File: NCT03860454 

Das File: /work/eauten2s/ec_criteria_struct/lct/input/dataset/test/input/NCT03860454.txt wurde erfolgreich geladen.
Die Daten wurden erfolgreich in '/work/eauten2s/ec_criteria_struct/lct/evaluate_parse_1/eval_n_shot/eval_1_shot/model_output/1_shot_v_18/output/Llama-3-70B-Instruct_NCT03860454_1_shot.txt' gespeichert.
File: NCT03860584 

Das File: /work/eauten2s/ec_criteria_struct/lct/input/dataset/test/input/NCT03860584.txt wurde erfolgreich geladen.
Die Daten wurden erfolgreich in '/work/eauten2s/ec_criteria_struct/lct/evaluate_parse_1/eval_n_shot/eval_1_shot/model_output/1_shot_v_18/output/Llama-3-70B-Instruct_NCT03860584_1_shot.txt' gespeichert.
File: NCT03860766 

Das File: /work/eauten2s/ec_criteria_struct/lct/input/dataset/test/input/NCT03860766.txt wurde erfolgreich geladen.
Die Daten wurden erfolgreich in '/work/eauten2s/ec_criteria_struct/lct/evaluate_parse_1/eval_n_shot/eval_1_shot/model_output/1_shot_v_18/output/Llama-3-70B-Instruct_NCT03860766_1_shot.txt' gespeichert.
File: NCT03860896 

Das File: /work/eauten2s/ec_criteria_struct/lct/input/dataset/test/input/NCT03860896.txt wurde erfolgreich geladen.
Die Daten wurden erfolgreich in '/work/eauten2s/ec_criteria_struct/lct/evaluate_parse_1/eval_n_shot/eval_1_shot/model_output/1_shot_v_18/output/Llama-3-70B-Instruct_NCT03860896_1_shot.txt' gespeichert.
File: NCT03861182 

Das File: /work/eauten2s/ec_criteria_struct/lct/input/dataset/test/input/NCT03861182.txt wurde erfolgreich geladen.
Die Daten wurden erfolgreich in '/work/eauten2s/ec_criteria_struct/lct/evaluate_parse_1/eval_n_shot/eval_1_shot/model_output/1_shot_v_18/output/Llama-3-70B-Instruct_NCT03861182_1_shot.txt' gespeichert.
File: NCT03861195 

Das File: /work/eauten2s/ec_criteria_struct/lct/input/dataset/test/input/NCT03861195.txt wurde erfolgreich geladen.
Die Daten wurden erfolgreich in '/work/eauten2s/ec_criteria_struct/lct/evaluate_parse_1/eval_n_shot/eval_1_shot/model_output/1_shot_v_18/output/Llama-3-70B-Instruct_NCT03861195_1_shot.txt' gespeichert.
File: NCT03861299 

Das File: /work/eauten2s/ec_criteria_struct/lct/input/dataset/test/input/NCT03861299.txt wurde erfolgreich geladen.
Die Daten wurden erfolgreich in '/work/eauten2s/ec_criteria_struct/lct/evaluate_parse_1/eval_n_shot/eval_1_shot/model_output/1_shot_v_18/output/Llama-3-70B-Instruct_NCT03861299_1_shot.txt' gespeichert.
File: NCT03861312 

Das File: /work/eauten2s/ec_criteria_struct/lct/input/dataset/test/input/NCT03861312.txt wurde erfolgreich geladen.
Die Daten wurden erfolgreich in '/work/eauten2s/ec_criteria_struct/lct/evaluate_parse_1/eval_n_shot/eval_1_shot/model_output/1_shot_v_18/output/Llama-3-70B-Instruct_NCT03861312_1_shot.txt' gespeichert.
File: NCT03861429 

Das File: /work/eauten2s/ec_criteria_struct/lct/input/dataset/test/input/NCT03861429.txt wurde erfolgreich geladen.
Die Daten wurden erfolgreich in '/work/eauten2s/ec_criteria_struct/lct/evaluate_parse_1/eval_n_shot/eval_1_shot/model_output/1_shot_v_18/output/Llama-3-70B-Instruct_NCT03861429_1_shot.txt' gespeichert.
File: NCT03861494 

Das File: /work/eauten2s/ec_criteria_struct/lct/input/dataset/test/input/NCT03861494.txt wurde erfolgreich geladen.
Die Daten wurden erfolgreich in '/work/eauten2s/ec_criteria_struct/lct/evaluate_parse_1/eval_n_shot/eval_1_shot/model_output/1_shot_v_18/output/Llama-3-70B-Instruct_NCT03861494_1_shot.txt' gespeichert.
File: NCT03861507 

Das File: /work/eauten2s/ec_criteria_struct/lct/input/dataset/test/input/NCT03861507.txt wurde erfolgreich geladen.
Die Daten wurden erfolgreich in '/work/eauten2s/ec_criteria_struct/lct/evaluate_parse_1/eval_n_shot/eval_1_shot/model_output/1_shot_v_18/output/Llama-3-70B-Instruct_NCT03861507_1_shot.txt' gespeichert.
File: NCT03861546 

Das File: /work/eauten2s/ec_criteria_struct/lct/input/dataset/test/input/NCT03861546.txt wurde erfolgreich geladen.
Die Daten wurden erfolgreich in '/work/eauten2s/ec_criteria_struct/lct/evaluate_parse_1/eval_n_shot/eval_1_shot/model_output/1_shot_v_18/output/Llama-3-70B-Instruct_NCT03861546_1_shot.txt' gespeichert.
File: NCT03861572 

Das File: /work/eauten2s/ec_criteria_struct/lct/input/dataset/test/input/NCT03861572.txt wurde erfolgreich geladen.
Die Daten wurden erfolgreich in '/work/eauten2s/ec_criteria_struct/lct/evaluate_parse_1/eval_n_shot/eval_1_shot/model_output/1_shot_v_18/output/Llama-3-70B-Instruct_NCT03861572_1_shot.txt' gespeichert.
File: NCT03861624 

Das File: /work/eauten2s/ec_criteria_struct/lct/input/dataset/test/input/NCT03861624.txt wurde erfolgreich geladen.
Die Daten wurden erfolgreich in '/work/eauten2s/ec_criteria_struct/lct/evaluate_parse_1/eval_n_shot/eval_1_shot/model_output/1_shot_v_18/output/Llama-3-70B-Instruct_NCT03861624_1_shot.txt' gespeichert.
File: NCT03861650 

Das File: /work/eauten2s/ec_criteria_struct/lct/input/dataset/test/input/NCT03861650.txt wurde erfolgreich geladen.
Die Daten wurden erfolgreich in '/work/eauten2s/ec_criteria_struct/lct/evaluate_parse_1/eval_n_shot/eval_1_shot/model_output/1_shot_v_18/output/Llama-3-70B-Instruct_NCT03861650_1_shot.txt' gespeichert.
File: NCT03861845 

Das File: /work/eauten2s/ec_criteria_struct/lct/input/dataset/test/input/NCT03861845.txt wurde erfolgreich geladen.
Die Daten wurden erfolgreich in '/work/eauten2s/ec_criteria_struct/lct/evaluate_parse_1/eval_n_shot/eval_1_shot/model_output/1_shot_v_18/output/Llama-3-70B-Instruct_NCT03861845_1_shot.txt' gespeichert.
File: NCT03861884 

Das File: /work/eauten2s/ec_criteria_struct/lct/input/dataset/test/input/NCT03861884.txt wurde erfolgreich geladen.
Die Daten wurden erfolgreich in '/work/eauten2s/ec_criteria_struct/lct/evaluate_parse_1/eval_n_shot/eval_1_shot/model_output/1_shot_v_18/output/Llama-3-70B-Instruct_NCT03861884_1_shot.txt' gespeichert.
File: NCT03862014 

Das File: /work/eauten2s/ec_criteria_struct/lct/input/dataset/test/input/NCT03862014.txt wurde erfolgreich geladen.
Die Daten wurden erfolgreich in '/work/eauten2s/ec_criteria_struct/lct/evaluate_parse_1/eval_n_shot/eval_1_shot/model_output/1_shot_v_18/output/Llama-3-70B-Instruct_NCT03862014_1_shot.txt' gespeichert.
File: NCT03862105 

Das File: /work/eauten2s/ec_criteria_struct/lct/input/dataset/test/input/NCT03862105.txt wurde erfolgreich geladen.
Die Daten wurden erfolgreich in '/work/eauten2s/ec_criteria_struct/lct/evaluate_parse_1/eval_n_shot/eval_1_shot/model_output/1_shot_v_18/output/Llama-3-70B-Instruct_NCT03862105_1_shot.txt' gespeichert.
File: NCT03862248 

Das File: /work/eauten2s/ec_criteria_struct/lct/input/dataset/test/input/NCT03862248.txt wurde erfolgreich geladen.
Die Daten wurden erfolgreich in '/work/eauten2s/ec_criteria_struct/lct/evaluate_parse_1/eval_n_shot/eval_1_shot/model_output/1_shot_v_18/output/Llama-3-70B-Instruct_NCT03862248_1_shot.txt' gespeichert.
File: NCT03862287 

Das File: /work/eauten2s/ec_criteria_struct/lct/input/dataset/test/input/NCT03862287.txt wurde erfolgreich geladen.
Die Daten wurden erfolgreich in '/work/eauten2s/ec_criteria_struct/lct/evaluate_parse_1/eval_n_shot/eval_1_shot/model_output/1_shot_v_18/output/Llama-3-70B-Instruct_NCT03862287_1_shot.txt' gespeichert.
File: NCT03862482 

Das File: /work/eauten2s/ec_criteria_struct/lct/input/dataset/test/input/NCT03862482.txt wurde erfolgreich geladen.
Die Daten wurden erfolgreich in '/work/eauten2s/ec_criteria_struct/lct/evaluate_parse_1/eval_n_shot/eval_1_shot/model_output/1_shot_v_18/output/Llama-3-70B-Instruct_NCT03862482_1_shot.txt' gespeichert.
File: NCT03862755 

Das File: /work/eauten2s/ec_criteria_struct/lct/input/dataset/test/input/NCT03862755.txt wurde erfolgreich geladen.
Die Daten wurden erfolgreich in '/work/eauten2s/ec_criteria_struct/lct/evaluate_parse_1/eval_n_shot/eval_1_shot/model_output/1_shot_v_18/output/Llama-3-70B-Instruct_NCT03862755_1_shot.txt' gespeichert.
File: NCT03862781 

Das File: /work/eauten2s/ec_criteria_struct/lct/input/dataset/test/input/NCT03862781.txt wurde erfolgreich geladen.
Die Daten wurden erfolgreich in '/work/eauten2s/ec_criteria_struct/lct/evaluate_parse_1/eval_n_shot/eval_1_shot/model_output/1_shot_v_18/output/Llama-3-70B-Instruct_NCT03862781_1_shot.txt' gespeichert.
File: NCT03862820 

Das File: /work/eauten2s/ec_criteria_struct/lct/input/dataset/test/input/NCT03862820.txt wurde erfolgreich geladen.
Die Daten wurden erfolgreich in '/work/eauten2s/ec_criteria_struct/lct/evaluate_parse_1/eval_n_shot/eval_1_shot/model_output/1_shot_v_18/output/Llama-3-70B-Instruct_NCT03862820_1_shot.txt' gespeichert.
File: NCT03863275 

Das File: /work/eauten2s/ec_criteria_struct/lct/input/dataset/test/input/NCT03863275.txt wurde erfolgreich geladen.
Die Daten wurden erfolgreich in '/work/eauten2s/ec_criteria_struct/lct/evaluate_parse_1/eval_n_shot/eval_1_shot/model_output/1_shot_v_18/output/Llama-3-70B-Instruct_NCT03863275_1_shot.txt' gespeichert.
File: NCT03863444 

Das File: /work/eauten2s/ec_criteria_struct/lct/input/dataset/test/input/NCT03863444.txt wurde erfolgreich geladen.
Die Daten wurden erfolgreich in '/work/eauten2s/ec_criteria_struct/lct/evaluate_parse_1/eval_n_shot/eval_1_shot/model_output/1_shot_v_18/output/Llama-3-70B-Instruct_NCT03863444_1_shot.txt' gespeichert.
File: NCT03863535 

Das File: /work/eauten2s/ec_criteria_struct/lct/input/dataset/test/input/NCT03863535.txt wurde erfolgreich geladen.
Die Daten wurden erfolgreich in '/work/eauten2s/ec_criteria_struct/lct/evaluate_parse_1/eval_n_shot/eval_1_shot/model_output/1_shot_v_18/output/Llama-3-70B-Instruct_NCT03863535_1_shot.txt' gespeichert.
File: NCT03863717 

Das File: /work/eauten2s/ec_criteria_struct/lct/input/dataset/test/input/NCT03863717.txt wurde erfolgreich geladen.
Die Daten wurden erfolgreich in '/work/eauten2s/ec_criteria_struct/lct/evaluate_parse_1/eval_n_shot/eval_1_shot/model_output/1_shot_v_18/output/Llama-3-70B-Instruct_NCT03863717_1_shot.txt' gespeichert.
File: NCT03863951 

Das File: /work/eauten2s/ec_criteria_struct/lct/input/dataset/test/input/NCT03863951.txt wurde erfolgreich geladen.
Die Daten wurden erfolgreich in '/work/eauten2s/ec_criteria_struct/lct/evaluate_parse_1/eval_n_shot/eval_1_shot/model_output/1_shot_v_18/output/Llama-3-70B-Instruct_NCT03863951_1_shot.txt' gespeichert.
File: NCT03863977 

Das File: /work/eauten2s/ec_criteria_struct/lct/input/dataset/test/input/NCT03863977.txt wurde erfolgreich geladen.
Die Daten wurden erfolgreich in '/work/eauten2s/ec_criteria_struct/lct/evaluate_parse_1/eval_n_shot/eval_1_shot/model_output/1_shot_v_18/output/Llama-3-70B-Instruct_NCT03863977_1_shot.txt' gespeichert.
File: NCT03864133 

Das File: /work/eauten2s/ec_criteria_struct/lct/input/dataset/test/input/NCT03864133.txt wurde erfolgreich geladen.
Die Daten wurden erfolgreich in '/work/eauten2s/ec_criteria_struct/lct/evaluate_parse_1/eval_n_shot/eval_1_shot/model_output/1_shot_v_18/output/Llama-3-70B-Instruct_NCT03864133_1_shot.txt' gespeichert.
File: NCT03864159 

Das File: /work/eauten2s/ec_criteria_struct/lct/input/dataset/test/input/NCT03864159.txt wurde erfolgreich geladen.
Die Daten wurden erfolgreich in '/work/eauten2s/ec_criteria_struct/lct/evaluate_parse_1/eval_n_shot/eval_1_shot/model_output/1_shot_v_18/output/Llama-3-70B-Instruct_NCT03864159_1_shot.txt' gespeichert.
File: NCT03864172 

Das File: /work/eauten2s/ec_criteria_struct/lct/input/dataset/test/input/NCT03864172.txt wurde erfolgreich geladen.
Die Daten wurden erfolgreich in '/work/eauten2s/ec_criteria_struct/lct/evaluate_parse_1/eval_n_shot/eval_1_shot/model_output/1_shot_v_18/output/Llama-3-70B-Instruct_NCT03864172_1_shot.txt' gespeichert.
File: NCT03864263 

Das File: /work/eauten2s/ec_criteria_struct/lct/input/dataset/test/input/NCT03864263.txt wurde erfolgreich geladen.
Die Daten wurden erfolgreich in '/work/eauten2s/ec_criteria_struct/lct/evaluate_parse_1/eval_n_shot/eval_1_shot/model_output/1_shot_v_18/output/Llama-3-70B-Instruct_NCT03864263_1_shot.txt' gespeichert.
File: NCT03864289 

Das File: /work/eauten2s/ec_criteria_struct/lct/input/dataset/test/input/NCT03864289.txt wurde erfolgreich geladen.
Die Daten wurden erfolgreich in '/work/eauten2s/ec_criteria_struct/lct/evaluate_parse_1/eval_n_shot/eval_1_shot/model_output/1_shot_v_18/output/Llama-3-70B-Instruct_NCT03864289_1_shot.txt' gespeichert.
File: NCT03864341 

Das File: /work/eauten2s/ec_criteria_struct/lct/input/dataset/test/input/NCT03864341.txt wurde erfolgreich geladen.
Die Daten wurden erfolgreich in '/work/eauten2s/ec_criteria_struct/lct/evaluate_parse_1/eval_n_shot/eval_1_shot/model_output/1_shot_v_18/output/Llama-3-70B-Instruct_NCT03864341_1_shot.txt' gespeichert.
File: NCT03864380 

Das File: /work/eauten2s/ec_criteria_struct/lct/input/dataset/test/input/NCT03864380.txt wurde erfolgreich geladen.
Die Daten wurden erfolgreich in '/work/eauten2s/ec_criteria_struct/lct/evaluate_parse_1/eval_n_shot/eval_1_shot/model_output/1_shot_v_18/output/Llama-3-70B-Instruct_NCT03864380_1_shot.txt' gespeichert.
File: NCT03864705 

Das File: /work/eauten2s/ec_criteria_struct/lct/input/dataset/test/input/NCT03864705.txt wurde erfolgreich geladen.
Die Daten wurden erfolgreich in '/work/eauten2s/ec_criteria_struct/lct/evaluate_parse_1/eval_n_shot/eval_1_shot/model_output/1_shot_v_18/output/Llama-3-70B-Instruct_NCT03864705_1_shot.txt' gespeichert.
File: NCT03864731 

Das File: /work/eauten2s/ec_criteria_struct/lct/input/dataset/test/input/NCT03864731.txt wurde erfolgreich geladen.
Die Daten wurden erfolgreich in '/work/eauten2s/ec_criteria_struct/lct/evaluate_parse_1/eval_n_shot/eval_1_shot/model_output/1_shot_v_18/output/Llama-3-70B-Instruct_NCT03864731_1_shot.txt' gespeichert.
File: NCT03864835 

Das File: /work/eauten2s/ec_criteria_struct/lct/input/dataset/test/input/NCT03864835.txt wurde erfolgreich geladen.
Die Daten wurden erfolgreich in '/work/eauten2s/ec_criteria_struct/lct/evaluate_parse_1/eval_n_shot/eval_1_shot/model_output/1_shot_v_18/output/Llama-3-70B-Instruct_NCT03864835_1_shot.txt' gespeichert.
File: NCT03864887 

Das File: /work/eauten2s/ec_criteria_struct/lct/input/dataset/test/input/NCT03864887.txt wurde erfolgreich geladen.
Die Daten wurden erfolgreich in '/work/eauten2s/ec_criteria_struct/lct/evaluate_parse_1/eval_n_shot/eval_1_shot/model_output/1_shot_v_18/output/Llama-3-70B-Instruct_NCT03864887_1_shot.txt' gespeichert.
File: NCT03864913 

Das File: /work/eauten2s/ec_criteria_struct/lct/input/dataset/test/input/NCT03864913.txt wurde erfolgreich geladen.
Die Daten wurden erfolgreich in '/work/eauten2s/ec_criteria_struct/lct/evaluate_parse_1/eval_n_shot/eval_1_shot/model_output/1_shot_v_18/output/Llama-3-70B-Instruct_NCT03864913_1_shot.txt' gespeichert.
File: NCT03865043 

Das File: /work/eauten2s/ec_criteria_struct/lct/input/dataset/test/input/NCT03865043.txt wurde erfolgreich geladen.
Die Daten wurden erfolgreich in '/work/eauten2s/ec_criteria_struct/lct/evaluate_parse_1/eval_n_shot/eval_1_shot/model_output/1_shot_v_18/output/Llama-3-70B-Instruct_NCT03865043_1_shot.txt' gespeichert.
File: NCT03865108 

Das File: /work/eauten2s/ec_criteria_struct/lct/input/dataset/test/input/NCT03865108.txt wurde erfolgreich geladen.
Die Daten wurden erfolgreich in '/work/eauten2s/ec_criteria_struct/lct/evaluate_parse_1/eval_n_shot/eval_1_shot/model_output/1_shot_v_18/output/Llama-3-70B-Instruct_NCT03865108_1_shot.txt' gespeichert.
File: NCT03865121 

Das File: /work/eauten2s/ec_criteria_struct/lct/input/dataset/test/input/NCT03865121.txt wurde erfolgreich geladen.
Die Daten wurden erfolgreich in '/work/eauten2s/ec_criteria_struct/lct/evaluate_parse_1/eval_n_shot/eval_1_shot/model_output/1_shot_v_18/output/Llama-3-70B-Instruct_NCT03865121_1_shot.txt' gespeichert.
File: NCT03865134 

Das File: /work/eauten2s/ec_criteria_struct/lct/input/dataset/test/input/NCT03865134.txt wurde erfolgreich geladen.
Die Daten wurden erfolgreich in '/work/eauten2s/ec_criteria_struct/lct/evaluate_parse_1/eval_n_shot/eval_1_shot/model_output/1_shot_v_18/output/Llama-3-70B-Instruct_NCT03865134_1_shot.txt' gespeichert.
File: NCT03865199 

Das File: /work/eauten2s/ec_criteria_struct/lct/input/dataset/test/input/NCT03865199.txt wurde erfolgreich geladen.
Die Daten wurden erfolgreich in '/work/eauten2s/ec_criteria_struct/lct/evaluate_parse_1/eval_n_shot/eval_1_shot/model_output/1_shot_v_18/output/Llama-3-70B-Instruct_NCT03865199_1_shot.txt' gespeichert.
File: NCT03865420 

Das File: /work/eauten2s/ec_criteria_struct/lct/input/dataset/test/input/NCT03865420.txt wurde erfolgreich geladen.
Die Daten wurden erfolgreich in '/work/eauten2s/ec_criteria_struct/lct/evaluate_parse_1/eval_n_shot/eval_1_shot/model_output/1_shot_v_18/output/Llama-3-70B-Instruct_NCT03865420_1_shot.txt' gespeichert.
File: NCT03865524 

Das File: /work/eauten2s/ec_criteria_struct/lct/input/dataset/test/input/NCT03865524.txt wurde erfolgreich geladen.
Die Daten wurden erfolgreich in '/work/eauten2s/ec_criteria_struct/lct/evaluate_parse_1/eval_n_shot/eval_1_shot/model_output/1_shot_v_18/output/Llama-3-70B-Instruct_NCT03865524_1_shot.txt' gespeichert.
File: NCT03865602 

Das File: /work/eauten2s/ec_criteria_struct/lct/input/dataset/test/input/NCT03865602.txt wurde erfolgreich geladen.
Die Daten wurden erfolgreich in '/work/eauten2s/ec_criteria_struct/lct/evaluate_parse_1/eval_n_shot/eval_1_shot/model_output/1_shot_v_18/output/Llama-3-70B-Instruct_NCT03865602_1_shot.txt' gespeichert.
File: NCT03865693 

Das File: /work/eauten2s/ec_criteria_struct/lct/input/dataset/test/input/NCT03865693.txt wurde erfolgreich geladen.
Die Daten wurden erfolgreich in '/work/eauten2s/ec_criteria_struct/lct/evaluate_parse_1/eval_n_shot/eval_1_shot/model_output/1_shot_v_18/output/Llama-3-70B-Instruct_NCT03865693_1_shot.txt' gespeichert.
File: NCT03865758 

Das File: /work/eauten2s/ec_criteria_struct/lct/input/dataset/test/input/NCT03865758.txt wurde erfolgreich geladen.
Die Daten wurden erfolgreich in '/work/eauten2s/ec_criteria_struct/lct/evaluate_parse_1/eval_n_shot/eval_1_shot/model_output/1_shot_v_18/output/Llama-3-70B-Instruct_NCT03865758_1_shot.txt' gespeichert.
File: NCT03865784 

Das File: /work/eauten2s/ec_criteria_struct/lct/input/dataset/test/input/NCT03865784.txt wurde erfolgreich geladen.
Die Daten wurden erfolgreich in '/work/eauten2s/ec_criteria_struct/lct/evaluate_parse_1/eval_n_shot/eval_1_shot/model_output/1_shot_v_18/output/Llama-3-70B-Instruct_NCT03865784_1_shot.txt' gespeichert.
File: NCT03865810 

Das File: /work/eauten2s/ec_criteria_struct/lct/input/dataset/test/input/NCT03865810.txt wurde erfolgreich geladen.
Die Daten wurden erfolgreich in '/work/eauten2s/ec_criteria_struct/lct/evaluate_parse_1/eval_n_shot/eval_1_shot/model_output/1_shot_v_18/output/Llama-3-70B-Instruct_NCT03865810_1_shot.txt' gespeichert.
File: NCT03865823 

Das File: /work/eauten2s/ec_criteria_struct/lct/input/dataset/test/input/NCT03865823.txt wurde erfolgreich geladen.
Die Daten wurden erfolgreich in '/work/eauten2s/ec_criteria_struct/lct/evaluate_parse_1/eval_n_shot/eval_1_shot/model_output/1_shot_v_18/output/Llama-3-70B-Instruct_NCT03865823_1_shot.txt' gespeichert.
File: NCT03865953 

Das File: /work/eauten2s/ec_criteria_struct/lct/input/dataset/test/input/NCT03865953.txt wurde erfolgreich geladen.
Die Daten wurden erfolgreich in '/work/eauten2s/ec_criteria_struct/lct/evaluate_parse_1/eval_n_shot/eval_1_shot/model_output/1_shot_v_18/output/Llama-3-70B-Instruct_NCT03865953_1_shot.txt' gespeichert.
File: NCT03866018 

Das File: /work/eauten2s/ec_criteria_struct/lct/input/dataset/test/input/NCT03866018.txt wurde erfolgreich geladen.
Die Daten wurden erfolgreich in '/work/eauten2s/ec_criteria_struct/lct/evaluate_parse_1/eval_n_shot/eval_1_shot/model_output/1_shot_v_18/output/Llama-3-70B-Instruct_NCT03866018_1_shot.txt' gespeichert.
File: NCT03866031 

Das File: /work/eauten2s/ec_criteria_struct/lct/input/dataset/test/input/NCT03866031.txt wurde erfolgreich geladen.
Die Daten wurden erfolgreich in '/work/eauten2s/ec_criteria_struct/lct/evaluate_parse_1/eval_n_shot/eval_1_shot/model_output/1_shot_v_18/output/Llama-3-70B-Instruct_NCT03866031_1_shot.txt' gespeichert.
File: NCT03866057 

Das File: /work/eauten2s/ec_criteria_struct/lct/input/dataset/test/input/NCT03866057.txt wurde erfolgreich geladen.
Die Daten wurden erfolgreich in '/work/eauten2s/ec_criteria_struct/lct/evaluate_parse_1/eval_n_shot/eval_1_shot/model_output/1_shot_v_18/output/Llama-3-70B-Instruct_NCT03866057_1_shot.txt' gespeichert.
File: NCT03866083 

Das File: /work/eauten2s/ec_criteria_struct/lct/input/dataset/test/input/NCT03866083.txt wurde erfolgreich geladen.
Die Daten wurden erfolgreich in '/work/eauten2s/ec_criteria_struct/lct/evaluate_parse_1/eval_n_shot/eval_1_shot/model_output/1_shot_v_18/output/Llama-3-70B-Instruct_NCT03866083_1_shot.txt' gespeichert.
File: NCT03866148 

Das File: /work/eauten2s/ec_criteria_struct/lct/input/dataset/test/input/NCT03866148.txt wurde erfolgreich geladen.
Die Daten wurden erfolgreich in '/work/eauten2s/ec_criteria_struct/lct/evaluate_parse_1/eval_n_shot/eval_1_shot/model_output/1_shot_v_18/output/Llama-3-70B-Instruct_NCT03866148_1_shot.txt' gespeichert.
File: NCT03866213 

Das File: /work/eauten2s/ec_criteria_struct/lct/input/dataset/test/input/NCT03866213.txt wurde erfolgreich geladen.
Die Daten wurden erfolgreich in '/work/eauten2s/ec_criteria_struct/lct/evaluate_parse_1/eval_n_shot/eval_1_shot/model_output/1_shot_v_18/output/Llama-3-70B-Instruct_NCT03866213_1_shot.txt' gespeichert.
File: NCT03866252 

Das File: /work/eauten2s/ec_criteria_struct/lct/input/dataset/test/input/NCT03866252.txt wurde erfolgreich geladen.
Die Daten wurden erfolgreich in '/work/eauten2s/ec_criteria_struct/lct/evaluate_parse_1/eval_n_shot/eval_1_shot/model_output/1_shot_v_18/output/Llama-3-70B-Instruct_NCT03866252_1_shot.txt' gespeichert.
File: NCT03866356 

Das File: /work/eauten2s/ec_criteria_struct/lct/input/dataset/test/input/NCT03866356.txt wurde erfolgreich geladen.
Die Daten wurden erfolgreich in '/work/eauten2s/ec_criteria_struct/lct/evaluate_parse_1/eval_n_shot/eval_1_shot/model_output/1_shot_v_18/output/Llama-3-70B-Instruct_NCT03866356_1_shot.txt' gespeichert.
File: NCT03866486 

Das File: /work/eauten2s/ec_criteria_struct/lct/input/dataset/test/input/NCT03866486.txt wurde erfolgreich geladen.
Die Daten wurden erfolgreich in '/work/eauten2s/ec_criteria_struct/lct/evaluate_parse_1/eval_n_shot/eval_1_shot/model_output/1_shot_v_18/output/Llama-3-70B-Instruct_NCT03866486_1_shot.txt' gespeichert.
File: NCT03866499 

Das File: /work/eauten2s/ec_criteria_struct/lct/input/dataset/test/input/NCT03866499.txt wurde erfolgreich geladen.
Die Daten wurden erfolgreich in '/work/eauten2s/ec_criteria_struct/lct/evaluate_parse_1/eval_n_shot/eval_1_shot/model_output/1_shot_v_18/output/Llama-3-70B-Instruct_NCT03866499_1_shot.txt' gespeichert.
File: NCT03866538 

Das File: /work/eauten2s/ec_criteria_struct/lct/input/dataset/test/input/NCT03866538.txt wurde erfolgreich geladen.
Die Daten wurden erfolgreich in '/work/eauten2s/ec_criteria_struct/lct/evaluate_parse_1/eval_n_shot/eval_1_shot/model_output/1_shot_v_18/output/Llama-3-70B-Instruct_NCT03866538_1_shot.txt' gespeichert.
File: NCT03866837 

Das File: /work/eauten2s/ec_criteria_struct/lct/input/dataset/test/input/NCT03866837.txt wurde erfolgreich geladen.
Die Daten wurden erfolgreich in '/work/eauten2s/ec_criteria_struct/lct/evaluate_parse_1/eval_n_shot/eval_1_shot/model_output/1_shot_v_18/output/Llama-3-70B-Instruct_NCT03866837_1_shot.txt' gespeichert.
File: NCT03866850 

Das File: /work/eauten2s/ec_criteria_struct/lct/input/dataset/test/input/NCT03866850.txt wurde erfolgreich geladen.
Die Daten wurden erfolgreich in '/work/eauten2s/ec_criteria_struct/lct/evaluate_parse_1/eval_n_shot/eval_1_shot/model_output/1_shot_v_18/output/Llama-3-70B-Instruct_NCT03866850_1_shot.txt' gespeichert.
File: NCT03866902 

Das File: /work/eauten2s/ec_criteria_struct/lct/input/dataset/test/input/NCT03866902.txt wurde erfolgreich geladen.
Die Daten wurden erfolgreich in '/work/eauten2s/ec_criteria_struct/lct/evaluate_parse_1/eval_n_shot/eval_1_shot/model_output/1_shot_v_18/output/Llama-3-70B-Instruct_NCT03866902_1_shot.txt' gespeichert.
File: NCT03866941 

Das File: /work/eauten2s/ec_criteria_struct/lct/input/dataset/test/input/NCT03866941.txt wurde erfolgreich geladen.
Die Daten wurden erfolgreich in '/work/eauten2s/ec_criteria_struct/lct/evaluate_parse_1/eval_n_shot/eval_1_shot/model_output/1_shot_v_18/output/Llama-3-70B-Instruct_NCT03866941_1_shot.txt' gespeichert.
File: NCT03867188 

Das File: /work/eauten2s/ec_criteria_struct/lct/input/dataset/test/input/NCT03867188.txt wurde erfolgreich geladen.
Die Daten wurden erfolgreich in '/work/eauten2s/ec_criteria_struct/lct/evaluate_parse_1/eval_n_shot/eval_1_shot/model_output/1_shot_v_18/output/Llama-3-70B-Instruct_NCT03867188_1_shot.txt' gespeichert.
File: NCT03867214 

Das File: /work/eauten2s/ec_criteria_struct/lct/input/dataset/test/input/NCT03867214.txt wurde erfolgreich geladen.
Die Daten wurden erfolgreich in '/work/eauten2s/ec_criteria_struct/lct/evaluate_parse_1/eval_n_shot/eval_1_shot/model_output/1_shot_v_18/output/Llama-3-70B-Instruct_NCT03867214_1_shot.txt' gespeichert.
File: NCT03867305 

Das File: /work/eauten2s/ec_criteria_struct/lct/input/dataset/test/input/NCT03867305.txt wurde erfolgreich geladen.
Die Daten wurden erfolgreich in '/work/eauten2s/ec_criteria_struct/lct/evaluate_parse_1/eval_n_shot/eval_1_shot/model_output/1_shot_v_18/output/Llama-3-70B-Instruct_NCT03867305_1_shot.txt' gespeichert.
File: NCT03867461 

Das File: /work/eauten2s/ec_criteria_struct/lct/input/dataset/test/input/NCT03867461.txt wurde erfolgreich geladen.
Die Daten wurden erfolgreich in '/work/eauten2s/ec_criteria_struct/lct/evaluate_parse_1/eval_n_shot/eval_1_shot/model_output/1_shot_v_18/output/Llama-3-70B-Instruct_NCT03867461_1_shot.txt' gespeichert.
File: NCT03867526 

Das File: /work/eauten2s/ec_criteria_struct/lct/input/dataset/test/input/NCT03867526.txt wurde erfolgreich geladen.
Die Daten wurden erfolgreich in '/work/eauten2s/ec_criteria_struct/lct/evaluate_parse_1/eval_n_shot/eval_1_shot/model_output/1_shot_v_18/output/Llama-3-70B-Instruct_NCT03867526_1_shot.txt' gespeichert.
File: NCT03867539 

Das File: /work/eauten2s/ec_criteria_struct/lct/input/dataset/test/input/NCT03867539.txt wurde erfolgreich geladen.
Die Daten wurden erfolgreich in '/work/eauten2s/ec_criteria_struct/lct/evaluate_parse_1/eval_n_shot/eval_1_shot/model_output/1_shot_v_18/output/Llama-3-70B-Instruct_NCT03867539_1_shot.txt' gespeichert.
File: NCT03867643 

Das File: /work/eauten2s/ec_criteria_struct/lct/input/dataset/test/input/NCT03867643.txt wurde erfolgreich geladen.
Die Daten wurden erfolgreich in '/work/eauten2s/ec_criteria_struct/lct/evaluate_parse_1/eval_n_shot/eval_1_shot/model_output/1_shot_v_18/output/Llama-3-70B-Instruct_NCT03867643_1_shot.txt' gespeichert.
File: NCT03867734 

Das File: /work/eauten2s/ec_criteria_struct/lct/input/dataset/test/input/NCT03867734.txt wurde erfolgreich geladen.
Die Daten wurden erfolgreich in '/work/eauten2s/ec_criteria_struct/lct/evaluate_parse_1/eval_n_shot/eval_1_shot/model_output/1_shot_v_18/output/Llama-3-70B-Instruct_NCT03867734_1_shot.txt' gespeichert.
File: NCT03867929 

Das File: /work/eauten2s/ec_criteria_struct/lct/input/dataset/test/input/NCT03867929.txt wurde erfolgreich geladen.
Die Daten wurden erfolgreich in '/work/eauten2s/ec_criteria_struct/lct/evaluate_parse_1/eval_n_shot/eval_1_shot/model_output/1_shot_v_18/output/Llama-3-70B-Instruct_NCT03867929_1_shot.txt' gespeichert.
File: NCT03868189 

Das File: /work/eauten2s/ec_criteria_struct/lct/input/dataset/test/input/NCT03868189.txt wurde erfolgreich geladen.
Die Daten wurden erfolgreich in '/work/eauten2s/ec_criteria_struct/lct/evaluate_parse_1/eval_n_shot/eval_1_shot/model_output/1_shot_v_18/output/Llama-3-70B-Instruct_NCT03868189_1_shot.txt' gespeichert.
File: NCT03868254 

Das File: /work/eauten2s/ec_criteria_struct/lct/input/dataset/test/input/NCT03868254.txt wurde erfolgreich geladen.
Die Daten wurden erfolgreich in '/work/eauten2s/ec_criteria_struct/lct/evaluate_parse_1/eval_n_shot/eval_1_shot/model_output/1_shot_v_18/output/Llama-3-70B-Instruct_NCT03868254_1_shot.txt' gespeichert.
File: NCT03868332 

Das File: /work/eauten2s/ec_criteria_struct/lct/input/dataset/test/input/NCT03868332.txt wurde erfolgreich geladen.
Die Daten wurden erfolgreich in '/work/eauten2s/ec_criteria_struct/lct/evaluate_parse_1/eval_n_shot/eval_1_shot/model_output/1_shot_v_18/output/Llama-3-70B-Instruct_NCT03868332_1_shot.txt' gespeichert.
File: NCT03868345 

Das File: /work/eauten2s/ec_criteria_struct/lct/input/dataset/test/input/NCT03868345.txt wurde erfolgreich geladen.
Die Daten wurden erfolgreich in '/work/eauten2s/ec_criteria_struct/lct/evaluate_parse_1/eval_n_shot/eval_1_shot/model_output/1_shot_v_18/output/Llama-3-70B-Instruct_NCT03868345_1_shot.txt' gespeichert.
File: NCT03868384 

Das File: /work/eauten2s/ec_criteria_struct/lct/input/dataset/test/input/NCT03868384.txt wurde erfolgreich geladen.
Die Daten wurden erfolgreich in '/work/eauten2s/ec_criteria_struct/lct/evaluate_parse_1/eval_n_shot/eval_1_shot/model_output/1_shot_v_18/output/Llama-3-70B-Instruct_NCT03868384_1_shot.txt' gespeichert.
File: NCT03868579 

Das File: /work/eauten2s/ec_criteria_struct/lct/input/dataset/test/input/NCT03868579.txt wurde erfolgreich geladen.
Die Daten wurden erfolgreich in '/work/eauten2s/ec_criteria_struct/lct/evaluate_parse_1/eval_n_shot/eval_1_shot/model_output/1_shot_v_18/output/Llama-3-70B-Instruct_NCT03868579_1_shot.txt' gespeichert.
File: NCT03868644 

Das File: /work/eauten2s/ec_criteria_struct/lct/input/dataset/test/input/NCT03868644.txt wurde erfolgreich geladen.
Die Daten wurden erfolgreich in '/work/eauten2s/ec_criteria_struct/lct/evaluate_parse_1/eval_n_shot/eval_1_shot/model_output/1_shot_v_18/output/Llama-3-70B-Instruct_NCT03868644_1_shot.txt' gespeichert.
File: NCT03868670 

Das File: /work/eauten2s/ec_criteria_struct/lct/input/dataset/test/input/NCT03868670.txt wurde erfolgreich geladen.
Die Daten wurden erfolgreich in '/work/eauten2s/ec_criteria_struct/lct/evaluate_parse_1/eval_n_shot/eval_1_shot/model_output/1_shot_v_18/output/Llama-3-70B-Instruct_NCT03868670_1_shot.txt' gespeichert.
File: NCT03868774 

Das File: /work/eauten2s/ec_criteria_struct/lct/input/dataset/test/input/NCT03868774.txt wurde erfolgreich geladen.
Die Daten wurden erfolgreich in '/work/eauten2s/ec_criteria_struct/lct/evaluate_parse_1/eval_n_shot/eval_1_shot/model_output/1_shot_v_18/output/Llama-3-70B-Instruct_NCT03868774_1_shot.txt' gespeichert.
File: NCT03868813 

Das File: /work/eauten2s/ec_criteria_struct/lct/input/dataset/test/input/NCT03868813.txt wurde erfolgreich geladen.
Die Daten wurden erfolgreich in '/work/eauten2s/ec_criteria_struct/lct/evaluate_parse_1/eval_n_shot/eval_1_shot/model_output/1_shot_v_18/output/Llama-3-70B-Instruct_NCT03868813_1_shot.txt' gespeichert.
File: NCT03868956 

Das File: /work/eauten2s/ec_criteria_struct/lct/input/dataset/test/input/NCT03868956.txt wurde erfolgreich geladen.
Die Daten wurden erfolgreich in '/work/eauten2s/ec_criteria_struct/lct/evaluate_parse_1/eval_n_shot/eval_1_shot/model_output/1_shot_v_18/output/Llama-3-70B-Instruct_NCT03868956_1_shot.txt' gespeichert.
File: NCT03868995 

Das File: /work/eauten2s/ec_criteria_struct/lct/input/dataset/test/input/NCT03868995.txt wurde erfolgreich geladen.
Die Daten wurden erfolgreich in '/work/eauten2s/ec_criteria_struct/lct/evaluate_parse_1/eval_n_shot/eval_1_shot/model_output/1_shot_v_18/output/Llama-3-70B-Instruct_NCT03868995_1_shot.txt' gespeichert.
File: NCT03869281 

Das File: /work/eauten2s/ec_criteria_struct/lct/input/dataset/test/input/NCT03869281.txt wurde erfolgreich geladen.
Die Daten wurden erfolgreich in '/work/eauten2s/ec_criteria_struct/lct/evaluate_parse_1/eval_n_shot/eval_1_shot/model_output/1_shot_v_18/output/Llama-3-70B-Instruct_NCT03869281_1_shot.txt' gespeichert.
File: NCT03869294 

Das File: /work/eauten2s/ec_criteria_struct/lct/input/dataset/test/input/NCT03869294.txt wurde erfolgreich geladen.
Die Daten wurden erfolgreich in '/work/eauten2s/ec_criteria_struct/lct/evaluate_parse_1/eval_n_shot/eval_1_shot/model_output/1_shot_v_18/output/Llama-3-70B-Instruct_NCT03869294_1_shot.txt' gespeichert.
File: NCT03869372 

Das File: /work/eauten2s/ec_criteria_struct/lct/input/dataset/test/input/NCT03869372.txt wurde erfolgreich geladen.
Die Daten wurden erfolgreich in '/work/eauten2s/ec_criteria_struct/lct/evaluate_parse_1/eval_n_shot/eval_1_shot/model_output/1_shot_v_18/output/Llama-3-70B-Instruct_NCT03869372_1_shot.txt' gespeichert.
File: NCT03869502 

Das File: /work/eauten2s/ec_criteria_struct/lct/input/dataset/test/input/NCT03869502.txt wurde erfolgreich geladen.
Die Daten wurden erfolgreich in '/work/eauten2s/ec_criteria_struct/lct/evaluate_parse_1/eval_n_shot/eval_1_shot/model_output/1_shot_v_18/output/Llama-3-70B-Instruct_NCT03869502_1_shot.txt' gespeichert.
File: NCT03869528 

Das File: /work/eauten2s/ec_criteria_struct/lct/input/dataset/test/input/NCT03869528.txt wurde erfolgreich geladen.
Die Daten wurden erfolgreich in '/work/eauten2s/ec_criteria_struct/lct/evaluate_parse_1/eval_n_shot/eval_1_shot/model_output/1_shot_v_18/output/Llama-3-70B-Instruct_NCT03869528_1_shot.txt' gespeichert.
File: NCT03869593 

Das File: /work/eauten2s/ec_criteria_struct/lct/input/dataset/test/input/NCT03869593.txt wurde erfolgreich geladen.
Die Daten wurden erfolgreich in '/work/eauten2s/ec_criteria_struct/lct/evaluate_parse_1/eval_n_shot/eval_1_shot/model_output/1_shot_v_18/output/Llama-3-70B-Instruct_NCT03869593_1_shot.txt' gespeichert.
File: NCT03869606 

Das File: /work/eauten2s/ec_criteria_struct/lct/input/dataset/test/input/NCT03869606.txt wurde erfolgreich geladen.
Die Daten wurden erfolgreich in '/work/eauten2s/ec_criteria_struct/lct/evaluate_parse_1/eval_n_shot/eval_1_shot/model_output/1_shot_v_18/output/Llama-3-70B-Instruct_NCT03869606_1_shot.txt' gespeichert.
File: NCT03869905 

Das File: /work/eauten2s/ec_criteria_struct/lct/input/dataset/test/input/NCT03869905.txt wurde erfolgreich geladen.
Die Daten wurden erfolgreich in '/work/eauten2s/ec_criteria_struct/lct/evaluate_parse_1/eval_n_shot/eval_1_shot/model_output/1_shot_v_18/output/Llama-3-70B-Instruct_NCT03869905_1_shot.txt' gespeichert.
File: NCT03869957 

Das File: /work/eauten2s/ec_criteria_struct/lct/input/dataset/test/input/NCT03869957.txt wurde erfolgreich geladen.
Die Daten wurden erfolgreich in '/work/eauten2s/ec_criteria_struct/lct/evaluate_parse_1/eval_n_shot/eval_1_shot/model_output/1_shot_v_18/output/Llama-3-70B-Instruct_NCT03869957_1_shot.txt' gespeichert.
File: NCT03920020 

Das File: /work/eauten2s/ec_criteria_struct/lct/input/dataset/test/input/NCT03920020.txt wurde erfolgreich geladen.
Die Daten wurden erfolgreich in '/work/eauten2s/ec_criteria_struct/lct/evaluate_parse_1/eval_n_shot/eval_1_shot/model_output/1_shot_v_18/output/Llama-3-70B-Instruct_NCT03920020_1_shot.txt' gespeichert.
File: NCT03920098 

Das File: /work/eauten2s/ec_criteria_struct/lct/input/dataset/test/input/NCT03920098.txt wurde erfolgreich geladen.
Die Daten wurden erfolgreich in '/work/eauten2s/ec_criteria_struct/lct/evaluate_parse_1/eval_n_shot/eval_1_shot/model_output/1_shot_v_18/output/Llama-3-70B-Instruct_NCT03920098_1_shot.txt' gespeichert.
File: NCT03920241 

Das File: /work/eauten2s/ec_criteria_struct/lct/input/dataset/test/input/NCT03920241.txt wurde erfolgreich geladen.
Die Daten wurden erfolgreich in '/work/eauten2s/ec_criteria_struct/lct/evaluate_parse_1/eval_n_shot/eval_1_shot/model_output/1_shot_v_18/output/Llama-3-70B-Instruct_NCT03920241_1_shot.txt' gespeichert.
File: NCT03920267 

Das File: /work/eauten2s/ec_criteria_struct/lct/input/dataset/test/input/NCT03920267.txt wurde erfolgreich geladen.
Die Daten wurden erfolgreich in '/work/eauten2s/ec_criteria_struct/lct/evaluate_parse_1/eval_n_shot/eval_1_shot/model_output/1_shot_v_18/output/Llama-3-70B-Instruct_NCT03920267_1_shot.txt' gespeichert.
File: NCT03920293 

Das File: /work/eauten2s/ec_criteria_struct/lct/input/dataset/test/input/NCT03920293.txt wurde erfolgreich geladen.
Die Daten wurden erfolgreich in '/work/eauten2s/ec_criteria_struct/lct/evaluate_parse_1/eval_n_shot/eval_1_shot/model_output/1_shot_v_18/output/Llama-3-70B-Instruct_NCT03920293_1_shot.txt' gespeichert.
File: NCT03920306 

Das File: /work/eauten2s/ec_criteria_struct/lct/input/dataset/test/input/NCT03920306.txt wurde erfolgreich geladen.
Die Daten wurden erfolgreich in '/work/eauten2s/ec_criteria_struct/lct/evaluate_parse_1/eval_n_shot/eval_1_shot/model_output/1_shot_v_18/output/Llama-3-70B-Instruct_NCT03920306_1_shot.txt' gespeichert.
File: NCT03920319 

Das File: /work/eauten2s/ec_criteria_struct/lct/input/dataset/test/input/NCT03920319.txt wurde erfolgreich geladen.
Die Daten wurden erfolgreich in '/work/eauten2s/ec_criteria_struct/lct/evaluate_parse_1/eval_n_shot/eval_1_shot/model_output/1_shot_v_18/output/Llama-3-70B-Instruct_NCT03920319_1_shot.txt' gespeichert.
File: NCT03920345 

Das File: /work/eauten2s/ec_criteria_struct/lct/input/dataset/test/input/NCT03920345.txt wurde erfolgreich geladen.
Die Daten wurden erfolgreich in '/work/eauten2s/ec_criteria_struct/lct/evaluate_parse_1/eval_n_shot/eval_1_shot/model_output/1_shot_v_18/output/Llama-3-70B-Instruct_NCT03920345_1_shot.txt' gespeichert.
File: NCT03920449 

Das File: /work/eauten2s/ec_criteria_struct/lct/input/dataset/test/input/NCT03920449.txt wurde erfolgreich geladen.
Die Daten wurden erfolgreich in '/work/eauten2s/ec_criteria_struct/lct/evaluate_parse_1/eval_n_shot/eval_1_shot/model_output/1_shot_v_18/output/Llama-3-70B-Instruct_NCT03920449_1_shot.txt' gespeichert.
File: NCT03920527 

Das File: /work/eauten2s/ec_criteria_struct/lct/input/dataset/test/input/NCT03920527.txt wurde erfolgreich geladen.
Die Daten wurden erfolgreich in '/work/eauten2s/ec_criteria_struct/lct/evaluate_parse_1/eval_n_shot/eval_1_shot/model_output/1_shot_v_18/output/Llama-3-70B-Instruct_NCT03920527_1_shot.txt' gespeichert.
File: NCT03920540 

Das File: /work/eauten2s/ec_criteria_struct/lct/input/dataset/test/input/NCT03920540.txt wurde erfolgreich geladen.
Die Daten wurden erfolgreich in '/work/eauten2s/ec_criteria_struct/lct/evaluate_parse_1/eval_n_shot/eval_1_shot/model_output/1_shot_v_18/output/Llama-3-70B-Instruct_NCT03920540_1_shot.txt' gespeichert.
File: NCT03920579 

Das File: /work/eauten2s/ec_criteria_struct/lct/input/dataset/test/input/NCT03920579.txt wurde erfolgreich geladen.
Die Daten wurden erfolgreich in '/work/eauten2s/ec_criteria_struct/lct/evaluate_parse_1/eval_n_shot/eval_1_shot/model_output/1_shot_v_18/output/Llama-3-70B-Instruct_NCT03920579_1_shot.txt' gespeichert.
File: NCT03920683 

Das File: /work/eauten2s/ec_criteria_struct/lct/input/dataset/test/input/NCT03920683.txt wurde erfolgreich geladen.
Die Daten wurden erfolgreich in '/work/eauten2s/ec_criteria_struct/lct/evaluate_parse_1/eval_n_shot/eval_1_shot/model_output/1_shot_v_18/output/Llama-3-70B-Instruct_NCT03920683_1_shot.txt' gespeichert.
File: NCT03920774 

Das File: /work/eauten2s/ec_criteria_struct/lct/input/dataset/test/input/NCT03920774.txt wurde erfolgreich geladen.
Die Daten wurden erfolgreich in '/work/eauten2s/ec_criteria_struct/lct/evaluate_parse_1/eval_n_shot/eval_1_shot/model_output/1_shot_v_18/output/Llama-3-70B-Instruct_NCT03920774_1_shot.txt' gespeichert.
File: NCT03920904 

Das File: /work/eauten2s/ec_criteria_struct/lct/input/dataset/test/input/NCT03920904.txt wurde erfolgreich geladen.
Die Daten wurden erfolgreich in '/work/eauten2s/ec_criteria_struct/lct/evaluate_parse_1/eval_n_shot/eval_1_shot/model_output/1_shot_v_18/output/Llama-3-70B-Instruct_NCT03920904_1_shot.txt' gespeichert.
File: NCT03920917 

Das File: /work/eauten2s/ec_criteria_struct/lct/input/dataset/test/input/NCT03920917.txt wurde erfolgreich geladen.
Die Daten wurden erfolgreich in '/work/eauten2s/ec_criteria_struct/lct/evaluate_parse_1/eval_n_shot/eval_1_shot/model_output/1_shot_v_18/output/Llama-3-70B-Instruct_NCT03920917_1_shot.txt' gespeichert.
File: NCT03921437 

Das File: /work/eauten2s/ec_criteria_struct/lct/input/dataset/test/input/NCT03921437.txt wurde erfolgreich geladen.
Die Daten wurden erfolgreich in '/work/eauten2s/ec_criteria_struct/lct/evaluate_parse_1/eval_n_shot/eval_1_shot/model_output/1_shot_v_18/output/Llama-3-70B-Instruct_NCT03921437_1_shot.txt' gespeichert.
File: NCT03921476 

Das File: /work/eauten2s/ec_criteria_struct/lct/input/dataset/test/input/NCT03921476.txt wurde erfolgreich geladen.
Die Daten wurden erfolgreich in '/work/eauten2s/ec_criteria_struct/lct/evaluate_parse_1/eval_n_shot/eval_1_shot/model_output/1_shot_v_18/output/Llama-3-70B-Instruct_NCT03921476_1_shot.txt' gespeichert.
File: NCT03921762 

Das File: /work/eauten2s/ec_criteria_struct/lct/input/dataset/test/input/NCT03921762.txt wurde erfolgreich geladen.
Die Daten wurden erfolgreich in '/work/eauten2s/ec_criteria_struct/lct/evaluate_parse_1/eval_n_shot/eval_1_shot/model_output/1_shot_v_18/output/Llama-3-70B-Instruct_NCT03921762_1_shot.txt' gespeichert.
File: NCT03921775 

Das File: /work/eauten2s/ec_criteria_struct/lct/input/dataset/test/input/NCT03921775.txt wurde erfolgreich geladen.
Die Daten wurden erfolgreich in '/work/eauten2s/ec_criteria_struct/lct/evaluate_parse_1/eval_n_shot/eval_1_shot/model_output/1_shot_v_18/output/Llama-3-70B-Instruct_NCT03921775_1_shot.txt' gespeichert.
File: NCT03921827 

Das File: /work/eauten2s/ec_criteria_struct/lct/input/dataset/test/input/NCT03921827.txt wurde erfolgreich geladen.
Die Daten wurden erfolgreich in '/work/eauten2s/ec_criteria_struct/lct/evaluate_parse_1/eval_n_shot/eval_1_shot/model_output/1_shot_v_18/output/Llama-3-70B-Instruct_NCT03921827_1_shot.txt' gespeichert.
File: NCT03921853 

Das File: /work/eauten2s/ec_criteria_struct/lct/input/dataset/test/input/NCT03921853.txt wurde erfolgreich geladen.
Die Daten wurden erfolgreich in '/work/eauten2s/ec_criteria_struct/lct/evaluate_parse_1/eval_n_shot/eval_1_shot/model_output/1_shot_v_18/output/Llama-3-70B-Instruct_NCT03921853_1_shot.txt' gespeichert.
File: NCT03921892 

Das File: /work/eauten2s/ec_criteria_struct/lct/input/dataset/test/input/NCT03921892.txt wurde erfolgreich geladen.
Die Daten wurden erfolgreich in '/work/eauten2s/ec_criteria_struct/lct/evaluate_parse_1/eval_n_shot/eval_1_shot/model_output/1_shot_v_18/output/Llama-3-70B-Instruct_NCT03921892_1_shot.txt' gespeichert.
File: NCT03921970 

Das File: /work/eauten2s/ec_criteria_struct/lct/input/dataset/test/input/NCT03921970.txt wurde erfolgreich geladen.
Die Daten wurden erfolgreich in '/work/eauten2s/ec_criteria_struct/lct/evaluate_parse_1/eval_n_shot/eval_1_shot/model_output/1_shot_v_18/output/Llama-3-70B-Instruct_NCT03921970_1_shot.txt' gespeichert.
File: NCT03921983 

Das File: /work/eauten2s/ec_criteria_struct/lct/input/dataset/test/input/NCT03921983.txt wurde erfolgreich geladen.
Die Daten wurden erfolgreich in '/work/eauten2s/ec_criteria_struct/lct/evaluate_parse_1/eval_n_shot/eval_1_shot/model_output/1_shot_v_18/output/Llama-3-70B-Instruct_NCT03921983_1_shot.txt' gespeichert.
File: NCT03922152 

Das File: /work/eauten2s/ec_criteria_struct/lct/input/dataset/test/input/NCT03922152.txt wurde erfolgreich geladen.
Die Daten wurden erfolgreich in '/work/eauten2s/ec_criteria_struct/lct/evaluate_parse_1/eval_n_shot/eval_1_shot/model_output/1_shot_v_18/output/Llama-3-70B-Instruct_NCT03922152_1_shot.txt' gespeichert.
File: NCT03922282 

Das File: /work/eauten2s/ec_criteria_struct/lct/input/dataset/test/input/NCT03922282.txt wurde erfolgreich geladen.
Die Daten wurden erfolgreich in '/work/eauten2s/ec_criteria_struct/lct/evaluate_parse_1/eval_n_shot/eval_1_shot/model_output/1_shot_v_18/output/Llama-3-70B-Instruct_NCT03922282_1_shot.txt' gespeichert.
File: NCT03922334 

Das File: /work/eauten2s/ec_criteria_struct/lct/input/dataset/test/input/NCT03922334.txt wurde erfolgreich geladen.
Die Daten wurden erfolgreich in '/work/eauten2s/ec_criteria_struct/lct/evaluate_parse_1/eval_n_shot/eval_1_shot/model_output/1_shot_v_18/output/Llama-3-70B-Instruct_NCT03922334_1_shot.txt' gespeichert.
File: NCT03922438 

Das File: /work/eauten2s/ec_criteria_struct/lct/input/dataset/test/input/NCT03922438.txt wurde erfolgreich geladen.
Die Daten wurden erfolgreich in '/work/eauten2s/ec_criteria_struct/lct/evaluate_parse_1/eval_n_shot/eval_1_shot/model_output/1_shot_v_18/output/Llama-3-70B-Instruct_NCT03922438_1_shot.txt' gespeichert.
File: NCT03922516 

Das File: /work/eauten2s/ec_criteria_struct/lct/input/dataset/test/input/NCT03922516.txt wurde erfolgreich geladen.
Die Daten wurden erfolgreich in '/work/eauten2s/ec_criteria_struct/lct/evaluate_parse_1/eval_n_shot/eval_1_shot/model_output/1_shot_v_18/output/Llama-3-70B-Instruct_NCT03922516_1_shot.txt' gespeichert.
File: NCT03922542 

Das File: /work/eauten2s/ec_criteria_struct/lct/input/dataset/test/input/NCT03922542.txt wurde erfolgreich geladen.
Die Daten wurden erfolgreich in '/work/eauten2s/ec_criteria_struct/lct/evaluate_parse_1/eval_n_shot/eval_1_shot/model_output/1_shot_v_18/output/Llama-3-70B-Instruct_NCT03922542_1_shot.txt' gespeichert.
File: NCT03922958 

Das File: /work/eauten2s/ec_criteria_struct/lct/input/dataset/test/input/NCT03922958.txt wurde erfolgreich geladen.
Die Daten wurden erfolgreich in '/work/eauten2s/ec_criteria_struct/lct/evaluate_parse_1/eval_n_shot/eval_1_shot/model_output/1_shot_v_18/output/Llama-3-70B-Instruct_NCT03922958_1_shot.txt' gespeichert.
File: NCT03923088 

Das File: /work/eauten2s/ec_criteria_struct/lct/input/dataset/test/input/NCT03923088.txt wurde erfolgreich geladen.
Die Daten wurden erfolgreich in '/work/eauten2s/ec_criteria_struct/lct/evaluate_parse_1/eval_n_shot/eval_1_shot/model_output/1_shot_v_18/output/Llama-3-70B-Instruct_NCT03923088_1_shot.txt' gespeichert.
File: NCT03923101 

Das File: /work/eauten2s/ec_criteria_struct/lct/input/dataset/test/input/NCT03923101.txt wurde erfolgreich geladen.
Die Daten wurden erfolgreich in '/work/eauten2s/ec_criteria_struct/lct/evaluate_parse_1/eval_n_shot/eval_1_shot/model_output/1_shot_v_18/output/Llama-3-70B-Instruct_NCT03923101_1_shot.txt' gespeichert.
File: NCT03923309 

Das File: /work/eauten2s/ec_criteria_struct/lct/input/dataset/test/input/NCT03923309.txt wurde erfolgreich geladen.
Die Daten wurden erfolgreich in '/work/eauten2s/ec_criteria_struct/lct/evaluate_parse_1/eval_n_shot/eval_1_shot/model_output/1_shot_v_18/output/Llama-3-70B-Instruct_NCT03923309_1_shot.txt' gespeichert.
File: NCT03923660 

Das File: /work/eauten2s/ec_criteria_struct/lct/input/dataset/test/input/NCT03923660.txt wurde erfolgreich geladen.
Die Daten wurden erfolgreich in '/work/eauten2s/ec_criteria_struct/lct/evaluate_parse_1/eval_n_shot/eval_1_shot/model_output/1_shot_v_18/output/Llama-3-70B-Instruct_NCT03923660_1_shot.txt' gespeichert.
File: NCT03923933 

Das File: /work/eauten2s/ec_criteria_struct/lct/input/dataset/test/input/NCT03923933.txt wurde erfolgreich geladen.
Die Daten wurden erfolgreich in '/work/eauten2s/ec_criteria_struct/lct/evaluate_parse_1/eval_n_shot/eval_1_shot/model_output/1_shot_v_18/output/Llama-3-70B-Instruct_NCT03923933_1_shot.txt' gespeichert.
File: NCT03924115 

Das File: /work/eauten2s/ec_criteria_struct/lct/input/dataset/test/input/NCT03924115.txt wurde erfolgreich geladen.
Die Daten wurden erfolgreich in '/work/eauten2s/ec_criteria_struct/lct/evaluate_parse_1/eval_n_shot/eval_1_shot/model_output/1_shot_v_18/output/Llama-3-70B-Instruct_NCT03924115_1_shot.txt' gespeichert.
File: NCT03924375 

Das File: /work/eauten2s/ec_criteria_struct/lct/input/dataset/test/input/NCT03924375.txt wurde erfolgreich geladen.
Die Daten wurden erfolgreich in '/work/eauten2s/ec_criteria_struct/lct/evaluate_parse_1/eval_n_shot/eval_1_shot/model_output/1_shot_v_18/output/Llama-3-70B-Instruct_NCT03924375_1_shot.txt' gespeichert.
File: NCT03924414 

Das File: /work/eauten2s/ec_criteria_struct/lct/input/dataset/test/input/NCT03924414.txt wurde erfolgreich geladen.
Die Daten wurden erfolgreich in '/work/eauten2s/ec_criteria_struct/lct/evaluate_parse_1/eval_n_shot/eval_1_shot/model_output/1_shot_v_18/output/Llama-3-70B-Instruct_NCT03924414_1_shot.txt' gespeichert.
File: NCT03924440 

Das File: /work/eauten2s/ec_criteria_struct/lct/input/dataset/test/input/NCT03924440.txt wurde erfolgreich geladen.
Die Daten wurden erfolgreich in '/work/eauten2s/ec_criteria_struct/lct/evaluate_parse_1/eval_n_shot/eval_1_shot/model_output/1_shot_v_18/output/Llama-3-70B-Instruct_NCT03924440_1_shot.txt' gespeichert.
File: NCT03924544 

Das File: /work/eauten2s/ec_criteria_struct/lct/input/dataset/test/input/NCT03924544.txt wurde erfolgreich geladen.
Die Daten wurden erfolgreich in '/work/eauten2s/ec_criteria_struct/lct/evaluate_parse_1/eval_n_shot/eval_1_shot/model_output/1_shot_v_18/output/Llama-3-70B-Instruct_NCT03924544_1_shot.txt' gespeichert.
File: NCT03924596 

Das File: /work/eauten2s/ec_criteria_struct/lct/input/dataset/test/input/NCT03924596.txt wurde erfolgreich geladen.
Die Daten wurden erfolgreich in '/work/eauten2s/ec_criteria_struct/lct/evaluate_parse_1/eval_n_shot/eval_1_shot/model_output/1_shot_v_18/output/Llama-3-70B-Instruct_NCT03924596_1_shot.txt' gespeichert.
File: NCT03924726 

Das File: /work/eauten2s/ec_criteria_struct/lct/input/dataset/test/input/NCT03924726.txt wurde erfolgreich geladen.
Die Daten wurden erfolgreich in '/work/eauten2s/ec_criteria_struct/lct/evaluate_parse_1/eval_n_shot/eval_1_shot/model_output/1_shot_v_18/output/Llama-3-70B-Instruct_NCT03924726_1_shot.txt' gespeichert.
File: NCT03924791 

Das File: /work/eauten2s/ec_criteria_struct/lct/input/dataset/test/input/NCT03924791.txt wurde erfolgreich geladen.
Die Daten wurden erfolgreich in '/work/eauten2s/ec_criteria_struct/lct/evaluate_parse_1/eval_n_shot/eval_1_shot/model_output/1_shot_v_18/output/Llama-3-70B-Instruct_NCT03924791_1_shot.txt' gespeichert.
File: NCT03924817 

Das File: /work/eauten2s/ec_criteria_struct/lct/input/dataset/test/input/NCT03924817.txt wurde erfolgreich geladen.
Die Daten wurden erfolgreich in '/work/eauten2s/ec_criteria_struct/lct/evaluate_parse_1/eval_n_shot/eval_1_shot/model_output/1_shot_v_18/output/Llama-3-70B-Instruct_NCT03924817_1_shot.txt' gespeichert.
File: NCT03924908 

Das File: /work/eauten2s/ec_criteria_struct/lct/input/dataset/test/input/NCT03924908.txt wurde erfolgreich geladen.
Die Daten wurden erfolgreich in '/work/eauten2s/ec_criteria_struct/lct/evaluate_parse_1/eval_n_shot/eval_1_shot/model_output/1_shot_v_18/output/Llama-3-70B-Instruct_NCT03924908_1_shot.txt' gespeichert.
File: NCT03924921 

Das File: /work/eauten2s/ec_criteria_struct/lct/input/dataset/test/input/NCT03924921.txt wurde erfolgreich geladen.
Die Daten wurden erfolgreich in '/work/eauten2s/ec_criteria_struct/lct/evaluate_parse_1/eval_n_shot/eval_1_shot/model_output/1_shot_v_18/output/Llama-3-70B-Instruct_NCT03924921_1_shot.txt' gespeichert.
File: NCT03925077 

Das File: /work/eauten2s/ec_criteria_struct/lct/input/dataset/test/input/NCT03925077.txt wurde erfolgreich geladen.
Die Daten wurden erfolgreich in '/work/eauten2s/ec_criteria_struct/lct/evaluate_parse_1/eval_n_shot/eval_1_shot/model_output/1_shot_v_18/output/Llama-3-70B-Instruct_NCT03925077_1_shot.txt' gespeichert.
File: NCT03925142 

Das File: /work/eauten2s/ec_criteria_struct/lct/input/dataset/test/input/NCT03925142.txt wurde erfolgreich geladen.
Die Daten wurden erfolgreich in '/work/eauten2s/ec_criteria_struct/lct/evaluate_parse_1/eval_n_shot/eval_1_shot/model_output/1_shot_v_18/output/Llama-3-70B-Instruct_NCT03925142_1_shot.txt' gespeichert.
File: NCT03925337 

Das File: /work/eauten2s/ec_criteria_struct/lct/input/dataset/test/input/NCT03925337.txt wurde erfolgreich geladen.
Die Daten wurden erfolgreich in '/work/eauten2s/ec_criteria_struct/lct/evaluate_parse_1/eval_n_shot/eval_1_shot/model_output/1_shot_v_18/output/Llama-3-70B-Instruct_NCT03925337_1_shot.txt' gespeichert.
File: NCT03925389 

Das File: /work/eauten2s/ec_criteria_struct/lct/input/dataset/test/input/NCT03925389.txt wurde erfolgreich geladen.
Die Daten wurden erfolgreich in '/work/eauten2s/ec_criteria_struct/lct/evaluate_parse_1/eval_n_shot/eval_1_shot/model_output/1_shot_v_18/output/Llama-3-70B-Instruct_NCT03925389_1_shot.txt' gespeichert.
File: NCT03925454 

Das File: /work/eauten2s/ec_criteria_struct/lct/input/dataset/test/input/NCT03925454.txt wurde erfolgreich geladen.
Die Daten wurden erfolgreich in '/work/eauten2s/ec_criteria_struct/lct/evaluate_parse_1/eval_n_shot/eval_1_shot/model_output/1_shot_v_18/output/Llama-3-70B-Instruct_NCT03925454_1_shot.txt' gespeichert.
File: NCT03925571 

Das File: /work/eauten2s/ec_criteria_struct/lct/input/dataset/test/input/NCT03925571.txt wurde erfolgreich geladen.
Die Daten wurden erfolgreich in '/work/eauten2s/ec_criteria_struct/lct/evaluate_parse_1/eval_n_shot/eval_1_shot/model_output/1_shot_v_18/output/Llama-3-70B-Instruct_NCT03925571_1_shot.txt' gespeichert.
File: NCT03925649 

Das File: /work/eauten2s/ec_criteria_struct/lct/input/dataset/test/input/NCT03925649.txt wurde erfolgreich geladen.
Die Daten wurden erfolgreich in '/work/eauten2s/ec_criteria_struct/lct/evaluate_parse_1/eval_n_shot/eval_1_shot/model_output/1_shot_v_18/output/Llama-3-70B-Instruct_NCT03925649_1_shot.txt' gespeichert.
File: NCT03925675 

Das File: /work/eauten2s/ec_criteria_struct/lct/input/dataset/test/input/NCT03925675.txt wurde erfolgreich geladen.
Die Daten wurden erfolgreich in '/work/eauten2s/ec_criteria_struct/lct/evaluate_parse_1/eval_n_shot/eval_1_shot/model_output/1_shot_v_18/output/Llama-3-70B-Instruct_NCT03925675_1_shot.txt' gespeichert.
File: NCT03925727 

Das File: /work/eauten2s/ec_criteria_struct/lct/input/dataset/test/input/NCT03925727.txt wurde erfolgreich geladen.
Die Daten wurden erfolgreich in '/work/eauten2s/ec_criteria_struct/lct/evaluate_parse_1/eval_n_shot/eval_1_shot/model_output/1_shot_v_18/output/Llama-3-70B-Instruct_NCT03925727_1_shot.txt' gespeichert.
File: NCT03925844 

Das File: /work/eauten2s/ec_criteria_struct/lct/input/dataset/test/input/NCT03925844.txt wurde erfolgreich geladen.
Die Daten wurden erfolgreich in '/work/eauten2s/ec_criteria_struct/lct/evaluate_parse_1/eval_n_shot/eval_1_shot/model_output/1_shot_v_18/output/Llama-3-70B-Instruct_NCT03925844_1_shot.txt' gespeichert.
File: NCT03926130 

Das File: /work/eauten2s/ec_criteria_struct/lct/input/dataset/test/input/NCT03926130.txt wurde erfolgreich geladen.
Die Daten wurden erfolgreich in '/work/eauten2s/ec_criteria_struct/lct/evaluate_parse_1/eval_n_shot/eval_1_shot/model_output/1_shot_v_18/output/Llama-3-70B-Instruct_NCT03926130_1_shot.txt' gespeichert.
File: NCT03926195 

Das File: /work/eauten2s/ec_criteria_struct/lct/input/dataset/test/input/NCT03926195.txt wurde erfolgreich geladen.
Die Daten wurden erfolgreich in '/work/eauten2s/ec_criteria_struct/lct/evaluate_parse_1/eval_n_shot/eval_1_shot/model_output/1_shot_v_18/output/Llama-3-70B-Instruct_NCT03926195_1_shot.txt' gespeichert.
File: NCT03926299 

Das File: /work/eauten2s/ec_criteria_struct/lct/input/dataset/test/input/NCT03926299.txt wurde erfolgreich geladen.
Die Daten wurden erfolgreich in '/work/eauten2s/ec_criteria_struct/lct/evaluate_parse_1/eval_n_shot/eval_1_shot/model_output/1_shot_v_18/output/Llama-3-70B-Instruct_NCT03926299_1_shot.txt' gespeichert.
File: NCT03926312 

Das File: /work/eauten2s/ec_criteria_struct/lct/input/dataset/test/input/NCT03926312.txt wurde erfolgreich geladen.
Die Daten wurden erfolgreich in '/work/eauten2s/ec_criteria_struct/lct/evaluate_parse_1/eval_n_shot/eval_1_shot/model_output/1_shot_v_18/output/Llama-3-70B-Instruct_NCT03926312_1_shot.txt' gespeichert.
File: NCT03926377 

Das File: /work/eauten2s/ec_criteria_struct/lct/input/dataset/test/input/NCT03926377.txt wurde erfolgreich geladen.
Die Daten wurden erfolgreich in '/work/eauten2s/ec_criteria_struct/lct/evaluate_parse_1/eval_n_shot/eval_1_shot/model_output/1_shot_v_18/output/Llama-3-70B-Instruct_NCT03926377_1_shot.txt' gespeichert.
File: NCT03926429 

Das File: /work/eauten2s/ec_criteria_struct/lct/input/dataset/test/input/NCT03926429.txt wurde erfolgreich geladen.
Die Daten wurden erfolgreich in '/work/eauten2s/ec_criteria_struct/lct/evaluate_parse_1/eval_n_shot/eval_1_shot/model_output/1_shot_v_18/output/Llama-3-70B-Instruct_NCT03926429_1_shot.txt' gespeichert.
File: NCT03926494 

Das File: /work/eauten2s/ec_criteria_struct/lct/input/dataset/test/input/NCT03926494.txt wurde erfolgreich geladen.
Die Daten wurden erfolgreich in '/work/eauten2s/ec_criteria_struct/lct/evaluate_parse_1/eval_n_shot/eval_1_shot/model_output/1_shot_v_18/output/Llama-3-70B-Instruct_NCT03926494_1_shot.txt' gespeichert.
File: NCT03926546 

Das File: /work/eauten2s/ec_criteria_struct/lct/input/dataset/test/input/NCT03926546.txt wurde erfolgreich geladen.
Die Daten wurden erfolgreich in '/work/eauten2s/ec_criteria_struct/lct/evaluate_parse_1/eval_n_shot/eval_1_shot/model_output/1_shot_v_18/output/Llama-3-70B-Instruct_NCT03926546_1_shot.txt' gespeichert.
File: NCT03926780 

Das File: /work/eauten2s/ec_criteria_struct/lct/input/dataset/test/input/NCT03926780.txt wurde erfolgreich geladen.
Die Daten wurden erfolgreich in '/work/eauten2s/ec_criteria_struct/lct/evaluate_parse_1/eval_n_shot/eval_1_shot/model_output/1_shot_v_18/output/Llama-3-70B-Instruct_NCT03926780_1_shot.txt' gespeichert.
File: NCT03926871 

Das File: /work/eauten2s/ec_criteria_struct/lct/input/dataset/test/input/NCT03926871.txt wurde erfolgreich geladen.
Die Daten wurden erfolgreich in '/work/eauten2s/ec_criteria_struct/lct/evaluate_parse_1/eval_n_shot/eval_1_shot/model_output/1_shot_v_18/output/Llama-3-70B-Instruct_NCT03926871_1_shot.txt' gespeichert.
File: NCT03926962 

Das File: /work/eauten2s/ec_criteria_struct/lct/input/dataset/test/input/NCT03926962.txt wurde erfolgreich geladen.
Die Daten wurden erfolgreich in '/work/eauten2s/ec_criteria_struct/lct/evaluate_parse_1/eval_n_shot/eval_1_shot/model_output/1_shot_v_18/output/Llama-3-70B-Instruct_NCT03926962_1_shot.txt' gespeichert.
File: NCT03927092 

Das File: /work/eauten2s/ec_criteria_struct/lct/input/dataset/test/input/NCT03927092.txt wurde erfolgreich geladen.
Die Daten wurden erfolgreich in '/work/eauten2s/ec_criteria_struct/lct/evaluate_parse_1/eval_n_shot/eval_1_shot/model_output/1_shot_v_18/output/Llama-3-70B-Instruct_NCT03927092_1_shot.txt' gespeichert.
File: NCT03927664 

Das File: /work/eauten2s/ec_criteria_struct/lct/input/dataset/test/input/NCT03927664.txt wurde erfolgreich geladen.
Die Daten wurden erfolgreich in '/work/eauten2s/ec_criteria_struct/lct/evaluate_parse_1/eval_n_shot/eval_1_shot/model_output/1_shot_v_18/output/Llama-3-70B-Instruct_NCT03927664_1_shot.txt' gespeichert.
File: NCT03927755 

Das File: /work/eauten2s/ec_criteria_struct/lct/input/dataset/test/input/NCT03927755.txt wurde erfolgreich geladen.
Die Daten wurden erfolgreich in '/work/eauten2s/ec_criteria_struct/lct/evaluate_parse_1/eval_n_shot/eval_1_shot/model_output/1_shot_v_18/output/Llama-3-70B-Instruct_NCT03927755_1_shot.txt' gespeichert.
File: NCT03927781 

Das File: /work/eauten2s/ec_criteria_struct/lct/input/dataset/test/input/NCT03927781.txt wurde erfolgreich geladen.
Die Daten wurden erfolgreich in '/work/eauten2s/ec_criteria_struct/lct/evaluate_parse_1/eval_n_shot/eval_1_shot/model_output/1_shot_v_18/output/Llama-3-70B-Instruct_NCT03927781_1_shot.txt' gespeichert.
File: NCT03927885 

Das File: /work/eauten2s/ec_criteria_struct/lct/input/dataset/test/input/NCT03927885.txt wurde erfolgreich geladen.
Die Daten wurden erfolgreich in '/work/eauten2s/ec_criteria_struct/lct/evaluate_parse_1/eval_n_shot/eval_1_shot/model_output/1_shot_v_18/output/Llama-3-70B-Instruct_NCT03927885_1_shot.txt' gespeichert.
File: NCT03928015 

Das File: /work/eauten2s/ec_criteria_struct/lct/input/dataset/test/input/NCT03928015.txt wurde erfolgreich geladen.
Die Daten wurden erfolgreich in '/work/eauten2s/ec_criteria_struct/lct/evaluate_parse_1/eval_n_shot/eval_1_shot/model_output/1_shot_v_18/output/Llama-3-70B-Instruct_NCT03928015_1_shot.txt' gespeichert.
File: NCT03928080 

Das File: /work/eauten2s/ec_criteria_struct/lct/input/dataset/test/input/NCT03928080.txt wurde erfolgreich geladen.
Die Daten wurden erfolgreich in '/work/eauten2s/ec_criteria_struct/lct/evaluate_parse_1/eval_n_shot/eval_1_shot/model_output/1_shot_v_18/output/Llama-3-70B-Instruct_NCT03928080_1_shot.txt' gespeichert.
File: NCT03928197 

Das File: /work/eauten2s/ec_criteria_struct/lct/input/dataset/test/input/NCT03928197.txt wurde erfolgreich geladen.
Die Daten wurden erfolgreich in '/work/eauten2s/ec_criteria_struct/lct/evaluate_parse_1/eval_n_shot/eval_1_shot/model_output/1_shot_v_18/output/Llama-3-70B-Instruct_NCT03928197_1_shot.txt' gespeichert.
File: NCT03928223 

Das File: /work/eauten2s/ec_criteria_struct/lct/input/dataset/test/input/NCT03928223.txt wurde erfolgreich geladen.
Die Daten wurden erfolgreich in '/work/eauten2s/ec_criteria_struct/lct/evaluate_parse_1/eval_n_shot/eval_1_shot/model_output/1_shot_v_18/output/Llama-3-70B-Instruct_NCT03928223_1_shot.txt' gespeichert.
File: NCT03928392 

Das File: /work/eauten2s/ec_criteria_struct/lct/input/dataset/test/input/NCT03928392.txt wurde erfolgreich geladen.
Die Daten wurden erfolgreich in '/work/eauten2s/ec_criteria_struct/lct/evaluate_parse_1/eval_n_shot/eval_1_shot/model_output/1_shot_v_18/output/Llama-3-70B-Instruct_NCT03928392_1_shot.txt' gespeichert.
File: NCT03928405 

Das File: /work/eauten2s/ec_criteria_struct/lct/input/dataset/test/input/NCT03928405.txt wurde erfolgreich geladen.
Die Daten wurden erfolgreich in '/work/eauten2s/ec_criteria_struct/lct/evaluate_parse_1/eval_n_shot/eval_1_shot/model_output/1_shot_v_18/output/Llama-3-70B-Instruct_NCT03928405_1_shot.txt' gespeichert.
File: NCT03928431 

Das File: /work/eauten2s/ec_criteria_struct/lct/input/dataset/test/input/NCT03928431.txt wurde erfolgreich geladen.
Die Daten wurden erfolgreich in '/work/eauten2s/ec_criteria_struct/lct/evaluate_parse_1/eval_n_shot/eval_1_shot/model_output/1_shot_v_18/output/Llama-3-70B-Instruct_NCT03928431_1_shot.txt' gespeichert.
File: NCT03928522 

Das File: /work/eauten2s/ec_criteria_struct/lct/input/dataset/test/input/NCT03928522.txt wurde erfolgreich geladen.
Die Daten wurden erfolgreich in '/work/eauten2s/ec_criteria_struct/lct/evaluate_parse_1/eval_n_shot/eval_1_shot/model_output/1_shot_v_18/output/Llama-3-70B-Instruct_NCT03928522_1_shot.txt' gespeichert.
File: NCT03928639 

Das File: /work/eauten2s/ec_criteria_struct/lct/input/dataset/test/input/NCT03928639.txt wurde erfolgreich geladen.
Die Daten wurden erfolgreich in '/work/eauten2s/ec_criteria_struct/lct/evaluate_parse_1/eval_n_shot/eval_1_shot/model_output/1_shot_v_18/output/Llama-3-70B-Instruct_NCT03928639_1_shot.txt' gespeichert.
File: NCT03928769 

Das File: /work/eauten2s/ec_criteria_struct/lct/input/dataset/test/input/NCT03928769.txt wurde erfolgreich geladen.
Die Daten wurden erfolgreich in '/work/eauten2s/ec_criteria_struct/lct/evaluate_parse_1/eval_n_shot/eval_1_shot/model_output/1_shot_v_18/output/Llama-3-70B-Instruct_NCT03928769_1_shot.txt' gespeichert.
File: NCT03928795 

Das File: /work/eauten2s/ec_criteria_struct/lct/input/dataset/test/input/NCT03928795.txt wurde erfolgreich geladen.
Die Daten wurden erfolgreich in '/work/eauten2s/ec_criteria_struct/lct/evaluate_parse_1/eval_n_shot/eval_1_shot/model_output/1_shot_v_18/output/Llama-3-70B-Instruct_NCT03928795_1_shot.txt' gespeichert.
File: NCT03928834 

Das File: /work/eauten2s/ec_criteria_struct/lct/input/dataset/test/input/NCT03928834.txt wurde erfolgreich geladen.
Die Daten wurden erfolgreich in '/work/eauten2s/ec_criteria_struct/lct/evaluate_parse_1/eval_n_shot/eval_1_shot/model_output/1_shot_v_18/output/Llama-3-70B-Instruct_NCT03928834_1_shot.txt' gespeichert.
File: NCT03929055 

Das File: /work/eauten2s/ec_criteria_struct/lct/input/dataset/test/input/NCT03929055.txt wurde erfolgreich geladen.
Die Daten wurden erfolgreich in '/work/eauten2s/ec_criteria_struct/lct/evaluate_parse_1/eval_n_shot/eval_1_shot/model_output/1_shot_v_18/output/Llama-3-70B-Instruct_NCT03929055_1_shot.txt' gespeichert.
File: NCT03929198 

Das File: /work/eauten2s/ec_criteria_struct/lct/input/dataset/test/input/NCT03929198.txt wurde erfolgreich geladen.
Die Daten wurden erfolgreich in '/work/eauten2s/ec_criteria_struct/lct/evaluate_parse_1/eval_n_shot/eval_1_shot/model_output/1_shot_v_18/output/Llama-3-70B-Instruct_NCT03929198_1_shot.txt' gespeichert.
File: NCT03929276 

Das File: /work/eauten2s/ec_criteria_struct/lct/input/dataset/test/input/NCT03929276.txt wurde erfolgreich geladen.
Die Daten wurden erfolgreich in '/work/eauten2s/ec_criteria_struct/lct/evaluate_parse_1/eval_n_shot/eval_1_shot/model_output/1_shot_v_18/output/Llama-3-70B-Instruct_NCT03929276_1_shot.txt' gespeichert.
File: NCT03929380 

Das File: /work/eauten2s/ec_criteria_struct/lct/input/dataset/test/input/NCT03929380.txt wurde erfolgreich geladen.
Die Daten wurden erfolgreich in '/work/eauten2s/ec_criteria_struct/lct/evaluate_parse_1/eval_n_shot/eval_1_shot/model_output/1_shot_v_18/output/Llama-3-70B-Instruct_NCT03929380_1_shot.txt' gespeichert.
File: NCT03929406 

Das File: /work/eauten2s/ec_criteria_struct/lct/input/dataset/test/input/NCT03929406.txt wurde erfolgreich geladen.
Die Daten wurden erfolgreich in '/work/eauten2s/ec_criteria_struct/lct/evaluate_parse_1/eval_n_shot/eval_1_shot/model_output/1_shot_v_18/output/Llama-3-70B-Instruct_NCT03929406_1_shot.txt' gespeichert.
File: NCT03929536 

Das File: /work/eauten2s/ec_criteria_struct/lct/input/dataset/test/input/NCT03929536.txt wurde erfolgreich geladen.
Die Daten wurden erfolgreich in '/work/eauten2s/ec_criteria_struct/lct/evaluate_parse_1/eval_n_shot/eval_1_shot/model_output/1_shot_v_18/output/Llama-3-70B-Instruct_NCT03929536_1_shot.txt' gespeichert.
File: NCT03929614 

Das File: /work/eauten2s/ec_criteria_struct/lct/input/dataset/test/input/NCT03929614.txt wurde erfolgreich geladen.
Die Daten wurden erfolgreich in '/work/eauten2s/ec_criteria_struct/lct/evaluate_parse_1/eval_n_shot/eval_1_shot/model_output/1_shot_v_18/output/Llama-3-70B-Instruct_NCT03929614_1_shot.txt' gespeichert.
File: NCT03929822 

Das File: /work/eauten2s/ec_criteria_struct/lct/input/dataset/test/input/NCT03929822.txt wurde erfolgreich geladen.
Die Daten wurden erfolgreich in '/work/eauten2s/ec_criteria_struct/lct/evaluate_parse_1/eval_n_shot/eval_1_shot/model_output/1_shot_v_18/output/Llama-3-70B-Instruct_NCT03929822_1_shot.txt' gespeichert.
File: NCT03929887 

Das File: /work/eauten2s/ec_criteria_struct/lct/input/dataset/test/input/NCT03929887.txt wurde erfolgreich geladen.
Die Daten wurden erfolgreich in '/work/eauten2s/ec_criteria_struct/lct/evaluate_parse_1/eval_n_shot/eval_1_shot/model_output/1_shot_v_18/output/Llama-3-70B-Instruct_NCT03929887_1_shot.txt' gespeichert.
File: NCT03929900 

Das File: /work/eauten2s/ec_criteria_struct/lct/input/dataset/test/input/NCT03929900.txt wurde erfolgreich geladen.
Die Daten wurden erfolgreich in '/work/eauten2s/ec_criteria_struct/lct/evaluate_parse_1/eval_n_shot/eval_1_shot/model_output/1_shot_v_18/output/Llama-3-70B-Instruct_NCT03929900_1_shot.txt' gespeichert.
File: NCT03930901 

Das File: /work/eauten2s/ec_criteria_struct/lct/input/dataset/test/input/NCT03930901.txt wurde erfolgreich geladen.
Die Daten wurden erfolgreich in '/work/eauten2s/ec_criteria_struct/lct/evaluate_parse_1/eval_n_shot/eval_1_shot/model_output/1_shot_v_18/output/Llama-3-70B-Instruct_NCT03930901_1_shot.txt' gespeichert.
File: NCT03934346 

Das File: /work/eauten2s/ec_criteria_struct/lct/input/dataset/test/input/NCT03934346.txt wurde erfolgreich geladen.
Die Daten wurden erfolgreich in '/work/eauten2s/ec_criteria_struct/lct/evaluate_parse_1/eval_n_shot/eval_1_shot/model_output/1_shot_v_18/output/Llama-3-70B-Instruct_NCT03934346_1_shot.txt' gespeichert.
NCT Number: NCT03920332
File: NCT03860194 

Das File: /work/eauten2s/ec_criteria_struct/lct/input/dataset/test/input/NCT03860194.txt wurde erfolgreich geladen.
Die Daten wurden erfolgreich in '/work/eauten2s/ec_criteria_struct/lct/evaluate_parse_1/eval_n_shot/eval_1_shot/model_output/1_shot_v_19/output/Llama-3-70B-Instruct_NCT03860194_1_shot.txt' gespeichert.
File: NCT03860415 

Das File: /work/eauten2s/ec_criteria_struct/lct/input/dataset/test/input/NCT03860415.txt wurde erfolgreich geladen.
Die Daten wurden erfolgreich in '/work/eauten2s/ec_criteria_struct/lct/evaluate_parse_1/eval_n_shot/eval_1_shot/model_output/1_shot_v_19/output/Llama-3-70B-Instruct_NCT03860415_1_shot.txt' gespeichert.
File: NCT03860454 

Das File: /work/eauten2s/ec_criteria_struct/lct/input/dataset/test/input/NCT03860454.txt wurde erfolgreich geladen.
Die Daten wurden erfolgreich in '/work/eauten2s/ec_criteria_struct/lct/evaluate_parse_1/eval_n_shot/eval_1_shot/model_output/1_shot_v_19/output/Llama-3-70B-Instruct_NCT03860454_1_shot.txt' gespeichert.
File: NCT03860584 

Das File: /work/eauten2s/ec_criteria_struct/lct/input/dataset/test/input/NCT03860584.txt wurde erfolgreich geladen.
Die Daten wurden erfolgreich in '/work/eauten2s/ec_criteria_struct/lct/evaluate_parse_1/eval_n_shot/eval_1_shot/model_output/1_shot_v_19/output/Llama-3-70B-Instruct_NCT03860584_1_shot.txt' gespeichert.
File: NCT03860766 

Das File: /work/eauten2s/ec_criteria_struct/lct/input/dataset/test/input/NCT03860766.txt wurde erfolgreich geladen.
Die Daten wurden erfolgreich in '/work/eauten2s/ec_criteria_struct/lct/evaluate_parse_1/eval_n_shot/eval_1_shot/model_output/1_shot_v_19/output/Llama-3-70B-Instruct_NCT03860766_1_shot.txt' gespeichert.
File: NCT03860896 

Das File: /work/eauten2s/ec_criteria_struct/lct/input/dataset/test/input/NCT03860896.txt wurde erfolgreich geladen.
Die Daten wurden erfolgreich in '/work/eauten2s/ec_criteria_struct/lct/evaluate_parse_1/eval_n_shot/eval_1_shot/model_output/1_shot_v_19/output/Llama-3-70B-Instruct_NCT03860896_1_shot.txt' gespeichert.
File: NCT03861182 

Das File: /work/eauten2s/ec_criteria_struct/lct/input/dataset/test/input/NCT03861182.txt wurde erfolgreich geladen.
Die Daten wurden erfolgreich in '/work/eauten2s/ec_criteria_struct/lct/evaluate_parse_1/eval_n_shot/eval_1_shot/model_output/1_shot_v_19/output/Llama-3-70B-Instruct_NCT03861182_1_shot.txt' gespeichert.
File: NCT03861195 

Das File: /work/eauten2s/ec_criteria_struct/lct/input/dataset/test/input/NCT03861195.txt wurde erfolgreich geladen.
Die Daten wurden erfolgreich in '/work/eauten2s/ec_criteria_struct/lct/evaluate_parse_1/eval_n_shot/eval_1_shot/model_output/1_shot_v_19/output/Llama-3-70B-Instruct_NCT03861195_1_shot.txt' gespeichert.
File: NCT03861299 

Das File: /work/eauten2s/ec_criteria_struct/lct/input/dataset/test/input/NCT03861299.txt wurde erfolgreich geladen.
Die Daten wurden erfolgreich in '/work/eauten2s/ec_criteria_struct/lct/evaluate_parse_1/eval_n_shot/eval_1_shot/model_output/1_shot_v_19/output/Llama-3-70B-Instruct_NCT03861299_1_shot.txt' gespeichert.
File: NCT03861312 

Das File: /work/eauten2s/ec_criteria_struct/lct/input/dataset/test/input/NCT03861312.txt wurde erfolgreich geladen.
Die Daten wurden erfolgreich in '/work/eauten2s/ec_criteria_struct/lct/evaluate_parse_1/eval_n_shot/eval_1_shot/model_output/1_shot_v_19/output/Llama-3-70B-Instruct_NCT03861312_1_shot.txt' gespeichert.
File: NCT03861429 

Das File: /work/eauten2s/ec_criteria_struct/lct/input/dataset/test/input/NCT03861429.txt wurde erfolgreich geladen.
Die Daten wurden erfolgreich in '/work/eauten2s/ec_criteria_struct/lct/evaluate_parse_1/eval_n_shot/eval_1_shot/model_output/1_shot_v_19/output/Llama-3-70B-Instruct_NCT03861429_1_shot.txt' gespeichert.
File: NCT03861494 

Das File: /work/eauten2s/ec_criteria_struct/lct/input/dataset/test/input/NCT03861494.txt wurde erfolgreich geladen.
Die Daten wurden erfolgreich in '/work/eauten2s/ec_criteria_struct/lct/evaluate_parse_1/eval_n_shot/eval_1_shot/model_output/1_shot_v_19/output/Llama-3-70B-Instruct_NCT03861494_1_shot.txt' gespeichert.
File: NCT03861507 

Das File: /work/eauten2s/ec_criteria_struct/lct/input/dataset/test/input/NCT03861507.txt wurde erfolgreich geladen.
Die Daten wurden erfolgreich in '/work/eauten2s/ec_criteria_struct/lct/evaluate_parse_1/eval_n_shot/eval_1_shot/model_output/1_shot_v_19/output/Llama-3-70B-Instruct_NCT03861507_1_shot.txt' gespeichert.
File: NCT03861546 

Das File: /work/eauten2s/ec_criteria_struct/lct/input/dataset/test/input/NCT03861546.txt wurde erfolgreich geladen.
Die Daten wurden erfolgreich in '/work/eauten2s/ec_criteria_struct/lct/evaluate_parse_1/eval_n_shot/eval_1_shot/model_output/1_shot_v_19/output/Llama-3-70B-Instruct_NCT03861546_1_shot.txt' gespeichert.
File: NCT03861572 

Das File: /work/eauten2s/ec_criteria_struct/lct/input/dataset/test/input/NCT03861572.txt wurde erfolgreich geladen.
Die Daten wurden erfolgreich in '/work/eauten2s/ec_criteria_struct/lct/evaluate_parse_1/eval_n_shot/eval_1_shot/model_output/1_shot_v_19/output/Llama-3-70B-Instruct_NCT03861572_1_shot.txt' gespeichert.
File: NCT03861624 

Das File: /work/eauten2s/ec_criteria_struct/lct/input/dataset/test/input/NCT03861624.txt wurde erfolgreich geladen.
Die Daten wurden erfolgreich in '/work/eauten2s/ec_criteria_struct/lct/evaluate_parse_1/eval_n_shot/eval_1_shot/model_output/1_shot_v_19/output/Llama-3-70B-Instruct_NCT03861624_1_shot.txt' gespeichert.
File: NCT03861650 

Das File: /work/eauten2s/ec_criteria_struct/lct/input/dataset/test/input/NCT03861650.txt wurde erfolgreich geladen.
Die Daten wurden erfolgreich in '/work/eauten2s/ec_criteria_struct/lct/evaluate_parse_1/eval_n_shot/eval_1_shot/model_output/1_shot_v_19/output/Llama-3-70B-Instruct_NCT03861650_1_shot.txt' gespeichert.
File: NCT03861845 

Das File: /work/eauten2s/ec_criteria_struct/lct/input/dataset/test/input/NCT03861845.txt wurde erfolgreich geladen.
Die Daten wurden erfolgreich in '/work/eauten2s/ec_criteria_struct/lct/evaluate_parse_1/eval_n_shot/eval_1_shot/model_output/1_shot_v_19/output/Llama-3-70B-Instruct_NCT03861845_1_shot.txt' gespeichert.
File: NCT03861884 

Das File: /work/eauten2s/ec_criteria_struct/lct/input/dataset/test/input/NCT03861884.txt wurde erfolgreich geladen.
Die Daten wurden erfolgreich in '/work/eauten2s/ec_criteria_struct/lct/evaluate_parse_1/eval_n_shot/eval_1_shot/model_output/1_shot_v_19/output/Llama-3-70B-Instruct_NCT03861884_1_shot.txt' gespeichert.
File: NCT03862014 

Das File: /work/eauten2s/ec_criteria_struct/lct/input/dataset/test/input/NCT03862014.txt wurde erfolgreich geladen.
Die Daten wurden erfolgreich in '/work/eauten2s/ec_criteria_struct/lct/evaluate_parse_1/eval_n_shot/eval_1_shot/model_output/1_shot_v_19/output/Llama-3-70B-Instruct_NCT03862014_1_shot.txt' gespeichert.
File: NCT03862105 

Das File: /work/eauten2s/ec_criteria_struct/lct/input/dataset/test/input/NCT03862105.txt wurde erfolgreich geladen.
Die Daten wurden erfolgreich in '/work/eauten2s/ec_criteria_struct/lct/evaluate_parse_1/eval_n_shot/eval_1_shot/model_output/1_shot_v_19/output/Llama-3-70B-Instruct_NCT03862105_1_shot.txt' gespeichert.
File: NCT03862248 

Das File: /work/eauten2s/ec_criteria_struct/lct/input/dataset/test/input/NCT03862248.txt wurde erfolgreich geladen.
Die Daten wurden erfolgreich in '/work/eauten2s/ec_criteria_struct/lct/evaluate_parse_1/eval_n_shot/eval_1_shot/model_output/1_shot_v_19/output/Llama-3-70B-Instruct_NCT03862248_1_shot.txt' gespeichert.
File: NCT03862287 

Das File: /work/eauten2s/ec_criteria_struct/lct/input/dataset/test/input/NCT03862287.txt wurde erfolgreich geladen.
Die Daten wurden erfolgreich in '/work/eauten2s/ec_criteria_struct/lct/evaluate_parse_1/eval_n_shot/eval_1_shot/model_output/1_shot_v_19/output/Llama-3-70B-Instruct_NCT03862287_1_shot.txt' gespeichert.
File: NCT03862482 

Das File: /work/eauten2s/ec_criteria_struct/lct/input/dataset/test/input/NCT03862482.txt wurde erfolgreich geladen.
Die Daten wurden erfolgreich in '/work/eauten2s/ec_criteria_struct/lct/evaluate_parse_1/eval_n_shot/eval_1_shot/model_output/1_shot_v_19/output/Llama-3-70B-Instruct_NCT03862482_1_shot.txt' gespeichert.
File: NCT03862755 

Das File: /work/eauten2s/ec_criteria_struct/lct/input/dataset/test/input/NCT03862755.txt wurde erfolgreich geladen.
Die Daten wurden erfolgreich in '/work/eauten2s/ec_criteria_struct/lct/evaluate_parse_1/eval_n_shot/eval_1_shot/model_output/1_shot_v_19/output/Llama-3-70B-Instruct_NCT03862755_1_shot.txt' gespeichert.
File: NCT03862781 

Das File: /work/eauten2s/ec_criteria_struct/lct/input/dataset/test/input/NCT03862781.txt wurde erfolgreich geladen.
Die Daten wurden erfolgreich in '/work/eauten2s/ec_criteria_struct/lct/evaluate_parse_1/eval_n_shot/eval_1_shot/model_output/1_shot_v_19/output/Llama-3-70B-Instruct_NCT03862781_1_shot.txt' gespeichert.
File: NCT03862820 

Das File: /work/eauten2s/ec_criteria_struct/lct/input/dataset/test/input/NCT03862820.txt wurde erfolgreich geladen.
Die Daten wurden erfolgreich in '/work/eauten2s/ec_criteria_struct/lct/evaluate_parse_1/eval_n_shot/eval_1_shot/model_output/1_shot_v_19/output/Llama-3-70B-Instruct_NCT03862820_1_shot.txt' gespeichert.
File: NCT03863275 

Das File: /work/eauten2s/ec_criteria_struct/lct/input/dataset/test/input/NCT03863275.txt wurde erfolgreich geladen.
Die Daten wurden erfolgreich in '/work/eauten2s/ec_criteria_struct/lct/evaluate_parse_1/eval_n_shot/eval_1_shot/model_output/1_shot_v_19/output/Llama-3-70B-Instruct_NCT03863275_1_shot.txt' gespeichert.
File: NCT03863444 

Das File: /work/eauten2s/ec_criteria_struct/lct/input/dataset/test/input/NCT03863444.txt wurde erfolgreich geladen.
Die Daten wurden erfolgreich in '/work/eauten2s/ec_criteria_struct/lct/evaluate_parse_1/eval_n_shot/eval_1_shot/model_output/1_shot_v_19/output/Llama-3-70B-Instruct_NCT03863444_1_shot.txt' gespeichert.
File: NCT03863535 

Das File: /work/eauten2s/ec_criteria_struct/lct/input/dataset/test/input/NCT03863535.txt wurde erfolgreich geladen.
Die Daten wurden erfolgreich in '/work/eauten2s/ec_criteria_struct/lct/evaluate_parse_1/eval_n_shot/eval_1_shot/model_output/1_shot_v_19/output/Llama-3-70B-Instruct_NCT03863535_1_shot.txt' gespeichert.
File: NCT03863717 

Das File: /work/eauten2s/ec_criteria_struct/lct/input/dataset/test/input/NCT03863717.txt wurde erfolgreich geladen.
Die Daten wurden erfolgreich in '/work/eauten2s/ec_criteria_struct/lct/evaluate_parse_1/eval_n_shot/eval_1_shot/model_output/1_shot_v_19/output/Llama-3-70B-Instruct_NCT03863717_1_shot.txt' gespeichert.
File: NCT03863951 

Das File: /work/eauten2s/ec_criteria_struct/lct/input/dataset/test/input/NCT03863951.txt wurde erfolgreich geladen.
Die Daten wurden erfolgreich in '/work/eauten2s/ec_criteria_struct/lct/evaluate_parse_1/eval_n_shot/eval_1_shot/model_output/1_shot_v_19/output/Llama-3-70B-Instruct_NCT03863951_1_shot.txt' gespeichert.
File: NCT03863977 

Das File: /work/eauten2s/ec_criteria_struct/lct/input/dataset/test/input/NCT03863977.txt wurde erfolgreich geladen.
Die Daten wurden erfolgreich in '/work/eauten2s/ec_criteria_struct/lct/evaluate_parse_1/eval_n_shot/eval_1_shot/model_output/1_shot_v_19/output/Llama-3-70B-Instruct_NCT03863977_1_shot.txt' gespeichert.
File: NCT03864133 

Das File: /work/eauten2s/ec_criteria_struct/lct/input/dataset/test/input/NCT03864133.txt wurde erfolgreich geladen.
Die Daten wurden erfolgreich in '/work/eauten2s/ec_criteria_struct/lct/evaluate_parse_1/eval_n_shot/eval_1_shot/model_output/1_shot_v_19/output/Llama-3-70B-Instruct_NCT03864133_1_shot.txt' gespeichert.
File: NCT03864159 

Das File: /work/eauten2s/ec_criteria_struct/lct/input/dataset/test/input/NCT03864159.txt wurde erfolgreich geladen.
Die Daten wurden erfolgreich in '/work/eauten2s/ec_criteria_struct/lct/evaluate_parse_1/eval_n_shot/eval_1_shot/model_output/1_shot_v_19/output/Llama-3-70B-Instruct_NCT03864159_1_shot.txt' gespeichert.
File: NCT03864172 

Das File: /work/eauten2s/ec_criteria_struct/lct/input/dataset/test/input/NCT03864172.txt wurde erfolgreich geladen.
Die Daten wurden erfolgreich in '/work/eauten2s/ec_criteria_struct/lct/evaluate_parse_1/eval_n_shot/eval_1_shot/model_output/1_shot_v_19/output/Llama-3-70B-Instruct_NCT03864172_1_shot.txt' gespeichert.
File: NCT03864263 

Das File: /work/eauten2s/ec_criteria_struct/lct/input/dataset/test/input/NCT03864263.txt wurde erfolgreich geladen.
Die Daten wurden erfolgreich in '/work/eauten2s/ec_criteria_struct/lct/evaluate_parse_1/eval_n_shot/eval_1_shot/model_output/1_shot_v_19/output/Llama-3-70B-Instruct_NCT03864263_1_shot.txt' gespeichert.
File: NCT03864289 

Das File: /work/eauten2s/ec_criteria_struct/lct/input/dataset/test/input/NCT03864289.txt wurde erfolgreich geladen.
Die Daten wurden erfolgreich in '/work/eauten2s/ec_criteria_struct/lct/evaluate_parse_1/eval_n_shot/eval_1_shot/model_output/1_shot_v_19/output/Llama-3-70B-Instruct_NCT03864289_1_shot.txt' gespeichert.
File: NCT03864341 

Das File: /work/eauten2s/ec_criteria_struct/lct/input/dataset/test/input/NCT03864341.txt wurde erfolgreich geladen.
Die Daten wurden erfolgreich in '/work/eauten2s/ec_criteria_struct/lct/evaluate_parse_1/eval_n_shot/eval_1_shot/model_output/1_shot_v_19/output/Llama-3-70B-Instruct_NCT03864341_1_shot.txt' gespeichert.
File: NCT03864380 

Das File: /work/eauten2s/ec_criteria_struct/lct/input/dataset/test/input/NCT03864380.txt wurde erfolgreich geladen.
Die Daten wurden erfolgreich in '/work/eauten2s/ec_criteria_struct/lct/evaluate_parse_1/eval_n_shot/eval_1_shot/model_output/1_shot_v_19/output/Llama-3-70B-Instruct_NCT03864380_1_shot.txt' gespeichert.
File: NCT03864705 

Das File: /work/eauten2s/ec_criteria_struct/lct/input/dataset/test/input/NCT03864705.txt wurde erfolgreich geladen.
Die Daten wurden erfolgreich in '/work/eauten2s/ec_criteria_struct/lct/evaluate_parse_1/eval_n_shot/eval_1_shot/model_output/1_shot_v_19/output/Llama-3-70B-Instruct_NCT03864705_1_shot.txt' gespeichert.
File: NCT03864731 

Das File: /work/eauten2s/ec_criteria_struct/lct/input/dataset/test/input/NCT03864731.txt wurde erfolgreich geladen.
Die Daten wurden erfolgreich in '/work/eauten2s/ec_criteria_struct/lct/evaluate_parse_1/eval_n_shot/eval_1_shot/model_output/1_shot_v_19/output/Llama-3-70B-Instruct_NCT03864731_1_shot.txt' gespeichert.
File: NCT03864835 

Das File: /work/eauten2s/ec_criteria_struct/lct/input/dataset/test/input/NCT03864835.txt wurde erfolgreich geladen.
Die Daten wurden erfolgreich in '/work/eauten2s/ec_criteria_struct/lct/evaluate_parse_1/eval_n_shot/eval_1_shot/model_output/1_shot_v_19/output/Llama-3-70B-Instruct_NCT03864835_1_shot.txt' gespeichert.
File: NCT03864887 

Das File: /work/eauten2s/ec_criteria_struct/lct/input/dataset/test/input/NCT03864887.txt wurde erfolgreich geladen.
Die Daten wurden erfolgreich in '/work/eauten2s/ec_criteria_struct/lct/evaluate_parse_1/eval_n_shot/eval_1_shot/model_output/1_shot_v_19/output/Llama-3-70B-Instruct_NCT03864887_1_shot.txt' gespeichert.
File: NCT03864913 

Das File: /work/eauten2s/ec_criteria_struct/lct/input/dataset/test/input/NCT03864913.txt wurde erfolgreich geladen.
Die Daten wurden erfolgreich in '/work/eauten2s/ec_criteria_struct/lct/evaluate_parse_1/eval_n_shot/eval_1_shot/model_output/1_shot_v_19/output/Llama-3-70B-Instruct_NCT03864913_1_shot.txt' gespeichert.
File: NCT03865043 

Das File: /work/eauten2s/ec_criteria_struct/lct/input/dataset/test/input/NCT03865043.txt wurde erfolgreich geladen.
Die Daten wurden erfolgreich in '/work/eauten2s/ec_criteria_struct/lct/evaluate_parse_1/eval_n_shot/eval_1_shot/model_output/1_shot_v_19/output/Llama-3-70B-Instruct_NCT03865043_1_shot.txt' gespeichert.
File: NCT03865108 

Das File: /work/eauten2s/ec_criteria_struct/lct/input/dataset/test/input/NCT03865108.txt wurde erfolgreich geladen.
Die Daten wurden erfolgreich in '/work/eauten2s/ec_criteria_struct/lct/evaluate_parse_1/eval_n_shot/eval_1_shot/model_output/1_shot_v_19/output/Llama-3-70B-Instruct_NCT03865108_1_shot.txt' gespeichert.
File: NCT03865121 

Das File: /work/eauten2s/ec_criteria_struct/lct/input/dataset/test/input/NCT03865121.txt wurde erfolgreich geladen.
Die Daten wurden erfolgreich in '/work/eauten2s/ec_criteria_struct/lct/evaluate_parse_1/eval_n_shot/eval_1_shot/model_output/1_shot_v_19/output/Llama-3-70B-Instruct_NCT03865121_1_shot.txt' gespeichert.
File: NCT03865134 

Das File: /work/eauten2s/ec_criteria_struct/lct/input/dataset/test/input/NCT03865134.txt wurde erfolgreich geladen.
Die Daten wurden erfolgreich in '/work/eauten2s/ec_criteria_struct/lct/evaluate_parse_1/eval_n_shot/eval_1_shot/model_output/1_shot_v_19/output/Llama-3-70B-Instruct_NCT03865134_1_shot.txt' gespeichert.
File: NCT03865199 

Das File: /work/eauten2s/ec_criteria_struct/lct/input/dataset/test/input/NCT03865199.txt wurde erfolgreich geladen.
Die Daten wurden erfolgreich in '/work/eauten2s/ec_criteria_struct/lct/evaluate_parse_1/eval_n_shot/eval_1_shot/model_output/1_shot_v_19/output/Llama-3-70B-Instruct_NCT03865199_1_shot.txt' gespeichert.
File: NCT03865420 

Das File: /work/eauten2s/ec_criteria_struct/lct/input/dataset/test/input/NCT03865420.txt wurde erfolgreich geladen.
Die Daten wurden erfolgreich in '/work/eauten2s/ec_criteria_struct/lct/evaluate_parse_1/eval_n_shot/eval_1_shot/model_output/1_shot_v_19/output/Llama-3-70B-Instruct_NCT03865420_1_shot.txt' gespeichert.
File: NCT03865524 

Das File: /work/eauten2s/ec_criteria_struct/lct/input/dataset/test/input/NCT03865524.txt wurde erfolgreich geladen.
Die Daten wurden erfolgreich in '/work/eauten2s/ec_criteria_struct/lct/evaluate_parse_1/eval_n_shot/eval_1_shot/model_output/1_shot_v_19/output/Llama-3-70B-Instruct_NCT03865524_1_shot.txt' gespeichert.
File: NCT03865602 

Das File: /work/eauten2s/ec_criteria_struct/lct/input/dataset/test/input/NCT03865602.txt wurde erfolgreich geladen.
Die Daten wurden erfolgreich in '/work/eauten2s/ec_criteria_struct/lct/evaluate_parse_1/eval_n_shot/eval_1_shot/model_output/1_shot_v_19/output/Llama-3-70B-Instruct_NCT03865602_1_shot.txt' gespeichert.
File: NCT03865693 

Das File: /work/eauten2s/ec_criteria_struct/lct/input/dataset/test/input/NCT03865693.txt wurde erfolgreich geladen.
Die Daten wurden erfolgreich in '/work/eauten2s/ec_criteria_struct/lct/evaluate_parse_1/eval_n_shot/eval_1_shot/model_output/1_shot_v_19/output/Llama-3-70B-Instruct_NCT03865693_1_shot.txt' gespeichert.
File: NCT03865758 

Das File: /work/eauten2s/ec_criteria_struct/lct/input/dataset/test/input/NCT03865758.txt wurde erfolgreich geladen.
Die Daten wurden erfolgreich in '/work/eauten2s/ec_criteria_struct/lct/evaluate_parse_1/eval_n_shot/eval_1_shot/model_output/1_shot_v_19/output/Llama-3-70B-Instruct_NCT03865758_1_shot.txt' gespeichert.
File: NCT03865784 

Das File: /work/eauten2s/ec_criteria_struct/lct/input/dataset/test/input/NCT03865784.txt wurde erfolgreich geladen.
Die Daten wurden erfolgreich in '/work/eauten2s/ec_criteria_struct/lct/evaluate_parse_1/eval_n_shot/eval_1_shot/model_output/1_shot_v_19/output/Llama-3-70B-Instruct_NCT03865784_1_shot.txt' gespeichert.
File: NCT03865810 

Das File: /work/eauten2s/ec_criteria_struct/lct/input/dataset/test/input/NCT03865810.txt wurde erfolgreich geladen.
Die Daten wurden erfolgreich in '/work/eauten2s/ec_criteria_struct/lct/evaluate_parse_1/eval_n_shot/eval_1_shot/model_output/1_shot_v_19/output/Llama-3-70B-Instruct_NCT03865810_1_shot.txt' gespeichert.
File: NCT03865823 

Das File: /work/eauten2s/ec_criteria_struct/lct/input/dataset/test/input/NCT03865823.txt wurde erfolgreich geladen.
Die Daten wurden erfolgreich in '/work/eauten2s/ec_criteria_struct/lct/evaluate_parse_1/eval_n_shot/eval_1_shot/model_output/1_shot_v_19/output/Llama-3-70B-Instruct_NCT03865823_1_shot.txt' gespeichert.
File: NCT03865953 

Das File: /work/eauten2s/ec_criteria_struct/lct/input/dataset/test/input/NCT03865953.txt wurde erfolgreich geladen.
Die Daten wurden erfolgreich in '/work/eauten2s/ec_criteria_struct/lct/evaluate_parse_1/eval_n_shot/eval_1_shot/model_output/1_shot_v_19/output/Llama-3-70B-Instruct_NCT03865953_1_shot.txt' gespeichert.
File: NCT03866018 

Das File: /work/eauten2s/ec_criteria_struct/lct/input/dataset/test/input/NCT03866018.txt wurde erfolgreich geladen.
Die Daten wurden erfolgreich in '/work/eauten2s/ec_criteria_struct/lct/evaluate_parse_1/eval_n_shot/eval_1_shot/model_output/1_shot_v_19/output/Llama-3-70B-Instruct_NCT03866018_1_shot.txt' gespeichert.
File: NCT03866031 

Das File: /work/eauten2s/ec_criteria_struct/lct/input/dataset/test/input/NCT03866031.txt wurde erfolgreich geladen.
Die Daten wurden erfolgreich in '/work/eauten2s/ec_criteria_struct/lct/evaluate_parse_1/eval_n_shot/eval_1_shot/model_output/1_shot_v_19/output/Llama-3-70B-Instruct_NCT03866031_1_shot.txt' gespeichert.
File: NCT03866057 

Das File: /work/eauten2s/ec_criteria_struct/lct/input/dataset/test/input/NCT03866057.txt wurde erfolgreich geladen.
Die Daten wurden erfolgreich in '/work/eauten2s/ec_criteria_struct/lct/evaluate_parse_1/eval_n_shot/eval_1_shot/model_output/1_shot_v_19/output/Llama-3-70B-Instruct_NCT03866057_1_shot.txt' gespeichert.
File: NCT03866083 

Das File: /work/eauten2s/ec_criteria_struct/lct/input/dataset/test/input/NCT03866083.txt wurde erfolgreich geladen.
Die Daten wurden erfolgreich in '/work/eauten2s/ec_criteria_struct/lct/evaluate_parse_1/eval_n_shot/eval_1_shot/model_output/1_shot_v_19/output/Llama-3-70B-Instruct_NCT03866083_1_shot.txt' gespeichert.
File: NCT03866148 

Das File: /work/eauten2s/ec_criteria_struct/lct/input/dataset/test/input/NCT03866148.txt wurde erfolgreich geladen.
Die Daten wurden erfolgreich in '/work/eauten2s/ec_criteria_struct/lct/evaluate_parse_1/eval_n_shot/eval_1_shot/model_output/1_shot_v_19/output/Llama-3-70B-Instruct_NCT03866148_1_shot.txt' gespeichert.
File: NCT03866213 

Das File: /work/eauten2s/ec_criteria_struct/lct/input/dataset/test/input/NCT03866213.txt wurde erfolgreich geladen.
Die Daten wurden erfolgreich in '/work/eauten2s/ec_criteria_struct/lct/evaluate_parse_1/eval_n_shot/eval_1_shot/model_output/1_shot_v_19/output/Llama-3-70B-Instruct_NCT03866213_1_shot.txt' gespeichert.
File: NCT03866252 

Das File: /work/eauten2s/ec_criteria_struct/lct/input/dataset/test/input/NCT03866252.txt wurde erfolgreich geladen.
Die Daten wurden erfolgreich in '/work/eauten2s/ec_criteria_struct/lct/evaluate_parse_1/eval_n_shot/eval_1_shot/model_output/1_shot_v_19/output/Llama-3-70B-Instruct_NCT03866252_1_shot.txt' gespeichert.
File: NCT03866356 

Das File: /work/eauten2s/ec_criteria_struct/lct/input/dataset/test/input/NCT03866356.txt wurde erfolgreich geladen.
Die Daten wurden erfolgreich in '/work/eauten2s/ec_criteria_struct/lct/evaluate_parse_1/eval_n_shot/eval_1_shot/model_output/1_shot_v_19/output/Llama-3-70B-Instruct_NCT03866356_1_shot.txt' gespeichert.
File: NCT03866486 

Das File: /work/eauten2s/ec_criteria_struct/lct/input/dataset/test/input/NCT03866486.txt wurde erfolgreich geladen.
Die Daten wurden erfolgreich in '/work/eauten2s/ec_criteria_struct/lct/evaluate_parse_1/eval_n_shot/eval_1_shot/model_output/1_shot_v_19/output/Llama-3-70B-Instruct_NCT03866486_1_shot.txt' gespeichert.
File: NCT03866499 

Das File: /work/eauten2s/ec_criteria_struct/lct/input/dataset/test/input/NCT03866499.txt wurde erfolgreich geladen.
Die Daten wurden erfolgreich in '/work/eauten2s/ec_criteria_struct/lct/evaluate_parse_1/eval_n_shot/eval_1_shot/model_output/1_shot_v_19/output/Llama-3-70B-Instruct_NCT03866499_1_shot.txt' gespeichert.
File: NCT03866538 

Das File: /work/eauten2s/ec_criteria_struct/lct/input/dataset/test/input/NCT03866538.txt wurde erfolgreich geladen.
Die Daten wurden erfolgreich in '/work/eauten2s/ec_criteria_struct/lct/evaluate_parse_1/eval_n_shot/eval_1_shot/model_output/1_shot_v_19/output/Llama-3-70B-Instruct_NCT03866538_1_shot.txt' gespeichert.
File: NCT03866837 

Das File: /work/eauten2s/ec_criteria_struct/lct/input/dataset/test/input/NCT03866837.txt wurde erfolgreich geladen.
Die Daten wurden erfolgreich in '/work/eauten2s/ec_criteria_struct/lct/evaluate_parse_1/eval_n_shot/eval_1_shot/model_output/1_shot_v_19/output/Llama-3-70B-Instruct_NCT03866837_1_shot.txt' gespeichert.
File: NCT03866850 

Das File: /work/eauten2s/ec_criteria_struct/lct/input/dataset/test/input/NCT03866850.txt wurde erfolgreich geladen.
Die Daten wurden erfolgreich in '/work/eauten2s/ec_criteria_struct/lct/evaluate_parse_1/eval_n_shot/eval_1_shot/model_output/1_shot_v_19/output/Llama-3-70B-Instruct_NCT03866850_1_shot.txt' gespeichert.
File: NCT03866902 

Das File: /work/eauten2s/ec_criteria_struct/lct/input/dataset/test/input/NCT03866902.txt wurde erfolgreich geladen.
Die Daten wurden erfolgreich in '/work/eauten2s/ec_criteria_struct/lct/evaluate_parse_1/eval_n_shot/eval_1_shot/model_output/1_shot_v_19/output/Llama-3-70B-Instruct_NCT03866902_1_shot.txt' gespeichert.
File: NCT03866941 

Das File: /work/eauten2s/ec_criteria_struct/lct/input/dataset/test/input/NCT03866941.txt wurde erfolgreich geladen.
Die Daten wurden erfolgreich in '/work/eauten2s/ec_criteria_struct/lct/evaluate_parse_1/eval_n_shot/eval_1_shot/model_output/1_shot_v_19/output/Llama-3-70B-Instruct_NCT03866941_1_shot.txt' gespeichert.
File: NCT03867188 

Das File: /work/eauten2s/ec_criteria_struct/lct/input/dataset/test/input/NCT03867188.txt wurde erfolgreich geladen.
Die Daten wurden erfolgreich in '/work/eauten2s/ec_criteria_struct/lct/evaluate_parse_1/eval_n_shot/eval_1_shot/model_output/1_shot_v_19/output/Llama-3-70B-Instruct_NCT03867188_1_shot.txt' gespeichert.
File: NCT03867214 

Das File: /work/eauten2s/ec_criteria_struct/lct/input/dataset/test/input/NCT03867214.txt wurde erfolgreich geladen.
Die Daten wurden erfolgreich in '/work/eauten2s/ec_criteria_struct/lct/evaluate_parse_1/eval_n_shot/eval_1_shot/model_output/1_shot_v_19/output/Llama-3-70B-Instruct_NCT03867214_1_shot.txt' gespeichert.
File: NCT03867305 

Das File: /work/eauten2s/ec_criteria_struct/lct/input/dataset/test/input/NCT03867305.txt wurde erfolgreich geladen.
Die Daten wurden erfolgreich in '/work/eauten2s/ec_criteria_struct/lct/evaluate_parse_1/eval_n_shot/eval_1_shot/model_output/1_shot_v_19/output/Llama-3-70B-Instruct_NCT03867305_1_shot.txt' gespeichert.
File: NCT03867461 

Das File: /work/eauten2s/ec_criteria_struct/lct/input/dataset/test/input/NCT03867461.txt wurde erfolgreich geladen.
Die Daten wurden erfolgreich in '/work/eauten2s/ec_criteria_struct/lct/evaluate_parse_1/eval_n_shot/eval_1_shot/model_output/1_shot_v_19/output/Llama-3-70B-Instruct_NCT03867461_1_shot.txt' gespeichert.
File: NCT03867526 

Das File: /work/eauten2s/ec_criteria_struct/lct/input/dataset/test/input/NCT03867526.txt wurde erfolgreich geladen.
Die Daten wurden erfolgreich in '/work/eauten2s/ec_criteria_struct/lct/evaluate_parse_1/eval_n_shot/eval_1_shot/model_output/1_shot_v_19/output/Llama-3-70B-Instruct_NCT03867526_1_shot.txt' gespeichert.
File: NCT03867539 

Das File: /work/eauten2s/ec_criteria_struct/lct/input/dataset/test/input/NCT03867539.txt wurde erfolgreich geladen.
Die Daten wurden erfolgreich in '/work/eauten2s/ec_criteria_struct/lct/evaluate_parse_1/eval_n_shot/eval_1_shot/model_output/1_shot_v_19/output/Llama-3-70B-Instruct_NCT03867539_1_shot.txt' gespeichert.
File: NCT03867643 

Das File: /work/eauten2s/ec_criteria_struct/lct/input/dataset/test/input/NCT03867643.txt wurde erfolgreich geladen.
Die Daten wurden erfolgreich in '/work/eauten2s/ec_criteria_struct/lct/evaluate_parse_1/eval_n_shot/eval_1_shot/model_output/1_shot_v_19/output/Llama-3-70B-Instruct_NCT03867643_1_shot.txt' gespeichert.
File: NCT03867734 

Das File: /work/eauten2s/ec_criteria_struct/lct/input/dataset/test/input/NCT03867734.txt wurde erfolgreich geladen.
Die Daten wurden erfolgreich in '/work/eauten2s/ec_criteria_struct/lct/evaluate_parse_1/eval_n_shot/eval_1_shot/model_output/1_shot_v_19/output/Llama-3-70B-Instruct_NCT03867734_1_shot.txt' gespeichert.
File: NCT03867929 

Das File: /work/eauten2s/ec_criteria_struct/lct/input/dataset/test/input/NCT03867929.txt wurde erfolgreich geladen.
Die Daten wurden erfolgreich in '/work/eauten2s/ec_criteria_struct/lct/evaluate_parse_1/eval_n_shot/eval_1_shot/model_output/1_shot_v_19/output/Llama-3-70B-Instruct_NCT03867929_1_shot.txt' gespeichert.
File: NCT03868189 

Das File: /work/eauten2s/ec_criteria_struct/lct/input/dataset/test/input/NCT03868189.txt wurde erfolgreich geladen.
Die Daten wurden erfolgreich in '/work/eauten2s/ec_criteria_struct/lct/evaluate_parse_1/eval_n_shot/eval_1_shot/model_output/1_shot_v_19/output/Llama-3-70B-Instruct_NCT03868189_1_shot.txt' gespeichert.
File: NCT03868254 

Das File: /work/eauten2s/ec_criteria_struct/lct/input/dataset/test/input/NCT03868254.txt wurde erfolgreich geladen.
Die Daten wurden erfolgreich in '/work/eauten2s/ec_criteria_struct/lct/evaluate_parse_1/eval_n_shot/eval_1_shot/model_output/1_shot_v_19/output/Llama-3-70B-Instruct_NCT03868254_1_shot.txt' gespeichert.
File: NCT03868332 

Das File: /work/eauten2s/ec_criteria_struct/lct/input/dataset/test/input/NCT03868332.txt wurde erfolgreich geladen.
Die Daten wurden erfolgreich in '/work/eauten2s/ec_criteria_struct/lct/evaluate_parse_1/eval_n_shot/eval_1_shot/model_output/1_shot_v_19/output/Llama-3-70B-Instruct_NCT03868332_1_shot.txt' gespeichert.
File: NCT03868345 

Das File: /work/eauten2s/ec_criteria_struct/lct/input/dataset/test/input/NCT03868345.txt wurde erfolgreich geladen.
Die Daten wurden erfolgreich in '/work/eauten2s/ec_criteria_struct/lct/evaluate_parse_1/eval_n_shot/eval_1_shot/model_output/1_shot_v_19/output/Llama-3-70B-Instruct_NCT03868345_1_shot.txt' gespeichert.
File: NCT03868384 

Das File: /work/eauten2s/ec_criteria_struct/lct/input/dataset/test/input/NCT03868384.txt wurde erfolgreich geladen.
Die Daten wurden erfolgreich in '/work/eauten2s/ec_criteria_struct/lct/evaluate_parse_1/eval_n_shot/eval_1_shot/model_output/1_shot_v_19/output/Llama-3-70B-Instruct_NCT03868384_1_shot.txt' gespeichert.
File: NCT03868579 

Das File: /work/eauten2s/ec_criteria_struct/lct/input/dataset/test/input/NCT03868579.txt wurde erfolgreich geladen.
Die Daten wurden erfolgreich in '/work/eauten2s/ec_criteria_struct/lct/evaluate_parse_1/eval_n_shot/eval_1_shot/model_output/1_shot_v_19/output/Llama-3-70B-Instruct_NCT03868579_1_shot.txt' gespeichert.
File: NCT03868644 

Das File: /work/eauten2s/ec_criteria_struct/lct/input/dataset/test/input/NCT03868644.txt wurde erfolgreich geladen.
Die Daten wurden erfolgreich in '/work/eauten2s/ec_criteria_struct/lct/evaluate_parse_1/eval_n_shot/eval_1_shot/model_output/1_shot_v_19/output/Llama-3-70B-Instruct_NCT03868644_1_shot.txt' gespeichert.
File: NCT03868670 

Das File: /work/eauten2s/ec_criteria_struct/lct/input/dataset/test/input/NCT03868670.txt wurde erfolgreich geladen.
Die Daten wurden erfolgreich in '/work/eauten2s/ec_criteria_struct/lct/evaluate_parse_1/eval_n_shot/eval_1_shot/model_output/1_shot_v_19/output/Llama-3-70B-Instruct_NCT03868670_1_shot.txt' gespeichert.
File: NCT03868774 

Das File: /work/eauten2s/ec_criteria_struct/lct/input/dataset/test/input/NCT03868774.txt wurde erfolgreich geladen.
Die Daten wurden erfolgreich in '/work/eauten2s/ec_criteria_struct/lct/evaluate_parse_1/eval_n_shot/eval_1_shot/model_output/1_shot_v_19/output/Llama-3-70B-Instruct_NCT03868774_1_shot.txt' gespeichert.
File: NCT03868813 

Das File: /work/eauten2s/ec_criteria_struct/lct/input/dataset/test/input/NCT03868813.txt wurde erfolgreich geladen.
Die Daten wurden erfolgreich in '/work/eauten2s/ec_criteria_struct/lct/evaluate_parse_1/eval_n_shot/eval_1_shot/model_output/1_shot_v_19/output/Llama-3-70B-Instruct_NCT03868813_1_shot.txt' gespeichert.
File: NCT03868956 

Das File: /work/eauten2s/ec_criteria_struct/lct/input/dataset/test/input/NCT03868956.txt wurde erfolgreich geladen.
Die Daten wurden erfolgreich in '/work/eauten2s/ec_criteria_struct/lct/evaluate_parse_1/eval_n_shot/eval_1_shot/model_output/1_shot_v_19/output/Llama-3-70B-Instruct_NCT03868956_1_shot.txt' gespeichert.
File: NCT03868995 

Das File: /work/eauten2s/ec_criteria_struct/lct/input/dataset/test/input/NCT03868995.txt wurde erfolgreich geladen.
Die Daten wurden erfolgreich in '/work/eauten2s/ec_criteria_struct/lct/evaluate_parse_1/eval_n_shot/eval_1_shot/model_output/1_shot_v_19/output/Llama-3-70B-Instruct_NCT03868995_1_shot.txt' gespeichert.
File: NCT03869281 

Das File: /work/eauten2s/ec_criteria_struct/lct/input/dataset/test/input/NCT03869281.txt wurde erfolgreich geladen.
Die Daten wurden erfolgreich in '/work/eauten2s/ec_criteria_struct/lct/evaluate_parse_1/eval_n_shot/eval_1_shot/model_output/1_shot_v_19/output/Llama-3-70B-Instruct_NCT03869281_1_shot.txt' gespeichert.
File: NCT03869294 

Das File: /work/eauten2s/ec_criteria_struct/lct/input/dataset/test/input/NCT03869294.txt wurde erfolgreich geladen.
Die Daten wurden erfolgreich in '/work/eauten2s/ec_criteria_struct/lct/evaluate_parse_1/eval_n_shot/eval_1_shot/model_output/1_shot_v_19/output/Llama-3-70B-Instruct_NCT03869294_1_shot.txt' gespeichert.
File: NCT03869372 

Das File: /work/eauten2s/ec_criteria_struct/lct/input/dataset/test/input/NCT03869372.txt wurde erfolgreich geladen.
Die Daten wurden erfolgreich in '/work/eauten2s/ec_criteria_struct/lct/evaluate_parse_1/eval_n_shot/eval_1_shot/model_output/1_shot_v_19/output/Llama-3-70B-Instruct_NCT03869372_1_shot.txt' gespeichert.
File: NCT03869502 

Das File: /work/eauten2s/ec_criteria_struct/lct/input/dataset/test/input/NCT03869502.txt wurde erfolgreich geladen.
Die Daten wurden erfolgreich in '/work/eauten2s/ec_criteria_struct/lct/evaluate_parse_1/eval_n_shot/eval_1_shot/model_output/1_shot_v_19/output/Llama-3-70B-Instruct_NCT03869502_1_shot.txt' gespeichert.
File: NCT03869528 

Das File: /work/eauten2s/ec_criteria_struct/lct/input/dataset/test/input/NCT03869528.txt wurde erfolgreich geladen.
Die Daten wurden erfolgreich in '/work/eauten2s/ec_criteria_struct/lct/evaluate_parse_1/eval_n_shot/eval_1_shot/model_output/1_shot_v_19/output/Llama-3-70B-Instruct_NCT03869528_1_shot.txt' gespeichert.
File: NCT03869593 

Das File: /work/eauten2s/ec_criteria_struct/lct/input/dataset/test/input/NCT03869593.txt wurde erfolgreich geladen.
Die Daten wurden erfolgreich in '/work/eauten2s/ec_criteria_struct/lct/evaluate_parse_1/eval_n_shot/eval_1_shot/model_output/1_shot_v_19/output/Llama-3-70B-Instruct_NCT03869593_1_shot.txt' gespeichert.
File: NCT03869606 

Das File: /work/eauten2s/ec_criteria_struct/lct/input/dataset/test/input/NCT03869606.txt wurde erfolgreich geladen.
Die Daten wurden erfolgreich in '/work/eauten2s/ec_criteria_struct/lct/evaluate_parse_1/eval_n_shot/eval_1_shot/model_output/1_shot_v_19/output/Llama-3-70B-Instruct_NCT03869606_1_shot.txt' gespeichert.
File: NCT03869905 

Das File: /work/eauten2s/ec_criteria_struct/lct/input/dataset/test/input/NCT03869905.txt wurde erfolgreich geladen.
Die Daten wurden erfolgreich in '/work/eauten2s/ec_criteria_struct/lct/evaluate_parse_1/eval_n_shot/eval_1_shot/model_output/1_shot_v_19/output/Llama-3-70B-Instruct_NCT03869905_1_shot.txt' gespeichert.
File: NCT03869957 

Das File: /work/eauten2s/ec_criteria_struct/lct/input/dataset/test/input/NCT03869957.txt wurde erfolgreich geladen.
Die Daten wurden erfolgreich in '/work/eauten2s/ec_criteria_struct/lct/evaluate_parse_1/eval_n_shot/eval_1_shot/model_output/1_shot_v_19/output/Llama-3-70B-Instruct_NCT03869957_1_shot.txt' gespeichert.
File: NCT03920020 

Das File: /work/eauten2s/ec_criteria_struct/lct/input/dataset/test/input/NCT03920020.txt wurde erfolgreich geladen.
Die Daten wurden erfolgreich in '/work/eauten2s/ec_criteria_struct/lct/evaluate_parse_1/eval_n_shot/eval_1_shot/model_output/1_shot_v_19/output/Llama-3-70B-Instruct_NCT03920020_1_shot.txt' gespeichert.
File: NCT03920098 

Das File: /work/eauten2s/ec_criteria_struct/lct/input/dataset/test/input/NCT03920098.txt wurde erfolgreich geladen.
Die Daten wurden erfolgreich in '/work/eauten2s/ec_criteria_struct/lct/evaluate_parse_1/eval_n_shot/eval_1_shot/model_output/1_shot_v_19/output/Llama-3-70B-Instruct_NCT03920098_1_shot.txt' gespeichert.
File: NCT03920241 

Das File: /work/eauten2s/ec_criteria_struct/lct/input/dataset/test/input/NCT03920241.txt wurde erfolgreich geladen.
Die Daten wurden erfolgreich in '/work/eauten2s/ec_criteria_struct/lct/evaluate_parse_1/eval_n_shot/eval_1_shot/model_output/1_shot_v_19/output/Llama-3-70B-Instruct_NCT03920241_1_shot.txt' gespeichert.
File: NCT03920267 

Das File: /work/eauten2s/ec_criteria_struct/lct/input/dataset/test/input/NCT03920267.txt wurde erfolgreich geladen.
Die Daten wurden erfolgreich in '/work/eauten2s/ec_criteria_struct/lct/evaluate_parse_1/eval_n_shot/eval_1_shot/model_output/1_shot_v_19/output/Llama-3-70B-Instruct_NCT03920267_1_shot.txt' gespeichert.
File: NCT03920293 

Das File: /work/eauten2s/ec_criteria_struct/lct/input/dataset/test/input/NCT03920293.txt wurde erfolgreich geladen.
Die Daten wurden erfolgreich in '/work/eauten2s/ec_criteria_struct/lct/evaluate_parse_1/eval_n_shot/eval_1_shot/model_output/1_shot_v_19/output/Llama-3-70B-Instruct_NCT03920293_1_shot.txt' gespeichert.
File: NCT03920306 

Das File: /work/eauten2s/ec_criteria_struct/lct/input/dataset/test/input/NCT03920306.txt wurde erfolgreich geladen.
Die Daten wurden erfolgreich in '/work/eauten2s/ec_criteria_struct/lct/evaluate_parse_1/eval_n_shot/eval_1_shot/model_output/1_shot_v_19/output/Llama-3-70B-Instruct_NCT03920306_1_shot.txt' gespeichert.
File: NCT03920319 

Das File: /work/eauten2s/ec_criteria_struct/lct/input/dataset/test/input/NCT03920319.txt wurde erfolgreich geladen.
Die Daten wurden erfolgreich in '/work/eauten2s/ec_criteria_struct/lct/evaluate_parse_1/eval_n_shot/eval_1_shot/model_output/1_shot_v_19/output/Llama-3-70B-Instruct_NCT03920319_1_shot.txt' gespeichert.
File: NCT03920345 

Das File: /work/eauten2s/ec_criteria_struct/lct/input/dataset/test/input/NCT03920345.txt wurde erfolgreich geladen.
Die Daten wurden erfolgreich in '/work/eauten2s/ec_criteria_struct/lct/evaluate_parse_1/eval_n_shot/eval_1_shot/model_output/1_shot_v_19/output/Llama-3-70B-Instruct_NCT03920345_1_shot.txt' gespeichert.
File: NCT03920449 

Das File: /work/eauten2s/ec_criteria_struct/lct/input/dataset/test/input/NCT03920449.txt wurde erfolgreich geladen.
Die Daten wurden erfolgreich in '/work/eauten2s/ec_criteria_struct/lct/evaluate_parse_1/eval_n_shot/eval_1_shot/model_output/1_shot_v_19/output/Llama-3-70B-Instruct_NCT03920449_1_shot.txt' gespeichert.
File: NCT03920527 

Das File: /work/eauten2s/ec_criteria_struct/lct/input/dataset/test/input/NCT03920527.txt wurde erfolgreich geladen.
Die Daten wurden erfolgreich in '/work/eauten2s/ec_criteria_struct/lct/evaluate_parse_1/eval_n_shot/eval_1_shot/model_output/1_shot_v_19/output/Llama-3-70B-Instruct_NCT03920527_1_shot.txt' gespeichert.
File: NCT03920540 

Das File: /work/eauten2s/ec_criteria_struct/lct/input/dataset/test/input/NCT03920540.txt wurde erfolgreich geladen.
Die Daten wurden erfolgreich in '/work/eauten2s/ec_criteria_struct/lct/evaluate_parse_1/eval_n_shot/eval_1_shot/model_output/1_shot_v_19/output/Llama-3-70B-Instruct_NCT03920540_1_shot.txt' gespeichert.
File: NCT03920579 

Das File: /work/eauten2s/ec_criteria_struct/lct/input/dataset/test/input/NCT03920579.txt wurde erfolgreich geladen.
Die Daten wurden erfolgreich in '/work/eauten2s/ec_criteria_struct/lct/evaluate_parse_1/eval_n_shot/eval_1_shot/model_output/1_shot_v_19/output/Llama-3-70B-Instruct_NCT03920579_1_shot.txt' gespeichert.
File: NCT03920683 

Das File: /work/eauten2s/ec_criteria_struct/lct/input/dataset/test/input/NCT03920683.txt wurde erfolgreich geladen.
Die Daten wurden erfolgreich in '/work/eauten2s/ec_criteria_struct/lct/evaluate_parse_1/eval_n_shot/eval_1_shot/model_output/1_shot_v_19/output/Llama-3-70B-Instruct_NCT03920683_1_shot.txt' gespeichert.
File: NCT03920774 

Das File: /work/eauten2s/ec_criteria_struct/lct/input/dataset/test/input/NCT03920774.txt wurde erfolgreich geladen.
Die Daten wurden erfolgreich in '/work/eauten2s/ec_criteria_struct/lct/evaluate_parse_1/eval_n_shot/eval_1_shot/model_output/1_shot_v_19/output/Llama-3-70B-Instruct_NCT03920774_1_shot.txt' gespeichert.
File: NCT03920904 

Das File: /work/eauten2s/ec_criteria_struct/lct/input/dataset/test/input/NCT03920904.txt wurde erfolgreich geladen.
Die Daten wurden erfolgreich in '/work/eauten2s/ec_criteria_struct/lct/evaluate_parse_1/eval_n_shot/eval_1_shot/model_output/1_shot_v_19/output/Llama-3-70B-Instruct_NCT03920904_1_shot.txt' gespeichert.
File: NCT03920917 

Das File: /work/eauten2s/ec_criteria_struct/lct/input/dataset/test/input/NCT03920917.txt wurde erfolgreich geladen.
Die Daten wurden erfolgreich in '/work/eauten2s/ec_criteria_struct/lct/evaluate_parse_1/eval_n_shot/eval_1_shot/model_output/1_shot_v_19/output/Llama-3-70B-Instruct_NCT03920917_1_shot.txt' gespeichert.
File: NCT03921437 

Das File: /work/eauten2s/ec_criteria_struct/lct/input/dataset/test/input/NCT03921437.txt wurde erfolgreich geladen.
Die Daten wurden erfolgreich in '/work/eauten2s/ec_criteria_struct/lct/evaluate_parse_1/eval_n_shot/eval_1_shot/model_output/1_shot_v_19/output/Llama-3-70B-Instruct_NCT03921437_1_shot.txt' gespeichert.
File: NCT03921476 

Das File: /work/eauten2s/ec_criteria_struct/lct/input/dataset/test/input/NCT03921476.txt wurde erfolgreich geladen.
Die Daten wurden erfolgreich in '/work/eauten2s/ec_criteria_struct/lct/evaluate_parse_1/eval_n_shot/eval_1_shot/model_output/1_shot_v_19/output/Llama-3-70B-Instruct_NCT03921476_1_shot.txt' gespeichert.
File: NCT03921762 

Das File: /work/eauten2s/ec_criteria_struct/lct/input/dataset/test/input/NCT03921762.txt wurde erfolgreich geladen.
Die Daten wurden erfolgreich in '/work/eauten2s/ec_criteria_struct/lct/evaluate_parse_1/eval_n_shot/eval_1_shot/model_output/1_shot_v_19/output/Llama-3-70B-Instruct_NCT03921762_1_shot.txt' gespeichert.
File: NCT03921775 

Das File: /work/eauten2s/ec_criteria_struct/lct/input/dataset/test/input/NCT03921775.txt wurde erfolgreich geladen.
Die Daten wurden erfolgreich in '/work/eauten2s/ec_criteria_struct/lct/evaluate_parse_1/eval_n_shot/eval_1_shot/model_output/1_shot_v_19/output/Llama-3-70B-Instruct_NCT03921775_1_shot.txt' gespeichert.
File: NCT03921827 

Das File: /work/eauten2s/ec_criteria_struct/lct/input/dataset/test/input/NCT03921827.txt wurde erfolgreich geladen.
Die Daten wurden erfolgreich in '/work/eauten2s/ec_criteria_struct/lct/evaluate_parse_1/eval_n_shot/eval_1_shot/model_output/1_shot_v_19/output/Llama-3-70B-Instruct_NCT03921827_1_shot.txt' gespeichert.
File: NCT03921853 

Das File: /work/eauten2s/ec_criteria_struct/lct/input/dataset/test/input/NCT03921853.txt wurde erfolgreich geladen.
Die Daten wurden erfolgreich in '/work/eauten2s/ec_criteria_struct/lct/evaluate_parse_1/eval_n_shot/eval_1_shot/model_output/1_shot_v_19/output/Llama-3-70B-Instruct_NCT03921853_1_shot.txt' gespeichert.
File: NCT03921892 

Das File: /work/eauten2s/ec_criteria_struct/lct/input/dataset/test/input/NCT03921892.txt wurde erfolgreich geladen.
Die Daten wurden erfolgreich in '/work/eauten2s/ec_criteria_struct/lct/evaluate_parse_1/eval_n_shot/eval_1_shot/model_output/1_shot_v_19/output/Llama-3-70B-Instruct_NCT03921892_1_shot.txt' gespeichert.
File: NCT03921970 

Das File: /work/eauten2s/ec_criteria_struct/lct/input/dataset/test/input/NCT03921970.txt wurde erfolgreich geladen.
Die Daten wurden erfolgreich in '/work/eauten2s/ec_criteria_struct/lct/evaluate_parse_1/eval_n_shot/eval_1_shot/model_output/1_shot_v_19/output/Llama-3-70B-Instruct_NCT03921970_1_shot.txt' gespeichert.
File: NCT03921983 

Das File: /work/eauten2s/ec_criteria_struct/lct/input/dataset/test/input/NCT03921983.txt wurde erfolgreich geladen.
Die Daten wurden erfolgreich in '/work/eauten2s/ec_criteria_struct/lct/evaluate_parse_1/eval_n_shot/eval_1_shot/model_output/1_shot_v_19/output/Llama-3-70B-Instruct_NCT03921983_1_shot.txt' gespeichert.
File: NCT03922152 

Das File: /work/eauten2s/ec_criteria_struct/lct/input/dataset/test/input/NCT03922152.txt wurde erfolgreich geladen.
Die Daten wurden erfolgreich in '/work/eauten2s/ec_criteria_struct/lct/evaluate_parse_1/eval_n_shot/eval_1_shot/model_output/1_shot_v_19/output/Llama-3-70B-Instruct_NCT03922152_1_shot.txt' gespeichert.
File: NCT03922282 

Das File: /work/eauten2s/ec_criteria_struct/lct/input/dataset/test/input/NCT03922282.txt wurde erfolgreich geladen.
Die Daten wurden erfolgreich in '/work/eauten2s/ec_criteria_struct/lct/evaluate_parse_1/eval_n_shot/eval_1_shot/model_output/1_shot_v_19/output/Llama-3-70B-Instruct_NCT03922282_1_shot.txt' gespeichert.
File: NCT03922334 

Das File: /work/eauten2s/ec_criteria_struct/lct/input/dataset/test/input/NCT03922334.txt wurde erfolgreich geladen.
Die Daten wurden erfolgreich in '/work/eauten2s/ec_criteria_struct/lct/evaluate_parse_1/eval_n_shot/eval_1_shot/model_output/1_shot_v_19/output/Llama-3-70B-Instruct_NCT03922334_1_shot.txt' gespeichert.
File: NCT03922438 

Das File: /work/eauten2s/ec_criteria_struct/lct/input/dataset/test/input/NCT03922438.txt wurde erfolgreich geladen.
Die Daten wurden erfolgreich in '/work/eauten2s/ec_criteria_struct/lct/evaluate_parse_1/eval_n_shot/eval_1_shot/model_output/1_shot_v_19/output/Llama-3-70B-Instruct_NCT03922438_1_shot.txt' gespeichert.
File: NCT03922516 

Das File: /work/eauten2s/ec_criteria_struct/lct/input/dataset/test/input/NCT03922516.txt wurde erfolgreich geladen.
Die Daten wurden erfolgreich in '/work/eauten2s/ec_criteria_struct/lct/evaluate_parse_1/eval_n_shot/eval_1_shot/model_output/1_shot_v_19/output/Llama-3-70B-Instruct_NCT03922516_1_shot.txt' gespeichert.
File: NCT03922542 

Das File: /work/eauten2s/ec_criteria_struct/lct/input/dataset/test/input/NCT03922542.txt wurde erfolgreich geladen.
Die Daten wurden erfolgreich in '/work/eauten2s/ec_criteria_struct/lct/evaluate_parse_1/eval_n_shot/eval_1_shot/model_output/1_shot_v_19/output/Llama-3-70B-Instruct_NCT03922542_1_shot.txt' gespeichert.
File: NCT03922958 

Das File: /work/eauten2s/ec_criteria_struct/lct/input/dataset/test/input/NCT03922958.txt wurde erfolgreich geladen.
Die Daten wurden erfolgreich in '/work/eauten2s/ec_criteria_struct/lct/evaluate_parse_1/eval_n_shot/eval_1_shot/model_output/1_shot_v_19/output/Llama-3-70B-Instruct_NCT03922958_1_shot.txt' gespeichert.
File: NCT03923088 

Das File: /work/eauten2s/ec_criteria_struct/lct/input/dataset/test/input/NCT03923088.txt wurde erfolgreich geladen.
Die Daten wurden erfolgreich in '/work/eauten2s/ec_criteria_struct/lct/evaluate_parse_1/eval_n_shot/eval_1_shot/model_output/1_shot_v_19/output/Llama-3-70B-Instruct_NCT03923088_1_shot.txt' gespeichert.
File: NCT03923101 

Das File: /work/eauten2s/ec_criteria_struct/lct/input/dataset/test/input/NCT03923101.txt wurde erfolgreich geladen.
Die Daten wurden erfolgreich in '/work/eauten2s/ec_criteria_struct/lct/evaluate_parse_1/eval_n_shot/eval_1_shot/model_output/1_shot_v_19/output/Llama-3-70B-Instruct_NCT03923101_1_shot.txt' gespeichert.
File: NCT03923309 

Das File: /work/eauten2s/ec_criteria_struct/lct/input/dataset/test/input/NCT03923309.txt wurde erfolgreich geladen.
Die Daten wurden erfolgreich in '/work/eauten2s/ec_criteria_struct/lct/evaluate_parse_1/eval_n_shot/eval_1_shot/model_output/1_shot_v_19/output/Llama-3-70B-Instruct_NCT03923309_1_shot.txt' gespeichert.
File: NCT03923660 

Das File: /work/eauten2s/ec_criteria_struct/lct/input/dataset/test/input/NCT03923660.txt wurde erfolgreich geladen.
Die Daten wurden erfolgreich in '/work/eauten2s/ec_criteria_struct/lct/evaluate_parse_1/eval_n_shot/eval_1_shot/model_output/1_shot_v_19/output/Llama-3-70B-Instruct_NCT03923660_1_shot.txt' gespeichert.
File: NCT03923933 

Das File: /work/eauten2s/ec_criteria_struct/lct/input/dataset/test/input/NCT03923933.txt wurde erfolgreich geladen.
Die Daten wurden erfolgreich in '/work/eauten2s/ec_criteria_struct/lct/evaluate_parse_1/eval_n_shot/eval_1_shot/model_output/1_shot_v_19/output/Llama-3-70B-Instruct_NCT03923933_1_shot.txt' gespeichert.
File: NCT03924115 

Das File: /work/eauten2s/ec_criteria_struct/lct/input/dataset/test/input/NCT03924115.txt wurde erfolgreich geladen.
Die Daten wurden erfolgreich in '/work/eauten2s/ec_criteria_struct/lct/evaluate_parse_1/eval_n_shot/eval_1_shot/model_output/1_shot_v_19/output/Llama-3-70B-Instruct_NCT03924115_1_shot.txt' gespeichert.
File: NCT03924375 

Das File: /work/eauten2s/ec_criteria_struct/lct/input/dataset/test/input/NCT03924375.txt wurde erfolgreich geladen.
Die Daten wurden erfolgreich in '/work/eauten2s/ec_criteria_struct/lct/evaluate_parse_1/eval_n_shot/eval_1_shot/model_output/1_shot_v_19/output/Llama-3-70B-Instruct_NCT03924375_1_shot.txt' gespeichert.
File: NCT03924414 

Das File: /work/eauten2s/ec_criteria_struct/lct/input/dataset/test/input/NCT03924414.txt wurde erfolgreich geladen.
Die Daten wurden erfolgreich in '/work/eauten2s/ec_criteria_struct/lct/evaluate_parse_1/eval_n_shot/eval_1_shot/model_output/1_shot_v_19/output/Llama-3-70B-Instruct_NCT03924414_1_shot.txt' gespeichert.
File: NCT03924440 

Das File: /work/eauten2s/ec_criteria_struct/lct/input/dataset/test/input/NCT03924440.txt wurde erfolgreich geladen.
Die Daten wurden erfolgreich in '/work/eauten2s/ec_criteria_struct/lct/evaluate_parse_1/eval_n_shot/eval_1_shot/model_output/1_shot_v_19/output/Llama-3-70B-Instruct_NCT03924440_1_shot.txt' gespeichert.
File: NCT03924544 

Das File: /work/eauten2s/ec_criteria_struct/lct/input/dataset/test/input/NCT03924544.txt wurde erfolgreich geladen.
Die Daten wurden erfolgreich in '/work/eauten2s/ec_criteria_struct/lct/evaluate_parse_1/eval_n_shot/eval_1_shot/model_output/1_shot_v_19/output/Llama-3-70B-Instruct_NCT03924544_1_shot.txt' gespeichert.
File: NCT03924596 

Das File: /work/eauten2s/ec_criteria_struct/lct/input/dataset/test/input/NCT03924596.txt wurde erfolgreich geladen.
Die Daten wurden erfolgreich in '/work/eauten2s/ec_criteria_struct/lct/evaluate_parse_1/eval_n_shot/eval_1_shot/model_output/1_shot_v_19/output/Llama-3-70B-Instruct_NCT03924596_1_shot.txt' gespeichert.
File: NCT03924726 

Das File: /work/eauten2s/ec_criteria_struct/lct/input/dataset/test/input/NCT03924726.txt wurde erfolgreich geladen.
Die Daten wurden erfolgreich in '/work/eauten2s/ec_criteria_struct/lct/evaluate_parse_1/eval_n_shot/eval_1_shot/model_output/1_shot_v_19/output/Llama-3-70B-Instruct_NCT03924726_1_shot.txt' gespeichert.
File: NCT03924791 

Das File: /work/eauten2s/ec_criteria_struct/lct/input/dataset/test/input/NCT03924791.txt wurde erfolgreich geladen.
Die Daten wurden erfolgreich in '/work/eauten2s/ec_criteria_struct/lct/evaluate_parse_1/eval_n_shot/eval_1_shot/model_output/1_shot_v_19/output/Llama-3-70B-Instruct_NCT03924791_1_shot.txt' gespeichert.
File: NCT03924817 

Das File: /work/eauten2s/ec_criteria_struct/lct/input/dataset/test/input/NCT03924817.txt wurde erfolgreich geladen.
Die Daten wurden erfolgreich in '/work/eauten2s/ec_criteria_struct/lct/evaluate_parse_1/eval_n_shot/eval_1_shot/model_output/1_shot_v_19/output/Llama-3-70B-Instruct_NCT03924817_1_shot.txt' gespeichert.
File: NCT03924908 

Das File: /work/eauten2s/ec_criteria_struct/lct/input/dataset/test/input/NCT03924908.txt wurde erfolgreich geladen.
Die Daten wurden erfolgreich in '/work/eauten2s/ec_criteria_struct/lct/evaluate_parse_1/eval_n_shot/eval_1_shot/model_output/1_shot_v_19/output/Llama-3-70B-Instruct_NCT03924908_1_shot.txt' gespeichert.
File: NCT03924921 

Das File: /work/eauten2s/ec_criteria_struct/lct/input/dataset/test/input/NCT03924921.txt wurde erfolgreich geladen.
Die Daten wurden erfolgreich in '/work/eauten2s/ec_criteria_struct/lct/evaluate_parse_1/eval_n_shot/eval_1_shot/model_output/1_shot_v_19/output/Llama-3-70B-Instruct_NCT03924921_1_shot.txt' gespeichert.
File: NCT03925077 

Das File: /work/eauten2s/ec_criteria_struct/lct/input/dataset/test/input/NCT03925077.txt wurde erfolgreich geladen.
Die Daten wurden erfolgreich in '/work/eauten2s/ec_criteria_struct/lct/evaluate_parse_1/eval_n_shot/eval_1_shot/model_output/1_shot_v_19/output/Llama-3-70B-Instruct_NCT03925077_1_shot.txt' gespeichert.
File: NCT03925142 

Das File: /work/eauten2s/ec_criteria_struct/lct/input/dataset/test/input/NCT03925142.txt wurde erfolgreich geladen.
Die Daten wurden erfolgreich in '/work/eauten2s/ec_criteria_struct/lct/evaluate_parse_1/eval_n_shot/eval_1_shot/model_output/1_shot_v_19/output/Llama-3-70B-Instruct_NCT03925142_1_shot.txt' gespeichert.
File: NCT03925337 

Das File: /work/eauten2s/ec_criteria_struct/lct/input/dataset/test/input/NCT03925337.txt wurde erfolgreich geladen.
Die Daten wurden erfolgreich in '/work/eauten2s/ec_criteria_struct/lct/evaluate_parse_1/eval_n_shot/eval_1_shot/model_output/1_shot_v_19/output/Llama-3-70B-Instruct_NCT03925337_1_shot.txt' gespeichert.
File: NCT03925389 

Das File: /work/eauten2s/ec_criteria_struct/lct/input/dataset/test/input/NCT03925389.txt wurde erfolgreich geladen.
Die Daten wurden erfolgreich in '/work/eauten2s/ec_criteria_struct/lct/evaluate_parse_1/eval_n_shot/eval_1_shot/model_output/1_shot_v_19/output/Llama-3-70B-Instruct_NCT03925389_1_shot.txt' gespeichert.
File: NCT03925454 

Das File: /work/eauten2s/ec_criteria_struct/lct/input/dataset/test/input/NCT03925454.txt wurde erfolgreich geladen.
Die Daten wurden erfolgreich in '/work/eauten2s/ec_criteria_struct/lct/evaluate_parse_1/eval_n_shot/eval_1_shot/model_output/1_shot_v_19/output/Llama-3-70B-Instruct_NCT03925454_1_shot.txt' gespeichert.
File: NCT03925571 

Das File: /work/eauten2s/ec_criteria_struct/lct/input/dataset/test/input/NCT03925571.txt wurde erfolgreich geladen.
Die Daten wurden erfolgreich in '/work/eauten2s/ec_criteria_struct/lct/evaluate_parse_1/eval_n_shot/eval_1_shot/model_output/1_shot_v_19/output/Llama-3-70B-Instruct_NCT03925571_1_shot.txt' gespeichert.
File: NCT03925649 

Das File: /work/eauten2s/ec_criteria_struct/lct/input/dataset/test/input/NCT03925649.txt wurde erfolgreich geladen.
Die Daten wurden erfolgreich in '/work/eauten2s/ec_criteria_struct/lct/evaluate_parse_1/eval_n_shot/eval_1_shot/model_output/1_shot_v_19/output/Llama-3-70B-Instruct_NCT03925649_1_shot.txt' gespeichert.
File: NCT03925675 

Das File: /work/eauten2s/ec_criteria_struct/lct/input/dataset/test/input/NCT03925675.txt wurde erfolgreich geladen.
Die Daten wurden erfolgreich in '/work/eauten2s/ec_criteria_struct/lct/evaluate_parse_1/eval_n_shot/eval_1_shot/model_output/1_shot_v_19/output/Llama-3-70B-Instruct_NCT03925675_1_shot.txt' gespeichert.
File: NCT03925727 

Das File: /work/eauten2s/ec_criteria_struct/lct/input/dataset/test/input/NCT03925727.txt wurde erfolgreich geladen.
Die Daten wurden erfolgreich in '/work/eauten2s/ec_criteria_struct/lct/evaluate_parse_1/eval_n_shot/eval_1_shot/model_output/1_shot_v_19/output/Llama-3-70B-Instruct_NCT03925727_1_shot.txt' gespeichert.
File: NCT03925844 

Das File: /work/eauten2s/ec_criteria_struct/lct/input/dataset/test/input/NCT03925844.txt wurde erfolgreich geladen.
Die Daten wurden erfolgreich in '/work/eauten2s/ec_criteria_struct/lct/evaluate_parse_1/eval_n_shot/eval_1_shot/model_output/1_shot_v_19/output/Llama-3-70B-Instruct_NCT03925844_1_shot.txt' gespeichert.
File: NCT03926130 

Das File: /work/eauten2s/ec_criteria_struct/lct/input/dataset/test/input/NCT03926130.txt wurde erfolgreich geladen.
Die Daten wurden erfolgreich in '/work/eauten2s/ec_criteria_struct/lct/evaluate_parse_1/eval_n_shot/eval_1_shot/model_output/1_shot_v_19/output/Llama-3-70B-Instruct_NCT03926130_1_shot.txt' gespeichert.
File: NCT03926195 

Das File: /work/eauten2s/ec_criteria_struct/lct/input/dataset/test/input/NCT03926195.txt wurde erfolgreich geladen.
Die Daten wurden erfolgreich in '/work/eauten2s/ec_criteria_struct/lct/evaluate_parse_1/eval_n_shot/eval_1_shot/model_output/1_shot_v_19/output/Llama-3-70B-Instruct_NCT03926195_1_shot.txt' gespeichert.
File: NCT03926299 

Das File: /work/eauten2s/ec_criteria_struct/lct/input/dataset/test/input/NCT03926299.txt wurde erfolgreich geladen.
Die Daten wurden erfolgreich in '/work/eauten2s/ec_criteria_struct/lct/evaluate_parse_1/eval_n_shot/eval_1_shot/model_output/1_shot_v_19/output/Llama-3-70B-Instruct_NCT03926299_1_shot.txt' gespeichert.
File: NCT03926312 

Das File: /work/eauten2s/ec_criteria_struct/lct/input/dataset/test/input/NCT03926312.txt wurde erfolgreich geladen.
Die Daten wurden erfolgreich in '/work/eauten2s/ec_criteria_struct/lct/evaluate_parse_1/eval_n_shot/eval_1_shot/model_output/1_shot_v_19/output/Llama-3-70B-Instruct_NCT03926312_1_shot.txt' gespeichert.
File: NCT03926377 

Das File: /work/eauten2s/ec_criteria_struct/lct/input/dataset/test/input/NCT03926377.txt wurde erfolgreich geladen.
Die Daten wurden erfolgreich in '/work/eauten2s/ec_criteria_struct/lct/evaluate_parse_1/eval_n_shot/eval_1_shot/model_output/1_shot_v_19/output/Llama-3-70B-Instruct_NCT03926377_1_shot.txt' gespeichert.
File: NCT03926429 

Das File: /work/eauten2s/ec_criteria_struct/lct/input/dataset/test/input/NCT03926429.txt wurde erfolgreich geladen.
Die Daten wurden erfolgreich in '/work/eauten2s/ec_criteria_struct/lct/evaluate_parse_1/eval_n_shot/eval_1_shot/model_output/1_shot_v_19/output/Llama-3-70B-Instruct_NCT03926429_1_shot.txt' gespeichert.
File: NCT03926494 

Das File: /work/eauten2s/ec_criteria_struct/lct/input/dataset/test/input/NCT03926494.txt wurde erfolgreich geladen.
Die Daten wurden erfolgreich in '/work/eauten2s/ec_criteria_struct/lct/evaluate_parse_1/eval_n_shot/eval_1_shot/model_output/1_shot_v_19/output/Llama-3-70B-Instruct_NCT03926494_1_shot.txt' gespeichert.
File: NCT03926546 

Das File: /work/eauten2s/ec_criteria_struct/lct/input/dataset/test/input/NCT03926546.txt wurde erfolgreich geladen.
Die Daten wurden erfolgreich in '/work/eauten2s/ec_criteria_struct/lct/evaluate_parse_1/eval_n_shot/eval_1_shot/model_output/1_shot_v_19/output/Llama-3-70B-Instruct_NCT03926546_1_shot.txt' gespeichert.
File: NCT03926780 

Das File: /work/eauten2s/ec_criteria_struct/lct/input/dataset/test/input/NCT03926780.txt wurde erfolgreich geladen.
Die Daten wurden erfolgreich in '/work/eauten2s/ec_criteria_struct/lct/evaluate_parse_1/eval_n_shot/eval_1_shot/model_output/1_shot_v_19/output/Llama-3-70B-Instruct_NCT03926780_1_shot.txt' gespeichert.
File: NCT03926871 

Das File: /work/eauten2s/ec_criteria_struct/lct/input/dataset/test/input/NCT03926871.txt wurde erfolgreich geladen.
Die Daten wurden erfolgreich in '/work/eauten2s/ec_criteria_struct/lct/evaluate_parse_1/eval_n_shot/eval_1_shot/model_output/1_shot_v_19/output/Llama-3-70B-Instruct_NCT03926871_1_shot.txt' gespeichert.
File: NCT03926962 

Das File: /work/eauten2s/ec_criteria_struct/lct/input/dataset/test/input/NCT03926962.txt wurde erfolgreich geladen.
Die Daten wurden erfolgreich in '/work/eauten2s/ec_criteria_struct/lct/evaluate_parse_1/eval_n_shot/eval_1_shot/model_output/1_shot_v_19/output/Llama-3-70B-Instruct_NCT03926962_1_shot.txt' gespeichert.
File: NCT03927092 

Das File: /work/eauten2s/ec_criteria_struct/lct/input/dataset/test/input/NCT03927092.txt wurde erfolgreich geladen.
Die Daten wurden erfolgreich in '/work/eauten2s/ec_criteria_struct/lct/evaluate_parse_1/eval_n_shot/eval_1_shot/model_output/1_shot_v_19/output/Llama-3-70B-Instruct_NCT03927092_1_shot.txt' gespeichert.
File: NCT03927664 

Das File: /work/eauten2s/ec_criteria_struct/lct/input/dataset/test/input/NCT03927664.txt wurde erfolgreich geladen.
Die Daten wurden erfolgreich in '/work/eauten2s/ec_criteria_struct/lct/evaluate_parse_1/eval_n_shot/eval_1_shot/model_output/1_shot_v_19/output/Llama-3-70B-Instruct_NCT03927664_1_shot.txt' gespeichert.
File: NCT03927755 

Das File: /work/eauten2s/ec_criteria_struct/lct/input/dataset/test/input/NCT03927755.txt wurde erfolgreich geladen.
Die Daten wurden erfolgreich in '/work/eauten2s/ec_criteria_struct/lct/evaluate_parse_1/eval_n_shot/eval_1_shot/model_output/1_shot_v_19/output/Llama-3-70B-Instruct_NCT03927755_1_shot.txt' gespeichert.
File: NCT03927781 

Das File: /work/eauten2s/ec_criteria_struct/lct/input/dataset/test/input/NCT03927781.txt wurde erfolgreich geladen.
Die Daten wurden erfolgreich in '/work/eauten2s/ec_criteria_struct/lct/evaluate_parse_1/eval_n_shot/eval_1_shot/model_output/1_shot_v_19/output/Llama-3-70B-Instruct_NCT03927781_1_shot.txt' gespeichert.
File: NCT03927885 

Das File: /work/eauten2s/ec_criteria_struct/lct/input/dataset/test/input/NCT03927885.txt wurde erfolgreich geladen.
Die Daten wurden erfolgreich in '/work/eauten2s/ec_criteria_struct/lct/evaluate_parse_1/eval_n_shot/eval_1_shot/model_output/1_shot_v_19/output/Llama-3-70B-Instruct_NCT03927885_1_shot.txt' gespeichert.
File: NCT03928015 

Das File: /work/eauten2s/ec_criteria_struct/lct/input/dataset/test/input/NCT03928015.txt wurde erfolgreich geladen.
Die Daten wurden erfolgreich in '/work/eauten2s/ec_criteria_struct/lct/evaluate_parse_1/eval_n_shot/eval_1_shot/model_output/1_shot_v_19/output/Llama-3-70B-Instruct_NCT03928015_1_shot.txt' gespeichert.
File: NCT03928080 

Das File: /work/eauten2s/ec_criteria_struct/lct/input/dataset/test/input/NCT03928080.txt wurde erfolgreich geladen.
Die Daten wurden erfolgreich in '/work/eauten2s/ec_criteria_struct/lct/evaluate_parse_1/eval_n_shot/eval_1_shot/model_output/1_shot_v_19/output/Llama-3-70B-Instruct_NCT03928080_1_shot.txt' gespeichert.
File: NCT03928197 

Das File: /work/eauten2s/ec_criteria_struct/lct/input/dataset/test/input/NCT03928197.txt wurde erfolgreich geladen.
Die Daten wurden erfolgreich in '/work/eauten2s/ec_criteria_struct/lct/evaluate_parse_1/eval_n_shot/eval_1_shot/model_output/1_shot_v_19/output/Llama-3-70B-Instruct_NCT03928197_1_shot.txt' gespeichert.
File: NCT03928223 

Das File: /work/eauten2s/ec_criteria_struct/lct/input/dataset/test/input/NCT03928223.txt wurde erfolgreich geladen.
Die Daten wurden erfolgreich in '/work/eauten2s/ec_criteria_struct/lct/evaluate_parse_1/eval_n_shot/eval_1_shot/model_output/1_shot_v_19/output/Llama-3-70B-Instruct_NCT03928223_1_shot.txt' gespeichert.
File: NCT03928392 

Das File: /work/eauten2s/ec_criteria_struct/lct/input/dataset/test/input/NCT03928392.txt wurde erfolgreich geladen.
Die Daten wurden erfolgreich in '/work/eauten2s/ec_criteria_struct/lct/evaluate_parse_1/eval_n_shot/eval_1_shot/model_output/1_shot_v_19/output/Llama-3-70B-Instruct_NCT03928392_1_shot.txt' gespeichert.
File: NCT03928405 

Das File: /work/eauten2s/ec_criteria_struct/lct/input/dataset/test/input/NCT03928405.txt wurde erfolgreich geladen.
Die Daten wurden erfolgreich in '/work/eauten2s/ec_criteria_struct/lct/evaluate_parse_1/eval_n_shot/eval_1_shot/model_output/1_shot_v_19/output/Llama-3-70B-Instruct_NCT03928405_1_shot.txt' gespeichert.
File: NCT03928431 

Das File: /work/eauten2s/ec_criteria_struct/lct/input/dataset/test/input/NCT03928431.txt wurde erfolgreich geladen.
Die Daten wurden erfolgreich in '/work/eauten2s/ec_criteria_struct/lct/evaluate_parse_1/eval_n_shot/eval_1_shot/model_output/1_shot_v_19/output/Llama-3-70B-Instruct_NCT03928431_1_shot.txt' gespeichert.
File: NCT03928522 

Das File: /work/eauten2s/ec_criteria_struct/lct/input/dataset/test/input/NCT03928522.txt wurde erfolgreich geladen.
Die Daten wurden erfolgreich in '/work/eauten2s/ec_criteria_struct/lct/evaluate_parse_1/eval_n_shot/eval_1_shot/model_output/1_shot_v_19/output/Llama-3-70B-Instruct_NCT03928522_1_shot.txt' gespeichert.
File: NCT03928639 

Das File: /work/eauten2s/ec_criteria_struct/lct/input/dataset/test/input/NCT03928639.txt wurde erfolgreich geladen.
Die Daten wurden erfolgreich in '/work/eauten2s/ec_criteria_struct/lct/evaluate_parse_1/eval_n_shot/eval_1_shot/model_output/1_shot_v_19/output/Llama-3-70B-Instruct_NCT03928639_1_shot.txt' gespeichert.
File: NCT03928769 

Das File: /work/eauten2s/ec_criteria_struct/lct/input/dataset/test/input/NCT03928769.txt wurde erfolgreich geladen.
Die Daten wurden erfolgreich in '/work/eauten2s/ec_criteria_struct/lct/evaluate_parse_1/eval_n_shot/eval_1_shot/model_output/1_shot_v_19/output/Llama-3-70B-Instruct_NCT03928769_1_shot.txt' gespeichert.
File: NCT03928795 

Das File: /work/eauten2s/ec_criteria_struct/lct/input/dataset/test/input/NCT03928795.txt wurde erfolgreich geladen.
Die Daten wurden erfolgreich in '/work/eauten2s/ec_criteria_struct/lct/evaluate_parse_1/eval_n_shot/eval_1_shot/model_output/1_shot_v_19/output/Llama-3-70B-Instruct_NCT03928795_1_shot.txt' gespeichert.
File: NCT03928834 

Das File: /work/eauten2s/ec_criteria_struct/lct/input/dataset/test/input/NCT03928834.txt wurde erfolgreich geladen.
Die Daten wurden erfolgreich in '/work/eauten2s/ec_criteria_struct/lct/evaluate_parse_1/eval_n_shot/eval_1_shot/model_output/1_shot_v_19/output/Llama-3-70B-Instruct_NCT03928834_1_shot.txt' gespeichert.
File: NCT03929055 

Das File: /work/eauten2s/ec_criteria_struct/lct/input/dataset/test/input/NCT03929055.txt wurde erfolgreich geladen.
Die Daten wurden erfolgreich in '/work/eauten2s/ec_criteria_struct/lct/evaluate_parse_1/eval_n_shot/eval_1_shot/model_output/1_shot_v_19/output/Llama-3-70B-Instruct_NCT03929055_1_shot.txt' gespeichert.
File: NCT03929198 

Das File: /work/eauten2s/ec_criteria_struct/lct/input/dataset/test/input/NCT03929198.txt wurde erfolgreich geladen.
Die Daten wurden erfolgreich in '/work/eauten2s/ec_criteria_struct/lct/evaluate_parse_1/eval_n_shot/eval_1_shot/model_output/1_shot_v_19/output/Llama-3-70B-Instruct_NCT03929198_1_shot.txt' gespeichert.
File: NCT03929276 

Das File: /work/eauten2s/ec_criteria_struct/lct/input/dataset/test/input/NCT03929276.txt wurde erfolgreich geladen.
Die Daten wurden erfolgreich in '/work/eauten2s/ec_criteria_struct/lct/evaluate_parse_1/eval_n_shot/eval_1_shot/model_output/1_shot_v_19/output/Llama-3-70B-Instruct_NCT03929276_1_shot.txt' gespeichert.
File: NCT03929380 

Das File: /work/eauten2s/ec_criteria_struct/lct/input/dataset/test/input/NCT03929380.txt wurde erfolgreich geladen.
Die Daten wurden erfolgreich in '/work/eauten2s/ec_criteria_struct/lct/evaluate_parse_1/eval_n_shot/eval_1_shot/model_output/1_shot_v_19/output/Llama-3-70B-Instruct_NCT03929380_1_shot.txt' gespeichert.
File: NCT03929406 

Das File: /work/eauten2s/ec_criteria_struct/lct/input/dataset/test/input/NCT03929406.txt wurde erfolgreich geladen.
Die Daten wurden erfolgreich in '/work/eauten2s/ec_criteria_struct/lct/evaluate_parse_1/eval_n_shot/eval_1_shot/model_output/1_shot_v_19/output/Llama-3-70B-Instruct_NCT03929406_1_shot.txt' gespeichert.
File: NCT03929536 

Das File: /work/eauten2s/ec_criteria_struct/lct/input/dataset/test/input/NCT03929536.txt wurde erfolgreich geladen.
Die Daten wurden erfolgreich in '/work/eauten2s/ec_criteria_struct/lct/evaluate_parse_1/eval_n_shot/eval_1_shot/model_output/1_shot_v_19/output/Llama-3-70B-Instruct_NCT03929536_1_shot.txt' gespeichert.
File: NCT03929614 

Das File: /work/eauten2s/ec_criteria_struct/lct/input/dataset/test/input/NCT03929614.txt wurde erfolgreich geladen.
Die Daten wurden erfolgreich in '/work/eauten2s/ec_criteria_struct/lct/evaluate_parse_1/eval_n_shot/eval_1_shot/model_output/1_shot_v_19/output/Llama-3-70B-Instruct_NCT03929614_1_shot.txt' gespeichert.
File: NCT03929822 

Das File: /work/eauten2s/ec_criteria_struct/lct/input/dataset/test/input/NCT03929822.txt wurde erfolgreich geladen.
Die Daten wurden erfolgreich in '/work/eauten2s/ec_criteria_struct/lct/evaluate_parse_1/eval_n_shot/eval_1_shot/model_output/1_shot_v_19/output/Llama-3-70B-Instruct_NCT03929822_1_shot.txt' gespeichert.
File: NCT03929887 

Das File: /work/eauten2s/ec_criteria_struct/lct/input/dataset/test/input/NCT03929887.txt wurde erfolgreich geladen.
Die Daten wurden erfolgreich in '/work/eauten2s/ec_criteria_struct/lct/evaluate_parse_1/eval_n_shot/eval_1_shot/model_output/1_shot_v_19/output/Llama-3-70B-Instruct_NCT03929887_1_shot.txt' gespeichert.
File: NCT03929900 

Das File: /work/eauten2s/ec_criteria_struct/lct/input/dataset/test/input/NCT03929900.txt wurde erfolgreich geladen.
Die Daten wurden erfolgreich in '/work/eauten2s/ec_criteria_struct/lct/evaluate_parse_1/eval_n_shot/eval_1_shot/model_output/1_shot_v_19/output/Llama-3-70B-Instruct_NCT03929900_1_shot.txt' gespeichert.
File: NCT03930901 

Das File: /work/eauten2s/ec_criteria_struct/lct/input/dataset/test/input/NCT03930901.txt wurde erfolgreich geladen.
Die Daten wurden erfolgreich in '/work/eauten2s/ec_criteria_struct/lct/evaluate_parse_1/eval_n_shot/eval_1_shot/model_output/1_shot_v_19/output/Llama-3-70B-Instruct_NCT03930901_1_shot.txt' gespeichert.
File: NCT03934346 

Das File: /work/eauten2s/ec_criteria_struct/lct/input/dataset/test/input/NCT03934346.txt wurde erfolgreich geladen.
Die Daten wurden erfolgreich in '/work/eauten2s/ec_criteria_struct/lct/evaluate_parse_1/eval_n_shot/eval_1_shot/model_output/1_shot_v_19/output/Llama-3-70B-Instruct_NCT03934346_1_shot.txt' gespeichert.
NCT Number: NCT03924180
File: NCT03860194 

Das File: /work/eauten2s/ec_criteria_struct/lct/input/dataset/test/input/NCT03860194.txt wurde erfolgreich geladen.
Die Daten wurden erfolgreich in '/work/eauten2s/ec_criteria_struct/lct/evaluate_parse_1/eval_n_shot/eval_1_shot/model_output/1_shot_v_20/output/Llama-3-70B-Instruct_NCT03860194_1_shot.txt' gespeichert.
File: NCT03860415 

Das File: /work/eauten2s/ec_criteria_struct/lct/input/dataset/test/input/NCT03860415.txt wurde erfolgreich geladen.
Die Daten wurden erfolgreich in '/work/eauten2s/ec_criteria_struct/lct/evaluate_parse_1/eval_n_shot/eval_1_shot/model_output/1_shot_v_20/output/Llama-3-70B-Instruct_NCT03860415_1_shot.txt' gespeichert.
File: NCT03860454 

Das File: /work/eauten2s/ec_criteria_struct/lct/input/dataset/test/input/NCT03860454.txt wurde erfolgreich geladen.
Die Daten wurden erfolgreich in '/work/eauten2s/ec_criteria_struct/lct/evaluate_parse_1/eval_n_shot/eval_1_shot/model_output/1_shot_v_20/output/Llama-3-70B-Instruct_NCT03860454_1_shot.txt' gespeichert.
File: NCT03860584 

Das File: /work/eauten2s/ec_criteria_struct/lct/input/dataset/test/input/NCT03860584.txt wurde erfolgreich geladen.
Die Daten wurden erfolgreich in '/work/eauten2s/ec_criteria_struct/lct/evaluate_parse_1/eval_n_shot/eval_1_shot/model_output/1_shot_v_20/output/Llama-3-70B-Instruct_NCT03860584_1_shot.txt' gespeichert.
File: NCT03860766 

Das File: /work/eauten2s/ec_criteria_struct/lct/input/dataset/test/input/NCT03860766.txt wurde erfolgreich geladen.
Die Daten wurden erfolgreich in '/work/eauten2s/ec_criteria_struct/lct/evaluate_parse_1/eval_n_shot/eval_1_shot/model_output/1_shot_v_20/output/Llama-3-70B-Instruct_NCT03860766_1_shot.txt' gespeichert.
File: NCT03860896 

Das File: /work/eauten2s/ec_criteria_struct/lct/input/dataset/test/input/NCT03860896.txt wurde erfolgreich geladen.
Die Daten wurden erfolgreich in '/work/eauten2s/ec_criteria_struct/lct/evaluate_parse_1/eval_n_shot/eval_1_shot/model_output/1_shot_v_20/output/Llama-3-70B-Instruct_NCT03860896_1_shot.txt' gespeichert.
File: NCT03861182 

Das File: /work/eauten2s/ec_criteria_struct/lct/input/dataset/test/input/NCT03861182.txt wurde erfolgreich geladen.
Die Daten wurden erfolgreich in '/work/eauten2s/ec_criteria_struct/lct/evaluate_parse_1/eval_n_shot/eval_1_shot/model_output/1_shot_v_20/output/Llama-3-70B-Instruct_NCT03861182_1_shot.txt' gespeichert.
File: NCT03861195 

Das File: /work/eauten2s/ec_criteria_struct/lct/input/dataset/test/input/NCT03861195.txt wurde erfolgreich geladen.
Die Daten wurden erfolgreich in '/work/eauten2s/ec_criteria_struct/lct/evaluate_parse_1/eval_n_shot/eval_1_shot/model_output/1_shot_v_20/output/Llama-3-70B-Instruct_NCT03861195_1_shot.txt' gespeichert.
File: NCT03861299 

Das File: /work/eauten2s/ec_criteria_struct/lct/input/dataset/test/input/NCT03861299.txt wurde erfolgreich geladen.
Die Daten wurden erfolgreich in '/work/eauten2s/ec_criteria_struct/lct/evaluate_parse_1/eval_n_shot/eval_1_shot/model_output/1_shot_v_20/output/Llama-3-70B-Instruct_NCT03861299_1_shot.txt' gespeichert.
File: NCT03861312 

Das File: /work/eauten2s/ec_criteria_struct/lct/input/dataset/test/input/NCT03861312.txt wurde erfolgreich geladen.
Die Daten wurden erfolgreich in '/work/eauten2s/ec_criteria_struct/lct/evaluate_parse_1/eval_n_shot/eval_1_shot/model_output/1_shot_v_20/output/Llama-3-70B-Instruct_NCT03861312_1_shot.txt' gespeichert.
File: NCT03861429 

Das File: /work/eauten2s/ec_criteria_struct/lct/input/dataset/test/input/NCT03861429.txt wurde erfolgreich geladen.
Die Daten wurden erfolgreich in '/work/eauten2s/ec_criteria_struct/lct/evaluate_parse_1/eval_n_shot/eval_1_shot/model_output/1_shot_v_20/output/Llama-3-70B-Instruct_NCT03861429_1_shot.txt' gespeichert.
File: NCT03861494 

Das File: /work/eauten2s/ec_criteria_struct/lct/input/dataset/test/input/NCT03861494.txt wurde erfolgreich geladen.
Die Daten wurden erfolgreich in '/work/eauten2s/ec_criteria_struct/lct/evaluate_parse_1/eval_n_shot/eval_1_shot/model_output/1_shot_v_20/output/Llama-3-70B-Instruct_NCT03861494_1_shot.txt' gespeichert.
File: NCT03861507 

Das File: /work/eauten2s/ec_criteria_struct/lct/input/dataset/test/input/NCT03861507.txt wurde erfolgreich geladen.
Die Daten wurden erfolgreich in '/work/eauten2s/ec_criteria_struct/lct/evaluate_parse_1/eval_n_shot/eval_1_shot/model_output/1_shot_v_20/output/Llama-3-70B-Instruct_NCT03861507_1_shot.txt' gespeichert.
File: NCT03861546 

Das File: /work/eauten2s/ec_criteria_struct/lct/input/dataset/test/input/NCT03861546.txt wurde erfolgreich geladen.
Die Daten wurden erfolgreich in '/work/eauten2s/ec_criteria_struct/lct/evaluate_parse_1/eval_n_shot/eval_1_shot/model_output/1_shot_v_20/output/Llama-3-70B-Instruct_NCT03861546_1_shot.txt' gespeichert.
File: NCT03861572 

Das File: /work/eauten2s/ec_criteria_struct/lct/input/dataset/test/input/NCT03861572.txt wurde erfolgreich geladen.
Die Daten wurden erfolgreich in '/work/eauten2s/ec_criteria_struct/lct/evaluate_parse_1/eval_n_shot/eval_1_shot/model_output/1_shot_v_20/output/Llama-3-70B-Instruct_NCT03861572_1_shot.txt' gespeichert.
File: NCT03861624 

Das File: /work/eauten2s/ec_criteria_struct/lct/input/dataset/test/input/NCT03861624.txt wurde erfolgreich geladen.
Die Daten wurden erfolgreich in '/work/eauten2s/ec_criteria_struct/lct/evaluate_parse_1/eval_n_shot/eval_1_shot/model_output/1_shot_v_20/output/Llama-3-70B-Instruct_NCT03861624_1_shot.txt' gespeichert.
File: NCT03861650 

Das File: /work/eauten2s/ec_criteria_struct/lct/input/dataset/test/input/NCT03861650.txt wurde erfolgreich geladen.
Die Daten wurden erfolgreich in '/work/eauten2s/ec_criteria_struct/lct/evaluate_parse_1/eval_n_shot/eval_1_shot/model_output/1_shot_v_20/output/Llama-3-70B-Instruct_NCT03861650_1_shot.txt' gespeichert.
File: NCT03861845 

Das File: /work/eauten2s/ec_criteria_struct/lct/input/dataset/test/input/NCT03861845.txt wurde erfolgreich geladen.
Die Daten wurden erfolgreich in '/work/eauten2s/ec_criteria_struct/lct/evaluate_parse_1/eval_n_shot/eval_1_shot/model_output/1_shot_v_20/output/Llama-3-70B-Instruct_NCT03861845_1_shot.txt' gespeichert.
File: NCT03861884 

Das File: /work/eauten2s/ec_criteria_struct/lct/input/dataset/test/input/NCT03861884.txt wurde erfolgreich geladen.
Die Daten wurden erfolgreich in '/work/eauten2s/ec_criteria_struct/lct/evaluate_parse_1/eval_n_shot/eval_1_shot/model_output/1_shot_v_20/output/Llama-3-70B-Instruct_NCT03861884_1_shot.txt' gespeichert.
File: NCT03862014 

Das File: /work/eauten2s/ec_criteria_struct/lct/input/dataset/test/input/NCT03862014.txt wurde erfolgreich geladen.
Die Daten wurden erfolgreich in '/work/eauten2s/ec_criteria_struct/lct/evaluate_parse_1/eval_n_shot/eval_1_shot/model_output/1_shot_v_20/output/Llama-3-70B-Instruct_NCT03862014_1_shot.txt' gespeichert.
File: NCT03862105 

Das File: /work/eauten2s/ec_criteria_struct/lct/input/dataset/test/input/NCT03862105.txt wurde erfolgreich geladen.
Die Daten wurden erfolgreich in '/work/eauten2s/ec_criteria_struct/lct/evaluate_parse_1/eval_n_shot/eval_1_shot/model_output/1_shot_v_20/output/Llama-3-70B-Instruct_NCT03862105_1_shot.txt' gespeichert.
File: NCT03862248 

Das File: /work/eauten2s/ec_criteria_struct/lct/input/dataset/test/input/NCT03862248.txt wurde erfolgreich geladen.
Die Daten wurden erfolgreich in '/work/eauten2s/ec_criteria_struct/lct/evaluate_parse_1/eval_n_shot/eval_1_shot/model_output/1_shot_v_20/output/Llama-3-70B-Instruct_NCT03862248_1_shot.txt' gespeichert.
File: NCT03862287 

Das File: /work/eauten2s/ec_criteria_struct/lct/input/dataset/test/input/NCT03862287.txt wurde erfolgreich geladen.
Die Daten wurden erfolgreich in '/work/eauten2s/ec_criteria_struct/lct/evaluate_parse_1/eval_n_shot/eval_1_shot/model_output/1_shot_v_20/output/Llama-3-70B-Instruct_NCT03862287_1_shot.txt' gespeichert.
File: NCT03862482 

Das File: /work/eauten2s/ec_criteria_struct/lct/input/dataset/test/input/NCT03862482.txt wurde erfolgreich geladen.
Die Daten wurden erfolgreich in '/work/eauten2s/ec_criteria_struct/lct/evaluate_parse_1/eval_n_shot/eval_1_shot/model_output/1_shot_v_20/output/Llama-3-70B-Instruct_NCT03862482_1_shot.txt' gespeichert.
File: NCT03862755 

Das File: /work/eauten2s/ec_criteria_struct/lct/input/dataset/test/input/NCT03862755.txt wurde erfolgreich geladen.
Die Daten wurden erfolgreich in '/work/eauten2s/ec_criteria_struct/lct/evaluate_parse_1/eval_n_shot/eval_1_shot/model_output/1_shot_v_20/output/Llama-3-70B-Instruct_NCT03862755_1_shot.txt' gespeichert.
File: NCT03862781 

Das File: /work/eauten2s/ec_criteria_struct/lct/input/dataset/test/input/NCT03862781.txt wurde erfolgreich geladen.
Die Daten wurden erfolgreich in '/work/eauten2s/ec_criteria_struct/lct/evaluate_parse_1/eval_n_shot/eval_1_shot/model_output/1_shot_v_20/output/Llama-3-70B-Instruct_NCT03862781_1_shot.txt' gespeichert.
File: NCT03862820 

Das File: /work/eauten2s/ec_criteria_struct/lct/input/dataset/test/input/NCT03862820.txt wurde erfolgreich geladen.
Die Daten wurden erfolgreich in '/work/eauten2s/ec_criteria_struct/lct/evaluate_parse_1/eval_n_shot/eval_1_shot/model_output/1_shot_v_20/output/Llama-3-70B-Instruct_NCT03862820_1_shot.txt' gespeichert.
File: NCT03863275 

Das File: /work/eauten2s/ec_criteria_struct/lct/input/dataset/test/input/NCT03863275.txt wurde erfolgreich geladen.
Die Daten wurden erfolgreich in '/work/eauten2s/ec_criteria_struct/lct/evaluate_parse_1/eval_n_shot/eval_1_shot/model_output/1_shot_v_20/output/Llama-3-70B-Instruct_NCT03863275_1_shot.txt' gespeichert.
File: NCT03863444 

Das File: /work/eauten2s/ec_criteria_struct/lct/input/dataset/test/input/NCT03863444.txt wurde erfolgreich geladen.
Die Daten wurden erfolgreich in '/work/eauten2s/ec_criteria_struct/lct/evaluate_parse_1/eval_n_shot/eval_1_shot/model_output/1_shot_v_20/output/Llama-3-70B-Instruct_NCT03863444_1_shot.txt' gespeichert.
File: NCT03863535 

Das File: /work/eauten2s/ec_criteria_struct/lct/input/dataset/test/input/NCT03863535.txt wurde erfolgreich geladen.
Die Daten wurden erfolgreich in '/work/eauten2s/ec_criteria_struct/lct/evaluate_parse_1/eval_n_shot/eval_1_shot/model_output/1_shot_v_20/output/Llama-3-70B-Instruct_NCT03863535_1_shot.txt' gespeichert.
File: NCT03863717 

Das File: /work/eauten2s/ec_criteria_struct/lct/input/dataset/test/input/NCT03863717.txt wurde erfolgreich geladen.
Die Daten wurden erfolgreich in '/work/eauten2s/ec_criteria_struct/lct/evaluate_parse_1/eval_n_shot/eval_1_shot/model_output/1_shot_v_20/output/Llama-3-70B-Instruct_NCT03863717_1_shot.txt' gespeichert.
File: NCT03863951 

Das File: /work/eauten2s/ec_criteria_struct/lct/input/dataset/test/input/NCT03863951.txt wurde erfolgreich geladen.
Die Daten wurden erfolgreich in '/work/eauten2s/ec_criteria_struct/lct/evaluate_parse_1/eval_n_shot/eval_1_shot/model_output/1_shot_v_20/output/Llama-3-70B-Instruct_NCT03863951_1_shot.txt' gespeichert.
File: NCT03863977 

Das File: /work/eauten2s/ec_criteria_struct/lct/input/dataset/test/input/NCT03863977.txt wurde erfolgreich geladen.
Die Daten wurden erfolgreich in '/work/eauten2s/ec_criteria_struct/lct/evaluate_parse_1/eval_n_shot/eval_1_shot/model_output/1_shot_v_20/output/Llama-3-70B-Instruct_NCT03863977_1_shot.txt' gespeichert.
File: NCT03864133 

Das File: /work/eauten2s/ec_criteria_struct/lct/input/dataset/test/input/NCT03864133.txt wurde erfolgreich geladen.
Die Daten wurden erfolgreich in '/work/eauten2s/ec_criteria_struct/lct/evaluate_parse_1/eval_n_shot/eval_1_shot/model_output/1_shot_v_20/output/Llama-3-70B-Instruct_NCT03864133_1_shot.txt' gespeichert.
File: NCT03864159 

Das File: /work/eauten2s/ec_criteria_struct/lct/input/dataset/test/input/NCT03864159.txt wurde erfolgreich geladen.
Die Daten wurden erfolgreich in '/work/eauten2s/ec_criteria_struct/lct/evaluate_parse_1/eval_n_shot/eval_1_shot/model_output/1_shot_v_20/output/Llama-3-70B-Instruct_NCT03864159_1_shot.txt' gespeichert.
File: NCT03864172 

Das File: /work/eauten2s/ec_criteria_struct/lct/input/dataset/test/input/NCT03864172.txt wurde erfolgreich geladen.
Die Daten wurden erfolgreich in '/work/eauten2s/ec_criteria_struct/lct/evaluate_parse_1/eval_n_shot/eval_1_shot/model_output/1_shot_v_20/output/Llama-3-70B-Instruct_NCT03864172_1_shot.txt' gespeichert.
File: NCT03864263 

Das File: /work/eauten2s/ec_criteria_struct/lct/input/dataset/test/input/NCT03864263.txt wurde erfolgreich geladen.
Die Daten wurden erfolgreich in '/work/eauten2s/ec_criteria_struct/lct/evaluate_parse_1/eval_n_shot/eval_1_shot/model_output/1_shot_v_20/output/Llama-3-70B-Instruct_NCT03864263_1_shot.txt' gespeichert.
File: NCT03864289 

Das File: /work/eauten2s/ec_criteria_struct/lct/input/dataset/test/input/NCT03864289.txt wurde erfolgreich geladen.
Die Daten wurden erfolgreich in '/work/eauten2s/ec_criteria_struct/lct/evaluate_parse_1/eval_n_shot/eval_1_shot/model_output/1_shot_v_20/output/Llama-3-70B-Instruct_NCT03864289_1_shot.txt' gespeichert.
File: NCT03864341 

Das File: /work/eauten2s/ec_criteria_struct/lct/input/dataset/test/input/NCT03864341.txt wurde erfolgreich geladen.
Die Daten wurden erfolgreich in '/work/eauten2s/ec_criteria_struct/lct/evaluate_parse_1/eval_n_shot/eval_1_shot/model_output/1_shot_v_20/output/Llama-3-70B-Instruct_NCT03864341_1_shot.txt' gespeichert.
File: NCT03864380 

Das File: /work/eauten2s/ec_criteria_struct/lct/input/dataset/test/input/NCT03864380.txt wurde erfolgreich geladen.
Die Daten wurden erfolgreich in '/work/eauten2s/ec_criteria_struct/lct/evaluate_parse_1/eval_n_shot/eval_1_shot/model_output/1_shot_v_20/output/Llama-3-70B-Instruct_NCT03864380_1_shot.txt' gespeichert.
File: NCT03864705 

Das File: /work/eauten2s/ec_criteria_struct/lct/input/dataset/test/input/NCT03864705.txt wurde erfolgreich geladen.
Die Daten wurden erfolgreich in '/work/eauten2s/ec_criteria_struct/lct/evaluate_parse_1/eval_n_shot/eval_1_shot/model_output/1_shot_v_20/output/Llama-3-70B-Instruct_NCT03864705_1_shot.txt' gespeichert.
File: NCT03864731 

Das File: /work/eauten2s/ec_criteria_struct/lct/input/dataset/test/input/NCT03864731.txt wurde erfolgreich geladen.
Die Daten wurden erfolgreich in '/work/eauten2s/ec_criteria_struct/lct/evaluate_parse_1/eval_n_shot/eval_1_shot/model_output/1_shot_v_20/output/Llama-3-70B-Instruct_NCT03864731_1_shot.txt' gespeichert.
File: NCT03864835 

Das File: /work/eauten2s/ec_criteria_struct/lct/input/dataset/test/input/NCT03864835.txt wurde erfolgreich geladen.
Die Daten wurden erfolgreich in '/work/eauten2s/ec_criteria_struct/lct/evaluate_parse_1/eval_n_shot/eval_1_shot/model_output/1_shot_v_20/output/Llama-3-70B-Instruct_NCT03864835_1_shot.txt' gespeichert.
File: NCT03864887 

Das File: /work/eauten2s/ec_criteria_struct/lct/input/dataset/test/input/NCT03864887.txt wurde erfolgreich geladen.
Die Daten wurden erfolgreich in '/work/eauten2s/ec_criteria_struct/lct/evaluate_parse_1/eval_n_shot/eval_1_shot/model_output/1_shot_v_20/output/Llama-3-70B-Instruct_NCT03864887_1_shot.txt' gespeichert.
File: NCT03864913 

Das File: /work/eauten2s/ec_criteria_struct/lct/input/dataset/test/input/NCT03864913.txt wurde erfolgreich geladen.
Die Daten wurden erfolgreich in '/work/eauten2s/ec_criteria_struct/lct/evaluate_parse_1/eval_n_shot/eval_1_shot/model_output/1_shot_v_20/output/Llama-3-70B-Instruct_NCT03864913_1_shot.txt' gespeichert.
File: NCT03865043 

Das File: /work/eauten2s/ec_criteria_struct/lct/input/dataset/test/input/NCT03865043.txt wurde erfolgreich geladen.
Die Daten wurden erfolgreich in '/work/eauten2s/ec_criteria_struct/lct/evaluate_parse_1/eval_n_shot/eval_1_shot/model_output/1_shot_v_20/output/Llama-3-70B-Instruct_NCT03865043_1_shot.txt' gespeichert.
File: NCT03865108 

Das File: /work/eauten2s/ec_criteria_struct/lct/input/dataset/test/input/NCT03865108.txt wurde erfolgreich geladen.
Die Daten wurden erfolgreich in '/work/eauten2s/ec_criteria_struct/lct/evaluate_parse_1/eval_n_shot/eval_1_shot/model_output/1_shot_v_20/output/Llama-3-70B-Instruct_NCT03865108_1_shot.txt' gespeichert.
File: NCT03865121 

Das File: /work/eauten2s/ec_criteria_struct/lct/input/dataset/test/input/NCT03865121.txt wurde erfolgreich geladen.
Die Daten wurden erfolgreich in '/work/eauten2s/ec_criteria_struct/lct/evaluate_parse_1/eval_n_shot/eval_1_shot/model_output/1_shot_v_20/output/Llama-3-70B-Instruct_NCT03865121_1_shot.txt' gespeichert.
File: NCT03865134 

Das File: /work/eauten2s/ec_criteria_struct/lct/input/dataset/test/input/NCT03865134.txt wurde erfolgreich geladen.
Die Daten wurden erfolgreich in '/work/eauten2s/ec_criteria_struct/lct/evaluate_parse_1/eval_n_shot/eval_1_shot/model_output/1_shot_v_20/output/Llama-3-70B-Instruct_NCT03865134_1_shot.txt' gespeichert.
File: NCT03865199 

Das File: /work/eauten2s/ec_criteria_struct/lct/input/dataset/test/input/NCT03865199.txt wurde erfolgreich geladen.
Die Daten wurden erfolgreich in '/work/eauten2s/ec_criteria_struct/lct/evaluate_parse_1/eval_n_shot/eval_1_shot/model_output/1_shot_v_20/output/Llama-3-70B-Instruct_NCT03865199_1_shot.txt' gespeichert.
File: NCT03865420 

Das File: /work/eauten2s/ec_criteria_struct/lct/input/dataset/test/input/NCT03865420.txt wurde erfolgreich geladen.
Die Daten wurden erfolgreich in '/work/eauten2s/ec_criteria_struct/lct/evaluate_parse_1/eval_n_shot/eval_1_shot/model_output/1_shot_v_20/output/Llama-3-70B-Instruct_NCT03865420_1_shot.txt' gespeichert.
File: NCT03865524 

Das File: /work/eauten2s/ec_criteria_struct/lct/input/dataset/test/input/NCT03865524.txt wurde erfolgreich geladen.
Die Daten wurden erfolgreich in '/work/eauten2s/ec_criteria_struct/lct/evaluate_parse_1/eval_n_shot/eval_1_shot/model_output/1_shot_v_20/output/Llama-3-70B-Instruct_NCT03865524_1_shot.txt' gespeichert.
File: NCT03865602 

Das File: /work/eauten2s/ec_criteria_struct/lct/input/dataset/test/input/NCT03865602.txt wurde erfolgreich geladen.
Die Daten wurden erfolgreich in '/work/eauten2s/ec_criteria_struct/lct/evaluate_parse_1/eval_n_shot/eval_1_shot/model_output/1_shot_v_20/output/Llama-3-70B-Instruct_NCT03865602_1_shot.txt' gespeichert.
File: NCT03865693 

Das File: /work/eauten2s/ec_criteria_struct/lct/input/dataset/test/input/NCT03865693.txt wurde erfolgreich geladen.
Die Daten wurden erfolgreich in '/work/eauten2s/ec_criteria_struct/lct/evaluate_parse_1/eval_n_shot/eval_1_shot/model_output/1_shot_v_20/output/Llama-3-70B-Instruct_NCT03865693_1_shot.txt' gespeichert.
File: NCT03865758 

Das File: /work/eauten2s/ec_criteria_struct/lct/input/dataset/test/input/NCT03865758.txt wurde erfolgreich geladen.
Die Daten wurden erfolgreich in '/work/eauten2s/ec_criteria_struct/lct/evaluate_parse_1/eval_n_shot/eval_1_shot/model_output/1_shot_v_20/output/Llama-3-70B-Instruct_NCT03865758_1_shot.txt' gespeichert.
File: NCT03865784 

Das File: /work/eauten2s/ec_criteria_struct/lct/input/dataset/test/input/NCT03865784.txt wurde erfolgreich geladen.
Die Daten wurden erfolgreich in '/work/eauten2s/ec_criteria_struct/lct/evaluate_parse_1/eval_n_shot/eval_1_shot/model_output/1_shot_v_20/output/Llama-3-70B-Instruct_NCT03865784_1_shot.txt' gespeichert.
File: NCT03865810 

Das File: /work/eauten2s/ec_criteria_struct/lct/input/dataset/test/input/NCT03865810.txt wurde erfolgreich geladen.
Die Daten wurden erfolgreich in '/work/eauten2s/ec_criteria_struct/lct/evaluate_parse_1/eval_n_shot/eval_1_shot/model_output/1_shot_v_20/output/Llama-3-70B-Instruct_NCT03865810_1_shot.txt' gespeichert.
File: NCT03865823 

Das File: /work/eauten2s/ec_criteria_struct/lct/input/dataset/test/input/NCT03865823.txt wurde erfolgreich geladen.
Die Daten wurden erfolgreich in '/work/eauten2s/ec_criteria_struct/lct/evaluate_parse_1/eval_n_shot/eval_1_shot/model_output/1_shot_v_20/output/Llama-3-70B-Instruct_NCT03865823_1_shot.txt' gespeichert.
File: NCT03865953 

Das File: /work/eauten2s/ec_criteria_struct/lct/input/dataset/test/input/NCT03865953.txt wurde erfolgreich geladen.
Die Daten wurden erfolgreich in '/work/eauten2s/ec_criteria_struct/lct/evaluate_parse_1/eval_n_shot/eval_1_shot/model_output/1_shot_v_20/output/Llama-3-70B-Instruct_NCT03865953_1_shot.txt' gespeichert.
File: NCT03866018 

Das File: /work/eauten2s/ec_criteria_struct/lct/input/dataset/test/input/NCT03866018.txt wurde erfolgreich geladen.
Die Daten wurden erfolgreich in '/work/eauten2s/ec_criteria_struct/lct/evaluate_parse_1/eval_n_shot/eval_1_shot/model_output/1_shot_v_20/output/Llama-3-70B-Instruct_NCT03866018_1_shot.txt' gespeichert.
File: NCT03866031 

Das File: /work/eauten2s/ec_criteria_struct/lct/input/dataset/test/input/NCT03866031.txt wurde erfolgreich geladen.
Die Daten wurden erfolgreich in '/work/eauten2s/ec_criteria_struct/lct/evaluate_parse_1/eval_n_shot/eval_1_shot/model_output/1_shot_v_20/output/Llama-3-70B-Instruct_NCT03866031_1_shot.txt' gespeichert.
File: NCT03866057 

Das File: /work/eauten2s/ec_criteria_struct/lct/input/dataset/test/input/NCT03866057.txt wurde erfolgreich geladen.
Die Daten wurden erfolgreich in '/work/eauten2s/ec_criteria_struct/lct/evaluate_parse_1/eval_n_shot/eval_1_shot/model_output/1_shot_v_20/output/Llama-3-70B-Instruct_NCT03866057_1_shot.txt' gespeichert.
File: NCT03866083 

Das File: /work/eauten2s/ec_criteria_struct/lct/input/dataset/test/input/NCT03866083.txt wurde erfolgreich geladen.
Die Daten wurden erfolgreich in '/work/eauten2s/ec_criteria_struct/lct/evaluate_parse_1/eval_n_shot/eval_1_shot/model_output/1_shot_v_20/output/Llama-3-70B-Instruct_NCT03866083_1_shot.txt' gespeichert.
File: NCT03866148 

Das File: /work/eauten2s/ec_criteria_struct/lct/input/dataset/test/input/NCT03866148.txt wurde erfolgreich geladen.
Die Daten wurden erfolgreich in '/work/eauten2s/ec_criteria_struct/lct/evaluate_parse_1/eval_n_shot/eval_1_shot/model_output/1_shot_v_20/output/Llama-3-70B-Instruct_NCT03866148_1_shot.txt' gespeichert.
File: NCT03866213 

Das File: /work/eauten2s/ec_criteria_struct/lct/input/dataset/test/input/NCT03866213.txt wurde erfolgreich geladen.
Die Daten wurden erfolgreich in '/work/eauten2s/ec_criteria_struct/lct/evaluate_parse_1/eval_n_shot/eval_1_shot/model_output/1_shot_v_20/output/Llama-3-70B-Instruct_NCT03866213_1_shot.txt' gespeichert.
File: NCT03866252 

Das File: /work/eauten2s/ec_criteria_struct/lct/input/dataset/test/input/NCT03866252.txt wurde erfolgreich geladen.
Die Daten wurden erfolgreich in '/work/eauten2s/ec_criteria_struct/lct/evaluate_parse_1/eval_n_shot/eval_1_shot/model_output/1_shot_v_20/output/Llama-3-70B-Instruct_NCT03866252_1_shot.txt' gespeichert.
File: NCT03866356 

Das File: /work/eauten2s/ec_criteria_struct/lct/input/dataset/test/input/NCT03866356.txt wurde erfolgreich geladen.
Die Daten wurden erfolgreich in '/work/eauten2s/ec_criteria_struct/lct/evaluate_parse_1/eval_n_shot/eval_1_shot/model_output/1_shot_v_20/output/Llama-3-70B-Instruct_NCT03866356_1_shot.txt' gespeichert.
File: NCT03866486 

Das File: /work/eauten2s/ec_criteria_struct/lct/input/dataset/test/input/NCT03866486.txt wurde erfolgreich geladen.
Die Daten wurden erfolgreich in '/work/eauten2s/ec_criteria_struct/lct/evaluate_parse_1/eval_n_shot/eval_1_shot/model_output/1_shot_v_20/output/Llama-3-70B-Instruct_NCT03866486_1_shot.txt' gespeichert.
File: NCT03866499 

Das File: /work/eauten2s/ec_criteria_struct/lct/input/dataset/test/input/NCT03866499.txt wurde erfolgreich geladen.
Die Daten wurden erfolgreich in '/work/eauten2s/ec_criteria_struct/lct/evaluate_parse_1/eval_n_shot/eval_1_shot/model_output/1_shot_v_20/output/Llama-3-70B-Instruct_NCT03866499_1_shot.txt' gespeichert.
File: NCT03866538 

Das File: /work/eauten2s/ec_criteria_struct/lct/input/dataset/test/input/NCT03866538.txt wurde erfolgreich geladen.
Die Daten wurden erfolgreich in '/work/eauten2s/ec_criteria_struct/lct/evaluate_parse_1/eval_n_shot/eval_1_shot/model_output/1_shot_v_20/output/Llama-3-70B-Instruct_NCT03866538_1_shot.txt' gespeichert.
File: NCT03866837 

Das File: /work/eauten2s/ec_criteria_struct/lct/input/dataset/test/input/NCT03866837.txt wurde erfolgreich geladen.
Die Daten wurden erfolgreich in '/work/eauten2s/ec_criteria_struct/lct/evaluate_parse_1/eval_n_shot/eval_1_shot/model_output/1_shot_v_20/output/Llama-3-70B-Instruct_NCT03866837_1_shot.txt' gespeichert.
File: NCT03866850 

Das File: /work/eauten2s/ec_criteria_struct/lct/input/dataset/test/input/NCT03866850.txt wurde erfolgreich geladen.
Die Daten wurden erfolgreich in '/work/eauten2s/ec_criteria_struct/lct/evaluate_parse_1/eval_n_shot/eval_1_shot/model_output/1_shot_v_20/output/Llama-3-70B-Instruct_NCT03866850_1_shot.txt' gespeichert.
File: NCT03866902 

Das File: /work/eauten2s/ec_criteria_struct/lct/input/dataset/test/input/NCT03866902.txt wurde erfolgreich geladen.
Die Daten wurden erfolgreich in '/work/eauten2s/ec_criteria_struct/lct/evaluate_parse_1/eval_n_shot/eval_1_shot/model_output/1_shot_v_20/output/Llama-3-70B-Instruct_NCT03866902_1_shot.txt' gespeichert.
File: NCT03866941 

Das File: /work/eauten2s/ec_criteria_struct/lct/input/dataset/test/input/NCT03866941.txt wurde erfolgreich geladen.
Die Daten wurden erfolgreich in '/work/eauten2s/ec_criteria_struct/lct/evaluate_parse_1/eval_n_shot/eval_1_shot/model_output/1_shot_v_20/output/Llama-3-70B-Instruct_NCT03866941_1_shot.txt' gespeichert.
File: NCT03867188 

Das File: /work/eauten2s/ec_criteria_struct/lct/input/dataset/test/input/NCT03867188.txt wurde erfolgreich geladen.
Die Daten wurden erfolgreich in '/work/eauten2s/ec_criteria_struct/lct/evaluate_parse_1/eval_n_shot/eval_1_shot/model_output/1_shot_v_20/output/Llama-3-70B-Instruct_NCT03867188_1_shot.txt' gespeichert.
File: NCT03867214 

Das File: /work/eauten2s/ec_criteria_struct/lct/input/dataset/test/input/NCT03867214.txt wurde erfolgreich geladen.
Die Daten wurden erfolgreich in '/work/eauten2s/ec_criteria_struct/lct/evaluate_parse_1/eval_n_shot/eval_1_shot/model_output/1_shot_v_20/output/Llama-3-70B-Instruct_NCT03867214_1_shot.txt' gespeichert.
File: NCT03867305 

Das File: /work/eauten2s/ec_criteria_struct/lct/input/dataset/test/input/NCT03867305.txt wurde erfolgreich geladen.
Die Daten wurden erfolgreich in '/work/eauten2s/ec_criteria_struct/lct/evaluate_parse_1/eval_n_shot/eval_1_shot/model_output/1_shot_v_20/output/Llama-3-70B-Instruct_NCT03867305_1_shot.txt' gespeichert.
File: NCT03867461 

Das File: /work/eauten2s/ec_criteria_struct/lct/input/dataset/test/input/NCT03867461.txt wurde erfolgreich geladen.
Die Daten wurden erfolgreich in '/work/eauten2s/ec_criteria_struct/lct/evaluate_parse_1/eval_n_shot/eval_1_shot/model_output/1_shot_v_20/output/Llama-3-70B-Instruct_NCT03867461_1_shot.txt' gespeichert.
File: NCT03867526 

Das File: /work/eauten2s/ec_criteria_struct/lct/input/dataset/test/input/NCT03867526.txt wurde erfolgreich geladen.
Die Daten wurden erfolgreich in '/work/eauten2s/ec_criteria_struct/lct/evaluate_parse_1/eval_n_shot/eval_1_shot/model_output/1_shot_v_20/output/Llama-3-70B-Instruct_NCT03867526_1_shot.txt' gespeichert.
File: NCT03867539 

Das File: /work/eauten2s/ec_criteria_struct/lct/input/dataset/test/input/NCT03867539.txt wurde erfolgreich geladen.
Die Daten wurden erfolgreich in '/work/eauten2s/ec_criteria_struct/lct/evaluate_parse_1/eval_n_shot/eval_1_shot/model_output/1_shot_v_20/output/Llama-3-70B-Instruct_NCT03867539_1_shot.txt' gespeichert.
File: NCT03867643 

Das File: /work/eauten2s/ec_criteria_struct/lct/input/dataset/test/input/NCT03867643.txt wurde erfolgreich geladen.
Die Daten wurden erfolgreich in '/work/eauten2s/ec_criteria_struct/lct/evaluate_parse_1/eval_n_shot/eval_1_shot/model_output/1_shot_v_20/output/Llama-3-70B-Instruct_NCT03867643_1_shot.txt' gespeichert.
File: NCT03867734 

Das File: /work/eauten2s/ec_criteria_struct/lct/input/dataset/test/input/NCT03867734.txt wurde erfolgreich geladen.
Die Daten wurden erfolgreich in '/work/eauten2s/ec_criteria_struct/lct/evaluate_parse_1/eval_n_shot/eval_1_shot/model_output/1_shot_v_20/output/Llama-3-70B-Instruct_NCT03867734_1_shot.txt' gespeichert.
File: NCT03867929 

Das File: /work/eauten2s/ec_criteria_struct/lct/input/dataset/test/input/NCT03867929.txt wurde erfolgreich geladen.
Die Daten wurden erfolgreich in '/work/eauten2s/ec_criteria_struct/lct/evaluate_parse_1/eval_n_shot/eval_1_shot/model_output/1_shot_v_20/output/Llama-3-70B-Instruct_NCT03867929_1_shot.txt' gespeichert.
File: NCT03868189 

Das File: /work/eauten2s/ec_criteria_struct/lct/input/dataset/test/input/NCT03868189.txt wurde erfolgreich geladen.
Die Daten wurden erfolgreich in '/work/eauten2s/ec_criteria_struct/lct/evaluate_parse_1/eval_n_shot/eval_1_shot/model_output/1_shot_v_20/output/Llama-3-70B-Instruct_NCT03868189_1_shot.txt' gespeichert.
File: NCT03868254 

Das File: /work/eauten2s/ec_criteria_struct/lct/input/dataset/test/input/NCT03868254.txt wurde erfolgreich geladen.
Die Daten wurden erfolgreich in '/work/eauten2s/ec_criteria_struct/lct/evaluate_parse_1/eval_n_shot/eval_1_shot/model_output/1_shot_v_20/output/Llama-3-70B-Instruct_NCT03868254_1_shot.txt' gespeichert.
File: NCT03868332 

Das File: /work/eauten2s/ec_criteria_struct/lct/input/dataset/test/input/NCT03868332.txt wurde erfolgreich geladen.
Die Daten wurden erfolgreich in '/work/eauten2s/ec_criteria_struct/lct/evaluate_parse_1/eval_n_shot/eval_1_shot/model_output/1_shot_v_20/output/Llama-3-70B-Instruct_NCT03868332_1_shot.txt' gespeichert.
File: NCT03868345 

Das File: /work/eauten2s/ec_criteria_struct/lct/input/dataset/test/input/NCT03868345.txt wurde erfolgreich geladen.
Die Daten wurden erfolgreich in '/work/eauten2s/ec_criteria_struct/lct/evaluate_parse_1/eval_n_shot/eval_1_shot/model_output/1_shot_v_20/output/Llama-3-70B-Instruct_NCT03868345_1_shot.txt' gespeichert.
File: NCT03868384 

Das File: /work/eauten2s/ec_criteria_struct/lct/input/dataset/test/input/NCT03868384.txt wurde erfolgreich geladen.
Die Daten wurden erfolgreich in '/work/eauten2s/ec_criteria_struct/lct/evaluate_parse_1/eval_n_shot/eval_1_shot/model_output/1_shot_v_20/output/Llama-3-70B-Instruct_NCT03868384_1_shot.txt' gespeichert.
File: NCT03868579 

Das File: /work/eauten2s/ec_criteria_struct/lct/input/dataset/test/input/NCT03868579.txt wurde erfolgreich geladen.
Die Daten wurden erfolgreich in '/work/eauten2s/ec_criteria_struct/lct/evaluate_parse_1/eval_n_shot/eval_1_shot/model_output/1_shot_v_20/output/Llama-3-70B-Instruct_NCT03868579_1_shot.txt' gespeichert.
File: NCT03868644 

Das File: /work/eauten2s/ec_criteria_struct/lct/input/dataset/test/input/NCT03868644.txt wurde erfolgreich geladen.
Die Daten wurden erfolgreich in '/work/eauten2s/ec_criteria_struct/lct/evaluate_parse_1/eval_n_shot/eval_1_shot/model_output/1_shot_v_20/output/Llama-3-70B-Instruct_NCT03868644_1_shot.txt' gespeichert.
File: NCT03868670 

Das File: /work/eauten2s/ec_criteria_struct/lct/input/dataset/test/input/NCT03868670.txt wurde erfolgreich geladen.
Die Daten wurden erfolgreich in '/work/eauten2s/ec_criteria_struct/lct/evaluate_parse_1/eval_n_shot/eval_1_shot/model_output/1_shot_v_20/output/Llama-3-70B-Instruct_NCT03868670_1_shot.txt' gespeichert.
File: NCT03868774 

Das File: /work/eauten2s/ec_criteria_struct/lct/input/dataset/test/input/NCT03868774.txt wurde erfolgreich geladen.
Die Daten wurden erfolgreich in '/work/eauten2s/ec_criteria_struct/lct/evaluate_parse_1/eval_n_shot/eval_1_shot/model_output/1_shot_v_20/output/Llama-3-70B-Instruct_NCT03868774_1_shot.txt' gespeichert.
File: NCT03868813 

Das File: /work/eauten2s/ec_criteria_struct/lct/input/dataset/test/input/NCT03868813.txt wurde erfolgreich geladen.
Die Daten wurden erfolgreich in '/work/eauten2s/ec_criteria_struct/lct/evaluate_parse_1/eval_n_shot/eval_1_shot/model_output/1_shot_v_20/output/Llama-3-70B-Instruct_NCT03868813_1_shot.txt' gespeichert.
File: NCT03868956 

Das File: /work/eauten2s/ec_criteria_struct/lct/input/dataset/test/input/NCT03868956.txt wurde erfolgreich geladen.
Die Daten wurden erfolgreich in '/work/eauten2s/ec_criteria_struct/lct/evaluate_parse_1/eval_n_shot/eval_1_shot/model_output/1_shot_v_20/output/Llama-3-70B-Instruct_NCT03868956_1_shot.txt' gespeichert.
File: NCT03868995 

Das File: /work/eauten2s/ec_criteria_struct/lct/input/dataset/test/input/NCT03868995.txt wurde erfolgreich geladen.
Die Daten wurden erfolgreich in '/work/eauten2s/ec_criteria_struct/lct/evaluate_parse_1/eval_n_shot/eval_1_shot/model_output/1_shot_v_20/output/Llama-3-70B-Instruct_NCT03868995_1_shot.txt' gespeichert.
File: NCT03869281 

Das File: /work/eauten2s/ec_criteria_struct/lct/input/dataset/test/input/NCT03869281.txt wurde erfolgreich geladen.
Die Daten wurden erfolgreich in '/work/eauten2s/ec_criteria_struct/lct/evaluate_parse_1/eval_n_shot/eval_1_shot/model_output/1_shot_v_20/output/Llama-3-70B-Instruct_NCT03869281_1_shot.txt' gespeichert.
File: NCT03869294 

Das File: /work/eauten2s/ec_criteria_struct/lct/input/dataset/test/input/NCT03869294.txt wurde erfolgreich geladen.
Die Daten wurden erfolgreich in '/work/eauten2s/ec_criteria_struct/lct/evaluate_parse_1/eval_n_shot/eval_1_shot/model_output/1_shot_v_20/output/Llama-3-70B-Instruct_NCT03869294_1_shot.txt' gespeichert.
File: NCT03869372 

Das File: /work/eauten2s/ec_criteria_struct/lct/input/dataset/test/input/NCT03869372.txt wurde erfolgreich geladen.
Die Daten wurden erfolgreich in '/work/eauten2s/ec_criteria_struct/lct/evaluate_parse_1/eval_n_shot/eval_1_shot/model_output/1_shot_v_20/output/Llama-3-70B-Instruct_NCT03869372_1_shot.txt' gespeichert.
File: NCT03869502 

Das File: /work/eauten2s/ec_criteria_struct/lct/input/dataset/test/input/NCT03869502.txt wurde erfolgreich geladen.
Die Daten wurden erfolgreich in '/work/eauten2s/ec_criteria_struct/lct/evaluate_parse_1/eval_n_shot/eval_1_shot/model_output/1_shot_v_20/output/Llama-3-70B-Instruct_NCT03869502_1_shot.txt' gespeichert.
File: NCT03869528 

Das File: /work/eauten2s/ec_criteria_struct/lct/input/dataset/test/input/NCT03869528.txt wurde erfolgreich geladen.
Die Daten wurden erfolgreich in '/work/eauten2s/ec_criteria_struct/lct/evaluate_parse_1/eval_n_shot/eval_1_shot/model_output/1_shot_v_20/output/Llama-3-70B-Instruct_NCT03869528_1_shot.txt' gespeichert.
File: NCT03869593 

Das File: /work/eauten2s/ec_criteria_struct/lct/input/dataset/test/input/NCT03869593.txt wurde erfolgreich geladen.
Die Daten wurden erfolgreich in '/work/eauten2s/ec_criteria_struct/lct/evaluate_parse_1/eval_n_shot/eval_1_shot/model_output/1_shot_v_20/output/Llama-3-70B-Instruct_NCT03869593_1_shot.txt' gespeichert.
File: NCT03869606 

Das File: /work/eauten2s/ec_criteria_struct/lct/input/dataset/test/input/NCT03869606.txt wurde erfolgreich geladen.
Die Daten wurden erfolgreich in '/work/eauten2s/ec_criteria_struct/lct/evaluate_parse_1/eval_n_shot/eval_1_shot/model_output/1_shot_v_20/output/Llama-3-70B-Instruct_NCT03869606_1_shot.txt' gespeichert.
File: NCT03869905 

Das File: /work/eauten2s/ec_criteria_struct/lct/input/dataset/test/input/NCT03869905.txt wurde erfolgreich geladen.
Die Daten wurden erfolgreich in '/work/eauten2s/ec_criteria_struct/lct/evaluate_parse_1/eval_n_shot/eval_1_shot/model_output/1_shot_v_20/output/Llama-3-70B-Instruct_NCT03869905_1_shot.txt' gespeichert.
File: NCT03869957 

Das File: /work/eauten2s/ec_criteria_struct/lct/input/dataset/test/input/NCT03869957.txt wurde erfolgreich geladen.
Die Daten wurden erfolgreich in '/work/eauten2s/ec_criteria_struct/lct/evaluate_parse_1/eval_n_shot/eval_1_shot/model_output/1_shot_v_20/output/Llama-3-70B-Instruct_NCT03869957_1_shot.txt' gespeichert.
File: NCT03920020 

Das File: /work/eauten2s/ec_criteria_struct/lct/input/dataset/test/input/NCT03920020.txt wurde erfolgreich geladen.
Die Daten wurden erfolgreich in '/work/eauten2s/ec_criteria_struct/lct/evaluate_parse_1/eval_n_shot/eval_1_shot/model_output/1_shot_v_20/output/Llama-3-70B-Instruct_NCT03920020_1_shot.txt' gespeichert.
File: NCT03920098 

Das File: /work/eauten2s/ec_criteria_struct/lct/input/dataset/test/input/NCT03920098.txt wurde erfolgreich geladen.
Die Daten wurden erfolgreich in '/work/eauten2s/ec_criteria_struct/lct/evaluate_parse_1/eval_n_shot/eval_1_shot/model_output/1_shot_v_20/output/Llama-3-70B-Instruct_NCT03920098_1_shot.txt' gespeichert.
File: NCT03920241 

Das File: /work/eauten2s/ec_criteria_struct/lct/input/dataset/test/input/NCT03920241.txt wurde erfolgreich geladen.
Die Daten wurden erfolgreich in '/work/eauten2s/ec_criteria_struct/lct/evaluate_parse_1/eval_n_shot/eval_1_shot/model_output/1_shot_v_20/output/Llama-3-70B-Instruct_NCT03920241_1_shot.txt' gespeichert.
File: NCT03920267 

Das File: /work/eauten2s/ec_criteria_struct/lct/input/dataset/test/input/NCT03920267.txt wurde erfolgreich geladen.
Die Daten wurden erfolgreich in '/work/eauten2s/ec_criteria_struct/lct/evaluate_parse_1/eval_n_shot/eval_1_shot/model_output/1_shot_v_20/output/Llama-3-70B-Instruct_NCT03920267_1_shot.txt' gespeichert.
File: NCT03920293 

Das File: /work/eauten2s/ec_criteria_struct/lct/input/dataset/test/input/NCT03920293.txt wurde erfolgreich geladen.
Die Daten wurden erfolgreich in '/work/eauten2s/ec_criteria_struct/lct/evaluate_parse_1/eval_n_shot/eval_1_shot/model_output/1_shot_v_20/output/Llama-3-70B-Instruct_NCT03920293_1_shot.txt' gespeichert.
File: NCT03920306 

Das File: /work/eauten2s/ec_criteria_struct/lct/input/dataset/test/input/NCT03920306.txt wurde erfolgreich geladen.
Die Daten wurden erfolgreich in '/work/eauten2s/ec_criteria_struct/lct/evaluate_parse_1/eval_n_shot/eval_1_shot/model_output/1_shot_v_20/output/Llama-3-70B-Instruct_NCT03920306_1_shot.txt' gespeichert.
File: NCT03920319 

Das File: /work/eauten2s/ec_criteria_struct/lct/input/dataset/test/input/NCT03920319.txt wurde erfolgreich geladen.
Die Daten wurden erfolgreich in '/work/eauten2s/ec_criteria_struct/lct/evaluate_parse_1/eval_n_shot/eval_1_shot/model_output/1_shot_v_20/output/Llama-3-70B-Instruct_NCT03920319_1_shot.txt' gespeichert.
File: NCT03920345 

Das File: /work/eauten2s/ec_criteria_struct/lct/input/dataset/test/input/NCT03920345.txt wurde erfolgreich geladen.
Die Daten wurden erfolgreich in '/work/eauten2s/ec_criteria_struct/lct/evaluate_parse_1/eval_n_shot/eval_1_shot/model_output/1_shot_v_20/output/Llama-3-70B-Instruct_NCT03920345_1_shot.txt' gespeichert.
File: NCT03920449 

Das File: /work/eauten2s/ec_criteria_struct/lct/input/dataset/test/input/NCT03920449.txt wurde erfolgreich geladen.
Die Daten wurden erfolgreich in '/work/eauten2s/ec_criteria_struct/lct/evaluate_parse_1/eval_n_shot/eval_1_shot/model_output/1_shot_v_20/output/Llama-3-70B-Instruct_NCT03920449_1_shot.txt' gespeichert.
File: NCT03920527 

Das File: /work/eauten2s/ec_criteria_struct/lct/input/dataset/test/input/NCT03920527.txt wurde erfolgreich geladen.
Die Daten wurden erfolgreich in '/work/eauten2s/ec_criteria_struct/lct/evaluate_parse_1/eval_n_shot/eval_1_shot/model_output/1_shot_v_20/output/Llama-3-70B-Instruct_NCT03920527_1_shot.txt' gespeichert.
File: NCT03920540 

Das File: /work/eauten2s/ec_criteria_struct/lct/input/dataset/test/input/NCT03920540.txt wurde erfolgreich geladen.
Die Daten wurden erfolgreich in '/work/eauten2s/ec_criteria_struct/lct/evaluate_parse_1/eval_n_shot/eval_1_shot/model_output/1_shot_v_20/output/Llama-3-70B-Instruct_NCT03920540_1_shot.txt' gespeichert.
File: NCT03920579 

Das File: /work/eauten2s/ec_criteria_struct/lct/input/dataset/test/input/NCT03920579.txt wurde erfolgreich geladen.
Die Daten wurden erfolgreich in '/work/eauten2s/ec_criteria_struct/lct/evaluate_parse_1/eval_n_shot/eval_1_shot/model_output/1_shot_v_20/output/Llama-3-70B-Instruct_NCT03920579_1_shot.txt' gespeichert.
File: NCT03920683 

Das File: /work/eauten2s/ec_criteria_struct/lct/input/dataset/test/input/NCT03920683.txt wurde erfolgreich geladen.
Die Daten wurden erfolgreich in '/work/eauten2s/ec_criteria_struct/lct/evaluate_parse_1/eval_n_shot/eval_1_shot/model_output/1_shot_v_20/output/Llama-3-70B-Instruct_NCT03920683_1_shot.txt' gespeichert.
File: NCT03920774 

Das File: /work/eauten2s/ec_criteria_struct/lct/input/dataset/test/input/NCT03920774.txt wurde erfolgreich geladen.
Die Daten wurden erfolgreich in '/work/eauten2s/ec_criteria_struct/lct/evaluate_parse_1/eval_n_shot/eval_1_shot/model_output/1_shot_v_20/output/Llama-3-70B-Instruct_NCT03920774_1_shot.txt' gespeichert.
File: NCT03920904 

Das File: /work/eauten2s/ec_criteria_struct/lct/input/dataset/test/input/NCT03920904.txt wurde erfolgreich geladen.
Die Daten wurden erfolgreich in '/work/eauten2s/ec_criteria_struct/lct/evaluate_parse_1/eval_n_shot/eval_1_shot/model_output/1_shot_v_20/output/Llama-3-70B-Instruct_NCT03920904_1_shot.txt' gespeichert.
File: NCT03920917 

Das File: /work/eauten2s/ec_criteria_struct/lct/input/dataset/test/input/NCT03920917.txt wurde erfolgreich geladen.
Die Daten wurden erfolgreich in '/work/eauten2s/ec_criteria_struct/lct/evaluate_parse_1/eval_n_shot/eval_1_shot/model_output/1_shot_v_20/output/Llama-3-70B-Instruct_NCT03920917_1_shot.txt' gespeichert.
File: NCT03921437 

Das File: /work/eauten2s/ec_criteria_struct/lct/input/dataset/test/input/NCT03921437.txt wurde erfolgreich geladen.
Die Daten wurden erfolgreich in '/work/eauten2s/ec_criteria_struct/lct/evaluate_parse_1/eval_n_shot/eval_1_shot/model_output/1_shot_v_20/output/Llama-3-70B-Instruct_NCT03921437_1_shot.txt' gespeichert.
File: NCT03921476 

Das File: /work/eauten2s/ec_criteria_struct/lct/input/dataset/test/input/NCT03921476.txt wurde erfolgreich geladen.
Die Daten wurden erfolgreich in '/work/eauten2s/ec_criteria_struct/lct/evaluate_parse_1/eval_n_shot/eval_1_shot/model_output/1_shot_v_20/output/Llama-3-70B-Instruct_NCT03921476_1_shot.txt' gespeichert.
File: NCT03921762 

Das File: /work/eauten2s/ec_criteria_struct/lct/input/dataset/test/input/NCT03921762.txt wurde erfolgreich geladen.
Die Daten wurden erfolgreich in '/work/eauten2s/ec_criteria_struct/lct/evaluate_parse_1/eval_n_shot/eval_1_shot/model_output/1_shot_v_20/output/Llama-3-70B-Instruct_NCT03921762_1_shot.txt' gespeichert.
File: NCT03921775 

Das File: /work/eauten2s/ec_criteria_struct/lct/input/dataset/test/input/NCT03921775.txt wurde erfolgreich geladen.
Die Daten wurden erfolgreich in '/work/eauten2s/ec_criteria_struct/lct/evaluate_parse_1/eval_n_shot/eval_1_shot/model_output/1_shot_v_20/output/Llama-3-70B-Instruct_NCT03921775_1_shot.txt' gespeichert.
File: NCT03921827 

Das File: /work/eauten2s/ec_criteria_struct/lct/input/dataset/test/input/NCT03921827.txt wurde erfolgreich geladen.
Die Daten wurden erfolgreich in '/work/eauten2s/ec_criteria_struct/lct/evaluate_parse_1/eval_n_shot/eval_1_shot/model_output/1_shot_v_20/output/Llama-3-70B-Instruct_NCT03921827_1_shot.txt' gespeichert.
File: NCT03921853 

Das File: /work/eauten2s/ec_criteria_struct/lct/input/dataset/test/input/NCT03921853.txt wurde erfolgreich geladen.
Die Daten wurden erfolgreich in '/work/eauten2s/ec_criteria_struct/lct/evaluate_parse_1/eval_n_shot/eval_1_shot/model_output/1_shot_v_20/output/Llama-3-70B-Instruct_NCT03921853_1_shot.txt' gespeichert.
File: NCT03921892 

Das File: /work/eauten2s/ec_criteria_struct/lct/input/dataset/test/input/NCT03921892.txt wurde erfolgreich geladen.
Die Daten wurden erfolgreich in '/work/eauten2s/ec_criteria_struct/lct/evaluate_parse_1/eval_n_shot/eval_1_shot/model_output/1_shot_v_20/output/Llama-3-70B-Instruct_NCT03921892_1_shot.txt' gespeichert.
File: NCT03921970 

Das File: /work/eauten2s/ec_criteria_struct/lct/input/dataset/test/input/NCT03921970.txt wurde erfolgreich geladen.
Die Daten wurden erfolgreich in '/work/eauten2s/ec_criteria_struct/lct/evaluate_parse_1/eval_n_shot/eval_1_shot/model_output/1_shot_v_20/output/Llama-3-70B-Instruct_NCT03921970_1_shot.txt' gespeichert.
File: NCT03921983 

Das File: /work/eauten2s/ec_criteria_struct/lct/input/dataset/test/input/NCT03921983.txt wurde erfolgreich geladen.
Die Daten wurden erfolgreich in '/work/eauten2s/ec_criteria_struct/lct/evaluate_parse_1/eval_n_shot/eval_1_shot/model_output/1_shot_v_20/output/Llama-3-70B-Instruct_NCT03921983_1_shot.txt' gespeichert.
File: NCT03922152 

Das File: /work/eauten2s/ec_criteria_struct/lct/input/dataset/test/input/NCT03922152.txt wurde erfolgreich geladen.
Die Daten wurden erfolgreich in '/work/eauten2s/ec_criteria_struct/lct/evaluate_parse_1/eval_n_shot/eval_1_shot/model_output/1_shot_v_20/output/Llama-3-70B-Instruct_NCT03922152_1_shot.txt' gespeichert.
File: NCT03922282 

Das File: /work/eauten2s/ec_criteria_struct/lct/input/dataset/test/input/NCT03922282.txt wurde erfolgreich geladen.
Die Daten wurden erfolgreich in '/work/eauten2s/ec_criteria_struct/lct/evaluate_parse_1/eval_n_shot/eval_1_shot/model_output/1_shot_v_20/output/Llama-3-70B-Instruct_NCT03922282_1_shot.txt' gespeichert.
File: NCT03922334 

Das File: /work/eauten2s/ec_criteria_struct/lct/input/dataset/test/input/NCT03922334.txt wurde erfolgreich geladen.
Die Daten wurden erfolgreich in '/work/eauten2s/ec_criteria_struct/lct/evaluate_parse_1/eval_n_shot/eval_1_shot/model_output/1_shot_v_20/output/Llama-3-70B-Instruct_NCT03922334_1_shot.txt' gespeichert.
File: NCT03922438 

Das File: /work/eauten2s/ec_criteria_struct/lct/input/dataset/test/input/NCT03922438.txt wurde erfolgreich geladen.
Die Daten wurden erfolgreich in '/work/eauten2s/ec_criteria_struct/lct/evaluate_parse_1/eval_n_shot/eval_1_shot/model_output/1_shot_v_20/output/Llama-3-70B-Instruct_NCT03922438_1_shot.txt' gespeichert.
File: NCT03922516 

Das File: /work/eauten2s/ec_criteria_struct/lct/input/dataset/test/input/NCT03922516.txt wurde erfolgreich geladen.
Die Daten wurden erfolgreich in '/work/eauten2s/ec_criteria_struct/lct/evaluate_parse_1/eval_n_shot/eval_1_shot/model_output/1_shot_v_20/output/Llama-3-70B-Instruct_NCT03922516_1_shot.txt' gespeichert.
File: NCT03922542 

Das File: /work/eauten2s/ec_criteria_struct/lct/input/dataset/test/input/NCT03922542.txt wurde erfolgreich geladen.
Die Daten wurden erfolgreich in '/work/eauten2s/ec_criteria_struct/lct/evaluate_parse_1/eval_n_shot/eval_1_shot/model_output/1_shot_v_20/output/Llama-3-70B-Instruct_NCT03922542_1_shot.txt' gespeichert.
File: NCT03922958 

Das File: /work/eauten2s/ec_criteria_struct/lct/input/dataset/test/input/NCT03922958.txt wurde erfolgreich geladen.
Die Daten wurden erfolgreich in '/work/eauten2s/ec_criteria_struct/lct/evaluate_parse_1/eval_n_shot/eval_1_shot/model_output/1_shot_v_20/output/Llama-3-70B-Instruct_NCT03922958_1_shot.txt' gespeichert.
File: NCT03923088 

Das File: /work/eauten2s/ec_criteria_struct/lct/input/dataset/test/input/NCT03923088.txt wurde erfolgreich geladen.
Die Daten wurden erfolgreich in '/work/eauten2s/ec_criteria_struct/lct/evaluate_parse_1/eval_n_shot/eval_1_shot/model_output/1_shot_v_20/output/Llama-3-70B-Instruct_NCT03923088_1_shot.txt' gespeichert.
File: NCT03923101 

Das File: /work/eauten2s/ec_criteria_struct/lct/input/dataset/test/input/NCT03923101.txt wurde erfolgreich geladen.
Die Daten wurden erfolgreich in '/work/eauten2s/ec_criteria_struct/lct/evaluate_parse_1/eval_n_shot/eval_1_shot/model_output/1_shot_v_20/output/Llama-3-70B-Instruct_NCT03923101_1_shot.txt' gespeichert.
File: NCT03923309 

Das File: /work/eauten2s/ec_criteria_struct/lct/input/dataset/test/input/NCT03923309.txt wurde erfolgreich geladen.
Die Daten wurden erfolgreich in '/work/eauten2s/ec_criteria_struct/lct/evaluate_parse_1/eval_n_shot/eval_1_shot/model_output/1_shot_v_20/output/Llama-3-70B-Instruct_NCT03923309_1_shot.txt' gespeichert.
File: NCT03923660 

Das File: /work/eauten2s/ec_criteria_struct/lct/input/dataset/test/input/NCT03923660.txt wurde erfolgreich geladen.
Die Daten wurden erfolgreich in '/work/eauten2s/ec_criteria_struct/lct/evaluate_parse_1/eval_n_shot/eval_1_shot/model_output/1_shot_v_20/output/Llama-3-70B-Instruct_NCT03923660_1_shot.txt' gespeichert.
File: NCT03923933 

Das File: /work/eauten2s/ec_criteria_struct/lct/input/dataset/test/input/NCT03923933.txt wurde erfolgreich geladen.
Die Daten wurden erfolgreich in '/work/eauten2s/ec_criteria_struct/lct/evaluate_parse_1/eval_n_shot/eval_1_shot/model_output/1_shot_v_20/output/Llama-3-70B-Instruct_NCT03923933_1_shot.txt' gespeichert.
File: NCT03924115 

Das File: /work/eauten2s/ec_criteria_struct/lct/input/dataset/test/input/NCT03924115.txt wurde erfolgreich geladen.
Die Daten wurden erfolgreich in '/work/eauten2s/ec_criteria_struct/lct/evaluate_parse_1/eval_n_shot/eval_1_shot/model_output/1_shot_v_20/output/Llama-3-70B-Instruct_NCT03924115_1_shot.txt' gespeichert.
File: NCT03924375 

Das File: /work/eauten2s/ec_criteria_struct/lct/input/dataset/test/input/NCT03924375.txt wurde erfolgreich geladen.
Die Daten wurden erfolgreich in '/work/eauten2s/ec_criteria_struct/lct/evaluate_parse_1/eval_n_shot/eval_1_shot/model_output/1_shot_v_20/output/Llama-3-70B-Instruct_NCT03924375_1_shot.txt' gespeichert.
File: NCT03924414 

Das File: /work/eauten2s/ec_criteria_struct/lct/input/dataset/test/input/NCT03924414.txt wurde erfolgreich geladen.
Die Daten wurden erfolgreich in '/work/eauten2s/ec_criteria_struct/lct/evaluate_parse_1/eval_n_shot/eval_1_shot/model_output/1_shot_v_20/output/Llama-3-70B-Instruct_NCT03924414_1_shot.txt' gespeichert.
File: NCT03924440 

Das File: /work/eauten2s/ec_criteria_struct/lct/input/dataset/test/input/NCT03924440.txt wurde erfolgreich geladen.
Die Daten wurden erfolgreich in '/work/eauten2s/ec_criteria_struct/lct/evaluate_parse_1/eval_n_shot/eval_1_shot/model_output/1_shot_v_20/output/Llama-3-70B-Instruct_NCT03924440_1_shot.txt' gespeichert.
File: NCT03924544 

Das File: /work/eauten2s/ec_criteria_struct/lct/input/dataset/test/input/NCT03924544.txt wurde erfolgreich geladen.
Die Daten wurden erfolgreich in '/work/eauten2s/ec_criteria_struct/lct/evaluate_parse_1/eval_n_shot/eval_1_shot/model_output/1_shot_v_20/output/Llama-3-70B-Instruct_NCT03924544_1_shot.txt' gespeichert.
File: NCT03924596 

Das File: /work/eauten2s/ec_criteria_struct/lct/input/dataset/test/input/NCT03924596.txt wurde erfolgreich geladen.
Die Daten wurden erfolgreich in '/work/eauten2s/ec_criteria_struct/lct/evaluate_parse_1/eval_n_shot/eval_1_shot/model_output/1_shot_v_20/output/Llama-3-70B-Instruct_NCT03924596_1_shot.txt' gespeichert.
File: NCT03924726 

Das File: /work/eauten2s/ec_criteria_struct/lct/input/dataset/test/input/NCT03924726.txt wurde erfolgreich geladen.
Die Daten wurden erfolgreich in '/work/eauten2s/ec_criteria_struct/lct/evaluate_parse_1/eval_n_shot/eval_1_shot/model_output/1_shot_v_20/output/Llama-3-70B-Instruct_NCT03924726_1_shot.txt' gespeichert.
File: NCT03924791 

Das File: /work/eauten2s/ec_criteria_struct/lct/input/dataset/test/input/NCT03924791.txt wurde erfolgreich geladen.
Die Daten wurden erfolgreich in '/work/eauten2s/ec_criteria_struct/lct/evaluate_parse_1/eval_n_shot/eval_1_shot/model_output/1_shot_v_20/output/Llama-3-70B-Instruct_NCT03924791_1_shot.txt' gespeichert.
File: NCT03924817 

Das File: /work/eauten2s/ec_criteria_struct/lct/input/dataset/test/input/NCT03924817.txt wurde erfolgreich geladen.
Die Daten wurden erfolgreich in '/work/eauten2s/ec_criteria_struct/lct/evaluate_parse_1/eval_n_shot/eval_1_shot/model_output/1_shot_v_20/output/Llama-3-70B-Instruct_NCT03924817_1_shot.txt' gespeichert.
File: NCT03924908 

Das File: /work/eauten2s/ec_criteria_struct/lct/input/dataset/test/input/NCT03924908.txt wurde erfolgreich geladen.
Die Daten wurden erfolgreich in '/work/eauten2s/ec_criteria_struct/lct/evaluate_parse_1/eval_n_shot/eval_1_shot/model_output/1_shot_v_20/output/Llama-3-70B-Instruct_NCT03924908_1_shot.txt' gespeichert.
File: NCT03924921 

Das File: /work/eauten2s/ec_criteria_struct/lct/input/dataset/test/input/NCT03924921.txt wurde erfolgreich geladen.
Die Daten wurden erfolgreich in '/work/eauten2s/ec_criteria_struct/lct/evaluate_parse_1/eval_n_shot/eval_1_shot/model_output/1_shot_v_20/output/Llama-3-70B-Instruct_NCT03924921_1_shot.txt' gespeichert.
File: NCT03925077 

Das File: /work/eauten2s/ec_criteria_struct/lct/input/dataset/test/input/NCT03925077.txt wurde erfolgreich geladen.
Die Daten wurden erfolgreich in '/work/eauten2s/ec_criteria_struct/lct/evaluate_parse_1/eval_n_shot/eval_1_shot/model_output/1_shot_v_20/output/Llama-3-70B-Instruct_NCT03925077_1_shot.txt' gespeichert.
File: NCT03925142 

Das File: /work/eauten2s/ec_criteria_struct/lct/input/dataset/test/input/NCT03925142.txt wurde erfolgreich geladen.
Die Daten wurden erfolgreich in '/work/eauten2s/ec_criteria_struct/lct/evaluate_parse_1/eval_n_shot/eval_1_shot/model_output/1_shot_v_20/output/Llama-3-70B-Instruct_NCT03925142_1_shot.txt' gespeichert.
File: NCT03925337 

Das File: /work/eauten2s/ec_criteria_struct/lct/input/dataset/test/input/NCT03925337.txt wurde erfolgreich geladen.
Die Daten wurden erfolgreich in '/work/eauten2s/ec_criteria_struct/lct/evaluate_parse_1/eval_n_shot/eval_1_shot/model_output/1_shot_v_20/output/Llama-3-70B-Instruct_NCT03925337_1_shot.txt' gespeichert.
File: NCT03925389 

Das File: /work/eauten2s/ec_criteria_struct/lct/input/dataset/test/input/NCT03925389.txt wurde erfolgreich geladen.
Die Daten wurden erfolgreich in '/work/eauten2s/ec_criteria_struct/lct/evaluate_parse_1/eval_n_shot/eval_1_shot/model_output/1_shot_v_20/output/Llama-3-70B-Instruct_NCT03925389_1_shot.txt' gespeichert.
File: NCT03925454 

Das File: /work/eauten2s/ec_criteria_struct/lct/input/dataset/test/input/NCT03925454.txt wurde erfolgreich geladen.
Die Daten wurden erfolgreich in '/work/eauten2s/ec_criteria_struct/lct/evaluate_parse_1/eval_n_shot/eval_1_shot/model_output/1_shot_v_20/output/Llama-3-70B-Instruct_NCT03925454_1_shot.txt' gespeichert.
File: NCT03925571 

Das File: /work/eauten2s/ec_criteria_struct/lct/input/dataset/test/input/NCT03925571.txt wurde erfolgreich geladen.
Die Daten wurden erfolgreich in '/work/eauten2s/ec_criteria_struct/lct/evaluate_parse_1/eval_n_shot/eval_1_shot/model_output/1_shot_v_20/output/Llama-3-70B-Instruct_NCT03925571_1_shot.txt' gespeichert.
File: NCT03925649 

Das File: /work/eauten2s/ec_criteria_struct/lct/input/dataset/test/input/NCT03925649.txt wurde erfolgreich geladen.
Die Daten wurden erfolgreich in '/work/eauten2s/ec_criteria_struct/lct/evaluate_parse_1/eval_n_shot/eval_1_shot/model_output/1_shot_v_20/output/Llama-3-70B-Instruct_NCT03925649_1_shot.txt' gespeichert.
File: NCT03925675 

Das File: /work/eauten2s/ec_criteria_struct/lct/input/dataset/test/input/NCT03925675.txt wurde erfolgreich geladen.
Die Daten wurden erfolgreich in '/work/eauten2s/ec_criteria_struct/lct/evaluate_parse_1/eval_n_shot/eval_1_shot/model_output/1_shot_v_20/output/Llama-3-70B-Instruct_NCT03925675_1_shot.txt' gespeichert.
File: NCT03925727 

Das File: /work/eauten2s/ec_criteria_struct/lct/input/dataset/test/input/NCT03925727.txt wurde erfolgreich geladen.
Die Daten wurden erfolgreich in '/work/eauten2s/ec_criteria_struct/lct/evaluate_parse_1/eval_n_shot/eval_1_shot/model_output/1_shot_v_20/output/Llama-3-70B-Instruct_NCT03925727_1_shot.txt' gespeichert.
File: NCT03925844 

Das File: /work/eauten2s/ec_criteria_struct/lct/input/dataset/test/input/NCT03925844.txt wurde erfolgreich geladen.
Die Daten wurden erfolgreich in '/work/eauten2s/ec_criteria_struct/lct/evaluate_parse_1/eval_n_shot/eval_1_shot/model_output/1_shot_v_20/output/Llama-3-70B-Instruct_NCT03925844_1_shot.txt' gespeichert.
File: NCT03926130 

Das File: /work/eauten2s/ec_criteria_struct/lct/input/dataset/test/input/NCT03926130.txt wurde erfolgreich geladen.
Die Daten wurden erfolgreich in '/work/eauten2s/ec_criteria_struct/lct/evaluate_parse_1/eval_n_shot/eval_1_shot/model_output/1_shot_v_20/output/Llama-3-70B-Instruct_NCT03926130_1_shot.txt' gespeichert.
File: NCT03926195 

Das File: /work/eauten2s/ec_criteria_struct/lct/input/dataset/test/input/NCT03926195.txt wurde erfolgreich geladen.
Die Daten wurden erfolgreich in '/work/eauten2s/ec_criteria_struct/lct/evaluate_parse_1/eval_n_shot/eval_1_shot/model_output/1_shot_v_20/output/Llama-3-70B-Instruct_NCT03926195_1_shot.txt' gespeichert.
File: NCT03926299 

Das File: /work/eauten2s/ec_criteria_struct/lct/input/dataset/test/input/NCT03926299.txt wurde erfolgreich geladen.
Die Daten wurden erfolgreich in '/work/eauten2s/ec_criteria_struct/lct/evaluate_parse_1/eval_n_shot/eval_1_shot/model_output/1_shot_v_20/output/Llama-3-70B-Instruct_NCT03926299_1_shot.txt' gespeichert.
File: NCT03926312 

Das File: /work/eauten2s/ec_criteria_struct/lct/input/dataset/test/input/NCT03926312.txt wurde erfolgreich geladen.
Die Daten wurden erfolgreich in '/work/eauten2s/ec_criteria_struct/lct/evaluate_parse_1/eval_n_shot/eval_1_shot/model_output/1_shot_v_20/output/Llama-3-70B-Instruct_NCT03926312_1_shot.txt' gespeichert.
File: NCT03926377 

Das File: /work/eauten2s/ec_criteria_struct/lct/input/dataset/test/input/NCT03926377.txt wurde erfolgreich geladen.
Die Daten wurden erfolgreich in '/work/eauten2s/ec_criteria_struct/lct/evaluate_parse_1/eval_n_shot/eval_1_shot/model_output/1_shot_v_20/output/Llama-3-70B-Instruct_NCT03926377_1_shot.txt' gespeichert.
File: NCT03926429 

Das File: /work/eauten2s/ec_criteria_struct/lct/input/dataset/test/input/NCT03926429.txt wurde erfolgreich geladen.
Die Daten wurden erfolgreich in '/work/eauten2s/ec_criteria_struct/lct/evaluate_parse_1/eval_n_shot/eval_1_shot/model_output/1_shot_v_20/output/Llama-3-70B-Instruct_NCT03926429_1_shot.txt' gespeichert.
File: NCT03926494 

Das File: /work/eauten2s/ec_criteria_struct/lct/input/dataset/test/input/NCT03926494.txt wurde erfolgreich geladen.
Die Daten wurden erfolgreich in '/work/eauten2s/ec_criteria_struct/lct/evaluate_parse_1/eval_n_shot/eval_1_shot/model_output/1_shot_v_20/output/Llama-3-70B-Instruct_NCT03926494_1_shot.txt' gespeichert.
File: NCT03926546 

Das File: /work/eauten2s/ec_criteria_struct/lct/input/dataset/test/input/NCT03926546.txt wurde erfolgreich geladen.
Die Daten wurden erfolgreich in '/work/eauten2s/ec_criteria_struct/lct/evaluate_parse_1/eval_n_shot/eval_1_shot/model_output/1_shot_v_20/output/Llama-3-70B-Instruct_NCT03926546_1_shot.txt' gespeichert.
File: NCT03926780 

Das File: /work/eauten2s/ec_criteria_struct/lct/input/dataset/test/input/NCT03926780.txt wurde erfolgreich geladen.
Die Daten wurden erfolgreich in '/work/eauten2s/ec_criteria_struct/lct/evaluate_parse_1/eval_n_shot/eval_1_shot/model_output/1_shot_v_20/output/Llama-3-70B-Instruct_NCT03926780_1_shot.txt' gespeichert.
File: NCT03926871 

Das File: /work/eauten2s/ec_criteria_struct/lct/input/dataset/test/input/NCT03926871.txt wurde erfolgreich geladen.
Die Daten wurden erfolgreich in '/work/eauten2s/ec_criteria_struct/lct/evaluate_parse_1/eval_n_shot/eval_1_shot/model_output/1_shot_v_20/output/Llama-3-70B-Instruct_NCT03926871_1_shot.txt' gespeichert.
File: NCT03926962 

Das File: /work/eauten2s/ec_criteria_struct/lct/input/dataset/test/input/NCT03926962.txt wurde erfolgreich geladen.
Die Daten wurden erfolgreich in '/work/eauten2s/ec_criteria_struct/lct/evaluate_parse_1/eval_n_shot/eval_1_shot/model_output/1_shot_v_20/output/Llama-3-70B-Instruct_NCT03926962_1_shot.txt' gespeichert.
File: NCT03927092 

Das File: /work/eauten2s/ec_criteria_struct/lct/input/dataset/test/input/NCT03927092.txt wurde erfolgreich geladen.
Die Daten wurden erfolgreich in '/work/eauten2s/ec_criteria_struct/lct/evaluate_parse_1/eval_n_shot/eval_1_shot/model_output/1_shot_v_20/output/Llama-3-70B-Instruct_NCT03927092_1_shot.txt' gespeichert.
File: NCT03927664 

Das File: /work/eauten2s/ec_criteria_struct/lct/input/dataset/test/input/NCT03927664.txt wurde erfolgreich geladen.
Die Daten wurden erfolgreich in '/work/eauten2s/ec_criteria_struct/lct/evaluate_parse_1/eval_n_shot/eval_1_shot/model_output/1_shot_v_20/output/Llama-3-70B-Instruct_NCT03927664_1_shot.txt' gespeichert.
File: NCT03927755 

Das File: /work/eauten2s/ec_criteria_struct/lct/input/dataset/test/input/NCT03927755.txt wurde erfolgreich geladen.
Die Daten wurden erfolgreich in '/work/eauten2s/ec_criteria_struct/lct/evaluate_parse_1/eval_n_shot/eval_1_shot/model_output/1_shot_v_20/output/Llama-3-70B-Instruct_NCT03927755_1_shot.txt' gespeichert.
File: NCT03927781 

Das File: /work/eauten2s/ec_criteria_struct/lct/input/dataset/test/input/NCT03927781.txt wurde erfolgreich geladen.
Die Daten wurden erfolgreich in '/work/eauten2s/ec_criteria_struct/lct/evaluate_parse_1/eval_n_shot/eval_1_shot/model_output/1_shot_v_20/output/Llama-3-70B-Instruct_NCT03927781_1_shot.txt' gespeichert.
File: NCT03927885 

Das File: /work/eauten2s/ec_criteria_struct/lct/input/dataset/test/input/NCT03927885.txt wurde erfolgreich geladen.
Die Daten wurden erfolgreich in '/work/eauten2s/ec_criteria_struct/lct/evaluate_parse_1/eval_n_shot/eval_1_shot/model_output/1_shot_v_20/output/Llama-3-70B-Instruct_NCT03927885_1_shot.txt' gespeichert.
File: NCT03928015 

Das File: /work/eauten2s/ec_criteria_struct/lct/input/dataset/test/input/NCT03928015.txt wurde erfolgreich geladen.
Die Daten wurden erfolgreich in '/work/eauten2s/ec_criteria_struct/lct/evaluate_parse_1/eval_n_shot/eval_1_shot/model_output/1_shot_v_20/output/Llama-3-70B-Instruct_NCT03928015_1_shot.txt' gespeichert.
File: NCT03928080 

Das File: /work/eauten2s/ec_criteria_struct/lct/input/dataset/test/input/NCT03928080.txt wurde erfolgreich geladen.
Die Daten wurden erfolgreich in '/work/eauten2s/ec_criteria_struct/lct/evaluate_parse_1/eval_n_shot/eval_1_shot/model_output/1_shot_v_20/output/Llama-3-70B-Instruct_NCT03928080_1_shot.txt' gespeichert.
File: NCT03928197 

Das File: /work/eauten2s/ec_criteria_struct/lct/input/dataset/test/input/NCT03928197.txt wurde erfolgreich geladen.
Die Daten wurden erfolgreich in '/work/eauten2s/ec_criteria_struct/lct/evaluate_parse_1/eval_n_shot/eval_1_shot/model_output/1_shot_v_20/output/Llama-3-70B-Instruct_NCT03928197_1_shot.txt' gespeichert.
File: NCT03928223 

Das File: /work/eauten2s/ec_criteria_struct/lct/input/dataset/test/input/NCT03928223.txt wurde erfolgreich geladen.
Die Daten wurden erfolgreich in '/work/eauten2s/ec_criteria_struct/lct/evaluate_parse_1/eval_n_shot/eval_1_shot/model_output/1_shot_v_20/output/Llama-3-70B-Instruct_NCT03928223_1_shot.txt' gespeichert.
File: NCT03928392 

Das File: /work/eauten2s/ec_criteria_struct/lct/input/dataset/test/input/NCT03928392.txt wurde erfolgreich geladen.
Die Daten wurden erfolgreich in '/work/eauten2s/ec_criteria_struct/lct/evaluate_parse_1/eval_n_shot/eval_1_shot/model_output/1_shot_v_20/output/Llama-3-70B-Instruct_NCT03928392_1_shot.txt' gespeichert.
File: NCT03928405 

Das File: /work/eauten2s/ec_criteria_struct/lct/input/dataset/test/input/NCT03928405.txt wurde erfolgreich geladen.
Die Daten wurden erfolgreich in '/work/eauten2s/ec_criteria_struct/lct/evaluate_parse_1/eval_n_shot/eval_1_shot/model_output/1_shot_v_20/output/Llama-3-70B-Instruct_NCT03928405_1_shot.txt' gespeichert.
File: NCT03928431 

Das File: /work/eauten2s/ec_criteria_struct/lct/input/dataset/test/input/NCT03928431.txt wurde erfolgreich geladen.
Die Daten wurden erfolgreich in '/work/eauten2s/ec_criteria_struct/lct/evaluate_parse_1/eval_n_shot/eval_1_shot/model_output/1_shot_v_20/output/Llama-3-70B-Instruct_NCT03928431_1_shot.txt' gespeichert.
File: NCT03928522 

Das File: /work/eauten2s/ec_criteria_struct/lct/input/dataset/test/input/NCT03928522.txt wurde erfolgreich geladen.
Die Daten wurden erfolgreich in '/work/eauten2s/ec_criteria_struct/lct/evaluate_parse_1/eval_n_shot/eval_1_shot/model_output/1_shot_v_20/output/Llama-3-70B-Instruct_NCT03928522_1_shot.txt' gespeichert.
File: NCT03928639 

Das File: /work/eauten2s/ec_criteria_struct/lct/input/dataset/test/input/NCT03928639.txt wurde erfolgreich geladen.
Die Daten wurden erfolgreich in '/work/eauten2s/ec_criteria_struct/lct/evaluate_parse_1/eval_n_shot/eval_1_shot/model_output/1_shot_v_20/output/Llama-3-70B-Instruct_NCT03928639_1_shot.txt' gespeichert.
File: NCT03928769 

Das File: /work/eauten2s/ec_criteria_struct/lct/input/dataset/test/input/NCT03928769.txt wurde erfolgreich geladen.
Die Daten wurden erfolgreich in '/work/eauten2s/ec_criteria_struct/lct/evaluate_parse_1/eval_n_shot/eval_1_shot/model_output/1_shot_v_20/output/Llama-3-70B-Instruct_NCT03928769_1_shot.txt' gespeichert.
File: NCT03928795 

Das File: /work/eauten2s/ec_criteria_struct/lct/input/dataset/test/input/NCT03928795.txt wurde erfolgreich geladen.
Die Daten wurden erfolgreich in '/work/eauten2s/ec_criteria_struct/lct/evaluate_parse_1/eval_n_shot/eval_1_shot/model_output/1_shot_v_20/output/Llama-3-70B-Instruct_NCT03928795_1_shot.txt' gespeichert.
File: NCT03928834 

Das File: /work/eauten2s/ec_criteria_struct/lct/input/dataset/test/input/NCT03928834.txt wurde erfolgreich geladen.
Die Daten wurden erfolgreich in '/work/eauten2s/ec_criteria_struct/lct/evaluate_parse_1/eval_n_shot/eval_1_shot/model_output/1_shot_v_20/output/Llama-3-70B-Instruct_NCT03928834_1_shot.txt' gespeichert.
File: NCT03929055 

Das File: /work/eauten2s/ec_criteria_struct/lct/input/dataset/test/input/NCT03929055.txt wurde erfolgreich geladen.
Die Daten wurden erfolgreich in '/work/eauten2s/ec_criteria_struct/lct/evaluate_parse_1/eval_n_shot/eval_1_shot/model_output/1_shot_v_20/output/Llama-3-70B-Instruct_NCT03929055_1_shot.txt' gespeichert.
File: NCT03929198 

Das File: /work/eauten2s/ec_criteria_struct/lct/input/dataset/test/input/NCT03929198.txt wurde erfolgreich geladen.
Die Daten wurden erfolgreich in '/work/eauten2s/ec_criteria_struct/lct/evaluate_parse_1/eval_n_shot/eval_1_shot/model_output/1_shot_v_20/output/Llama-3-70B-Instruct_NCT03929198_1_shot.txt' gespeichert.
File: NCT03929276 

Das File: /work/eauten2s/ec_criteria_struct/lct/input/dataset/test/input/NCT03929276.txt wurde erfolgreich geladen.
Die Daten wurden erfolgreich in '/work/eauten2s/ec_criteria_struct/lct/evaluate_parse_1/eval_n_shot/eval_1_shot/model_output/1_shot_v_20/output/Llama-3-70B-Instruct_NCT03929276_1_shot.txt' gespeichert.
File: NCT03929380 

Das File: /work/eauten2s/ec_criteria_struct/lct/input/dataset/test/input/NCT03929380.txt wurde erfolgreich geladen.
Die Daten wurden erfolgreich in '/work/eauten2s/ec_criteria_struct/lct/evaluate_parse_1/eval_n_shot/eval_1_shot/model_output/1_shot_v_20/output/Llama-3-70B-Instruct_NCT03929380_1_shot.txt' gespeichert.
File: NCT03929406 

Das File: /work/eauten2s/ec_criteria_struct/lct/input/dataset/test/input/NCT03929406.txt wurde erfolgreich geladen.
Die Daten wurden erfolgreich in '/work/eauten2s/ec_criteria_struct/lct/evaluate_parse_1/eval_n_shot/eval_1_shot/model_output/1_shot_v_20/output/Llama-3-70B-Instruct_NCT03929406_1_shot.txt' gespeichert.
File: NCT03929536 

Das File: /work/eauten2s/ec_criteria_struct/lct/input/dataset/test/input/NCT03929536.txt wurde erfolgreich geladen.
Die Daten wurden erfolgreich in '/work/eauten2s/ec_criteria_struct/lct/evaluate_parse_1/eval_n_shot/eval_1_shot/model_output/1_shot_v_20/output/Llama-3-70B-Instruct_NCT03929536_1_shot.txt' gespeichert.
File: NCT03929614 

Das File: /work/eauten2s/ec_criteria_struct/lct/input/dataset/test/input/NCT03929614.txt wurde erfolgreich geladen.
Die Daten wurden erfolgreich in '/work/eauten2s/ec_criteria_struct/lct/evaluate_parse_1/eval_n_shot/eval_1_shot/model_output/1_shot_v_20/output/Llama-3-70B-Instruct_NCT03929614_1_shot.txt' gespeichert.
File: NCT03929822 

Das File: /work/eauten2s/ec_criteria_struct/lct/input/dataset/test/input/NCT03929822.txt wurde erfolgreich geladen.
Die Daten wurden erfolgreich in '/work/eauten2s/ec_criteria_struct/lct/evaluate_parse_1/eval_n_shot/eval_1_shot/model_output/1_shot_v_20/output/Llama-3-70B-Instruct_NCT03929822_1_shot.txt' gespeichert.
File: NCT03929887 

Das File: /work/eauten2s/ec_criteria_struct/lct/input/dataset/test/input/NCT03929887.txt wurde erfolgreich geladen.
Die Daten wurden erfolgreich in '/work/eauten2s/ec_criteria_struct/lct/evaluate_parse_1/eval_n_shot/eval_1_shot/model_output/1_shot_v_20/output/Llama-3-70B-Instruct_NCT03929887_1_shot.txt' gespeichert.
File: NCT03929900 

Das File: /work/eauten2s/ec_criteria_struct/lct/input/dataset/test/input/NCT03929900.txt wurde erfolgreich geladen.
Die Daten wurden erfolgreich in '/work/eauten2s/ec_criteria_struct/lct/evaluate_parse_1/eval_n_shot/eval_1_shot/model_output/1_shot_v_20/output/Llama-3-70B-Instruct_NCT03929900_1_shot.txt' gespeichert.
File: NCT03930901 

Das File: /work/eauten2s/ec_criteria_struct/lct/input/dataset/test/input/NCT03930901.txt wurde erfolgreich geladen.
Die Daten wurden erfolgreich in '/work/eauten2s/ec_criteria_struct/lct/evaluate_parse_1/eval_n_shot/eval_1_shot/model_output/1_shot_v_20/output/Llama-3-70B-Instruct_NCT03930901_1_shot.txt' gespeichert.
File: NCT03934346 

Das File: /work/eauten2s/ec_criteria_struct/lct/input/dataset/test/input/NCT03934346.txt wurde erfolgreich geladen.
Die Daten wurden erfolgreich in '/work/eauten2s/ec_criteria_struct/lct/evaluate_parse_1/eval_n_shot/eval_1_shot/model_output/1_shot_v_20/output/Llama-3-70B-Instruct_NCT03934346_1_shot.txt' gespeichert.
